time,seconds_elapsed,imu1_accel_x,imu1_accel_y,imu1_accel_z,imu1_gyro_x,imu1_gyro_y,imu1_gyro_z,imu2_accel_x,imu2_accel_y,imu2_accel_z,imu2_gyro_x,imu2_gyro_y,imu2_gyro_z,imu3_accel_x,imu3_accel_y,imu3_accel_z,imu3_gyro_x,imu3_gyro_y,imu3_gyro_z
1774473257573509000,71.16350903320313,0.1262532210409641,0.0656652621526271,0.082045246002078,0.0729920417070388,0.0422618091106414,-0.1779528707265854,0.056142158460617,-0.0999181718230247,-0.0373135393500328,-0.0824549347162246,0.0520500689744949,0.0890294462442398,-0.1919409142211079,-0.0352250426381826,0.1701771184414625,0.0636299550533294,-0.1800603866577148,-0.0090673677623271
1774473257583537400,71.17353735351563,0.0675192925214767,-0.0178348588328808,0.1622743824928998,0.0712042599916458,0.0331806950271129,-0.1727133691310882,0.0117062198847532,-0.1403343533635139,-0.0269125568449497,-0.0834039598703384,0.0433077961206436,0.0686175301671028,-0.2140600993096828,-0.0261152689874172,0.1434755739986896,0.0640626475214958,-0.175896868109703,-0.0033758291974663
1774473257593565200,71.18356518554687,0.0719862088024616,-0.0540431403547525,0.2318640515476465,0.0661745741963386,0.0308979451656341,-0.1597848683595657,-0.0312868264064192,-0.1913344727605581,-0.006818447843194,-0.0805802121758461,0.0308029241859912,0.0468981228768825,-0.2080243262767791,0.0016775778234004,0.1285457158923149,0.0594580508768558,-0.1586555689573288,3.54135408997e-05
1774473257603593500,71.19359350585937,0.1316392979934811,-0.0392930227294564,0.2103881327986717,0.0548779740929603,0.0372679606080055,-0.1430048197507858,-0.0750152012348175,-0.1902928547531366,0.0134895961701869,-0.0747327730059623,0.0194215923547744,0.0257343091070652,-0.2076569542691111,-0.016906126615405,0.1174570433840155,0.0526205450296402,-0.1289650499820709,0.0069990241900086
1774473257613621200,71.20362133789062,0.1183645136177539,-0.0823782773487269,0.160733582791686,0.0403207428753376,0.0405352897942066,-0.1276323050260543,-0.1027922659546136,-0.1807254004627466,0.0446001892268657,-0.0703223124146461,0.0136822145432233,0.0084051191806793,-0.2203542310178279,-0.0372281991541385,0.0816632609471678,0.040235511958599,-0.1000740081071853,0.0067114029079675
1774473257623649300,71.21364916992188,0.112131464447081,-0.1219309008624404,0.0993354034990072,0.028378065675497,0.0430280119180679,-0.114367626607418,-0.1167290213704109,-0.1810240911483764,0.0195785606950521,-0.0598076954483985,0.0180646646767854,-0.0020676995627582,-0.2140487011328339,-0.0557972905457019,0.0736836603701114,0.0230307318270206,-0.0846341550350189,0.0065772989764809
1774473257633677300,71.22367724609374,0.0956134603664279,-0.1647046783797442,0.044413142222166,0.0144291659817099,0.0433800965547561,-0.1005707904696464,-0.1389846923202276,-0.1330500415742397,-0.0219020352065563,-0.047581922262907,0.0326047278940677,-0.0020895374473184,-0.2014391026675701,-0.0310217457294464,0.1045160210072994,0.0160226244479417,-0.0760435909032821,0.0032259770669043
1774473257643706400,71.23370629882812,0.0937783538937568,-0.2348110647849738,0.0229775554835796,0.0057110418565571,0.0368521511554718,-0.0850227251648902,-0.2064155759058892,-0.0839940419822931,-0.0378600673168897,-0.0348226428031921,0.061274591833353,0.0103606395423412,-0.155509710663557,-0.0127700497239828,0.183609723727405,0.0152753721922636,-0.0779423639178276,-0.0093808695673942
1774473257653734100,71.24373413085938,0.0752034172832965,-0.2978155832957476,-0.0225941091239452,0.0028308448381721,0.0247957408428192,-0.0716027989983558,-0.2465156772345304,-0.018284429231286,-0.0522194320589303,-0.0201568808406591,0.0954120531678199,0.0377190262079238,-0.1596083781540393,2.3380875587e-06,0.2677463890507817,0.0171627551317214,-0.0823874473571777,-0.0174787435680627
1774473257663762400,71.25376245117188,0.0211228675276041,-0.3264094442911446,-0.0327788185298442,0.0027586733922362,0.019622815772891,-0.0536019578576087,-0.2910619443170726,0.0310129779011011,-0.0684878452926874,-0.0078267585486173,0.1317638158798217,0.0633056908845901,-0.1648933328196406,-0.0118728086233139,0.2797019075214862,0.0186976324766874,-0.0865674018859863,-0.0268254484981298
1774473257673790200,71.26379028320312,0.0041068507969379,-0.312720014699921,-0.029054829570651,0.0020213469397276,0.0225013103336095,-0.0337254591286182,-0.2815589335650205,0.0697854838877916,-0.051768765681982,0.0042778416536748,0.1702582091093063,0.0919056460261344,-0.1378597799435257,-0.0431482368528842,0.2199742917895317,0.0111475698649883,-0.0905602797865867,-0.0394347123801708
1774473257683818200,71.273818359375,0.0194315534397959,-0.2580200909368694,-0.0444528897106647,-0.0012327695731073,0.0295429751276969,-0.0142657402902841,-0.2859266272552311,0.0848679022073745,0.0047328737407922,0.016115017235279,0.1962245404720306,0.1136738285422325,-0.1169572771683335,-0.0556307018071413,0.1596823201730847,0.0116720590740442,-0.0949726477265358,-0.0512326434254646
1774473257693846300,71.28384619140625,0.0339715354457497,-0.2108922098632902,-0.0534288078486919,0.0004403494531288,0.0428755916655063,0.0020654369145631,-0.2409469371914863,0.0495452444136142,0.091709730926156,0.0277658142149448,0.1977931410074234,0.1111158579587936,-0.0912616948977112,-0.0692839641064405,0.1479249546229839,0.0102709708735346,-0.0872287079691886,-0.0641593560576438
1774473257703874300,71.29387426757812,0.0438449869453907,-0.1706570109128952,-0.0669248337596654,-0.0026140299160033,0.0487987287342548,0.0177101772278547,-0.1189075344532728,0.0019622399836778,0.1543190395742654,0.037576325237751,0.172915369272232,0.0875440239906311,-0.068727207006514,-0.0830044464230537,0.1676128209114074,0.0145389381796121,-0.0799029543995857,-0.0709919109940528
1774473257713902300,71.30390234375,0.0308344064638018,-0.141685329581052,-0.0620960984289646,-0.0022341147996485,0.0487913191318511,0.0286076329648494,-0.0472585947811603,-0.082798694717884,0.1783954962104559,0.0507877357304096,0.1265058070421219,0.058411706238985,-0.0513493712261319,-0.1190624327540397,0.1886091394498944,0.0188519284129142,-0.0887577012181282,-0.0793238803744316
1774473257723930400,71.31393041992187,0.0090907766893506,-0.1403789962228387,-0.0274777895122766,-0.0051729129627346,0.0507468804717063,0.0389375053346157,-0.0236764975331723,-0.1277116031557321,0.1923649848520755,0.0595512315630912,0.0744642317295074,0.0194354634732007,-0.006012684418261,-0.1486293035000562,0.2274865671157837,0.0215243436396121,-0.1071588918566703,-0.0817371383309364
1774473257733958100,71.32395825195313,0.0020081249520182,-0.1551860316671431,0.0086947631090879,-0.0030871015042066,0.0505057387053966,0.0472274683415889,-0.0338465938918292,-0.1402244632482528,0.1633849740833044,0.0577879473567009,0.0303761269897222,-0.0104622486978769,0.0654942164346575,-0.2312333524286746,0.2141153366282582,0.0262775532901287,-0.113759271800518,-0.0761397033929824
1774473257743986400,71.333986328125,0.0027589433193206,-0.1718882332082837,0.0326268428385257,-0.0029640630818903,0.0434632748365402,0.0608524717390537,-0.0921633199125528,-0.1050678096711635,0.1141612167090177,0.0447873510420322,0.0025682151317596,-0.021553186699748,0.1022001452803611,-0.2479892569184303,0.1875432637840509,0.0219962894916534,-0.1144074723124504,-0.0707069858908653
1774473257754014200,71.34401416015625,-0.0206125799179077,-0.1629087348736822,0.0132645552426576,-0.0018530243542045,0.0346920900046825,0.0712626129388809,-0.1335359253950417,-0.0718196200639009,0.0601660071492195,0.0273308604955673,-0.011983829550445,-0.016650041565299,0.175217158435285,-0.1792202565968036,0.107586514493823,0.0089699691161513,-0.1141044050455093,-0.0649968981742858
1774473257764042500,71.35404248046875,-0.0833738642573356,-0.1570741835013032,-0.016162030249834,-0.0036703655496239,0.0213531162589788,0.0808388069272041,-0.1649333725690841,-0.0353331791877746,-0.0131570032149553,0.0153145249933004,-0.0114879645407199,0.002585376612842,0.1934203391239047,-0.0773550423592328,0.0822898684129118,0.0009905060287564,-0.1092244684696197,-0.0574486032128334
1774473257774070300,71.3640703125,-0.1335559452697634,-0.1344434686940163,-0.0706254418432712,-0.0090079521760344,0.0081561598926782,0.0892557427287101,-0.1500285027734935,-0.0597433978229761,-0.0638508331418037,0.0136961229145526,-0.0027298931963741,0.0191537011414766,0.2304153140440583,-0.0121609779149293,0.1140381748512387,-0.0040695001371204,-0.1114719063043594,-0.0514106824994087
1774473257784098300,71.37409838867187,-0.1589686189457774,-0.1285908702082931,-0.126182493892312,-0.0150962052866816,-0.0007880670018494,0.0931314453482627,-0.1433212602198124,-0.0993465094149112,-0.0785638336271047,0.0160998087376356,0.0042624482885003,0.0400047227740287,0.2696805719837546,0.0102174426317214,0.1387666656553745,-0.0076012844219803,-0.123237133026123,-0.0441300831735134
1774473257794126300,71.38412622070312,-0.1740931228414177,-0.1190052957393228,-0.1809013415515422,-0.0250545144081115,-0.0075422837398946,0.1020904332399368,-0.1569571329928934,-0.1494599091053008,-0.0789654001653194,0.0187424644827842,0.0119808223098516,0.0626671612262725,0.2922469163179397,-0.0184007490873336,0.1061716792598366,-0.0188142582774162,-0.1359843462705612,-0.0310196094214916
1774473257804154400,71.394154296875,-0.1816401772201061,-0.102976755676046,-0.2001034701496362,-0.0296929441392421,-0.025088520720601,0.1090356856584549,-0.157023183966428,-0.1788221971899271,-0.0857657278299331,0.0185785964131355,0.0105136316269636,0.0817988514900207,0.3408817678883671,0.0236778127074241,0.01979687962085,-0.0283945444971323,-0.1542817950248718,-0.0224570874124765
1774473257814182400,71.40418237304688,-0.2150759983539581,-0.1081873299311846,-0.197759537371993,-0.0309983305633068,-0.0443007871508598,0.1116017773747444,-0.143282681775093,-0.2031757172018289,-0.106176647695899,0.0144680077210068,0.0057753352448344,0.0877550095319747,0.3082207305192947,0.0458189173668622,-0.0829728822410106,-0.0390759520232677,-0.1591891944408416,-0.0065178023651242
1774473257824210400,71.41421044921876,-0.2614765150010585,-0.134804484026134,-0.1732476119279861,-0.0329719968140125,-0.0568661168217659,0.1149139553308487,-0.0931377179026603,-0.2385451367467641,-0.1364700791507959,0.0012101447209715,0.0014760281192138,0.0825071185827255,0.2731646147072315,0.1057008468776941,-0.1378571495950221,-0.0434275455772876,-0.1514240503311157,0.0032738167792558
1774473257834238200,71.42423828125,-0.2577098559439182,-0.1458350696716457,-0.1278933894634246,-0.0256212260574102,-0.0633148103952407,0.1165224313735961,-0.0449064786970615,-0.2660696880102157,-0.1637877096652984,-0.0110851377248764,-0.0061845546588301,0.0691002309322357,0.2500423900559544,0.1175567043662071,-0.1078740992635488,-0.0340119414031505,-0.1424491852521896,0.0098696677014231
1774473257844266200,71.43426635742188,-0.2122448665812611,-0.1285850249893963,-0.109884270042181,-0.0207116901874542,-0.0581679865717887,0.1145218759775161,-0.0550039482109248,-0.2762397843688726,-0.1735527323544025,-0.0263264942914247,-0.0198875498026609,0.0531463362276554,0.2343780801951885,0.1422919171720743,-0.0407528661489486,-0.0169633235782384,-0.1397685259580612,0.0112563278526067
1774473257854295300,71.44429541015624,-0.1585828344985842,-0.0893525733407586,-0.0582861847519874,-0.0143119078129529,-0.0535218082368373,0.1042546033859252,-0.081390581485629,-0.2527612936258316,-0.1526695188015699,-0.0387389510869979,-0.0360065996646881,0.0368967950344085,0.1728501370429992,0.1771077944874763,0.0011649521261453,0.003459925763309,-0.1450234651565551,0.0177315380424261
1774473257864323300,71.4543232421875,-0.0834212105304002,-0.0381206910144537,-0.0086848262369632,-0.0008709346875548,-0.0414270609617233,0.0894879102706909,-0.0758978292882442,-0.2248673245280981,-0.1420440798908472,-0.0488489270210266,-0.0521460324525833,0.025373401120305,0.0939031493172049,0.2190589305102825,0.0019037877947092,0.017646949738264,-0.145835593342781,0.023684961721301
1774473257874351400,71.46435131835938,-0.0194733467549085,0.0337311508186161,0.0364314958184957,0.0038465987890958,-0.0287643745541572,0.0766275972127914,-0.0587216535598039,-0.1931049895644188,-0.1401321087896823,-0.0546804517507553,-0.0579163022339344,0.010448514483869,0.0472919125288724,0.195273565775156,-0.0678834496587514,0.0207308903336524,-0.1469778269529342,0.026465568691492
1774473257884379400,71.47437939453125,0.0101335637405514,0.1240381753399968,0.0863753841608762,0.0102397836744785,-0.0127390688285231,0.0569646805524826,-0.0306476517200469,-0.1506634396761655,-0.1464630653768777,-0.0584953613579273,-0.054579846560955,0.0063983188010752,0.0019753917261958,0.1878092212438583,-0.1498918707817793,0.0137895978987216,-0.1407003253698349,0.0263178590685129
1774473257894407200,71.4844072265625,0.0306990896463394,0.2050605811003595,0.1397363874703645,0.0125249670818448,0.0059330957010388,0.0450511761009693,-0.0272305367529392,-0.1026478890478611,-0.1299801326096057,-0.0625276491045951,-0.0433500967919826,0.0009223271044902,-0.0888464504495263,0.2145019978582859,-0.1748176377236843,0.0083165355026721,-0.120648592710495,0.0258225109428167
1774473257904435500,71.494435546875,0.0393172803878784,0.2781801778469234,0.180864516672492,0.0118844769895076,0.0213706418871879,0.0313121937215328,-0.0493897615909576,-0.0563297899872064,-0.1231231063216924,-0.0622621774673461,-0.0277277547866106,-0.0002611457603052,-0.1723860266625881,0.2194055519908666,-0.1291132866472005,0.0105536570772528,-0.0930352658033371,0.0244911015033721
1774473257914463200,71.50446313476563,0.0177259185656905,0.3353629314016551,0.202718621084094,0.0093231974169611,0.0292472578585147,0.0137612326070666,-0.0492233189828693,0.0066208794444799,-0.106501057344675,-0.0626046583056449,-0.0068546966649591,6.88199652358e-05,-0.2264531324148178,0.163590725788474,-0.1051490582138299,0.0109664471819996,-0.066502459347248,0.0227051842957735
1774473257924491500,71.51449145507813,-0.0208759070292115,0.3568391424115747,0.1836696372210979,0.0077362195588648,0.0357501655817031,0.0074082622304558,-0.0548125172920525,0.0733405460208654,-0.0816343271136283,-0.0595559813082218,0.0115781230852007,0.004164820536971,-0.2390998480200767,0.1215139175593852,-0.1044245433315634,0.0078172897920012,-0.0512411519885063,0.016967162489891
1774473257934519300,71.52451928710937,-0.0713318365469574,0.3158937493652105,0.1345019939482212,0.008577961474657,0.0422175005078315,-0.0021320264786481,-0.0629775574386119,0.1012982280045747,-0.0571557194173336,-0.0547260716557502,0.032739870250225,0.0078639518469572,-0.2435153263747692,0.0722305389523506,-0.1118500171571969,0.0073477746918797,-0.0472802333533763,0.0077140089124441
1774473257944547000,71.53454711914063,-0.1076972813919186,0.2507286187544465,0.0805091224759817,0.0091510731726884,0.0424974001944065,-0.0123311346396803,-0.0807468767546117,0.0809358234554529,-0.025895488756895,-0.0484009161591529,0.0533006340265274,0.0122580388560891,-0.256527660422027,0.0154845693796873,-0.0793845023602247,0.0083708921447396,-0.0414623171091079,0.0007466236129403
1774473257954575400,71.54457543945313,-0.0916159151628613,0.1693636101014912,0.066325114300847,0.0104048186913132,0.0439294315874576,-0.0227272994816303,-0.0933212577760219,0.0632458529859781,-0.0167529818803071,-0.0407070443034172,0.0693847984075546,0.0201609693467617,-0.2694762815833091,-0.0418260483384132,-0.0698167558088898,0.0090521285310387,-0.0202560983598232,-0.0073989205993711
1774473257964603100,71.55460302734375,-0.0439855644598603,0.0909664382781833,0.0426572384655475,0.0117443893104791,0.0509692318737506,-0.0295125022530555,-0.1031073232531547,0.0465671053856611,-0.0052642041385173,-0.0339150987565517,0.0761872753500938,0.0242675263434648,-0.3055836600139737,-0.0857879396617412,-0.0379407313376665,0.0163183975964784,-0.0016724688466638,-0.0103560462594032
1774473257974631400,71.56463134765625,-0.0233598327994346,0.040698578678444,0.0374877268731594,0.0163912270218133,0.0562061741948127,-0.0330874994397163,-0.1044990698724985,0.0322866510987281,-0.0003361000865697,-0.0257280096411705,0.0733861625194549,0.0232480689883232,-0.2942322449162602,-0.1288461601436138,-0.0142103116601705,0.0210497695952653,0.010832137428224,-0.0208853874355554
1774473257984659200,71.5746591796875,0.0131949971377849,-0.0151904087387025,0.0622732085615396,0.0238853618502616,0.0645394697785377,-0.0307724140584468,-0.0863650088973343,-0.0003302548676729,-0.0096954645842313,-0.0215257927775383,0.0668619573116302,0.0127472123131155,-0.2657034850463271,-0.1543283919245004,-0.0181797998130321,0.0258602015674114,0.0166067089885473,-0.025758171454072
1774473257994687200,71.58468725585938,0.0274351194143295,-0.0651404345609247,0.0643289720475673,0.0305915940552949,0.0710236057639122,-0.0275363977998495,-0.0776473033040762,-0.0205114576309919,-0.0496200632154941,-0.0203731767833232,0.0561866797506809,-0.0003672583261504,-0.2351671847462653,-0.1611158601075411,-0.024838088658452,0.0261709932237863,0.0217340942472219,-0.0340829454362392
1774473258004715300,71.59471533203126,0.0226829564511775,-0.1038481316830962,0.0663175155162811,0.0319101251661777,0.0786751359701156,-0.0239467229694128,-0.086172555065155,-0.043219548523426,-0.0401969858318567,-0.0235483795404434,0.0437655746936798,-0.0115835387259721,-0.1717988744243979,-0.166123459136486,-0.0259536486849188,0.028501596301794,0.0316735170781612,-0.0400687903165817
1774473258014743300,71.60474340820312,0.0117912678197026,-0.1022768637783825,0.0698784228682518,0.0340598970651626,0.0792064443230629,-0.0223846267908811,-0.0924503201603889,-0.0780523769736289,-0.0699251846194267,-0.0285378098487854,0.0311381965875625,-0.0176760517060756,-0.1309489776417613,-0.1308224286526441,-0.0287386032283306,0.032238807529211,0.0393088012933731,-0.0465314835309982
1774473258024771300,71.61477124023438,0.0125964467227458,-0.0789830088872462,0.0736795687168836,0.0312428083270788,0.0847005471587181,-0.0223127212375402,-0.1232137072145938,-0.0622580109924078,-0.0765273593634367,-0.0292567126452922,0.0227285679429769,-0.0164841525256633,-0.0650064329177141,-0.0926987419635057,0.0163227737694978,0.03745723888278,0.042518962174654,-0.0490144900977611
1774473258034799400,71.62479931640625,0.0230707867249846,-0.0501627917900681,0.0648971273243427,0.0252292454242706,0.0923524647951126,-0.0187999717891216,-0.1648145684950053,-0.0440600910007953,-0.0657809244215488,-0.0268103312700986,0.018747940659523,-0.0094400914385914,0.0573126635447144,0.0604658668786287,-0.0019137246668338,0.0225998684763908,0.0315851457417011,-0.0373759008944034
1774473258044827100,71.6348271484375,0.0505260721445083,-0.0261298089694231,0.0489069465100765,0.0142610156908631,0.0907489731907844,-0.0154055058956146,-0.1978833098821341,-0.0646931291848421,-0.0672428136676549,-0.021051712334156,0.0182039029896259,-0.0019550696015357,0.1074666875064373,0.0796662419110536,0.0056342064946889,0.0165031850337982,0.0221551395952701,-0.0306703709065914
1774473258054856200,71.64485620117188,0.0583212560653686,-0.0066786009810864,0.0247416425466537,0.0028271295595914,0.0895256698131561,-0.0151652889326214,-0.1905960754834115,-0.0841360808014869,-0.0859533593565225,-0.014697141945362,0.0219032987952232,0.0061289556324481,0.1233282735049724,0.0821072053223848,0.017258593314886,0.0107614109292626,0.0199939850717782,-0.0243536196649074
1774473258064884200,71.65488427734375,0.0790831813260912,0.0180750242643058,-0.0041080198407173,-0.0081160655245184,0.0870750248432159,-0.0129889538511633,-0.2028914934329688,-0.1040975033342838,-0.09194470872581,-0.0131650660187006,0.0260106660425663,0.0147983795031905,0.1441676479160785,0.0650426732748746,0.0270399826169013,0.009775280021131,0.0131783336400985,-0.0204210765659809
1774473258074912300,71.66491235351563,0.0982496540889144,0.0228125011149793,-0.0220680394232273,-0.016240594908595,0.0790858939290046,-0.0103258481249213,-0.217178961982578,-0.0985889690458774,-0.0790560010582208,-0.0145099628716707,0.0245142355561256,0.0187707487493753,0.1852162821412086,0.0675888506263494,0.0158034260705113,0.0116839678958058,0.0036519402638077,-0.0139352139085531
1774473258084940300,71.67494018554687,0.1107610528767108,-0.0225772310543805,-0.0314151289612054,-0.020051846280694,0.0687048956751823,-0.0106712598353624,-0.1962358349360525,-0.1032592989444732,-0.0606453150987625,-0.0166058577597141,0.0196382626891136,0.0231148861348629,0.1923649848520755,0.0907446852862834,0.0165323248669505,0.0152418194338679,-0.0008654696866869,-0.011479053646326
1774473258094968300,71.68496826171875,0.1007961237013339,-0.0615001783624291,-0.042076223707199,-0.0184098575264215,0.0593623034656047,-0.0067755184136331,-0.1629290470093488,-0.1010059670597314,-0.068496028599143,-0.0149853229522705,0.0107651427388191,0.0215393602848052,0.1923299135386943,0.0943669674366712,0.0202346865162253,0.0143195670098066,-0.0101852025836706,-0.0095783565193414
1774473258104996000,71.69499609375,0.093500121474266,-0.0996506799932569,-0.0208019650101661,-0.0163147486746311,0.0505469739437103,-0.0084083024412393,-0.154577105988562,-0.097256259137392,-0.0601169073104858,-0.0143138077110052,0.0034644408151507,0.0167442243546247,0.1772945492312312,0.0882598827332258,0.0225052617967128,0.019759401679039,-0.0195334032177925,-0.0054212068207561
1774473258115024400,71.7050244140625,0.0614756284430623,-0.1336477882716804,-0.0038052375018596,-0.0112548992037773,0.0446622185409069,-0.0041449973359704,-0.1243412499397993,-0.0632107816725969,-0.0452741429656744,-0.0141383046284317,-0.0043506054207682,0.0101188123226165,0.1367418818295002,0.0870166046738624,0.0497071569770574,0.0200305115431547,-0.0234479829668998,-0.0020509762689471
1774473258125052200,71.71505224609375,0.0547349220111966,-0.1365065387036651,0.0114987146139144,-0.005640422925353,0.0415897294878959,-0.0009031314402818,-0.0663660308331251,-0.0287386032283306,-0.0108259299188852,-0.0136153530329465,-0.0106058996170759,0.0044005522504448,0.1063704167023301,0.071519175812602,0.0426437944620847,0.0199169591069221,-0.0294552184641361,-0.0021533165127038
1774473258135080400,71.72508056640625,0.0396840678736567,-0.1191227846391499,0.0141799165219068,-0.0065711648203432,0.0430923514068126,0.0023332955315709,-0.0637545331604778,-0.0030476971328258,-0.0209007492095232,-0.0123705919831991,-0.015398790128529,-0.0054022772237658,0.0771931297957897,0.0420890831887722,0.0120344289258122,0.0163738895207643,-0.0337455719709396,0.0027029577177017
1774473258145108200,71.73510815429688,0.0382230554103851,-0.0924103534761816,0.0014957915157079,-0.003417981788516,0.0465430095791816,0.0035698013380169,-0.0444528897106647,0.030112229669094,-0.0055699090868234,-0.010903188958764,-0.0202004685997962,-0.0108196791261434,0.0447623940512537,0.0068073419272899,-0.0296694543376564,0.0128983976319432,-0.0332877971231937,0.0059871445409953
1774473258155136300,71.74513623046874,0.0353773105904459,-0.0591467471040785,-0.0019026187509298,-0.0030009008478373,0.0439859814941883,0.0072267036885023,-0.0372172393687069,0.054176411345601,-0.005665770676732,-0.0054485034197568,-0.0257318541407585,-0.017578249797225,-0.0104021515488624,-0.0317804551422596,-0.0286605695560574,0.0106245903298258,-0.0222535226494073,0.0079120770096778
1774473258165164300,71.75516430664062,0.0341720264539122,-0.0362577466867864,0.0118400753974914,-0.0013774377293884,0.0410956516861915,0.007916996255517,-0.0589687601886689,0.0355956295162439,-0.0273567934811115,-0.0007935639005154,-0.0292869079858064,-0.0267222132533788,-0.021247955211997,-0.0505915385961532,-0.0566042230144143,0.0062462543137371,-0.0060621285811066,0.0112950429320335
1774473258175192300,71.7651923828125,0.0153615275219082,-0.0476241401579231,0.0113718733638525,-0.0009645423851907,0.0364247523248195,0.01165940053761,-0.0665494245760142,0.0458136566698551,-0.0240723649829626,0.0028882562182843,-0.0250037461519241,-0.0276905391365289,-0.0492339865073561,-0.0951332756340503,-0.0725482265993952,0.0068356120027601,0.0087775373831391,0.013839160092175
1774473258185220400,71.77522045898438,0.0134837509512901,-0.0540174213916063,0.0097884035646915,0.0008288304088637,0.0252096466720104,0.0154291056096553,-0.137580524610728,0.0687912121534347,-0.028760230538249,-0.0014404456596821,-0.0198230985552072,-0.020064577460289,-0.0791264359459281,-0.1007446857750415,-0.0928910496652126,0.0011108808685094,0.0183276329189538,0.0123579101637005
1774473258195248400,71.78524829101562,-0.005009352594614,-0.0468014255981892,0.0033534020811319,0.0008536145323887,0.02003257535398,0.0124824717640876,-0.1515733941279351,0.0875794992536306,-0.0651700990468263,0.0007121874950826,-0.0152850737795233,-0.0139646055176854,-0.0778983554556965,-0.0823626413881778,-0.1160325635388493,-0.0017264508642256,0.0305755101144313,0.009091543033719
1774473258205276200,71.79527612304688,0.0038186815053224,-0.0363814461316913,-0.0254547592520713,-0.0001898119226098,0.0194426849484443,0.0080536343157291,-0.1065624321430921,0.0830032773792743,-0.097979897236824,0.0026129519101232,-0.0070800962857902,-0.0081509826704859,-0.1001253848329186,-0.0789110396295785,-0.0800745304509997,-0.0037104035727679,0.0363170057535171,0.0039388816803693
1774473258215304400,71.80530444335938,0.0105026893138885,-0.0264311300035566,-0.0422509957522153,-0.0014121221611276,0.0227880794554948,0.0033283652737736,-0.0729331342637538,0.0655523763626813,-0.133556822052598,0.016176963225007,-0.0005095453234389,-0.0086940014734864,-0.0787377288892865,-0.0989706618398428,-0.0681736647769808,-0.0005529596237465,0.0404315888881683,-0.0004641227424144
1774473258225332200,71.81533227539063,-0.0031719080343842,-0.0234082750510424,-0.0457113653391599,-0.0046462649479508,0.0211755335330963,-0.009108331054449,-0.0276116450250148,0.0570575197398662,-0.1555629021555185,0.0210589095950126,0.0052401130087673,-0.0097340922802686,-0.0864788445353507,-0.0787532187193632,-0.0623188012689352,0.001343008945696,0.0440301820635795,-0.001666756812483
1774473258235360300,71.8253603515625,-0.0292255099624395,-0.0231347918719053,-0.0399228450655937,-0.0067313946783542,0.0175409913063049,-0.016003243625164,-0.065389733146876,0.0853442875474691,-0.1644751074075698,0.0162404533475637,0.0131510328501462,-0.0082445871084928,-0.1143684297189116,-0.0558323618590831,-0.0687353903129696,-0.0002820519730448,0.0491538420319557,-0.0010385173372924
1774473258245388300,71.83538818359375,-0.0464598456189036,-0.0169835757657885,-0.0120861591130495,-0.0115301441401243,0.0204494278877973,-0.0197401903569698,-0.1188799157939851,0.1152326453328132,-0.1793792465507984,0.0007527600973844,0.0242408271878957,0.0048654600977897,-0.0866202988326549,-0.0228548058867454,-0.1091062714070081,-0.0041329083032906,0.0558534860610961,3.8995873183e-05
1774473258255416300,71.84541625976563,-0.0422901587188243,-0.0049465164914727,-0.0067974050551652,-0.0088679315522313,0.0223934855312109,-0.0225432366132736,-0.1920785691261291,0.1138210249692201,-0.1823030250430107,-0.013302338309586,0.0356620587408542,0.0146318050101399,-0.094259123148024,0.0217161572456359,-0.1091024720147252,-0.0051947105675935,0.0630363002419471,-0.0014161551371216
1774473258265445000,71.85544506835937,-0.0414040235340595,-0.0015316665466874,0.0068383215874433,-0.0049751885235309,0.0305819064378738,-0.020925898104906,-0.2126676220379769,0.0630605595469474,-0.1628378615945577,-0.0141499573364853,0.0454823300242424,0.0213103871792554,-0.0716053927913308,0.0199748665362596,-0.0902910962998867,-0.008282383903861,0.065571404993534,-0.001364610157907
1774473258275473400,71.86547338867187,-0.0413517088249325,0.0038886049363762,0.0217535666465759,0.001039769500494,0.032724667340517,-0.0193809196352958,-0.1869843147270381,-0.0138654437452554,-0.0813438197344541,-0.0084795551374554,0.0483183301985263,0.0198395233601331,-0.0652808659449219,-0.031451369318366,-0.0978621160760521,-0.012165006250143,0.0636675134301185,-0.0034938072785735
1774473258285501200,71.87550122070313,-0.0450149075075984,0.0038275954641401,0.0166875154286623,0.0042661889456212,0.0278588067740201,-0.0214991979300975,-0.1535018779724836,-0.0654413172036409,-0.0220680394232273,0.001620378345251,0.0402876771986484,0.0148094715550541,-0.0566845947742462,-0.023303134176135,-0.1014554643929004,-0.0145986368879675,0.0537408292293548,-0.0055456510744988
1774473258295529500,71.88552954101563,-0.0688593089535832,-0.0020375702422112,-0.0049374564021825,0.0093290647491812,0.0285145454108715,-0.016436805948615,-0.1186190729007124,-0.06023965690732,-0.0138017308592796,0.0049187033437192,0.02416836284101,0.0077547580003738,-0.0586602787613868,-0.0008744447469711,-0.1327422907993197,-0.0106843234971165,0.0484406054019928,-0.0065264939330518
1774473258305557200,71.89555712890625,-0.0753273359239101,0.004673544768989,0.0040682723522186,0.0129331201314926,0.0290317311882972,-0.0152013655751943,-0.0880079537987709,-0.0513029017359018,-0.0181985045135021,0.0019086371175944,0.005955162923783,0.0055900136940181,-0.039653672735393,-0.0038104981988668,-0.1408653915002942,-0.0079294834285974,0.0493158027529716,-0.0100329089909791
1774473258315585300,71.90558520507813,-0.0803556854799389,0.0173312932249158,-0.0093593644976615,0.0190360434353351,0.0308844074606895,-0.0148971769958734,-0.0745141198448836,-0.0359036725521087,-0.0520025744378566,-0.004472829401493,0.0019875853322446,0.0010977936908602,0.008390519465506,-0.0061380643635988,-0.1193763210088014,0.0009662733646109,0.0467735491693019,-0.0102054821327328
1774473258325613300,71.91561328125,-0.0655970922872424,0.0323259601958096,-0.0097661917328834,0.0176765006035566,0.0289602726697921,-0.0233045108616352,-0.0603669365487992,-0.0106482352644205,-0.0805552997052669,-0.0137682184576988,4.03535959776e-05,-0.0004530585138127,0.0122699912473559,0.0141717332154512,-0.1067690606310963,0.0032914450857788,0.0350750684738159,-0.0030105640180408
1774473258335641300,71.92564135742188,-0.0675412120923399,0.0573528494246304,-0.005177110376954,0.017103424295783,0.0276217851787805,-0.0298553984612226,-0.1247701428763568,0.0190291101187467,-0.1101893904685974,-0.0198333002626895,-6.19117927271e-05,0.0045294496230781,-0.0144105104073882,-0.008491349491477,-0.1402075121134519,-0.0010055652819573,0.0204164944589138,0.0047320439480245
1774473258345669400,71.93566943359374,-0.0568684269085526,0.0651055093780159,-0.0102086748033761,0.0151787586510181,0.0232914853841066,-0.033171035349369,-0.1359264737933874,0.0316746566802263,-0.0842769505769014,-0.0160262063145637,0.0054319933988153,0.0133129963651299,0.0590393412068486,-0.0141653034746646,-0.1148030217438936,-0.0005644127959385,0.0147106796503067,0.0078072948381304
1774473258355697400,71.94569750976562,-0.0371206471264362,0.0604755114898085,-0.0043774844318628,0.0117270518094301,0.0210408382117748,-0.0345721431076526,-0.1373684892952442,0.0466425087094306,-0.0491126982152462,-0.0050766197964549,0.0119993481785058,0.0235421974211931,0.1221431553736329,-0.0395931747198104,0.0014446458503603,0.0106863770633935,0.0105681326240301,0.0017454077024012
1774473258365725200,71.95572509765626,-0.0407291930124163,0.067136430683732,-0.0099643446534872,0.0104735009372234,0.0175049602985382,-0.0363426133990287,-0.1480887668825685,0.0117395376324653,-0.0377630366832017,0.0032587284222245,0.0175937991589307,0.0333453603088855,0.121814654071629,-0.0952431657493114,0.0334124402582645,0.0106665035709738,0.0024681068025529,0.0187012441456317
1774473258375753500,71.96575341796876,-0.0541620905593037,0.0769865743730217,0.0018190321207046,0.0088080251589417,0.019399207085371,-0.0411285832524299,-0.1436487386085093,-0.0151759418219327,-0.0705845253109931,0.0097808102145791,0.0221416782587766,0.037263136357069,0.0893736891940236,0.0208949039906263,0.0016793313890695,0.0044634686782956,-0.0064217909239232,0.016526773571968
1774473258385781200,71.97578125,-0.0417708110198378,0.0474069902759045,0.0019359364986419,0.0094370637089014,0.0293740760535001,-0.0400995351374149,-0.1491308232814073,-0.0367190805882215,-0.0918698899239301,0.0126995891332626,0.0237027015537023,0.0379572324454784,0.0927788214623928,0.0339081148207187,-0.0483592494994401,-0.0013238467508926,-0.0116935186088085,0.017033040523529
1774473258395809300,71.98580932617188,-0.0174178755298256,0.0199144415859133,0.017159809115529,0.0096390657126903,0.029705224558711,-0.0417709276080131,-0.1292972649119794,-0.0371598100930452,-0.1190109948277473,0.0205002538859844,0.0213351529091596,0.0338058993220329,0.0397276147544383,-0.0090220953673124,-0.0726136930510401,-0.0173179935663938,0.0076255844905972,0.0222568288445472
1774473258405837300,71.99583740234375,-0.0006070259824395,-0.0144911013629287,0.0152203654855489,0.0101794218644499,0.0328821092844009,-0.0388957783579826,-0.1115611172132194,-0.032018355551362,-0.1061105967223644,0.0304734092205762,0.0153538836166262,0.0258119869977235,0.0569701337173581,0.0456897380292415,-0.0259212077200412,-0.0271557439118623,0.0384260937571525,0.02061378210783
1774473258415865000,72.00586499023437,-0.0199395029619336,-0.0163270846184343,-0.0073299044966697,0.0085909450426697,0.0244457945227623,-0.0385427847504615,-0.0994452936142682,-0.0314285729646682,-0.0871656577557325,0.0370548814535141,0.0125437155365943,0.0168576408177614,0.0122097854927182,0.0572644404888153,0.0592401244759559,-0.0320591554045677,0.0568993762135505,0.0265435762703418
1774473258425894400,72.01589428710938,-0.0483139490529894,-0.0145572984669357,-0.0138993460148572,0.0088788326829671,0.0176097247749567,-0.0348452515900135,-0.1033450775317847,-0.0289788417249917,-0.0756160897374153,0.0380518659949302,0.0120538901537656,0.0172465536743402,-0.0017258008792996,0.0243266320049762,0.1218526479944586,-0.0365309976041317,0.0598496831953525,0.0256141796708107
1774473258435922400,72.02592236328125,-0.0683829236134886,-0.0114713882155716,-0.0099842183977365,0.0114819649606943,0.0156396683305501,-0.0321392379701137,-0.1296994159720838,-0.0390770418912172,-0.0630395167589187,0.0345953479409217,0.0183442775160074,0.022619480267167,0.0391024685934185,0.0608428834974765,0.1907978816658258,-0.0397443696856498,0.043271504342556,0.0241188146173954
1774473258445950500,72.03595043945313,-0.0549918193817138,0.0014030717309564,0.0004658639460802,0.0125506911426782,0.0145357884466648,-0.0311328284442424,-0.1520266908533871,-0.0491524457037448,-0.0722439829558134,0.0349217802286148,0.0275659598410129,0.0229726731777191,0.0263429402634501,0.080275313720107,0.2252700601100921,-0.0419113188982009,0.0084225237369537,0.020025972276926
1774473258455978500,72.045978515625,-0.0262108383163809,0.0183221308931708,0.0270119255661964,0.0090010063722729,0.0098040588200092,-0.028984697535634,-0.1489743175454437,-0.0772778854697942,-0.0829798965036869,0.0385420843958854,0.0362305529415607,0.0252816341817379,0.0136593997791409,0.0595978518724441,0.2010539027422666,-0.0410766825079917,-0.0253141336143016,0.0149553138762712
1774473258466006500,72.05600659179687,-0.020794658486545,0.0257394214123487,0.0040168344259262,0.0095687918365001,0.0027576014399528,-0.0244631823152303,-0.130721890887618,-0.096581136354804,-0.0514870261311531,0.0455516651272773,0.0414412133395671,0.0234835743904113,-0.0346077875226736,0.0224345346480608,0.1624640598461031,-0.0373930297791957,-0.042732335627079,0.0111187398433685
1774473258476035300,72.06603540039063,-0.0176224581912159,0.0081362524434924,0.0018459201276302,0.0113508738577365,0.0009128106757998,-0.0224113501608371,-0.1123072594054043,-0.0686146865427494,-0.0234603705644607,0.0503133982419967,0.0410547889769077,0.0206824615597724,-0.0563946719169616,-0.0155400989592075,0.0934977833867073,-0.0364864915609359,-0.0481063276529312,0.0065972246229648
1774473258486063400,72.0760634765625,-0.0038943770900368,-0.0366592401597648,-0.000822422298789,0.0105034559965133,0.0013346555642783,-0.0163103118538856,-0.0600584551215171,-0.0584445901840925,-0.0223965407252311,0.049386341124773,0.037033587694168,0.0172986928373575,-0.0800780375823378,-0.0260685072362422,-0.0050075990289449,-0.0315397046506404,-0.0421852841973304,0.0037457784637808
1774473258496091400,72.08609130859375,0.004421908095479,-0.0566539804402738,-0.0109931031793355,0.007727613672614,0.007141008041799,-0.0118445744737982,-0.03813464647457,-0.0421498734652996,-0.0244563958644866,0.0462027974426746,0.0365331806242466,0.0148440590128302,-0.1298228962212801,-0.0271311680316925,-0.0476058007836341,-0.0304771047085523,-0.0272537432610988,-0.0005821245722472
1774473258506119400,72.09611938476563,0.0058799979493021,-0.0806258807234466,-0.0157394209235906,0.0115540437400341,0.0022860653698444,-0.0101619893684983,-0.0311624693743884,-0.0371790993154048,-0.0355874462097883,0.0378382802009582,0.0328622348606586,0.0075449235737323,-0.1070262502625584,-0.0664846887767314,-0.050254269465804,-0.0263839904218912,-0.0222552120685577,-0.0047785649076104
1774473258516147500,72.1061474609375,-0.0042123569980263,-0.1059316599588841,-0.0295113411664962,0.0085915168747305,0.0013436945155262,-0.0060663884505629,-0.0420791463166475,-0.0465899017393589,-0.0565051465541124,0.028172867372632,0.0278259292244911,0.00044946372509,-0.0888321296632289,-0.0431663570314645,-0.0511705075278878,-0.0188962463289499,-0.0307277925312519,-0.0094793103635311
1774473258526175500,72.11617553710937,-0.044422494572401,-0.0970876245722174,-0.0361216992169618,0.0079542230814695,-0.0079142525792121,-0.0068070134148001,-0.041527942174673,-0.0384182857215404,-0.0446726699411869,0.0215958785265684,0.0189023539423942,-0.0104534411802887,-0.0965150853812694,-0.0362234060257673,-0.0666866410896182,-0.0150611642748117,-0.0411674417555332,-0.0137968743219971
1774473258536203300,72.12620336914063,-0.0574862665459513,-0.0809125156451016,-0.0263853181004524,0.0011667854851111,-0.0110652707517147,-0.0065638106316328,-0.0258678700976073,-0.0316167890131473,-0.0334334830462932,0.0174940768629312,0.0094739655032753,-0.0201691854745149,-0.104274321205914,-0.0124199211120605,-0.1075581651821732,-0.015705382451415,-0.0378459468483924,-0.011270866729319
1774473258546231600,72.1362314453125,-0.0287277895733714,-0.0595065203271806,0.0026414544194936,-0.0029504613485187,-0.0120479762554168,-0.0083723636344075,-0.0275360955707728,-0.0529056607574224,-0.0329518370091915,0.0171916559338569,-0.0060257334262132,-0.0326345078647136,-0.1267220075964927,-0.00635959815979,-0.1296361414775252,-0.0132697559893131,-0.0238896887749433,-0.0067673632875084
1774473258556259300,72.14625927734374,-0.002374035654962,-0.0303124284163117,0.0068114335805177,-0.0070703909732401,-0.0169811211526393,-0.0096994852647185,-0.0358386444918811,-0.0346148017853498,-0.0275894331932067,0.0191751755774021,-0.0182666853070259,-0.0423955284059047,-0.1198991758391261,-0.0086234514385461,-0.1459501474186778,-0.0135704269632697,0.0002883528359234,-0.0051952991634607
1774473258566287600,72.15628759765625,-0.0193336460232734,0.0062409402161836,-0.0005243161350488,-0.0093702971935272,-0.0147270215675234,-0.0109650194644927,-0.0562993948489427,-0.0215805481672286,-0.0113753804951906,0.0239020213484764,-0.024214057251811,-0.0451026298105716,-0.1007490696892142,-0.0283943198353052,-0.1488005684137344,-0.0172528699040412,0.0227337107062339,-0.00725082680583
1774473258576315400,72.1663154296875,-0.0529562219008803,0.021769567933306,-0.0155219787806272,-0.0091150635853409,-0.0191398654133081,-0.0137052712962031,-0.0818273654676973,0.0153033675938844,-0.0194411980509758,0.0324254669249057,-0.0224318709224462,-0.0441644005477428,-0.0551321046352386,-0.0511591093510389,-0.1502826236650347,-0.0165924057364463,0.0375571325421333,-0.0094585865736007
1774473258586343400,72.17634350585938,-0.0685971508860588,0.0297460267052054,-0.0262058698803186,-0.0096309185028076,-0.0199750326573848,-0.0131481382995843,-0.1333393799096345,0.0378647434920072,-0.0823264010310173,0.047874454408884,-0.0158722475171089,-0.04130095615983,-0.0569689646735787,-0.0263373873054981,-0.113356914588809,-0.0152612002566456,0.0372753702104091,-0.0095028188079595
1774473258596371500,72.18637133789062,-0.0795262489184737,0.0300830035746097,-0.0380015216141939,-0.0088316891342401,-0.0226915217936038,-0.0182730667293071,-0.1999197841458022,0.1303127255648374,-0.1284936934441328,0.0612911917269229,0.0034689598251134,-0.0276448018848896,-0.051587856157124,-0.0242956523448228,-0.1118751515984535,-0.0177531205117702,0.0351315252482891,-0.0085179805755615
1774473258606399500,72.1963994140625,-0.1065633089259266,0.0108368166390806,-0.0489309119075536,-0.0027546216733753,-0.02869189158082,-0.0215815119445323,-0.2905878970645368,0.2053875480324029,-0.170789697381854,0.0716385021805763,0.0292614940553903,-0.0077921114861965,0.0057607554838061,-0.070092357879877,-0.0841921949028968,-0.0118155339732766,0.0299114938825368,-0.0167607069015502
1774473258616427500,72.20642749023438,-0.1365755853518843,-0.007095365088433,-0.0495762240737676,-0.0032059429213404,-0.0285564884543418,-0.0234565772116184,-0.3600298282116651,0.2228787810593843,-0.2170563585162162,0.0736662372946739,0.0611035786569118,0.0178069919347763,0.0249646376475691,-0.0671229866802692,-0.0070949266970157,-0.0078325094655156,0.0246962234377861,-0.0193367823958396
1774473258626455600,72.21645556640625,-0.1341135791525244,-0.0137830261588096,-0.0485644166827201,-0.0016575809568166,-0.0235034078359603,-0.0269927214831113,-0.3434707614682614,0.1968342392206191,-0.2056768863677978,0.0706698298454284,0.0913951247930526,0.0384470894932746,0.0416144514143466,-0.0165916538387537,0.0340758726030588,-0.0089681083336472,0.0189535431563854,-0.029599979519844
1774473258636483300,72.2264833984375,-0.1157809268653392,-0.0081060034357011,-0.0325116920262575,0.0021767215803265,-0.0199251323938369,-0.030333325266838,-0.2839338460028171,0.1534931101441383,-0.2012216605246067,0.069038912653923,0.1163263022899627,0.0523535832762718,0.0403010307282209,-0.0522632712006568,0.0315191738575696,-0.009829107671976,0.0098806852474808,-0.030274823307991
1774473258646511600,72.23651171875,-0.1097007301688194,0.0110614191751927,-0.049538230150938,0.0019961593206971,-0.020956041291356,-0.0322761014103889,-0.2265611228339374,0.1055062010884285,-0.1740986757993698,0.0695395097136497,0.131190150976181,0.0678977221250534,0.0212578920841217,-0.0387421108484268,0.0005754618003964,-0.0218091066926717,0.0045032133348286,-0.0278229974210262
1774473258656539400,72.24653930664063,-0.1142658461272716,0.0269780232965946,-0.0579454084903001,0.0032805504743009,-0.026590684428811,-0.0338681414723396,-0.1797257219009101,0.049284547650814,-0.1074210947990417,0.0711110383272171,0.1385383456945419,0.0784947052597999,0.0355734176844358,-0.0410813674509525,-0.0713189770653843,-0.0416121073067188,0.0048592784442007,-0.0275359079241752
1774473258666567700,72.25656762695313,-0.114000180928409,0.0398125165589153,-0.0660281771808862,0.0055325194261968,-0.032803039997816,-0.0351491197943687,-0.1733287143401801,-0.0703396106392145,-0.0675251377403736,0.0715595409274101,0.1409139037132263,0.0789279788732528,0.058538698208332,-0.0739168846040964,-0.0977820365771651,-0.0477041937410831,0.0182131174951791,-0.0233799461275339
1774473258676595500,72.26659545898437,-0.1263958443820476,0.0241832780115306,-0.083707041734457,0.0065712127834558,-0.0388285890221595,-0.0362273566424846,-0.1864272653661668,-0.1336322253763675,-0.0233913969814777,0.0652699545025825,0.1428111344575882,0.0798797979950904,0.0402726814165711,0.0910655878037214,-0.0285316824793815,-0.0514802895486354,0.0071660592220723,-0.0168765056878328
1774473258686624500,72.27662451171875,-0.1272314184233546,0.004573372330144,-0.0860831232160329,0.009167262353003,-0.0381548106670379,-0.0381411053240299,-0.2199706385277211,-0.1417968271315097,0.043875966605544,0.0607755035161972,0.1428109854459762,0.0807433128356933,0.0890448956310749,0.0640244361430406,-0.0294219093173742,-0.0512853115797042,-0.0103942761197686,-0.0186289865523576
1774473258696652300,72.28665234375,-0.1100727783516049,0.0067121379245072,-0.0773871910631656,0.0088022295385599,-0.0407331697642803,-0.0407248437404632,-0.192704445939511,-0.1576870547026395,0.0876332752674818,0.0598300844430923,0.1367136836051941,0.0786774978041648,0.1550958691656589,-0.0201011232644319,-0.0062564300462603,-0.051156148314476,-0.0145429484546184,-0.0218852348625659
1774473258706680600,72.2966806640625,-0.0739820587947964,0.002210442591086,-0.0600491027712821,0.0071481401100754,-0.0436594486236572,-0.0436655059456825,-0.1349725340694189,-0.2007353383123874,0.0873351691037416,0.0705054029822349,0.1280491054058075,0.0672788694500923,0.0928825740978121,-0.0299859729409217,0.024265549467504,-0.0455324500799179,-0.017888456583023,-0.02240552008152
1774473258716708400,72.30670825195313,-0.0594645808815956,-0.0061633449353277,-0.0447299530863761,0.0051034870557487,-0.0477842874825,-0.0415205731987953,-0.0659836073867976,-0.2241957088768482,0.052512862047553,0.0806818753480911,0.1138709634542465,0.0514197461307048,0.087278470480442,-0.0272182617932558,0.0372968804761767,-0.0384598933160305,-0.0237207785248756,-0.0237727854400873
1774473258726736600,72.31673657226563,-0.0285410348296165,-0.0026152970649302,-0.0561696309894323,0.0086311101913452,-0.0482519380748271,-0.0464290454983711,-0.0103495445787906,-0.2883095768690109,0.0097217680692672,0.0864915773272514,0.1036402806639671,0.0326353535056114,0.0752478409469127,-0.0249585001677274,0.0656771717861294,-0.0291039776057004,-0.0185431260615587,-0.0214063264429569
1774473258736764400,72.32676440429688,0.0123921563223004,-0.0202540488038212,-0.0505500375419855,0.006496911868453,-0.046035461127758,-0.0424715764820575,0.0038527299053966,-0.2857774280428886,-0.0287391877502203,0.0744903087615966,0.096240147948265,0.0201166309416294,0.0700759912669658,-0.0427928475439548,0.0862798148319125,-0.0288065019994974,-0.0109379366040229,-0.0198228098452091
1774473258746792400,72.33679248046874,0.0833431768581271,-0.0322770064875483,-0.0565472321301698,0.0056825173087418,-0.0572074241936206,-0.0452553778886795,-0.004268032708019,-0.2976005523055792,-0.0433563266456127,0.0615319013595581,0.0868588984012603,0.0121748177334666,0.0424272291019558,-0.0021785130828619,0.0278831554427742,-0.0315801389515399,0.0014632688835263,-0.014789049513638
1774473258756820500,72.34682055664062,0.1182043546199798,-0.0470644604485481,-0.0699158322691917,0.0060641155578196,-0.0701029896736145,-0.0463922470808029,-0.0326144217483699,-0.3329705563724041,-0.0363455711007118,0.0505964308977127,0.0723681077361106,0.0078881941735744,0.0189665662765502,0.0900111103147268,0.0205266552001237,-0.0356222838163375,0.0251872409135103,-0.0094057349488139
1774473258766848500,72.3568486328125,0.1430208159685135,-0.041910877077654,-0.1163590190142393,0.005698996130377,-0.0883102267980575,-0.0522357560694217,-0.0542198120959103,-0.383954309156537,-0.0612432809919118,0.0525273270905017,0.0631746798753738,-0.0052687115967273,-0.0145279993072152,0.1243792438626289,0.042813013549149,-0.0375290140509605,0.0557828359305858,-0.004656059667468
1774473258776876500,72.36687646484376,0.1614928767263889,-0.0363028279375284,-0.1553705944538116,0.0014159405836835,-0.1079590022563934,-0.055508118122816,-0.0247527484625577,-0.3704085988849401,-0.0346352600514888,0.0597996190190315,0.0581391714513301,-0.0210498049855232,-0.0594175268694758,0.1227513503998517,0.1000271851554513,-0.0381146445870399,0.0803209319710731,-0.0033702859655022
1774473258786904300,72.376904296875,0.1750418018683791,-0.0353556102152913,-0.1653735175520181,0.0004971501184627,-0.1246455684304237,-0.0631300881505012,-0.0050013154186308,-0.3381231168299913,0.0026052140623331,0.0642764270305633,0.0603940971195697,-0.026385748758912,-0.0806008924126625,0.1246235740125179,0.1296685824424028,-0.0388822704553604,0.0972889959812164,-0.003094405401498
1774473258796932400,72.38693237304688,0.1801224661335349,-0.0344528892219066,-0.1553337695747614,0.0004921227227896,-0.1397756785154342,-0.0582310669124126,-0.003267477363348,-0.2675175487309694,-0.0445627798259258,0.0592039115726947,0.0656375885009765,-0.0172015707939863,-0.078429101331532,0.17917115675807,0.1432113701045513,-0.0422993749380111,0.1053626388311386,-0.0055647534318268
1774473258806960400,72.39696044921875,0.1978045455574989,-0.0731462655577808,-0.1256611003667116,0.0044285412877798,-0.1451507359743118,-0.0533257909119129,-0.0569448531456291,-0.2095452522337436,-0.1540080739289522,0.0500198565423488,0.0727454796433448,0.000390330038499,-0.1254620706632733,0.1970242088347673,0.1931491209670901,-0.0440191477537155,0.118197351694107,-0.009129200130701
1774473258816988400,72.40698852539063,0.218824829493463,-0.1305691845439374,-0.1080740057498216,0.0034919073805212,-0.1449653804302215,-0.0483041368424892,-0.0382910060800611,-0.1457803438097238,-0.1840858168065547,0.0295071229338645,0.0915673673152923,0.019182926043868,-0.196286249949038,0.125527829375863,0.2123693697437643,-0.0477670133113861,0.1303413659334182,-0.0127231357619166
1774473258827016400,72.41701635742187,0.2352642153799533,-0.1676077063448727,-0.0776361973881721,0.002751282416284,-0.1432982385158538,-0.0420534312725067,0.0808728412218391,-0.1757557953566312,-0.1493997033506632,0.005719568580389,0.1202451288700103,0.0266801994293928,-0.1872813979774713,0.0868061767935752,0.2133455212995409,-0.0537227354943752,0.1477127522230148,-0.0220473241060972
1774473258837044500,72.42704443359375,0.2712698870018124,-0.218418659845367,-0.0108615857541561,0.0046953684650361,-0.1458622515201568,-0.0335819795727729,0.1849048781044781,-0.2156196037113666,-0.1190460661411285,-0.0162123627960681,0.1416966170072555,0.0184664782136678,-0.21731968562752,0.0848152952373027,0.1999965026438236,-0.0611223317682743,0.1568005234003067,-0.0244540236890316
1774473258847072300,72.437072265625,0.3010541998907923,-0.2802004316281527,0.0492605822533369,0.0002132684458047,-0.1487882733345031,-0.0284865517169237,0.2339274138182401,-0.2658744576990604,-0.0956909095168113,-0.0299661289900541,0.1423201560974121,-0.0061649424023926,-0.2719704364866018,0.0280319162636995,0.2087213686302304,-0.0638197436928749,0.1593045741319656,-0.0211168862879276
1774473258857100500,72.4471005859375,0.3478822943001985,-0.3050221536736935,0.1095703817874193,-0.0066560674458742,-0.1562356203794479,-0.0276856757700443,0.2169447148352861,-0.3239595669209957,-0.0519523055553436,-0.0378192588686943,0.1290933042764663,-0.0358895473182201,-0.2993143704861402,-0.0517822096854448,0.1878629972577095,-0.0715791285037994,0.1648511439561844,-0.0183818228542804
1774473258867128300,72.45712841796875,0.3660778762042522,-0.2812467258106917,0.1505143865942955,-0.0180597230792045,-0.1700385063886642,-0.0191156230866909,0.1438352010913193,-0.4225760084956884,0.0107540337264537,-0.0511736646294593,0.112122043967247,-0.0593733116984367,-0.2705143924593925,-0.0694277564913034,0.1717526971951126,-0.0716449469327926,0.1847416907548904,-0.0277742836624383
1774473258877156600,72.46715649414062,0.3302382087990641,-0.2683035114768892,0.1324842243850231,-0.0285821724683046,-0.1808968633413314,-0.0033498420380055,0.1537918008297681,-0.5659978064805269,0.0416296489834785,-0.0730070620775222,0.1013381108641624,-0.0806658193469047,-0.359483592505753,-0.0411678766906261,0.2127192060947418,-0.0704529136419296,0.2108950018882751,-0.0321895368397235
1774473258887184400,72.47718432617188,0.3051379620730877,-0.20342077800408,0.0673725775271654,-0.0427680350840091,-0.1850442141294479,0.0146075868979096,0.2038508399844169,-0.7075818676441907,0.0466477694064378,-0.101282812654972,0.0934365689754486,-0.0961330011487007,-0.4223088819921016,0.0366927771031856,0.2340463640227913,-0.0760420635342598,0.2400000095367431,-0.0385154373943805
1774473258897212400,72.48721240234374,0.2947252891302108,-0.135671256923303,0.0066232175320386,-0.0508526116609573,-0.1867339313030243,0.0370353534817695,0.2741121246904134,-0.7656196305930614,0.0766214673876762,-0.125293880701065,0.0820094794034957,-0.1026151403784751,-0.4467068256676196,0.0783633426189422,0.252202782960236,-0.0788500979542732,0.2858804166316986,-0.0389183759689331
1774473258907241500,72.49724145507813,0.3084475250124931,-0.1121919624626636,-0.0429646969795227,-0.0609265491366386,-0.1843999326229095,0.0601784884929657,0.307917948180437,-0.7651496749937534,0.1881599343776702,-0.131032183766365,0.0614568851888179,-0.0993152484297752,-0.4656501571990549,0.1578980671048164,0.2671969384744763,-0.0831063240766525,0.3177525401115417,-0.0398416928946971
1774473258917269500,72.50726953125,0.3288558145299554,-0.1455231541782617,-0.0694487992793321,-0.0675132945179939,-0.1966791749000549,0.0819263011217117,0.328692440661788,-0.6577817716866732,0.3272369811564684,-0.1220522746443748,0.0365366227924823,-0.097697913646698,-0.4647932481087743,0.1911807435035705,0.2868912345036864,-0.0719189196825027,0.337495356798172,-0.0463853478431701
1774473258927297300,72.51729736328124,0.3082324209570884,-0.2366509935632348,-0.0812900437206029,-0.0709106922149658,-0.2264836728572845,0.1045115143060684,0.3539970508534461,-0.5445037675529718,0.5063356572002172,-0.1147678941488266,-0.0017105621518567,-0.1049913316965103,-0.3878689983822405,0.122163321378827,0.2754085942417383,-0.0565883927047252,0.3541070222854614,-0.0505695864558219
1774473258937325600,72.52732568359374,0.180978206180036,-0.3333695656273513,-0.1549672743499278,-0.0757591426372528,-0.2602967321872711,0.1324197053909301,0.4195189590126276,-0.5204460156172513,0.6661053633958101,-0.097726859152317,-0.0243274569511413,-0.1372057199478149,-0.2993918196365237,0.0282364989250898,0.2167638053104281,-0.0300007238984107,0.3776259124279022,-0.0629495605826377
1774473258947353300,72.53735327148438,0.0576385344982147,-0.4069457470349967,-0.299387435722351,-0.0796399042010307,-0.2958627045154571,0.1645525991916656,0.5060065713763237,-0.5475561408609152,0.87617960793972,-0.0843420028686523,-0.0523029379546642,-0.1799593418836593,-0.2536065122783184,-0.178848500674963,0.1416132872581481,-0.0131761692464351,0.4363023042678833,-0.1044284105300903
1774473258957381400,72.54738134765626,-0.02749006447196,-0.4063765688449144,-0.4475000218719244,-0.0797275155782699,-0.3223284184932709,0.197661817073822,0.4190128361213952,-0.6748246764242649,1.0396002378582954,-0.0632457733154296,-0.1164840534329414,-0.221298262476921,-0.4726071367301047,-0.6503273640275001,0.0188210203260183,0.1131514087319374,0.5081695914268494,-0.0853114426136016
1774473258967409400,72.55740942382812,-0.0633700638875365,-0.4042582615166902,-0.5834551372379064,-0.0787914171814918,-0.3495706915855407,0.2355716526508331,0.1423054342407733,-0.8138163830071687,1.1790104621142148,-0.0192730948328971,-0.2053340077400207,-0.2533272504806518,-0.4122457531392574,-0.2008943282663822,-0.1250380000323057,0.1654813438653946,0.559758186340332,-0.0400885939598083
1774473258977437400,72.5674375,-0.0828048321977257,-0.4458052006527781,-0.6245733295679092,-0.0781723335385322,-0.3656610548496246,0.2713103890419006,-0.133428957889229,-0.7759305967271327,1.402096748444438,0.0297700800001621,-0.3094612061977386,-0.293101817369461,0.1830067893981933,-0.1452203718394041,-0.5453089464560151,0.2289884239435196,0.6452030539512634,-0.0704971030354499
1774473258987465500,72.57746557617187,-0.0591033463537693,-0.5068926334958523,-0.474174093785882,-0.0802924782037735,-0.3761112987995147,0.3032706975936889,-0.2225532023668289,-0.8065010915577411,1.4351310030400752,0.0621318630874156,-0.4052504897117615,-0.3432300686836242,0.2583633514165878,-0.5540419957488775,-0.5145101958274841,0.33489790558815,0.8088692426681519,-0.0856276750564575
1774473258997493500,72.58749340820313,-0.0633984131991863,-0.5241232428252697,-0.2166553764998912,-0.0889137610793113,-0.3780625760555267,0.3261431157588959,-0.2341372571766376,-0.9503577738285064,1.1928916879504918,0.0703115016222,-0.4633574783802032,-0.3976893126964569,0.2402922726750373,-0.5648088889569044,-0.3673357673108577,0.4461003243923187,1.033283233642578,-0.1043100208044052
1774473259007521300,72.59752124023437,-0.0726055097445845,-0.5172446622926742,0.0218956054657697,-0.097755990922451,-0.3822245597839355,0.3448787331581116,-0.0732552058249711,-0.8473930739164351,0.981112393054366,0.0557476356625556,-0.525704026222229,-0.4368438124656677,0.338080738992989,-0.3545107725292444,-0.3634098260387778,0.5336012244224548,1.2731802463531494,-0.0992743745446205
1774473259017549600,72.60754956054687,-0.1022261565044522,-0.4790518558900803,0.169499073049426,-0.1103065684437751,-0.3643432855606079,0.3659572303295135,-0.0028321546860039,-0.556346181038022,0.7862731270432471,0.0203369110822677,-0.57740718126297,-0.4425027668476105,0.5186345822811126,-0.0699848058521747,-0.4411994604229927,0.5919683575630188,1.347648024559021,-0.1258372664451599
1774473259027577300,72.61757739257813,-0.1165995497718453,-0.3712704764112829,0.2224357134670019,-0.1258524954319,-0.3368008732795715,0.3933595716953277,-0.0538730444848537,-0.2798416082531214,0.5878016420096158,-0.0132255610078573,-0.5987396240234375,-0.4323447048664093,0.9946601491525768,-0.3080249156862497,-0.4806161095321178,0.6246755719184875,1.3285239934921265,-0.1737576723098755
1774473259037605600,72.62760571289063,-0.1088949667438864,-0.2556594992853701,0.2235498121887445,-0.1358058750629425,-0.3129940927028656,0.4147435426712036,0.0573971269577741,-0.1065647702306508,0.3505377772450447,-0.0183598697185516,-0.5968181490898132,-0.431319385766983,1.0047931283712386,-0.6518149722367524,-0.2528378659933805,0.6704038977622986,1.311462640762329,-0.1806320995092392
1774473259047633400,72.63763330078125,-0.1357864808008074,-0.1823744097787887,0.2257201419651508,-0.1454273462295532,-0.3007376790046692,0.4307073056697845,0.2089687675200402,-0.0773059425204992,0.239470434898138,0.0106394793838262,-0.5823818445205688,-0.4251785576343536,0.7075231231942772,-0.4339274235934018,0.1570788596764206,0.7192967534065247,1.347985029220581,-0.1695292145013809
1774473259057661400,72.64766137695312,-0.2206117129102349,-0.1645696538232267,0.2578822899013757,-0.1551100462675094,-0.2881608307361603,0.4509022235870361,0.23499065913558,-0.1397176827698946,0.3065069123387337,0.0649852752685546,-0.5708032250404358,-0.4169520437717438,0.714254477275908,-0.1625304030805826,0.4394049782216548,0.7613177299499512,1.4100748300552368,-0.1726230084896087
1774473259067689500,72.657689453125,-0.3122375649452209,-0.1946001234930008,0.3001128273874521,-0.1689225286245346,-0.2697498798370361,0.4679195582866668,0.2866828524500131,-0.2547890000611543,0.3998100499361753,0.1407604366540908,-0.5537390112876892,-0.4208591282367706,0.7162260696098208,-0.1479594414144754,0.5661202638164162,0.8014743328094482,1.5165401697158811,-0.1659735292196273
1774473259077717500,72.66771752929688,-0.3738578625559806,-0.1728395425837487,0.3378974913805723,-0.1804756671190261,-0.2413817942142486,0.4787247776985168,0.3678472239643335,-0.3066565499424934,0.4811562077581882,0.2262718826532364,-0.5446187257766724,-0.4454505145549774,0.7409232884928584,-0.0910626651942729,0.4633522555202245,0.8093772530555725,1.6684008836746216,-0.1322991997003555
1774473259087745500,72.67774560546874,-0.4158955078184604,-0.094658716924861,0.3540717965900898,-0.1932553797960281,-0.2180098891258239,0.4967354536056518,0.2734114290751516,-0.3137175743699074,0.6488210511177778,0.3217873871326446,-0.5657720565795898,-0.4760216772556305,0.5516762895308435,-0.0284562791556119,0.4752630580663681,0.8327999114990234,1.8627101182937624,-0.1068406552076339
1774473259097773600,72.68777368164062,-0.4363470519557595,-0.0184547442968934,0.3485843050897121,-0.2014045119285583,-0.1963005661964416,0.5096239447593689,0.0203606509834527,-0.3129436673879623,0.9574579612225294,0.4164896607398987,-0.6102593541145325,-0.5068961977958679,0.5954910274684428,-0.4809335049182176,0.4184881546601653,0.8381938934326172,2.0899808406829834,-0.0878709554672241
1774473259107801300,72.69780126953125,-0.4579956969231367,0.0581402004100382,0.3507657407820224,-0.2008745372295379,-0.1710053235292434,0.5211988091468811,-0.1567195248447358,-0.3242500743001699,1.2556091331481931,0.5026127099990845,-0.6648843884468079,-0.5422751307487488,0.7617303680695593,-0.7289467272341251,0.4098495056524872,0.8777977228164673,2.29772424697876,-0.10341127961874
1774473259117829600,72.70782958984375,-0.4621618766918778,0.1259436436351388,0.3242284469902515,-0.2029791474342346,-0.1415889263153076,0.5297102928161621,-0.118232850062102,-0.338300811484456,1.3739075957924127,0.5816835761070251,-0.6933525204658508,-0.5595228672027588,0.6880265416942536,-0.7420639829605817,0.6280602949008345,0.959323227405548,2.438955307006836,-0.1598646938800811
1774473259127858400,72.7178583984375,-0.4298118049681186,0.1913422907408326,0.2886591209590435,-0.1969622671604156,-0.1017328575253486,0.5375540852546692,-0.0481472141839563,-0.3690338034003972,1.4143734616935253,0.6588499546051025,-0.6734797954559326,-0.5741066932678223,0.7206042846940457,-1.0858879417806864,0.6941358183547854,1.0410739183425903,2.53374457359314,-0.225946620106697
1774473259137886500,72.72788647460938,-0.4127870204091072,0.2513786801610141,0.2453741059839725,-0.1931362003087997,-0.0734516009688377,0.5326837301254272,0.1244850423246622,-0.3853928175270557,1.4187322414249182,0.7381945848464966,-0.6580536961555481,-0.6000323295593262,0.618822584021464,-1.2871277224838733,0.6508426200732589,1.1655391454696655,2.592634439468384,-0.2969752252101898
1774473259147914500,72.73791455078126,-0.4254536097586154,0.2826297776669264,0.1893798315614461,-0.1869840323925018,-0.05180249735713,0.5344560742378235,0.3422942650347947,-0.2485620883703231,1.3831582392185926,0.8088061809539795,-0.6861007213592529,-0.6442557573318481,0.550555322676897,-1.2587789953559636,0.6037982525646686,1.3520525693893433,2.50480318069458,-0.3942948281764984
1774473259157942500,72.74794262695312,-0.4955252171114087,0.3306660057570785,0.1043704750567674,-0.1827982366085052,-0.0336405038833618,0.5391414761543274,0.4356839118719101,-0.0788221923023462,1.2319336585283278,0.8493296504020691,-0.7408348321914673,-0.7033497095108032,0.6449252127230167,-1.2902063992768524,0.2922925090253352,1.610905408859253,2.312183380126953,-0.5002239346504211
1774473259167970300,72.75797021484375,-0.5370400075435638,0.3263771494567394,0.0380389310151338,-0.1807412058115005,-0.0254715252667665,0.539776086807251,0.4642915821969509,-0.0201630825847387,1.058864910298586,0.8552848100662231,-0.8249469995498657,-0.7558486461639404,0.5356078558485955,-1.4968021540552376,-0.1450254337891936,1.903342127799988,2.0952401161193848,-0.5988947153091431
1774473259177998600,72.76799853515625,-0.5769295348614454,0.3030420857723802,-0.0084141926020383,-0.1759820282459259,-0.0315677374601364,0.5504786372184753,0.3980813264474273,-0.0471504582315683,0.8729051163136958,0.8375811576843262,-0.9192484617233276,-0.7919070720672607,0.2626057747593149,-1.7158692678719758,-0.9130237762123344,2.2207863330841064,1.8676756620407104,-0.7298671007156372
1774473259188026400,72.7780263671875,-0.6076511286005377,0.2631319540578872,-0.0492436311185359,-0.1709973961114883,-0.0368306748569011,0.5627001523971558,0.2684435775347054,-0.1510568229079246,0.7144646128952503,0.8101764917373657,-1.004286527633667,-0.8220405578613281,0.2584884391009807,-1.7072276962548494,-1.8035761928975584,2.514045238494873,1.7060842514038086,-0.849390983581543
1774473259198054700,72.7880546875,-0.6083271281659602,0.2118057445116341,-0.0499959107905626,-0.1747504323720932,-0.0379624664783477,0.5739195942878723,0.2687773395337164,-0.1988613611340522,0.5494552524805069,0.776246190071106,-1.112621545791626,-0.8681848645210266,-0.1118342350661754,-1.599789065799117,-2.606836110576987,2.7533462047576904,1.573357105255127,-0.9357826113700868
1774473259208082400,72.79808251953125,-0.5729965793266892,0.1340654291618615,-0.0263204361706972,-0.1796956658363342,-0.0267662722617387,0.5883480906486511,0.2830658309966326,-0.1577636270701885,0.1829249563336372,0.7413057088851929,-1.2297648191452026,-0.93543541431427,-0.5151964245259761,-1.4793331328600643,-3.209422649264336,2.9989912509918213,1.404849410057068,-1.021806716918945
1774473259218110500,72.8081103515625,-0.5680573693588375,0.0909640271253883,0.0118733931452035,-0.1867728680372238,-0.0157809481024742,0.5980343222618103,0.4752138120971619,-0.1173819323211908,-0.309452902662754,0.7177748084068298,-1.3413523435592651,-1.0020102262496948,-0.4893155488163233,-1.1492881085455418,-3.545225798714161,3.253157377243042,1.2752394676208496,-1.122522234916687
1774473259228138500,72.81813842773437,-0.5832488010108471,0.0692749040171504,0.0259089327603578,-0.1919244825839996,-0.0124836880713701,0.6093047857284546,0.6401245344430208,0.0821107124537229,-0.5456295567125081,0.6372373104095459,-1.442042589187622,-1.060381531715393,-0.4991396082162856,-0.9943319401115178,-3.649376493540406,3.4658126831054688,1.213043451309204,-1.1836202144622805
1774473259238166500,72.82816650390625,-0.5753717840254307,0.0723497814178466,0.0249988321781158,-0.2008751630783081,0.0007043480873107,0.6169752478599548,1.0559306104123591,0.1697252830207347,-1.383081082329154,0.4784385859966278,-1.4624693393707275,-1.212640643119812,-0.8389613456577062,-0.9547907878398896,-3.559956919378042,3.652341365814209,1.0237747430801392,-1.157259464263916
1774473259248194600,72.83819458007812,-0.5401283289477229,0.1076863946717232,0.0146352590739727,-0.2057088017463684,0.0181382000446319,0.621214747428894,1.727203877965361,1.3692343432843683,-1.859487465211749,0.2595936357975006,-1.57813823223114,-1.3111902475357056,-0.619821751126647,-0.8518541449785232,-3.1531466352909803,3.772216558456421,0.6326335668563843,-1.1173241138458252
1774473259258222300,72.84822241210938,-0.5178548300802708,0.1520590587530285,0.0186655375033617,-0.2081998884677887,0.0333750434219837,0.6306781768798828,1.5258746654130515,1.6837322543770077,-2.1605957333773373,0.0802731588482856,-1.6985386610031128,-1.337023377418518,-0.7116981438565999,-0.5892196921139955,-2.5814105774194003,3.905911684036255,0.0924206972122192,-0.98062002658844
1774473259268250400,72.85825048828124,-0.5312710687533021,0.2051537392765283,0.011868716970086,-0.2111184448003769,0.0429517701268196,0.639491081237793,1.5070214963831006,1.1747983973771332,-2.4339327820420262,-0.0514543987810611,-1.7360624074935913,-1.3915947675704956,0.6128332074135542,1.162661384859681,-2.114441300445795,3.939798355102539,-0.5665034651756287,-0.7787081599235535
1774473259278278400,72.8682783203125,-0.559540885426104,0.2590982415623962,-0.0040770401805639,-0.2101472318172454,0.0405686609447002,0.640465497970581,1.9235316289685664,0.7436988906860351,-2.779621365690231,-0.1485002636909485,-1.7413069009780884,-1.4797842502593994,-0.1935498107224702,1.197919745245576,-1.2500865703344344,3.9666965007781982,-0.6326414346694946,-0.5022342205047607
1774473259288306400,72.87830639648438,-0.5774900913536548,0.3188501880180091,-0.006907879692316,-0.2128631174564361,0.0382154919207096,0.6415325999259949,1.8379134929157792,0.4486065218091011,-2.9123382297873497,-0.2334950268268585,-1.7446794509887695,-1.5639760494232178,0.6740133600413799,1.065226262024045,-0.5300573090493679,4.00011682510376,-0.5292127132415771,-0.1332267224788665
1774473259298334500,72.88833447265625,-0.6222977858513593,0.3727734283201396,-0.0521446132570505,-0.2109881192445755,0.0343185476958751,0.6301854848861694,1.3841004885047674,-0.4438286398828029,-3.150580584195256,-0.3230568766593933,-1.7402812242507937,-1.665894627571106,0.9304922859508544,1.7348685673743485,-0.2511544429510832,3.975419759750366,-0.6869083642959595,0.1488377302885055
1774473259308362500,72.89836254882813,-0.6147834646984934,0.4693049533795565,-0.1288426530122756,-0.210932195186615,0.0386206209659576,0.6231192946434021,0.9215813228078186,-1.0365636466413737,-3.3945489150345325,-0.4307423532009125,-1.7574249505996704,-1.7762348651885986,0.8611929781448096,2.581231713721156,-0.6165396607160568,3.857513666152954,-0.6673544049263,0.5304797291755676
1774473259318390300,72.90839038085937,-0.56662616751194,0.5397074731871485,-0.2243149513423442,-0.2087309807538986,0.0402153618633747,0.6212152242660522,0.2551423435434699,-1.0194143589198588,-3.255719121015072,-0.5556153059005737,-1.8126237392425537,-1.8643043041229248,1.0425801304519176,2.679664030900597,-0.1460971546739339,3.851792335510254,-0.5935481190681458,0.7906804084777832
1774473259328418600,72.91841845703125,-0.556307018071413,0.5349810291871429,-0.3250128753662109,-0.2061421275138855,0.0371982678771019,0.6266347169876099,-0.545038605082035,-0.6919394773542881,-2.9537767401129007,-0.6889177560806274,-1.9096843004226685,-1.9158422946929927,1.407995158833265,2.3012448517784474,0.5158925900965928,3.9636292457580566,-0.7432243824005127,1.0612890720367432
1774473259338446300,72.9284462890625,-0.6088263098597526,0.5096637787096202,-0.4392091633886099,-0.2049688994884491,0.0264186114072799,0.6416305899620056,-1.166870819248259,-0.0115326168835163,-2.742511824479699,-0.8276407122612,-2.0014917850494385,-1.92040765285492,1.584562855094671,1.829548254022002,0.8234586560994386,4.061347484588623,-0.9782382249832152,1.2280815839767456
1774473259348474600,72.938474609375,-0.7444166835665702,0.4760291470680385,-0.522585950255394,-0.2135653048753738,-0.0041347690857946,0.6586271524429321,-1.636488857164979,0.834524824514985,-2.6641858912616967,-0.9525384902954102,-2.0500168800354004,-1.864753246307373,1.7766344099581242,1.701288369333744,0.6220365045666695,4.084746360778809,-1.223779559135437,1.37026846408844
1774473259358503400,72.94850341796875,-0.9397685752749444,0.4620313821800053,-0.5542103380531073,-0.2214846014976501,-0.0259338337928056,0.6803640127182007,-2.0454370300635696,1.5839298178881407,-2.806886389234662,-1.0400742292404177,-2.033020496368408,-1.7294495105743408,1.9255635731875893,1.8592346594944595,0.0755114603191614,4.046733379364014,-1.443994164466858,1.4730310440063477
1774473259368531500,72.95853149414063,-1.1136273048385976,0.4538391617655753,-0.6081786596059798,-0.2358451634645462,-0.0377231128513813,0.6922366619110107,-2.35412216322422,2.126226430785656,-2.9147061279624698,-1.0890506505966189,-1.9374933242797847,-1.5282975435256958,1.9118109421670435,2.020218417654932,-0.4164467119604348,3.983015537261963,-1.5946898460388184,1.5982052087783811
1774473259378559200,72.96855932617187,-1.189847790209949,0.2806307858694344,-0.6637111617356538,-0.2524871528148651,-0.0302198100835084,0.7005561590194702,-2.434679508756101,2.5922733322173355,-2.911881718191504,-1.126911759376526,-1.7580186128616333,-1.261288046836853,1.803024404233694,2.175031962747872,-1.009233156645298,3.9293386936187744,-1.7228001356124878,1.7026106119155884
1774473259388587500,72.97858740234375,-1.2578434680715205,0.1167227377600967,-0.6902350115239619,-0.2633760273456573,-0.0518697090446949,0.7182182669639587,-2.501845165534317,3.0766561008065936,-2.920644285839796,-1.1888409852981567,-1.5177723169326782,-0.9657193422317504,2.124648221683502,2.181829952324927,-1.6175883418619632,3.921218633651733,-1.8549083471298216,1.7720556259155271
1774473259398615300,72.988615234375,-1.400873344129324,-0.175696101058647,-0.6854495308130979,-0.2607329189777374,-0.0707376152276992,0.7511674165725708,-2.6209479302987453,3.347124316036701,-3.0942192300260065,-1.2438368797302246,-1.3106226921081543,-0.656955361366272,2.3507507870949804,1.9798164107702672,-2.0841677427351475,3.970740795135498,-1.9411455392837524,1.818899273872376
1774473259408643600,72.9986435546875,-1.5959928883865475,-0.6966954397097229,-0.5859095446527004,-0.2418923676013946,-0.0593685768544673,0.8122100234031677,-2.745962257194519,3.228276402816176,-3.1390146495640274,-1.33751380443573,-1.0987696647644043,-0.3893600106239319,2.3923171615839003,1.7968015841960905,-2.6354461189895866,4.005279541015625,-1.9534562826156616,1.933682203292847
1774473259418671400,73.00867138671875,-1.6469909619569778,-1.093975751972571,-0.5487438893407582,-0.2289689630270004,-0.0417937934398651,0.8859173655509949,-2.385266658550501,3.011735008084774,-3.283178790348768,-1.47321879863739,-0.932246208190918,-0.2141940593719482,2.8526152902305126,1.8718841515786944,-3.031058132714033,3.8476951122283936,-1.8785356283187864,1.9419121742248533
1774473259428699100,73.01869921875,-1.596731724055111,-1.24539461312592,-0.477413514098525,-0.2158297300338745,-0.0281056761741638,0.9666638374328612,-2.2126395166084167,3.322207316923141,-3.414531964877248,-1.5860016345977783,-0.8874449729919434,-0.0848927125334739,0.9878020999513566,1.1582355312414467,-2.190228655096889,3.923128843307495,-1.999117732048035,2.1864538192749023
1774473259438727200,73.02872705078126,-1.410548058186471,-1.2119769121706483,-0.2611731481403112,-0.2052139341831207,0.0343523323535919,1.027640700340271,-2.3710326737537977,3.5981454879969355,-2.87516789830029,-1.664660930633545,-0.9103580117225648,0.0319058075547218,3.5833211360916493,1.5318990402691066,-2.4978461590260266,4.409977912902832,-2.400413751602173,2.154618263244629
1774473259448755200,73.03875512695312,-1.0592883964076638,-1.176129499850422,0.1111217028826475,-0.1986537724733352,0.1443541944026947,1.072306513786316,-2.3329446428999305,2.9375509969770905,-2.2423376125186683,-1.7195773124694824,-0.980248212814331,0.0818664506077766,2.5421415200874207,2.34227068964988,-3.917963132807612,4.661938190460205,-2.5955402851104736,2.285869836807251
1774473259458783200,73.048783203125,-0.6053507427036762,-1.1071165347050875,0.6522428422600031,-0.1945483982563018,0.2571404278278351,1.0936087369918823,-2.019988992813229,2.4522768325060604,-1.9182693245261904,-1.7859060764312744,-1.1277425289154053,0.0705011487007141,-0.0356917833670973,2.66973709564805,-4.555262088435888,4.553255558013916,-2.089118242263794,2.4288322925567627
1774473259468811300,73.05881127929688,-0.2432335868239402,-0.9207852039940656,1.2522311811476945,-0.1968208849430084,0.3572971224784851,1.093945860862732,-1.7809543189838528,2.116018925026059,-1.8758336198568344,-1.852006196975708,-1.379070281982422,0.022504424676299,0.6376423622384667,2.1331170670822264,-3.8094787926912304,4.315489768981934,-1.289292335510254,2.3681180477142334
1774473259478839000,73.06883911132813,-0.0194414903119206,-0.6172962512370198,1.776654868224263,-0.2032999992370605,0.4596211612224579,1.0709408521652222,-1.2423115524187682,1.8679957658380268,-1.905201753160357,-1.8959861993789675,-1.6142675876617432,-0.0511221252381801,0.6150654965102672,1.6262405810035765,-2.8085937776744365,4.098392009735107,-0.7416771054267883,2.286044120788574
1774473259488867000,73.0788671875,0.1042646765947341,-0.2053103911429643,2.170785703480244,-0.2250662893056869,0.5659307837486267,1.0213017463684082,-0.4489715557292103,1.823231910482049,-2.0118962872505186,-1.9033656120300293,-1.770036220550537,-0.1454211920499801,-0.0675052639961242,1.3013204984873532,-1.938712977617979,3.957427978515625,-0.4879801869392395,2.139155626296997
1774473259498895000,73.08889501953125,0.2399357143223285,0.2558116941723972,2.41066997987628,-0.2503204345703125,0.6621059775352478,0.9455595016479492,0.4839122284680605,1.766979277384281,-2.064700825721025,-1.8985929489135744,-1.8354111909866333,-0.2573016285896301,0.7164367897510528,1.081280155724287,-0.5781827497929334,3.928820848464966,-0.5146602392196655,1.999946117401123
1774473259508923100,73.09892309570313,0.3525128767102956,0.6782070123389363,2.4497142885416743,-0.2715671360492706,0.737555205821991,0.8635714054107666,1.4038260564550755,1.7322727056622504,-1.9834101974785328,-1.940465927124024,-1.8545047044754028,-0.328835666179657,0.8505582599490881,0.8304100826725364,0.6164467217355967,3.952193975448608,-0.7593041658401489,1.92773699760437
1774473259518951200,73.108951171875,0.4479322758093476,1.0586517790045589,2.2808827394902704,-0.2693774402141571,0.7894678711891174,0.7614317536354065,1.8151698923185464,1.84728907789588,-1.8564459055587648,-2.027658462524414,-1.8168755769729608,-0.4002046287059784,0.1496893339470028,0.5749567734837532,1.1990355975329876,3.9756829738616943,-1.2807561159133911,1.9661195278167725
1774473259528979000,73.11897900390625,0.5417661592826247,1.389915166132897,1.9325988786518573,-0.2404169142246246,0.8191437721252441,0.656485378742218,2.370625846518576,2.0142320367217064,-1.364542970597744,-2.162587404251098,-1.7435959577560425,-0.4534625113010406,0.526483542215824,0.697700525099039,0.9830144272834062,3.941938877105713,-1.9711021184921265,2.0652050971984863
1774473259539007200,73.12900732421875,0.7308344406768679,1.6067577357679603,1.490620835071802,-0.1844899654388427,0.8298606276512146,0.5353212952613831,2.568264972381294,1.9110703529328104,-0.9772475343197584,-2.302264928817749,-1.6982837915420532,-0.4778458774089813,-0.0148740362659096,0.7913394705221056,0.5276905799180269,3.824554443359375,-2.457735776901245,2.261077880859375
1774473259549035000,73.13903491210938,0.8956979628801345,1.736272004431486,0.981582348653674,-0.1103278473019599,0.8021379113197327,0.3893220126628876,2.2735943360477684,1.6363953336626291,-0.5031096808910369,-2.412615776062012,-1.7261919975280762,-0.4966881275177002,-0.6078247316017746,0.76822396787256,0.279480373725295,3.676345586776733,-2.727058172225952,2.5007781982421875
1774473259559063300,73.14906323242188,1.0291481096878647,1.794662087949365,0.4276818072021007,-0.0169864874333143,0.725332498550415,0.2105056047439575,1.7568059661552309,1.3645599217325448,0.0067711015701293,-2.4925570487976074,-1.764919400215149,-0.6050095558166504,-0.1928007459208369,0.6241679636374116,-0.2648790169209242,3.537352561950684,-2.8828682899475098,2.7122068405151367
1774473259569091000,73.15909106445312,1.0553086791217323,1.908322807790339,-0.0920300489217042,0.0812886878848075,0.6102695465087891,0.0053697722032666,1.6058514345780015,1.3811287792176008,0.1885205843836069,-2.4813103675842285,-1.8227483034133911,-0.8185264468193054,-0.6017953883096575,0.1173638121426105,-1.2060907767415046,3.386200189590454,-2.9965829849243164,2.944211721420288
1774473259579120000,73.1691201171875,0.8707529067158698,1.936272452598065,-0.4942763860940933,0.1794555783271789,0.4657992124557495,-0.2338722646236419,1.5766539816662668,1.3671060990840196,0.8902154398158192,-2.398966789245605,-1.848083138465881,-1.0556007623672483,-0.1688601906239986,-0.3649082479029893,-2.397947860947251,3.265588760375977,-3.0503201484680176,3.1528353691101074
1774473259589148200,73.17914819335938,0.3556156650312245,1.650582556708157,-0.7922861037224531,0.2774612605571747,0.2781760692596435,-0.4423756599426269,1.2663526454806326,1.279254212629795,1.825138913147152,-2.3115780353546143,-1.8335094451904297,-1.2327293157577517,-0.3781289640039205,-0.9765537068367004,-3.196729756429791,3.194061517715454,-2.996465921401977,3.309319019317627
1774473259599176200,73.18917626953125,-0.2396840776488184,1.2013619946539402,-0.9593681787580252,0.3652715682983398,0.1046443209052085,-0.5808963775634766,0.8160466262772679,1.3673182805299755,2.3479385061532256,-2.257887363433838,-1.8399947881698608,-1.3080203533172607,-0.2821624524161219,-1.718866111600399,-4.0213510265678165,3.17805552482605,-3.0360944271087646,3.4296319484710693
1774473259609204000,73.19920385742188,-0.6451482078239321,0.73620634297356,-0.9119447488039732,0.4392128884792328,-0.0147308120504021,-0.6579933166503906,0.3494388760924339,1.5844856982052324,2.469877371126413,-2.249767541885376,-1.856003999710083,-1.3015066385269165,0.1747279136136174,-2.1393027699798344,-4.888904260459542,3.10298490524292,-3.044651985168457,3.4688401222229004
1774473259619232300,73.20923217773438,-0.8578281048215926,0.3176138511560857,-0.5821931544780731,0.4999398589134216,-0.039753533899784,-0.6816850900650024,0.1116197155326604,1.5450170266479253,1.8581793052226303,-2.2587192058563232,-1.8295356035232544,-1.2725735902786257,-0.2265209369540214,-2.252571421763301,-5.228455364266038,2.9615349769592285,-2.7992820739746094,3.52783203125
1774473259629260000,73.21926000976562,-0.8507600661315023,-0.0418739791333675,-0.1611339802861213,0.5420745611190796,-0.0020184074528515,-0.6460666656494141,0.1753951453506946,1.12193131506443,0.7794973492980003,-2.238050699234009,-1.705392360687256,-1.1948422193527222,-0.5420347470909357,-2.065853502887488,-5.050024796742201,2.7916018962860107,-2.403763771057129,3.4464712142944336
1774473259639288000,73.2292880859375,-0.7056336561858654,-0.3460430961742997,0.185012284001708,0.546033501625061,0.0742064043879509,-0.5742731690406799,-0.0767567842051386,0.7044160970896483,-0.1376050745300948,-2.1747400760650635,-1.527936339378357,-1.017175555229187,-1.2525441926196217,-1.9492039764940736,-4.647199198377132,2.6004528999328613,-1.7708057165145874,3.334102869033813
1774473259649316000,73.23931616210938,-0.5406092443324625,-0.5989549041867256,0.3275339182764291,0.5243157148361206,0.1679755002260208,-0.4844000041484833,-0.6283733063727617,0.6412409712523222,-0.6243954157177358,-2.0982038974761963,-1.2834868431091309,-0.8067090511322021,-1.2578186258912083,-1.7495996880382298,-3.771906894665957,2.3950307369232178,-1.2511194944381714,3.155280113220215
1774473259659344100,73.24934423828125,-0.3410357894062996,-0.8948787554517388,0.160323248425126,0.4779017269611358,0.2924307286739349,-0.4045304656028747,-0.2356394784331321,0.5703811361312866,-1.0058531588181854,-2.005502462387085,-1.0347247123718262,-0.5939560532569885,-0.0709448830559849,-1.9700263997703789,-2.9737884315282104,2.173211097717285,-1.1059613227844238,2.987744092941284
1774473259669372200,73.2593720703125,-0.3915666838563978,-1.217529139470309,-0.2738601957559585,0.4267924726009369,0.3585114777088165,-0.3475494682788849,0.5077502001732588,0.4509083690106868,-0.9656971625838427,-1.9034379720687864,-0.7891086935997009,-0.3786763250827789,-0.7307248428225517,-2.666094939753413,-1.8277514337331056,2.0811612606048584,-1.1854114532470703,2.881052732467652
1774473259679400200,73.26940014648437,-0.857404764842987,-1.3873663584329188,-0.7448316941082477,0.3602081835269928,0.354582279920578,-0.335064947605133,1.0616352517947554,0.2244692651212215,-0.6527776797890663,-1.803984880447388,-0.5692058801651001,-0.193917378783226,-1.1893100300714372,-3.305243907162547,-0.6795686560809612,2.1583690643310547,-1.3393163681030271,2.8140957355499268
1774473259689428000,73.27942797851563,-1.4873815608896317,-1.5449613509379327,-1.1155518431603908,0.2767945230007171,0.2972255051136017,-0.3094349503517151,1.4153900913901627,-0.1349848090291023,-0.3130292267795652,-1.7435907125473022,-0.3793543875217438,-0.0588105209171772,-0.4125739621803164,-3.837474468597769,-0.4728270630910992,2.296879768371582,-1.5645112991333008,2.7389185428619385
1774473259699456300,73.28945629882813,-1.7918857551038263,-1.2445739443928003,-1.2714970226317643,0.1920090168714523,0.2528390288352966,-0.2957173883914947,1.3520017611935733,-0.5450356824725866,0.0519189512750133,-1.740756273269653,-0.2210806012153625,0.0436601936817169,-0.9817617968738078,-4.34786963032186,-0.9398588839069008,2.358114242553711,-1.716754674911499,2.7082653045654297
1774473259709484000,73.29948413085937,-1.728952329067886,-0.5987884615786373,-1.179023321595788,0.1349942088127136,0.2314538657665252,-0.2914555370807647,1.0818595630474388,-0.8128922538995742,0.3614173735799267,-1.7875933647155762,-0.1172313094139099,0.1052640303969383,-1.4207798216044902,-4.350919081020355,-1.9179215340018272,2.348894596099853,-1.7463775873184204,2.6529183387756348
1774473259719512300,73.30951220703125,-1.3597764868482949,0.0317990137122571,-1.0946376499474049,0.0941311120986938,0.1555778831243515,-0.3074989914894104,0.831969879335165,-0.8225041318535804,0.4275749127615243,-1.850602984428405,-0.0734302997589111,0.1087471768260002,-2.0045593684911727,-4.018670993703603,-2.4078838562890885,2.3140676021575928,-1.578137993812561,2.521986961364746
1774473259729540000,73.3195400390625,-1.1457706019438805,0.5366577302277088,-0.9806400993674992,0.0930133834481239,0.0409929752349853,-0.3419829607009887,0.6560933802083134,-0.669721800327301,0.2408562632333487,-1.885964274406433,-0.0914303585886955,0.0583135783672332,-2.8064333847701546,-3.607438216999173,-2.641177940639853,2.2716689109802246,-1.3008828163146973,2.347822427749634
1774473259739568000,73.32956811523438,-1.1750982571065425,0.8815713839806616,-1.0702759466290472,0.1277711391448974,-0.0525977574288845,-0.3865533173084259,0.7719879965811968,-0.5001408942133188,0.2008969586148858,-1.8657913208007808,-0.1156986802816391,-0.017111137509346,-2.996819178503752,-3.2720588459193705,-2.738263811646401,2.247936964035034,-0.9213549494743348,2.109715223312378
1774473259749596200,73.33959619140624,-1.1918635139465332,1.0171458294659852,-1.347431092277169,0.1930564045906067,-0.1025480031967163,-0.4410583674907684,1.1490914169296622,-0.3022597762882709,0.2953202593486756,-1.782134771347046,-0.1067736595869064,-0.0608543120324611,-3.778127376616001,-3.238874953719973,-2.4814511968031523,2.247281312942505,-0.490873783826828,1.831784009933472
1774473259759624200,73.34962426757812,-1.3090018467701972,0.9337767875142396,-1.4975152707606554,0.2680635750293731,-0.1563922464847564,-0.4988927543163299,1.3932234138980506,0.1314022743672132,0.4756332796182483,-1.6598727703094482,-0.0403443053364753,-0.0857727080583572,-4.017768491905928,-3.231311240467429,-2.8443834684580565,2.246730327606201,-0.2162571400403976,1.560714602470398
1774473259769652200,73.35965234375,-1.434223971197754,0.5865379056841135,-1.4217916289955377,0.325980931520462,-0.2005471885204315,-0.5218281745910645,1.9010984094947576,0.8887415678709745,0.5834901354860514,-1.5244014263153076,0.097590334713459,-0.0944129899144172,-4.065453787666559,-3.2046009281963106,-3.2682340269342065,2.231745481491089,0.0211193170398473,1.275060534477234
1774473259779680300,73.36968017578126,-1.247245501689613,0.1054101933680474,-0.9979863709658384,0.3783855736255646,-0.1888675242662429,-0.5121844410896301,2.168757558653504,1.7622557559937235,0.4711499967243522,-1.392910718917847,0.2593981325626373,-0.0772760808467865,-4.047238916540145,-3.260976310890913,-3.1482559406399724,2.1941475868225098,0.2432256042957306,0.990364909172058
1774473259789708000,73.3797080078125,-0.7096154192984103,-0.5689126710139215,-0.4009703258872032,0.4246310889720917,-0.1187305152416229,-0.4649903178215027,2.081564574499428,2.541456168171764,0.118935006982088,-1.2465169429779053,0.4377681612968445,-0.0451032742857933,-3.5940333765029906,-3.158169431889057,-3.0138875099435447,2.0695862770080566,0.4380700290203094,0.7298372387886047
1774473259799737000,73.38973706054688,-0.111588735872507,-1.2029216451860965,0.1925958709985017,0.4675353765487671,-0.0479572005569934,-0.3801292479038238,2.0114397756546736,3.249173060372472,-0.5769337726451457,-1.082845687866211,0.5818803906440735,0.0718779414892196,-3.791226512163877,-2.816311804705858,-2.736754868388176,1.887307286262512,0.6244921088218689,0.5310772657394409
1774473259809765000,73.39976513671876,0.2051031781330704,-1.6891251994617282,0.8573568340480328,0.5093134641647339,0.0049526211805641,-0.2980034947395324,1.5448299796432257,3.8276884031206366,-1.3574340153753757,-0.9507244229316713,0.8220586180686951,0.2611394226551056,-4.155720334047079,-2.1641724228203296,-2.357077067507058,1.7166659832000732,0.7447400093078613,0.3781315684318542
1774473259819793200,73.40979321289062,0.2449273851297795,-2.037195563679933,1.4479185884207486,0.5375329852104187,-0.0068410732783377,-0.1859719902276992,0.9803557294681668,4.246839697864651,-2.282949901153147,-0.8711901307106018,1.1122207641601562,0.4728900194168091,-3.633186990761757,-1.3538029653966426,-2.0037416223675013,1.5776878595352173,0.8397861123085022,0.217693418264389
1774473259829821200,73.4198212890625,0.1658066482722759,-2.2269451053366063,1.906746644514799,0.5300713181495667,-0.0510098673403263,-0.1002584099769592,0.2757021703608334,4.97149135825336,-2.945698647597432,-0.7709630727767944,1.346781611442566,0.6864427924156189,-3.632054187339544,-0.7576490901052951,-1.4245203233070671,1.4900023937225342,0.9796808958053588,0.0280602425336837
1774473259839849200,73.42984912109375,-0.0685781539246439,-2.2063196659371256,2.204230292442441,0.5206122994422913,-0.0858336985111236,-0.0555454641580581,-0.5239435023441911,6.454744294905662,-3.403216205614805,-0.6310557723045349,1.4517335891723633,0.8948367238044739,-3.684707919162512,-0.0921849472224712,-0.9652981533288956,1.3917603492736816,1.1132656335830688,-0.2013979852199554
1774473259849877000,73.439876953125,-0.2294657582342624,-1.8660051765427,2.235709718811512,0.4804140031337738,-0.1020392999053001,-0.0172167159616947,-1.179472818928957,8.057133314070105,-4.341825089460611,-0.6493227481842041,1.4544717073440552,1.1503112316131592,-3.786280287933349,0.6447697299003601,-0.8342462998345493,1.2191087007522583,1.20664381980896,-0.4607177972793579
1774473259859905300,73.4499052734375,-0.102726214981079,-1.5250434752859174,2.073615953582525,0.413777083158493,-0.0761462301015853,-0.0154312076047062,-1.7824138701424002,9.221160726585984,-5.907031502178311,-0.8828684091567993,1.5090949535369873,1.2952675819396973,-4.286116646242141,1.6267793640553951,-0.4569780443131923,1.034501314163208,1.2978253364562988,-0.7127627730369568
1774473259869933000,73.45993310546875,0.1181342119932174,-1.3071480355970562,1.960174867841601,0.3466547727584839,0.0026367378886789,-0.0428713522851467,-1.112287872928381,11.000760416090488,-7.291440618240832,-1.1894422769546509,1.4058419466018677,1.2612745761871338,-4.991466224789619,2.9850048220694063,0.325453751001507,0.9117413759231568,1.3700402975082395,-0.992229163646698
1774473259879961300,73.46996142578125,0.2463137249216437,-1.1706048912100493,1.9226772040963167,0.2735282778739929,0.1054023280739784,-0.0384459570050239,-0.1054825279518961,13.226854749816656,-8.121487420558928,-1.5517102479934692,1.2439590692520142,1.0749531984329224,-6.0019841605484485,5.0202638647288085,1.2567466127455234,0.7884229421615601,1.363161325454712,-1.322905659675598
1774473259889989000,73.47998901367187,0.266693957388401,-1.1634067963995038,1.8538912526398896,0.2037737071514129,0.193551629781723,-0.021385746076703,-0.1412736800402402,14.690870486557484,-9.822961667853594,-2.0801820755004883,0.99529629945755,0.923023760318756,-6.824794581872224,8.098997940853238,1.771372397776693,0.5697738528251648,1.2633644342422483,-1.6129940748214722
1774473259900017200,73.49001708984375,-0.1064908282116055,-1.3384689104035496,1.6125076775968077,0.1403380632400512,0.2192055284976959,0.0048778317868709,-0.8473860596537589,14.71478327706456,-12.49693888528943,-2.782841205596924,0.8964240550994873,0.8495932221412659,-7.974613436293602,12.40443362007141,2.133629108257592,0.3332843780517578,1.1665101051330566,-1.8175281286239624
1774473259910045200,73.50004516601562,-0.5068110196270048,-1.3927537505596876,0.8287631922483444,0.0830641239881515,0.1897419095039367,0.0213012807071208,-1.0911483465269207,14.951501782906057,-14.54210498945713,-3.534879446029663,0.9547901153564452,0.8309304118156433,-8.928205954259633,17.24310231576562,2.8257851509720084,0.1545906662940979,1.099913239479065,-1.9689847230911253
1774473259920073200,73.5100732421875,-0.653623190702498,-1.1815293130673468,-0.4841770168840885,0.0325109250843524,0.1586936116218567,-0.000207114033401,-0.6187804253801703,16.351732152956725,-15.233493847191331,-4.360032081604004,1.4041545391082764,0.9566196203231812,-9.58712111389041,22.33355732257366,3.734290572977066,-0.0094387652352452,0.9880540370941162,-2.1162805557250977
1774473259930101200,73.52010131835938,-0.4664847083270549,-0.4368671303071081,-2.369137946048379,0.0099701965227723,0.0768866315484047,-0.0589031837880611,-1.2536989156126974,18.7163020604372,-15.398264722675084,-5.240630626678467,2.0247769355773926,1.3457834720611572,-10.103587119960784,26.08054838716984,4.1076778954118485,-0.2429573088884353,0.5218017101287842,-2.2154927253723145
1774473259940129300,73.53012939453124,-0.3333786987818777,0.4990039991378784,-4.290340401417017,0.0485371276736259,-0.0115845222026109,-0.1183605790138244,-0.4656088022753596,21.38886005872488,-14.583949742496014,-5.969472408294678,2.4769086837768555,1.9914056062698364,-9.737948804217575,27.05174085923433,2.339932455960661,-0.5206006169319153,-0.1624266952276229,-2.2914140224456787
1774473259950157000,73.54015698242188,-0.631326895481348,1.113946307659894,-5.714513957113027,0.096589870750904,-0.0632628947496414,-0.151344895362854,1.7067887203156946,22.45483626233339,-11.350500905478,-6.535576343536377,2.8449625968933105,2.786696195602417,-8.895371606150269,25.642909834098813,0.9573273205801844,-0.7793521881103516,-0.5236057639122009,-2.470015525817871
1774473259960185000,73.55018505859375,-0.6902525471806525,1.3270216337159275,-6.759696963539719,0.1355285346508026,-0.0965671315789222,-0.2094454914331436,1.951353848004341,20.254815112018584,-7.318145085293054,-7.184834003448486,3.25579047203064,3.525232315063477,-7.020058795297145,21.922182507050035,-0.2566372582763433,-1.28878915309906,-0.6937735080718994,-2.8575921058654785
1774473259970213000,73.56021313476562,-0.3837890355922281,1.5337857307985423,-7.29105366474986,0.1665607690811157,-0.155921533703804,-0.3718064427375793,1.9196055415660145,17.53627979093194,-4.720417287062109,-7.957301616668701,3.447798490524292,4.215564250946045,-4.124944087511301,17.24275043358803,-1.8021939447589217,-1.9801948070526123,-0.5275219082832336,-3.508675336837769
1774473259980241200,73.5702412109375,-0.0914461115539073,2.189933909934014,-7.473999079349636,0.1960157603025436,-0.246387094259262,-0.6407908201217651,2.8712247136324645,17.3804006624341,-1.3449147255420684,-8.67546272277832,3.382758855819702,4.7664794921875,-1.671375461629033,13.74718327653408,-1.7493587188892066,-2.686022996902466,-0.4141439795494079,-4.087749481201172
1774473259990269200,73.58026928710937,0.3600665069602429,3.4135604894965885,-7.54152538613379,0.2146909087896347,-0.2674271464347839,-0.9682509899139404,3.98611429349184,19.96955206323862,3.5518636292934413,-9.256917953491213,3.00534725189209,5.145068645477295,-1.0481345497086645,11.763416520702838,-2.6152020801231264,-3.3366260528564453,-0.9041035175323486,-4.458054065704346
1774473260000297000,73.590296875,1.0647463695526125,4.558247241726518,-7.65325849891305,0.2073336094617843,-0.3385375440120697,-1.2262667417526243,4.012717053735256,23.09917578412294,9.029118397817015,-9.66598892211914,2.0474298000335693,5.541784763336182,1.175580487665534,9.814449860095976,-5.642013369047642,-3.961902379989624,-1.5553820133209229,-4.87807035446167
1774473260010325200,73.6003251953125,1.7052330153062938,5.201031350767612,-7.711850973135232,0.2082547843456268,-0.5804449915885925,-1.4375379085540771,2.114720701909065,24.9359867226243,14.681107801955935,-9.63551139831543,0.4605821669101715,5.929125308990479,5.5105210783094165,6.207924666288495,-9.043965838336945,-4.633368968963623,-2.098951816558838,-5.26903247833252
1774473260020353000,73.61035302734375,1.9314137605205173,5.182604298195242,-6.914729119819402,0.2692827880382538,-0.7826142311096191,-1.581560492515564,-1.0084288545250892,25.13848848608732,21.67662953736782,-8.969342231750488,-1.5123249292373655,6.185368061065674,8.63059546508193,1.800985591882467,-12.99664781782627,-5.191692352294922,-2.4590885639190674,-5.494289398193359
1774473260030382000,73.62038208007813,1.9578771122932432,3.874898774845898,-5.824214687281847,0.3133919239044189,-0.9108675122261048,-1.677281618118286,-1.202117781457305,23.02103222173452,32.012126886105534,-7.430770397186279,-1.7015916109085083,5.878416538238525,12.893470351946354,-3.2886300414919853,-16.173194617927074,-4.974387168884277,-2.5102102756500244,-5.755943775177002
1774473260040410400,73.63041040039063,2.420122575615346,2.42105269607231,-4.9499376980930565,0.3583275377750397,-1.052173733711243,-1.7387416362762451,11.181063207226993,14.05017253614068,42.01806144108772,-5.234409809112549,0.5109421014785767,4.458393096923828,17.054253814601896,-12.804716548216344,-18.01757628394365,-2.9552509784698486,-3.5187549591064453,-8.902362823486328
1774473260050438100,73.64043823242187,2.8160467240288853,0.9100400842264296,-4.308288730561733,0.407086044549942,-1.2128965854644775,-1.7339998483657837,31.66902656538486,1.04365740429461,48.079838683819766,-3.5404834747314453,1.8927780389785769,2.315152883529663,1.9264882868170736,-36.82911566491127,-18.76050594382286,-2.0082716941833496,2.428773164749145,-6.735281944274902
1774473260060466200,73.65046606445313,3.304784472957253,-0.669516633144021,-3.833318517962098,0.4401461184024811,-1.299717903137207,-1.6386311054229736,41.44241493177414,-9.202727244272827,46.63563005583286,-2.5003015995025635,0.8520429134368896,1.4692445993423462,-2.700942965772748,-57.98812067382335,-17.316029604810474,-1.4972155094146729,6.832293510437012,-3.773390293121338
1774473260070494200,73.660494140625,3.8438963183388113,-1.862521718341112,-3.1988591696739195,0.4475776851177215,-1.2851239442825315,-1.4573487043380735,22.201375880527497,-13.989903653138876,37.85155200200081,-1.9143190383911133,0.5835838317871094,1.6226630210876465,13.199887247914075,-65.07209576871395,-21.003335139250755,-1.8598933219909668,6.82951545715332,-0.7257960438728333
1774473260080522000,73.67052197265625,4.013245169262588,-2.6407565003573894,-2.4233511822730303,0.4144772291183471,-1.2181895971298218,-1.232824444770813,-9.579037760677933,-12.926498176801203,28.855804543387887,-2.646756172180176,-0.2087931334972381,0.1049390360713005,4.987680276510119,-36.33434594234228,-11.834218488156797,-1.5298140048980713,7.569242000579834,1.2713433504104614
1774473260090550300,73.68055029296875,3.853494167767465,-3.2226176464021203,-1.3297230016291142,0.3287423551082611,-1.1761822700500488,-0.9797707796096802,-1.3115794421732423,-9.28142551793456,18.045472006607053,-3.583647012710572,-2.415374517440796,-3.097452640533448,1.0792518647670746,-14.213686689561603,6.229353238764405,-0.1630810797214508,9.719983100891112,0.1992988139390945
1774473260100578000,73.690578125,3.3395009815514087,-3.6011782798215743,0.1609393344968557,0.2127173990011215,-1.1448863744735718,-0.7153880000114441,21.153632083702085,-4.971075763189792,15.457417168867588,-3.657086133956909,-3.427569627761841,-6.169223785400391,2.129507936674356,-14.167171606624123,18.91705025823116,1.4389578104019165,11.996058464050291,-0.7717299461364746
1774473260110606000,73.70060620117188,2.7452672606676813,-3.670726740083098,1.6291308956176045,0.0433683134615421,-1.1108379364013672,-0.4488530158996582,23.18323704612255,-4.294341746012866,21.20631387257576,-2.51856017112732,-4.152859687805176,-7.799359798431396,-8.116925811731814,-19.00228173305392,24.99277653133869,2.1444530487060547,13.148972511291504,-1.7193084955215454
1774473260120634000,73.71063403320312,2.090762903216481,-3.3609801151707765,3.00868321929872,-0.1586572825908661,-1.1506755352020264,-0.2143758833408355,21.016699647736548,-6.347982540798187,25.969484551954267,-0.9107250571250916,-4.039093017578125,-8.38044261932373,-8.36848649739623,-21.066313865733147,24.762867705512047,2.5258893966674805,14.159588813781738,-2.206259727478028
1774473260130662100,73.720662109375,1.0193462621197105,-2.7930466644525525,3.973300989148021,-0.3887067139148712,-1.284527063369751,-0.0407447107136249,18.752178844982385,-8.637525556606054,22.66049210591316,0.2544492781162262,-3.075146198272705,-8.59674072265625,-5.57733836004138,-19.57195559769869,25.8441326636672,2.8971140384674072,15.164654731750488,-2.23953914642334
1774473260140690200,73.73069018554688,-0.4678846382528543,-2.448132864569128,4.5844268081218,-0.5732479095458984,-1.399219632148743,0.0908635407686233,14.213718253743648,-8.922047431629895,14.273652790224553,0.9757371544837952,-2.115808486938477,-8.417920112609863,5.124407545292377,-17.64353137438297,27.35312268364429,2.672358751296997,15.726134300231934,-2.180454969406128
1774473260150718200,73.74071826171875,-1.6294360160440209,-2.3811722288437185,4.918105805024505,-0.6766166687011719,-1.3663053512573242,0.1683215796947479,9.213735545021295,-7.2940025776833295,8.152810195061564,1.440406322479248,-1.3639785051345823,-7.685861110687256,10.17849360012412,-18.76188541548252,26.99030527054072,1.5037752389907837,14.81903839111328,-1.903061985969544
1774473260160746000,73.75074609375,-2.2117375993326305,-2.1163219996258613,4.986964237195253,-0.6752873063087463,-1.1843745708465576,0.2241188287734985,4.267909373900294,-4.499010332120955,5.213403341084718,2.088396549224853,-0.5114367604255676,-6.516413688659668,12.22293255906105,-18.81990622729659,29.16242134584188,0.0889680311083793,13.148738861083984,-1.885017156600952
1774473260170774300,73.76077416992187,-2.492837975475192,-1.3447740018971264,4.720570724058151,-0.6077982783317566,-0.8937786817550659,0.2296795099973678,-0.8017077198013662,-1.3058186866894363,3.081066318464279,2.932145357131958,0.1019315421581268,-5.274561405181885,9.598890462139249,-13.75859781999588,33.8959614415884,-0.2917838096618652,9.097084045410156,-1.974195122718811
1774473260180802000,73.77080200195313,-3.127232441833616,-0.4241878276064991,3.928417306804657,-0.4560329020023346,-0.6601910591125488,0.1917702108621597,-4.853093234626948,2.633769710209965,0.534091094610095,3.460391044616699,0.4013757705688476,-3.969947576522827,8.914638032156228,-5.721929786327481,31.76370040681362,0.1051150783896446,3.4976165294647217,-2.0023417472839355
1774473260190830300,73.78083032226563,-4.303884065862,0.0293177182905375,2.801012528765201,-0.2416583001613617,-0.5639321804046631,0.1082625463604927,-8.223616254168748,5.991770225048064,-1.7877829959601164,3.2343509197235107,0.6973965167999268,-2.7260725498199463,8.487939390772581,-2.0331196925431487,19.52616882903576,-0.1305722445249557,-0.6619186401367188,-2.1894803047180176
1774473260200858000,73.79085815429687,-5.685714563608169,0.3114101742103696,1.8302637088149785,0.008405745960772,-0.6805813908576965,0.0251412652432918,-8.951805441033839,7.135397823613881,-3.2708938937932253,2.588851928710937,1.1348848342895508,-1.7641319036483765,11.260367630088329,-1.822601211363077,9.302923648515344,-0.6733044981956482,-2.3077855110168457,-2.4719011783599854
1774473260210886100,73.80088623046875,-6.853349645227193,0.6865401025287806,1.543283334723115,0.2179350107908249,-0.9520613551139832,-0.0317126959562301,-7.084537404948472,6.399598161745071,-2.494156656858325,2.1136016845703125,1.9768855571746824,-1.0492968559265137,10.539211410599949,-1.464223826533556,5.572126762872934,-1.2313340902328491,-2.255520820617676,-2.4056107997894287
1774473260220914200,73.8109140625,-7.518652460068464,1.097897236265242,1.861888096612692,0.3589196801185608,-1.2128877639770508,-0.0326789617538452,-5.209470093289017,4.609018813064695,-0.4528390448123216,2.136824369430542,2.662382364273072,-0.4403754770755768,8.154810428968071,-1.454708394691348,3.950395914378762,-1.735978364944458,-1.600186467170715,-2.166084051132202
1774473260230942200,73.82094213867188,-7.485635156607628,1.0006658193081617,2.5934470521718263,0.4755049049854278,-1.187257170677185,-0.0167066529393196,-5.556536395031213,3.169356888596713,1.0797124680161476,2.401550054550171,2.9668169021606445,0.1043959632515907,10.26145011575222,-1.7912760987728833,2.41812906371057,-2.0989489555358887,-0.7177410125732422,-1.9785605669021609
1774473260240970200,73.83097021484375,-6.491562159693241,0.3712793903701007,3.792352885845304,0.6679721474647522,-0.5160382390022278,-0.042904295027256,-6.290643281507491,1.4521312376797195,1.1631886236041784,2.6591837406158447,3.004267692565918,0.4999036192893982,8.269144664156437,-2.8902082310438155,1.3632330570429565,-2.393789052963257,-0.1040632426738739,-1.5958986282348633
1774473260250998300,73.84099829101562,-4.258070409192144,-0.7924871792525052,5.24818297804296,0.9590905904769896,0.7029752731323242,-0.1538603752851486,-5.170854239168763,0.1251794543296098,0.902442760965228,2.7440593242645264,2.890150547027588,0.6915022134780884,9.035220221823453,-3.608914134770632,0.5507441232472657,-2.577658176422119,-0.2119055092334747,-1.5566065311431885
1774473260261027000,73.85102709960937,-1.058586093357205,-2.3298238805308937,7.029832001292705,1.082921266555786,1.890891671180725,-0.175766259431839,-2.9517630622029305,-0.2086146933853626,0.8473778763473033,2.632967710494995,2.718651056289673,0.6816802024841309,10.979107387208938,-3.711672498455644,-0.0198369193702936,-2.6622424125671387,-0.5240445137023926,-1.4384979009628296
1774473260271055000,73.86105517578125,1.1129285089194774,-2.83780262876302,8.949316546827554,0.8873485922813416,2.536973714828491,0.0176503509283065,-1.4681108970999717,-0.1125479362934827,1.046488243806362,2.507449150085449,2.569809436798096,0.5515059232711792,7.63814977710843,-3.406356841728091,-0.0572317072629928,-2.7261104583740234,-0.7955648303031921,-1.2378679513931274
1774473260281083100,73.87108325195312,2.6903262946903705,-2.252310871130973,10.688639755523203,0.6974179744720459,2.30476188659668,0.284834086894989,-1.6932073542088268,0.0213771345496177,1.8587714258968828,2.4527976512908936,2.4737346172332764,0.5240263342857361,7.017294006758928,-2.663948575374484,-0.6077952132463454,-2.7608838081359863,-0.8602234721183777,-1.2376251220703125
1774473260291111200,73.88111108398438,3.3761581028193235,-2.0214700251512228,10.422649562489983,0.4704024195671081,1.6601306200027466,0.3450287282466888,-2.6889608515560623,-0.0968611223399639,2.4328414796739817,2.468531608581543,2.3599677085876465,0.410996675491333,6.835311299711465,-2.181599358439445,-1.5145494076699018,-2.699615001678467,-1.1315088272094729,-1.243188500404358
1774473260301139200,73.89113916015626,3.465995902393758,-2.3453873603656885,7.335965404143929,0.1457414627075195,0.9631173610687256,0.145711675286293,-1.395740657415986,-0.0868202053189277,2.0355618249982594,2.561984062194824,2.1955153942108154,0.2993159592151642,5.282887796199321,-1.604832028402388,-2.68700796392262,-2.6185238361358643,-1.7164543867111206,-1.2944159507751465
1774473260311167200,73.90116723632812,2.690351429131627,-1.7897252160690724,4.977036132898927,-0.1694015711545944,0.4792166948318481,-0.1569422036409378,-0.8285317215800285,-0.2359796701729297,1.7410992784574626,2.634582996368408,1.9334608316421509,0.1954453587532043,5.092490312027931,-2.368553716419637,-3.9372207909852266,-2.4217777252197266,-2.17362117767334,-1.4192780256271362
1774473260321195000,73.91119506835938,2.000654177746177,-1.3726429826840758,2.833552277842164,-0.4385716915130615,0.4055688977241516,-0.2818751931190491,-0.5356693037122487,-0.4377911132842302,1.5304954570814966,2.6339125633239746,1.6381759643554688,0.1284503489732742,4.513994843024015,-2.771056074179709,-3.9130911428570734,-2.0297529697418213,-2.512228012084961,-1.4547427892684937
1774473260331223300,73.92122338867188,2.3793583112895487,-1.1877429268851876,0.6937795522630215,-0.6437005996704102,0.584794282913208,-0.1285279989242553,-0.5279518612027168,-0.2885702736318111,1.52215257615,2.553919076919556,1.3927109241485596,0.0880648121237754,3.2491245450556274,-1.838591976699233,-3.3008027098447084,-1.6233774423599243,-2.327695369720459,-1.4250423908233645
1774473260341251000,73.9312509765625,2.954659952688217,-0.4504970117308199,-1.6047101555883885,-0.7939966320991516,0.7677560448646545,0.0960769727826118,-0.2622550981581211,-0.0434615405857563,1.7157690223678943,2.4723551273345947,1.3498345613479614,-0.01386927254498,2.6966742024123667,-1.7278481672182675,-3.677921035501361,-1.246505856513977,-2.068187713623047,-1.4163408279418943
1774473260351279400,73.941279296875,2.159323813745379,0.084870824816823,-2.8909786308944225,-0.8863337635993958,0.7019954323768616,0.2124288827180862,0.541233952102065,0.0462123005986213,2.0295690143242475,2.528857469558716,1.490478754043579,-0.2343052923679351,2.1990670644603667,-1.7138114585593345,-4.308185854709148,-1.088564395904541,-1.8146039247512813,-1.4591116905212402
1774473260361307100,73.95130712890625,0.0166372465461492,-0.03336027167961,-3.0509698708862065,-0.9063380360603333,0.4970102310180664,0.1892764568328857,0.8100649215191602,0.096003044205904,2.5710981499806045,2.836089849472046,1.62144136428833,-0.5620967745780945,1.76640293880105,-2.2217563045218585,-5.046673148226738,-1.1120377779006958,-1.3580074310302734,-1.5359712839126587
1774473260371335200,73.96133520507813,-1.54862644931674,-0.3410071478337049,-3.314618469229341,-0.7586907744407654,0.2606642544269562,0.0795363932847976,-0.0227332253336906,0.4750818562805652,3.1478727865412828,3.3449273109436035,1.506911039352417,-0.8686303496360779,0.2940823150515556,-2.431408524261415,-4.810027707621455,-1.070709466934204,-0.7058402895927429,-1.420844554901123
1774473260381363200,73.97136328125,-1.6324790370017288,-0.8795895625136793,-4.510348595476151,-0.4776544272899627,-0.1406562030315399,0.0868779644370079,-1.721478924447298,1.1885399224817752,3.656532502774894,3.8288981914520255,1.173665165901184,-1.0174399614334106,-0.7418626151695847,-2.9805209546536204,-3.9289901382565495,-0.8853777050971985,0.0643930062651634,-1.3904781341552734
1774473260391391200,73.98139111328125,-0.3696154026806354,-0.5361589869253337,-4.851489014300704,-0.10446248203516,-0.15311099588871,-0.0447032302618026,-2.6954204029589888,1.7585235837280748,3.8708945076406,4.14424467086792,0.9376224875450134,-1.0487158298492432,-0.2162383201315998,-4.353559658657014,-3.005142185690999,-0.7624956369400024,0.8373132944107056,-1.459316611289978
1774473260401419300,73.99141918945313,0.7954536278426647,0.4191659077912569,-2.813244233828783,0.2129518091678619,0.1736549139022827,-0.2629430592060089,-2.422831542313099,2.3590935218960047,3.920751302221417,4.248082160949707,0.8964686393737793,-1.052660584449768,-0.2401578326404094,-6.194786367774009,-2.6436820324152706,-0.8263707160949707,1.347822666168213,-1.665133357048035
1774473260411447000,74.00144702148438,1.6065578292816876,1.1459468352936208,-0.8300526475369929,0.4009172022342682,0.3848981857299804,-0.4004095494747162,-1.906021837371588,2.721813904365897,3.602050094220042,4.143630504608154,0.9822450280189514,-1.0594850778579712,0.0834054284393787,-7.586630017751455,-2.509135030281544,-1.0532114505767822,1.3974779844284058,-1.8523551225662231
1774473260421475000,74.01147509765624,1.8684683517858385,1.912560006968677,1.0682079081833362,0.4987259209156036,0.3201069831848144,-0.4278898537158966,-1.0804665012538432,3.023779081621766,2.971122134928405,3.926363945007324,1.166387677192688,-1.1082054376602173,0.2751622182652354,-7.561396207773685,-1.9594290179103613,-1.338206171989441,1.1581988334655762,-1.9662814140319824
1774473260431503400,74.02150341796874,0.9287140972971916,2.1690178170248866,2.043102157375216,0.5257711410522461,0.1226431727409362,-0.4602957367897033,-0.4552899450957774,3.7980163184344766,2.050018220373988,3.6712512969970703,1.3235297203063965,-1.1145471334457395,-0.2405959317967295,-6.527736465880275,-0.9747650698542596,-1.4657131433486938,0.6422674059867859,-1.9740291833877563
1774473260441531100,74.03153125,-0.1137257479012012,2.019862151563168,2.33948281249702,0.5073221325874329,-0.0245971269905567,-0.5402164459228516,-0.1674263584285974,4.13790702945888,1.1042272430043667,3.434324264526367,1.4849450588226318,-1.04021155834198,0.1125599189922213,-4.484122851851582,-0.4118663984328508,-1.5745466947555542,-0.0256592482328414,-1.9578776359558103
1774473260451559400,74.04155932617188,-0.4395698133945465,1.5752181036442516,2.5506588808029886,0.492921382188797,-0.0137687139213085,-0.6479450464248657,-0.0131149176388978,3.9661844351410864,0.4613528253313154,3.285946846008301,1.7092243432998655,-0.8843082785606384,0.0309413739696145,-2.9442110393881795,-0.8475298520386219,-1.6994324922561646,-0.620516300201416,-1.8484841585159304
1774473260461587200,74.05158715820312,0.0624400895610451,0.802714412625879,2.442603579753637,0.4702309072017669,0.1176565811038017,-0.7637718915939331,-0.2108978358864784,3.5682179672449825,0.6316595615018159,3.257261037826538,1.922058582305908,-0.6096175909042358,-0.1452702023304999,-2.518667997780442,-1.399623636329174,-1.7991186380386353,-0.8163813948631287,-1.7136659622192385
1774473260471615200,74.061615234375,0.7455950796961784,0.2491262981243431,1.9172014030337328,0.4347429573535919,0.2436960041522979,-0.8644140958786011,-0.9576280570924282,2.9880700548589227,1.3290626380242407,3.3040597438812256,2.1495418548583984,-0.2563551664352417,-0.32963030603379,-3.3178090819641946,-1.842583092162013,-1.9242091178894043,-0.7107607126235962,-1.5580257177352903
1774473260481643300,74.07164331054688,1.2438067594125866,-0.0343400764971971,1.0161264232903715,0.3718374967575073,0.3087016940116882,-0.9857789278030396,-1.7004034031927584,2.2176070758879183,1.817211335018277,3.3563623428344727,2.4009597301483154,0.0661541745066642,-0.5060705765232444,-4.422250040784478,-2.8273037388414144,-2.1729679107666016,-0.5278806090354919,-1.4350204467773438
1774473260491672300,74.08167236328126,1.723324844574928,-0.2006320240683853,-0.3092874829679727,0.2869444489479065,0.3914455771446228,-1.14631986618042,-1.9619325251638888,1.6030109504550694,2.109314897342771,3.360280513763428,2.6102004051208496,0.2557580769062042,0.0331046894833445,-5.179692794662714,-3.792044258287549,-2.423785448074341,-0.3218963742256164,-1.38994300365448
1774473260501700000,74.0917001953125,2.352367720772326,0.1068947328373789,-1.9247429044544693,0.1156768649816513,0.4973058402538299,-1.25689697265625,-1.5568705460488794,1.219178806373477,2.1006118047967552,3.322597980499268,2.714371919631958,0.2738321423530578,0.2029682119309902,-5.300121839594841,-3.8361855978310095,-2.5977113246917725,-0.1515089273452758,-1.3741440773010254
1774473260511728400,74.10172827148438,3.069004417009652,1.6593831182792782,-3.669877429777384,-0.1276867836713791,0.4404177963733673,-1.2471667528152466,-0.6387228509515523,1.061197737160325,1.9089679738260803,3.268068313598633,2.7276556491851807,0.1396770477294922,0.1126534424945712,-4.8808022025465965,-3.365474211719632,-2.683754205703736,-0.0695114359259605,-1.3445022106170654
1774473260521756200,74.11175610351563,3.292218129111826,4.140737284448743,-4.983581024497747,-0.3379778861999511,0.1981160640716552,-1.0773768424987793,0.0251572376102209,1.096235148271918,1.7972560499653218,3.194544076919556,2.6539196968078613,-0.0527485907077789,0.2014306271001696,-4.393287565672398,-2.920548424249888,-2.68184757232666,0.0170088075101375,-1.337957739830017
1774473260531784200,74.1217841796875,2.4150328512609005,5.162331910017133,-5.363530774188042,-0.6188372373580933,-0.0711260735988617,-0.7704952955245972,-0.0444242481380701,1.1987976971238852,1.863006871509552,3.1112000942230225,2.495929479598999,-0.2437038719654083,0.234451729953289,-4.015639955444634,-2.6764783866018056,-2.68073844909668,0.0123385600745677,-1.2565710544586182
1774473260541812200,74.13181225585937,1.2029095163568853,4.456918618583679,-5.04519547688961,-0.7263256311416626,-0.5179284811019897,-0.4731075465679168,-0.6901993556886911,1.7092361134678125,2.3914216740489005,3.034769296646118,2.238304376602173,-0.4347712993621826,0.3110433867245912,-3.747475925503671,-2.9120044677883383,-2.706937551498413,-0.025902034714818,-1.1493998765945437
1774473260551840300,74.14184033203125,0.4126210161924362,2.471913260868192,-4.168421410188079,-0.5637564063072205,-0.83381587266922,-0.3250775933265686,-1.154951541134715,2.347203177616,3.011664865458012,2.94478726387024,1.946133375167847,-0.6711891889572144,0.7096472757413983,-3.502212586417794,-3.270976311379671,-2.7503020763397217,-0.0864056795835495,-1.0941053628921509
1774473260561868300,74.15186840820313,-0.2291822651177644,-0.010459873085469,-2.379748187389969,-0.3453051149845123,-0.8868163824081421,-0.1959471702575683,-1.0195487989544867,2.5720827771037817,2.975434152908623,2.830324649810791,1.6736443042755127,-0.9661755561828612,1.1247694610998034,-3.010966069538892,-3.7894624251008033,-2.8857266902923584,-0.1472205519676208,-1.0112155675888062
1774473260571896300,74.16189624023437,0.2144257177516818,-1.789215659111738,-0.792194918307662,-0.1146892234683036,-0.8473544716835022,-0.0781488940119743,-0.726341513171792,2.322377948439121,2.3757418743580576,2.721104383468628,1.3837555646896362,-1.2658300399780271,0.9068614541903136,-2.475399349418282,-4.202485592353344,-3.035430431365967,-0.1527298241853714,-0.9768986701965332
1774473260581924000,74.17192407226563,0.6813838888093828,-2.575804427975416,0.3310094854325056,0.1039202734827995,-0.7373740077018738,-0.0381032973527908,-0.5595283182054758,1.697069874855876,1.5430392968341706,2.646177291870117,1.1599624156951904,-1.5516178607940674,0.4400722099587321,-2.0015724616348742,-4.171092675223946,-3.1144611835479736,-0.2825528085231781,-0.868950605392456
1774473260591952100,74.1819521484375,0.1945949358612299,-2.951769491943717,1.1181833607077598,0.291016936302185,-0.6057552695274353,-0.004395933356136,-0.5340747279971838,1.4506138188540936,1.0169494301110509,2.5949349403381348,0.9816824197769164,-1.7885510921478271,0.3312517697557807,-1.5702163498342037,-4.481723389494419,-3.247730016708374,-0.3694474101066589,-0.7692141532897949
1774473260601980200,74.19198022460938,-0.5571656807273626,-3.134426152729988,1.3412187936335802,0.3941259682178497,-0.4594594240188598,0.0609030723571777,-0.4846884735375642,1.800754705736041,1.0558353333443402,2.532684803009033,0.8489499092102051,-1.941001892089844,0.7355152919694781,-1.465176597213745,-4.78163221874237,-3.3790078163146973,-0.3743276596069336,-0.6901243925094604
1774473260612008200,74.20200830078124,-1.1351534924700857,-2.606274385040998,1.1617331640988589,0.3981135189533233,-0.3115130960941314,0.1262256205081939,-0.5741232452690601,2.4121692785233257,1.343466280299425,2.435832500457764,0.7487971186637878,-1.999464750289917,1.3564847518265246,-1.028304060079157,-4.703052018502355,-3.458004713058472,-0.294241189956665,-0.5552558302879333
1774473260622036200,74.2120361328125,-1.406275787694752,-1.4241095505490895,1.091982167002559,0.3586986362934112,-0.1354086548089981,0.1353345364332199,-1.01122462272346,2.857092727905512,1.4614941093087197,2.293639898300171,0.6061238050460815,-1.9340375661849976,0.9814739198431373,-0.493074024567008,-4.4566713658243415,-3.5307488441467285,-0.2052378058433532,-0.3214771449565887
1774473260632064000,74.22206396484376,-1.2497270893722772,-0.2819008788704872,1.288726389852166,0.2579413950443268,0.0998161062598228,0.0921141058206558,-1.5079419722288847,2.2880355338543654,0.8518027070522308,2.1261913776397705,0.5070629715919495,-1.8068186044692995,0.857054051709175,-0.0765381730183959,-4.538319721463322,-3.538167953491211,-0.0759122818708419,-0.1869219988584518
1774473260642092300,74.23209228515626,-0.5242237805902957,0.90626684929803,1.812420009088516,0.1295335441827774,0.33082976937294,-0.007485797163099,-1.8375319462522863,1.470741830125451,-0.0273942028820514,1.9613343477249143,0.4740456044673919,-1.6935794353485107,0.5330369093820453,-0.4011041813999414,-5.058644156527519,-3.528529167175293,0.1307229250669479,-0.0967878550291061
1774473260652120000,74.2421201171875,0.3040133419573307,2.2145902122847736,2.29641991584003,-0.0041856355965137,0.4192967712879181,-0.1476631462574005,-1.959419665560126,1.4234616080343725,-0.3023760961443185,1.7953537702560425,0.4830901324748993,-1.5985276699066162,0.4372103907868266,-1.05147187743783,-5.483755236458778,-3.6187973022460938,0.4152732193470001,-0.0852380543947219
1774473260662148400,74.2521484375,0.6177315008491278,3.270823751166463,2.398045476102829,-0.1436670124530792,0.3589336574077606,-0.2980208694934845,-1.96385209504962,1.7852718899220228,-0.3510270220667124,1.6049960851669312,0.5268619060516357,-1.5106406211853027,1.209038812892139,-0.9663856563046574,-5.388914221769571,-3.760000228881836,0.6754741668701172,-0.0603255219757556
1774473260672176000,74.26217602539063,0.4535965851813554,4.104289422017335,2.161703986880183,-0.2637987434864044,0.2343699038028717,-0.4197726249694824,-1.803725245979428,2.3689579133063554,-0.3220984492242336,1.4051793813705444,0.6043787002563477,-1.416629672050476,1.1176140363872051,0.1733513645634055,-4.455430425852537,-3.7861168384552,0.836587131023407,-0.0460530333220958
1774473260682204200,74.2722041015625,0.2031646112859249,4.610635600611567,1.6827718849122524,-0.3430649936199188,0.1254194974899292,-0.4973942935466766,-1.6240134064733982,2.9279443797200915,-0.2132394305765628,1.2286580801010132,0.6953182220458984,-1.3001912832260132,0.9323732043266296,1.0160904751941562,-3.547677868041396,-3.796997785568237,0.830307126045227,-0.0438407436013221
1774473260692232200,74.28223217773437,0.1320315121814608,4.580096377702057,1.2396364879906177,-0.3791569471359253,0.096998244524002,-0.5557928681373596,-1.575601550003886,3.0997920617222783,-0.2181248645305633,1.10175621509552,0.8027192950248718,-1.1649867296218872,0.6419263231679797,0.8975321925699711,-3.256296044120192,-3.81217622756958,0.7191516160964966,-0.0427577570080757
1774473260702260200,74.29226025390625,0.1841626814350485,3.8984325029075135,0.9497364270597696,-0.3900795876979828,0.1457120925188064,-0.5757707953453064,-1.562285556834936,2.908450574699044,-0.4106646214276552,1.0282989740371704,0.9085288047790528,-1.0235363245010376,0.0780114604413509,0.2385316927433013,-3.178723559617996,-3.7918505668640137,0.5786440372467041,-0.0734080821275711
1774473260712289000,74.3022890625,0.3550800968497991,2.792463896128535,0.7310252870738506,-0.3697865903377533,0.2360201478004455,-0.5597649216651917,-1.4450117610633373,2.5711913812220093,-0.6313835941046476,0.9846557974815368,0.9918534755706788,-0.896961510181427,-0.2547390234395861,-0.4639607428073883,-3.316153423711657,-3.767739772796631,0.4409116506576538,-0.1340353488922119
1774473260722317300,74.3123173828125,0.699146047732234,1.5278300372645257,0.5467962624043226,-0.3275405466556549,0.3214922547340393,-0.5023685693740845,-0.936147169907391,2.081460237342119,-1.0405565156698229,0.930008828639984,1.1017285585403442,-0.8412891626358032,-0.5890265076294541,-0.8965519493609666,-3.5964521280825137,-3.737833261489868,0.3554332256317138,-0.2108395844697952
1774473260732345000,74.32234497070313,0.9703145201861858,0.1581974153775721,0.3040232788294553,-0.291696548461914,0.3556171953678131,-0.4084950685501098,-0.115719844327867,1.8569927257865664,-1.468434722226858,0.848126232624054,1.2038017511367798,-0.8564942479133606,-0.7443041631028056,-1.0299129565805196,-3.903890768313408,-3.737503290176392,0.3275215029716491,-0.3099811971187591
1774473260742373000,74.332373046875,0.9653256258577108,-0.7784280395660549,0.1612853714555502,-0.2985161244869232,0.3835487067699432,-0.2782270610332489,0.4899056236639618,1.9411539410293104,-1.7814532084167003,0.731042206287384,1.265196681022644,-0.884486198425293,-0.4142880726218223,-0.8261158926099539,-4.081984066706895,-3.744795560836792,0.2910886704921722,-0.3475075364112854
1774473260752401200,74.34240112304687,0.7888578828394412,-1.2756731392726302,0.2386585339933633,-0.3214986622333526,0.3970362842082977,-0.1217780411243438,0.7098834225848317,1.9539473716288804,-2.0310598374038933,0.6034566760063171,1.316866397857666,-0.8917557001113892,-0.1383586693763732,-0.0397784681588411,-3.818504395189881,-3.7187812328338623,0.2526562809944153,-0.2827283143997192
1774473260762429200,74.35242919921875,0.6694003132879733,-1.6462728768154975,0.2816612248957157,-0.3574824035167694,0.3792523443698883,0.0328611209988594,0.6429293627306819,1.883661537003517,-2.1791426129370928,0.5055516958236694,1.335827350616455,-0.853210985660553,-0.3433502038285136,0.7096212645173072,-3.340913186436892,-3.680845022201538,0.2583972513675689,-0.1479449272155761
1774473260772457200,74.36245727539062,0.5103443083196878,-1.8567460575491188,0.2805745987027883,-0.3905985355377197,0.3387637734413147,0.1477160602807998,0.277865339744091,1.6648177105486393,-2.1164748521000147,0.4661511480808258,1.3231403827667236,-0.7858690619468689,-0.2274763379827141,1.0867711543560028,-3.161364428538084,-3.660736083984375,0.3327787518501282,-0.0278734024614095
1774473260782485200,74.3724853515625,0.3632666181758046,-1.7796712934359906,0.1242488954812288,-0.4141640067100525,0.2865894734859466,0.2067786157131195,-0.1036480060011148,1.058235964745283,-1.8716800073087208,0.4762977957725525,1.2779971361160278,-0.7196019291877747,-0.1958332454845309,1.0301777449965477,-3.363885481223464,-3.6876070499420166,0.4588575959205627,0.1248437017202377
1774473260792513000,74.38251293945312,0.2596677120134234,-1.5116259214386345,-0.1921522188842296,-0.4118148386478424,0.2397798746824264,0.2480959594249725,-0.4212696020722389,0.4237982437670231,-1.5327894132375717,0.4850939214229584,1.2162578105926514,-0.6751206517219543,-0.3554689500369131,0.8936316780000925,-3.687898824158311,-3.7211503982543945,0.6636080145835876,0.2273771315813064
1774473260802541300,74.39254125976562,0.232262110954523,-1.114351381329447,-0.4849082537680864,-0.3857457935810089,0.2418594807386398,0.3161883950233459,-0.5579278972715139,0.0738689538091421,-1.2202122410744427,0.445481538772583,1.125656008720398,-0.6628317832946777,-0.4520274361684918,0.68089493624866,-3.713523679280281,-3.677338361740112,0.919699490070343,0.279814213514328
1774473260812569000,74.40256909179688,0.5212047250300645,-0.7060238245472311,-0.7932470577090979,-0.3541529774665832,0.2851499617099762,0.4053443670272827,-0.4597241281509399,-0.0485129787564277,-0.9876602072626351,0.3471576273441314,0.9979350566864014,-0.7063166499137878,-0.2354582766473293,0.493486112499237,-3.621145839834213,-3.6525025367736816,1.1403783559799194,0.2850721478462219
1774473260822597400,74.41259741210938,0.7906687316536903,-0.394308456845209,-1.1290051989734171,-0.2889274358749389,0.2554478049278259,0.5428339838981628,-0.1444192845895886,-0.0617822101742029,-0.8629670751452445,0.2175628840923309,0.8614017367362976,-0.8007590174674988,0.0581494066298007,0.4512210882216692,-3.308690248224139,-3.596496343612671,1.2383230924606323,0.2837434709072113
1774473260832625200,74.42262524414062,0.8268421610578894,-0.2016004307091236,-1.5611369713217018,-0.2261596620082855,0.1645077764987945,0.7040465474128723,0.2152532546170055,-0.1638479154199361,-0.8374556172698736,0.100371278822422,0.7129003405570984,-0.9279992580413818,0.026742168714106,0.6672118633329868,-2.8264076667845246,-3.5161054134368896,1.1935685873031616,0.2836329340934753
1774473260842653200,74.43265307617187,0.6272565773025155,0.1420277132779359,-1.7082593773901462,-0.1756271123886108,0.0532121993601322,0.8244596719741821,0.4057314028091728,-0.3126245184361934,-0.693754417821765,0.0380591675639152,0.5585792064666748,-1.0779008865356443,0.1172946924291551,0.8003969294637441,-2.458761518350244,-3.420231819152832,1.0601681470870972,0.2936272323131561
1774473260852681200,74.44268115234375,0.3733399761617183,0.5772018489968032,-1.8789912071049213,-0.1418814063072204,-0.0262831598520278,0.8711975812911987,0.5652706612497568,-0.4377829299777745,-0.4793564648598432,0.0348449237644672,0.4026790261268616,-1.2465678453445437,0.0952139396548271,0.8225432948201894,-2.0739047073960304,-3.311041116714477,0.9500662684440612,0.3409359455108642
1774473260862709200,74.45270922851563,0.2562242935612797,0.8711394218154251,-1.8321581442594528,-0.1183490678668022,-0.0366509929299354,0.8392372727394104,0.7861608988404274,-0.517374937608838,-0.1995703861862421,0.0727259889245033,0.2515307664871216,-1.416736364364624,0.0083411273658275,0.7212737083882093,-1.760298776707053,-3.1935153007507324,0.9109833240509032,0.3957539200782776
1774473260872737300,74.4627373046875,0.2214005252003669,1.0774428425837308,-1.407098502254486,-0.0963769257068634,0.0024415480438619,0.7651423215866089,0.943533626896888,-0.4335036452233791,0.1350537826120853,0.1338068097829818,0.0993336960673332,-1.5717415809631348,-0.0143992583610117,0.4798538929879665,-1.68701931322366,-3.0685489177703857,0.9325189590454102,0.4746788740158081
1774473260882765300,74.47276538085937,0.1982964207276701,1.1953553015850484,-0.7334346863031387,-0.081319436430931,0.0480240285396575,0.6899758577346802,0.8850269312620163,-0.2150192997306585,0.5170598803102969,0.2071342766284942,-0.0658030658960342,-1.6933497190475464,-0.1032804878629744,0.2292301959127187,-1.8571663287878035,-2.96084976196289,1.0144498348236084,0.5768632888793945
1774473260892793000,74.48279296875,0.0643614130124449,1.2488371547952293,0.0690033935993909,-0.0730356723070144,0.0863064378499984,0.6358020901679993,0.6537688827835023,0.028262217888236,0.8783668888509273,0.2683601677417755,-0.2410190254449844,-1.7914679050445557,-0.2193140743151307,-0.0005178863942623,-2.1647940618500114,-2.8687634468078613,1.1878292560577393,0.6870610117912292
1774473260902821400,74.4928212890625,-0.1667678945198655,1.246553135511279,0.8344307164907455,-0.068721204996109,0.1177774146199226,0.5958192348480225,0.2956393352352082,0.1342792911082506,1.0441279444158076,0.309234082698822,-0.3860169649124145,-1.860191345214844,-0.365886153024435,-0.2125321590900421,-2.473108315871656,-2.7920241355896,1.4613776206970217,0.787279486656189
1774473260912849200,74.50284912109375,-0.3147098002776503,1.180314676580578,1.4178303241491317,-0.079337902367115,0.1661540120840072,0.5686440467834473,-0.1328618255257606,0.1310866325467825,1.18702016556859,0.3474662005901336,-0.4878043234348297,-1.8952549695968628,-0.2974675735756755,-0.4621300202488899,-2.7577868427619334,-2.733376264572144,1.7948791980743408,0.8523956537246704
1774473260922877200,74.51287719726562,-0.3034805502548813,1.1485200467824934,1.8837369403272863,-0.0849656388163566,0.2333534657955169,0.5301023125648499,-0.6938263140141964,0.1338677876979112,1.4155974505305289,0.3931066393852234,-0.5385007262229919,-1.89988386631012,-0.2165910790920257,-0.7222749943852425,-2.888152467557788,-2.6596386432647705,2.141475915908813,0.8885493874549866
1774473260932905200,74.5229052734375,-0.2365159690067172,0.9806238788850604,2.111347426083684,-0.09783935546875,0.3225342035293579,0.4996666312217712,-1.157544480237365,0.210691499659419,1.5537842704713345,0.443864643573761,-0.5437109470367432,-1.881243348121643,-0.0957343102671205,-0.892934927907586,-2.801150475931168,-2.560269594192505,2.458124876022339,0.8826830387115479
1774473260942934300,74.53293432617187,-0.1232248131304979,0.6825048556633293,2.187263960072398,-0.108278565108776,0.3955332636833191,0.4921953380107879,-1.449066589412093,0.453925671005249,1.6114952856838702,0.4947496652603149,-0.5429607629776001,-1.82440984249115,0.0230909527301788,-1.0748509994596245,-2.613342715992033,-2.4354023933410645,2.737497568130493,0.8535698652267456
1774473260952962000,74.54296215820312,-0.0997837317883968,0.381087813809514,2.034064864438772,-0.0996808186173439,0.4808889031410217,0.4585867822170257,-1.4453841015070676,0.5492062461555004,1.4956336947977542,0.5610564947128296,-0.5723503828048706,-1.727645754814148,0.1680430290222168,-1.1970792027682065,-2.291512708445638,-2.2749240398406982,2.968567609786988,0.8065192699432373
1774473260962990300,74.552990234375,-0.1917328244283795,0.0685145871691405,1.6827064184606075,-0.0826855227351188,0.5252198576927185,0.4642302691936493,-1.1072060396194456,0.4981272163033485,1.2582745529651642,0.6206404566764832,-0.597805917263031,-1.6171871423721311,0.4254574091508984,-1.3075287054777145,-1.9668211739882824,-2.0946309566497803,3.1399893760681152,0.730415403842926
1774473260973018000,74.56301806640624,-0.1333013859868049,-0.2379036970380693,1.3057231173604726,-0.0722038522362709,0.5802735090255737,0.4629466235637665,-0.7133610355675221,0.2479571082144975,0.8384820377081632,0.688563883304596,-0.597805380821228,-1.496533989906311,0.5962941605448723,-1.5275322233617306,-1.7246280361279844,-1.902340650558472,3.2715306282043457,0.6599583625793457
1774473260983046400,74.57304638671874,-0.1027697618618607,-0.4310179658874869,0.8613847743898629,-0.054616630077362,0.6256141066551208,0.459911972284317,-0.4484837722122669,0.0208335291922092,0.5056973592966795,0.743180513381958,-0.5785544514656067,-1.400137186050415,0.7107754029884934,-1.4800602780908343,-1.6269431763149798,-1.7028852701187134,3.3432090282440186,0.6064141988754272
1774473260993074200,74.58307421875,-0.0874786692276596,-0.605000979417935,0.4579103567272424,-0.0455600172281265,0.6635494828224182,0.4609053432941437,-0.3515080835819244,-0.2176800433725118,0.1595505104869604,0.7695788145065308,-0.5815443992614746,-1.3356462717056274,1.0460391848646104,-1.02504447376132,-1.6085596706233918,-1.5159276723861694,3.3404769897460938,0.5503756403923035
1774473261003102200,74.59310229492188,-0.0844549374923109,-0.7188705927692354,0.1031342112600803,-0.0367748700082302,0.6670024394989014,0.4702215790748596,-0.4296259270071983,-0.2174982570648193,-0.0488596002370119,0.7742065787315369,-0.6417369246482849,-1.307961106300354,1.1605623667538163,-0.3999363066643476,-1.5804543968625366,-1.3335295915603638,3.2536184787750244,0.5216550827026367
1774473261013130200,74.60313012695312,-0.1735188300848007,-0.7668520949974655,-0.2226823817044496,-0.0348949432373046,0.6290901899337769,0.4921162128448486,-0.5868097083628178,-0.0592085602939128,-0.1400403388530015,0.7468819618225098,-0.7652572393417358,-1.327279567718506,1.0572376013576985,0.1958843911498785,-1.4855056840151548,-1.1542812585830688,3.1283175945281982,0.4924890995025635
1774473261023158300,74.613158203125,-0.2916121255457401,-0.7837644321579486,-0.5225830276459456,-0.0268450118601322,0.5714201331138611,0.5047540664672852,-0.7683627187561244,-0.3809381762057542,-0.4653507358610629,0.71407151222229,-0.903391420841217,-1.3862351179122925,1.0030734649717807,0.4982563956409692,-1.3612933211520313,-0.9906771779060364,2.997347831726074,0.4619495570659637
1774473261033186300,74.62318627929687,-0.373965414583683,-0.7837938774481416,-0.6936503729254007,-0.0183924064040184,0.5351678729057312,0.512163519859314,-0.9107418027549982,-0.3586439268112182,-0.4825362639397382,0.6944634318351746,-1.0766457319259644,-1.464452624320984,1.108913720320165,0.5635036515772343,-1.2039357906647026,-0.8453509211540222,2.8391616344451904,0.4204095304012298
1774473261043214300,74.63321435546875,-0.4594418040782212,-0.7844371437877417,-0.7418810276091098,-0.0160755962133407,0.5277547836303711,0.5037540197372437,-0.6721604256510734,-0.1820627865463495,-0.4072439993292093,0.667014479637146,-1.2269580364227295,-1.506412386894226,1.267138096769899,0.6747609635382891,-1.1116729559004306,-0.7092641592025757,2.6241800785064697,0.3763155937194824
1774473261053242000,74.6432421875,-0.5873731874644756,-0.6151776516478509,-0.7438795079499483,-0.0036293142475187,0.5424927473068237,0.5052534341812134,-0.4004641299307346,-0.0072919105738401,-0.6058779814481735,0.6275871992111206,-1.3501795530319214,-1.463907241821289,1.12214612685889,0.93832188359797,-1.0564020273163914,-0.5961268544197083,2.407463312149048,0.3665165305137634
1774473261063270100,74.65327026367187,-0.76419544300884,-0.3885724704764783,-0.663705316516757,0.0142878703773021,0.5887210369110107,0.5330490469932556,-0.0508248358953744,0.2741758375763893,-0.8675929813802242,0.5801631808280945,-1.4374196529388428,-1.3823444843292236,0.8192737716302275,1.1096148543268445,-1.0622036993324755,-0.521491527557373,2.208941698074341,0.3840401470661163
1774473261073298200,74.66329809570313,-0.6565282644942403,-0.2476350366532802,-0.2178741046398878,0.0292905233800411,0.6945196390151978,0.5647886395454407,0.5015309603322297,0.757634477058053,-1.01075875877738,0.513558030128479,-1.500866413116455,-1.298676609992981,0.7772787964656949,1.1922136425584553,-1.1964904430948198,-0.4766947627067566,1.9869203567504885,0.4153848588466644
1774473261083326200,74.673326171875,-0.0634969051375985,-0.2456035308256745,0.4944458974421024,0.044384017586708,0.8268003463745117,0.5754814743995667,0.975394599929452,1.331500532695651,-1.1270669243872165,0.4227402210235595,-1.5275605916976929,-1.2233892679214478,0.8424094402849673,1.294690851214528,-1.4029279385715725,-0.4454777240753174,1.7498928308486938,0.4413520097732544
1774473261093354200,74.68335424804687,0.4825494156822562,-0.2567500710010528,1.1158750837653877,0.0484653115272522,0.8554466366767883,0.5479742288589478,1.1015730752337722,1.5896762525856494,-1.3163251753956078,0.3262033462524414,-1.4940245151519775,-1.1493700742721558,0.8286309441708027,1.2978957847356796,-1.5460238656029104,-0.4203179180622101,1.540611982345581,0.4811684787273407
1774473261103382000,74.69338208007812,0.5171873060822486,-0.2891856290511786,1.5771967102408408,0.0375744141638278,0.7883905172348022,0.4647191166877746,0.8231231405347585,1.5476497132390736,-1.3424234932482242,0.2432296276092529,-1.4231947660446167,-1.0729320049285889,0.5782116836264729,1.0478425810247658,-1.575819868929684,-0.4075280725955963,1.3860349655151367,0.5599852800369263
1774473261113410300,74.70341040039062,-0.1037210712373256,-0.2830212612025439,1.567934960898757,0.0093076191842556,0.6997203230857849,0.4023577272891998,0.4138736466020345,1.2907961818635465,-1.2571528554588556,0.1813783794641494,-1.3668848276138306,-0.9948870539665222,0.4821420039251446,0.6916127296179533,-1.5997130779534576,-0.3899636268615722,1.2786678075790403,0.6265980005264282
1774473261123438000,74.71343798828126,-0.7673930700063705,-0.3984010599210858,1.4582511818647383,-0.0206541642546653,0.6967326402664185,0.3795499205589294,0.1510626681268215,1.0017466002821922,-1.0795406185805796,0.1598736196756363,-1.3195338249206543,-0.9536850452423096,0.2264600005470216,0.3489870406717061,-1.64749978826195,-0.3548101782798767,1.221569538116455,0.7078502774238586
1774473261133466400,74.72346630859376,-0.9689258423067628,-0.5580407099962235,1.0250772069871426,-0.0288295354694128,0.7118892073631287,0.3908014893531799,0.1913135030377656,0.9463736726284028,-0.7108890924960375,0.1344946324825287,-1.283006191253662,-0.9227758049964904,-0.3176338710308075,0.1597100849628448,-1.7535573396228252,-0.3177582025527954,1.2261115312576294,0.7970244884490967
1774473261143494100,74.733494140625,-0.9058958240285516,-0.665330725761503,0.2442132455110549,-0.0411721840500831,0.6372193694114685,0.3854520320892334,0.111649014692381,0.8047498639762402,-0.3998860377818345,0.1076925918459892,-1.2883397340774536,-0.881787896156311,-0.586950870399177,0.1586521003425121,-1.9000889401912688,-0.3228965103626251,1.3092445135116575,0.8574635982513428
1774473261153522200,74.74352221679688,-0.9250421307861804,-0.7945501031316816,-0.7088584634512662,-0.0663441121578216,0.4844330549240112,0.3793424665927887,-0.0515168367475271,0.6885322992593049,-0.0797708713293075,0.106231153011322,-1.3105205297470093,-0.8643157482147217,-0.8976702858664095,0.2361667171776294,-2.081040112233907,-0.3656372427940368,1.444098711013794,0.8976368308067322
1774473261163551000,74.75355102539062,-0.8891790825054049,-0.6767132666498422,-1.4816367336273193,-0.0937215387821197,0.3026582598686218,0.3925590217113495,0.0418089510731399,0.7589005514711141,0.2323398523658514,0.1159325167536735,-1.3318886756896973,-0.876014232635498,-1.0750009293243288,0.0012795184165239,-2.168655851844698,-0.3915484845638275,1.5794850587844849,0.8783465027809143
1774473261173579300,74.76357934570312,-0.6172061618007719,-0.6029337446898222,-1.8014993866235016,-0.119349405169487,0.1469709426164627,0.4233126640319824,0.1170675326097756,0.8514648533999919,0.3301882321774959,0.1154354214668273,-1.3291404247283936,-0.9317598938941956,-0.9426315634906292,-0.4192798895597457,-1.986621853001416,-0.389845997095108,1.6824270486831665,0.8200229406356812
1774473261183607000,74.77360693359375,-0.295151990109682,-0.6336446709044278,-1.6002303798258304,-0.1510252803564071,0.0691629573702812,0.4725372195243835,0.0985305168569087,1.1030395675897595,0.182556123021245,0.1379796266555786,-1.315764546394348,-1.0355017185211182,-1.0580360582590105,-0.6817740571707487,-1.541336292308569,-0.3517995476722717,1.702370047569275,0.7554210424423218
1774473261193635300,74.78363525390625,-0.1155038634896278,-0.6876368117243051,-1.2163017896324395,-0.1662090271711349,0.0850553661584854,0.5219529867172241,0.0331330387949943,1.5092770202249288,0.1922609399557113,0.1983591765165329,-1.279122233390808,-1.1205655336380005,-1.1769596670642497,-0.8443629124402999,-1.0733199905000623,-0.2911670804023742,1.6222697496414185,0.6646515727043152
1774473261203663000,74.7936630859375,-0.1407081551119685,-0.7491751301400363,-0.8691542393475771,-0.1620940119028091,0.1663639545440673,0.556352436542511,-0.2844528283756226,1.8726912301778795,0.0514513702958822,0.2791847884654999,-1.191576361656189,-1.1250708103179932,-1.1512076784312724,-0.9893021292507648,-0.6710567021928727,-0.2246535718441009,1.424021601676941,0.5534371733665466
1774473261213691100,74.80369116210937,-0.4046612893596291,-0.7780173398733139,-0.6204542038112878,-0.1386022716760635,0.2530921697616577,0.5693832635879517,-0.7518646614849567,2.3028040639191865,-0.3200970462739467,0.3427962064743042,-1.0614392757415771,-1.0299419164657593,-1.0721502160683274,-1.137362692952156,-0.4328824445851147,-0.1590861082077026,1.1711899042129517,0.4396945238113403
1774473261223719200,74.81371923828125,-0.8124576618745922,-0.7598312564499676,-0.4389788617640733,-0.1061549112200737,0.2981537282466888,0.5593810081481934,-1.0262116178445515,2.7087843269228933,-0.9178127640545368,0.3331589996814728,-0.8699031472206116,-0.8445267081260681,-1.044309292332083,-1.336821435457468,-0.1870339990876615,-0.0919115990400314,0.9863276481628418,0.3280870318412781
1774473261233747200,74.82374731445313,-1.2647047321431335,-0.7119444467678666,-0.3230716781705617,-0.057391632348299,0.3152043521404266,0.5341653823852539,-0.9544663781911136,2.7910435079365965,-1.616691685283184,0.2556571960449219,-0.6097586750984192,-0.5787836313247681,-1.2236591666579246,-1.4892916322946548,0.0911189254261553,-0.0376983992755413,0.8502246737480164,0.236410915851593
1774473261243775200,74.83377514648437,-1.5820058640882373,-0.6669162413872778,-0.2458656888931989,-0.0093845762312412,0.327409029006958,0.5074008107185364,-0.6344963192977011,2.5177596507638693,-2.1413696393817663,0.1613712012767791,-0.2939421236515045,-0.2484289407730102,-1.4060627294659611,-1.3254349490463733,0.0419638493739068,-0.0337164402008056,0.6814899444580078,0.1646698862314224
1774473261253803300,74.84380322265625,-1.6611083346366882,-0.5445943684458733,-0.2399064882278442,0.0312419459223747,0.3446497917175293,0.4823095500469208,-0.2098942118018865,2.0423329265683887,-2.2402502848505974,0.1040655821561813,0.0103187104687094,0.0919499322772026,-1.4123743968307971,-0.9394085097908972,-0.3192192405261099,-0.075568251311779,0.5121129155158997,0.136382445693016
1774473261263831000,74.8538310546875,-1.5465079958580434,-0.3167883601173758,-0.2607663209050894,0.0634263455867767,0.35447558760643,0.4541688561439514,0.3677075232326984,1.4928560467779637,-2.038925163951516,0.0822444409132003,0.2314436286687851,0.3594388961791992,-1.6131322392359375,-0.6444312917262316,-0.8324389581516385,-0.1384705007076263,0.3445308804512024,0.1358692646026611
1774473261273859300,74.863859375,-1.3416998551487922,-0.095934801275283,-0.3100830172598361,0.0810817703604698,0.3635127544403076,0.4274696111679077,0.8135093628846108,0.932924408468604,-1.72699564204216,0.055362656712532,0.2820201814174652,0.4429418444633484,-1.3415586931124328,-0.5057090497344732,-1.366353088759631,-0.1582601964473724,0.2089451104402542,0.1195977628231048
1774473261283887000,74.87388720703125,-1.1380175035990774,0.1106409336283802,-0.3619488135755062,0.0838914439082145,0.3716655969619751,0.3992905616760254,1.14398985600695,0.3800269065797328,-1.2210393395483492,0.0096798567101359,0.1781164407730102,0.3311649858951568,-0.8473848906099796,-0.2734451852142811,-1.494975377019495,-0.1195703223347663,0.2207311987876892,0.1451119035482406
1774473261293915400,74.88391528320312,-0.909741539671272,0.2419651743233203,-0.4926315414965152,0.0841135457158088,0.3628145754337311,0.3636915385723114,1.1311790358811615,-0.1887830347120761,-0.4187286854177713,-0.0532383285462856,-0.0103016402572393,0.0811881348490715,-0.9430246544614432,0.0381207640796899,-1.1686316914409398,-0.056625846773386,0.3750697076320648,0.1723752617835998
1774473261303943200,74.89394311523438,-0.6984231402851641,0.2749759019128978,-0.7224363224267959,0.0951405987143516,0.3251600265502929,0.315192848443985,0.7190992869585752,-0.7449521056175231,0.5206009139180183,-0.1041635647416114,-0.2246109992265701,-0.154959425330162,-0.933532311233878,0.2315659453839063,-1.0283676268346609,-0.0075033083558082,0.4872516393661499,0.1676843762397766
1774473261313971200,74.90397119140626,-0.5150713368415832,0.2645100374780595,-0.975175988742709,0.0994810163974762,0.2603048682212829,0.2869244813919067,0.078844988656044,-1.0998328805029391,1.16290571500957,-0.1514558047056198,-0.4561151266098022,-0.3296270370483398,-0.5701774302527308,0.3181581871658563,-1.1855061077438294,-0.0178631003946065,0.5243738293647766,0.1631440222263336
1774473261323999200,74.91399926757812,-0.2733237507916987,0.2396165653705596,-1.1273170997560022,0.0960994735360145,0.1925230473279953,0.2659163773059845,-0.0301775499902665,-1.0207827246636152,1.0675818852394818,-0.1810480505228042,-0.6655548810958862,-0.4469643235206604,-0.6819102507710456,0.3600701602220535,-1.162476968203485,-0.0292917899787426,0.5521069169044495,0.1777634471654892
1774473261334027300,74.92402734375,0.0291314019381999,0.2218764721490442,-1.0195113895535468,0.075376883149147,0.1382187902927398,0.2670138776302337,0.3292904065549373,-0.558505989420414,0.494345944198966,-0.2013924121856689,-0.7874152064323425,-0.5329298973083496,-0.9590803017273544,0.3467968371510505,-0.9330698082886636,-0.0325590297579765,0.546164333820343,0.1778852790594101
1774473261344055300,74.93405517578125,0.3151367935180664,0.1481957343883812,-0.6747469350129366,0.0451079197227954,0.1407008618116378,0.2666807174682617,0.6650239978998899,-0.0134288058936595,-0.0557750787138938,-0.2308499068021774,-0.7886652946472168,-0.5759124755859375,-0.925645357376337,0.2647574363678693,-0.8245406061172484,-0.037313837558031,0.4733708500862121,0.1539426743984222
1774473261354083300,74.94408325195313,0.5746069371327758,-0.0309929580263793,-0.0901075564265251,0.0184219814836978,0.2273254990577697,0.2801941335201263,0.7352924429990351,0.341586993548274,-0.3326385479390621,-0.2511503398418426,-0.6810115575790405,-0.550308346748352,-0.7949845490261912,0.244742822343111,-0.7660609446197748,-0.0328702889382839,0.3549931645393371,0.1115037649869918
1774473261364111000,74.95411108398437,0.8322014961339533,-0.3351905705094337,0.5711188027560711,-0.0107767358422279,0.3702523410320282,0.2992807626724243,0.5408557664394378,0.451558941873908,-0.2840817300409078,-0.2476695775985717,-0.5179118514060974,-0.4675402641296386,-0.5717500863969326,0.2455734279483556,-0.5573704095192253,-0.0062780915759503,0.2368971407413482,0.0522798560559749
1774473261374139400,74.96413940429687,1.0098805146381258,-0.6734193396709859,1.005413306096196,-0.0379332564771175,0.4961445033550262,0.3257773518562317,0.1980288558326661,0.606578238672018,-0.1828583208382129,-0.2308892160654068,-0.3512232303619385,-0.3711458444595337,-0.5495610509425402,0.0152256261825561,-0.2159564344502985,0.0656287595629692,0.1588394790887832,0.0197464860975742
1774473261384168200,74.97416821289063,0.974654010695219,-0.9029707303620874,1.11795948882401,-0.049206905066967,0.5496299862861633,0.344989150762558,-0.1754110735721886,0.8799538657814264,-0.2483072368264198,-0.1963432133197784,-0.2316896319389343,-0.2792132496833801,-0.6867512610614299,-0.362353887245059,0.025641806256771,0.1733661293983459,0.1313766986131668,0.0154406866058707
1774473261394196200,74.9841962890625,0.7027123619116842,-0.9899300518907606,0.9232657687634228,-0.0510966852307319,0.5166837573051453,0.3526270985603332,-0.6519979275882244,1.068887122619152,-0.5487918201357126,-0.143246442079544,-0.1708071082830429,-0.1906027048826217,-0.6883972747027873,-0.70047758859694,-0.012834931653738,0.2607654929161072,0.1535152941942215,-0.0041005238890647
1774473261404224300,74.99422436523437,0.4334368635974824,-0.960726023107767,0.4374854083359241,-0.0403034463524818,0.4174078702926636,0.329574704170227,-0.841372352322191,1.1444821695685383,-0.9139175101816652,-0.0953937023878097,-0.1031029000878334,-0.1051988527178764,-0.7402069569170474,-0.8083698080390691,-0.289624166598916,0.2775511145591736,0.1693973094224929,-0.0411104708909988
1774473261414252300,75.00425219726563,0.2268212350748479,-0.8535542268946766,-0.2013350577712059,-0.0343795120716095,0.2725332379341125,0.2862080633640289,-0.7104103690683842,0.9745639943242072,-1.3197294308811425,-0.0876797512173652,-0.00819833856076,-0.020965052768588,-0.8274109008565544,-0.7005635133147239,-0.6026314007423818,0.2417742609977722,0.1703773736953735,-0.0968497619032859
1774473261424279800,75.01427978515625,0.0202839324854314,-0.6679186964280903,-0.7291232528448104,-0.0412274673581123,0.1346781253814697,0.2308672815561294,-0.32380233053267,0.8220873677462339,-1.545845878687501,-0.1058403775095939,0.111425794661045,0.0219627078622579,-0.7749579523026943,-0.430361255544424,-0.6407245461627841,0.1924658417701721,0.1594853103160858,-0.1641473025083542
1774473261434307800,75.02430786132813,-0.0271101252436637,-0.2663813843078911,-1.130003562361002,-0.0639383718371391,0.0198567360639572,0.1751222610473632,0.1871348291136324,0.8904010255157947,-1.4171446799725294,-0.1355912834405899,0.2326643913984298,0.0475574843585491,-0.7305491939947009,-0.0846095435321331,-0.3114779787495732,0.1691185235977172,0.1185412630438804,-0.218687430024147
1774473261444335900,75.0343359375,-0.0553355182528495,0.2023154471106827,-1.325972709184885,-0.086282767355442,-0.0654322206974029,0.1352242082357406,0.3782816703476011,0.9438508761525154,-1.1165694957703352,-0.147503063082695,0.3077729642391205,0.0833330601453781,-0.8467755265399813,0.2773877853602171,0.0574761835433542,0.1763561964035034,0.0319533720612525,-0.2166019082069397
1774473261454364000,75.04436401367188,-0.0491325719594955,0.654186377543211,-1.4086398864775895,-0.1009831503033638,-0.1254210025072097,0.13004170358181,0.0677438950575888,0.7603215241849423,-0.900775704535842,-0.1357179582118988,0.3458538353443146,0.1579819321632385,-0.9591980828881264,0.5274848282128572,0.1178942657575011,0.1811990290880203,-0.0706947371363639,-0.2064693570137024
1774473261464392000,75.05439184570312,-0.0767734430789947,0.960089332639426,-1.366533267632127,-0.1015876084566116,-0.1593327671289444,0.1499212086200714,-0.4287444679975509,0.5823638348698615,-0.8132938204377889,-0.1381883025169372,0.3882809281349182,0.2468268424272537,-0.8177797336801886,0.4486509454727173,-0.116490974830836,0.1855024397373199,-0.1658627986907959,-0.2002317011356353
1774473261474419700,75.06441967773438,-0.199177002954483,0.9495420735314488,-1.0879115565627813,-0.0819092467427253,-0.1621559858322143,0.1603227108716964,-0.4565770622968673,0.3877788358807563,-0.836805628928542,-0.1640375256538391,0.4476430118083954,0.3288405239582062,-0.4991954300567507,0.1211281331121921,-0.3827892108999192,0.1762898564338684,-0.2334397435188293,-0.2227503806352615
1774473261484447700,75.07444775390626,-0.3048901247918605,0.7242427873268723,-0.6937555868655443,-0.0646717548370361,-0.1207703128457069,0.1518825590610504,-0.2725654797703027,0.1528326004087924,-0.7666296844184398,-0.1959757506847381,0.47859588265419,0.3715291321277618,-0.4512123203933239,-0.0394902988672256,-0.6061801792651414,0.1552681922912597,-0.2705088257789612,-0.2422412633895874
1774473261494475800,75.08447583007812,-0.202103119534254,0.4081545383028686,-0.3482411907404661,-0.0417920015752315,-0.0185254365205764,0.1165874153375625,0.0547065726995468,-0.044793665972352,-0.4952648126095533,-0.2312801778316497,0.4926387667655945,0.3505503237247467,-0.5963306931629777,0.1337327631413936,-0.6643121963687241,0.1318452209234237,-0.2861272096633911,-0.2571359276771545
1774473261504503800,75.09450390625,0.0467102401833981,0.1807913053058087,0.0112502928107976,-0.0240665487945079,0.1283138841390609,0.0720124244689941,0.419083490204811,-0.1445662918448448,-0.2155097135961055,-0.2656594812870025,0.4554445147514343,0.2876712083816528,-0.6255553263425827,0.3121434569209814,-0.5936978604413569,0.1209515705704689,-0.306425541639328,-0.2755016088485718
1774473261514531800,75.10453173828125,0.3275752732001245,0.011586246766895,0.3090232790738344,-0.0049474500119686,0.2692001461982727,0.0293320752680301,0.5925625728011131,-0.1928805331587791,0.0544663342028856,-0.2958638072013855,0.3730316162109375,0.2076363861560821,-0.5449743076741695,0.3240741332113742,-0.5199538481861352,0.1261741071939468,-0.3243791759014129,-0.2899045944213867
1774473261524559600,75.1145595703125,0.5207774395287037,-0.1074491518497467,0.48117140532732,0.0037944423966109,0.3387709259986877,0.0232771076261997,0.6056096859008073,-0.2575157946765423,0.2250917809337377,-0.313681960105896,0.2872272133827209,0.1126691401004791,-0.3343240168079733,0.2592296128571033,-0.3901949571117759,0.1587482839822769,-0.3290381133556366,-0.2996429800987243
1774473261534588000,75.124587890625,0.5978222468949854,-0.146717186268419,0.565238512545824,0.0033587492071092,0.3328016996383667,0.0363140776753425,0.5334833379752933,-0.2755091320067644,0.3419493971198797,-0.3175881206989288,0.2216858565807342,0.035524696111679,-0.3524585161745548,0.1214303309291601,-0.2287039800815284,0.1862532496452331,-0.3352123498916626,-0.2879745066165924
1774473261544615700,75.13461572265625,0.6618577889539301,-0.1608887733533978,0.6669768855333328,-0.0142949521541595,0.2908482551574707,0.0650778263807296,0.227508194425702,-0.1516682328045368,0.3596937281250953,-0.3175548315048218,0.1705267876386642,0.011469691991806,-0.4224422991134226,0.0182990422785282,-0.2412834756694734,0.2108491361141204,-0.3690139651298523,-0.2689944207668304
1774473261554644000,75.14464404296875,0.7845756754755974,-0.231518014588952,0.8534235862523317,-0.0407523922622203,0.2727344930171966,0.0955201536417007,-0.134900491746515,0.075042089241743,0.2986491845756769,-0.3297579884529114,0.1510881036520004,0.0410057641565799,-0.3344775999344885,-0.0421048652797937,-0.3392095968924463,0.2237986177206039,-0.41048464179039,-0.2561578154563904
1774473261564671700,75.15467163085937,0.9687045277062802,-0.3327591055788099,1.0770330196738245,-0.0707607939839363,0.2936843037605285,0.1270915269851684,-0.2278137532435357,0.2516998018741607,0.1396118843078613,-0.3393115699291229,0.1773436665534973,0.0915216729044914,-0.2324877364039421,-0.0931511619061231,-0.4017471554785967,0.2149145752191543,-0.4144492745399475,-0.2631416916847229
1774473261574699800,75.16469970703125,1.247610535609722,-0.5439800359398126,1.1993898177981377,-0.0882447138428688,0.3495728671550751,0.1606340408325195,-0.0086405487038195,0.383279186373949,0.0300841726183891,-0.3325603008270263,0.2306739240884781,0.1359449028968811,-0.2494670743860304,-0.2013186911582946,-0.3875973418340087,0.2090814560651779,-0.390598863363266,-0.2828332483768463
1774473261584727800,75.17472778320312,1.5546014320731163,-0.8299743216037749,1.235599779820442,-0.1030765995383262,0.3916997611522674,0.1789305210113525,0.2748591436654329,0.4410165050715208,0.0107709848612546,-0.3089465796947479,0.2815770208835602,0.1715721487998962,-0.27333529509902,-0.2951157497525215,-0.339528015191853,0.2124665975570678,-0.3616092801094055,-0.2848982512950897
1774473261594755800,75.184755859375,1.6134546030580996,-0.9919541050642728,1.143494912096858,-0.1172390282154083,0.390197217464447,0.1754801273345947,0.2995866115562617,0.4627864383310079,0.1045657053679227,-0.290430873632431,0.3348978757858276,0.2004356533288955,-0.2171395067550242,-0.3097609456986189,-0.3172754129819571,0.2162140607833862,-0.3344540894031524,-0.2836003005504608
1774473261604784600,75.19478466796875,1.409782626771927,-0.9196772427521646,0.8482757019698619,-0.1321707516908645,0.3436181843280792,0.1586414575576782,0.2375017651736736,0.507891654470563,0.0875093566268682,-0.283895194530487,0.3647377789020538,0.2128726243972778,-0.0961632032036781,-0.37467970033288,-0.2420015608109533,0.2305943369865417,-0.3203704953193664,-0.2824181318283081
1774473261614813000,75.20481298828125,1.0592751715999096,-0.6934492973953486,0.456184263586998,-0.1464628726243972,0.2634365260601043,0.128116026520729,0.0193231976944953,0.4483592690497636,-0.0603027852714061,-0.2509733736515045,0.3700737655162811,0.2173903137445449,0.0323217224121093,-0.4677928683161735,-0.1236272564515471,0.2637894451618194,-0.3116516470909118,-0.2859263718128204
1774473261624840700,75.2148408203125,0.6965466058235615,-0.3958636503979563,0.0979787281930446,-0.1534358561038971,0.175675943493843,0.0989755913615226,-0.3493266478896141,0.4019657666653394,-0.2782324194908142,-0.182302176952362,0.3886192142963409,0.2289060950279235,0.0404487686358392,-0.5332049594253301,-0.0198721368141472,0.3142989575862884,-0.3068166673183441,-0.2932556569576263
1774473261634868700,75.22486865234374,0.3991746015768498,-0.1924941641896963,-0.2906184383332729,-0.1519277095794677,0.0866312906146049,0.0709639340639114,-0.8197877855669706,0.661513943952322,-0.589918195772171,-0.104106605052948,0.3965984582901001,0.3111886084079742,-0.1113467438101768,-0.5383721329301595,-0.0373429115749895,0.3735468983650207,-0.3414020240306854,-0.3023881316184997
1774473261644896800,75.23489672851562,0.1572480787634849,-0.0258126327790319,-0.6701537620037794,-0.1373522877693176,0.0146518051624298,0.0344388484954834,-1.2414227868855,1.2145604989230632,-0.9263023599803448,-0.0656556189060211,0.4661682248115539,0.4610902369022369,-0.2335492281556129,-0.4074368915528059,-0.2443428632400929,0.4043628573417663,-0.4173279702663421,-0.3294661045074463
1774473261654924800,75.2449248046875,-0.1202525923866778,0.1475244109980762,-1.056755370798707,-0.1050492078065872,-0.0667082965373992,0.0100962240248918,-1.089956798654795,1.7909756545215845,-1.2551830166906115,-0.0920335128903389,0.5746671557426453,0.6041486859321594,-0.2048060948826372,-0.0699234310537576,-0.4430117705419659,0.3850064873695373,-0.4740088582038879,-0.3825321197509765
1774473261664952800,75.25495288085938,-0.4338169489562511,0.2975128740221262,-1.4433780223816632,-0.0763558372855186,-0.1781936734914779,-0.0121231600642204,-0.3593687339544296,2.0630179872006176,-1.313322486448288,-0.134771928191185,0.7000181078910828,0.6754028797149658,-0.1578361077845096,0.245947521957755,-0.4164383825235068,0.3308199644088745,-0.5188034772872925,-0.4459438621997833
1774473261674980900,75.26498095703126,-0.7720306666791439,0.4485165054380893,-1.7656839768767356,-0.0402979701757431,-0.3148969113826751,-0.0552479960024356,0.431784639411047,1.7005933728069067,-1.164479832458496,-0.1511566936969757,0.8250730633735657,0.7051668167114258,-0.2506125911593437,0.3271376124352216,-0.2143231341600417,0.2746444046497345,-0.6110731363296509,-0.4601003527641296
1774473261685008600,75.27500854492187,-1.1002221720814704,0.5740547100774943,-1.9345523508071896,-0.0129311569035053,-0.4566429257392883,-0.1156803146004676,0.5562701931923627,1.0957926652014256,-0.7971972566395997,-0.1251392066478729,0.9333036541938782,0.7670299410820007,-0.2919695606812834,0.1248503685057163,-0.0706635818965733,0.2170010656118393,-0.7506068348884583,-0.4156780242919922
1774473261695037000,75.28503686523437,-1.2940133903443811,0.6738492555208504,-1.9338088389635084,0.0142661090940237,-0.5692466497421265,-0.1879837960004806,0.171693222092837,0.5811462757736444,-0.338692441150546,-0.0830006450414657,0.99355810880661,0.8493137359619141,-0.176723325214535,-0.3391887002348899,-0.0887821530416607,0.1657121330499649,-0.8916542530059814,-0.3643227815628052
1774473261705064700,75.29506469726563,-1.1176128673434256,0.7264576868973672,-1.5585656595289703,0.0457799285650253,-0.5639792680740356,-0.2425967752933502,-0.0846416191708296,0.1809440116494894,-0.0738835668563842,-0.0529474057257175,1.0060060024261477,0.8876065015792847,0.0712904816232621,-0.6456868447452783,-0.3008826427161693,0.1159752160310745,-1.0018718242645264,-0.3317158222198486
1774473261715093000,75.30509301757813,-0.5639538064975291,0.6407530416049063,-0.8602741827994584,0.0686247944831848,-0.4185264408588409,-0.2599648237228393,-0.0529477463334798,-0.0538256982117891,0.1121592292368412,-0.0350879877805709,0.957339346408844,0.867178738117218,0.3237815800055861,-0.6007336042970418,-0.4550836088687181,0.1009347811341285,-1.0229321718215942,-0.319473534822464
1774473261725120800,75.31512084960937,0.2709632322054356,0.529965831373632,-0.1646001950919628,0.0878407284617424,-0.2214207947254181,-0.2436017990112304,0.0590022240668535,-0.2166302420586347,0.4526262788444757,-0.0243168324232101,0.8415744304656982,0.8180053234100342,0.2284112807452678,-0.3313262962967157,-0.2407299334399402,0.1384808272123336,-0.9574596881866456,-0.3071814477443695
1774473261735148800,75.32514868164063,0.9887198723834008,0.3726027479283511,0.3769201727360486,0.0958331376314163,-0.0619595050811767,-0.2285101860761642,0.2993109364200383,-0.1941173814773559,0.8661217397838831,-0.0536185801029205,0.7052668333053589,0.7262973189353943,0.0014019757524132,-0.0281359611600637,0.0061576458469033,0.1800483018159866,-0.891657292842865,-0.2968102395534515
1774473261745176800,75.3351767578125,1.122639609464258,0.2392696516290307,0.790721338623762,0.101702019572258,-0.0099675487726926,-0.2010944634675979,0.7301672089397907,-0.0564426027119159,1.1060732361972332,-0.1207014769315719,0.6005393862724304,0.6060904860496521,-0.0619523060441017,0.0129454062908887,0.0361693377509713,0.1967268884181976,-0.8491697907447815,-0.302301675081253
1774473261755204900,75.34520483398437,0.7697813533823936,0.083893504217267,1.0129740967392922,0.1086382195353508,-0.0635591372847557,-0.1477188616991043,0.9316513197928666,-0.0838666162103414,1.0877502285212275,-0.1879119277000427,0.4995973408222198,0.4825315177440643,-0.0013303718209266,-0.2339250757306814,-0.0518948762796819,0.2049133479595184,-0.8177926540374756,-0.3044245839118957
1774473261765233000,75.35523291015625,0.4401940097074955,-0.1191667699113488,1.1013614052444696,0.1044672057032585,-0.1409123390913009,-0.0936395898461341,0.9524510197807102,-0.20705285089612,0.9378583577394484,-0.2271291017532348,0.4099049866199493,0.3753193020820617,0.0691150372803211,-0.5078425546318293,-0.0980823346979916,0.1941163539886474,-0.7644039988517761,-0.2928193211555481
1774473261775261000,75.36526098632812,0.3909619228962808,-0.4133275570265948,1.2209604290932417,0.0944356098771095,-0.1858827471733093,-0.0484034046530723,0.9095038584578782,-0.3418652259677648,0.7325275083303451,-0.2324766367673874,0.3548151850700378,0.2992079257965088,-0.066862289917469,-0.7184528057485818,-0.0934178500182926,0.1606017798185348,-0.6976235508918762,-0.2533616721630096
1774473261785288700,75.37528881835938,0.6630627077642828,-0.8071059255830944,1.418963712093234,0.0917075052857399,-0.1408808380365371,-0.0184546783566474,0.7830074763108045,-0.406686949968338,0.5206874231576919,-0.1992329210042953,0.3170550167560577,0.2667365372180938,-0.2000014710798859,-0.7440799989581107,-0.1034255954220891,0.1263774931430816,-0.631435215473175,-0.2043168693780899
1774473261795317000,75.38531689453124,1.2197193429909643,-1.2455274457253516,1.6474112331956623,0.0893378183245658,0.0227288622409105,-0.0018408149480819,0.5884972961235791,-0.4356161073327064,0.381175492092967,-0.1432278603315353,0.2950465679168701,0.2579482495784759,-0.2523430682137608,-0.6660130089372396,-0.0784508747719228,0.1210392192006111,-0.5482950210571289,-0.1719714403152465
1774473261805344800,75.3953447265625,1.8231389715015889,-1.6463639160998165,1.7259440871626135,0.0805132091045379,0.1876260489225387,0.0246505737304687,0.4786550385922193,-0.3800719147652387,0.2331383092671632,-0.088007740676403,0.306634783744812,0.2625986337661743,-0.3377995839640498,-0.5076899944186211,-0.0517195197127759,0.124806523323059,-0.4417930841445923,-0.1514802724123001
1774473261815373800,75.40537377929688,2.079703164541721,-1.812599165047705,1.4734271236866712,0.0619805343449115,0.236550435423851,0.0478517673909664,0.3493756015978753,-0.2617243522822857,-0.0041945290803909,-0.0476012155413627,0.3386915028095245,0.2832916975021362,-0.3574149695381522,-0.3830295955270528,-0.1080826274476945,0.1117595732212066,-0.2990303039550781,-0.1456600278615951
1774473261825401900,75.41540185546874,1.7756103276073931,-1.7166462435938417,0.9214531663835048,0.0388192385435104,0.1734633445739746,0.0750773176550865,0.1567528425924479,-0.1698363421797752,-0.2575678171247244,-0.0244982931762933,0.3937156200408935,0.3203847408294678,-0.426857777468115,-0.2198649861961603,-0.0409523342438042,0.1157196909189224,-0.1447715014219284,-0.1441643983125686
1774473261835430000,75.42542993164062,1.080950631508976,-1.444312672883272,0.1824924101352691,0.017475601285696,0.0418608486652374,0.0959967151284217,0.0221294872868806,-0.0638654461890459,-0.447176196745038,-0.0158113203942775,0.4661259055137634,0.3761598169803619,-0.4372657742358743,-0.0410942269325256,0.16465674758479,0.1376268565654754,-0.0021833702921867,-0.1504129469394683
1774473261845458000,75.4354580078125,0.3753004625797271,-1.0021123648546637,-0.4831874213248491,-0.0009583736537024,-0.0931885987520217,0.1152014434337616,-0.0775373401235789,-0.052454994380474,-0.550378212544322,-0.0025117597542703,0.5272329449653625,0.4426698684692383,-0.4380256526924669,0.0458206709325313,0.3877982712335884,0.1713464707136154,0.0793048366904258,-0.1718420833349228
1774473261855486000,75.44548583984376,-0.1090682774841785,-0.5706412483721971,-1.0965274092167616,-0.0117228711023926,-0.2106963247060775,0.127722293138504,-0.0881371331363916,-0.0493868389815092,-0.5341179826170206,0.0135350422933697,0.5618586540222168,0.4975923597812652,-0.3418868532776832,0.0853606541603803,0.5216501307100058,0.192505806684494,0.0828745886683464,-0.1997726261615753
1774473261865513700,75.455513671875,-0.3895149389583617,-0.171431210155785,-1.5771563782304523,-0.0150690712034702,-0.2852277159690857,0.1156763881444931,0.0834445183407515,-0.0282066883087158,-0.4819768764913081,0.0186451151967048,0.5904524922370911,0.5312209129333496,-0.2811165966250002,0.0935071357369422,0.5969792201995849,0.2063446640968322,0.0162678621709346,-0.2274404764175415
1774473261875542000,75.4655419921875,-0.6206652162134647,0.1598005397252738,-1.875778090277314,-0.0100705847144126,-0.3232611119747162,0.0920821130275726,0.345835956229642,-0.1499491539269685,-0.5441717591196298,0.0120995976030826,0.5976185202598572,0.5328949689865112,-0.3088742259919643,0.1535334421545267,0.6469897440373897,0.2262304127216339,-0.0812506228685379,-0.2451213896274566
1774473261885569800,75.47556982421875,-0.8243478600241243,0.5046233003243804,-1.986746648424864,0.0004510035505518,-0.3287867605686188,0.0458995662629604,0.500778680660203,-0.3082020258188248,-0.59568275064826,0.0117531204596161,0.5788238048553467,0.5108165740966797,-0.2647871008537709,0.2922013236105442,0.6830934692062437,0.2497639656066894,-0.1707440167665481,-0.2540243268013
1774473261895597800,75.48559790039063,-0.9896060806334018,0.7788857932709157,-1.9555197355121368,0.0253454335033893,-0.3130948543548584,-0.0179939288645982,0.5161076941519975,-0.3760498196423053,-0.5060305367738008,0.0259750019758939,0.5431325435638428,0.4720253944396972,-0.2172387293457985,0.3899351371318101,0.6945772785119712,0.2717866599559784,-0.2394798994064331,-0.2562842965126037
1774473261905625900,75.4956259765625,-1.0783553543187676,0.9202896755620836,-1.7077619492620228,0.0534289889037609,-0.2967178523540497,-0.0998745858669281,0.4207324995208531,-0.2951841388136148,-0.3273381034433841,0.0456901155412197,0.4879499673843384,0.4253601729869842,-0.2817478802658617,0.3733949212193488,0.6023739188499748,0.2800259590148926,-0.2960363924503326,-0.2440715730190277
1774473261915654000,75.50565380859375,-1.0830959729745984,0.8563149237796663,-1.165244387090206,0.0798888280987739,-0.2642240822315216,-0.1694549918174743,0.2387626519549638,-0.1617068117380142,-0.1512041224241256,0.0573006719350814,0.4232614934444427,0.3804691135883331,-0.2529575468502938,0.4066729214429855,0.398934874536842,0.2752360701560974,-0.3527081608772278,-0.2357039004564285
1774473261925682000,75.51568188476563,-0.9960181396327912,0.6519897442817688,-0.3611316519737243,0.0991523340344429,-0.2081614583730697,-0.2131633013486862,0.0257307266492396,-0.0233744458466768,-0.0902963569968938,0.051281664520502,0.3753703832626343,0.3442890048027038,-0.1456150702454149,0.5158844067901373,0.2620319569267332,0.2695973515510559,-0.3905197381973266,-0.2309378981590271
1774473261935709700,75.52570971679687,-0.7988495538912713,0.4867614804193377,0.3223404412865638,0.1046797260642051,-0.1277422457933426,-0.2349287867546081,-0.1615443877179175,0.1157639757305383,-0.1177595334619283,0.0300321355462074,0.3647463023662567,0.3365993499755859,-0.1702455075025558,0.5456272186249495,0.1691501134812831,0.2548970580101013,-0.3947739899158478,-0.2150845974683761
1774473261945737700,75.53573779296875,-0.6000384616397321,0.3385308208480477,0.7743810291975736,0.1105692088603973,-0.0459440536797046,-0.2457062155008316,-0.3274445594925433,0.1354319682747125,-0.2102595379829406,0.0207398328930139,0.375630646944046,0.3710207045078277,-0.2382100595735013,0.4742144257962703,0.1344787592031061,0.2305871844291687,-0.3819974660873413,-0.2023648023605346
1774473261955765800,75.54576586914062,-0.4755005200840532,0.2215425640195608,1.0627408749490976,0.110020063817501,0.0081551345065236,-0.243375152349472,-0.37425066126585,0.1345809044033289,-0.1900923637449741,0.0177914798259735,0.3860937058925628,0.4294568002223968,-0.2085994958162307,0.3407604795962572,0.0718818716451525,0.1857669204473495,-0.379398912191391,-0.1985381543636322
1774473261965793800,75.55579370117188,-0.3978467870391905,0.0602222673811018,1.2076800917595625,0.1075366213917732,0.0366412810981273,-0.2429092228412628,-0.1496446180224418,0.0931722046941518,-0.2015115833818912,0.009013433009386,0.4116504490375519,0.4665906131267547,-0.1348245039008557,0.1650309877246618,-0.0139173200629651,0.13135826587677,-0.4102710485458374,-0.1946408748626709
1774473261975821800,75.56582177734376,-0.3522235383749008,-0.1370017018094659,1.28025199149549,0.104276642203331,0.0508729480206966,-0.2380521446466446,0.2302764900952577,0.0597223550349473,-0.2819745286285877,0.0074765942990779,0.4252528846263885,0.4865594506263733,-0.0479984533630311,-0.0225707282483577,-0.0625508564591407,0.0944415256381034,-0.4685327708721161,-0.1976249516010284
1774473261985849900,75.57584985351562,-0.2988919072903692,-0.3425844801530242,1.2943641034781932,0.1069829538464546,0.0697275176644325,-0.2402550727128982,0.4213251316517591,0.0333288536280393,-0.1882160484790802,0.0074033569544553,0.4253109395503998,0.4970853328704834,0.1271415481828153,-0.0316600436329841,-0.0358197936609387,0.0889756605029106,-0.5347682237625122,-0.1880559474229812
1774473261995877600,75.58587768554688,-0.2156182885371148,-0.5468250501073897,1.229926994881034,0.1137772053480148,0.088148608803749,-0.2409213930368423,0.4297990185517817,-0.0080488664209842,0.0192909759253263,0.0115859154611825,0.4026744663715362,0.490494966506958,0.2175428268589079,0.0702209526956081,0.0164925773784518,0.0898645222187042,-0.5835438966751099,-0.1752612590789795
1774473262005906000,75.59590600585938,-0.1861314972899854,-0.6786138395741581,1.08032329339087,0.1178280413150787,0.1185923814773559,-0.2490549385547638,0.360157327048853,-0.0227168587207794,0.2428226679354906,0.0132053848356008,0.3418201506137848,0.4599980413913727,0.2681868262946605,0.1186024140268564,0.0311747443340718,0.0902533456683158,-0.6148579120635986,-0.1574026346206665
1774473262015935000,75.60593505859374,-0.2522447224058211,-0.7051771445900201,0.8801046724289655,0.1211210414767265,0.1379370391368866,-0.2542952597141266,0.3040647068183869,0.0489864414870738,0.5090443316370249,-0.0110720265656709,0.2629743218421936,0.408485859632492,0.2506898941792547,0.1165928277701139,0.0706441465437412,0.1070396825671196,-0.6210112571716309,-0.1339627504348755
1774473262025962800,75.61596264648438,-0.4134006222628056,-0.5960974689289927,0.6141396138370037,0.1277762949466705,0.1239233314990997,-0.264509916305542,0.3177783210027963,0.1389408531785011,0.6268722541600465,-0.0569684095680713,0.198068305850029,0.3494353294372558,0.2586931678928434,0.050114568734169,0.1328802379652857,0.1343242973089218,-0.6109112501144409,-0.112474501132965
1774473262035990800,75.62599072265625,-0.6722060183584689,-0.4176122486084699,0.3434691540330648,0.1337790638208389,0.0825266242027282,-0.2621080279350281,0.3012508915066719,0.1361848324686288,0.5817874962866306,-0.0951307415962219,0.1424784213304519,0.2993645370006561,0.2131141967616975,-0.119727618664503,0.1393641931571066,0.146058052778244,-0.5969430208206177,-0.0865963473916053
1774473262046018800,75.63601879882812,-0.8787832145668566,-0.2280972463600337,0.0830137987732887,0.1486225575208664,0.0212440975010395,-0.2544305324554443,0.1881389646548777,0.065875616967678,0.6271919876337051,-0.1017771959304809,0.0963005498051643,0.2641476988792419,0.1193478255666792,-0.2663759774804115,0.0483276853173971,0.1294276863336563,-0.5893370509147644,-0.0403580069541931
1774473262056046800,75.646046875,-0.9384580771982668,-0.0878442876696586,-0.1603378614723682,0.1702453047037124,-0.0284941643476486,-0.2328898161649704,0.0967109732795506,-0.0565180060356855,0.7136597262531519,-0.0827327966690063,0.0621797814965248,0.2333770990371704,0.0602360036455094,-0.3702724052846431,-0.145385645403713,0.0819863900542259,-0.5844566822052002,-0.0033312560990452
1774473262066075000,75.65607495117187,-0.7607073086321353,-0.0437293977417051,-0.3210176682502031,0.1905646026134491,-0.0453684888780117,-0.2124376595020294,0.0532306549280881,-0.2025344966888427,0.7230828036367892,-0.0520664975047111,0.0425538793206214,0.1946510076522827,0.100454762917757,-0.4932441204369068,-0.3087470924809575,0.0356971882283687,-0.5758421421051025,0.0111470185220241
1774473262076102700,75.6661025390625,-0.3823848678827286,-0.0596599573232233,-0.3219710234522819,0.2099468111991882,-0.0133495703339576,-0.1951321810483932,0.0284404970645904,-0.2621130593389272,0.6821276929140091,-0.0175918359309434,0.0364206433296203,0.1541237980127334,0.1127051726818084,-0.6411521239250898,-0.3328454686880111,0.0110853845253586,-0.544592022895813,0.0176578182727098
1774473262086131000,75.676130859375,0.1343663848698139,-0.1151926055833697,-0.1629015744805335,0.2369411140680313,0.0657155066728591,-0.186271384358406,-0.0394902988672256,-0.1418956113308668,0.6320628085404634,0.0129495617002248,0.0575637482106685,0.116099439561367,0.0830161368608474,-0.6706640496134758,-0.2289744675859809,0.0194093603640794,-0.4593684673309326,0.0175060182809829
1774473262096158700,75.68615869140625,0.6509703381061553,-0.2196551428377628,0.0379354706406593,0.251327782869339,0.1536791771650314,-0.1925047785043716,-0.2932190492857247,0.1434364110320806,0.6282622472137213,0.0375542901456356,0.1063465029001236,0.1069280058145523,0.0274959096908569,-0.5760802245557308,-0.046722003686428,0.0457319468259811,-0.3519082367420196,0.0149533040821552
1774473262106186800,75.69618676757813,0.8903378971517085,-0.2832610613077879,0.184387430101633,0.2646765410900116,0.2028776854276657,-0.2103277295827865,-0.7436931185323744,0.4242494946658611,0.5154442618072033,0.0605653300881385,0.175674706697464,0.1322088539600372,0.009862053322792,-0.5059820214569568,0.0540522004440426,0.0729497149586677,-0.2656292915344238,0.0030793347395956
1774473262116214800,75.70621484375,0.7442728911817074,-0.2569263043507933,0.2069640035688877,0.2611704766750335,0.1832304745912552,-0.2292558848857879,-1.2660498631417751,0.5916770221382379,0.2112052944004535,0.0974350199103355,0.25089231133461,0.2193207889795303,0.0552842264570295,-0.5484878687530755,0.0684257398419082,0.0862764790654182,-0.2112146466970443,-0.0184870399534702
1774473262126242800,75.71624291992188,0.3128371382735669,-0.1392972654007375,0.0169692549794912,0.2430405169725418,0.1137703731656074,-0.2550362646579742,-1.5975784040123224,0.6900918036609888,-0.1308230131745338,0.1537502259016037,0.3372564911842346,0.3709949851036072,0.1177111642755567,-0.742423463922739,0.0851513953238725,0.0840085297822952,-0.1669630259275436,-0.0473551712930202
1774473262136270800,75.72627075195312,-0.1755649489596486,0.0132961194247007,-0.2597644503861666,0.2134791612625122,0.0229989234358072,-0.2789083123207092,-1.5596873570352792,0.7134031211435794,-0.4727367544591426,0.2033368647098541,0.4585793912410736,0.5611937642097473,0.1811271131314337,-0.8634276783943176,0.1446912333987653,0.083246536552906,-0.1248442605137825,-0.0981383919715881
1774473262146299000,75.736298828125,-0.5138849035359919,0.1617804614961147,-0.5235328757166862,0.1736184954643249,-0.062884047627449,-0.2935364246368408,-1.1743394746284932,0.6130038878053427,-0.7855009736269712,0.2288464903831482,0.6212047338485718,0.743302583694458,0.3001343085668981,-0.7825082215517759,0.159808576901257,0.0641631186008453,-0.1065289080142974,-0.1683297157287597
1774473262156326700,75.74632666015626,-0.5871547224082052,0.26260683420524,-0.7567267145633697,0.1339344680309295,-0.1204634606838226,-0.3046939969062805,-0.5903997687440365,0.5203787955999374,-0.9492144490122796,0.2349788397550583,0.7740737795829773,0.867741584777832,0.4271164284043013,-0.5403098229944706,0.1126087265700101,0.0335870124399662,-0.1470379084348678,-0.2301753312349319
1774473262166355000,75.75635498046876,-0.4341958652712404,0.2945361962988972,-0.889744022911787,0.1038568094372749,-0.1384350657463073,-0.3120560646057129,0.0581278523851186,0.5591887109875678,-0.8893763586431741,0.2274271845817566,0.8442113399505615,0.8921846151351929,0.4308920014202594,-0.1283668521940708,0.1566432447381317,0.0165824610739946,-0.2534876465797424,-0.2623878419399261
1774473262176382700,75.7663828125,-0.1526981603741645,0.1899776513241231,-0.9257716141045093,0.0872743725776672,-0.1306200176477432,-0.3257971704006195,0.6423317621637136,0.6855921541541814,-0.6357511416643857,0.2043829262256622,0.8149840831756592,0.8224019408226013,0.3666682433128356,0.2499555885553359,0.3316337548106908,0.0527731142938137,-0.388036161661148,-0.2658928632736206
1774473262186411000,75.77641088867188,0.0795497759245336,-0.0071812898062169,-0.8713333369523286,0.0744577869772911,-0.1179718151688575,-0.3322299718856811,0.9054016838360576,0.7008563587814569,-0.2836304791420698,0.1651644110679626,0.7095311284065247,0.7094788551330566,0.360507382595539,0.3998872068256139,0.4662722346201539,0.1301802843809127,-0.5054855346679688,-0.2583755552768707
1774473262196438800,75.78643872070313,0.1686510779179632,-0.2604987560100853,-0.7692045033425092,0.0719853118062019,-0.1079948097467422,-0.3417308032512665,0.7144939120549708,0.5130342780560255,0.0236982709735631,0.1289710700511932,0.5592111945152283,0.603009045124054,0.3793288413129747,0.2216723278790712,0.3149551533408463,0.1873834133148193,-0.5698567628860474,-0.2254709899425506
1774473262206466800,75.796466796875,0.1009703112244606,-0.4847806818656623,-0.6746914054334163,0.0642981305718422,-0.1011940613389015,-0.3431997001171112,0.2857289127260446,0.1295434947580099,0.1745277148663997,0.1184270679950714,0.4093202650547027,0.520806610584259,0.2581412330985069,-0.0757405928999185,-0.0529477463334798,0.1949750185012817,-0.5497989058494568,-0.1732402741909027
1774473262216494800,75.80649487304687,-0.0370107570111751,-0.6173349027469753,-0.6352917074590921,0.0656012147665023,-0.0999477058649063,-0.3418561220169067,-0.0341763373028486,-0.1977671361565589,0.2421118893176317,0.1155921518802642,0.290016233921051,0.4742582738399505,0.0727891957484185,-0.2032213099092245,-0.4493368819102644,0.1659411489963531,-0.4760293960571289,-0.1264857202768325
1774473262226523000,75.81652294921875,-0.1342239076592028,-0.6708388216584921,-0.6434750139147043,0.0651234909892082,-0.1171442568302154,-0.341743528842926,-0.0800829329531639,-0.3861275615423917,0.1056809731334447,0.1038372218608856,0.2116753607988357,0.4640802145004272,-0.0845746183492243,-0.1276467212259769,-0.8542316877648234,0.0943383276462555,-0.3926585912704468,-0.0799054428935051
1774473262236551700,75.8265517578125,-0.1178008883856236,-0.7079277584724127,-0.6140694712102412,0.0504372306168079,-0.1286954581737518,-0.3425294458866119,0.1530219124358147,-0.4889660047262906,-0.1510182444632053,0.0734002888202667,0.1789363622665405,0.4829704761505127,-0.2694983472846448,0.0456622655004262,-1.2135361243113876,-0.0097093414515256,-0.3260320127010345,-0.038491204380989
1774473262246580000,75.836580078125,0.0395908366322517,-0.6866061535023152,-0.3318792540043592,0.0266655050218105,-0.0981968641281127,-0.3389826118946075,0.4771154079347848,-0.5747299789905548,-0.4069616752564907,0.0414101332426071,0.1902763694524765,0.5132700800895691,-0.3921137963451445,0.2776502356886863,-1.3217220660030842,-0.1021732240915298,-0.2622943222522735,-0.0135664148256182
1774473262256607700,75.84660766601563,0.4237082273960113,-0.6537526623010635,0.1323024380773305,-0.0073550469242036,-0.0071702837012708,-0.3331481516361236,0.749376351800561,-0.564789015212655,-0.4814689269691705,0.0219419002532959,0.2264117300510406,0.53621906042099,-0.3319521731100976,0.4775175589948892,-1.0970350664779542,-0.1462855339050293,-0.207103744149208,-0.0035000531934201
1774473262266635800,75.8566357421875,0.9974306367792188,-0.6381551340661943,0.6438251425266266,-0.0465534627437591,0.1467070132493972,-0.3479214906692505,0.948206806339696,-0.5166536375969648,-0.3976654391229152,0.0175503473728895,0.245190218091011,0.554668664932251,-0.1881995357356965,0.5636065274298191,-0.6852285815387964,-0.1404220461845398,-0.19272081553936,-0.0036473260261118
1774473262276663800,75.86666381835937,1.473268718254566,-0.6369565719313919,1.0338181473255157,-0.0812520608305931,0.2967468500137329,-0.3838121294975281,1.0897322691839189,-0.4801560908049345,-0.208852593794465,0.0093404380604624,0.2314694970846176,0.5518442988395691,-0.1428419522702693,0.5607312642544507,-0.2287472347013652,-0.0803228467702865,-0.2250803112983703,-0.0017007743008434
1774473262286691800,75.87669189453125,1.6056640953123569,-0.7039442417941987,1.149918223142624,-0.1069786772131919,0.3968344926834106,-0.4027737975120544,1.2023211950749155,-0.5529962860882282,-0.1366764153778553,0.0007022088393568,0.1932384818792343,0.5228731036186218,-0.195245508724451,0.5268196423023939,0.1875190061256289,0.0132246827706694,-0.3025711178779602,0.0077571757137775
1774473262296720000,75.88671997070313,1.3385703249514105,-0.7646073848105966,1.036331591451168,-0.1357000768184662,0.4201776087284088,-0.3987798392772674,1.199538286358118,-0.7371370479524135,-0.1596416959017515,-0.0092107886448502,0.1231531947851181,0.4562414884567261,-0.2010813752710819,0.4543476958096027,0.4896421504221856,0.1065569818019867,-0.4013923406600952,0.0238977018743753
1774473262306748000,75.89674780273438,0.801165575748682,-0.661709758785367,0.7738479452341794,-0.1485414355993271,0.3686727583408355,-0.3791190683841705,1.101082588303089,-0.8986568126857281,-0.2100906111568212,-0.022374527528882,0.0319095700979232,0.3518085777759552,-0.3034824499510228,0.3552554534167051,0.6593680179648101,0.1892188340425491,-0.4693940281867981,0.0462197847664356
1774473262316775700,75.90677563476562,0.2172387293457985,-0.5173007033288478,0.4365834910601377,-0.1456953287124633,0.2435425519943237,-0.3729993999004364,0.9759206696301698,-1.0484452230930328,-0.2812479679197073,-0.0292506776750087,-0.0621180422604084,0.2374072968959808,-0.5095521350286901,0.3155874598950147,0.6119242758750915,0.2301509529352188,-0.4734989106655121,0.0688933804631233
1774473262326804000,75.91680395507812,-0.2129905703820288,-0.4247675271905958,0.049040217500925,-0.1414916217327118,0.1120079159736633,-0.3820587992668152,0.8043336843907832,-1.1470336076170204,-0.2873527145355939,-0.0235539078712463,-0.1470302641391754,0.1249124556779861,-0.6349601374171674,0.3876075709670782,0.4491396057724952,0.2218914180994033,-0.4106491208076477,0.0804251357913017
1774473262336831700,75.92683178710938,-0.282187440726906,-0.2761376391686499,-0.2191752503663301,-0.1357961893081665,0.030330367386341,-0.3736410737037658,0.6971859997056424,-1.082294885724783,-0.2711012524366378,-0.0078543880954384,-0.2137787193059921,0.0209754724055528,-0.7979286396540701,0.5120476051062345,0.3575637303590774,0.1821756213903427,-0.2996000647544861,0.0953703820705413
1774473262346860000,75.93686010742188,0.0766799195766449,-0.1238002749308943,-0.3324772198975086,-0.1225674748420715,0.024424273520708,-0.3619028925895691,0.6745487820923328,-0.8287976790398359,-0.3054536038935184,0.0118175838142633,-0.2331332415342331,-0.0553848110139369,-0.9736940796218811,0.5874257944345473,0.3612266367807984,0.1313385367393493,-0.1925423443317413,0.1002343818545341
1774473262356887800,75.9468876953125,0.4614600120328366,-0.1673041933536529,-0.4291518797546625,-0.0955318659543991,0.038952350616455,-0.3534071445465088,0.5192975762344897,-0.3644616731792688,-0.240291103631258,0.0453582257032394,-0.1927325576543808,-0.1042018756270408,-1.024519719234854,0.6311135449916124,0.4971577867493033,0.0861355364322662,-0.1141924634575843,0.0933086574077606
1774473262366915800,75.95691577148438,0.4890342476569115,-0.335205914209038,-0.5164858798146248,-0.0643562600016594,0.0507164523005485,-0.3714995384216308,0.2880190694898367,0.3200216429501771,-0.0866957021564245,0.0658645629882812,-0.0927151516079902,-0.1153488084673881,-1.0103973781190811,0.6017682080417871,0.7174564881876111,0.0442200414836406,-0.0534324496984481,0.0836011692881584
1774473262376943900,75.96694384765625,0.1112343694768846,-0.3939814899131655,-0.6180915663331746,-0.0229800529778003,0.0273823663592338,-0.4230090677738189,-0.0847310510199517,1.0433119518578051,-0.0638666152328252,0.066008023917675,0.0389442816376686,-0.0773086696863174,-0.981580595088005,0.4403495655953884,0.9388131742462515,0.0160118099302053,-0.0223891027271747,0.062777355313301
1774473262386971600,75.9769716796875,-0.447145363215357,-0.3230981277860701,-0.7569903339356183,0.0208058096468448,-0.0186743214726448,-0.4615064859390259,-0.4436432733785361,1.4774047951459883,-0.2502045948803424,0.0485387556254863,0.1958944797515869,0.0464052781462669,-0.9718705174565314,0.1171095451205968,1.1085440102249384,-0.0026998256798833,-0.0387299954891204,0.0434579886496067
1774473262397000000,75.987,-0.8862475590981542,-0.1787836187452078,-0.9119494249790906,0.0547483302652835,-0.0890528783202171,-0.4780292510986328,-0.7062059031158685,1.490548938879371,-0.4302396749913692,0.0358085595071315,0.3817274570465088,0.2559582591056824,-0.9672175770841538,-0.3848363526880741,1.1608370920419693,-0.0146461753174662,-0.0878582224249839,0.0195714924484491
1774473262407027700,75.99702783203125,-1.1586651548303664,-0.0177551446601748,-1.000433764117956,0.0868075191974639,-0.1775870025157928,-0.480981707572937,-0.7300197632931172,1.0909382109075785,-0.5261895277053118,0.0300081986933946,0.6050542593002319,0.4689142107963562,-0.8439619304239749,-0.8869038310497999,1.0267764121204614,-0.0450794473290443,-0.1673794090747833,-0.0077874273993074
1774473262417055700,76.0070556640625,-1.2770401898421346,0.0377437474608421,-0.948874257272482,0.1068041324615478,-0.2555481195449829,-0.463234394788742,-0.4858995298277586,0.5848439612478017,-0.5727817675322294,0.0312484726309776,0.8122778534889221,0.6076204180717468,-0.6618992900080979,-1.1506184803664683,0.6879542071104049,-0.0982544869184494,-0.2664614021778106,-0.0402432009577751
1774473262427084000,76.017083984375,-1.1625976719737052,0.0008924187950789,-0.7071306167453527,0.1198606267571449,-0.2747760117053985,-0.4204306900501251,-0.1778331861525774,0.1494797828495502,-0.5334603954911231,0.0434529408812522,0.9134217500686646,0.640195369720459,-0.5873850240327417,-1.0646259580433368,0.377269278434664,-0.1270027905702591,-0.3717497587203979,-0.0702770054340362
1774473262437113000,76.02711303710937,-0.6972209248885511,-0.1387795251369476,-0.3329009982675314,0.1327399313449859,-0.2123874723911285,-0.3626859188079834,0.1019325073201209,-0.2046639099329709,-0.3455506364822387,0.0742202848196029,0.8729508519172668,0.5801692008972168,-0.542919274840504,-0.6506336534976959,0.1919089116476476,-0.1286977082490921,-0.4432792663574219,-0.0859934538602829
1774473262447140900,76.03714086914063,-0.0358148252248764,-0.3528048453941941,0.1821183161258697,0.1422282457351684,-0.1318851858377456,-0.3346465229988098,0.2695703165423125,-0.501692215308547,-0.0051385319322347,0.1061702296137809,0.7171897292137146,0.4619791805744171,-0.564522180970013,-0.2340291206270456,0.0573388208992779,-0.1079128012061119,-0.4675494432449341,-0.1124865785241127
1774473262457169200,76.04716918945313,0.3698926121868193,-0.5883716969825327,0.6708154407829046,0.1391448378562927,-0.0838260427117347,-0.3246178328990936,0.2140501624375581,-0.7566057185322046,0.3609598025381565,0.1204779073596,0.5116596221923828,0.3144239783287048,-0.4353166859947144,-0.053687751045823,-0.0742110452450811,-0.075540617108345,-0.4537954330444336,-0.1449343413114547
1774473262467197000,76.05719702148437,0.2711002295233309,-0.7579092023462056,0.9089806383013724,0.1227008551359176,-0.0744701847434043,-0.3154063820838928,0.085732410082221,-0.9585007482737302,0.5971230125844478,0.1009830310940742,0.3205879330635071,0.1661386340856552,-0.14481763625741,-0.0617868863493204,-0.136482938632369,-0.04402956366539,-0.4214707612991333,-0.1804007142782211
1774473262477225000,76.06722485351563,-0.1855589580990373,-0.7818887744791805,0.8987988515049219,0.0876129046082496,-0.1003750190138816,-0.2912869453430176,0.0067570730447769,-1.040479358780384,0.5462456427842378,0.0612993985414505,0.1725780516862869,0.0309125110507011,0.0405133583046495,-0.03306640329957,-0.0588205838896334,-0.0083727007731795,-0.4006015956401825,-0.2152089923620224
1774473262487253000,76.0772529296875,-0.616975714045763,-0.6827408563762902,0.8071300371110439,0.0401738286018371,-0.130090445280075,-0.2520174980163574,0.0439333228159695,-0.8495593120396137,0.3751134155750274,0.0159518904983997,0.0662614554166793,-0.075552150607109,-0.0002817395508289,0.1677548597306013,0.0659347998090088,0.0225133076310157,-0.4112361371517181,-0.2286033630371093
1774473262497280800,76.08728076171874,-0.7861117990016937,-0.5391407792150974,0.6802560538232326,-0.0101974690333008,-0.1375595480203628,-0.2002914547920227,0.2173205624103546,-0.4959925423622131,0.214788998106122,-0.0197847802191972,-0.0054457336664199,-0.1476473957300186,-0.0892297506786882,0.3666571373969316,0.028196020784229,0.0253642294555902,-0.4399429559707641,-0.2364059090614318
1774473262507309000,76.09730908203124,-0.7380069626547395,-0.403738329295814,0.592460281470418,-0.060596764087677,-0.092861607670784,-0.1466089934110641,0.3721230015873908,-0.1364776779353618,0.0589116231739521,-0.0481346622109413,-0.0294165797531604,-0.173993244767189,-0.063446490124613,0.4187245937645435,-0.1523519772849977,-0.0129277668893337,-0.4437110722064972,-0.2442952692508697
1774473262517336800,76.1073369140625,-0.4568402432776987,-0.2338138704411685,0.5505810416400432,-0.117575891315937,0.0016132341697812,-0.0971644818782806,0.4228279374301433,0.0886743087530136,-0.0251964005768299,-0.0647430643439292,-0.0082288216799497,-0.158287689089775,-0.0959350935362279,0.3066992200404405,-0.2725298239350319,-0.0523805730044841,-0.3947194516658783,-0.222844511270523
1774473262527364900,76.11736474609376,-0.008903437423706,0.0211839500650763,0.4948024557948112,-0.1756382435560226,0.1157198846340179,-0.0599925518035888,0.3499976059537381,0.1555482891082763,-0.0253115513890981,-0.0627369061112403,0.0407400503754615,-0.1269638538360595,-0.1021336559154093,0.204841020065546,-0.2929772764191031,-0.0791631788015365,-0.3121244311332702,-0.1915560960769653
1774473262537393000,76.12739282226562,0.4136462675869464,0.2449728317067027,0.3928846345871686,-0.2134287655353546,0.2024856656789779,-0.0545008443295955,0.2522720488041639,0.1277455054253339,0.0163268654227256,-0.0379338189959526,0.1124496608972549,-0.1081331595778465,-0.0280396611787378,0.079559274405241,-0.3042050651371479,-0.1040491238236427,-0.2417091280221939,-0.1551870554685592
1774473262547421000,76.1374208984375,0.5650526345849037,0.3151756642237305,0.2680605695664882,-0.2242308408021927,0.2476817071437835,-0.0694471001625061,0.0903537132073193,0.1368476802915334,0.0924479820728302,0.0014418163336813,0.1766728460788726,-0.1022979095578193,-0.0220481656789779,-0.0612438655138015,-0.2924655275046825,-0.1217037513852119,-0.1949932873249054,-0.1171323433518409
1774473262557449000,76.14744897460938,0.3972150650069117,0.199193661828339,0.0351952320218086,-0.1978631466627121,0.2524442374706268,-0.0903284102678299,-0.1736222904592752,0.3481576041102409,0.2702829217910766,0.0442064069211483,0.2304373383522033,-0.0931979641318321,-0.0303403393365442,-0.1743734010875225,-0.2014749046333134,-0.1189996376633644,-0.1519263684749603,-0.0830247551202774
1774473262567477000,76.15747705078125,0.1033421549223363,0.0108858434125781,-0.2087690071642398,-0.1533889770507812,0.2021830976009369,-0.1083348989486694,-0.5309814381569624,0.5880424650281667,0.3753396255463361,0.0846046954393386,0.2710441350936889,-0.0839381515979766,0.0631098055161535,-0.274021523797512,-0.0506000141635537,-0.1104338467121124,-0.1049154549837112,-0.0731532201170921
1774473262577504800,76.1675048828125,-0.1432163385406136,-0.16119243247509,-0.4405506411254405,-0.1032688245177269,0.0803197920322418,-0.1213891804218292,-0.8445031976938248,0.6818897925049067,0.3418921139746904,0.1429439336061477,0.3044250309467315,-0.0670337602496147,0.0578945550858974,-0.4139169012218713,0.057565177001059,-0.1087732687592506,-0.0555275231599807,-0.0743146911263465
1774473262587533000,76.17753295898437,-0.2881717758335173,-0.2237066101856529,-0.7084902146607637,-0.0548248291015625,-0.0840106830000877,-0.1207632720470428,-1.1318174068499356,0.7541057184100151,0.3086690588086843,0.2090489119291305,0.3371294438838959,-0.0294999629259109,-0.0005038578689098,-0.5678419730424881,0.1915105599798262,-0.1025521233677864,-0.0062057804316282,-0.0776124820113182
1774473262597560800,76.18756079101563,-0.2784849329471588,-0.0853879805587232,-0.87388594404459,-0.0184638909995555,-0.2232940047979354,-0.1105497851967811,-1.3007412372946738,0.8522410984694957,0.2789987276881933,0.2667564153671264,0.3641184270381927,0.0337429381906986,0.0586941810309886,-0.7491314371287823,0.3263502614498138,-0.0949673056602478,0.0187516082078218,-0.1028353571891784
1774473262607589000,76.19758911132813,0.0101974227569997,0.1005228597179055,-0.897435161936283,0.0077802967280149,-0.2977768182754516,-0.1053006947040557,-1.2257833192050456,0.8320049506485462,0.1011941831082105,0.3077246248722076,0.4034418761730194,0.1066408455371856,0.2425331834696233,-0.9006623072892427,0.3305076733902096,-0.1161021515727043,0.0038637402467429,-0.1514806598424911
1774473262617617000,76.20761694335937,0.4160369621157646,0.2330228661939501,-0.7667758148908614,0.0288525577634573,-0.31586953997612,-0.1167395114898681,-0.9474047692418098,0.6372989556282759,-0.1722527556717395,0.3377676904201507,0.4467171728610992,0.1787214428186416,0.3479237953543663,-0.8958575373560189,0.2560566819094121,-0.1575423181056976,-0.0550394877791404,-0.2063790559768676
1774473262627645000,76.21764501953125,0.65161448122859,0.3632562429122626,-0.536731964507699,0.0471713095903396,-0.3122412264347076,-0.1273348182439804,-0.5296984126091003,0.3280746010243892,-0.4442617706030607,0.3603875339031219,0.4796189069747925,0.2332976013422012,0.3611852818571031,-0.6945633961170912,0.2654702608123421,-0.1816487163305282,-0.1530307531356811,-0.2476710975170135
1774473262637673000,76.2276728515625,0.6290262173235416,0.4321981155827641,-0.3086281422764063,0.0728937238454818,-0.3190658390522003,-0.138062298297882,-0.1407545880695805,-0.1528629955470561,-0.7399228792786597,0.3740114569664001,0.5076596140861511,0.2730961441993713,0.4019989382825791,-0.3445353219598531,0.3159406572468579,-0.1781848967075348,-0.2921188175678253,-0.2644757330417633
1774473262647701000,76.23770092773438,0.3221909498132765,0.4150853604793548,-0.194529469409585,0.0963112637400627,-0.3509235680103302,-0.1451020538806915,0.0228939688533544,-0.6515823325246572,-0.9624433484196664,0.3703192472457886,0.530386745929718,0.3064391911029815,0.6252127965152263,-0.0337865342676639,0.2908639375269413,-0.1591808497905731,-0.4344317615032196,-0.2659372687339782
1774473262657729800,76.24772973632813,-0.1384263277851045,0.345855026256293,-0.1666980441540479,0.1127853095531463,-0.4163267910480499,-0.155657485127449,-0.0214255768012255,-1.0005407316237689,-0.9623977557122708,0.323955088853836,0.5300500988960266,0.3353835642337799,0.826093096256256,0.1809551175653934,0.201736770439893,-0.1307184100151062,-0.5384150147438049,-0.2527172863483429
1774473262667758000,76.25775805664063,-0.5160111019097269,0.2608214120931923,-0.1873538786917924,0.1186967492103576,-0.4760629832744598,-0.1749910861253738,-0.1104261218339204,-1.1160972020834683,-0.8494850777596235,0.2487945705652237,0.4876695871353149,0.3538896143436432,0.859479671420902,0.4926899936854839,0.0835671948723495,-0.0868343189358711,-0.5832061767578125,-0.2226017266511917
1774473262677785900,76.26778588867188,-0.6559994183145463,0.1925983552165329,-0.2289770979344844,0.1141754984855651,-0.4877912700176239,-0.1846639662981033,-0.1622650301426649,-1.14944066875875,-0.6751958478242158,0.1735982298851013,0.3947405517101288,0.3458936214447021,0.9333668915390968,0.9707932436138392,-0.0753302585333585,-0.0508145652711391,-0.5714238286018372,-0.192336767911911
1774473262687814000,76.27781396484374,-0.518542520083487,0.1658981259480118,-0.2358376313537359,0.1001483872532844,-0.4500490427017212,-0.1776027977466583,-0.0426975339433178,-1.0929396138578653,-0.3139268332064152,0.1176976859569549,0.2833072245121002,0.3054263591766357,0.9502993216395378,1.3343068222880363,-0.2113315511286258,-0.0411222577095031,-0.5041214823722839,-0.1555681079626083
1774473262697842000,76.28784204101562,-0.235681710139662,0.1919016051240265,-0.1476654269039631,0.0782721117138862,-0.3712490200996399,-0.1603409796953201,0.1742769549757242,-0.852816852530837,0.1380149705052375,0.0725965201854705,0.1637315452098846,0.2299635708332061,0.787677002491802,1.4474895493537188,-0.3050961687579751,-0.0473192371428012,-0.4145450890064239,-0.1013332605361938
1774473262707870000,76.29786987304688,0.033702363115549,0.1835131314851343,-0.0210322666347026,0.0598222240805625,-0.3049123883247375,-0.1249528378248214,0.3434434350699186,-0.42755262786448,0.537601148557663,0.0216350685805082,0.0261470600962638,0.1288846284151077,0.6472972025513649,1.3810025224894285,-0.4091857810467481,-0.0580784045159816,-0.3462962508201599,-0.0426220074295997
1774473262717898000,76.30789794921876,0.1619008730053901,0.1178441430054604,0.1411035841703415,0.040877029299736,-0.279359370470047,-0.0956772416830062,0.4194336553493514,-0.0511930116206407,0.8220897058337926,-0.0261947363615036,-0.102681465446949,0.0308866556733846,0.6769476599276065,1.2028180386811491,-0.5255627741090954,-0.0687717571854591,-0.3276339173316955,0.0120281837880611
1774473262727926000,76.31792602539062,0.1487336406573653,0.025302491299808,0.37889468767941,0.0209797136485576,-0.2651831805706024,-0.0825027078390121,0.3437129361936822,0.1010433764606714,0.9172165517270564,-0.0559654161334037,-0.190519705414772,-0.0304376892745494,0.6089293318428098,0.8596873228222132,-0.5892946570463479,-0.0879534408450126,-0.3276416361331939,0.0631622076034545
1774473262737953800,76.32795385742187,0.1228887130439281,-0.0852352742150425,0.7126128475487232,0.0027266731485724,-0.2172926068305969,-0.0894173383712768,0.0834078030595555,0.066403440234065,0.8932833029538393,-0.0644007921218872,-0.2148394882678985,-0.0365117564797401,0.4696845272816717,0.3776671917110681,-0.5832495316632091,-0.1028072908520698,-0.3159034550189972,0.1136641204357147
1774473262747982000,76.33798217773438,0.1353603643432259,-0.1521433029703796,1.052652027133107,-0.0146841574460268,-0.1228811964392662,-0.1074576675891876,-0.1984434645155444,0.0220493347227573,0.8405629356354475,-0.0585005581378936,-0.2034456878900528,-0.0019905306398868,0.4217044863581657,-0.2341822653621435,-0.6025875616006553,-0.1066936403512954,-0.3179607391357422,0.1514410525560379
1774473262758009900,76.348009765625,0.218043323726952,-0.1544458808243274,1.3075737136632204,-0.0275003537535667,-0.0031111254356801,-0.1320615410804748,-0.2379506779849529,0.0246428583472967,0.7581663919776678,-0.0458730421960353,-0.1732171028852462,0.0323002114892005,0.4490506123147905,-0.7489134104639291,-0.6898819603025913,-0.1040803119540214,-0.3292691707611084,0.1628847569227218
1774473262768038100,76.3580380859375,0.3395736078992485,-0.0636598406143486,1.4107646235466005,-0.037550825625658,0.1129984408617019,-0.1600013226270675,-0.0657779652794823,0.0357961205244064,0.564171760097146,-0.0284996442496776,-0.1411462575197219,0.0453885830938816,0.3707644265852868,-0.8892413340866565,-0.6960273311898112,-0.0895295962691307,-0.3095487356185913,0.1625931411981582
1774473262778066000,76.36806591796875,0.3380580887697637,0.1097857781037688,1.358742759886384,-0.0450082123279571,0.1579563319683075,-0.188262790441513,0.0860936446100473,-0.0170616094380617,0.4268120386302471,0.0024536584969609,-0.1271490156650543,0.0336931198835372,0.1563186889588833,-0.7562199340850114,-0.5980564940422773,-0.0628483295440673,-0.2536061704158783,0.1685135662555694
1774473262788094000,76.37809399414063,0.1157075693681836,0.3278054286941885,1.1499018565297126,-0.0425025001168251,0.1344577372074127,-0.2140659093856811,0.1533334626030176,-0.1326286012917757,0.3763911804258823,0.0394199304282665,-0.142343670129776,0.0200002118945121,0.0964050491355359,-0.5989461363583802,-0.4704544887408614,-0.0259395781904459,-0.183145061135292,0.1535423398017883
1774473262798122000,76.3881220703125,-0.2852653868675232,0.4764942072965204,0.8480681966990232,-0.0276764165610075,0.0813441798090934,-0.2451753616333007,0.209572761295177,-0.3296241685539484,0.2600771695971489,0.0748504698276519,-0.1598103940486908,0.0108654350042343,0.0940600934445858,-0.566342674395442,-0.3490846558272838,0.0241208653897047,-0.0917667970061302,0.1383998245000839
1774473262808150000,76.39814990234375,-0.6144158004298805,0.5440417029991745,0.3591863631248474,-0.0212981179356575,0.0135251097381114,-0.2843757271766662,0.2619938168734312,-0.5018997205793857,0.0564431872338056,0.0994919016957283,-0.173077717423439,-0.0025592935271561,0.0172070092581212,-0.6062801325082778,-0.2301100474871694,0.0711882412433624,0.0149284843355417,0.1175816282629966
1774473262818178000,76.40817797851562,-0.8631634745001793,0.6665919778689742,-0.1463315479516982,-0.0068510021083056,-0.069025695323944,-0.3289090991020202,0.3481693310806527,-0.535597992041707,-0.1201654255598783,0.1186370104551315,-0.1866216361522674,-0.0356907658278942,0.0183595402941107,-0.5694295344948769,-0.1408627611517906,0.1063747853040695,0.1183503419160842,0.0932976454496383
1774473262828206000,76.4182060546875,-1.0180310878679155,0.6939552010908723,-0.7135077505618334,0.0199496317654848,-0.1320376247167587,-0.3620451688766479,0.3805266727954149,-0.490024573868513,-0.3022328882813453,0.1311243027448654,-0.2024429440498352,-0.0918102264404296,-0.0664906801261007,-0.3418780854493379,0.0026341478958725,0.136653333902359,0.2178961038589477,0.0845861807465553
1774473262838233900,76.42823388671874,-1.1057875511236488,0.5863910445593297,-1.263414838463068,0.0518843978643417,-0.1865336149930954,-0.3790819346904754,0.3506868668595329,-0.3790069158822298,-0.4818512042850256,0.1346994340419769,-0.2213316261768341,-0.1630115211009979,-0.25697920358181,0.0484609563082456,0.1777694732666015,0.1567622870206833,0.2888504862785339,0.066744327545166
1774473262848262100,76.43826220703124,-1.2052478961765765,0.3915286899335682,-1.6402362269997597,0.0830375999212265,-0.2360910326242447,-0.3748966157436371,0.2746195627558976,-0.2413531799048185,-0.5869675292730331,0.1385434418916702,-0.2413061261177063,-0.2249476015567779,-0.4496751739539206,0.2750760012865066,0.3374194986052811,0.1649168878793716,0.3657940030097961,0.0542021729052066
1774473262858290000,76.4482900390625,-1.278112933640182,0.136932435965538,-1.8221686651647089,0.1099424436688423,-0.3073183596134186,-0.3584388196468353,0.0849321996152401,-0.1241238077968358,-0.5658095904320478,0.1410505175590515,-0.2541729509830475,-0.2433260530233383,-0.6167055188022553,0.4180062163621187,0.4608937564522027,0.1812435388565063,0.4340076744556427,0.0541046038269996
1774473262868319000,76.45831909179688,-1.2448260194577276,-0.1143520631060004,-1.7105588865041732,0.1369590759277343,-0.3588559329509735,-0.3257550001144409,-0.1290653193196281,-0.0618213731408119,-0.6176175190806389,0.1209825351834297,-0.2270494550466537,-0.2271316349506378,-0.5124805896960198,0.4516249928474426,0.5075597921676933,0.1811652481555938,0.4414964914321899,0.0534840859472751
1774473262878347000,76.46834692382812,-1.0651157873868942,-0.345569779574126,-1.3312491882830857,0.1531175374984741,-0.3463412225246429,-0.2718099951744079,-0.3288987403562292,-0.0269312615454196,-0.6945622270733117,0.0831338241696357,-0.1329720467329025,-0.1705265641212463,-0.4363220636449754,0.323647432231903,0.4210926380701363,0.1483962833881378,0.4034847617149353,0.053848747164011
1774473262888375000,76.478375,-0.6817280260719358,-0.506771564399451,-0.8301596150428057,0.1578213572502136,-0.2769032418727875,-0.2144054919481277,-0.6290490136772394,-0.0025292262166738,-0.7318699212044477,0.045246098190546,0.0041900817304849,-0.1008311063051223,-0.4644928038574755,0.2685644274353981,0.298212546724081,0.1040125712752342,0.3437974750995636,0.0584693290293216
1774473262898402800,76.48840283203126,-0.2898784336209297,-0.5495176501922309,-0.4175643178135156,0.1544804275035858,-0.2107047736644745,-0.1616077870130539,-0.792823279339075,0.2392763736307621,-0.6240852537900209,0.0372915975749492,0.1231607347726821,-0.0357914716005325,-0.3900001651920378,0.3903635916769504,0.2361107492066919,0.0507628917694091,0.2908248603343963,0.0489871501922607
1774473262908431000,76.49843115234376,-0.1201626490809023,-0.5192433618292213,-0.0948755014806985,0.145895317196846,-0.1843968778848648,-0.109641782939434,-0.7804729893971234,0.52947512524724,-0.33118776460886,0.063847579061985,0.1971217840909958,0.0131651517003774,-0.4120457005225121,0.5040484230458736,0.2309014901258051,0.0057043377310037,0.2472222298383712,0.0632544979453086
1774473262918459000,76.508458984375,-0.182113932211697,-0.4150736700415611,0.1562643284231424,0.1380797326564788,-0.1909823417663574,-0.0548301972448825,-0.8143319313138723,0.5591372730612755,-0.0578472088128328,0.1055249124765396,0.241286814212799,0.0502212308347225,-0.2585714412093162,0.5716051249682903,0.261741449547559,-0.0272400956600904,0.2207231819629669,0.0584473237395286
1774473262928487200,76.51848706054687,-0.3129261317312717,-0.3228871153838932,0.3668441844016313,0.1329883784055709,-0.1979064494371414,0.0044704684987664,-0.9591835429061204,0.359224357047677,0.1652332322984933,0.131081685423851,0.2641476392745971,0.0804267972707748,-0.0226443780064582,0.2602379131168127,0.2338353516206145,-0.0584587343037128,0.200954258441925,0.0504871383309364
1774473262938515000,76.52851489257813,-0.3435597549259662,-0.2609048525929451,0.5872936924874782,0.1288106888532638,-0.1928645521402359,0.0499921478331089,-1.1649942117214205,0.1251291854470968,0.2821475471079349,0.1209335327148437,0.2640901803970337,0.1008686125278472,0.1597030707001686,-0.3555453762739896,0.1777531066536903,-0.0619353242218494,0.1457982510328292,0.0361699312925338
1774473262948543000,76.53854296875,-0.3027320699751377,-0.1625689815253019,0.7188046879261731,0.1234978288412094,-0.1788298338651657,0.0649612322449684,-1.3032161029756069,-0.1010778632521629,0.2319131513863802,0.0907388851046562,0.233859583735466,0.1143221035599708,0.4801436697147786,-0.6582698474645614,0.1413186882257461,-0.0519018657505512,0.0587411038577556,0.0002129981294274
1774473262958571000,76.54857104492187,-0.2608238963112235,0.0714094318278133,0.6850900498509407,0.1178684383630752,-0.1584933996200561,0.0639612153172493,-1.3124912963211537,-0.3647884209156036,0.0989051953881978,0.0578283481299877,0.179797425866127,0.1077201068401336,0.7809571927174925,-0.5120978739887476,0.1353210552461445,-0.0487697832286357,-0.0353335887193679,-0.0273715406656265
1774473262968598800,76.55859887695313,-0.2580041627153754,0.3378424001924693,0.4786994622558355,0.1198589727282524,-0.1405220925807953,0.0548964887857437,-1.145387593975663,-0.6247288123905659,-0.0586193622291088,0.0475213825702667,0.1042994707822799,0.0810421556234359,0.9067407504200936,-0.1882715780586004,0.1315197632670402,-0.0530446879565715,-0.1432848125696182,-0.0416013449430465
1774473262978627000,76.568626953125,-0.2372983515560627,0.5396713789604604,0.1814063684642314,0.1257408410310745,-0.1489147692918777,0.0587279796600341,-0.8812900828212499,-0.8080500745654106,-0.1744926435530185,0.0389629378914833,0.0077044134959578,0.0492092221975326,1.0545767115853726,0.1712099686205387,0.0399533863343298,-0.05021358653903,-0.2587206363677978,-0.0450433790683746
1774473262988654800,76.57865478515625,-0.1861810355201363,0.6738353731259703,-0.060045595639944,0.1397473514080047,-0.1818107068538665,0.0831799507141113,-0.5902601776102557,-0.8697223946243524,-0.2397252864420413,0.0221203118562698,-0.0754354819655418,0.0171671323478221,1.229185382733494,0.4524935923755168,-0.1099943062879145,-0.0559721402823925,-0.3577300608158111,-0.0334237441420555
1774473262998683000,76.58868286132812,-7.0142626762e-06,0.5503654991932213,-0.0479985994935035,0.1637118011713028,-0.1881290525197982,0.1231678426265716,-0.3321341786134988,-0.9704717565745116,-0.3351286111891269,1.2791249901e-05,-0.1287515759468078,-0.0161912441253662,1.3026631452679631,0.6582587415486574,-0.3085337419912219,-0.0756466686725616,-0.4264001548290252,-0.0161260776221752
1774473263008711000,76.5987109375,0.1993275173410773,0.250715613142401,0.2731926717579364,0.1838470101356506,-0.1623798906803131,0.1908289492130279,-0.1926759504973888,-1.0746358954042197,-0.3745499364733696,-0.0081029254943132,-0.1610181778669357,-0.0534193068742752,1.3063947330117225,0.8666489785283803,-0.4583849885016679,-0.1016513705253601,-0.4369915425777435,0.0119204707443714
1774473263018739000,76.60873901367188,0.3241349234879017,0.0174184600517153,0.7665285621315241,0.2056870609521865,-0.0978158116340637,0.24129319190979,-0.2005950530588627,-0.967605845749378,-0.2987251724213361,-0.0081485528498888,-0.1945487558841705,-0.0767463892698288,1.1739350585460662,1.0704507186740635,-0.4575971991248428,-0.1101209297776222,-0.4029271900653839,0.0558657497167587
1774473263028767000,76.61876708984374,0.4063131482198834,-0.1289198099017143,1.074193412333727,0.2102801948785781,-0.0182953402400016,0.272876888513565,-0.328335845776461,-0.7007043830901384,-0.1988619456559419,-0.0062350714579224,-0.2279914021492004,-0.0814950764179229,0.990688469042629,1.1794698963195085,-0.4028577470690012,-0.1074226126074791,-0.33635213971138,0.1054186597466468
1774473263038795000,76.628794921875,0.4973921800270676,-0.1822964491717517,1.0042506920576095,0.1854733824729919,0.0323222950100898,0.2739402949810028,-0.4190075023591518,-0.4200754238516092,-0.1547176835030317,-0.0047925366088747,-0.2438263595104217,-0.0680092796683311,0.8843898024022578,1.1446189476907254,-0.3590329261288046,-0.108074814081192,-0.2512607276439667,0.1403211057186126
1774473263048822800,76.63882275390625,0.4657762677967548,-0.0391499609969556,0.7855775459945201,0.1289190202951431,0.0241833738982677,0.2288324832916259,-0.4575584745496511,-0.1983066498607397,-0.0583370381563901,-0.0099862329661846,-0.2311462461948394,-0.0368502885103225,0.7874854254424571,0.9525029691636562,-0.300141907351464,-0.1172358244657516,-0.1689136624336242,0.1628897935152053
1774473263058851000,76.64885107421875,0.1542567879930138,0.118097679375112,0.4604793304324149,0.0711768940091133,-0.0439871586859226,0.1752350330352783,-0.3957102864671498,0.0084977792322635,0.0994967315405607,-0.018367676064372,-0.1839677840471267,-0.020266568288207,0.6582710165083407,0.6767991913676261,-0.1465137726508081,-0.1225403100252151,-0.1228856667876243,0.1768246740102768
1774473263068878800,76.65887890625,-0.1747358046591282,0.2217404246792197,0.0383814608424901,0.0123251779004931,-0.1034958511590957,0.1284925490617752,-0.3359071943461895,0.2254869177311658,0.2731938408017158,-0.0344819314777851,-0.1080256104469299,-0.0135303698480129,0.523300236004591,0.4371609986871481,-0.0298886500462889,-0.125836506485939,-0.1325113922357559,0.1865524053573608
1774473263078907100,76.6689072265625,-0.3483431898102164,0.3370473042920232,-0.4302490273416042,-0.0306832771748304,-0.149950161576271,0.0621071271598339,-0.4264081340044736,0.4313549427568912,0.4609574693381786,-0.0492323487997055,-0.0280484668910503,0.0154791483655571,0.4123381075978279,0.2068202111840248,0.0660832683689892,-0.1074837371706962,-0.1809783279895782,0.1873337179422378
1774473263088936000,76.67893603515626,-0.4638412080809473,0.4655757767885923,-0.8305097436547278,-0.049252264201641,-0.222911849617958,-0.0003089131787419,-0.6640846712231636,0.4048398607969284,0.5404448475509882,-0.0582713820040226,0.0526333265006542,0.0767433047294616,0.329844825567305,-0.0346159708291292,0.1320281511805951,-0.0661099329590797,-0.2265284955501556,0.1824313700199127
1774473263098964000,76.6889638671875,-0.473233890326321,0.5811364850319921,-1.113078731045127,-0.0749863907694816,-0.320731908082962,-0.0329723171889781,-0.869756223828718,0.1552314782440662,0.4557558090418577,-0.057531114667654,0.1259599477052688,0.1637142300605774,0.1896913817286491,-0.3760346220731735,0.0987175638616085,-0.0327711589634418,-0.2431828081607818,0.1685972362756729
1774473263108991700,76.69899169921875,-0.4191393120452761,0.6582512888945639,-1.0920119776189328,-0.0908500403165817,-0.4037729799747467,-0.0444846302270889,-0.9075573274999856,-0.1980120508283376,0.3188034993320703,-0.0369805693626403,0.1762894392013549,0.257063090801239,0.0268123113408684,-0.8027519681572913,-0.0791539084747433,-0.0150648681446909,-0.2313128262758255,0.1405935734510421
1774473263119020000,76.70902001953125,-0.3360506944701075,0.57612844761163,-0.6935486661165953,-0.0962717086076736,-0.4371658265590668,-0.0533707998692989,-0.6661889500260353,-0.5855336970776319,0.2226794590950012,-0.0016624799463897,0.1975643932819366,0.3192816972732544,0.0860018746733665,-0.9993892235010862,-0.3191454446375369,-0.0156492572277784,-0.2014985531568527,0.0886866003274917
1774473263129047800,76.7190478515625,-0.2632435246735811,0.3608839608229696,-0.2988648731529713,-0.0950364917516708,-0.4292472600936889,-0.0649813413619995,-0.1233159620126709,-0.8909539832234382,0.0872311242073774,0.0311114452779293,0.1951331943273544,0.3223424553871155,0.1308135146938264,-0.8901613715410231,-0.4888716044411063,-0.0264212116599082,-0.1552871167659759,0.0305692348629236
1774473263139076000,76.729076171875,-0.1898395580276846,0.1326627958223223,0.0229126735538244,-0.0967350527644157,-0.3776381313800812,-0.0694290846586227,0.5048755215197801,-1.0369652131795883,-0.0569581510186195,0.0485514439642429,0.1608197093009948,0.238290399312973,0.0224772047460079,-0.5472755703538655,-0.434068877890706,-0.0219602473080158,-0.0989167094230651,-0.0131186656653881
1774473263149103900,76.73910375976563,-0.1441919055745005,0.015975567767024,0.3178571583926677,-0.0976058766245842,-0.3103291988372803,-0.0757580548524856,0.9494687160342932,-1.0406401023000478,-0.0990063176751136,0.0444168858230114,0.0850700810551643,0.082497090101242,-0.0408624640032649,-0.0819400320619344,-0.1721501720800995,0.0186987649649381,-0.0170671232044696,-0.0383385345339775
1774473263159132000,76.7491318359375,-0.1950920717284083,-0.0307039119519293,0.5037684370607137,-0.0963307619094848,-0.2435616105794906,-0.0633367970585823,1.1017103648126123,-0.9175918147802352,-0.0116162035137414,0.0387204736471176,-0.0331848673522472,-0.1066955476999282,0.0163642748236656,0.2978074730545282,0.2036304752320051,0.0822398215532302,0.0811712592840194,-0.0590948462486267
1774473263169160000,76.75915991210937,-0.3117988812670111,-0.1110495144292712,0.5671382086873055,-0.0969943329691886,-0.1839247196912765,-0.0352769494056701,0.9115525346159934,-0.7328180157095193,0.2270008294254541,0.0234022364020347,-0.1801833659410476,-0.2874472141265869,0.0343374461486935,0.4564560662657022,0.4891524672091007,0.1519533842802047,0.162666380405426,-0.0536854341626167
1774473263179188000,76.76918798828125,-0.4242842737182974,-0.2006784935586154,0.499993010175228,-0.0878679454326629,-0.1548307538032531,0.0176477842032909,0.5231178651750087,-0.4877607205897569,0.4125888674885034,0.0052946954965591,-0.3302065432071686,-0.4276507794857025,-0.0211468329250812,0.465115758061409,0.6466720563903451,0.2236792147159576,0.2223313003778457,-0.0174247771501541
1774473263189216000,76.77921606445312,-0.4591270390406251,-0.2045725783877074,0.3103431295007467,-0.085149772465229,-0.1398058533668518,0.07022575289011,0.1411520994871854,-0.1495937646180391,0.4751929154396057,-0.0157666467130184,-0.4554834961891174,-0.5131081342697144,-0.0796668264329433,0.3254109347730874,0.6338719037890433,0.2544547021389007,0.2841355502605438,0.0196552127599716
1774473263199244000,76.789244140625,-0.3737155314758419,-0.0811294463314116,0.0775993725091218,-0.0720427557826042,-0.1170217096805572,0.1265729069709777,-0.1768459286808967,0.1652057597696781,0.3442085742235183,-0.0385647602379322,-0.5177987217903137,-0.5332497358322144,-0.1605976814523339,0.1061596965610981,0.3953920873634517,0.213892862200737,0.3330555260181427,0.0568723045289516
1774473263209271800,76.79927172851562,-0.2436389527544379,0.0835942290097475,-0.0247381354153156,-0.0602169670164585,-0.0729173570871353,0.1816577017307281,-0.3746522278040647,0.2923398552983999,0.0338607685476541,-0.048464260995388,-0.5068022608757019,-0.5026790499687195,-0.2349231468573212,-0.0444002827405929,0.0466686660639941,0.1228668168187141,0.3791820108890533,0.0871929302811622
1774473263219300000,76.80930004882812,-0.1033960770666599,0.1847876814655959,-0.0651636693060398,-0.0303328372538089,-0.0489507727324962,0.2242030203342437,-0.4252536667397245,0.2902414217144251,-0.2380523847937583,-0.0373228900134563,-0.4327754080295563,-0.4352678656578064,-0.2798784331321716,-0.0728173989295959,-0.1464136732771992,0.0290653593838214,0.4527516663074493,0.1061689481139183
1774473263229328000,76.81932788085938,-0.0796799781754612,0.1441793383538722,0.0597340454727411,-0.0085220178589224,-0.0423147678375244,0.2535827457904815,-0.4011403486918657,0.2709060221254825,-0.3256558494448661,-0.0054919887334108,-0.3193428516387939,-0.3400822281837463,-0.2414006723083555,-0.0698585491240024,-0.2087735372088849,-0.0683906227350235,0.5109172463417053,0.1090390309691429
1774473263239356200,76.82935620117188,-0.0693383246421814,0.148260470187664,0.3226736187636852,0.0114479623734951,-0.032413400709629,0.2660844326019287,-0.3328605931919068,0.2646732652157545,-0.3238596136778593,0.035587441176176,-0.1893564164638519,-0.243969440460205,-0.1639035911299288,-0.147732646921277,-0.2948505229450762,-0.1616266667842865,0.5141158699989319,0.1038656681776046
1774473263249384000,76.83938403320313,0.1607692386269569,0.1932097651131451,0.7258195351243019,0.0153718637302517,0.0218021646142005,0.2491624355316162,-0.1970282274227589,0.2543371646404266,-0.2309656414031982,0.0828633457422256,-0.0637699961662292,-0.1673199385404586,0.0091943831942975,-0.1408639301955699,-0.1813512772761285,-0.2033240497112274,0.4858413934707641,0.0952466130256652
1774473263259412000,76.84941186523437,0.5359314617797732,0.2887324784561991,1.0075000492423771,0.0136549239978194,0.0861055180430412,0.2053989768028259,-0.161828392291069,0.2267418862283229,-0.0799269386738538,0.1330164670944214,0.0358289927244186,-0.1135693043470382,0.1444112474136054,-0.128362760540843,0.1368874277800321,-0.2076859772205352,0.4358408451080322,0.0810096487402916
1774473263269440000,76.85943994140625,0.7505705300211906,0.4302370446428656,1.1288421173661949,-0.009483098052442,0.1539506167173385,0.1573264449834823,-0.3399333811223506,0.1358025551527738,0.1017202528089284,0.1682831048965454,0.1229705512523651,-0.097204178571701,0.1900643066942691,-0.1931225252211093,0.5259662403434515,-0.1728182733058929,0.3803014159202575,0.0798453167080879
1774473263279468000,76.86946801757813,0.7399567815482616,0.6313863705836236,0.8986305092006921,-0.0386915802955627,0.1714822053909301,0.1186650693416595,-0.6452671580284833,0.1146311723083257,0.2506599374324083,0.1721776723861694,0.2018655091524124,-0.1334212273359298,0.2952161413870752,-0.219738729467988,0.8216223805829882,-0.1098986566066742,0.3015829622745514,0.0624429136514663
1774473263289496000,76.87949609375,0.4873249595209956,0.6799974028870462,0.4182002776294946,-0.0702447816729545,0.1059674471616745,0.0813169106841087,-1.1057545987021178,0.2361076804667711,0.398773692625761,0.1590632051229477,0.2484710961580276,-0.206894651055336,0.3862909354105591,-0.3084709058880805,0.9775416949607432,-0.0511522516608238,0.2041783779859542,0.0461041554808616
1774473263299525000,76.88952514648437,0.0181210553631186,0.6598398732602596,-0.1427677179902791,-0.1043854430317878,-0.0022144163958728,0.0586888268589973,-1.5903560515433548,0.3612976561903953,0.523723429852724,0.1483476608991623,0.2546008825302124,-0.2721969187259674,0.432417457421869,-0.402988679972291,0.9807393219582736,-0.0108830947428941,0.1094221100211143,0.0269690994173288
1774473263309553000,76.89955297851563,-0.3298071239054203,0.7329517250917852,-0.616311697179079,-0.1334352493286132,-0.0959226191043853,0.0651804357767105,-1.9482512058138848,0.4987795427322387,0.6146972477197646,0.1567257046699524,0.2204823195934295,-0.2806109189987182,0.3723156015500426,-0.5148632470488548,0.8509770698830484,0.0022822418250143,0.0447618886828422,0.0008208523504436
1774473263319581000,76.90958081054687,-0.425993415723741,0.5880968255639076,-1.013179263922572,-0.1339023560285568,-0.159701868891716,0.0596839301288127,-2.023954973834753,0.7067611989110708,0.6393716702491045,0.1945836842060089,0.1703015863895416,-0.2190672308206558,0.2703928119063377,-0.7690010897248983,0.6122441554792225,-0.0112460106611251,0.0107991155236959,-0.0384920537471771
1774473263329609000,76.91960888671875,-0.4959329211294651,0.1649305960901081,-1.3363450501173737,-0.1123303771018982,-0.2457854002714157,0.1086247712373733,-1.8455238217890264,0.8246481581449508,0.5181798242509364,0.2581892907619476,0.1475816220045089,-0.1030913665890693,0.2991632715776562,-0.9871218626022338,0.2237912197291851,-0.0518805235624313,-0.0169960297644138,-0.1008513048291206
1774473263339637000,76.92963696289063,-0.4440656635090708,-0.1802668430402874,-1.2646312285155057,-0.0966337099671363,-0.3063044250011444,0.1691230088472366,-1.4594891992270946,0.7558885101735592,0.1785527325987815,0.317882239818573,0.1857740432024002,0.0371642410755157,0.4452317846789956,-1.0624831007957458,-0.2807591614894569,-0.108694702386856,-0.0703768730163574,-0.1760687679052353
1774473263349665000,76.9396650390625,-0.3176528679922223,-0.3409353977717459,-0.7964677733212709,-0.0798430293798446,-0.3287568390369415,0.215533509850502,-0.9975421343296764,0.4043026851803064,-0.4334820179134607,0.3586504459381103,0.2879906892776489,0.1858474463224411,0.5492709819547832,-0.905191767412424,-0.7187237316444516,-0.1725655496120453,-0.1614119708538055,-0.2429942786693573
1774473263359693000,76.94969311523438,-0.2824278253540396,-0.4199922756128013,-0.3754869250625371,-0.0695901289582252,-0.3087794184684753,0.2507311701774597,-0.6135854870855808,-0.1344172382742166,-1.0679887124747036,0.3812841475009918,0.4224918186664581,0.3196859061717987,0.6854444162465632,-0.605591565722227,-0.9431085333526134,-0.2098566740751266,-0.2652604877948761,-0.293349027633667
1774473263369720800,76.95972094726562,-0.2898176433444023,-0.3274909559175372,-0.0130827689349651,-0.080878235399723,-0.2738756537437439,0.2795548141002655,-0.3034130014440044,-0.4712760342568158,-1.413093943277001,0.3765319883823395,0.5250067114830017,0.4051683247089386,0.8222387589156627,-0.2261287227660417,-0.9005186610348522,-0.1963648349046707,-0.3442271947860718,-0.3252960443496704
1774473263379749000,76.9697490234375,-0.3324015243127942,-0.1748749208688735,0.2153571533828973,-0.0841800197958946,-0.2278753966093063,0.2839293181896209,-0.0141436761647462,-0.4953028065323829,-1.350079560959339,0.352419763803482,0.5444941520690918,0.4222964346408844,0.9690041682399808,0.3012964842140674,-0.6965818963326513,-0.1390171200037002,-0.391452819108963,-0.3460613787174225
1774473263389777000,76.97977685546876,-0.4067988859102129,-0.0699583562366664,0.2465776365548372,-0.0919361785054206,-0.1813932210206985,0.2663889825344085,0.2299152190348133,-0.3756061675280332,-1.1076993760943412,0.3254312872886657,0.4943449795246124,0.3953015506267547,1.0588253089405597,0.8682306947618722,-0.4569683997020125,-0.0616024881601333,-0.4183148145675659,-0.3384599089622497
1774473263399805200,76.98980517578126,-0.4829308162152766,0.0559141949236393,0.2188344741046428,-0.0939319506287574,-0.1465529501438141,0.2344062626361847,0.342271468681097,-0.279556946092844,-0.7109206566780805,0.2949086129665375,0.3881794214248657,0.3454364836215973,0.9917921925008296,1.2771966955780982,-0.2265297047823667,0.0228450447320938,-0.4178721010684967,-0.3059735894203186
1774473263409833000,76.9998330078125,-0.5097445888608694,0.1476513983786106,0.1756973431676626,-0.0906492173671722,-0.1031916812062263,0.2040927708148956,0.3567799230376258,-0.2566436880171299,-0.4065098398357629,0.2596960365772247,0.2463085800409317,0.2837448716163635,0.8294936984799802,1.3392717512190342,-0.0586108866617083,0.0918020084500312,-0.4069467484951019,-0.2535034418106079
1774473263419860700,77.00986083984375,-0.4810884032189845,0.25206483579427,0.1170955165952444,-0.0797680765390396,-0.0521026626229286,0.1833502054214477,0.3797463360726833,-0.3429658806860446,-0.2589268305182456,0.217983603477478,0.1023473367094993,0.2237378507852554,0.6276921922408044,1.1781401090204715,-0.0555361553914844,0.1253581047058105,-0.3921675086021423,-0.1905749440193176
1774473263429889000,77.01988891601563,-0.4270575378239155,0.3269479350820183,0.0816448485076427,-0.0622228272259235,-0.0269791427999734,0.1832486242055893,0.3964484645485878,-0.4036702324956655,-0.175495098593831,0.1577793806791305,-0.0230963435024023,0.1749615222215652,0.4688812480747699,0.9751835875272752,-0.1934628630913794,0.1159882992506027,-0.3698315918445587,-0.1373415440320968
1774473263439916800,77.02991674804687,-0.3597486731827259,0.2943913810007273,0.1481225230216979,-0.0402701199054718,-0.026198836043477,0.1903861612081527,0.4299310839662328,-0.4422235427737235,-0.2149421428412199,0.080079585313797,-0.1219331324100494,0.1247981637716293,0.275182530400902,0.826208831590414,-0.4468737066671252,0.0703757405281066,-0.3444506525993347,-0.0855344459414482
1774473263449945000,77.03994506835937,-0.1733636395230889,0.0958970996133983,0.3383276994913816,-0.0262572467327117,-0.0057620527222752,0.207143485546112,0.5592594016036019,-0.5504384182989597,-0.366102426123619,0.0029219554271548,-0.1930315494537353,0.0587895847856998,0.0956375718943774,0.8066442994207144,-0.6455521124497056,0.0175956171005964,-0.314428299665451,-0.0428823232650756
1774473263459972900,77.04997290039063,0.1635652990862727,-0.1738258502073585,0.6582043810129166,-0.0347498022019863,0.044181004166603,0.2306035459041595,0.6830179197520018,-0.6302478680729866,-0.4478747004032135,-0.0465522557497024,-0.2374417930841446,-0.0199796389788389,-0.0787900435984134,0.8441250120311975,-0.747762048471719,-0.0352751240134239,-0.2708795368671417,-0.0003396798856556
1774473263470001000,77.0600009765625,0.6036132513865828,-0.4164861671879887,0.9620376902282236,-0.0559543408453464,0.0993491113185882,0.2394582778215408,0.7128992632746696,-0.6151648652315139,-0.3753419636338949,-0.0724656134843826,-0.2633796632289886,-0.0995261296629905,-0.2554876498498022,0.8546271168231964,-0.7586138434842229,-0.0710000917315483,-0.2157393097877502,0.0416253469884395
1774473263480029000,77.07002880859375,0.8305591357544064,-0.5400948650695383,1.0568529859542846,-0.0881082862615585,0.1355278939008712,0.250376433134079,0.6565835018128157,-0.5101502470523118,-0.2514537181586027,-0.0801343992352485,-0.2810298800468445,-0.1803704649209976,-0.294097366490215,0.8242565284788608,-0.6875555631816387,-0.0740645229816436,-0.1564642488956451,0.0702074766159057
1774473263490057000,77.08005688476563,0.68546414386034,-0.4508395415581762,0.8351876723378896,-0.1428677439689636,0.1289598047733307,0.2455041855573654,0.5145149085352198,-0.3235410492479801,-0.1504027429133653,-0.0713323876261711,-0.2899496257305145,-0.2566889524459839,-0.4435458774186671,0.6797071877688169,-0.551616522167623,-0.0441007688641548,-0.0787137895822525,0.0935215875506401
1774473263500085000,77.0900849609375,0.3058154229432344,-0.1927522306039929,0.4354810827761888,-0.2066520452499389,0.0653198510408401,0.2096457928419113,0.4288660485506057,-0.0426519777685403,-0.0496890367984771,-0.0550100468099117,-0.3011177778244018,-0.307735413312912,-0.6266168180942535,0.4669616781890392,-0.4523384018138051,-0.0127310175448656,0.0184793472290039,0.1128745451569557
1774473263510113000,77.10011303710938,-0.101555125375092,0.1065896124109625,0.0108323596596717,-0.2665166854858398,-0.0542227029800415,0.1578903049230575,0.2631704959699883,0.2181061598300933,0.0250192904442548,-0.0411293841898441,-0.3042547106742859,-0.3363468050956726,-0.7492097630620003,0.2996528086602688,-0.4052234532870352,0.0097418008372187,0.1256579905748367,0.1260055154561996
1774473263520140800,77.11014086914062,-0.4405965260937809,0.380976900780946,-0.3822837455958128,-0.3161414861679077,-0.1745701432228088,0.1081608384847641,0.0683685662945732,0.3573801904857158,-0.034582653081417,-0.0338324233889579,-0.2788397371768951,-0.3375004231929779,-0.8417607671178877,0.160634798592329,-0.3757211722098291,0.0230896156281232,0.2330829501152038,0.1199903190135955
1774473263530169900,77.120169921875,-0.5590928493976592,0.6235967396207154,-0.7142080077856778,-0.3281500935554504,-0.247523233294487,0.0881644487380981,-0.1562140595406294,0.4568950422048568,-0.0872936680495738,-0.0310669969767332,-0.2177438735961914,-0.3147740960121155,-0.947578810634464,-0.0501408722192049,-0.3718837860040366,0.0318788476288318,0.3214809596538543,0.1205165535211563
1774473263540198000,77.13019799804688,-0.4855211249694228,0.7896244832977652,-0.8843903869241475,-0.3088954389095306,-0.2654484212398529,0.0712722837924957,-0.4273579820752143,0.6254571266651153,-0.0448427658110857,-0.0550134293735027,-0.1137459948658943,-0.2770958244800567,-0.9260580298304556,-0.2534030986607075,-0.3212788034044206,0.040563017129898,0.3838166296482086,0.1021886095404625
1774473263550226000,77.14022583007812,-0.3774889125347137,0.8768459628939628,-0.935341406482458,-0.2752404510974884,-0.2439683228731155,0.0348453596234321,-0.6843021143436432,0.881517461836338,0.018618191230297,-0.1106788218021392,0.0050696088001132,-0.2256187796592712,-0.6994447384178638,-0.3584954582512378,-0.2704068404316902,0.031044878065586,0.4296693503856659,0.0551095120608806
1774473263560254000,77.15025390625,-0.3678679744914174,0.914916896482557,-0.817736186799407,-0.2033164650201797,-0.2090766578912735,-0.0143402973189949,-0.8431278176873922,1.052549735802412,-0.0140051444768905,-0.1678598523139953,0.1134711578488349,-0.1587941944599151,-0.7328083710983395,-0.4086182102918624,-0.2416447101972997,0.0088302250951528,0.4502785205841064,0.0149401575326919
1774473263570282000,77.16028198242188,-0.464662461335957,0.7857583093889057,-0.5628466489732266,-0.1220033168792724,-0.1650262326002121,-0.0716449469327926,-0.9002367753535508,1.0608680668145418,-0.0890425575435161,-0.196914941072464,0.2060756683349609,-0.0688861310482025,-0.8563350897848606,-0.4253764528691768,-0.2277401034854352,-0.0088062928989529,0.4388282597064972,-0.0153985731303691
1774473263580309800,77.17030981445312,-0.552936957116425,0.6601308190308511,-0.3108271136254072,-0.0617357119917869,-0.1249368786811828,-0.1119518876075744,-0.8531699037522077,0.9882190101891756,-0.1096837790340185,-0.1938709616661071,0.2944779396057129,0.0565783269703388,-0.8364321194410324,-0.5448509735554457,-0.2042503606960177,-0.0195307116955518,0.4018304646015167,-0.053097940981388
1774473263590338000,77.18033813476562,-0.634060996620357,0.649912499616295,0.0505699112862348,-0.0048009571619331,-0.0762527287006378,-0.145502969622612,-0.7433774036467075,0.8541407946109771,-0.1196282499432563,-0.1729824542999267,0.3916915953159332,0.2117524594068527,-0.6329400297664105,-0.7834837885856628,-0.2084022196784615,-0.0331980511546134,0.3465277850627899,-0.0986348018050193
1774473263600365800,77.19036572265625,-0.6701008627727627,0.6178893217593431,0.2054196967363357,0.0415425710380077,-0.0282694920897483,-0.1727987825870514,-0.508823966884613,0.5264250900268554,-0.2392044774383306,-0.1575350761413574,0.5032801628112793,0.3519836366176605,-0.4698468782365322,-0.8987894991546869,-0.3261079771265387,-0.043069951236248,0.2768758237361908,-0.1339816898107528
1774473263610394000,77.20039404296875,-0.675928546012938,0.5560270320862531,0.1814420242995023,0.0772091075778007,0.0205694679170846,-0.1927258074283599,-0.2269242387915961,0.0986059201806783,-0.44271512568295,-0.1532460451126098,0.592738687992096,0.4453156888484955,-0.2995828121639788,-0.6782973209708929,-0.4407331580854952,-0.0440140403807163,0.2038806974887848,-0.1639864593744278
1774473263620422000,77.210421875,-0.6236757962062954,0.5339028785616159,0.0875923587352037,0.0977016016840934,0.0360650718212127,-0.2146148532629013,0.057951253709197,-0.2764864526063204,-0.5522878455579281,-0.1661218851804733,0.6290013194084167,0.4670297503471374,-0.1457904268123209,-0.3406429906964301,-0.5034228384934365,-0.0312033426016569,0.1311320811510086,-0.1829383671283722
1774473263630450000,77.22044995117187,-0.5382058364525437,0.4928279408514499,-0.0146282448112964,0.1030759140849113,0.0359459556639194,-0.2425111979246139,0.2698591434210539,-0.5916945577949285,-0.4807189853847026,-0.1761790513992309,0.5873846411705017,0.4146837294101715,0.0616951164126396,-0.0030664018332958,-0.5106425606139003,0.005034290254116,0.0649647712707519,-0.1986456960439682
1774473263640478000,77.23047802734375,-0.4645455569580197,0.4232371027529239,0.0264648130774497,0.0959287881851196,0.0410560294985771,-0.265836238861084,0.3279506823837756,-0.8216144895374774,-0.2020049198567867,-0.1787144392728805,0.473202109336853,0.3042110800743103,0.2527215461373329,0.2611988671034574,-0.4622220824465155,0.0517537929117679,0.0205604769289493,-0.1979340016841888
1774473263650506000,77.24050610351563,-0.3725979256227612,0.2976424917511642,0.121866968780756,0.0880236700177192,0.0649073719978332,-0.2777946293354034,0.3156920893132686,-0.9585901801228522,0.1764905393719673,-0.1756810992956161,0.2921439111232757,0.1616233140230178,0.3037853784203529,0.382328169259429,-0.3240856775186955,0.1131841316819191,0.0074071246199309,-0.1791531294584274
1774473263660534000,77.25053393554687,-0.2249313296750187,0.1405484345056116,0.1851923167437315,0.0689224153757095,0.0890220254659652,-0.2752545177936554,0.2455769350796937,-0.9943483067244292,0.4861725746154784,-0.1715174913406372,0.0804138407111167,0.0077074933797121,0.4067863186895847,0.4713379935771226,-0.1833089872151613,0.1557147055864334,0.0219074096530675,-0.1573557257652282
1774473263670562000,77.26056201171875,-0.1473486160397529,0.0095186467126011,0.1905944680482149,0.0475189127027988,0.1024179309606552,-0.2643264830112457,0.1947667670304886,-0.9434083930820226,0.6901905878603458,-0.1669477820396423,-0.1297348588705063,-0.1332520246505737,0.4800280805110931,0.5494646048307419,-0.0515910710275173,0.1550233513116836,0.0581660829484462,-0.1284138262271881
1774473263680589800,77.27058984375,-0.2004518451958894,-0.1122046758137643,0.1623082847625017,0.0263515748083591,0.0829382389783859,-0.2515691220760345,0.1448071148633956,-0.8834884696483611,0.674887804788351,-0.1595783233642578,-0.308451384305954,-0.2492433190345764,0.4273147274553776,0.5776812300115823,0.0537784980691969,0.1193480417132377,0.1012133061885833,-0.0857789441943168
1774473263690617900,77.28061791992188,-0.2772711732432246,-0.2598369311004876,0.1287052903681993,0.0070105763152241,0.0661822259426117,-0.2199180126190185,0.1190700315386056,-0.7736024460405111,0.5399111790657043,-0.1553755849599838,-0.4318801164627075,-0.3301900923252105,0.4114997570775449,0.5760545055925845,0.1958754771910607,0.0648451223969459,0.1211795657873153,-0.0406626053154468
1774473263700646000,77.29064599609374,-0.2277975327610969,-0.3724405431039631,0.1462000305265188,-0.0217102840542793,0.0526808016002178,-0.192908763885498,0.1118494509016163,-0.5932616609811783,0.3445172017812729,-0.16599141061306,-0.4935221076011657,-0.362909197807312,0.5122819983839988,0.3982154742211103,0.3634470893092453,0.0120296152308583,0.096164770424366,-0.013520585373044
1774473263710674000,77.300673828125,-0.0506958757534623,-0.4203999796308577,0.2205447851538658,-0.0468381233513355,0.0505969226360321,-0.172572523355484,0.0916641747513785,-0.4522112683027982,0.1809299831241369,-0.1707435548305511,-0.50269615650177,-0.3558827340602875,0.686049834793806,0.2413976035684347,0.5324827826306223,-0.0159455593675375,0.0175719559192657,-0.0002447268925607
1774473263720702000,77.31070190429688,0.2414014029607176,-0.4405994487032294,0.305862769216299,-0.0661124885082244,0.0745581835508346,-0.1468927264213562,0.0961228894595988,-0.3744043905228376,0.1086427455484867,-0.1575120091438293,-0.4734516441822052,-0.3310606181621551,0.7728232783615588,0.1597504169732332,0.664564125303179,-0.0319164395332336,-0.0698150098323822,0.0163687989115715
1774473263730729700,77.32072973632812,0.506112369838357,-0.4673671902500093,0.36369478046,-0.0800643488764762,0.0942266657948494,-0.1225268244743347,0.1525625695620663,-0.3210498169541358,0.0563274518996477,-0.1210283041000366,-0.4308778345584869,-0.3027988970279693,0.7383702430091797,0.1539198111236095,0.7639426372915505,-0.0358006618916988,-0.1462964564561844,0.0345081202685833
1774473263740758800,77.3307587890625,0.5123389892682433,-0.4356716369122266,0.2397860767185687,-0.0952789857983589,0.0877922028303146,-0.1103260815143585,0.2127566337619908,-0.2546896313399076,0.0271311680316925,-0.072723776102066,-0.390806645154953,-0.2797573208808899,0.6929976081050933,0.1412169814169406,0.8074353036679327,-0.0051795374602079,-0.2153054773807525,0.057350780814886
1774473263750787000,77.340787109375,0.2016492382869124,-0.2657467396661639,-0.0254711258649826,-0.1158342212438583,0.0463955141603946,-0.1025268882513046,0.1865653951952234,-0.1563040759116411,-0.010664017355442,-0.0144820418208837,-0.370441198348999,-0.2592983841896057,0.6125345167279244,0.0907207198888063,0.7483620601914822,0.0539820529520511,-0.271383672952652,0.0750826373696327
1774473263760814800,77.35081494140626,-0.1615665264844894,-0.140597095952928,-0.3340641968280077,-0.1275281608104705,-0.0297770164906978,-0.0944396704435348,0.0942962768206372,-0.0443389079421758,0.0163198511600494,0.0337760485708713,-0.3579533696174621,-0.2391007244586944,0.5195626569114625,-0.0439560461044311,0.5778643314935267,0.1089528352022171,-0.2967520356178283,0.088439792394638
1774473263770843100,77.36084301757812,-0.456754756951332,-0.1104860353276133,-0.5612076495945453,-0.1346419602632522,-0.1193294376134872,-0.076530821621418,-0.0693500150799751,0.0735211632847785,0.0460725998669862,0.0598372146487236,-0.35272878408432,-0.2200250476598739,0.3559387595057487,-0.1780348462045192,0.3178364078655838,0.1465180516242981,-0.2729335129261017,0.0848655626177787
1774473263780871000,77.37087084960937,-0.5660881151124835,-0.0921288331210613,-0.701805622330308,-0.1332520544528961,-0.1652295589447021,-0.0583520792424678,-0.1915501248052343,0.14403437692523,0.0503957237631082,0.0474272221326828,-0.3423669040203094,-0.1949474513530731,0.1894809538483619,-0.2319692654877901,0.0618543986275792,0.1693308502435684,-0.2074397951364517,0.0778540968894958
1774473263790898700,77.38089868164063,-0.4776233574569225,-0.0976269921459257,-0.7824433396220207,-0.120098166167736,-0.1631900072097778,-0.0461567863821983,-0.232715078886412,0.14942425327003,0.0006441431224346,0.0195591077208518,-0.3315834999084472,-0.1735356301069259,0.1106640222430229,-0.2122726313710212,-0.1143050090938806,0.185838982462883,-0.1235923022031784,0.0668445825576782
1774473263800927000,77.39092700195313,-0.2704316826120019,-0.1299579207777977,-0.7279308281898498,-0.1035040095448494,-0.153280109167099,-0.0284323841333389,-0.2018751559972763,0.1832254005849361,-0.0137993927717208,-0.0063799610361456,-0.3111499547958374,-0.1630367934703827,-0.0146107091546058,-0.2188011563569307,-0.2191786113671958,0.1926494240760803,-0.0346601046621799,0.0518191270530223
1774473263810954800,77.40095483398437,-0.082753978793323,-0.2717353125564754,-0.5731482627570629,-0.0809207633137703,-0.1453931033611297,-0.0048410124145448,-0.1157148758918047,0.2627484346330165,-0.0112128834098577,-0.0332323499023914,-0.2715204954147339,-0.166798785328865,-0.1786976940274238,-0.2438105099290609,-0.2656226748950779,0.1917761862277984,0.0397997461259365,0.0454930551350116
1774473263820983000,77.41098315429687,-0.0252346867606043,-0.3506409453585744,-0.3338865021735429,-0.072562962770462,-0.1339298039674759,0.0095935864374041,-0.0395335534870624,0.3596452128082513,-0.0009837503403425,-0.061680644750595,-0.2238352000713348,-0.1768983900547027,-0.1503682561218738,-0.1933089877039194,-0.2955078178100287,0.1849945187568664,0.0931337848305702,0.0274956319481134
1774473263831010800,77.4210107421875,-0.1596960564374923,-0.3681266254276037,-0.1171311724305152,-0.0758591741323471,-0.1287496089935302,0.0243983007967472,-0.0450847213407978,0.444917604163289,-0.0119826987385749,-0.084390215575695,-0.1813836246728897,-0.1762778759002685,-0.1734535097636282,-0.1262836161792278,-0.3167766696795821,0.1687899827957153,0.1298172324895858,0.0282114893198013
1774473263841038800,77.43103881835937,-0.3796671333566307,-0.322852044070512,0.0262912100762128,-0.0780434980988502,-0.1278720945119857,0.0353817120194435,-0.117789928600192,0.4208884938001632,-0.050593876683712,-0.0876090675592422,-0.1548583656549453,-0.1531742811203003,-0.3282220466710627,-0.1190273614406585,-0.3327481457933783,0.1545974910259246,0.1603110283613205,0.0365958698093891
