time,seconds_elapsed,imu1_accel_x,imu1_accel_y,imu1_accel_z,imu1_gyro_x,imu1_gyro_y,imu1_gyro_z,imu2_accel_x,imu2_accel_y,imu2_accel_z,imu2_gyro_x,imu2_gyro_y,imu2_gyro_z,imu3_accel_x,imu3_accel_y,imu3_accel_z,imu3_gyro_x,imu3_gyro_y,imu3_gyro_z
1773258536147693300,90.837693359375,-0.0950552419617772,0.0232877630770672,-0.0138011463373899,0.0080378083512187,0.0027138728182762,-0.0061390828341245,-0.08856909481287,0.0199456404417753,-0.0737690005660057,-0.0077339205890893,-0.0023248991928994,-0.0010211484041064,-0.047826165536046,-0.0267038825303316,0.0591118219211697,-0.0253988653421401,-0.0119210081174969,0.0036167951766401
1773258536157720300,90.84772021484376,-0.1043091002583503,-0.0143587071549147,-0.0115279407083988,0.0071706832386553,0.0019530076533555,-0.0082491058856248,-0.0806885706961154,0.0189870245426893,-0.0770043292254209,-0.0088945226743817,0.0048899566754698,0.006848569959402,-0.0350076004952192,-0.051464814299345,0.0895142667084932,-0.0175553224980831,-0.0143657894805073,0.0040024211630225
1773258536167746300,90.85774633789065,-0.1197898702457547,-0.0449464088486507,-0.0133025491654872,0.0118590742349624,-0.0040169190615415,-0.00742929847911,-0.080706106352806,0.0147907418966293,-0.068192077216506,-0.0132751557976007,0.0115404026582837,0.0124774267897009,-0.0243044201731681,-0.0887473739892244,0.1127928509652614,-0.0143455946817994,-0.015531638637185,0.0083007048815488
1773258536177773300,90.86777319335935,-0.1228992344379425,-0.0603517207133583,-0.0365828869879245,0.010916581377387,-0.0105214240029454,-0.0032558590173721,-0.0900678089380264,0.0224696059614419,-0.0671224021583795,-0.0134414844214916,0.015179518610239,0.0146886250004172,-0.0219211782984435,-0.0968114379793405,0.1058212583869695,-0.0143322795629501,-0.0151055324822664,0.0108999498188495
1773258536187799300,90.87779931640624,-0.1270452482014894,-0.0660708838114514,-0.0639233138561248,0.0074736028909683,-0.0116644697263836,-0.0050204889848828,-0.0734603730082511,0.005753448960185,-0.0217553202122449,-0.0160511154681444,0.0195886474102735,0.0182229056954383,-0.0218732475034892,-0.0907207198888063,0.1080208142578601,-0.0182229653000831,-0.0168294608592987,0.0166209191083908
1773258536197826300,90.88782641601564,-0.1267687693476676,-0.0802948769371025,-0.0871533827960491,0.0049143051728606,-0.0185218416154384,-0.0014521195553243,-0.0542354480564594,-0.0234516027361154,-0.0309177008330821,-0.0149573236703872,0.0249799564480781,0.0177556499838829,-0.0198829504691064,-0.116948801600933,0.1122550908267498,-0.0242726020514965,-0.0151862921193242,0.0212636068463325
1773258536207853300,90.89785327148438,-0.1342462656214833,-0.0940161995039321,-0.117338677701354,0.0004647149471566,-0.0230024252086877,-0.002455118112266,-0.043012627774477,-0.0090969141691923,-0.0319727628439664,-0.0140814092010259,0.0261211208999156,0.016432324424386,-0.0245458277136087,-0.107664840427041,0.1129404427424073,-0.0244931392371654,-0.0106954490765929,0.0216088518500328
1773258536217879300,90.90787939453124,-0.152223528599739,-0.0884790601755492,-0.1491670636385679,-0.001978469081223,-0.0344079472124576,0.0006791558116674,-0.0337678295671939,-0.0107896895617246,-0.0278530525654554,-0.0116637181490659,0.0268243737518787,0.0139059294015169,-0.007211831074953,-0.0924187559783458,0.1023027288720011,-0.0233967155218124,-0.0035331437829881,0.0195619445294141
1773258536227906300,90.91790625,-0.1699886101320386,-0.0586693936496041,-0.164860891854763,-0.007379294373095,-0.0411941334605217,-0.0027991789393126,-0.0096679920554161,-0.0191319859713315,-0.0538303743869066,-0.0080199819058179,0.0232293736189603,0.0117775304242968,0.029346652124077,-0.0717675976157188,0.10241671064049,-0.0169839989393949,-0.0070007536560297,0.0125583931803703
1773258536237932300,90.92793237304689,-0.1687225357189774,-0.0260629908109083,-0.166945881435275,-0.0119556710124015,-0.0438746027648448,-0.0046828323975205,-0.0079623571813106,-0.003688917645812,-0.0413432332575321,-0.006780358031392,0.0228104591369628,0.0127195343375206,0.0402034155726432,-0.0688590166926384,0.1216460195064544,-0.0101391430944204,-0.0147106051445007,0.0100470315665006
1773258536247959300,90.93795922851562,-0.1544607861325144,0.011332217206899,-0.1569745225191116,-0.0118099339306354,-0.04431664198637,-0.0044416151940822,0.0146118781983852,0.0098550390601158,-0.0300064312070608,-0.010546600446105,0.0241819880902767,0.0109839523211121,0.0206967510700225,-0.0829635298907756,0.1215355448693037,-0.0061570676043629,-0.0216059256345033,0.0068136192858219
1773258536257985300,90.9479853515625,-0.1356403503283858,0.0420725978448521,-0.12767828540802,-0.0092961769551038,-0.0415562689304351,-0.0029747462831437,0.0022609305266021,0.0120563484966754,-0.0363660293668508,-0.0082761775702238,0.0242467001080513,0.0121525041759014,-0.0065812780864536,-0.0846948837280273,0.1349912387698888,-0.0032528906594961,-0.026693096384406,0.0088914176449179
1773258536268012300,90.95801220703125,-0.1335378250911831,0.0633671321449335,-0.1001075569152832,-0.0048014349304139,-0.0392438620328903,-0.0059272237122058,-0.006400514692068,0.0049865562409162,-0.0342044674187898,-0.0072812205180525,0.0196309108287096,0.0101908193901181,-0.0117787005990743,-0.0909814166516065,0.1100169565111398,-0.0028481758199632,-0.0298689976334571,0.0078136939555406
1773258536278039300,90.96803930664062,-0.0988055344060063,0.0681436623643618,-0.0606581745803356,-0.0042775911279022,-0.0394601114094257,-0.0021652425639331,-0.0029565117180347,0.0099210900336503,-0.0500426725417375,-0.0077472366392612,0.0147880408912897,0.0079941842705011,-0.0098706750206649,-0.0944441243261098,0.0839385124027729,0.0029580479022115,-0.0298319794237613,0.005167044699192
1773258536288065300,90.97806518554688,-0.0924178791955113,0.0577150520668365,-0.0296159705847501,-0.0006693188333883,-0.0411879904568195,-0.0078915851190686,-0.0161035780608654,0.0095645316809415,-0.0596761778056621,-0.0067072724923491,0.0130990641191601,0.0053640464320778,0.0146605396457016,-0.0744552292644977,0.0594438303545117,0.0031109889969229,-0.0275807436555624,1.70585699379e-05
1773258536298092300,90.98809228515626,-0.1123261102363467,0.0252486787533387,-0.0062497080445289,-0.0048097353428602,-0.0422436669468879,-0.0084481863304972,-0.006027589726448,-0.0135942255884408,-0.05442074149549,-0.0049920734018087,0.0119626857340335,0.0025265011936426,0.0454131130449473,-0.067822659382224,0.0495925906866788,0.0046060876920819,-0.0275924615561962,-0.0017137299291789
1773258536308118300,90.9981181640625,-0.1180854044154286,-0.0107340960501227,0.0054161798298358,-0.0012532252585515,-0.044087391346693,-0.0067012421786785,-0.0187426943928003,-0.009058335724473,-0.0787239926248788,-0.0003136980812996,0.0140825621783733,0.0014921295223757,0.0632049364537,-0.0419628264605999,0.0520399838387966,0.0027603360358625,-0.0237771347165107,-0.0010543894022703
1773258536318145300,91.00814526367188,-0.0929214448034763,-0.0335997338581364,0.0366582903116941,-0.0027073114179074,-0.0424500815570354,-0.0055483598262071,-0.0211532626658678,-0.0202437466055154,-0.0917465558052063,0.0005811606533825,0.0205986090004444,-0.0005321998614817,0.0400713136255741,-0.0222913267850875,0.0468140658840537,0.0044274749234318,-0.0167093724012374,-0.0006120381876826
1773258536328171300,91.01817114257813,-0.0948228945106267,-0.0510495023635681,0.0567442160069942,-0.0001867729006335,-0.0403050705790519,-0.0003691725432872,-0.0172024792134761,0.0012415244936943,-0.0423924500495195,4.45337500423e-05,0.0214084759354591,-0.0030480881687253,0.0307869140602648,-0.0425128615587949,0.049827276225388,0.0090349297970533,-0.0094222370535135,-0.0025956821627914
1773258536338198300,91.0281982421875,-0.0934434228509664,-0.0621058343716897,0.0667640902400016,-0.0033103944733738,-0.0353015214204788,0.0029706973582506,0.0074234279990196,0.0170581023067235,-0.0118704705357551,0.0007248846814036,0.0191755108535289,-0.0048703346401453,0.0363422100998461,-0.0762736768633127,0.0616492314442992,0.0131572373211383,-0.0027512852102518,-0.001970371697098
1773258536348225300,91.03822534179687,-0.0802607006728649,-0.0600016286340542,0.060465282356739,-0.0072434116154909,-0.0284175667911767,0.0065409950911998,0.022900398594141,0.0201870479822158,-0.0134147773683071,0.0003733471967279,0.0160228610038757,-0.0043020164594054,0.0088661741532385,-0.0874409675657749,0.0611406974002718,0.0173552632331848,-0.0020931353792548,0.0005273497663438
1773258536358251300,91.04825122070312,-0.0643228345677256,-0.0457207176893949,0.0507195488899946,-0.0065126409754157,-0.0257333666086196,0.0071141067892313,0.0438011478036642,-0.0068172787994146,-0.080469374987483,-0.0013133059255778,0.0138428853824734,0.0018723760731518,-0.0339887788414955,-0.0774614253431558,0.0346028190866112,0.014407942071557,-0.0056716250255703,0.0034368531778454
1773258536368278300,91.0582783203125,-0.0617655513003468,-0.025996665842738,0.0421726698189973,-0.0053462777286767,-0.0185593776404857,0.0060548186302185,0.0435632473945617,-0.0443149425446987,-0.1061357311636209,-0.0062838299199938,0.0190847851336002,0.0069763241335749,-0.0132445353679358,-0.0700666389167308,0.0029731705918908,0.0129242734983563,-0.0124320965260267,0.0054863393306732
1773258536378304300,91.06830419921874,-0.04756693007797,0.0093361480188556,0.0198176301479339,-0.0041625024750828,-0.0169204659759998,0.0048864893615245,0.0630249037116766,-0.0457400069117546,-0.1408387957543134,-0.0011249424424022,0.0185154005885124,0.0109278801828622,0.0088227734029293,-0.0503875404566526,0.0015437223106622,0.0138601083308458,-0.0135255903005599,0.0102986712008714
1773258536388331500,91.07833154296875,-0.0340440161600709,0.0260646530450321,0.0067371993005275,-0.007923443801701,-0.016225479543209,0.0044395392760634,0.077035893407464,0.0073959554702043,-0.1298474461406469,0.0086936000734567,0.0205093100666999,0.0131968930363655,0.0032376667469739,-0.0496136334747076,0.0116644265696406,0.0189206786453723,-0.0186265539377927,0.0109205087646842
1773258536398357500,91.088357421875,-0.0246390589550137,0.0441494041189085,-0.0010451251387596,-0.0059300675056874,-0.015924010425806,0.0077996496111154,0.0744517221331596,0.0425128615587949,-0.1099661031067371,0.0143889710307121,0.0232353117316961,0.0153215155005455,-0.0010245207421481,-0.0627770664304494,0.0472495346918702,0.0211990121752023,-0.0188191011548042,0.010973772034049
1773258536408384300,91.09838427734375,-0.0234875508323311,0.0417117925752885,-0.0261971020519733,-0.0054681864567101,-0.01824252307415,0.006840681657195,0.0866395880550146,0.0250233820974826,-0.116225163501501,0.0229252018034458,0.0229426305741071,0.0161686670035123,0.024105098208785,-0.0615232669770717,0.0742930244401097,0.0197670310735702,-0.0165436957031488,0.011405736207962
1773258536418411300,91.10841137695311,-0.0381193027749657,0.0179269940957427,-0.0296826060801744,-0.0029182098805904,-0.0150613775476813,0.007134161889553,0.0921662425220012,-0.0169885442018508,-0.1207780045002698,0.0260801929980516,0.0220297984778881,0.0122698731720447,0.0075865096062421,-0.0513245290458202,0.0744470459580421,0.0211247093975543,-0.0188683699816465,0.0156337711960077
1773258536428437200,91.11843725585938,-0.0359241308182477,-0.006193420413183,-0.0219511350452899,-0.0033990165684372,-0.0152699723839759,0.0147809535264968,0.0709486824482679,-0.0589928717166185,-0.0605038608014583,0.0270168278366327,0.025985924527049,0.0057885376736521,0.0057271454751491,-0.0735047966718673,0.0556663576424121,0.0245875231921672,-0.0231801271438598,0.0157846566289663
1773258536438464500,91.12846459960936,-0.0430818936184048,-0.041033728916943,-0.010956862822175,-0.0057697631418704,-0.0171312559396028,0.0123529490083456,0.0675222151309251,-0.0596031125694513,-0.0033048867642879,0.0273793991655111,0.0272962879389524,-0.0047547537833452,0.0592323795609176,-0.0581447304546833,0.051283904774487,0.0387060083448886,-0.037523116916418,0.006450543180108
1773258536448490500,91.13849047851562,-0.057643502934277,-0.0619746183406095,-0.0075368252456188,-0.0017087695887312,-0.0168476793915033,0.0176005065441131,0.0484083493381738,-0.0680412705689668,0.0452314728677272,0.024213433265686,0.0225318931043148,-0.0150542622432112,0.1825860797680914,0.0301765270769596,0.038400457803905,0.0447948649525642,-0.045188695192337,-0.0107968524098396
1773258536458517200,91.14851733398436,-0.0608276859283447,-0.0638915213452186,-0.014742811101675,-0.0034480802714824,-0.0187321323901414,0.0164737235754728,0.0626999095410108,-0.0651449646055698,0.0802583625853061,0.0182603597640991,0.0143147082999348,-0.0240883249789476,0.2403156535506248,0.1181260286867618,-0.0747936674386262,0.031794112175703,-0.0460768565535545,-0.0239182468503713
1773258536468543200,91.15854321289062,-0.0689142540112137,-0.0390190189605113,-0.0316881006836891,-0.0077035259455442,-0.0249347165226936,0.0159522276371717,0.0565863950967788,-0.0633843846738338,0.0883762025892734,0.016364187002182,0.004967545159161,-0.0356357879936695,0.2031258867107331,0.1246937166392803,-0.2487725162506103,0.0163602046668529,-0.0417730137705802,-0.018812995404005
1773258536478570200,91.1685703125,-0.0627510552063584,-0.0112654447141569,-0.0461602781504392,-0.0084244441241025,-0.0320328399538993,0.0098804868757724,0.0584323152244091,-0.0590641833871602,0.0648556262701749,0.0126995220780372,-0.001130825956352,-0.0397319123148918,0.1529490663953125,0.0721802700698375,-0.2695589914306998,0.0101739475503563,-0.0390376783907413,-0.0088122934103012
1773258536488597500,91.17859741210935,-0.0483925672471523,0.0147794807170983,-0.0610328531116247,-0.0112322103232145,-0.037844356149435,0.0073854373767971,0.0431792165130376,-0.0534276388049125,0.0204880767554044,0.0066781151108443,-0.0043407338671386,-0.0388027355074882,0.090497432526946,0.0157183781355619,-0.1327776543736457,0.0237181782722473,-0.0583147704601287,-0.000814055558294
1773258536498623500,91.18862353515624,-0.0368093892201781,0.0758831797083839,-0.0624929887920618,-0.0147153586149215,-0.0442340783774852,0.000336050055921,0.0463151764512062,-0.0210673379480838,-0.0222831434786319,0.0027391202747821,-0.0046090097166597,-0.0346092134714126,0.0581605125457048,-0.0015910685837268,0.046446109354496,0.0338576324284076,-0.0649593621492385,0.0032752281986176
1773258536508650200,91.19865014648435,-0.0706955844700336,0.1243454877234995,-0.0357458516418933,-0.0188841726630926,-0.0503813065588474,-0.0072580999694764,0.0281868099978892,0.0036374797195196,-0.0712006113827228,0.0026272675022482,-0.0058993115089833,-0.024917434900999,0.0136542852126061,-0.0232370832026004,0.1188636953115463,0.0340174213051795,-0.0421091690659523,-0.0054218568839132
1773258536518676200,91.20867626953124,-0.0688870737433433,0.1622307990795001,-0.012131751820445,-0.0243444517254829,-0.0522702857851982,-0.0140962991863489,0.0140711954504251,0.0354950917512178,-0.0917500629365444,0.0063097523525357,-0.0019225857686251,-0.0116926450282335,0.0021294132441282,-0.0440139137715101,0.1150911910355091,0.0311846174299716,0.0031459268648177,-0.0096344444900751
1773258536528703200,91.218703125,-0.0492070985004305,0.1754839013463817,-0.0310164850324392,-0.0199513211846351,-0.0561689548194408,-0.025783572345972,0.0062684127449989,0.0151321026802062,-0.125427291610837,0.0101955709978938,0.0049664792604744,0.0031749841291457,-0.0245141174010932,-0.0591197129666805,0.0963306687250733,0.0290290582925081,0.0473320409655571,-0.0121571701020002
1773258536538729200,91.22872924804688,-0.0412605234101414,0.1481526715647894,-0.0641483547836542,-0.012993280775845,-0.0549092814326286,-0.0373001471161842,0.0029582607171265,-0.0025070143848657,-0.1176478897809982,0.0106148775666952,0.0135935246944427,0.0157454181462526,-0.072889879643917,-0.051190673533082,0.0827265062645077,0.0287563502788543,0.0744049325585365,-0.0160608328878879
1773258536548756500,91.23875659179689,-0.0406958752647042,0.0977126154696103,-0.1086263789355754,-0.0002022003754973,-0.0540923364460468,-0.0443129763007164,0.013864274701476,-0.0327408246070146,-0.1209060147941112,0.0098098032176494,0.0206756703555583,0.0262619741261005,-0.0635999271206557,-0.0518248797833919,0.0621250322625041,0.0250315573066473,0.0947103723883628,-0.0200234651565551
1773258536558783200,91.248783203125,-0.0433580802112817,0.0352878787413239,-0.127296008092165,0.0118131833150982,-0.0504019930958747,-0.050051026046276,0.0262725076590315,-0.0685077190369367,-0.0590764583468437,0.0104081211611628,0.0233034025877714,0.0284434575587511,-0.0557994825027883,-0.0454857398897409,0.0053261634588241,0.0264891069382429,0.0991799533367157,-0.0230663921684026
1773258536568809200,91.25880932617189,-0.0414896559908986,0.003530375216389,-0.1198053600758314,0.0211879406124353,-0.0482133254408836,-0.0533237010240554,0.0349105698615312,-0.1044464629024267,-0.0093821608513593,0.0064733009785413,0.0192199777811765,0.0253603160381317,-0.0109726449131965,-0.0512760137289762,-0.0742319419026374,0.028450172394514,0.0936468914151191,-0.0330113768577575
1773258536578836200,91.26883618164062,-0.0340276495471596,0.0030710688752587,-0.0982937854915857,0.0233858469873666,-0.0490229241549968,-0.0561873987317085,0.0640478170186281,-0.1003384430617094,0.0183025494098663,0.0010313773527741,0.0080279624089598,0.0185319874435663,0.013648001602292,-0.0080453592896461,-0.1517372063875198,0.0298099815845489,0.0698898956179618,-0.036718763411045
1773258536588862500,91.27886254882812,-0.0247886965587735,0.0132340505065396,-0.0452799881845712,0.0224521029740571,-0.052540797740221,-0.0567018240690231,0.0791325734257698,-0.0989805987119674,0.0657277329295873,-0.0035079803783446,-0.0042508081533014,0.0088703045621514,0.0144816759474575,0.0267506442815065,-0.2363388588741421,0.0246642027050256,0.0378118194639682,-0.0322766900062561
1773258536598889500,91.28888940429688,-0.0175116912931203,0.0361402303874958,0.0185270058155059,0.0207301024347543,-0.054201278835535,-0.0568898469209671,0.0759036745071411,-0.0969768576741218,0.0707014296889305,-0.0043513579294085,-0.0166065488010644,-0.0043625817634165,-0.0418219566851854,0.0134147773683071,-0.2535465987846255,0.0241635274142026,0.0046053947880864,-0.0184359792619943
1773258536608915500,91.29891552734377,-0.0046744215518236,0.0540342811948619,0.0673790072679519,0.0181047618389129,-0.053982213139534,-0.051615159958601,0.0899263546407222,-0.0656160892486572,0.0909019216746091,-0.0047052917070686,-0.0300989225506782,-0.0124159809201955,-0.0773866065412759,-0.014811784684658,-0.2221013669461011,0.0213835779577493,-0.01807233504951,-0.0052620163187384
1773258536618942200,91.30894213867188,-0.0023211364239454,0.048241011680942,0.1048550437033176,0.0132895000278949,-0.0511976107954978,-0.0497597344219684,0.0781798027455806,-0.0096820205807685,0.0836772311180829,-0.0044806036166846,-0.0403583012521266,-0.0171905308961868,-0.1027180316746234,-0.0245674550235271,-0.1928895932480692,0.0171150639653205,-0.0281856898218393,0.001494423020631
1773258536628969200,91.31896923828126,0.0127741413772106,0.036086061648,0.1118172839313745,0.0110299075022339,-0.0539695471525192,-0.0500144809484481,0.0599713613599538,0.0268020822077989,0.0715530780822038,-0.0023652545642107,-0.0480324663221836,-0.0208268109709024,-0.0650455958843231,0.0050216275542974,-0.1634147846996784,0.0139313051477074,-0.0321729518473148,-0.0003568730317056
1773258536638995500,91.32899536132813,0.0252075064927339,0.0117801619037985,0.1053507182657718,0.0064609888941049,-0.0574074238538742,-0.0506887920200824,0.0354559287846088,0.030121582019329,0.063292614737153,0.0010985205881297,-0.0466962680220603,-0.0222531296312809,-0.01416924899742,0.0389887790858745,-0.1268248834490776,0.0070169400423765,-0.0236737392842769,-0.0080174561589956
1773258536649022500,91.3390224609375,0.0399704835996031,-0.0179588779381942,0.0925093568712472,0.008113520219922,-0.0621001943945884,-0.0464357808232307,0.0039198037922382,0.0105365915834903,0.0372790525585413,0.0025097299367189,-0.0484539568424224,-0.0229719169437885,0.0247981950394809,0.0637520489424467,-0.1104252450510859,-0.0012948444345965,-0.0035890156868845,-0.0186086203902959
1773258536659048200,91.34904809570313,0.0500780361160635,-0.0511077992889098,0.0712187315613031,0.0049651311710476,-0.0588695108890533,-0.0487569943070411,0.0055108746592537,0.0147287825763225,0.019517185896635,0.0023140711709856,-0.0501471050083637,-0.0218253936618566,0.0269148949325084,0.0627244594603776,-0.0661836600035429,-0.0061058448627591,0.0185977797955274,-0.0250028707087039
1773258536669075200,91.3590751953125,0.0435848747044801,-0.0589117327718064,0.0652542701989412,0.0046298392117023,-0.0607294663786888,-0.0488930791616439,-0.0066477663097612,0.0146978029161691,0.0146656542122364,0.0038935919292271,-0.0510981194674968,-0.0207018069922924,0.010823445700854,0.0533200867772102,-0.0756441467881202,-0.0125009939074516,0.0325696803629398,-0.0283093880861997
1773258536679101200,91.36910107421876,0.0310623700007796,-0.0463119615808129,0.0472919125288724,0.0096805244684219,-0.0597614049911499,-0.0508134886622428,-0.0423252300322055,0.0234644622176885,0.0049164136141538,0.0062605142593383,-0.0502786710858345,-0.017868647351861,-0.0128559744417667,0.0210971485644578,-0.0963286228984594,-0.0138839734718203,0.0369316712021827,-0.0304228719323873
1773258536689128400,91.37912841796874,-0.0058481415063142,-0.0198421618009917,0.0262444483250379,0.0136814527213573,-0.0593299232423305,-0.0548911169171333,-0.0284065947949886,0.0007125321835279,-0.0010784428864717,0.0099601773545145,-0.050681073218584,-0.0162174869328737,-0.0319419293142855,-0.0217296012490987,-0.1148708262830972,-0.0142371989786624,0.0330385714769363,-0.0243634097278118
1773258536699155500,91.38915551757812,-0.0318979440420866,0.0129058597317896,-0.0006716156512498,0.0132934302091598,-0.0580010078847408,-0.0553758107125759,-0.0115893143651715,-0.0085632456839084,-0.0239507844299077,0.0099790301173925,-0.0494697727262973,-0.0148568022996187,-0.0903891498468816,-0.0846224030137062,-0.1208554536506533,-0.0130773922428488,0.0257295239716768,-0.01574382558465
1773258536709181200,91.39918115234374,-0.0314911168068647,0.0499738907549995,-0.0275689749270677,0.0154870143160223,-0.0518717914819717,-0.0554242134094238,0.0018769009294279,-0.002709843480587,-0.0110801969408988,0.0079355863854289,-0.0502439551055431,-0.0149193871766328,-0.1431453191310167,-0.1152940201312303,-0.1479737622007727,-0.0170943941920995,0.0193330030888319,-0.0083252135664224
1773258536719208200,91.40920825195312,-0.0143862527489662,0.1024533528564497,-0.0444084660470485,0.01622124761343,-0.0530992448329925,-0.0541925057768821,0.0064355871470936,0.0056394671916961,0.0253442846149206,0.0143658304587006,-0.0525823011994361,-0.0161225870251655,-0.1249802784956991,-0.1308884796261787,-0.1789241962596774,-0.0185170546174049,0.0194690898060798,-0.0025450885295867
1773258536729234200,91.41923413085938,-0.0475514402478933,0.1242457536760717,-0.0547270309656858,0.0177277401089668,-0.0533838346600532,-0.0543050542473793,-0.0056540802389383,-0.0154565123289823,0.0695896690547466,0.0162537433207035,-0.0529058724641799,-0.0193990729749202,-0.1070158749990165,-0.1339490362405777,-0.1483478562101721,-0.0216747000813484,0.018629178404808,-0.0017785029485821
1773258536739261400,91.42926147460938,-0.0766898564487695,0.0936700164147652,-0.0471855295449495,0.0174997728317976,-0.0509068295359611,-0.0552914887666702,-0.0016062661528587,-0.0551069701939821,0.055368251478672,0.0196572225540876,-0.057462453842163,-0.028189118951559,-0.0546820227801799,-0.1206114157617092,-0.1138897062912583,-0.0236840546131134,0.022962674498558,-0.0002921926788985
1773258536749287400,91.43928735351562,-0.0586745995476841,0.0524020038179121,-0.0320084186792373,0.0190738644450902,-0.0544035919010639,-0.0556493028998374,-0.0077361472100019,-0.0818845024824142,0.0604851561009883,0.018750948831439,-0.0671100169420242,-0.0373669043183326,-0.0239839560471475,-0.1097720418393611,-0.0727171534255147,-0.030193630605936,0.0323271267116069,0.0045801526866853
1773258536759314200,91.44931420898438,-0.0820683346167206,0.0020974472032859,-0.0156850603878498,0.0198174193501472,-0.0563564896583557,-0.0499898195266723,-0.042104280757904,-0.1176245089054107,0.0898234787881374,0.0187041964381933,-0.0765891000628471,-0.0453153997659683,-0.0084806819669902,-0.0913876593649387,-0.0402107220962643,-0.0380305126309394,0.045666366815567,0.0086505282670259
1773258536769341200,91.45934106445311,-0.0849301537886261,-0.0411697398541495,0.0080669865995645,0.0170900374650955,-0.0542160905897617,-0.046097557991743,-0.0289957928597927,-0.1378793614268302,0.107245153710246,0.0196019485592842,-0.0866955295205116,-0.0551533848047256,-0.0402110143572092,-0.0874795460104942,-0.0417807478919625,-0.0388364642858505,0.0551705881953239,0.0080005964264273
1773258536779367200,91.4693671875,-0.0699549952358007,-0.0689712996943853,0.0242582429438829,0.0168599393218755,-0.0515310913324356,-0.0410588569939136,-0.0399666842073202,-0.1340904905378818,0.1190419744879007,0.0192125439643859,-0.0972278863191604,-0.0622476823627948,-0.0196675541527569,-0.0746563047945499,-0.0192851307064294,-0.0423867255449295,0.0586404204368591,0.0104323290288448
1773258536789394400,91.47939453125,-0.0849199246555566,-0.0915124365220777,0.0309890125036239,0.0136652328073978,-0.048806607723236,-0.0353780835866928,-0.0450479329943656,-0.1217360358774661,0.1243985330849885,0.0231010243296623,-0.1042101606726646,-0.0656187087297439,-0.0313483473353087,-0.0649614247322082,-0.0107025958001613,-0.0425779521465301,0.0575671456754207,0.011520056053996
1773258536799420400,91.48942041015626,-0.0833557440787553,-0.0822846533816773,0.032184359768033,0.012397302314639,-0.0465698204934597,-0.0312834717333316,-0.0568739798665046,-0.0957715735375881,0.1521025325685739,0.0244105476886034,-0.111351691186428,-0.0725463032722473,-0.0387302742801606,-0.0888426510572433,0.0052820320561528,-0.0361357666552066,0.0545316748321056,0.0147185120731592
1773258536809447200,91.499447265625,-0.0876087253481149,-0.063622038487764,0.0476017091304063,0.0092697627842426,-0.0459809154272079,-0.025120785459876,-0.0687117171764373,-0.1018979474633932,0.1703559821397066,0.0286713410168886,-0.1209491938352584,-0.0775453224778175,-0.0543202037304639,-0.1071364326387643,0.0243283855706453,-0.0329017825424671,0.0530846305191516,0.0181833077222108
1773258536819473200,91.50947314453126,-0.0951192471086978,-0.0490385552668012,0.041848844692111,0.0074265892617404,-0.0420586131513118,-0.0244443416595459,-0.0791933637022972,-0.0951782838195562,0.1706827298760414,0.0258818659931421,-0.1289096474647522,-0.0843011811375618,-0.0694534754544496,-0.1324035603642463,0.0423117860287427,-0.0291935969144105,0.058528933674097,0.0217221174389123
1773258536829500200,91.51950024414064,-0.0868400790631771,-0.0168373996275942,0.0202443311274051,0.0045270812697708,-0.039792776107788,-0.0221965461969375,-0.1058908164918422,-0.0907312412828207,0.1298082831740379,0.019634623080492,-0.1376426815986633,-0.0955351963639259,-0.086044690901786,-0.1171580604374408,0.042924949491024,-0.0301552079617977,0.0683445781469345,0.0213924553245306
1773258536839527400,91.52952734375,-0.0878188609674573,0.0019161723522469,0.008287935873866,0.0018061297014355,-0.0387717187404632,-0.0214287564158439,-0.1238835693001747,-0.1145300500214099,0.1287584818601608,0.0162625964730978,-0.1453708261251449,-0.1017179191112518,-0.1042383731096982,-0.0720417383819818,0.0388598920091986,-0.0369380116462707,0.0846588388085365,0.0188376847654581
1773258536849553400,91.53955346679687,-0.0927700536340475,0.0193071324756834,-0.0201011232644319,7.05706188455e-05,-0.0348145775496959,-0.0187783483415842,-0.1447954244256019,-0.1263736325502395,0.1348702427387237,0.0174373164772987,-0.1521307229995727,-0.1070999056100845,-0.096286537322402,-0.0518318940460681,0.0121603933930397,-0.0400650687515735,0.1026666462421417,0.0164822898805141
1773258536859580200,91.549580078125,-0.1046051605954766,0.0081962846681941,-0.032352117550373,0.0014998891856521,-0.0336619615554809,-0.0177983045578002,-0.1572854881644249,-0.1390109958052635,0.1135474687248468,0.0208785478025674,-0.1542590260505676,-0.108970783650875,-0.0993872798167169,-0.038006782311201,0.0087386022508144,-0.0372040346264839,0.1139954701066017,0.0108438450843095
1773258536869606100,91.55960620117187,-0.1039414359897375,-0.017829917796282,-0.0426274278491735,0.0012134538264945,-0.034088384360075,-0.0179425477981567,-0.1863935092270374,-0.1542962432205677,0.0647135874509811,0.0250527877360582,-0.1555418670177459,-0.1093500182032585,-0.1058452237844467,-0.0532470215409994,0.0538259904727339,-0.0328744426369667,0.1212838366627693,0.007392150349915
1773258536879633200,91.56963305664064,-0.1160045064881444,-0.0267067229413893,-0.0435673390477895,0.0049831583164632,-0.0311250872910022,-0.0184120647609233,-0.1858931584894657,-0.1840671121060848,0.0107955347806215,0.0252756718546152,-0.1552064269781112,-0.1095063760876655,-0.1048585508346557,-0.0957218891769647,0.0822097889140248,-0.0269582290202379,0.123452179133892,0.0042490880005061
1773258536889659400,91.57965942382812,-0.1265571724236011,-0.0559458413040731,-0.039590252110362,0.0078215152025222,-0.0247249603271484,-0.0182210579514503,-0.1609258904933929,-0.2230973922461271,-0.0082803370893001,0.0230639167129993,-0.1597977131605148,-0.1036721915006637,-0.1270556234650313,-0.1238964287817478,0.0906274886474013,-0.0249565970152616,0.1264503598213195,-5.3117983043e-06
1773258536899686400,91.58968627929688,-0.1430535491943359,-0.0721866084790788,-0.036733109113574,0.0097352620214223,-0.0259468182921409,-0.0202538482844829,-0.1331155080258846,-0.2635240951806307,0.0347621013015508,0.022218195721507,-0.1682829856872558,-0.1031459644436836,-0.1369704298883676,-0.1171481235653161,0.0559036735296249,-0.0214867647737264,0.1312794685363769,-0.006923671811819
1773258536909713200,91.59971313476562,-0.1745268380835652,-0.0846725166325923,-0.0337327582538127,0.0102037359029054,-0.0265468806028366,-0.0216826107352972,-0.1044096380233764,-0.3131377286553383,0.0620820699036121,0.0161286126822233,-0.1827372908592224,-0.1060751751065254,-0.1358421565108001,-0.1232937867134809,0.0377323492839932,-0.0203095264732837,0.132241815328598,-0.0139021184295415
1773258536919739100,91.6097392578125,-0.1676271416977048,-0.1034275590503122,-0.0258557412683963,0.0124900601804256,-0.0230733156204223,-0.0174527131021022,-0.0831879862964153,-0.3537783666014671,0.1117307746917009,0.0085604786872863,-0.1943003833293914,-0.1131158322095871,-0.1606539416842162,-0.1324929922133684,0.0515697359785437,-0.022368149831891,0.1325781792402267,-0.0188124552369117
1773258536929766400,91.61976635742188,-0.1679769780486822,-0.1313079928130377,-0.0264975463032722,0.0111096212640404,-0.0209631286561489,-0.0143047291785478,-0.040090018326044,-0.4053554091036319,0.1161906767100095,-0.0061758570373058,-0.2042054831981659,-0.1323363929986953,-0.1810299363672733,-0.1333177525997161,0.0579293341383337,-0.0224423836916685,0.1291720569133758,-0.0170674212276935
1773258536939792400,91.62979248046877,-0.1971072109431028,-0.1453809874949045,-0.0314133753955364,0.0065963617525994,-0.023121353238821,-0.0121949734166264,0.0710591570854187,-0.4913023387193679,0.0732826783537864,-0.0319968126714229,-0.2178253233432769,-0.1648058146238327,-0.1866765639521181,-0.1284025080293417,0.0825756996169686,-0.0266440529376268,0.132517784833908,-0.0137107726186513
1773258536949819400,91.6398193359375,-0.2058598417192697,-0.1548735316518694,-0.0441612132877111,0.0056107901036739,-0.0266176126897335,-0.0127737177535891,0.2330208203673362,-0.5809796870350837,0.1151689324468374,-0.0647451728582382,-0.2403367608785629,-0.2084837853908538,-0.2115118761315941,-0.1203366904735565,0.0818845024824142,-0.0320266000926494,0.1448241919279098,-0.0081463530659675
1773258536959845400,91.64984545898436,-0.2293850942134857,-0.1545075113510713,-0.0689034403562545,0.0030698678456246,-0.0301172733306884,-0.0052460264414548,0.3729319798827171,-0.6205208393067121,0.3087351097822189,-0.0907255932688713,-0.2727783918380737,-0.2600119411945343,-0.2550362528204917,-0.0736971043735742,0.0531412230789661,-0.040852315723896,0.1543071866035461,-0.0041047395206987
1773258536969872100,91.6598720703125,-0.2428361119389533,-0.1616080275386572,-0.0980330887287855,0.0034606922417879,-0.0296023562550544,0.00084815826267,0.5551332981169224,-0.699168259564042,0.5549152714520692,-0.1115206182003021,-0.3242919147014618,-0.3303169906139374,-0.258967162528634,-0.0118289694815874,0.0641980391442775,-0.0413677021861076,0.1671630144119262,-0.0078575257211923
1773258536979899400,91.6698994140625,-0.2416770050317049,-0.1591786632335744,-0.1107289041727781,0.0063829789869487,-0.0313688330352306,0.0013922424986958,0.7757540711164475,-0.781750681182742,0.7312585113078356,-0.123738519847393,-0.4007547497749328,-0.418858915567398,-0.2188717373751103,0.0657780018121004,0.0909165347218513,-0.0363266058266162,0.175849974155426,-0.0140594970434904
1773258536989925400,91.67992529296876,-0.2406599369436502,-0.1657437939028255,-0.1242979953199625,0.0055604302324354,-0.0375081859529018,0.0005228668451309,0.9341822995752096,-0.8719652051150798,0.8668506385803222,-0.1346409618854522,-0.4883098900318146,-0.5298715233802795,-0.2535279671493917,0.0935848771482706,0.1345253748238086,-0.0278240106999874,0.1738264411687851,-0.015916109085083
1773258536999952400,91.68995239257812,-0.2335708554655313,-0.1734923439366743,-0.111323947456479,0.007201203610748,-0.0377313569188118,-0.0006665005348622,1.0447738411039114,-0.9821557646274566,0.8859130664467811,-0.1590897142887115,-0.5851106643676758,-0.6590427756309509,-0.3095527828406542,0.0931926629602909,0.1964087072849273,-0.0156845226883888,0.1765692234039306,-0.0125075271353125
1773258537009978400,91.69997827148435,-0.2334042667269706,-0.1689120486753992,-0.1001671781480312,0.0083865784108638,-0.0393046028912067,0.0018203929066658,1.0609487308353185,-1.088795938181877,0.8474854283750056,-0.1863247901201248,-0.6761958599090576,-0.800325870513916,-0.4447064456306397,0.0677174454420805,0.2435036359369754,0.0046624802052974,0.1916950941085815,-0.008074551820755
1773258537020005000,91.71000512695312,-0.2316436867952346,-0.1508197718821931,-0.0894014539837837,0.0129597587510943,-0.0424212999641895,0.000755394808948,1.0229588996589185,-1.1989379823774098,0.8268862924605608,-0.2207661271095276,-0.7515449523925781,-0.9462971687316896,-0.5951466710101813,0.0332201325565576,0.2755459568858146,0.0303412117063999,0.2202175557613372,0.0015421225689351
1773258537030031000,91.72003100585935,-0.2297165181249379,-0.14451595903025,-0.0868622908949851,0.0122777633368968,-0.0393203310668468,0.0017050253227353,1.0944050102353096,-1.2727040603339672,0.7432038006454705,-0.2770203351974487,-0.8257057070732117,-1.1036638021469116,-0.7362386378079653,0.0796931299179792,0.3450964629739523,0.0618067905306816,0.2676059007644653,0.0102659678086638
1773258537040058400,91.73005834960938,-0.22064883005023,-0.1707234637452289,-0.0945990226268768,0.010825808160007,-0.0422567352652549,0.0010205935686826,1.0015835186749695,-1.334894851309061,0.819617762762308,-0.3328228294849396,-0.8785514235496521,-1.2365056276321411,-0.927239275504276,0.146785136938095,0.4436731570601463,0.1060877069830894,0.3440569937229156,0.0242203995585441
1773258537050085400,91.74008544921875,-0.2123006884217262,-0.19099756895639,-0.1181418107777834,0.0080953324213624,-0.0378319546580314,0.0065929573029279,0.8546633571803569,-1.405358380588889,0.728876000085473,-0.402388334274292,-0.945648193359375,-1.345299482345581,-1.1240857166193423,0.1593979502737522,0.5696449308112264,0.1701188832521438,0.4568676948547363,0.0556281208992004
1773258537060111400,91.750111328125,-0.2228939786285161,-0.1901531905541196,-0.1315010585665702,0.0014688551891595,-0.0292576439678668,0.0136908143758773,0.6975678386300802,-1.466745453965664,0.5465028324157,-0.4627562463283539,-0.9795568585395812,-1.4329012632369995,-1.3515870429128407,0.0565653523087501,0.7400985281065106,0.2535940706729889,0.5915354490280151,0.1090095862746238
1773258537070138000,91.76013818359375,-0.2397393149673938,-0.2008414655679836,-0.141443775910139,-0.0025559989735484,-0.0243653301149606,0.016087694093585,0.5910059910088777,-1.4906021303713322,0.3938654623180627,-0.5119040608406067,-0.993626058101654,-1.5078167915344238,-1.5687876322053371,-0.0507137036710977,0.9554019054755568,0.3415591120719909,0.7417077422142029,0.1670796275138855
1773258537080164000,91.7701640625,-0.2407481997489929,-0.2262947635153308,-0.1304658702999353,-0.0055443318560719,-0.0248998254537582,0.0221557077020406,0.4100298671880736,-1.535410993912816,0.2317763732641935,-0.5646833777427673,-1.011175274848938,-1.573086500167847,-1.7039000131368636,-0.1062637414574623,1.1295230853676794,0.4282189011573791,0.8940067291259766,0.2204725444316864
1773258537090191400,91.78019140625,-0.251018541611731,-0.2667521538490429,-0.1109340713560581,-0.0048080547712743,-0.0316337868571281,0.0297483969479799,0.28790099606812,-1.5796557938307525,0.0270768074959516,-0.6250263452529907,-1.0286579132080078,-1.6378042697906494,-1.817310849869996,-0.0765524938046932,1.183135433089733,0.5141388773918152,1.0549620389938354,0.2642897367477417
1773258537100217300,91.79021728515625,-0.2591588857084512,-0.3140256174057722,-0.0518313095241785,-0.0008556576212868,-0.0354034900665283,0.0347468852996826,0.1787789791027084,-1.6323890206307172,-0.1588812329232692,-0.7011749148368835,-1.0381801128387451,-1.6987152099609375,-1.914634913546592,0.0501584078758955,1.160246140411496,0.5928248763084412,1.2182754278182983,0.2937008738517761
1773258537110244400,91.80024438476562,-0.2476718615323305,-0.3598919541109353,-0.0085498016804456,0.0028448870871216,-0.04728240147233,0.039227046072483,0.0217559047341346,-1.6926567345887422,-0.2772428239315748,-0.7884429693222046,-1.0278539657592771,-1.7562568187713623,-2.017275788331777,0.2342524079889059,1.154589722084999,0.6650370359420776,1.3684086799621582,0.3151180148124695
1773258537120271000,91.81027099609376,-0.2466337506562471,-0.362233987192437,-0.007875847941637,0.0068484172224998,-0.0680859461426734,0.0401682034134864,0.0012110562901943,-1.721788136526942,-0.3313905937045812,-0.8778375387191772,-0.998699963092804,-1.827018022537232,-2.1629465342871845,0.4421475549280643,1.1357900368079543,0.7419997453689575,1.4853088855743408,0.3200289011001587
1773258537130297000,91.82029711914062,-0.2333098664417862,-0.3438127798389643,-0.0550508560925722,0.0081297038123011,-0.0850495025515556,0.0399396494030952,0.1775749005425721,-1.7057365809142588,-0.3328776173919439,-0.9593824744224548,-0.9583919048309326,-1.9146534204483032,-2.234952178442478,0.6124672967106104,1.1425842269927262,0.8462421298027039,1.5711054801940918,0.3286857008934021
1773258537140324400,91.83032446289064,-0.233550981721282,-0.2988217829299159,-0.1231049861431121,0.0085760504007339,-0.1055055111646652,0.0342993438243866,0.326100086081028,-1.685034569147229,-0.3177829241126775,-1.0324554443359375,-0.9252251386642456,-2.0121543407440186,-2.324214516216516,0.6590273878335953,1.1583505359232424,0.9681581854820251,1.6022969484329224,0.3674208521842956
1773258537150350300,91.84035034179688,-0.282061622390151,-0.2331598635118454,-0.190362997379899,0.007232935167849,-0.121558628976345,0.034898892045021,0.3533926552195102,-1.715678713735938,-0.2680792742669582,-1.099861741065979,-0.8972768783569336,-2.105743646621704,-2.4824264715760944,0.7302437813073396,1.207956570613384,1.0952064990997314,1.5877856016159058,0.4150409400463104
1773258537160377300,91.85037744140624,-0.2743751595407724,-0.1994176250436343,-0.2120335619181394,0.0095032807439565,-0.1270452737808227,0.0281083658337593,0.4148750056643038,-1.7074831323206423,-0.1446592308253049,-1.163002371788025,-0.8685048818588257,-2.205075025558472,-2.597059981971979,0.8519710493564605,1.2577402999579903,1.227439284324646,1.5584630966186523,0.4530738294124603
1773258537170403300,91.8604033203125,-0.2983674450248479,-0.1840756972713395,-0.2139116307497024,0.0092132268473505,-0.1323688775300979,0.0227584578096866,0.4883640933103859,-1.6412953806638717,0.0010837035834789,-1.2239538431167605,-0.8593742251396179,-2.322099208831787,-2.6595611540704964,1.030109940457344,1.3479036782249807,1.3516459465026855,1.5202887058258057,0.473785787820816
1773258537180430300,91.87043041992187,-0.3643541211515664,-0.1857543345406651,-0.2281856552958488,0.0122044887393713,-0.1314548850059509,0.0158377010375261,0.6059336571581662,-1.5425515133172272,0.0656330403834581,-1.2839666604995728,-0.866513729095459,-2.451465368270874,-2.724953955957293,1.2714631203621625,1.471102187870443,1.4620436429977417,1.4449007511138916,0.4796183705329895
1773258537190457300,91.88045727539064,-0.3892532923474908,-0.2222414695365354,-0.2321849540650844,0.0189471170306205,-0.1354676336050033,0.0068063102662563,0.7177998947978019,-1.4954986702412365,-0.0462462028682231,-1.352922797203064,-0.8758212327957153,-2.5821330547332764,-2.7787556887716054,1.466418706229329,1.5754504510954022,1.5582767724990845,1.3494501113891602,0.4889038801193237
1773258537200483300,91.8904833984375,-0.3998670408204197,-0.256746673467569,-0.2282920382797718,0.0215988270938396,-0.1395555883646011,-0.0027861292473971,0.8336703996427357,-1.4848714777648448,-0.2477449267685413,-1.372274398803711,-0.904425084590912,-2.7011756896972656,-2.8213088823407886,1.5614637190580367,1.670886801329255,1.6672674417495728,1.2698698043823242,0.5251529812812805
1773258537210510300,91.90051025390623,-0.4150000202834606,-0.2781927268012427,-0.2214379346013069,0.0254498794674873,-0.1363951116800308,-0.0146197471767663,1.0493227365799247,-1.5426222404658794,-0.5452314973056316,-1.3633583784103394,-0.8928682804107666,-2.820582151412964,-2.993546440443396,1.5377397291213273,1.7610592396855351,1.7957146167755127,1.2049403190612793,0.5925868153572083
1773258537220536300,91.91053637695312,-0.417300698441267,-0.3072440675068646,-0.2014198134452104,0.034074530005455,-0.1255358010530471,-0.0229138955473899,1.1425773588605224,-1.0053308885097505,-0.4669292372241616,-1.3699162006378174,-0.8731870055198669,-2.9775235652923584,-3.215637870517373,1.4369716624706983,1.9046581478029487,1.938994526863098,1.1183733940124512,0.6677931547164917
1773258537230563300,91.92056323242188,-0.3931453313499689,-0.3013795593876391,-0.1806646101862192,0.03766680508852,-0.1091595515608787,-0.0406528860330581,1.053194609577209,-0.716305856847763,-0.4095817946270108,-1.4382649660110474,-0.9058812856674194,-3.097654342651367,-3.293960296604037,1.391218211555481,2.1451275306105613,2.1006782054901123,1.0036159753799438,0.729338526725769
1773258537240590300,91.93059033203124,-0.3945131125718354,-0.2761838529305532,-0.1633271064162254,0.0439574569463729,-0.0966437608003616,-0.0546038523316383,1.221888357593119,-1.114376954162121,-0.6122916478827596,-1.5277749300003052,-0.947352647781372,-3.2236149311065674,-3.2677748849898576,1.497761938998103,2.3944763854444027,2.265830993652344,0.8855876922607422,0.7765987515449524
1773258537250616300,91.9406162109375,-0.4098398610413074,-0.2379471891199238,-0.120773912847042,0.0511420741677284,-0.0895163938403129,-0.0751223787665367,1.516802155032754,-0.7801087591946124,-0.5894841882690787,-1.507927179336548,-1.000618577003479,-3.373992443084717,-3.239406868639588,1.676613946804404,2.4830460647791623,2.4353551864624023,0.8098033666610718,0.8325462937355042
1773258537260643300,91.95064331054688,-0.4026888202428818,-0.184107042257674,-0.0858043062746524,0.0569906421005725,-0.0765992626547813,-0.1000679358839988,1.4546490657195448,-0.8327092995256185,-1.1211042165905236,-1.494299292564392,-1.027229070663452,-3.5048954486846924,-3.237162889105081,1.8614841919869185,2.4221125803887844,2.599194526672364,0.7884508967399597,0.9073582291603088
1773258537270669300,91.96066943359376,-0.4055594072431325,-0.1310799744771327,-0.04405132317245,0.0606020502746105,-0.0707781538367271,-0.1352649629116058,1.327108142955601,-0.9886708456099031,-1.4693322555884718,-1.4884299039840698,-1.0290727615356443,-3.611866235733032,-3.2779970037966963,2.0109365023076533,2.311645542022586,2.750242233276367,0.7826060652732849,0.9881680607795716
1773258537280696300,91.9706962890625,-0.4133788488224148,-0.093855172856478,0.0142874685496091,0.0700477510690689,-0.0656710118055343,-0.1674415320158004,1.2444117395684122,-1.1211907258301972,-1.5449232108846307,-1.5068485736846924,-1.0206481218338013,-3.694809913635254,-3.228634130212664,2.165074924618005,2.2771061435610056,2.869135856628418,0.8727090954780579,1.0390785932540894
1773258537290722300,91.98072241210936,-0.4197077595829963,-0.043944903655909,0.0435825366169214,0.0799155831336975,-0.0599328987300396,-0.2041162103414535,1.14751934530735,-1.2614835781395437,-1.566554904717207,-1.5250201225280762,-1.0207059383392334,-3.752990245819092,-3.0563451341837644,2.1314958956211805,2.1017992610156533,3.004770517349243,0.89523845911026,1.167487621307373
1773258537300749300,91.99074926757812,-0.421429761070013,0.0186810090671293,0.0435749378323555,0.096435971558094,-0.0480469428002834,-0.2377926856279373,0.9895838688015938,-1.4802408953547477,-1.7494477123469114,-1.509237289428711,-1.0123765468597412,-3.81071138381958,-3.158503193888068,1.981785226625204,1.84154556580782,3.229743242263794,0.8715860843658447,1.295825719833374
1773258537310776300,92.0007763671875,-0.3791676594018936,0.0806970279972068,0.0541308186382055,0.1133517324924469,-0.0361851416528224,-0.2797325849533081,0.9758572490051388,-1.5882348216056823,-1.97750418830514,-1.4927089214324951,-0.9982039332389832,-3.858180284500122,-3.170138686624169,3.0487182925671337,2.423970190954208,3.3475027084350586,0.7197422385215759,1.4537051916122437
1773258537320802300,92.01080224609376,-0.3540010694414377,0.1613246805526316,0.0604980155825614,0.1315640211105346,-0.0169145092368125,-0.3197774887084961,0.9523492399066686,-1.53348265619874,-2.1218352100893854,-1.5071053504943848,-0.9715930223464966,-3.894261360168457,-2.814861021375656,3.375274890244007,2.3615187032163143,3.4802963733673096,0.7025171518325806,1.5680748224258425
1773258537330829300,92.02082934570312,-0.3248696675032377,0.207233760420978,0.088462711828947,0.1467016488313675,-0.0018879044800996,-0.3570934236049652,0.9363757179662584,-1.1980939327687024,-2.111703107653558,-1.5273337364196775,-0.8798606991767883,-3.947014808654785,-2.591215347597003,2.897609447211027,1.7654320479422807,3.630403995513916,0.7186819911003113,1.6523733139038086
1773258537340855300,92.03085522460935,-0.3429384081572294,0.2265688312163576,0.1443400818735361,0.1493869125843048,0.0088478308171033,-0.3888353705406189,1.0854711776733397,-0.721755354425311,-2.1246888459548354,-1.542038083076477,-0.7845882177352905,-3.9754271507263184,-2.361893381747603,3.576549742260575,1.9909341632425783,3.746568202972412,0.6745856404304504,1.7590539455413818
1773258537350882300,92.04088232421876,-0.4046481376171111,0.235425963546615,0.2024000566542148,0.1472943127155304,0.0198873467743396,-0.4277152419090271,0.8697820158571005,-0.4293272363215684,-2.044320593254268,-1.5504150390625,-0.6729583740234375,-3.944680213928223,-2.2559756772488355,4.054090097609162,2.068354672053456,3.865790843963623,0.5548375248908997,1.881638765335083
1773258537360908300,92.050908203125,-0.4635857720151543,0.224139156384021,0.2642132464885711,0.1409109681844711,0.0376692749559879,-0.4619243443012237,0.8648989199906587,-0.2053863789886236,-2.0618319922864434,-1.541838526725769,-0.5282657742500305,-3.9134950637817374,-1.9981401490986344,4.44231317012608,2.1152888571858406,3.927659273147583,0.4002186357975006,2.005370616912842
1773258537370935300,92.06093530273438,-0.4527636414885521,0.2027601404045708,0.310264219045639,0.1307298988103866,0.0692575946450233,-0.5023161172866821,1.0270523064523935,-0.2097159326255321,-2.3130694373458622,-1.5251104831695557,-0.3705758154392242,-3.87396240234375,-1.7301427078962326,4.64961882673949,2.0552461841553447,3.956535577774048,0.2462956607341766,2.131007432937622
1773258537380962300,92.07096240234377,-0.4529416284039616,0.1511824585815891,0.3630576516002416,0.1168644204735755,0.0998240262269973,-0.5455562472343445,1.1101602132499218,-0.2310305233329534,-2.523533557990193,-1.5027425289154053,-0.2290124595165252,-3.820517301559448,-1.5141916802734137,4.800037351743876,1.887391371181607,3.980163097381592,0.1103623285889625,2.2294223308563232
1773258537390988300,92.08098828125,-0.4516916283428668,0.1121334006758406,0.4041659070581198,0.1012704819440841,0.1363202035427093,-0.5887561440467834,1.290110537686944,-0.2534036831825971,-2.5180837681517003,-1.4827203750610352,-0.0989609882235527,-3.765771627426148,-1.2405603248372674,5.063362417221069,1.8740216019988056,3.987885713577272,-0.0008452525362372,2.293133497238159
1773258537401015300,92.09101538085936,-0.423567065359652,0.136280721458001,0.457888729417324,0.0814629569649696,0.1704515367746353,-0.638492226600647,1.6011194376200435,-0.4058580979287624,-2.360275132896006,-1.455272912979126,-0.003703883383423,-3.719824314117432,-0.960522609490156,5.409097762620449,1.9114204815447329,3.9716947078704834,-0.0991372019052505,2.346928358078003
1773258537411040500,92.10104052734376,-0.3621703473716974,0.2227360115878283,0.5439806204617024,0.060179017484188,0.1782005280256271,-0.7025940418243408,1.999540663546324,-0.5994675298839807,-2.127738588914275,-1.4290311336517334,0.0397887304425239,-3.7096433639526367,-0.8803069170027971,5.504134007620811,1.7862755140066149,3.9673118591308594,-0.1968877166509628,2.384497165679932
1773258537421067500,92.11106762695312,-0.3307417744070291,0.3521461988223716,0.5788356607437134,0.0366904698312282,0.1607893109321594,-0.7808140516281128,2.4574019204348323,-0.7550783628344535,-1.882289956389368,-1.4068959951400757,0.0137851815670728,-3.7297749519348153,-0.7599361781291664,5.433342561560869,1.7245529250651597,3.985018014907837,-0.3372741043567657,2.435841083526612
1773258537431093500,92.12109350585938,-0.3180678785338998,0.5639874530388042,0.5559095431864262,0.0239783395081758,0.1365020275115966,-0.8672261238098145,2.905370144340396,-0.8572311618417501,-1.5505474805071948,-1.3724400997161863,-0.0835283249616622,-3.774915218353272,-0.6306850904464721,5.3881870765388005,1.6565040557116268,4.010929107666016,-0.4926735758781433,2.511893510818481
1773258537441120500,92.13112060546877,-0.2387704699352383,0.7988467774122953,0.5481728114545344,0.0163377318531274,0.1030905395746231,-0.9503732323646544,3.201473736086488,-0.9338374316602944,-1.3205293490871786,-1.3262938261032104,-0.2213015407323837,-3.8422539234161377,-0.5990133563756942,5.225040587386489,1.487539820191264,4.053569793701172,-0.7121372222900391,2.6064884662628174
1773258537451147500,92.1411474609375,-0.1615998442322015,1.0312925013054162,0.5319757098913193,0.0261954236775636,0.0601930283010005,-1.024258017539978,3.5416134534358976,-0.9256617239892482,-1.4149261271402238,-1.2801796197891235,-0.3688185513019562,-3.926448106765747,-0.3547363979786634,4.999531457823514,1.3002724507391452,4.054987907409668,-0.9891077876091005,2.6889455318450928
1773258537461173500,92.15117358398436,-0.1328138947308063,1.1263250199787318,0.4143032701909542,0.0597507208585739,0.0326231829822063,-1.055059552192688,3.772485571336746,-0.8007166629374026,-1.6333692638397217,-1.2318649291992188,-0.513385534286499,-4.004340171813965,0.0889712458729743,4.845658116190135,1.0328630385577675,3.988779306411743,-1.2635023593902588,2.7631216049194336
1773258537471200500,92.16120043945313,-0.0013286182552576,1.0402234843231737,0.1501326938003301,0.119481548666954,0.0491190180182457,-1.0545836687088013,3.944761707884073,-0.6126748019814491,-1.8514222321778533,-1.181135654449463,-0.6313654184341431,-4.053500175476074,0.5143053209051489,5.166265742334724,0.7906476888656616,3.888474941253662,-1.497766613960266,2.8400120735168457
1773258537481226500,92.1712265625,0.0501283049985766,0.8149692063041031,-0.2344593287378549,0.1852576285600662,0.0908747166395187,-1.0417882204055786,4.128841679471731,-0.3331853681668639,-1.9108380054816605,-1.1298187971115112,-0.742818295955658,-4.0632100105285645,0.948758521938324,5.761885364618897,0.8380395546376704,3.78558611869812,-1.6288620233535769,2.915152072906494
1773258537491253500,92.18125341796876,-0.0871305864423513,0.5610965904355049,-0.5365700519442558,0.2389798462390899,0.1464660614728927,-1.0393835306167605,4.297164109957218,0.0462730908751487,-1.7746163481339812,-1.078705072402954,-0.8469313979148865,-4.03432559967041,1.401656018939614,6.0725663477718825,0.9637374798834324,3.7227864265441895,-1.6443649530410769,2.98457145690918
1773258537501279500,92.19127954101565,-0.2359916528716683,0.4434080763831734,-0.6610708763599396,0.2590552866458893,0.1844960004091262,-1.043377161026001,4.355295980930328,0.4242395577937364,-1.5722674371451135,-1.0172125101089478,-0.9289230704307556,-3.9648091793060303,1.6968728909790516,6.169411103498935,1.2796014186322688,3.686506748199463,-1.5743765830993652,3.027729749679565
1773258537511306500,92.20130639648436,-0.3531403609588742,0.6268566912647336,-0.6151128427833318,0.2551673054695129,0.1864007711410522,-1.041296362876892,4.258813044252992,0.6288058525711298,-1.42016490457654,-0.9479552507400512,-0.982614517211914,-3.8634753227233887,2.015809953562916,6.347540642249584,1.7444149788767098,3.6843607425689697,-1.4445159435272217,3.0505523681640625
1773258537521333500,92.21133349609374,-0.5648690947115421,1.0716594368766992,-0.4789665887594223,0.2411606907844543,0.1684862226247787,-1.0351247787475586,4.261785922583937,0.6864288972392678,-1.374576288834214,-0.8764825463294983,-1.021640419960022,-3.754467487335205,2.428706279565394,6.62215019506812,2.130566505816579,3.675795078277588,-1.2687243223190308,3.067456007003784
1773258537531359500,92.221359375,-0.8248293599307537,1.5231201060079038,-0.3364356021344661,0.2355292290449142,0.1596979647874832,-1.0254106521606443,4.163654049655795,0.6406669707566499,-1.2979898927599192,-0.8050169348716736,-1.041284441947937,-3.641230583190918,2.65409002918303,6.838269564995169,2.121522198617458,3.646136283874512,-1.085067629814148,3.0858657360076904
1773258537541386500,92.23138647460938,-1.0316650609448552,1.7767874085627495,-0.2649894915580749,0.246753379702568,0.1473318338394165,-1.0205166339874268,4.208869155910611,0.4880968206763267,-1.3137360356852412,-0.7513771653175354,-1.0366241931915283,-3.5615177154541016,2.727483474434912,6.961939199283719,1.8090438106536864,3.605902194976807,-0.9262433648109436,3.1162126064300537
1773258537551412500,92.24141259765624,-1.2227338685065507,1.8226121711485088,-0.3490384785979986,0.2655234932899475,0.1185950189828872,-1.0354187488555908,4.302731680956483,0.5319282174877822,-1.279466686336696,-0.7024261355400085,-1.0566458702087402,-3.511544704437256,2.7645290104985234,7.070341706335544,1.4678542919903992,3.573580026626587,-0.843133270740509,3.1539547443389893
1773258537561439500,92.251439453125,-1.3373966049969197,1.8160986976012587,-0.5711141265809536,0.2989158034324646,0.0873036757111549,-1.0664410591125488,4.324733669406175,0.7067778577849269,-1.1052288943275808,-0.6467711925506592,-1.0832287073135376,-3.4895591735839844,2.780095997464657,7.189121230494975,1.1686702698856593,3.5770204067230225,-0.8186681270599365,3.198536872863769
1773258537571465500,92.26146557617189,-1.3118033140569925,1.738997045481205,-0.9167904352694748,0.3391269147396087,0.0639024078845977,-1.100243091583252,4.530889279201626,0.9056501787044108,-1.0383639740616082,-0.5930323004722595,-1.128096342086792,-3.471811056137085,2.825233654569089,7.4033262912333,0.9220622381925584,3.602863550186157,-0.8274232745170593,3.2337002754211426
1773258537581492700,92.27149267578125,-1.2937912720263005,1.6412449656508863,-1.252782385289669,0.386406809091568,0.0588743612170219,-1.1245957612991333,4.512174057337641,1.0168382248215375,-1.1513403649002314,-0.5327141880989075,-1.202014684677124,-3.438962459564209,2.976413519334793,7.5634467105627055,0.6614630905479192,3.636573553085327,-0.8532423377037048,3.273059129714966
1773258537591519500,92.28151953125,-1.271456690621376,1.533511590032279,-1.486150411659479,0.4295105338096618,0.0513447746634483,-1.133826494216919,4.18281643076539,0.9712444214474408,-1.425255797974765,-0.4595240950584411,-1.2716968059539795,-3.3854963779449463,3.225249456210434,7.7172256519109,0.3405915527701377,3.6478500366210938,-0.8998036980628967,3.2944495677948
1773258537601545500,92.29154541015625,-1.2531371900767088,1.4023077608466148,-1.6296090345233678,0.4662850499153137,0.0418937504291534,-1.1226356029510498,4.043599683254957,0.776450163621828,-1.9737845832601189,-0.4035147428512573,-1.3391281366348269,-3.314133405685425,3.469392851355672,7.830202627271413,-0.052561377364397,3.626621007919312,-0.93520987033844,3.3086953163146973
1773258537611572500,92.30157250976562,-1.0969541101962328,1.2423116985492408,-1.700277146464586,0.5005842447280884,0.0144643038511276,-1.1043604612350464,3.956547422745824,0.6290552242223173,-2.422996669746935,-0.3793934285640716,-1.4002472162246704,-3.237493991851806,3.6628164053499694,7.926875533562898,-0.4327332453727722,3.5711429119110107,-0.924720048904419,3.310568332672119
1773258537621598500,92.31159838867188,-0.9433283135831356,0.978283307108283,-1.7376491380035877,0.52303546667099,-0.0425467826426029,-1.0723400115966797,3.759716690656543,0.6419488272607327,-2.817487862747908,-0.3774516582489013,-1.4197449684143066,-3.1437795162200928,3.6382930817291137,7.883042237055301,-0.7135597730100155,3.5016818046569824,-0.849470317363739,3.296368360519409
1773258537631625700,92.32162573242188,-0.8938514582306146,0.6772302031960338,-1.6993004103869198,0.5272764563560486,-0.0991131737828254,-1.0480265617370603,3.452614735034108,0.6572569440949708,-2.988960281696916,-0.3894902169704437,-1.3884011507034302,-3.016193151473999,3.583269990426302,7.548900883337855,-0.8211585624635219,3.440515756607056,-0.7290073037147522,3.2838425636291504
1773258537641651700,92.33165161132813,-0.9179182702556252,0.4691850898595526,-1.5400877535521984,0.506318986415863,-0.1399548798799514,-1.0352940559387207,3.013402649036049,0.7589340884145349,-2.6390722005322576,-0.3806965351104736,-1.340429186820984,-2.871062755584717,3.4787232820197937,7.145138296383619,-0.7519511707246304,3.3847243785858154,-0.5590781569480896,3.2850589752197266
1773258537651678500,92.34167846679688,-0.9544552722752092,0.41795952767618,-1.2247042917966842,0.473769336938858,-0.1604118943214416,-1.0289645195007324,2.8391128345787524,0.8086759513787924,-1.980799430458248,-0.3327039778232574,-1.315080642700195,-2.7425897121429443,3.367409563696384,6.776696613657474,-0.7617775682121515,3.3432562351226807,-0.3800365328788757,3.287907838821411
1773258537661705500,92.35170556640624,-0.9842258488997816,0.4283959833534434,-0.7919839059054851,0.443434864282608,-0.1735383421182632,-1.0121139287948608,3.001873539283872,0.962526496658474,-1.251570671412349,-0.2226158082485199,-1.342199444770813,-2.650388717651367,3.3376953934341667,6.64210752594769,-0.7514543271183968,3.288569927215576,-0.2622614204883575,3.270664930343628
1773258537671731500,92.3617314453125,-1.0170330167412758,0.4373911907138302,-0.3930804494202137,0.4193837642669678,-0.1723097413778305,-0.9970672130584716,3.05579393004179,0.990450422503054,-0.7792500965386628,-0.0613377057015895,-1.3763667345046997,-2.583895206451416,3.677748017022013,6.709897452104091,-0.9142144473016262,3.18487548828125,-0.2004586309194564,3.23524808883667
1773258537681758700,92.3717587890625,-1.0612766476154327,0.4627183049982413,-0.0680646514445543,0.4028868079185486,-0.1667314767837524,-0.9807702898979188,3.108354722884297,0.9672242260206492,-0.7356079386889934,0.1205985769629478,-1.414648175239563,-2.5405993461608887,4.102248563839495,6.796065330994129,-1.1677712752193212,3.063833713531494,-0.1814324706792831,3.2008495330810547
1773258537691784700,92.38178466796874,-1.122793192590773,0.5085840937141328,0.1351619191616773,0.3969044387340545,-0.1524017304182052,-0.9721340537071228,3.2063954103976484,0.965341992470622,-0.8740931570544839,0.3035247325897217,-1.4452018737792969,-2.492966651916504,4.1350615768998855,6.823759978127479,-1.2535603839248417,2.9395554065704346,-0.2182915955781936,3.145253896713257
1773258537701811500,92.3918115234375,-1.1721116425111888,0.6145519209649414,0.229669756373763,0.387941300868988,-0.138124793767929,-0.9624532461166382,3.2716356520712373,1.0140076775707303,-1.3940370683684944,0.4553404748439789,-1.4504923820495603,-2.4633851051330566,4.125367281359434,6.712804863983393,-1.1425555854201317,2.8447842597961426,-0.3384254574775696,3.0532352924346924
1773258537711837400,92.40183740234374,-1.236748949855566,0.8060412189610302,0.2567062318593263,0.3825380802154541,-0.1256810426712036,-0.9529193639755248,3.1845114953696725,1.2475475533761082,-2.0177081883996726,0.5500457286834717,-1.4472720623016355,-2.4242398738861084,4.224224545952677,6.389392409551143,-0.8444798168182372,2.7861194610595703,-0.4792140126228332,2.950394868850708
1773258537721864400,92.41186450195312,-1.2716942987695337,1.0347042825102806,0.2687181566923856,0.3746905326843261,-0.0949769169092178,-0.952982485294342,2.9613877996385094,1.51824533957839,-2.4997101993322373,0.6004809141159058,-1.4282361268997192,-2.365122079849243,4.2887575161397455,5.998879764792322,-0.5538263071715831,2.741237163543701,-0.5123845338821411,2.8679027557373047
1773258537731891700,92.4218916015625,-1.229585634097457,1.2337363240361212,0.2625473591029644,0.3697453439235687,-0.0633802786469459,-0.9676473140716552,2.605266084781289,1.8352989265032111,-2.735027606204152,0.6249476671218872,-1.3919817209243774,-2.2780773639678955,4.24393403955102,5.641498405262827,-0.3066822689056396,2.7207069396972656,-0.4078090190887451,2.829710006713867
1773258537741917700,92.43191772460938,-1.2027651394501329,1.3680176609709858,0.244263514393568,0.370617538690567,-0.0228925067931413,-0.9886095523834229,2.35703308223486,2.129094095176458,-2.551077982997894,0.667701244354248,-1.375702142715454,-2.1693246364593506,4.054308124274015,5.152631769257783,-0.1546086701706051,2.7325756549835205,-0.2793248295783996,2.8034656047821045
1773258537751944400,92.4419443359375,-1.2586173750534653,1.497984057316184,0.2795902638405561,0.3665306568145752,0.0157693699002265,-1.017482876777649,2.116205387508869,2.4105150815755128,-2.311960599321127,0.7392356395721436,-1.3721294403076172,-2.0296242237091064,4.139169596740604,4.641965389376878,0.1124409687876701,2.737330913543701,-0.1552419066429138,2.75326943397522
1773258537761970400,92.45197045898438,-1.2835878579199314,1.6337606012448669,0.3448772672653198,0.3558582961559295,0.0688898488879203,-1.0436418056488037,1.6040332792401313,2.6660961087971926,-2.164035060176253,0.8184372782707214,-1.3858143091201782,-1.863631010055542,4.373068953508138,4.128416732057929,0.2293164128914475,2.723397970199585,-0.001259007724002,2.719172239303589
1773258537771997400,92.46199755859377,-1.2814116829246285,1.7527330176278948,0.4491635711699724,0.3413281440734863,0.1275537759065628,-1.0604859590530396,1.582093834632635,3.0026658587053414,-2.306905654019117,0.9211556911468506,-1.4422141313552856,-1.6913434267044067,4.451304870355129,3.8506472539037455,0.1610392877399921,2.691833972930908,0.1529279947280883,2.670466423034668
1773258537782023700,92.47202368164062,-1.3953577955782412,1.82041451497376,0.5543102912962437,0.3110871613025665,0.1788872629404068,-1.0664458274841309,1.675030477005243,3.3148768279045817,-2.4743805277645587,1.0715734958648682,-1.5086148977279663,-1.5207955837249756,4.556129518920183,3.8086733215272415,0.016605974625051,2.616440773010254,0.256147027015686,2.588557720184326
1773258537792050700,92.48205078125,-1.5111872377604243,1.805957096684724,0.6435667838513851,0.2799466252326965,0.22553750872612,-1.0658661127090454,1.2350953374296425,3.9709360135823486,-2.874462964901328,1.240532398223877,-1.5605584383010864,-1.2844557762145996,4.832780222177505,3.6647155169695615,-0.3115422761574387,2.555583953857422,0.3262138366699219,2.480177402496338
1773258537802077400,92.49207739257812,-1.5414952822625636,1.7358948416821658,0.7475485518515109,0.2354201972484588,0.2514750957489013,-1.0640826225280762,0.8470312548667192,4.569310195271671,-2.968348870822787,1.4440088272094729,-1.5692903995513916,-1.0462898015975952,4.927752169770002,3.6241625573068856,-0.4187573269903659,2.519613027572632,0.388933926820755,2.3481385707855225
1773258537812103400,92.502103515625,-1.5157383251935244,1.6405033535033464,0.8662053264141082,0.182438313961029,0.2542236745357513,-1.0515216588974,0.678282123401761,5.128944604200124,-3.286279678973556,1.656455397605896,-1.5799795389175415,-0.8410139083862305,5.076227744013071,3.40082141943276,-0.3282809372514486,2.494554042816162,0.4687256217002868,2.197904825210572
1773258537822130400,92.51213037109376,-1.4796850150376557,1.5411005838565528,0.9495289217889308,0.125060498714447,0.2408548593521118,-1.0213541984558103,0.8165607132792473,5.659427445185184,-3.8007694165349006,1.868546485900879,-1.6467519998550415,-0.6742571592330933,5.35079521125555,3.1501398546904325,-0.2877037199303507,2.469438076019287,0.5336755514144897,2.021517753601074
1773258537832156700,92.52215673828124,-1.4170996717870237,1.4345017652258276,0.9901637145161628,0.0653329491615295,0.2215597480535507,-0.972261130809784,0.724502607306838,6.290308934986591,-4.32571332809329,2.1227505207061768,-1.7170642614364624,-0.5464520454406738,5.879664771825075,2.937950809949636,-0.5207584425672889,2.417494535446167,0.6595911383628845,1.8401615619659424
1773258537842183700,92.53218359375,-1.2893091581761835,1.3168128127820788,0.9886831205695868,0.0060555138625204,0.1889711767435073,-0.9058096408843994,0.7747101150214671,7.0509262272477145,-4.545040554150939,2.362635374069214,-1.83049476146698,-0.4466958343982696,6.551093376070261,2.8629338551491497,-0.9077943511262536,2.358261585235596,0.9008713960647584,1.6793396472930908
1773258537852210400,92.54221044921874,-1.1461351974725722,1.218111031011492,0.9502285944908856,-0.0526718832552433,0.1492058038711547,-0.8235935568809509,0.3734603876709937,8.176309728592633,-5.135400063949823,2.5680923461914062,-1.910733938217163,-0.3222769498825073,6.863506297582387,2.7055899147957563,-1.186741494757682,2.297290086746216,1.092162013053894,1.5230389833450315
1773258537862236400,92.552236328125,-0.9891872706994412,1.1594738408647476,0.8722177185714244,-0.124210774898529,0.0949151366949081,-0.7381877899169922,0.3148620682299137,9.027145051917431,-5.4852194637924425,2.792520046234131,-1.9741688966751096,-0.1998346596956253,7.271196287113428,2.240267235985398,-1.262589639685303,2.232585191726685,1.2420995235443115,1.3934825658798218
1773258537872263400,92.56226342773438,-0.8677659998595714,1.1409580870956182,0.7550000369012355,-0.1945614218711853,0.0425182580947876,-0.6501482129096985,-0.2956429884970188,9.627847092032432,-5.982476911523938,3.0056281089782715,-1.9918354749679563,-0.0387871861457824,7.723764698290824,1.5944038656294346,-1.437281751333177,2.203902244567871,1.4077905416488647,1.3031208515167236
1773258537882289700,92.57228955078124,-0.8381175883099437,1.1068846987105905,0.6279553732216357,-0.277858704328537,0.0016981242224574,-0.5613400340080261,-0.7492378201127052,10.154815787416696,-6.544408199217915,3.2563157081604004,-1.94437837600708,0.1320948302745819,8.050313697183132,1.030505077254772,-1.568146703953296,2.1472585201263428,1.6658082008361816,1.2343891859054563
1773258537892316700,92.58231665039062,-0.817023654615879,1.1856024077251552,0.5600812759131193,-0.3542706966400146,0.0028100940398871,-0.4735440015792846,-0.6347820043712854,9.904252296096086,-6.6751791899442665,3.562434434890747,-1.901484727859497,0.2533786296844482,8.43223445468545,0.4267138389527797,-1.7252184032365678,2.0902657508850098,1.9549700021743768,1.1652625799179075
1773258537902342700,92.5923427734375,-0.6838032249107957,1.416942727659643,0.5983224515020847,-0.4256812334060669,0.0369299799203872,-0.3900336623191833,-0.7561521295458078,10.676395190978049,-7.388153856542706,3.843328952789306,-1.911706566810608,0.3718720078468323,8.835492599248886,-0.2873269955724478,-1.7010729730173944,2.0623135566711426,2.218579053878784,1.0794373750686646
1773258537912369400,92.60236938476562,-0.5529167911112308,1.695373153940588,0.7209387773454189,-0.4801243841648102,0.0966849401593208,-0.3164581656455993,-0.7448281869769096,11.520469349604843,-7.810058833909034,4.143263339996338,-1.891757845878601,0.4870531857013702,9.519366843569278,-1.2486001311689614,-1.4933578588202594,2.0539305210113525,2.470344305038452,1.0027679204940796
1773258537922395400,92.6123955078125,-0.2947755580127239,1.8435897849865257,0.7983908503383398,-0.5193484425544739,0.1611334383487701,-0.2573487758636474,-0.6681640494912863,12.144813546591996,-8.769503000512719,4.427958011627197,-1.8399863243103027,0.6431180834770203,10.01441012238264,-2.45283680447638,-1.410577430411428,2.106114387512207,2.801560401916504,0.948042631149292
1773258537932422700,92.62242260742188,0.2855368972852826,1.6832570380806922,0.7728256164491176,-0.5342848300933838,0.174677163362503,-0.2228365689516067,-0.5214081386476754,12.222822668945788,-9.172692756015062,4.751346588134766,-1.74539053440094,0.876331627368927,10.21739937710166,-3.519278872030973,-1.3932906339153646,2.206069231033325,3.0764870643615723,0.9178460836410522
1773258537942449700,92.63244970703126,0.4905623340070247,1.0454686915002762,0.4829775779664516,-0.5528526306152344,0.1490740627050399,-0.1713331639766693,-0.2925549593538045,11.777413481873271,-9.385304994603992,5.107543468475342,-1.6473240852355957,1.1360868215560913,10.204210225182772,-4.345282536438107,-1.415061590088159,2.298938035964966,3.235466480255127,0.8978087306022644
1773258537952475600,92.6424755859375,0.4292857352674007,0.4815109394799917,0.1476250948935747,-0.5870394110679626,0.1198826879262924,-0.0823798179626464,-0.1909825905829668,12.218431740510464,-9.48125893897116,5.493588447570801,-1.5701969861984253,1.4513700008392334,10.21916930938363,-4.779346153631806,-1.4393138416826723,2.3992419242858887,3.353306770324707,0.8753455877304077
1773258537962502400,92.65250244140626,0.3025143355712294,0.2115245164174586,-0.1160655890256166,-0.5949039459228516,0.0925317555665969,-0.017426922917366,0.3065215253859758,12.07145721848011,-9.353550842946769,5.906004428863525,-1.4979908466339111,1.7855372428894043,10.380409672653675,-5.242396795856952,-1.4846863304562865,2.4089088439941406,3.5373177528381348,0.8572773933410645
1773258537972528400,92.6625283203125,0.044271395663917,0.1705239591177552,-0.4901075759768485,-0.5609718561172485,0.0828433781862258,0.0334887355566024,0.4055331037580966,11.465317371225357,-9.572397592011091,6.29079532623291,-1.374171257019043,2.179666519165039,10.819054772418736,-5.8578147590667005,-1.932993138666451,2.327949285507202,3.827015399932861,0.8609066009521484
1773258537982555600,92.6725556640625,0.1896478348478674,0.3840604729447514,-0.9961579864948988,-0.4858164191246032,0.0783053562045097,0.1053783670067787,0.6823229232251644,10.731452476811407,-9.852738381958009,6.623599052429199,-1.1542853116989136,2.598414182662964,11.27342117292881,-6.894868235051631,-2.952683391918242,2.229907274246216,4.10488224029541,0.8578250408172607
1773258537992582700,92.68258276367187,0.6539955311462283,0.393900898957625,-1.645300524652004,-0.388653814792633,0.0927949249744415,0.2239619195461273,1.5866215411901472,10.039376221334932,-10.029448701560495,6.931718349456787,-0.9075559973716736,2.9975569248199463,11.865574580407142,-7.128187746104597,-3.2979952512085435,2.079362630844116,4.397058486938477,0.831926167011261
1773258538002608600,92.69260864257812,1.3494421398386358,-0.0883193578355014,-2.298968431279063,-0.2844432592391968,0.1706178188323974,0.4148125648498535,2.658030291241407,9.233135826539993,-10.184874241071938,7.20046329498291,-0.7148082852363586,3.36867618560791,12.891125250124931,-7.210337621524929,-3.615881635695696,1.897669076919556,4.6548380851745605,0.7898383736610413
1773258538012635400,92.70263549804687,2.1985238974943755,-0.8513495564572513,-2.924765749683976,-0.2321769893169403,0.2524501085281372,0.6208542585372925,3.6842403016507626,7.8858485266476865,-10.823328796476124,7.374011516571045,-0.5052012801170349,3.6943359375,13.881198948270082,-7.183719079190492,-3.882026142507791,1.6766451597213743,4.902295112609863,0.7074320912361145
1773258538022661400,92.71266137695312,2.425833646738529,-1.7075551746435462,-3.241079770287872,-0.2691033184528351,0.2130379974842071,0.8241394758224487,4.253965604221821,5.963094750183821,-12.225477567368744,7.425314903259277,-0.2365895211696624,3.965892553329468,15.032304919892548,-6.90852208187282,-3.9816953080058095,1.3929897546768188,5.253273010253906,0.5766929984092712
1773258538032688600,92.72268872070312,2.137448374284804,-2.469000003769993,-3.105176677370072,-0.3880317509174347,0.0689069256186485,1.017546772956848,4.717043718975782,3.627214346092939,-13.763510141956806,7.408872127532959,-0.0028726228047162,4.123750686645508,16.54586239391565,-6.508268379822373,-3.9577348789647218,1.0688503980636597,5.706312656402588,0.3827267289161682
1773258538042714600,92.73271459960938,1.8798831875085829,-2.8996789469614623,-2.801062213125825,-0.5607619881629944,-0.0823646187782287,1.15997314453125,4.638091178292036,1.1918290271550416,-14.941356820988654,7.278923034667969,0.1931947022676468,4.248914241790772,18.419464309197664,-5.589568311539292,-3.611137363778055,0.6902638673782349,6.192020893096924,0.0577105730772018
1773258538052741600,92.74274169921875,1.6188769203677773,-3.0141718798428774,-2.648548177146912,-0.7662387490272522,-0.1028674766421318,1.2361406087875366,3.906618731972575,-1.5600018298119305,-16.347289786595105,7.088749885559082,0.4279276132583618,4.389160633087158,20.33381207636595,-4.569036346766352,-2.9551451058566567,0.2412313222885131,6.696790218353272,-0.4166252017021179
1773258538062767600,92.752767578125,1.6658429619431494,-2.981484246727824,-2.817341732275486,-0.9556909799575806,-0.0116584757342934,1.299643874168396,3.074762834405899,-4.59345357966423,-18.36258916028737,6.976809501647949,0.9280993342399596,4.568596839904785,22.125299187541007,-3.280080824333429,-1.9766893647909165,-0.3083979785442352,7.183619976043701,-0.9004768133163452
1773258538072794400,92.76279443359375,2.217409799750149,-3.0591303809881207,-3.0918992626458404,-1.04850435256958,0.0230460576713085,1.4308019876480105,1.2864461699604988,-8.438976330161093,-20.816926432454583,7.000847816467285,1.944815158843994,4.6549973487854,22.72884609569311,-1.7159020010977983,-1.3915043350204823,-0.964181125164032,7.437829971313477,-1.2678920030593872
1773258538082821600,92.77282153320311,3.047147682249546,-3.479256658244133,-3.5577065101027485,-1.0472455024719238,-0.0627783089876174,1.6498723030090332,-0.8572937056839466,-13.306431559878586,-23.514656281399727,6.989442348480225,3.407244920730591,4.4295196533203125,21.478785244321823,-0.0634662177383899,-1.2235413854971526,-1.679896116256714,7.386124134063721,-1.530434250831604
1773258538092847600,92.78284765625,3.582851765014231,-3.9973295149892567,-3.884668765971064,-1.0086878538131714,-0.2623057067394256,1.8791470527648928,-0.820936444145441,-18.302741133046148,-25.50133863241672,6.633450984954834,4.397785663604736,4.176388740539551,19.648310523104666,1.6804758829295634,-0.8457330317497253,-2.5158464908599854,7.138558387756348,-1.6743230819702148
1773258538102874600,92.79287451171876,3.3755665666669605,-4.25521589654386,-3.924412747338414,-0.9839664697647096,-0.3912564814090729,2.023305177688598,2.479659929472208,-21.926117508411405,-21.65644950364828,6.311661243438721,4.414347171783447,3.974268913269043,17.488467069399356,3.527103866568208,-0.4555278455048799,-3.5441482067108154,6.703361511230469,-1.7259907722473145
1773258538112900600,92.80290063476562,3.150508103480935,-4.097541701322794,-3.7175136256992816,-0.9817798137664796,-0.3299294114112854,2.0814907550811768,5.291392005172372,-21.71587199895382,-14.76888896126151,6.306337833404541,4.200255393981934,3.452513694763184,15.178069481611251,4.412656867530941,-0.6875640387490392,-4.665997505187988,6.099738121032715,-1.723443865776062
1773258538122927600,92.812927734375,3.347914005109668,-3.907598975181579,-3.302033712944388,-0.9944178462028505,-0.2810326814651489,2.1865596771240234,5.493871556803584,-18.540823912978173,-11.19930613540411,6.276736736297607,3.854037046432495,2.7362046241760254,13.249950378721952,5.774427450805902,-0.2943856819123029,-5.792263507843018,5.439438819885254,-1.6339051723480225
1773258538132954600,92.82295458984376,3.5247821456223725,-3.841462661451101,-2.697285027787089,-1.0085774660110474,-0.2815321385860443,2.316715240478516,6.194023566707968,-15.791569628500936,-9.033608694973587,5.932666778564453,3.240318536758423,2.07980751991272,11.077643749284745,7.357064890795946,0.5497255938544869,-6.822982311248779,4.608715534210205,-1.5534436702728271
1773258538142980600,92.83298071289065,3.255187206095457,-3.981104940897226,-1.9525503643125293,-1.0328892469406128,-0.3041855096817016,2.375717639923096,11.213112542438507,-13.948680831390618,-7.412866857516765,5.220715999603272,2.530977964401245,1.0599853992462158,8.805553972581029,8.97931537925005,1.8646904406823217,-7.774918079376221,3.68196439743042,-1.643580436706543
1773258538153007600,92.84300756835935,2.775891823773086,-4.129882128435373,-1.0605676225632428,-1.0946049690246582,-0.3303280770778656,2.372887372970581,16.982362298345564,-12.122851890152692,-3.6564673285841938,4.647435665130615,1.1236647367477417,0.0998397246003151,6.484022996360063,10.369708245897291,3.334815161822736,-8.603107452392578,2.845020771026612,-1.805838942527771
1773258538163033600,92.85303369140624,2.5797575495153664,-3.951361544540524,-0.1315174251794815,-1.1560733318328855,-0.3622961342334747,2.332040786743164,21.125710642075536,-11.642890445137024,-1.0090794273883104,4.5014495849609375,-0.5343012809753418,-0.7025428414344788,4.871374448987841,11.968780103337764,5.043966811877489,-9.09100341796875,2.487459421157837,-2.0403265953063965
1773258538173060600,92.863060546875,2.3848995788037777,-3.4308062233299017,0.546006573331356,-1.1796271800994873,-0.3699589669704437,2.2339112758636475,19.435403100961445,-14.31614051734209,-1.5834379427179692,4.599336624145508,-1.6742678880691528,-1.1418884992599487,3.563603166925907,15.738927587115764,8.706477512279152,-9.514967918395996,2.133960962295532,-2.102515697479248
1773258538183086600,92.87308666992188,1.920514765365421,-2.596962659077346,0.7866641721874476,-1.1708000898361206,-0.3451404273509979,2.1389501094818115,13.448532338392734,-17.249977462232113,-2.7768580384567376,4.408677101135254,-2.1977763175964355,-1.229016900062561,2.38375800755322,21.02477540216445,13.867638040429354,-9.478392601013184,2.9177770614624023,-2.3244755268096924
1773258538193113600,92.88311352539064,1.7664876944750547,-1.6544254958719014,0.775995478656888,-1.117947697639465,-0.3302838802337646,2.043406248092652,8.799051166558264,-17.21667257400155,-2.072167800600827,3.73547625541687,-2.7592713832855225,-1.2142376899719238,-0.3104080114305019,26.143099243628978,18.11287088761925,-9.652443885803224,4.591681480407715,-2.229604482650757
1773258538203140600,92.893140625,1.7655162190943956,-0.9675190442487596,0.7544400649309158,-1.0440082550048828,-0.2609319686889648,1.9383528232574463,5.878840595960617,-15.499537816238403,0.2176820891991257,2.9367733001708984,-3.261441230773926,-1.1462888717651367,-4.562278104677796,28.86980501168966,19.724349806690213,-10.066435813903809,6.097943305969238,-1.3184466361999512
1773258538213166600,92.90316650390623,1.7493851685047148,-0.3775440037228166,0.9875567468881606,-0.952908992767334,-0.1689197570085525,1.8526746034622192,4.132070578390359,-13.429812440353633,1.7280673629269003,2.2779910564422607,-3.602926015853882,-1.072519063949585,-6.201321907022595,29.430646750581264,18.400735058808326,-10.126238822937012,6.912986755371094,-0.102261796593666
1773258538223193600,92.91319360351562,1.613104474446177,0.020614771874994,1.4247931488990784,-0.8424363136291504,-0.0994626507163047,1.7978358268737793,3.115509855335951,-10.737552547252175,1.587495109154284,1.803120255470276,-3.814128160476685,-0.984675943851471,-8.26988291530311,28.341315390348434,12.739011611640452,-9.10636043548584,6.264907836914063,1.147261142730713
1773258538233219600,92.92321948242189,1.4992828649550676,0.1364662797585129,2.0376783787608144,-0.7204505205154419,-0.0772551298141479,1.7532356977462769,1.2622644993841647,-7.482395151773095,0.330372648833692,1.475915789604187,-3.774071216583252,-0.7298660278320312,-11.646730753952264,29.33529720184803,8.164365023776888,-7.557844638824463,4.303619861602783,1.680915355682373
1773258538243246600,92.93324658203124,1.1868962469279765,0.0605892009973526,2.595791569471359,-0.6197050213813782,-0.1804630011320114,1.722734451293945,-1.94952897066474,-4.430070359146595,-1.4608774387151002,1.236465573310852,-3.273742914199829,-0.1106609776616096,-10.55552074036598,29.339613311481475,4.350193104833364,-5.871769428253174,2.3694281578063965,1.2428711652755735
1773258538253272600,92.9432724609375,0.3650993865609169,0.015967238330096,2.802201446288824,-0.5423589944839478,-0.3237331211566925,1.704433560371399,-5.817900097307563,-2.144613443608582,-3.1694068652182814,1.0330469608306885,-2.2305357456207275,0.8331997990608215,-7.6940885219514366,27.98316246192455,1.728093958672881,-4.412877559661865,1.4132318496704102,0.1113994419574737
1773258538263299600,92.95329956054688,-0.4652876074969768,-0.3299392258524894,2.532264561456442,-0.5270905494689941,-0.5186333060264587,1.7169519662857056,-7.946912943941355,-0.9411933473810552,-4.154686899346113,0.8802394270896912,-0.9466980695724488,1.842924952507019,-7.639415851521491,25.06693365443945,3.230777571982145,-3.476980209350586,1.076565146446228,-1.1085262298583984
1773258538273326600,92.96332666015626,-1.4834358920037745,-0.6192749308988451,2.127218948954344,-0.5797401666641235,-0.7010174989700317,1.779689073562622,-8.163779332843422,-0.617746479222551,-4.028968808095157,0.7881345748901367,0.1320387572050094,2.678790807723999,-8.269628648281097,19.37649966109395,6.205147018268704,-2.817127227783203,0.993434488773346,-1.9622725248336792
1773258538283352600,92.9733525390625,-2.489868604275584,-0.8006490045286715,1.529368206617236,-0.6685531735420227,-0.6859922409057617,1.860085725784301,-7.062190548583865,-1.009988651187718,-3.59594622438699,0.6972719430923462,0.816988468170166,3.199328184127808,-9.852913738524911,12.696659493601322,8.379705810546875,-2.1336147785186768,1.2429149150848389,-2.382296323776245
1773258538293379600,92.98337963867188,-2.832204954886436,-0.8160118472248316,0.9516337851136922,-0.7604025602340698,-0.5380547046661377,1.9486364126205444,-5.675500628107786,-2.0425962536796924,-2.9476296156600115,0.5887723565101624,1.1490992307662964,3.388827085494995,-12.29607729024887,6.528862255039811,9.003725013363361,-1.399842381477356,1.4185922145843506,-2.5045323371887207
1773258538303405600,92.99340551757813,-3.067544865851104,-1.110399428833276,0.5691156462401151,-0.8433128595352173,-0.4227686524391174,2.06653094291687,-4.415730283626914,-3.456072766533494,-1.811581220176816,0.5165233612060547,1.2142244577407837,3.267573833465576,-13.754575140351056,2.278787228515744,7.852484017184376,-0.6764172911643982,1.0089362859725952,-2.507923126220703
1773258538313432600,93.0034326171875,-3.528378708809614,-1.3889992203317585,0.4749257889360189,-0.8789383172988892,-0.3248511552810669,2.173586845397949,-3.0752076555639505,-4.887515436449647,-0.4105804502755403,0.4753223955631256,1.0624840259552002,2.878614902496338,-12.420690342867374,1.065242628636956,5.950650863674283,-0.0335079059004783,0.0984398797154426,-2.514460802078247
1773258538323458600,93.01345849609376,-3.882984173884988,-1.2472918250493703,0.8530190971046686,-0.9187362790107728,-0.2408670634031295,2.1585638523101807,-1.6191110213845967,-6.225819803941249,0.9488175586491824,0.4588649570941925,0.6643390655517578,2.2547497749328613,-9.585935703498125,2.315692771586776,4.42334660384953,0.4050609171390533,-0.8999800086021423,-2.4984006881713867
1773258538333485600,93.02348559570312,-3.913291633865237,-0.5122250805649906,1.9103063828229905,-1.005232572555542,-0.1541461795568466,2.071658134460449,-0.3121551473587751,-7.32126701670587,1.8544567775681613,0.4761464893817901,0.1019819676876068,1.497400999069214,-7.248896777021884,3.843856863111257,3.427390277406573,0.5658630132675171,-1.718273043632507,-2.394629955291748
1773258538343512600,93.0335126953125,-3.6094957340508698,0.3718249684888869,2.932025511553884,-1.0572739839553833,-0.1068063601851463,1.991690278053284,0.4818967969924211,-7.686087586325407,2.3636501622870565,0.5283207893371582,-0.5288203358650208,0.7359734177589417,-6.1978510160416365,4.108358278891444,2.7446184413701293,0.5029059052467346,-2.3086612224578857,-2.196529626846313
1773258538353538600,93.04353857421874,-3.051413523000478,0.781069640116021,3.483108072975278,-1.0262644290924072,-0.120690569281578,1.9331917762756348,0.44228608661592,-7.169726209673285,1.9214923782259223,0.5363169312477112,-1.0626122951507568,0.0812278240919113,-5.984688742354511,3.1636686138272285,2.586750184881687,0.3566950857639313,-2.6541619300842285,-1.897305369377136
1773258538363565600,93.05356567382812,-2.4183143571496006,0.6196458100378514,3.946518196162581,-0.931237816810608,-0.2190040946006775,1.901622414588928,0.23778818089962,-5.876174591621756,0.962721873100102,0.4990792572498321,-1.43835711479187,-0.4058989584445953,-6.310148776966333,1.770832445681095,3.182117293709516,0.2398685812950134,-2.764007806777954,-1.5654782056808472
1773258538373591600,93.06359155273438,-1.893244188863039,0.2186398283153772,4.521432884070277,-0.8317673802375793,-0.3194242119789123,1.9018748998641968,-0.109436526274681,-4.421759626919031,0.2434402153119444,0.4333468377590179,-1.591164469718933,-0.6261559724807739,-6.848493437367678,0.7551572732895613,4.366070472922921,0.1811292767524719,-2.6163275241851807,-1.3147099018096924
1773258538383618600,93.07361865234375,-1.4038918151676654,-0.0543326248206198,4.9296506968677045,-0.7758849263191223,-0.3580251336097717,1.913156270980835,-0.2599526664346456,-3.244502730473876,-0.4906263391539454,0.3415012061595917,-1.612257957458496,-0.612320601940155,-6.9001271784931415,0.3533727084100246,5.4510763711720704,0.1116857603192329,-2.265075922012329,-1.1848208904266355
1773258538393644500,93.08364453125,-1.0060656325250863,0.0421799032773822,4.987330147898197,-0.7479138374328613,-0.3406866788864136,1.9248168468475344,-0.5699275471448898,-2.5484602017149327,-0.9303259164080024,0.2487475723028183,-1.4827396869659424,-0.3713796138763428,-6.380301340600848,0.4355488873153925,5.888736551553011,-0.0118117574602365,-1.7845251560211182,-1.1694313287734983
1773258538403671600,93.09367163085938,-0.7140694760978221,0.1596978830683976,4.626343457353115,-0.7109209299087524,-0.2684092819690704,1.9210830926895144,-0.7680781296610831,-2.1870618616290387,-1.202998802075535,0.1095119789242744,-1.2819552421569824,0.037290770560503,-5.687529504075646,0.6111497843712568,5.541120799234509,-0.175665408372879,-1.2724932432174685,-1.1942297220230105
1773258538413698300,93.1036982421875,-0.4630190780431032,0.1006799499757587,3.954918360239267,-0.6603705883026123,-0.1893868148326873,1.8823813199996948,-0.7037514957010745,-2.2258523416638374,-1.60215652558282,-0.0767606869339943,-1.0442508459091189,0.5522595643997192,-4.921187988948822,0.7009136419266462,4.986974174067377,-0.354739636182785,-0.7902086973190308,-1.1958551406860352
1773258538423724300,93.11372436523438,-0.1895715547412634,-0.0812793761961162,2.960545503595472,-0.5929375290870667,-0.1344383358955383,1.830426573753357,-0.6582803688585758,-2.5668723489791154,-1.6521613503322004,-0.2687397301197052,-0.7825716137886047,1.1277703046798706,-4.406359228691459,0.7155196749061346,4.396701173508167,-0.5113638639450073,-0.3499782681465149,-1.172619342803955
1773258538433751300,93.12375122070311,0.1629419064909219,-0.2671347599584609,1.4844360089570283,-0.514315664768219,-0.1479365676641464,1.7984004020690918,-0.4004010015666485,-3.067326546925306,-1.625847782293707,-0.4539239704608917,-0.5395480394363403,1.7018481492996216,-4.1071074020475145,0.7907166624486446,3.865685833081603,-0.624405026435852,0.0530649237334728,-1.1420084238052368
1773258538443777300,93.13377734375,0.6509890428066253,-0.2458741644605994,-0.357797539114952,-0.4313071072101593,-0.1883050352334976,1.7771052122116089,0.2282400158315896,-3.578427811092138,-1.4474122463338075,-0.5943585634231567,-0.3289800882339477,2.194413185119629,-4.020924325588346,1.0240496175050735,3.346430488553643,-0.6999629139900208,0.4162564575672149,-1.0809309482574463
1773258538453804300,93.14380419921876,1.2304501419723033,0.0355615811161696,-2.222237073776126,-0.3591834604740143,-0.2063201963901519,1.736200928688049,1.3829238459408282,-4.012465417061746,-1.349927731398493,-0.6703409552574158,-0.1652670353651046,2.5279300212860107,-4.1618855786785485,1.215924188491702,2.7653397423595187,-0.7522695660591125,0.6698607802391052,-0.9892101287841796
1773258538463830300,93.15383032226562,1.4323065932691097,0.6259161224789918,-3.585457855859399,-0.3239695429801941,-0.1963509172201156,1.6222692728042605,2.615803845408559,-4.229160833311081,-1.0904520348258315,-0.657376766204834,-0.1287906020879745,2.7079317569732666,-4.365034700134396,1.316485334393382,2.174363561967015,-0.7525529265403748,0.8012512922286987,-0.883693277835846
1773258538473857300,93.16385717773436,1.0958154615551232,1.5131827954918144,-3.856985224753618,-0.3013556003570556,-0.1587028801441192,1.4432361125946045,3.745682320085168,-4.188130903786421,-0.6141190094403922,-0.6024219393730164,-0.2085448205471038,2.745806932449341,-4.47951185092479,1.488202668014169,1.6404571762740612,-0.6959525346755981,0.8216052055358887,-0.803084671497345
1773258538483884300,93.17388427734376,0.7264817984253168,2.44746563283205,-3.031471974211931,-0.2668556571006775,-0.0954895615577697,1.219754338264465,4.122978924918175,-4.122977755874395,-0.2470027300991117,-0.573801577091217,-0.3960969150066376,2.7252955436706543,-4.401024297404289,1.890734251868725,1.056598718932271,-0.6122739315032959,0.7428057193756104,-0.800767719745636
1773258538493910300,93.18391015625,0.7007850471109152,3.1692128039509058,-1.6172855595231057,-0.2046568244695663,-0.0265872757881879,0.9913874864578248,3.866517607730626,-4.064399894699454,0.158535634355992,-0.59928297996521,-0.6085668206214905,2.7165656089782715,-4.037143054461479,2.585356684696674,0.274754514247179,-0.5194465517997742,0.5505900979042053,-0.890092134475708
1773258538503937300,93.19393725585938,0.9816261877954006,3.479878005012869,-0.27327918099761,-0.1017256453633308,0.0276008620858192,0.79681795835495,3.549080136054754,-3.951011415928602,0.5839541728012263,-0.6791687607765198,-0.8089735507965088,2.72583270072937,-3.468422252757847,3.456617540934681,-0.6953519161462783,-0.4354661703109741,0.2928379774093628,-1.0451740026474
1773258538513963300,93.20396337890624,1.3772633359611033,3.286707548996806,0.5588771608203649,0.033823374658823,0.0383143462240695,0.6477481722831726,3.2229490703135726,-3.744851714479923,0.8766222371406853,-0.8679748773574829,-1.1342716217041016,2.7532644271850586,-2.943475710850954,4.349396401497722,-1.7751421255737545,-0.3607602715492248,-0.0945771932601928,-1.2164071798324585
1773258538523990300,93.213990234375,1.6607079371422528,2.608035841755569,0.805097069978714,0.1477486193180084,0.0178114678710699,0.5246353149414062,3.415300611162185,-3.4661072538137434,0.5468035689279437,-1.0581873655319214,-1.4315239191055298,2.734147310256958,-2.5940771667689084,5.198355409556627,-2.9122528895914552,-0.3220663964748382,-0.4792199432849884,-1.3813719749450684
1773258538534016300,93.22401635742187,1.7932973754674195,1.890159959112108,0.650596244096756,0.2088469266891479,0.0198803748935461,0.4164898097515106,3.360621510991454,-3.2366704294130204,0.6583610328793525,-1.19331693649292,-1.746983766555786,2.6882991790771484,-2.4470050295829773,6.015237025353312,-3.979215766149759,-0.3500691950321197,-0.896155595779419,-1.506301760673523
1773258538544043300,93.23404321289064,1.822903993701935,1.4143326912917196,0.3596539806365966,0.2352652102708816,0.0281550828367471,0.3355747163295746,3.56178881098032,-3.0539126463398336,0.8791052861280739,-1.1749389171600342,-2.104965925216675,2.640897989273072,-2.498641401056945,6.5407601981043815,-4.860395958855748,-0.4470537900924682,-1.3284422159194946,-1.5541547536849976
1773258538554070300,93.2440703125,1.6165525690734386,1.079912301437184,0.233297299221158,0.2126975357532501,0.0344641283154487,0.2503909170627594,4.04935663934648,-2.8962931039154527,1.1938998420797289,-1.0196939706802368,-2.397901773452759,2.510460138320923,-2.691741129924357,6.65329585943818,-5.361378564590216,-0.5732513666152954,-1.7343127727508545,-1.5157713890075684
1773258538564096300,93.25409619140623,1.188238309186697,0.8375416881181299,0.3405179030120372,0.1707881689071655,0.0295798927545547,0.1753872334957122,4.979280696955323,-2.9108710798442363,0.7360102358795702,-0.8246582746505737,-2.621086835861206,2.257488250732422,-3.050339171767235,6.355105524545907,-5.225038833820819,-0.671016275882721,-2.1112990379333496,-1.4333717823028564
1773258538574123300,93.26412329101562,0.8891197535336017,0.6493131454836577,0.5068623114228248,0.1258865743875503,0.0179492533206939,0.0971115157008171,5.708850524523854,-2.957431755489111,-0.3961228127907961,-0.7059694528579712,-2.887535333633423,1.932766675949097,-3.1310330031603573,5.890280858385562,-4.484546045699715,-0.7091410756111145,-2.371211528778076,-1.404202580451965
1773258538584149200,93.27414916992188,0.6143751761585474,0.4903549383340403,0.6408768141150474,0.0834142193198204,0.0208140164613723,-0.0057291090488433,5.393219225487113,-2.67811212528348,-1.8674445616960524,-0.7635271549224854,-3.1721127033233643,1.6125037670135498,-2.8344723152965305,5.588762255853414,-3.667382690352201,-0.7019548416137695,-2.445675611495972,-1.495305061340332
1773258538594176300,93.28417626953124,0.3410854737669229,0.3672421707432717,0.822217716127634,0.0641814842820167,0.0505154132843017,-0.1251986175775528,4.9647985826164485,-2.3422230511158704,-2.546363229435682,-0.8397169709205627,-3.364346981048584,1.419389724731445,-1.981447957494855,5.640421131420135,-3.3078257403492928,-0.701208233833313,-2.320442676544189,-1.7159063816070557
1773258538604202200,93.2942021484375,0.2284860995471477,0.4097879847235977,0.9687678752660752,0.0792813450098037,0.1104423999786377,-0.2332848608493805,4.29398957157433,-2.1558912089481947,-2.0540122584462166,-0.8710128664970398,-3.47879958152771,1.3978188037872314,-0.7510916312858462,6.0219070046365255,-3.5140403868556023,-0.7485427260398865,-2.06551194190979,-2.01788330078125
1773258538614229200,93.30422924804688,0.197808052688837,0.7152136776968836,0.9209826262623072,0.13169926404953,0.1628943532705307,-0.3152457475662231,3.590608662751317,-1.8363006508916613,-1.6735320551410315,-0.9187249541282654,-3.5499775409698486,1.4643182754516602,0.5056716403335333,6.675318306154012,-4.066937304222583,-0.846472978591919,-1.7170644998550415,-2.3523149490356445
1773258538624256300,93.31425634765624,0.2503308516085147,1.0664179560266434,0.6342863298088312,0.2040775865316391,0.1968046575784683,-0.3761746287345886,3.336206031659245,-1.4111127063319089,-1.6141219809256493,-0.8920454382896423,-3.6223552227020255,1.6323637962341309,1.6183575726687909,7.493682853984832,-4.65600677421093,-1.0182406902313232,-1.28695547580719,-2.6306710243225098
1773258538634282200,93.3242822265625,0.3916366803526878,1.3027324111118912,0.2124871509045362,0.2841015160083771,0.2193120419979095,-0.4174626171588897,3.2663445599257943,-0.9170543469026684,-1.5703545892611146,-0.8239316344261169,-3.645535707473755,1.8778990507125848,2.410055062848329,8.342601530033349,-5.147057768517732,-1.28031325340271,-0.8263936042785645,-2.797128915786743
1773258538644309200,93.33430932617188,0.6315384924054146,1.3487028657786548,-0.1265980889558792,0.3570896983146667,0.2268061637878418,-0.4555133283138275,3.231098474499583,-0.4277642247885465,-1.4137263959616422,-0.7160333395004272,-3.6181485652923584,2.1732289791107178,2.59004630381763,8.975199176102876,-5.45982257220745,-1.632973313331604,-0.4178814589977264,-2.834247350692749
1773258538654335200,93.34433520507812,0.7725584899455309,1.176127307893336,-0.2248258234739303,0.4003047347068786,0.2364456355571746,-0.4902190566062927,3.368687328547239,0.0449339512258768,-1.4244342524588107,-0.5612600445747375,-3.5676631927490234,2.501303672790528,2.375874560827017,9.0919048165977,-5.4050967102855445,-2.0577430725097656,-0.1789072901010513,-2.762977600097656
1773258538664362200,93.3543623046875,0.9204057031571864,0.8472758042123169,0.0123024322122335,0.429640531539917,0.2455435246229171,-0.5245338678359985,3.454026355397701,0.1811006635159254,-2.2620019518010315,-0.4360009431838989,-3.4345359802246094,2.800894260406494,1.903167616984248,8.587260181224346,-4.895878191125393,-2.473921537399292,-0.1191403567790985,-2.683644771575928
1773258538674388500,93.36438842773435,0.9472446102440356,0.4951110833525657,0.4431780670195818,0.4563596844673157,0.2499174326658249,-0.5491301417350769,3.919574075135588,0.0790957485467195,-3.1984868292301893,-0.3025161027908325,-3.214453935623169,3.0638139247894287,1.3600818995356558,7.748069118463992,-3.834976222041249,-2.79079008102417,-0.1905557662248611,-2.6727890968322754
1773258538684415200,93.37441528320312,0.9505833992779256,0.1778517081899568,0.9449205512106418,0.4783177077770233,0.2546458542346954,-0.5609855055809021,3.46797830838263,-0.2727081031113862,-3.0354917312473058,-0.1362569779157638,-2.973950386047364,3.2990658283233643,1.2889835794836282,7.073745377299189,-2.504145551431179,-2.978553771972656,-0.1552233397960662,-2.724327087402344
1773258538694442200,93.38444213867189,0.9507721998482942,-0.0200407713793218,1.4509247844994069,0.4834930002689361,0.2559689581394195,-0.57123202085495,3.632486733537912,-0.4401192639708519,-2.408685089669377,-0.0343402102589607,-2.736655235290528,3.435243368148804,1.62982881475389,6.68986822503209,-1.5524416236907244,-3.0895044803619385,0.1280870735645294,-2.754593133926392
1773258538704468200,93.39446826171876,0.9508055175960064,-0.0690429036258719,1.883317253610492,0.4897194802761078,0.2626979649066925,-0.5593920946121216,3.420191305813193,-0.541444964504242,-1.51184409423396,-0.0354954525828361,-2.6252541542053223,3.5479114055633545,1.8498615587323903,6.459556079101562,-1.3925690416425465,-3.191200017929077,0.7636419534683228,-2.807092428207397
1773258538714495200,93.4044951171875,0.843309019473195,-0.0981313797377981,2.1516297521114347,0.4987890422344208,0.2633878886699676,-0.5383498668670654,3.024343729767203,-0.580225653797388,-0.3796136496037244,-0.0748146325349807,-2.62996792793274,3.600735664367676,2.115398162779212,6.174732590782642,-1.6937620654821397,-3.310227394104004,1.3329490423202517,-2.6951470375061035
1773258538724521500,93.414521484375,0.6492407378345727,-0.1865326437030919,2.2001094131201504,0.5132734179496765,0.2788752317428589,-0.5005497932434082,3.232776636844873,-0.624185791555047,0.6546425968781113,-0.0616414546966552,-2.769904375076294,3.579945802688598,2.39252174424529,5.994549042111635,-1.8637965605825184,-3.466127634048462,1.6847659349441528,-2.4240753650665283
1773258538734548200,93.42454833984377,0.6901444106310606,-0.3342717386314645,2.038906459251046,0.5451162457466125,0.2853300273418426,-0.4606574177742004,3.2920331279337405,-0.9711275901347398,1.0574395536705852,0.0966483205556869,-2.9904768466949463,3.4648666381835938,2.557695939832925,6.234152748000621,-1.6598188793480395,-3.720973491668701,1.9136848449707031,-2.1133873462677
1773258538744574200,93.43457421875,0.7871013945609331,-0.5085612608278169,1.691457880192995,0.5822314023971558,0.2808106541633606,-0.4174473583698272,3.702038993191719,-1.6652461650937795,0.5238169533550739,0.3297902941703796,-3.1681151390075684,3.1995534896850586,3.0454139903247355,6.410000313293933,-1.5984014108330011,-4.111562252044678,2.1098122596740723,-1.8477121591567995
1773258538754601200,93.44460131835936,1.0345195735931396,-0.5895554634070024,1.2540507977902888,0.6297597289085388,0.2779018878936767,-0.377250611782074,3.6760190012723206,-2.768319634953141,-0.8269225328177213,0.5376849174499512,-3.3948779106140137,2.863289833068848,3.5739772614240644,6.31552696287334,-1.8441262299507848,-4.488184928894043,2.173644781112671,-1.6143351793289185
1773258538764628500,93.45462841796876,1.270378832256794,-0.4534248088110238,0.8502256669938564,0.6622417569160461,0.2890307009220123,-0.3444284796714782,3.30495982952416,-3.5764597258895634,-2.5293036658242345,0.6449618935585022,-3.568414688110352,2.4683847427368164,3.589798807673156,6.445437537378073,-1.9597049122422927,-4.790879726409912,2.166095018386841,-1.45185124874115
1773258538774654500,93.46465454101562,1.4491682962208985,-0.1296328444087412,0.6352712491929531,0.6831849813461304,0.3080962300300598,-0.3314262628555298,2.388489127728343,-3.825353822693229,-3.6445194088980553,0.7072800993919373,-3.697100162506104,2.1346378326416016,2.9490675395086408,6.610373248034716,-1.6881781278699637,-4.995888233184815,2.1467230319976807,-1.368605375289917
1773258538784681200,93.47468115234376,1.514921748113632,0.19050856159674,0.5681412482500076,0.6848973631858826,0.3378866314888,-0.361700028181076,1.2057073303818702,-3.5381729575932024,-4.041785035048425,0.7873514890670776,-3.7821102142333984,1.866774559020996,2.131051658985019,6.510220682933927,-1.2441010661840437,-5.069995403289795,2.075249671936035,-1.3429458141326904
1773258538794707200,93.48470727539062,1.374928755533695,0.4329528064075857,0.6508090100646019,0.6693622469902039,0.3486178517341614,-0.4433793723583221,0.0517544448956847,-3.0934418159127235,-3.854327111460268,0.8749857544898987,-3.813748598098755,1.704176902770996,1.7684902664691209,6.359798066276311,-0.4879337390691041,-4.999773979187012,1.977023005485535,-1.2957839965820312
1773258538804734200,93.49473413085936,1.2515654107153416,0.4722144110854714,0.797508222284913,0.6660242676734924,0.3447650671005249,-0.5515748262405396,-0.658561523887515,-2.638863233956694,-3.735350311163068,0.876451849937439,-3.772109270095825,1.5953913927078247,1.563186305066943,6.233337924486398,0.4285094901978969,-4.827704429626465,1.8536087274551392,-1.1358206272125244
1773258538814760200,93.50476025390626,1.4128209715545177,0.238025222792197,0.9909183322757482,0.6846883893013,0.3479120135307312,-0.6384967565536499,-1.1468149964302778,-2.4409002829670903,-3.527907291905582,0.8214660882949829,-3.698018074035645,1.5216643810272217,1.134503504128754,5.876253502076864,1.2529361145466564,-4.625514030456543,1.752338171005249,-0.8934443593025208
1773258538824787500,93.51478735351564,1.6185779374212026,0.0020125819314271,1.443168763545155,0.6995845437049866,0.3404373228549957,-0.69362473487854,-1.3422422914624212,-2.440787470242381,-2.713103359165788,0.7664721012115479,-3.6589009761810303,1.4960660934448242,0.9126032127127052,5.427497342664003,2.119022198495269,-4.516165256500244,1.634513258934021,-0.6087462902069092
1773258538834814200,93.52481420898438,1.569492127212882,-0.0379893745186738,2.1896599152982232,0.7094883322715759,0.3208040595054626,-0.713334321975708,-1.0534309025511146,-2.1088813282310963,-2.0319944879055023,0.7254388928413391,-3.6385767459869385,1.4766924381256104,1.108354917393625,4.999822549724579,2.8867841018140314,-4.548529624938965,1.5835068225860596,-0.3837649524211883
1773258538844840200,93.53484008789064,1.535841786545515,-0.0166930683866143,2.736502939453721,0.7380728125572205,0.2910629510879516,-0.7024039030075073,-0.9532646011859178,-1.6255308252990246,-1.926015993130207,0.7063949704170227,-3.625066518783569,1.4471876621246338,1.5994529657125471,4.604101814928651,3.5766181313216685,-4.653913497924805,1.6351252794265747,-0.2206577956676483
1773258538854867200,93.5448671875,1.6855547936290505,-0.0788284941789694,2.833300348907709,0.786572277545929,0.2466387748718261,-0.6832451820373535,-1.084129699936509,-1.2577023060351609,-2.194964451447129,0.698991596698761,-3.577730178833008,1.4413838386535645,2.00279411238432,4.610118298739194,4.5800586760401725,-4.777579307556152,1.7957768440246582,-0.1118175387382507
1773258538864893200,93.55489306640624,1.874678020080924,-0.3325529520148411,2.7251234673053024,0.8181368708610535,0.1964448392391204,-0.6662219762802124,-1.18302905010581,-0.9561913022875784,-2.679280584540963,0.6767817139625549,-3.483786106109619,1.4526976346969604,2.2085095771968364,4.897430096742511,5.789076738405227,-4.850980281829834,2.1385676860809326,-0.0627985969185829
1773258538874920400,93.56492041015623,2.1593705754965544,-0.5701229966517537,2.6171616897583005,0.8161795735359192,0.1584735065698623,-0.666330873966217,-1.2755290546268223,-0.6242448282659053,-3.2463311149448155,0.6313977241516113,-3.346306800842285,1.4877469539642334,2.2335382199913263,5.213021063768863,6.803051536619662,-4.874719619750977,2.5504093170166016,-0.0656045004725456
1773258538884946400,93.57494653320312,2.532279174503684,-0.5828314158489928,2.478963763901591,0.781682550907135,0.1835953742265701,-0.6639675498008728,-1.524326266927272,-0.5628372966229915,-3.781953072384,0.5902979969978333,-3.2053914070129395,1.5424144268035889,2.2133079173892733,5.484345019045472,7.523679348319768,-4.896898746490479,2.8981525897979736,-0.1040877103805542
1773258538894973200,93.58497314453123,2.8797587332218884,-0.5044588670102879,2.2506734791874883,0.7296549081802368,0.2189610004425048,-0.6722564697265625,-1.4320347905904054,-0.4786339958041906,-4.410063928428292,0.5745882391929626,-3.0533995628356934,1.584019899368286,2.3349983605593443,5.683095905542373,7.792422054931521,-4.938827991485596,3.1351025104522705,-0.1089978516101837
1773258538905000200,93.59500024414062,2.516449152687192,-0.3756934074200689,1.9911346542507409,0.6776750683784485,0.2240971773862838,-0.6797090768814087,-1.34476274985075,-0.3581336392015218,-4.806506547757983,0.5941348671913147,-2.88865613937378,1.611007571220398,2.2140990677669645,5.631237123489379,7.671419009503722,-4.908915996551514,3.274431705474853,-0.0759703889489173
1773258538915026200,93.60502612304688,1.9018764081299304,-0.2601330279702321,1.7885364446759222,0.642005980014801,0.2109932899475097,-0.7046236991882324,-1.223469781565666,-0.3219587484925985,-4.908324415722489,0.6392999291419983,-2.707301139831543,1.5923079252243042,1.591692122452706,5.23997629071176,7.646753354802727,-4.7203569412231445,3.33875036239624,-0.0666220411658287
1773258538925053400,93.61505346679688,1.3795564153343438,-0.0157283150076866,1.6616221293777227,0.6033763289451599,0.2000136077404022,-0.7347573637962341,-0.9623100774288176,-0.1812409487694501,-4.525197205039858,0.6956117153167725,-2.601196050643921,1.557813048362732,1.0957727914571762,4.550089654234052,8.072965673974156,-4.382585525512695,3.276923894882202,-0.0645024254918098
1773258538935079400,93.62507934570311,1.0788356851816177,0.416467900878936,1.5770891582131386,0.5377748012542725,0.1988490968942642,-0.7605994939804077,-0.8512889123111963,-0.3793395088374614,-3.843917068865895,0.7550185918807983,-2.509068727493286,1.485295653343201,0.9250596664428712,3.7985704451859,8.65513720114231,-3.9866929054260254,3.138716459274292,-0.0556557327508926
1773258538945106200,93.63510620117188,0.931553412376344,0.8153378934860229,1.4610124632716175,0.411499410867691,0.1930788308382034,-0.7894673347473145,-0.4114122249245643,-0.3926841435790061,-3.1769600570768115,0.7860357761383057,-2.446532964706421,1.3600058555603027,0.989052392273396,3.2061680313825605,8.816118621215224,-3.6498382091522217,3.016308546066284,-0.0288177281618118
1773258538955132200,93.64513208007811,0.657418491332233,1.067998795477301,1.3086498184621334,0.2333312332630157,0.2163863182067871,-0.8193029165267944,-0.1513665829768404,-0.4461135359495878,-2.680008314293622,0.7758960723876953,-2.451300859451294,1.191048264503479,1.1420564037263392,2.818309700524807,8.211187565228343,-3.426563501358032,2.925102472305298,0.0047924020327627
1773258538965159400,93.65515942382812,0.5992334288671612,1.1136143722917884,0.9789905785948038,0.0479810833930969,0.2743273675441742,-0.8474368453025818,-0.1613081678092479,-0.6146311967462301,-2.422849662491679,0.7290729284286499,-2.4897119998931885,0.99705970287323,1.3483191271580754,2.7424884436041115,7.257828856018185,-3.325410842895508,2.839712619781494,0.0178602673113346
1773258538975186400,93.6651865234375,0.8244605266183614,1.1079279241532087,0.3667904083877801,-0.1607456356287002,0.2951565682888031,-0.9288564324378968,-0.3496549299959093,-0.86209906013906,-2.364859245815873,0.6686204671859741,-2.574577569961548,0.792328953742981,1.729609039410949,2.971633299320936,6.422823554509878,-3.303528070449829,2.732107400894165,0.017982393503189
1773258538985212400,93.67521240234376,1.0489262846082448,1.1407673137638716,-0.4198153116106987,-0.3778417110443115,0.2450287044048309,-1.050587773323059,-0.5940893439769744,-1.4096972865760329,-2.7042484370589253,0.613918125629425,-2.6434054374694824,0.5529158115386963,2.2369465671300888,3.336725087097287,5.922526592952012,-3.293994426727295,2.609991788864136,0.0203992128372192
1773258538995239200,93.6852392578125,1.450318050777912,1.0436467367701232,-1.4409113400071858,-0.569584310054779,0.1619044244289398,-1.1519083976745603,-0.5016542213857174,-1.6133593259900807,-3.0234856516331434,0.5585086345672607,-2.7215921878814697,0.2913761436939239,2.682897021472454,3.5110569871306416,5.724033480608463,-3.260650873184204,2.5087239742279053,0.0446313396096229
1773258539005265200,93.69526513671876,1.8744108935773367,0.7883890962839126,-2.556804543951153,-0.7068098187446594,0.1008927449584007,-1.208827018737793,-0.5571124892354011,-1.7352800707846878,-3.34291166677773,0.5050519108772278,-2.811567068099976,0.0239559914916753,2.8623510868251323,3.353261211356521,5.688854615199565,-3.180100917816162,2.411179304122925,0.0984181389212608
1773258539015292400,93.70529248046876,1.947168086752296,0.3760460933152586,-3.376214801442623,-0.7326821088790894,0.0860465764999389,-1.194016456604004,-0.6606361382044852,-1.7633043882638215,-3.697443482095003,0.4575978815555572,-2.9014782905578613,-0.2191011309623718,2.7144232095927,2.9660289034426213,5.742182885283231,-3.048014879226685,2.306548833847046,0.1621322035789489
1773258539025318400,93.715318359375,1.9624024807631968,-0.3187969599934294,-3.760371355172992,-0.6544155478477478,0.1121953576803207,-1.127596735954285,-0.7688285096369684,-1.6354191821068524,-3.998375809171796,0.42490354180336,-2.92413067817688,-0.4421899914741516,2.1414403665304182,2.498160047280788,5.903246722942591,-2.8655688762664795,2.1793668270111084,0.2267548739910125
1773258539035345400,93.72534545898438,2.1114766054213048,-1.1284584518108516,-3.5180864473760125,-0.5155697464942932,0.1734201461076736,-1.0162092447280884,-0.9384887645974754,-1.3283423609256744,-4.065796317493915,0.393257737159729,-3.006178379058838,-0.5683982372283936,1.5353712464243172,2.0657260771155355,6.191444071608782,-2.6414995193481445,2.059206247329712,0.2668831050395965
1773258539045372200,93.7353720703125,2.224314756833017,-1.921661305052042,-2.8806869539827105,-0.3361598253250122,0.2213764935731887,-0.8731844425201416,-1.3314493870303037,-1.4832757330060005,-4.543059024944901,0.3766906261444092,-2.9912705421447754,-0.6619457006454468,1.106888644233346,1.7450141138136386,6.5002779655903575,-2.397993803024292,1.9949660301208496,0.2593671381473541
1773258539055398100,93.74539819335938,2.0204367365807294,-2.4975118125051257,-2.285304647585749,-0.1464681476354599,0.2479678392410278,-0.6980091333389282,-1.2213025205291808,-1.1402601679593325,-4.589374201396107,0.3435566425323486,-2.943417549133301,-0.7126299142837524,1.0705968491464852,1.6434008285105228,6.821529442596435,-2.165701150894165,2.0058650970458984,0.2291840463876724
1773258539065425400,93.75542529296877,1.5550596972346304,-2.7241365020945665,-1.7841028461426496,0.020577035844326,0.2717530727386474,-0.508827805519104,-1.4423521864652633,-0.7581880192875862,-4.644433240795135,0.2891741394996643,-2.8453240394592285,-0.7180995345115662,1.1872580659776926,1.7715391326457262,6.916721754941344,-1.985084056854248,2.104498147964477,0.2172586768865585
1773258539075451400,93.76545141601562,0.8538292444437742,-2.6393670918256045,-1.2649316727668043,0.1477600336074829,0.2612285912036896,-0.3342527747154236,-1.6121511192440985,-0.3269581642150879,-4.619743036174774,0.2387245297431945,-2.697587013244629,-0.678059995174408,1.119132039734721,1.968468648934364,6.737729461881518,-1.871925711631775,2.304835319519043,0.2296134680509567
1773258539085478400,93.775478515625,-0.2069736481800675,-2.442908846310526,-0.893813464307785,0.2338275462388992,0.1888337433338165,-0.2256698459386825,-1.7701599532470107,0.0871153888732194,-4.434566501522064,0.2080074548721313,-2.5068705081939697,-0.6049410104751587,0.833049491265416,2.062261615875363,6.397860962688923,-1.8243123292922967,2.5474534034729004,0.2663813531398773
1773258539095504400,93.78550439453124,-1.37384709777683,-2.165428998752683,-0.7718921349912882,0.3019853830337524,0.075698897242546,-0.1635061800479889,-1.6851403676092624,0.6714899790436029,-3.8411651398092506,0.1902843862771988,-2.2823281288146973,-0.5397659540176392,0.5901870758414268,2.139064285048842,6.098049748596549,-1.8179868459701536,2.745203256607056,0.3195221126079559
1773258539105531100,93.79553125,-2.2850272919490933,-1.7563729815654456,-0.8322545414954423,0.3829401433467865,-0.0258413068950176,-0.1406357586383819,-1.966967888982594,0.7749906855285167,-3.6431741317689417,0.1418164372444152,-2.116896152496338,-0.4332537651062011,0.6638584612518549,2.3103929116129875,5.905227083104848,-1.806653499603272,2.853195905685425,0.3774288296699524
1773258539115558400,93.80555834960936,-2.779446593645215,-1.151224483435601,-0.9571762216717004,0.4689395725727081,-0.1048185005784034,-0.1338272094726562,-2.018299140030145,0.594681464651227,-3.620495266970992,0.1031830385327339,-1.898903012275696,-0.3776014149188995,1.016847723302245,2.445019408723712,5.751469769066572,-1.7626627683639526,2.898132085800171,0.4305684864521026
1773258539125584400,93.81558447265624,-2.972599514004588,-0.2383098666861653,-1.0767103635907171,0.5419163107872009,-0.1587211340665817,-0.1389053165912628,-1.765309882867336,0.6983791550129652,-3.1305829213052987,0.0495936125516891,-1.7017964124679563,-0.3858816027641296,1.3137632159531116,2.5362761351853607,5.645719237828255,-1.6821836233139038,2.905411958694458,0.464241474866867
1773258539135611400,93.825611328125,-2.5832655576363206,1.0287300304062663,-1.1252321101754903,0.6142312288284302,-0.1760713905096054,-0.1226238310337066,-1.6260311760365962,0.7383008310347795,-2.826934905529022,-0.0079029686748981,-1.501463532447815,-0.4571264982223511,1.5406559088289735,2.5434569866001606,5.570059308949112,-1.5933799743652344,2.876598596572876,0.4711576104164123
1773258539145637400,93.83563745117188,-1.6213026862099766,2.301943063175678,-1.1039654502630234,0.6598833799362183,-0.1893613636493683,-0.1302362084388733,-1.5718188165947793,0.7934960640341043,-2.4451187774449585,-0.0740951597690582,-1.381274938583374,-0.5162039995193481,1.7178239090710878,2.416678864902258,5.442645811957121,-1.5000964403152466,2.816955327987671,0.4809183478355407
1773258539155664100,93.8456640625,-1.09410573502779,3.0593188892975447,-1.0454857887655495,0.6664291024208069,-0.1902789324522018,-0.1363041549921035,-1.6859212888538837,0.5245809234648943,-2.645488789576292,-0.1125120520591735,-1.2211977243423462,-0.5892249345779419,1.609436599588394,2.221011331373453,5.303986698329449,-1.4010859727859497,2.7068448066711426,0.4876608252525329
1773258539165690000,93.85569018554688,-1.0250462273269891,3.170302352753281,-0.9190513659387828,0.6666602492332458,-0.1608494073152542,-0.1800119578838348,-1.4017539263561367,0.6692015758454799,-2.267570837974548,-0.14162477850914,-1.0774954557418823,-0.6660217642784119,1.4024796102821826,1.9615712906360625,5.230561981156468,-1.3058103322982788,2.586117744445801,0.4693875610828399
1773258539175717400,93.86571728515624,-1.4848247160136698,2.7547230712771413,-0.8283078496962786,0.6734713912010193,-0.0647566318511962,-0.2579057216644287,-1.28591220921427,0.9397340884834527,-2.0172195280998944,-0.1706771999597549,-0.9426465630531312,-0.7243434190750122,1.458306126922369,1.560552449432015,5.12869150622189,-1.1682318449020386,2.471529245376587,0.4448583424091339
1773258539185744400,93.87574438476562,-2.1255010391205547,2.070112767767161,-0.7084720944821834,0.695757269859314,0.0994054079055786,-0.2960379123687744,-1.1952306522920726,1.1835872685104607,-1.881160952359438,-0.1901761442422866,-0.8116040229797363,-0.7573917508125305,1.5029162530213591,1.07918581379354,5.111823958051205,-0.9684558510780334,2.309324026107788,0.4326554834842682
1773258539195770400,93.88577026367189,-2.132825682920217,1.5744070795223115,-0.6629390083193779,0.7275013327598572,0.2616468667984009,-0.2884135544300079,-1.137351294775307,1.420373578891158,-1.8162106335431336,-0.2051963657140731,-0.6734621524810791,-0.7590562701225281,1.567524626532197,0.7540361603051423,5.434505760121345,-0.7706031799316406,2.0968587398529053,0.4295386672019958
1773258539205797000,93.89579711914062,-1.8546414864853025,1.2471025860875844,-0.9551929388999938,0.7403577566146851,0.3558686971664428,-0.2493188679218292,-1.078309323219955,1.6106097350209951,-1.7891963698893785,-0.2246132493019104,-0.5277624130249023,-0.7373318672180176,1.5573878479212522,0.352730318853259,5.573242615160345,-0.6120076775550842,1.8838462829589844,0.4259181022644043
1773258539215823400,93.9058232421875,-1.629761594736576,0.9084604138195514,-1.5849965703368183,0.7390517592430115,0.3475253880023956,-0.1843197047710418,-1.011579719771445,1.7960738544434307,-1.7717793711423873,-0.2432047724723816,-0.3807098865509033,-0.7004273533821106,1.3040560609310865,-0.1848047787308692,5.231550992193818,-0.4929331541061401,1.6875354051589966,0.3996830880641937
1773258539225850400,93.91585034179688,-1.5044681586384772,0.5399514014782384,-2.268328962865472,0.7241308689117432,0.2941857576370239,-0.12446328997612,-0.9487366023674608,1.960940006995201,-1.705769898661971,-0.256569504737854,-0.2356713414192199,-0.6467733979225159,1.1238830336540937,-0.490882652002573,4.768002629579604,-0.3891899883747101,1.4969873428344729,0.3297998905181885
1773258539235877400,93.92587744140624,-1.4106576560407875,0.251266324094031,-2.6777877156347034,0.7036417126655579,0.2274589389562606,-0.0948531031608581,-0.894546454757452,2.108788973772526,-1.66188808683753,-0.2595991194248199,-0.0948031693696975,-0.5752469897270203,1.3450152633070944,-0.4347217888414859,4.342260558268428,-0.2863435447216034,1.2959082126617432,0.2473480701446533
1773258539245903400,93.9359033203125,-1.506751301139593,0.1668338906944729,-2.641043500605225,0.6675644516944885,0.1461880505084991,-0.08779838681221,-0.7926233728528023,2.2017799766808746,-1.6346359227746723,-0.2517332732677459,0.0425230078399181,-0.5058290362358093,1.6310492964595555,-0.2322691252171993,3.994402229365706,-0.1967111229896545,1.0800942182540894,0.1713790148496627
1773258539255930000,93.94593017578126,-1.7721727543741463,0.2191318496160209,-2.125443171453476,0.6303869485855103,0.1031258478760719,-0.0887414366006851,-0.6620750849664211,2.21493756441772,-1.625934729924798,-0.2377612739801406,0.1686093062162399,-0.4457318484783172,1.7035025382518767,-0.2038309662401676,3.687958737652004,-0.1178714260458946,0.8591234683990479,0.115841269493103
1773258539265956400,93.95595629882811,-1.835889732003212,0.3377908526683226,-1.3688386219650506,0.5903330445289612,0.1040406376123428,-0.0996859669685363,-0.5278741197913884,2.1496178277671336,-1.678389724305272,-0.2177227735519409,0.286333680152893,-0.4047592282295227,1.6054384698629378,-0.4616483742117881,3.426718954016268,-0.042915690690279,0.6357972025871277,0.0727164298295974
1773258539275983400,93.9659833984375,-1.7281290299862622,0.5325866813965141,-0.5913350768327713,0.5359269380569458,0.1088591292500495,-0.1234191432595253,-0.3439373560667038,2.066098417559266,-1.7507032653659582,-0.1991584002971649,0.3839414417743683,-0.386355996131897,1.5244751738786697,-0.7447481074780226,3.114707599042356,0.0426801554858684,0.4270138442516327,0.0308321081101894
1773258539286009300,93.97600927734376,-1.661406733061373,0.7376908824428916,0.0424970794677734,0.4811068475246429,0.0915957242250442,-0.1661484986543655,-0.1125394607260823,1.9360539875417944,-1.8010206631958483,-0.1817037612199783,0.4667594730854034,-0.3900557458400726,1.5498247191905974,-0.9426631276726722,2.821908894060552,0.1449604630470276,0.2362779825925827,-0.0079560335725545
1773258539296036400,93.98603637695312,-1.6207824617281554,0.8238082001894712,0.4449386469513177,0.431440144777298,0.0809359177947044,-0.2274868488311767,0.098302553319931,1.8008669339388608,-1.8406833960205315,-0.1535781174898147,0.5353241562843323,-0.4175882935523987,1.6566443409651517,-0.9951613766729832,2.569381409190595,0.246003195643425,0.0660303905606269,-0.0326471887528896
1773258539306063400,93.9960634765625,-1.5435761801898478,0.7964809250637889,0.6631020899266005,0.3943992853164673,0.0935313403606414,-0.2951335608959198,0.3001768325343728,1.630356638020277,-1.8499305323153727,-0.1163315549492836,0.5925152897834778,-0.4570857286453247,1.6390771200925112,-1.0196084201872349,2.292540590188652,0.329365462064743,-0.083863765001297,-0.037260316312313
1773258539316089300,94.00608935546876,-1.5006757806181907,0.7313424632642418,0.7975853791743517,0.3622041642665863,0.1062809228897094,-0.3513391315937042,0.4797206219971179,1.490846460521221,-1.814708412286639,-0.0662361606955528,0.6284938454627991,-0.5083577036857605,1.48297821136415,-1.1187170291930435,1.9830420948185024,0.3898540139198303,-0.2105752229690551,-0.0230188146233558
1773258539326116400,94.01611645507812,-1.407745860247314,0.7001119701549411,0.9036591510176658,0.3397428095340729,0.1182193458080291,-0.3766769766807556,0.6055018416121601,1.3499942207634448,-1.7229010662049054,-0.0015655951574444,0.6447595357894897,-0.5657458305358887,1.3484125045299529,-1.2445225064665075,1.736923892468959,0.4432932734489441,-0.3184686601161957,0.0065342825837433
1773258539336142300,94.02614233398438,-1.3290823656380175,0.7647049999661744,1.0024725764691829,0.3095046579837799,0.1197697594761848,-0.3867686092853546,0.7145534602224827,1.2065478728592396,-1.6064502772539853,0.0720716118812561,0.6407924890518188,-0.6332979798316956,1.2931880454361435,-1.3346668877720833,1.6113006398946046,0.497141569852829,-0.3989709615707397,0.048526294529438
1773258539346169300,94.03616943359376,-1.3332429924488067,0.8519810592938214,1.0964742177248,0.2715106904506683,0.1354251503944397,-0.3870043158531189,0.7338824300706386,0.9642314008802176,-1.5402368066340684,0.1534959971904754,0.6101848483085632,-0.7022005319595337,1.2694389210581778,-1.376634390407801,1.6081775394380091,0.5484806895256042,-0.4609847962856293,0.094072476029396
1773258539356195300,94.0461953125,-1.3758885404765606,0.8039874282363801,1.2300824777036905,0.2171130776405334,0.1563140898942947,-0.3870004713535309,0.6942357715979218,0.6990922717183828,-1.488416018503904,0.243729755282402,0.5548658967018127,-0.7646085023880005,1.3428127848267557,-1.3251321667075155,1.6626982341766356,0.5964154005050659,-0.5004470348358154,0.1442681849002838
1773258539366222300,94.05622241210938,-1.3769605536222458,0.5774786566441878,1.343703011664748,0.1582359224557876,0.1876722872257232,-0.3730841279029846,0.6567616348586977,0.4385422239124775,-1.4002140034377577,0.3396059572696686,0.4904979765415191,-0.8259990215301514,1.4602484931617974,-1.2321686363279818,1.715874820829928,0.6364387273788452,-0.5134206414222717,0.1946171075105667
1773258539376249300,94.06624926757812,-1.3455863411933182,0.2874230763580649,1.4076070362985134,0.0968707427382469,0.2243075221776962,-0.3496072292327881,0.5755925871692598,0.2052536925196647,-1.3529992477983237,0.427969366312027,0.4224030673503876,-0.8841502070426941,1.5894722544461488,-1.1085983707606792,1.763292405565083,0.6696727871894836,-0.4973181188106537,0.2439735233783722
1773258539386275300,94.076275390625,-1.292232936668396,0.0459542707169428,1.4379583354204892,0.0354020521044731,0.2572659850120544,-0.3051894307136535,0.4630101640842854,0.0215635970324277,-1.2890040377497671,0.4956505894660949,0.3366842865943908,-0.9276880621910096,1.761188419023156,-0.9494102638453245,1.7976181612759827,0.7030680775642395,-0.4513447880744934,0.2948926389217376
1773258539396302300,94.08630224609377,-1.268811729070544,-0.0859917186055332,1.3488070568054913,-0.0186210684478282,0.2691234350204468,-0.264383316040039,0.1339315005838871,-0.0961187795400619,-1.1889496723264454,0.5473595261573792,0.2309418618679046,-0.9399226307868958,1.8929349767833947,-0.7468599850654601,1.8608527622155844,0.7343107461929321,-0.370776891708374,0.346702516078949
1773258539406328300,94.09632836914062,-1.2761480633080005,-0.1564552844179794,1.1593366243511438,-0.059677954763174,0.2663758397102356,-0.2190288603305816,-0.2215069081842899,-0.1817792934298515,-1.1061819572687148,0.5751723647117615,0.1244815737009048,-0.9320876598358154,1.9965660316497087,-0.5168634809553623,1.8918012965783475,0.759568452835083,-0.2584633827209472,0.3983124494552612
1773258539416356000,94.10635620117188,-1.2058096217125651,-0.1721076115800067,0.9292325682133435,-0.0946453064680099,0.260771244764328,-0.1892237961292266,-0.5609551361382007,-0.2103600757479667,-0.9530699553966522,0.61197829246521,0.0876923948526382,-0.8849374651908875,2.0589526374578475,-0.3234019330382346,1.887051325572282,0.7813721895217896,-0.1283267438411712,0.4523640871047973
1773258539426382000,94.11638208007813,-1.1507076199546455,-0.1026428110139444,0.6895043591618537,-0.1274506449699401,0.2455185055732727,-0.1745074242353439,-0.8756490081943571,-0.2107061127066612,-0.7415560334384441,0.6282635927200317,0.0672369077801704,-0.8199086785316467,2.107306041738391,-0.2047586024791002,1.8791627642795443,0.8101380467414856,0.0078153870999813,0.5063873529434204
1773258539436409000,94.1264091796875,-1.134757478889823,0.0844387170098722,0.4571434640079736,-0.1678079664707183,0.2302629947662353,-0.1845642924308776,-1.0793149931311607,-0.133107324719429,-0.6674339816510677,0.6149312853813171,0.070905677974224,-0.7412312030792236,2.129087665435672,-0.0199982474118471,1.8601960518725216,0.8368150591850281,0.1552073508501052,0.5559074282646179
1773258539446436000,94.13643603515624,-1.0905448276758194,0.4132899284299463,0.1656213548332452,-0.2177198827266693,0.2132075726985931,-0.2317890673875808,-1.2116425656497478,0.0730219815909862,-0.5843196451127529,0.5707021951675415,0.1116945371031761,-0.6580524444580078,2.182137118577957,0.3027092736214399,1.7708679553858937,0.8503724336624146,0.328992486000061,0.5931652784347534
1773258539456462000,94.14646215820312,-1.1198808122754096,0.8193698524158447,-0.1317038876622915,-0.2702463567256927,0.2118688374757766,-0.2965180873870849,-1.4452572602570055,0.2219821244806051,-0.560249618217349,0.5011875629425049,0.1558039486408233,-0.5395889282226562,2.1801795547693965,0.5907020396262407,1.6105090511254965,0.8521038293838501,0.5140811800956726,0.6151423454284668
1773258539466489000,94.15648901367187,-1.125309267064929,1.1558134186610578,-0.3873147255003452,-0.3240419328212738,0.2344886660575866,-0.3671954870223999,-1.6753532792188226,0.2631125917702913,-0.5667167684048414,0.4243700206279754,0.2383968532085418,-0.4098364114761352,2.1151807206362485,0.8483850075632333,1.4365613281041385,0.8479146957397461,0.6960938572883606,0.6123039722442627
1773258539476515000,94.16651513671874,-1.0796186522528528,1.330875678795576,-0.5432429538369179,-0.37217578291893,0.2617228329181671,-0.4228580594062805,-1.7327322859980163,0.3872621185302734,-0.4347580291986465,0.3431957960128784,0.3296556770801544,-0.2792264521121979,2.012837367492914,1.0994278068333865,1.362805771541595,0.8401613831520081,0.8721175789833069,0.5783814787864685
1773258539486542000,94.1765419921875,-0.9845756852507592,1.3954595023870466,-0.5871767881095409,-0.414284348487854,0.2999258935451507,-0.4581100642681122,-1.718800645148754,0.5266898784428835,-0.2551648476362228,0.2628448605537414,0.4200007319450378,-0.1642743945121765,1.9870371558040376,1.3561772933125495,1.3104979305468498,0.8406245112419128,1.0413051843643188,0.5061658620834351
1773258539496569000,94.18656909179688,-0.7269833182066678,1.3440424727521836,-0.5265139373540878,-0.4324713945388794,0.3528631627559662,-0.4578674137592315,-1.8069103057563305,0.5617600227802991,-0.1399532450914382,0.184213176369667,0.4914570748806,-0.0397159568965435,1.958948979308456,1.5523001693934202,1.2376364002145823,0.8395355939865112,1.1912293434143066,0.4038320481777191
1773258539506595000,94.19659497070312,-0.4397469235271215,1.0944710612088442,-0.3926262759119272,-0.4313169121742248,0.3924971222877502,-0.4295244514942169,-1.7371452801346778,0.5472574501752853,-0.1182335807144641,0.1133156791329383,0.5724274516105652,0.0570450983941555,1.836654871156812,1.6032091033756732,1.0952421917118131,0.8299423456192017,1.2980412244796753,0.2748301327228546
1773258539516622000,94.2066220703125,-0.1914031540825962,0.6382098599281162,-0.2330874558627605,-0.4115553200244903,0.4250776171684265,-0.3769617974758148,-1.5872668533563612,0.5704337431013584,-0.1070540150523185,0.0438378043472766,0.6481190323829651,0.1326564997434616,1.668394984513521,1.5033470456540583,0.918996713142097,0.8179535865783691,1.3460588455200195,0.1360215991735458
1773258539526648000,94.21664794921875,0.1097273259148001,0.070527644024603,-0.0872445682108402,-0.3762492537498474,0.4401478767395019,-0.3129769563674927,-1.476737125017494,0.5386491963058709,-0.1460848797142505,-0.0096747316420078,0.7274141311645508,0.1955297142267227,1.4424024553477763,1.246299453011155,0.7310670803889632,0.8199245929718018,1.317070245742798,0.0017609891947358
1773258539536675000,94.22667504882811,0.4492191007494926,-0.3875271992072462,0.0206534964501857,-0.3316161036491394,0.426165759563446,-0.2189619243144989,-1.4215760865487157,0.4804144494801759,-0.184288645902276,-0.0501614399254322,0.8156422972679138,0.2494762986898422,1.127900964058563,0.922155761694908,0.6189325472019612,0.8443500995635986,1.2014654874801636,-0.1175691410899162
1773258539546701300,94.23670141601562,0.7904661948189139,-0.6070396456386894,0.029729952353239,-0.2949931025505066,0.3904429078102112,-0.1256311684846878,-1.310149701631069,0.4607376891076564,-0.236984463301301,-0.0770700946450233,0.8974631428718567,0.2969932556152344,0.8032991537112742,0.6406833373695612,0.5035070096455514,0.876830518245697,1.007555603981018,-0.2305185943841934
1773258539556728000,94.24672802734376,0.9227391145408153,-0.7890721831772476,-0.0276379485100507,-0.2675407826900482,0.3485956192016601,-0.0234227329492568,-1.14239557255283,0.4622445865392685,-0.3242208482056856,-0.0994992405176162,0.971032440662384,0.3348508775234222,0.5610779588002711,0.4604968660891055,0.3054321227140724,0.9080787897109984,0.7594980001449585,-0.3457688093185425
1773258539566755000,94.25675512695312,0.8305383852273225,-1.0775480565238744,-0.1505985577464103,-0.2447262704372406,0.3451359272003174,0.0620471648871898,-1.0188659312568604,0.3957920464664697,-0.3989186540544033,-0.1130155324935913,1.0246745347976685,0.3705251216888428,0.34690270867832,0.3071101389288902,-0.0363949632003903,0.9221115112304688,0.4700299501419067,-0.4466575980186462
1773258539576781000,94.26678100585936,0.7923468939989805,-1.3128123449690638,-0.3562006253123283,-0.2177070081233978,0.3603556156158447,0.1247641816735267,-0.8357001519046723,0.3679869246959686,-0.421724360102415,-0.1263353377580642,1.0608680248260498,0.4045456647872925,0.1314303314179182,0.1410778652071952,-0.3882141585581004,0.9231771230697632,0.1544262468814849,-0.532423734664917
1773258539586808300,94.27680834960935,0.7409604056328535,-1.3254568686172363,-0.682448595431447,-0.1843088418245315,0.3681607842445373,0.1625531017780304,-0.6987175931870937,0.3020733138054609,-0.4608516708761453,-0.1320909261703491,1.0908395051956177,0.4403062462806701,-0.069804700044915,-0.0735305156350135,-0.6712588006362319,0.9179418683052064,-0.1799267083406448,-0.5958722233772278
1773258539596834300,94.28683422851564,0.6141217859193683,-0.9603411885086448,-1.0929092187196017,-0.1463824957609176,0.3576329052448272,0.183377131819725,-0.5077846869647502,0.2677151171296835,-0.4367266989231109,-0.1377016752958297,1.119494080543518,0.4748626351356506,-0.2614776109796017,-0.3234901958435773,-0.817161601781845,0.9174301624298096,-0.5097832679748535,-0.6275850534439087
1773258539606861000,94.29686108398438,0.5445423459976911,-0.252560437291488,-1.494295139670372,-0.1045809835195541,0.328145295381546,0.1847103089094162,-0.3675122198563069,0.2949918311119079,-0.3351221814483404,-0.1398624926805496,1.1397579908370972,0.5039991140365601,-0.4184656505674123,-0.534160068193078,-0.859579478533566,0.909619927406311,-0.8150046467781067,-0.636450469493866
1773258539616887000,94.30688696289064,0.4531453342825174,0.5950321047198027,-1.7883768702000378,-0.0667739957571029,0.2574338912963867,0.1666996628046035,-0.2359527821660041,0.3068675623446703,-0.2456260349184274,-0.1352490931749344,1.1487154960632324,0.526635468006134,-0.492076245701313,-0.6634183162689209,-0.8422381753712892,0.8861963748931885,-1.0780911445617676,-0.6357479095458984
1773258539626914000,94.3169140625,0.3416051137268543,1.411198777180165,-1.9227087682783603,-0.0328828729689121,0.1721538752317428,0.1332745999097824,-0.1369313399869948,0.2672743876248598,-0.1947977649569511,-0.1300326436758041,1.1528455018997192,0.5380545258522034,-0.4408212382277474,-0.7052186456441879,-0.8241787870675324,0.8455517888069153,-1.285029411315918,-0.6256505250930786
1773258539636941300,94.32694140625,0.3683627722710371,2.0455482353530825,-1.8114935418933629,-0.0089374473318457,0.0884013473987579,0.0971737205982208,-0.0284733033556491,0.2627186240166425,-0.1308387952655553,-0.1256075352430343,1.1453534364700315,0.5363476872444153,-0.3606610753199085,-0.6990718134522438,-0.8110805283024907,0.795066237449646,-1.4315524101257324,-0.6046881675720215
1773258539646967300,94.33696728515623,0.4059966296166181,2.362816049550473,-1.4000275409549474,0.0093576703220605,-0.0018103052861988,0.0692707151174545,0.12128127784729,0.1981061588525772,-0.0630208120584487,-0.1122195273637771,1.1284819841384888,0.5257899761199951,-0.3283201002180576,-0.6681891839325428,-0.7443290052831173,0.741129994392395,-1.5192756652832031,-0.5740604996681213
1773258539656994000,94.346994140625,0.4058727109760046,2.3844278696388006,-0.7463935365974903,0.0174600556492805,-0.0740736052393913,0.0597624816000461,0.2525040309291332,0.1154664540886878,0.0361497562676668,-0.0957609191536903,1.092831254005432,0.5024838447570801,-0.3425923346659168,-0.5466285046219825,-0.6104658937603235,0.682700514793396,-1.5420154333114624,-0.5398876070976257
1773258539667020000,94.35702001953123,0.3182423583179712,2.0734021647013723,0.0310860431373119,0.0206886064261198,-0.1293594986200332,0.0623151250183582,0.3480909686148166,0.0062982233613729,0.1059077676266431,-0.0769979655742645,1.042256236076355,0.469102680683136,-0.3205266698628664,-0.3803168294370174,-0.4746639231294393,0.6184653043746948,-1.512916922569275,-0.5117571353912354
1773258539677047000,94.36704711914062,0.1402349846422672,1.4788617159560322,0.8058212926000357,0.0141443964093923,-0.1408715099096298,0.0708223283290863,0.4503437208652496,-0.070178282597661,0.1445206991374492,-0.0531682632863521,0.9821449518203736,0.4244987368583679,-0.2762847560217604,-0.2289765134125947,-0.3821478442564606,0.5533250570297241,-1.4453412294387815,-0.498484194278717
1773258539687073000,94.37707299804688,-0.0722436906948685,0.7652215711861848,1.5038620094388722,-0.0019078067271038,-0.1251716464757919,0.0755640864372253,0.5356454113800079,-0.1113081653654575,0.2381003155887126,-0.0340252704918384,0.9118846654891968,0.3702000975608825,-0.2043155348867177,-0.1377028358161449,-0.3087900548398494,0.4961070716381073,-1.3560398817062378,-0.4839098155498504
1773258539697100300,94.38710034179688,-0.3514636599183082,0.1321591662822757,2.068625305688381,-0.0380989797413349,-0.0925626084208488,0.0588744282722473,0.5488952805101871,-0.1485731893986463,0.3255909675151109,-0.0170646626502275,0.8353462219238281,0.3156172931194305,-0.1630237030228599,-0.119451724332571,-0.2374006428867578,0.451880007982254,-1.2577276229858398,-0.4622755050659179
1773258539707127000,94.397126953125,-0.6138011756628752,-0.276628783686459,2.383210310542584,-0.0826222375035286,-0.0474920719861984,0.0312358792871236,0.5787339539349079,-0.2085509804993867,0.4383996005713939,-0.0079514784738421,0.7433314919471741,0.2593014538288116,-0.1729839925557375,-0.145658763256669,-0.1520472952499985,0.4188650846481323,-1.1605461835861206,-0.4343999326229095
1773258539717153000,94.40715307617188,-0.7057160737723112,-0.3954118149772286,2.336455573630333,-0.1215595752000808,-0.0071170721203088,0.0151688829064369,0.5779483565151691,-0.2619184135496616,0.528742134797573,-0.0080569395795464,0.6436453461647034,0.1985774040222168,-0.1839495866736397,-0.2208925756782293,-0.1152767767354845,0.389084905385971,-1.080893874168396,-0.3970925509929657
1773258539727180000,94.41717993164062,-0.6492109272181987,-0.3057343753299675,1.880364249023795,-0.1560331135988235,0.0138971330597996,0.0058598034083843,0.5572317317008972,-0.2610767020285129,0.577502950835228,-0.0160764455795288,0.5545437932014465,0.1451835632324218,-0.201642516285181,-0.2997814034759998,-0.1433691910147667,0.3647263050079345,-1.0165166854858398,-0.3439664840698242
1773258539737206000,94.4272060546875,-0.566616815161705,-0.1750137448176741,1.1211796199142932,-0.1654269993305206,0.0100660976022481,0.006115817464888,0.4915887544453143,-0.1802683043450117,0.6237322025686503,-0.0230262316763401,0.4846453964710235,0.0995409861207008,-0.2494102296322584,-0.3394002971589565,-0.2271338081553578,0.341180145740509,-0.957004725933075,-0.2830864787101745
1773258539747233300,94.4372333984375,-0.4470072699189186,-0.1193563650661613,0.1915910778701305,-0.142647385597229,0.0097451871261,0.010569954290986,0.4383072461128234,-0.0940676922291517,0.5810784712344408,-0.02993880584836,0.4295027554035187,0.0635403096675872,-0.299435951039195,-0.3204915985494851,-0.3140533821955323,0.31592857837677,-0.8956266045570374,-0.2212334871292114
1773258539757260000,94.44726000976564,-0.2998755115002393,-0.0320188304753974,-0.7879927904427051,-0.091149166226387,0.0078397085890173,0.0327770933508873,0.3734429250795394,0.0078495444566011,0.5048644156038761,-0.0416226238012313,0.3860466182231903,0.0404059663414955,-0.3347971507450565,-0.2320031677573919,-0.4306476712703704,0.2843327224254608,-0.8445209264755249,-0.1651128977537155
1773258539767286000,94.4572861328125,-0.1679056663781404,0.1164252709171734,-1.7061439926713704,-0.025811705738306,0.0115204630419611,0.0365744940936565,0.3177144985189661,0.0521919595301151,0.440044445168972,-0.059496883302927,0.3531274795532226,0.0314642712473869,-0.3144464366337284,-0.157240479978919,-0.5384297083362937,0.2555687129497528,-0.7971054911613464,-0.1206471547484397
1773258539777313000,94.46731298828124,-0.128196756324172,0.3104735874800011,-2.398485036563873,0.0329687409102916,0.0374894589185714,0.0310076754540205,0.2186403763046488,0.1042056398838758,0.3700087859123945,-0.0662666410207748,0.3353668749332428,0.0399054251611232,-0.3077116850186139,-0.0976134020119905,-0.5829875197261571,0.23430997133255,-0.7466133236885071,-0.0812112912535667
1773258539787339300,94.47733935546874,-0.1562596522480249,0.4838775590134784,-2.6259686810702085,0.0661304220557212,0.06929212808609,0.0248680245131254,0.1159808698842301,0.1683861433714628,0.3270744840711355,-0.0663532018661499,0.3298880457878113,0.0595847815275192,-0.2708078224480152,-0.0514578000366687,-0.5926406064733862,0.2254882454872131,-0.6771815419197083,-0.052703745663166
1773258539797366000,94.48736596679689,-0.2339192305117845,0.5832121587948873,-2.2718752571702003,0.084474116563797,0.1101328358054161,0.0149053540080785,0.0473404278457164,0.2116559607774019,0.2794780356377363,-0.0674397721886634,0.3304963111877441,0.0812855437397956,-0.2601244793375954,0.0359860901385545,-0.5398956892356276,0.2151338756084442,-0.5979061722755432,-0.0368588268756866
1773258539807392000,94.49739208984376,-0.3170890966296196,0.5881650319619104,-1.5345055695056915,0.0835824906826019,0.1503364592790603,0.0014939410611987,-0.0345171866297721,0.2378957329273223,0.2260083112567663,-0.0709993541240692,0.3309552371501922,0.1034314259886741,-0.1933048960506916,0.1086474217236042,-0.5211512412771583,0.2036942541599273,-0.5078332424163818,-0.0403022915124893
1773258539817419000,94.5074189453125,-0.3928144919604063,0.468630342053622,-0.6495850212275982,0.068885363638401,0.1681514531373977,-0.000542108900845,-0.0942109731573611,0.2900152117431163,0.1968541129648685,-0.078640230000019,0.3296692073345184,0.1271503418684005,-0.1932400141209364,0.0848871914297342,-0.5129346170738339,0.1868577599525451,-0.4146761298179626,-0.0415729768574237
1773258539827446000,94.51744604492188,-0.4451169261276722,0.2583324448216706,0.160438983759284,0.0499188639223575,0.1651085168123245,-0.0034960871562361,-0.1666343678006902,0.2790302918702363,0.1844774464726448,-0.0824662894010543,0.3309304118156433,0.1532777547836303,-0.2107201046993956,-0.0084498484373092,-0.509077649384737,0.1753350645303726,-0.3299718797206878,-0.0371579900383949
1773258539837472300,94.52747216796875,-0.4933370594173669,0.0109704712224192,0.7450526433825493,0.0305160153657197,0.1401189118623733,-0.0037564178928732,-0.2247182349136099,0.2208405532300472,0.1789402706116437,-0.0816103518009185,0.3319048583507538,0.1775125116109848,-0.2637900526404381,-0.1294932258754968,-0.480162520545721,0.1705860346555709,-0.249969020485878,-0.0252857357263565
1773258539847499000,94.5374990234375,-0.5384656564325094,-0.2596837315664626,1.0502712694764136,0.0129926810041069,0.1138244643807411,-0.0035569472238421,-0.2726139950871467,0.1368833361268043,0.1590443145304918,-0.0739921033382415,0.3296487927436828,0.1983775496482849,-0.3455599888324737,-0.197231714105606,-0.4484802650809287,0.1640192121267318,-0.191628485918045,-0.0108719076961278
1773258539857525000,94.54752490234377,-0.586040769816935,-0.4646979345081374,1.1305974366009237,-0.0062604770064353,0.0728620886802673,0.000977199524641,-0.2946271259853616,0.040949850025773,0.1641828464627265,-0.0634758099913597,0.3178696036338806,0.2137160152196884,-0.3786872554738074,-0.1931967595010995,-0.467527203117311,0.1590658128261566,-0.1617219001054763,0.0005571632646024
1773258539867552000,94.55755200195313,-0.7023971584826707,-0.5783880631066859,1.0399176332443951,-0.0268792025744915,0.0354952737689018,0.0032187821343541,-0.3054162310251966,-0.0626683453589677,0.1543266383588314,-0.0541540198028087,0.3042416572570801,0.2246671468019485,-0.3440221117407083,-0.2130669966191053,-0.5216393170550465,0.1457212418317794,-0.1580115854740142,0.0097751626744866
1773258539877578000,94.56757788085936,-0.7312199328631163,-0.6120258365534246,0.8248854740321636,-0.0412011072039604,0.0181736759841442,0.0122205037623643,-0.3164320940256118,-0.1497410641342401,0.1154506719976663,-0.0416113287210464,0.2904677987098694,0.2273590713739395,-0.2826309467107057,-0.233836228403449,-0.6152668643012642,0.1303257644176483,-0.1761634349822998,0.0199240297079086
1773258539887605200,94.57760522460936,-0.6836877818375825,-0.6145644151203334,0.4674216969162225,-0.0571393258869648,0.0160913504660129,0.0254686642438173,-0.3121697969386354,-0.2388268762975931,0.0439946245491504,-0.0315878428518772,0.269126832485199,0.222458079457283,-0.2586205410480499,-0.2693371653735637,-0.6850812820225953,0.1192768588662147,-0.205824926495552,0.035249724984169
1773258539897632000,94.58763208007812,-0.6434606931284069,-0.6153202019236982,0.0844873784571886,-0.0749599412083625,0.0217198505997657,0.0463883429765701,-0.2858908252894878,-0.3087912238836288,-0.0160673377037048,-0.0196829810738563,0.2419939935207367,0.2079337388277053,-0.2459077744692563,-0.2882452794611453,-0.6782447140008211,0.1119776517152786,-0.2420442104339599,0.0470502823591232
1773258539907658000,94.59765795898436,-0.5402466946303844,-0.5879680846177041,-0.3030389439672231,-0.0899727120995521,0.0348718725144863,0.0714995563030242,-0.2618646740684285,-0.3837555717140436,-0.0593020837962627,-0.0089188320562243,0.2165862172842025,0.1886889040470123,-0.2334498594343662,-0.3267185102403164,-0.6322320276275277,0.1013074293732643,-0.2754769921302795,0.0590683296322822
1773258539917685000,94.60768505859374,-0.4378650553032756,-0.553222861385718,-0.6269827287971973,-0.1069429591298103,0.0479493141174316,0.1012809947133064,-0.2509282695123925,-0.4352092800974845,-0.0221335058748722,0.0069157909601926,0.19234000146389,0.1665889322757721,-0.1537964039396494,-0.3582195639193057,-0.6107277595669031,0.0860178470611572,-0.3027268648147583,0.0692889913916587
1773258539927711000,94.6177109375,-0.3176210115492344,-0.4782552256196737,-0.8451496789038181,-0.1249696314334869,0.0578882321715354,0.1341963410377502,-0.2485959541073069,-0.4681535183221101,0.0152057524383068,0.0247248541563749,0.1641459316015243,0.1405214071273803,-0.120965562961623,-0.339651057049632,-0.5817763903707266,0.0666558668017387,-0.3197308778762817,0.0781557187438011
1773258539937738200,94.62773828125,-0.2617468563750386,-0.4356879304599017,-0.9136743490755558,-0.1433641165494918,0.0588890686631202,0.1637164503335952,-0.2537924267718568,-0.5020534498363733,0.0590139145046472,0.0410436429083347,0.1371268332004547,0.1197330355644226,-0.0975870985269546,-0.2594032158583402,-0.5193742947325111,0.039877101778984,-0.3280352354049682,0.0821389406919479
1773258539947765000,94.63776489257812,-0.2781681220829486,-0.4390616812093183,-0.8391133213490247,-0.1616893261671066,0.0633836835622787,0.1956402957439422,-0.2653718054065481,-0.5043231483340264,0.1146188973486423,0.0482079945504665,0.1095967888832092,0.0977131873369216,-0.0560486349582672,-0.1561111836880445,-0.458811981742084,0.0060301893390715,-0.3253286778926849,0.0851656198501586
1773258539957791000,94.647791015625,-0.2671045840159058,-0.4850331222567707,-0.6587000555753707,-0.1774946600198745,0.0719505026936531,0.2359019368886947,-0.2638111319610849,-0.4945540339916944,0.1728968987941742,0.050712164491415,0.0797126591205596,0.081388272345066,-0.0160444682847708,-0.0823012665897607,-0.3641258653536439,-0.0284893475472927,-0.3131193220615387,0.0798981785774231
1773258539967818000,94.65781787109376,-0.2367608836784958,-0.5072229248961434,-0.4371533999025821,-0.1864460706710815,0.0799676775932312,0.2718535363674164,-0.2804197369346395,-0.4751835630893707,0.2153957318276166,0.0523088835179805,0.0518601760268211,0.0685042738914489,-0.0086058427166193,-0.0260860428929328,-0.2520242115229368,-0.0577436387538909,-0.2954502999782562,0.0780339688062667
1773258539977844000,94.66784399414064,-0.2468672671511769,-0.4919243796078488,-0.2543412562936544,-0.1858904659748077,0.0855416804552078,0.3100083172321319,-0.3153741459378972,-0.4337251790195703,0.2587707631736993,0.0469833612442016,0.0279170256108045,0.0581525601446628,-0.0022907412856817,0.0467681809157133,-0.1148138353988528,-0.0800297707319259,-0.2797403335571289,0.0755590051412582
1773258539987871200,94.67787133789062,-0.2552534027025103,-0.4584967783130705,-0.1164022736340761,-0.1770285218954086,0.0882567688822746,0.3271209895610809,-0.3207657758483663,-0.4146341095805168,0.2806698757708072,0.0432136952877044,0.0079377749934792,0.0504739731550216,-0.0301700242709368,0.0977028338611125,0.0343590734586119,-0.1045747995376586,-0.2645451426506042,0.0712113976478576
1773258539997897200,94.68789721679688,-0.3084641838863491,-0.4343146693453192,-0.0107113636285066,-0.1676328033208847,0.098501831293106,0.3369894623756408,-0.3451858582904562,-0.3578407937347889,0.3265565976768732,0.0376532822847366,-0.0064385011792182,0.0445550978183746,-0.0348948608357459,0.1430062029212713,0.1303320147871971,-0.1288899034261703,-0.2471426278352737,0.0712933614850044
1773258540007924000,94.69792407226562,-0.3599450725376605,-0.409340679347515,0.0703928021311759,-0.158157542347908,0.1119875460863113,0.3361135423183441,-0.3670306103518232,-0.2686953603386879,0.3617693653553724,0.0262501910328865,-0.0235030390322208,0.0422196350991725,-0.0587012683589011,0.1731926668703556,0.1834928193494677,-0.149213820695877,-0.2222636491060257,0.0689833387732505
1773258540017951000,94.70795092773436,-0.4093286966487765,-0.3746927424775436,0.1450561211884021,-0.1511458605527877,0.1284495294094085,0.3313552141189575,-0.4192319222321733,-0.2586556123614311,0.3608931670427322,0.0123729910701513,-0.0367698445916175,0.0397370383143425,-0.0900217047739773,0.1654997742801904,0.2265592231377959,-0.161975547671318,-0.1920478343963623,0.0595909692347049
1773258540027977000,94.71797705078124,-0.4232514235392212,-0.3423527172237634,0.2220931836396455,-0.1488036215305328,0.1449230462312698,0.3224045932292938,-0.4253460577309131,-0.2203542310178279,0.367980494955182,-0.0071273632347583,-0.0454359054565429,0.0307251662015914,-0.075042089241743,0.1756774694234132,0.2786845471724867,-0.1698087006807327,-0.1656769514083862,0.0455864705145359
1773258540038004200,94.72800415039065,-0.4116635693371295,-0.304197484618891,0.3084323274433612,-0.1529431492090225,0.1546547263860702,0.3139095306396484,-0.4608581006169319,-0.1776052226155996,0.3696154026806354,-0.0183219611644744,-0.0517207011580467,0.0213713459670543,-0.1059491956155747,0.1930909610390663,0.3395940661653876,-0.170102059841156,-0.1431323587894439,0.0312451925128698
1773258540048030200,94.7380302734375,-0.3950692851498723,-0.2475441982983611,0.3890624459505081,-0.1559474617242813,0.1642602235078811,0.301392138004303,-0.5122609555959701,-0.1509527780115604,0.3063987757891416,-0.0280570592731237,-0.0556112080812454,0.01039026863873,-0.1558048942178487,0.195851657924056,0.3782005679354071,-0.1619173735380172,-0.1242050006985664,0.0127740409225225
1773258540058057000,94.74805688476565,-0.3561678920865058,-0.1545541087054647,0.4157879557907581,-0.1678094714879989,0.1766730397939682,0.2807867527008056,-0.5255950324108823,-0.1074678565502166,0.2307370933443307,-0.0357527956366539,-0.0570083037018775,-0.0019106061663478,-0.2128583953697234,0.1527770708292722,0.4080243360519409,-0.1488181948661804,-0.1133972182869911,-0.0050146542489528
1773258540068083000,94.7580830078125,-0.3400061540976166,-0.0476284510068595,0.4098766859203577,-0.1697833985090255,0.1834451854228973,0.2635116577148437,-0.5330441793730483,-0.0911439137369394,0.1605997272789478,-0.0443212203681468,-0.0511885620653629,-0.0088442806154489,-0.250028726856783,0.0897206029355525,0.4111301931127906,-0.1327611953020095,-0.1114419251680374,-0.0250783767551183
1773258540078110000,94.76810986328124,-0.3743444770291447,0.0293994417572393,0.3259568782180547,-0.1693582683801651,0.168926864862442,0.2438577264547348,-0.5305319773564114,-0.0715220984220504,0.0752513480782508,-0.0528041869401931,-0.0385172441601753,-0.0149458479136228,-0.2763006477106362,0.0130319155305624,0.4002271063044667,-0.1130986139178276,-0.1112316101789474,-0.0426376983523368
1773258540088137200,94.77813720703124,-0.4554229238256811,0.0898369775905273,0.1610503936558961,-0.1595245450735092,0.1476569920778274,0.2308516651391983,-0.5101508681068196,-0.0555371783047914,-0.0072784665703773,-0.0614181086421012,-0.0256739016622304,-0.0207028370350599,-0.3121147422831505,-0.0314461086213588,0.3876151697516441,-0.0957364067435264,-0.1145674809813499,-0.0629589483141899
1773258540098163200,94.7881630859375,-0.4608154305189847,0.1151523101055994,-0.0488555085837841,-0.1396982669830322,0.1282162368297577,0.2158965170383453,-0.4822200375974178,-0.0347480727761983,-0.0731587597131729,-0.0576782301068306,0.0136676458641886,-0.0151871629059314,-0.380981430825591,-0.0745282945007085,0.3725730834424495,-0.0742880776524543,-0.1209355965256691,-0.0845125466585159
1773258540108190000,94.79818994140624,-0.4485153363943099,0.1337279043031856,-0.2752770768165588,-0.1165428832173347,0.1099067330360412,0.1964138895273208,-0.4826865225980058,-0.0092366149008274,-0.0786339762538671,-0.0563437603414058,0.0524237751960754,-0.0087575912475585,-0.4156424098402261,-0.1551373702198266,0.3703419633895158,-0.0554816387593746,-0.1336884051561355,-0.1042942404747009
1773258540118216000,94.8082158203125,-0.4709890340089798,0.0995305424786172,-0.5074935950636863,-0.0893165096640586,0.0955854356288909,0.1780273616313934,-0.4426034820020199,0.0038671968221664,-0.1047720415949821,-0.0543684959411621,0.0896459743380546,-0.003634202061221,-0.4405774560671299,-0.250054372754693,0.3744263100937008,-0.0357632413506507,-0.152393564581871,-0.1141858100891113
1773258540128243200,94.8182431640625,-0.5023758136585355,0.0089329375128261,-0.713702396351099,-0.0605013668537139,0.0861591771245002,0.162033200263977,-0.3754828699419275,0.0036094226688146,-0.1015256070196628,-0.051400288939476,0.1179495975375175,-0.0035070022568106,-0.4641927979975938,-0.3237555687814951,0.36620325614959,-0.0217406321316957,-0.1710982769727707,-0.1171810626983642
1773258540138270200,94.82827026367188,-0.5091258724406361,-0.0778083756173029,-0.8422989656478166,-0.0364489033818244,0.0799313634634018,0.1535722315311432,-0.3153963212370872,-0.0129518360316753,-0.0675292293936014,-0.0544338971376419,0.1305857747793197,-0.0093569019809365,-0.5078886587958783,-0.3887339446485042,0.393840620137751,-0.0140408920124173,-0.1902349442243576,-0.1138130575418472
1773258540148296200,94.83829614257812,-0.5030255097389221,-0.1423189695757813,-0.8975567424893379,-0.0125504937022924,0.0811582803726196,0.1428740620613098,-0.2569569552173837,-0.0597954202711582,-0.0529389785051345,-0.0588154271245002,0.134869247674942,-0.0193961579352617,-0.5187245986521244,-0.4078583318352699,0.3849532570660114,-0.0122238174080848,-0.2109215706586837,-0.1076800599694252
1773258540158323000,94.84832299804688,-0.4729658870398998,-0.169053722168412,-0.8473153325051068,0.0042711985297501,0.0825396999716758,0.1340152025222778,-0.2299509479353204,-0.0725222153753042,0.003172200295329,-0.0668973252177238,0.1359028220176696,-0.0326989106833934,-0.5361228926986455,-0.3961684785634279,0.3954766969069838,-0.0100323846563696,-0.2252880632877349,-0.0980834886431694
1773258540168349000,94.85834887695312,-0.4727463990703225,-0.1392135143737308,-0.7326841601967811,0.0138852102681994,0.0812382102012634,0.1279322803020477,-0.1949765921225771,-0.1279325524300336,0.0489256512105464,-0.0717194154858589,0.139542281627655,-0.0489092692732811,-0.5297890135020017,-0.3593395078599453,0.4406143540114164,-0.0061692027375102,-0.232639193534851,-0.0845988392829895
1773258540178376200,94.86837622070313,-0.4608569315731525,-0.0962152621844783,-0.5470388389885426,0.0227594971656799,0.0706756114959716,0.1216596215963363,-0.1200198430767282,-0.1722159307926893,0.084108023750782,-0.0753072276711463,0.144206017255783,-0.0673849433660507,-0.5016296714663505,-0.3493441835463047,0.4932338913038372,-0.0037681479007005,-0.2363059222698211,-0.0663936212658882
1773258540188402200,94.87840209960936,-0.4639662957653403,-0.0656075223497115,-0.3507762621760368,0.0326462127268314,0.0508558340370655,0.1148722916841507,-0.0812438664913177,-0.2051315274447202,0.1260007075846195,-0.0800586715340614,0.1471619457006454,-0.0840303376317024,-0.5208182829957455,-0.3618132044970989,0.5697720643222332,0.0006417802069336,-0.2331820428371429,-0.0459631830453872
1773258540198429200,94.88842919921876,-0.4353124482110142,-0.0753894961736165,-0.20446049631536,0.038539282977581,0.0186857152730226,0.1175397038459777,-0.0491407552659511,-0.2152805810153484,0.1493845057815313,-0.0857943221926689,0.1440401971340179,-0.0978606715798378,-0.523219498918578,-0.3820686415404081,0.6201295019015669,0.0065132682211697,-0.2230580002069473,-0.0275751259177923
1773258540208456000,94.8984560546875,-0.3771931444585323,-0.0648570693085901,-0.1483095700263977,0.0273681171238422,-0.009425014257431,0.1123300194740295,-0.043836803638935,-0.1924859808832406,0.1594376977622509,-0.0946742743253707,0.1412595361471176,-0.1128652468323707,-0.4859505293626338,-0.4080740204125642,0.6565434620633721,0.0157227460294961,-0.2042459547519683,-0.0078656021505594
1773258540218482000,94.90848193359376,-0.3912345292925834,-0.0156548113800585,-0.0810346076548099,0.0157079361379146,-0.0405330657958984,0.0999708622694015,-0.0596691818092949,-0.1447463245868682,0.1967220110177993,-0.1035588458180427,0.1366147249937057,-0.1202118396759033,-0.4687999995321035,-0.3702449327558278,0.6699298901200295,0.0256821569055318,-0.1772700250148773,0.0157050639390945
1773258540228509200,94.91850927734374,-0.4344003018021583,0.0040728754620999,0.0114116208523511,-0.0017035445198416,-0.0528904013335704,0.0730369836091995,-0.0702746921768412,-0.1051011274188756,0.1832581338107586,-0.1090260297060012,0.1349607706069946,-0.1251211613416671,-0.4875140523523092,-0.3485089017659425,0.6812135006785393,0.0441740825772285,-0.146094262599945,0.0412109568715095
1773258540238535200,94.92853515625,-0.4431009101301431,0.0162957761647179,0.0283949043571948,-0.0204113088548183,-0.0453239269554615,0.0430227518081665,-0.0744738974323496,-0.1133551610231399,0.1595370664834976,-0.1099685207009315,0.134987935423851,-0.127581387758255,-0.5112006328880787,-0.3247510095596313,0.676845953118801,0.0646689608693122,-0.1108577400445938,0.0598260127007961
1773258540248562200,94.93856225585938,-0.4288718937695026,0.0872217535908334,0.0591921936810016,-0.0418225899338722,-0.0340387821197509,0.0265862587839365,-0.0642915809129364,-0.1087777701050043,0.1159019228965043,-0.1073483824729919,0.1426323056221008,-0.1272052824497223,-0.5123135625660419,-0.2876426373928785,0.6774287214428186,0.0823246538639068,-0.0741386041045188,0.0730446055531501
1773258540258588200,94.94858813476564,-0.4056035386458039,0.1201924962298944,0.0414513698071241,-0.0499295778572559,-0.0374050661921501,0.0129964761435985,-0.0786941820085048,-0.0918845029711723,0.1145879176884889,-0.1037627011537551,0.1561017781496048,-0.1273829191923141,-0.4709001866817474,-0.2350058567047119,0.6448980324551463,0.1027082502841949,-0.0467537976801395,0.0797280669212341
1773258540268615000,94.95861499023438,-0.3716603525117039,0.0919472660090774,-0.0490127449721097,-0.0479521825909614,-0.0587212815880775,0.0075772097334265,-0.0737035341143608,-0.0732546213030815,0.1119353573530912,-0.0928189754486084,0.1645681858062744,-0.1240503340959549,-0.4542139133621007,-0.1879348934501409,0.59884413728863,0.1207050904631614,-0.0249989666044712,0.0875971764326095
1773258540278642200,94.96864208984375,-0.2897501310661435,0.0009384498938918,-0.1642261010825633,-0.0396129861474037,-0.0834083780646324,0.0023794937878847,-0.0879916054521687,-0.0837754307955503,0.0511976877957582,-0.0797838643193245,0.1715254336595535,-0.1221634745597839,-0.4388240365285426,-0.1541068581283092,0.553571163366735,0.1418866366147995,-0.0037764366716146,0.0889900401234626
1773258540288668200,94.97866821289062,-0.2137885888919234,-0.0833669778588227,-0.2667798821061849,-0.0360406190156936,-0.096977449953556,-0.001595274079591,-0.0888426601903978,-0.1066816746085882,-0.0152571903645992,-0.0709610804915428,0.1792328804731369,-0.1207325607538223,-0.4465881677240133,-0.1447422329336404,0.4869789225623011,0.1652164459228515,0.0122355539351701,0.0925948992371559
1773258540298695200,94.98869506835938,-0.1995019971251487,-0.1226636721163988,-0.2955272531628608,-0.0328708253800869,-0.106061078608036,-0.0093872975558042,-0.0920972872053273,-0.1318482645690441,-0.0459621252298355,-0.0596421137452125,0.1849506944417953,-0.1172017455101013,-0.4202665625095367,-0.1402723940432071,0.4270157445088028,0.1938719004392624,0.0222906917333602,0.0981744304299354
1773258540308721200,94.99872119140625,-0.2057236481189727,-0.1132157890850678,-0.3101701110213994,-0.0357411801815032,-0.0952691510319709,-0.0178550854325294,-0.1020657143788877,-0.1537602366477251,-0.0579448239684104,-0.0493908412754535,0.190175250172615,-0.114343024790287,-0.4158265342354774,-0.1463461609989404,0.3850070330798625,0.2178704440593719,0.0221183858811855,0.1054022461175918
1773258540318748000,95.00874780273438,-0.1762178599104285,-0.1020595677658915,-0.2832031936407089,-0.0298981443047523,-0.0856418907642364,-0.0196594074368476,-0.070014031946659,-0.1911345662742853,-0.0941354967683553,-0.0393794849514961,0.192991018295288,-0.1147832423448562,-0.393973671932891,-0.1509919409781694,0.3208379277691245,0.2360298186540603,0.0184627491980791,0.1076126098632812
1773258540328775200,95.01877514648436,-0.1501297711908817,-0.1305069694953039,-0.2609358322530984,-0.0273404438048601,-0.082769937813282,-0.0192138608545064,-0.0339712523179594,-0.2082639802515506,-0.1144037932932376,-0.0299282483756542,0.1947238445281982,-0.1150056272745132,-0.3543845158010721,-0.1559305664241314,0.2301142852708697,0.2513659000396728,0.008250324986875,0.1164875924587249
1773258540338801200,95.02880126953124,-0.1234840485885739,-0.1714457136051729,-0.2397954290688037,-0.0165661927312612,-0.072014108300209,-0.0146200414746999,0.0170621939599514,-0.20949615239501,-0.0835761088311672,-0.0222471598535776,0.1907253712415695,-0.1146857887506485,-0.3226245189249515,-0.1400929458230733,0.1449155436739325,0.2578461766242981,-0.0018377127125859,0.1230660378932952
1773258540348828200,95.038828125,-0.0780652364552021,-0.189718379333429,-0.1708054794728755,-0.0081655159592628,-0.0524907372891902,-0.006667043082416,0.0377940186266438,-0.2044248404800892,-0.0128980600178241,-0.0169715415686368,0.1829530298709869,-0.1132291406393051,-0.2838618767451494,-0.1282557930350303,0.0928778979226946,0.2625501155853271,-0.0157607197761535,0.1334161460399627
1773258540358854100,95.04885424804688,-0.0171136318862438,-0.161028875943832,-0.0701578243315219,-0.0027324650436639,-0.0215950775891542,0.0024386160075664,0.0533762008786201,-0.1856570116460323,0.0595469984680414,-0.0109637165442109,0.1719629615545272,-0.1108663901686668,-0.2440799745202064,-0.1293248835712671,0.0608452215850353,0.2615289986133575,-0.0215350314974784,0.1468003541231155
1773258540368881000,95.058880859375,0.0200046771526336,-0.0977717526451684,0.0002747252881526,0.0039909509941935,0.0157850496470928,0.0106467455625534,0.0747311235964298,-0.1652835011810064,0.1286363167852163,-0.00570021988824,0.1598362326622009,-0.1114168912172317,-0.2175974796555936,-0.1195078384339809,0.0133896429270505,0.2582695484161377,-0.0203698985278606,0.1593260020017624
1773258540378907100,95.0689072265625,0.0366848860576748,-0.0116054446577094,0.0625491028934717,0.0096161011606454,0.0599563084542751,0.0051166759803891,0.0907885244280099,-0.1205897884517908,0.1852425856262445,-0.0046448092907667,0.144717201590538,-0.1151477098464965,-0.194630007174611,-0.0709539431452751,-0.0080547116398811,0.2485565543174743,-0.0123888673260807,0.1705933362245559
1773258540388934100,95.07893408203124,0.0144905899062752,0.0597760579835623,0.1349327865809202,0.0143986064940691,0.0954791456460952,-0.0282700434327125,0.1185556522756814,-0.1070218663483858,0.2120247940897941,-0.0050518927164375,0.1221507117152214,-0.1238763257861137,-0.1319312666773796,-0.0306207637131214,-0.0306450213715434,0.2334106117486953,0.0030787724535912,0.1762781143188476
1773258540398961200,95.08896118164064,-0.0704901250258088,0.1086455585600808,0.2332195578098297,0.0091007556766271,0.1217544749379158,-0.0674922913312912,0.1438555040938314,-0.0828168148964643,0.2345557748496532,-0.0064513841643929,0.0952232256531715,-0.13586987555027,-0.0700835900515318,0.0234562789112329,-0.0490749965533614,0.2150448113679886,0.0237676557153463,0.1782985627651214
1773258540408987100,95.09898706054688,-0.0928650384411215,0.1435415884396061,0.3278834623664617,0.0105894627049565,0.1350777298212051,-0.094567060470581,0.1413163592713419,-0.0860837077379226,0.2377139466196298,-0.0034293283242732,0.0695573315024375,-0.1489206254482269,-0.0441409011520445,0.0964782605022191,-0.071265493312478,0.1987561136484146,0.0419810153543949,0.1791422516107559
