time,seconds_elapsed,imu1_accel_x,imu1_accel_y,imu1_accel_z,imu1_gyro_x,imu1_gyro_y,imu1_gyro_z,imu2_accel_x,imu2_accel_y,imu2_accel_z,imu2_gyro_x,imu2_gyro_y,imu2_gyro_z,imu3_accel_x,imu3_accel_y,imu3_accel_z,imu3_gyro_x,imu3_gyro_y,imu3_gyro_z
1774470791969561300,158.94256127929688,0.3629612054884433,-0.2147858563009649,0.1711807425260543,0.0223614238202571,0.0317408628761768,0.0389545708894729,-0.1323065297305584,-0.1666764168441295,0.0698766693025827,-0.0554513707756996,0.0176697075366973,0.1463372707366943,0.1193503097847104,0.0707137046486139,-0.0968754431262612,-0.1563570350408554,0.0992607325315475,-0.0127083975821733
1774470791979587300,158.95258740234374,0.3647755614340305,-0.2405715280078351,0.1143248828381299,0.0200298503041267,0.013200013898313,0.0354183502495288,-0.1549319107756018,-0.1851104836791753,0.0111801501840353,-0.0500819645822048,0.0228866301476955,0.1529136449098587,0.1350070208609104,0.0866962866783142,-0.110671328766644,-0.1424491107463836,0.0743450298905372,-0.0136623848229646
1774470791989614600,158.9626145019531,0.3154910137832165,-0.2770709014307707,0.0387684143334627,0.0112550016492605,-0.0068525234237313,0.0288520604372024,-0.1453770237058401,-0.1910182464182376,-0.0062444473475217,-0.0426189862191677,0.0306167230010032,0.1560676246881485,0.1148565054967999,0.0746709178417921,-0.1443564484864473,-0.1185674890875816,0.0559481754899024,-0.0182020105421543
1774470791999641300,158.97264135742188,0.2715010654091835,-0.3043048722498119,-0.0188256965011358,0.0051630306988954,-0.0230821147561073,0.0270226318389177,-0.133968909984827,-0.2066694045364856,-0.0243581961870193,-0.0332220271229743,0.0389237366616725,0.1610420495271682,0.0953584626920521,0.0998421839773654,-0.1829696722581982,-0.0962891280651092,0.0604406744241714,-0.015369551256299
1774470792009668400,158.98266845703125,0.2490238606631755,-0.3235809428669512,-0.0448211385011672,0.0051643624901771,-0.0341036058962345,0.0222190860658884,-0.104098964639008,-0.1980634887546301,-0.0354991834044456,-0.028824083507061,0.0431653559207916,0.1592385619878769,0.0489126455985009,0.1213537585616111,-0.2238748063594102,-0.0723126828670501,0.0777826458215713,-0.0109532326459884
1774470792019695600,158.99269555664063,0.2105506298840045,-0.3010287001233547,-0.0646475364774465,0.000915507087484,-0.0408979728817939,0.0173481032252311,-0.0581517447173595,-0.1847211921006441,-0.0371393518269062,-0.0232381671667099,0.0461445115506649,0.1504460126161575,-0.0189994456328451,0.113554482987523,-0.2781713369533419,-0.0472812168300151,0.0975274369120597,-0.0054477881640195
1774470792029722400,159.00272241210936,0.1897954266250133,-0.2683546571422368,-0.078035425838828,-0.0001537520438432,-0.0447350554168224,0.0126337753608822,-0.0263248200848698,-0.1419254219472408,-0.0423322442948818,-0.0175059810280799,0.0421654805541038,0.1419079154729843,-0.0284042567074298,0.0880260739773511,-0.2813575657740235,-0.020832298323512,0.1144472956657409,-0.0044967727735638
1774470792039749400,159.01274926757813,0.1787795270919799,-0.2036983528364449,-0.0734995359748601,0.0026735153514891,-0.0469646975398063,0.0068438686430454,0.0063742112070322,-0.1301017131626606,-0.0243903448909521,-0.0109353503212332,0.0373569540679454,0.1296594887971878,-0.033025486767292,0.062891632720828,-0.2414572248011827,0.0063564982265233,0.1389574706554412,-0.0037152599543333
1774470792049776400,159.0227763671875,0.163628135189414,-0.1495741100694984,-0.0614572160035371,0.0064184525981545,-0.0529030114412307,0.0014810618013143,0.0264765035152435,-0.0935831235826015,-0.0315817176997661,-0.0075230421498417,0.0287429597228765,0.1151487156748771,-0.0513539012707769,0.0530786792367696,-0.2265674064442515,0.0279880240559577,0.156930610537529,-0.0011559622362256
1774470792059802600,159.032802734375,0.1740694497048854,-0.1415786543361842,-0.0474403810888528,0.0123043861240148,-0.0559641011059284,-0.0057166079059243,0.0345054961919784,-0.0620902532100677,-0.0245306301444768,-0.0052063940092921,0.019059358164668,0.0997526422142982,-0.0333843832075595,0.0504454081237316,-0.2010948192745447,0.0502821467816829,0.1636343747377395,-0.0007404484786093
1774470792069829400,159.04282934570313,0.1789776800125837,-0.1619523839969187,-0.0457516973495483,0.0194696206599473,-0.0587756000459194,-0.0115177715197205,0.0573784222573041,-0.0371487041771411,0.00553892942667,-0.0027110120281577,0.0091401478275656,0.0771735608577728,-0.0378586060121655,0.0398012645125389,-0.1274678575277328,0.0688824653625488,0.1718741953372955,0.0041203531436622
1774470792079856400,159.0528564453125,0.171015322831273,-0.1757129791282117,-0.039825229910016,0.0224601496011018,-0.065626673400402,-0.0157489292323589,0.085346333374083,0.0036474165916442,-0.004198036211729,-0.0038499587681144,-0.0012084607733413,0.0578253455460071,-0.04664367775321,0.0407499435395002,-0.0729307961761951,0.0815163403749466,0.1743166893720626,0.0058647710829973
1774470792089883400,159.06288330078124,0.1665367161124944,-0.2002455089688301,-0.0214466926544904,0.0230092946439981,-0.0661137625575065,-0.0241975411772727,0.0896267871722579,0.0333411285877227,-0.0118050040841102,-0.0068444171920418,-0.0100653357803821,0.0372167378664016,-0.0380438994511961,0.0486889198452234,-0.0312371420457959,0.0887201875448226,0.1546620279550552,0.0049140225164592
1774470792099910400,159.0729104003906,0.1529296310424804,-0.2304986084133386,-0.0148556238263845,0.0226808506995439,-0.0623935610055923,-0.0270106792449951,0.0816077313676476,0.0714952104151248,-0.0065898997843265,-0.0107112266123294,-0.0167343020439147,0.0166065674275159,-0.0054720016703009,0.0161678754687309,0.0195034496322274,0.0932554006576538,0.133265271782875,-0.0006976816803216
1774470792109937400,159.0829375,0.160664609208703,-0.2597513717088848,-0.0228267488360404,0.0192586872726678,-0.062623918056488,-0.0257800333201885,0.0874441824361682,0.1021703346639871,-0.0252975228637456,-0.0120009947568178,-0.0230396036058664,-0.0018696447368711,0.0196273682728409,0.0236678758352994,0.0847024825125932,0.0930482074618339,0.1129203215241432,0.0019593539182096
1774470792119964400,159.09296435546875,0.1804565203934907,-0.2442053544655442,-0.0214881937086582,0.0146741960197687,-0.0557871758937835,-0.0286851674318313,0.0853720523372292,0.1282423490315675,-0.02392798807621,-0.0178345274180173,-0.0258782971650362,-0.0174691472202539,0.0119065647624433,0.0624631781756877,0.1096843635559082,0.0860039815306663,0.0964082404971122,0.0041210274212062
1774470792129991400,159.10299145507813,0.1613315486848354,-0.2283675877340137,-0.0591822568088769,0.0106134079396724,-0.0545751713216304,-0.0289184600114822,0.0922875308141112,0.1295446638017892,-0.0360498030245304,-0.0227299500256776,-0.0288501195609569,-0.027222441509366,-0.0103740944981575,0.0939092867970466,0.1310328565329313,0.0782826766371727,0.0772462636232376,0.0092601291835308
1774470792140017400,159.11301733398437,0.176864048859477,-0.2147676630571484,-0.0959124433130025,0.0037146366667002,-0.051977302879095,-0.0239100381731987,0.0713596013367176,0.1339724171161651,-0.0715419721662998,-0.0287668257951736,-0.0297914091497659,-0.0367282852530479,-0.0328571444630622,0.1218365736424922,0.1460004163011908,0.0681178122758865,0.0583168901503086,0.0130291935056447
1774470792150044400,159.12304443359375,0.1970768158048391,-0.1720272763527929,-0.1322445704102516,-0.0033360822126269,-0.0469716228544712,-0.0218695234507322,0.0441141592755913,0.1360007080733776,-0.0802075091809034,-0.0340974070131778,-0.025810781866312,-0.0370734296739101,-0.0078580200240015,0.1512280878216028,0.1831438597813248,0.0518879741430282,0.042380005121231,0.0178234167397022
1774470792160071400,159.13307153320312,0.1904682113200426,-0.1337069711130112,-0.1528998204261064,-0.0093911457806825,-0.0339032672345638,-0.0144539093598723,0.0215086519747972,0.1228881285220384,-0.0735100573688745,-0.0338494442403316,-0.0235475823283195,-0.0350275374948978,0.0179364925764501,0.131484691953659,0.1657873590499162,0.035794973373413,0.0250414535403251,0.0213261302560567
1774470792170098400,159.1430983886719,0.1984352446764707,-0.103883056866005,-0.1724590918987989,-0.0111957034096121,-0.0221688449382781,-0.0132413720712065,0.0187611068323254,0.0897375540703535,-0.063507134270668,-0.0360385626554489,-0.0237838048487901,-0.0308999046683311,0.0220176244102418,0.1416208860427141,0.1889215663999319,0.0130627648904919,0.0085447691380977,0.0290112141519784
1774470792180125400,159.15312548828126,0.200859256953001,-0.0885026785131543,-0.1971364370375871,-0.0122037604451179,-0.0086262933909893,-0.0042514521628618,0.0102846626490354,0.0474842202305793,-0.040763387542963,-0.0343902111053466,-0.02636593952775,-0.030891228467226,0.0194737851463258,0.1549205125987529,0.1947016111060976,-0.0033449141774326,-0.0072325058281421,0.0321379676461219
1774470792190152400,159.16315234375,0.2052273890346288,-0.1062309351664036,-0.2205640743762254,-0.0106937475502491,0.0006979661993682,-0.0038208188489079,0.0084665073111653,0.008530512458086,-0.0067722706139087,-0.0326141454279422,-0.0276535768061876,-0.0282938443124294,0.0374818816542625,0.1367792912304401,0.2065367180675268,-0.0167968068271875,-0.0239534303545951,0.0349316224455833
1774470792200179500,159.17317944335937,0.2058668559819459,-0.1075067272558808,-0.2240799735426902,-0.0046355351805686,0.0096348635852336,-0.0037599951028823,-0.0126747726559638,-0.0494634113490581,0.0124181675463914,-0.0309054851531982,-0.0277426578104496,-0.0227000936865806,0.0575020486369729,0.1014782607465982,0.2040618523865938,-0.0377793237566947,-0.0353035815060138,0.0392070300877094
1774470792210206500,159.18320654296875,0.2167284417361021,-0.1094870874181389,-0.2229015774130821,0.003949430771172,0.0178816076368093,-0.0039115292020142,-0.0279144273638725,-0.0855120453298091,0.0359644628286361,-0.0294998679310083,-0.0271841920912265,-0.0157947838306427,0.0475216296315193,0.0883855549395084,0.178492234583199,-0.0530919656157493,-0.04389014467597,0.0388432443141937
1774470792220232400,159.193232421875,0.2268260573804378,-0.1266686699740588,-0.2201274365246295,0.0082215089350938,0.019619632512331,-0.0036811982281506,-0.0561488804623484,-0.1017892263919115,0.028918635970354,-0.028217576444149,-0.0229461677372455,-0.0068675559014081,0.0271817291751503,0.0687438658803701,0.1317372054100036,-0.0668585896492004,-0.0490730702877044,0.0370937809348106
1774470792230259200,159.20325927734376,0.2456692895382642,-0.1214436288021504,-0.1937064625889062,0.0112122390419244,0.0217142067849636,-0.0055366223677992,-0.0702644995763897,-0.1193558627426624,-0.0014841010779142,-0.0275616403669118,-0.0160640273243188,0.0068919318728148,0.0195896666109561,0.0574824671536684,0.1196165595054626,-0.0763684660196304,-0.0544060505926609,0.0365899130702018
1774470792240286200,159.2132861328125,0.2618073543906212,-0.1033182625900954,-0.1638981843024492,0.0188139658421278,0.0219496302306652,-0.0040460512973368,-0.0901765300095081,-0.1092722756236791,-0.0184177002221345,-0.0309681296348571,-0.0047533102333545,0.0219394192099571,0.030071313136816,0.0364759194821119,0.0836985661670565,-0.0827071964740753,-0.0544612221419811,0.0344864502549171
1774470792250313200,159.22331323242187,0.2833405562847852,-0.1173163197390735,-0.1412421158581972,0.0208616703748703,0.0274352096021175,-0.0072021633386611,-0.101790103174746,-0.0971042834460735,-0.0429880778551101,-0.0296618491411209,0.0075227967463433,0.039528265595436,0.0143815765738487,0.0211871649354696,0.0371942968845367,-0.0835008174180984,-0.0504331886768341,0.0275830049067735
1774470792260340200,159.23334033203125,0.3067924512818455,-0.1352938019130379,-0.1153816984146833,0.020969022065401,0.0278992094099521,-0.0058637331239879,-0.1404375214770436,-0.0818430014282464,-0.0535235003948211,-0.0300614852458238,0.0216475222259759,0.0519993491470813,0.0118660866215825,0.0159393274098634,0.0135924720227718,-0.080256313085556,-0.0415453054010868,0.021047718822956
1774470792270367200,159.2433671875,0.297339855542779,-0.1593033307928592,-0.1084025070518255,0.0247131586074829,0.0295274667441844,-0.0092494096606969,-0.1240337914258241,-0.0596954670280218,-0.0284030876636505,-0.030051365494728,0.0314309112727642,0.067557007074356,-0.0084570088304579,0.0136696289122104,-0.0360696767687797,-0.0731853544712066,-0.0289653334766626,0.0132427923381328
1774470792280394000,159.25339404296875,0.2768617156594991,-0.1744867983341217,-0.1172568446367978,0.0237452108412981,0.0314495638012886,-0.0086540011689066,-0.1280640698552131,-0.0529208583265543,-0.0229489139109849,-0.0313837453722953,0.0396552868187427,0.0786192417144775,-0.0079120882987976,0.0175227972090244,-0.0445163103356957,-0.0615065991878509,-0.0103171318769454,0.0057091815397143
1774470792290421200,159.26342114257812,0.2731371421784162,-0.1993889652047306,-0.1167237606734037,0.0150657026097178,0.0273967646062374,-0.0073232194408774,-0.1018847957208752,-0.0313385565936565,-0.0366226344764232,-0.0281685106456279,0.0417418740689754,0.0881323218345642,-0.0085154610194265,0.0368429992288351,-0.0624023878991603,-0.0529970005154609,0.0099175665527582,-0.000437393784523
1774470792300447200,159.273447265625,0.2728919352456927,-0.1962541012451052,-0.1138748009830713,0.0062222359701991,0.0248060002923011,-0.0040563438087701,-0.088442253562808,-0.0136468325585126,-0.0324684374064207,-0.0230496693402528,0.0455322228372097,0.0928730592131614,0.0040405075624585,0.0533247629523277,-0.0858528215914964,-0.0375410802662372,0.0376746281981468,-0.0056609185412526
1774470792310474200,159.28347412109375,0.256070856565237,-0.1857271542727947,-0.0943552769988775,-0.0038149519823491,0.0270750150084495,-0.0021236878819763,-0.0655015229582786,-0.0042833764076232,-0.0102530984669923,-0.0173148196190595,0.0427260473370552,0.092621125280857,-0.0130149643957614,0.0696639033347368,-0.1068362806484103,-0.0258380845189094,0.05838043987751,-0.0099312970414757
1774470792320501000,159.2935009765625,0.2298866139948367,-0.1837475247628986,-0.092004329958558,-0.0131920436397194,0.0233359262347221,0.0004367381334304,-0.0412634460195899,0.003483750462532,0.0054132572203874,-0.0093852989375591,0.0379956625401973,0.0916135758161544,-0.0138540455684065,0.0716407563656568,-0.1256277826189994,-0.018669955432415,0.0843074545264244,-0.0082372790202498
1774470792330528300,159.3035283203125,0.2287617016181349,-0.1754869883526116,-0.071959320795536,-0.0194259714335203,0.0224496275186538,0.0004652338102459,-0.0379459920346736,0.0259556945115327,0.0314595526248216,-0.0029907824937254,0.0271004028618335,0.0894793197512626,-0.0368717869319021,0.0835030435949563,-0.1228968963503837,-0.0085600642487406,0.1000954657793045,-0.0074833380058407
1774470792340555300,159.31355517578126,0.2216135834291577,-0.1798869038119912,-0.0820095901668071,-0.0207739491015672,0.0191194117069244,0.0024023354053497,-0.046061786212027,0.0409299762815237,0.0667687664151191,0.005786970257759,0.0142035530880093,0.082635648548603,-0.0504831097856164,0.0838403127253055,-0.1005444870278239,0.0009189124102704,0.1094500049948692,-0.0060900649987161
1774470792350582000,159.32358203125,0.2244222111091017,-0.1991835057605057,-0.0590583381682634,-0.0234717316925525,0.0147640779614448,0.0029853014275431,-0.0529404398098588,0.0346317529201507,0.0865717835158109,0.014778334647417,0.0034449156373739,0.0778084024786949,-0.0155823306657373,0.0779085845887661,-0.082808047068119,0.0036348041612654,0.1158660948276519,-0.0036050691269338
1774470792360609300,159.333609375,0.2162102630808949,-0.1954431501884013,-0.0252682967692613,-0.0222789403051137,0.0169024951756,0.0020016506314277,-0.0699219697490334,0.0174497319728136,0.0751017104744911,0.0228064581751823,-0.004907330032438,0.0723259001970291,0.0047863574936985,0.079911741104722,-0.0774807145655155,0.0069734519347548,0.1066125333309173,-0.0038374857977032
1774470792370635300,159.34363525390626,0.1990492849215865,-0.1859106210809201,-0.0059580316215753,-0.0189904700964689,0.0172383189201354,0.0021502552554011,-0.1020136827975511,-0.0012514613658189,0.034573300731182,0.0284584872424602,-0.0078546497970819,0.070193238556385,-0.0179199798330664,0.0950479354381561,-0.0621516280084848,0.010068311356008,0.0867141932249069,-0.0033266907557845
1774470792380662300,159.35366235351563,0.1978346484348177,-0.1947601363603025,0.004971943193674,-0.0168093647807836,0.0165551416575908,-0.0059427497908473,-0.1252469666078686,-0.0150607910096645,0.0096323362201452,0.0335840694606304,-0.0032349226530641,0.0699834153056144,-0.0238648597121238,0.1072299561411142,-0.0216834240198135,0.0155752971768379,0.0614099502563476,-0.0077294427901506
1774470792390689000,159.36368896484376,0.1899292821377515,-0.210507448329404,0.021826047360897,-0.0089567676186561,0.0115507952868938,-0.005462581757456,-0.1649175904780626,-0.0319172332644462,-0.0381371306926012,0.0326407775282859,0.0076632644049823,0.0711405575275421,-0.0279050750136375,0.1161532673090696,0.0298515329062938,0.0190946627408266,0.0457771942019462,-0.0084349140524864
1774470792400716000,159.3737160644531,0.1671469569653272,-0.2205325832594186,0.0156266081988811,-0.0037345509044826,0.0086719952523708,-0.0091173127293586,-0.171949681071937,-0.0171136318862438,-0.0854623609691858,0.0331925228238105,0.0191655158996582,0.07105103880167,-0.0387339275419712,0.1147077446758747,-0.0309597864091396,0.0242043640464544,0.026867002248764,-0.0098534217104315
1774470792410743300,159.38374340820312,0.1532534561693668,-0.2266748123414814,-0.0042599955320358,0.0023241406306624,0.0062969885766506,-0.0094123911112546,-0.1522960093140602,0.016719664132595,-0.0683604195207357,0.0366458445787429,0.0303087159991264,0.0723413452506065,-0.0284733764208853,0.1235667584359645,-0.0666077306345105,0.0268922932446002,0.0232496317476034,-0.0095207933336496
1774470792420770000,159.39377001953125,0.1741623886853456,-0.2310642064068466,-0.008345803540945,0.0049112611450254,0.0044704456813633,-0.0050286753103137,-0.1315080728292465,0.0502583611190319,-0.0693845018714666,0.0379737354815006,0.0419302135705947,0.0713508203625679,-0.0700838823124766,0.1154302137315273,-0.0697056966498494,0.0399631932377815,0.0175830833613872,-0.011682404205203
1774470792430797000,159.40379711914062,0.1578770243167877,-0.2337039803259074,-0.025925299373269,0.0062614837661385,-0.0017102183774113,-0.0025362228043377,-0.1067389577537775,0.0728536392867565,-0.0969604910612106,0.0402603261172771,0.0468663796782493,0.0646156892180442,-0.0849123258709907,0.1291243925631046,-0.0976511036738753,0.0507806837558746,0.018988698720932,-0.013853944838047
1774470792440824300,159.41382421875,0.1708089866042137,-0.2354475360576063,-0.0340688583403825,0.0085770264267921,-0.0070857740938663,-0.0048995502293109,-0.0689168843597173,0.0898795928895473,-0.0946025297582149,0.0443682111799716,0.0453824736177921,0.0590734742581844,-0.1007806338712573,0.1636211209267377,-0.0866559546679258,0.0641902908682823,0.0366945005953311,-0.0092175062745809
1774470792450850300,159.42385034179688,0.1828811171919107,-0.233217950374633,-0.0475584545105695,0.0094497445970773,-0.0064540719613432,-0.0043844948522746,-0.0267865923777222,0.0793809952288866,-0.0572878213644027,0.0502383522689342,0.0392332337796688,0.0455568693578243,-0.1442500655025243,0.1436158592522144,-0.0767564919441938,0.0775282010436058,0.0485772565007209,-0.006358868908137
1774470792460877000,159.433876953125,0.1808861439824104,-0.2599485017161816,-0.0804243668019771,0.0092632733285427,-0.0037961257621645,-0.0065526887774467,0.0036374797195196,0.0860726018220186,-0.0399111546277999,0.0540017448365688,0.0346569307148456,0.0276042148470878,-0.138152040888369,0.1316869365274906,-0.0888297915756702,0.0846181288361549,0.0526802875101566,-0.0077657890506088
1774470792470904000,159.44390405273438,0.1639902465000748,-0.271878666549921,-0.1237222412586212,0.0033308155834674,0.0009738621301949,-0.0075945174321532,0.0576511017188429,0.0751788673639297,-0.0330091201543807,0.0524166338145732,0.0271835662424564,0.0060352734290063,-0.1484837575495243,0.1388578510701656,-0.0495490438058972,0.085869014263153,0.0531167797744274,-0.0069383452646434
1774470792480931300,159.45393139648436,0.1833203853920102,-0.2633738730549812,-0.1237082127332687,0.0005487010348588,0.0068897986784577,-0.0074131600558757,0.0742559073001146,0.0955640682667493,-0.0678968936622142,0.0479446277022361,0.0145239196717739,-0.0158538296818733,-0.1493424202054739,0.155977912697196,-0.0524497336834669,0.0865086540579795,0.0415884256362915,-0.0041858735494315
1774470792490958300,159.46395825195313,0.17715689432621,-0.2545652012426406,-0.1348088679403066,-0.0050846831873059,0.0108714904636144,-0.0072954483330249,0.076176061707735,0.1110194115519523,-0.0531757098704576,0.0473560690879821,0.0029498210642486,-0.0348504222929477,-0.1474023920536041,0.1458130770355463,-0.0141173726797103,0.0829117894172668,0.02798792719841,-0.002956558484584
1774470792500985000,159.47398510742187,0.1723293280392885,-0.243917988891527,-0.121497550946474,-0.0097908955067396,0.0111160902306437,-0.0123843271285295,0.1040975033342838,0.1103787755608558,-0.0528308419555425,0.0474643819034099,-0.0046182414516806,-0.0536077506840229,-0.1558475643157958,0.1006540848821401,0.0441050991863012,0.0806214660406112,0.0118949506431818,-0.0018929229117929
1774470792511012000,159.48401220703124,0.186050979399681,-0.2310991315897554,-0.1015939960807561,-0.0068789958022534,0.012978971004486,-0.0117523595690727,0.0802566090196371,0.1004717140525579,-0.0441787489444017,0.0484305769205093,-0.0105150127783417,-0.0668298155069351,-0.1386564832791686,0.094516605040431,0.0705614366963505,0.0786725655198097,-0.0168786402791738,-0.0065800859592854
1774470792521039400,159.49403930664062,0.2040793880432844,-0.2292179940182715,-0.1038204399585723,-0.0115637267008423,0.0154654253274202,-0.0118030756711959,0.086407532864809,0.1075707324028015,-0.0304980141162872,0.0531147308647632,-0.0173268355429172,-0.076588250696659,-0.1116004263103008,0.0940139162153005,0.0971428618907928,0.0698984637856483,-0.0417349971830844,-0.0075192274525761
1774470792531065300,159.5040654296875,0.2105202347457409,-0.2187477456692606,-0.0687473730117082,-0.0115554714575409,0.0133407553657889,-0.014582616277039,0.0697556732714176,0.1126893905907869,-0.0298036021113395,0.0582599565386772,-0.0221626032143831,-0.081514298915863,-0.0919338950708508,0.0710164869874715,0.098983229060471,0.0579664371907711,-0.060230117291212,-0.0125994738191366
1774470792541092000,159.51409204101563,0.1936941876292228,-0.2208249903347343,-0.0607435147762298,-0.0115518420934677,0.0215634889900684,-0.015604430809617,0.0401350265115499,0.0841273129731416,-0.0263011469483375,0.0619998499751091,-0.0234518907964229,-0.0799461081624031,-0.0841699830710887,0.0687386051833629,0.0761386523067951,0.0486333295702934,-0.0769276991486549,-0.0151595063507556
1774470792551119000,159.524119140625,0.1990308724820613,-0.2123226810578256,-0.0672153411388397,-0.0108397137373685,0.0232482049614191,-0.0171772949397563,0.0050751113072037,0.0480623123794794,-0.0470464133352041,0.0623473897576332,-0.0221314970403909,-0.0733273550868034,-0.0797827078975737,0.0829354728400707,0.0704383948385715,0.0345196425914764,-0.0874887332320213,-0.0143509712070226
1774470792561146400,159.534146484375,0.2087111394971608,-0.1923586281765252,-0.0678717592209577,-0.0081921145319938,0.0304852742701768,-0.013101520948112,-0.0091746555805206,-0.0066512745827436,-0.0492190811991691,0.0617780312895774,-0.0178573429584503,-0.0630349889397621,-0.11521072576195,0.0530862780213356,0.0828866652622818,0.0207241978496313,-0.0876944214105606,-0.016199592500925
1774470792571173000,159.54417309570312,0.2162491337865591,-0.1751737576849758,-0.0710848760485649,-0.0038586191367357,0.034274686127901,-0.0145649276673793,-0.0269932208657264,-0.0354863239228725,-0.0526543163448572,0.059715948998928,-0.0114463148638606,-0.049631293863058,-0.0940668154463171,0.042661914640665,0.0595391074225306,0.0061372658237814,-0.0931421890854835,-0.0201400052756071
1774470792581200100,159.5542001953125,0.227485982593894,-0.1586545845605433,-0.1032552072912454,-0.001772092655301,0.0368598811328411,-0.0108450967818498,-0.0322138781234622,-0.0581453149765729,-0.050058454632759,0.0601747706532478,-0.0027601437177509,-0.037817683070898,-0.0857648510470986,0.033241759866476,0.0493655039325356,-0.0044903876259922,-0.0989507138729095,-0.0252178441733121
1774470792591227400,159.56422729492186,0.2254261274546384,-0.1590265596780926,-0.1370990247040986,-0.0033050081692636,0.0409704707562923,-0.0085499845445156,-0.0357215939834713,-0.0750531951576471,-0.0696978056043386,0.0616546869277954,0.0046671461313962,-0.0255298614501953,-0.0652054626211524,0.016199439650774,0.036136312264204,-0.0133600458502769,-0.1046280413866043,-0.0328193046152591
1774470792601254100,159.57425415039063,0.2341314119577407,-0.1439241214837879,-0.1420791512042284,-0.0012341905385255,0.0386107712984085,-0.0084563679993152,-0.02479512629956,-0.0640980859011411,-0.0477852490037679,0.0646520107984542,0.0088401101529598,-0.0159864537417888,-0.0503413632273673,-0.0041448447197675,0.0102870007365942,-0.019840482622385,-0.1017911955714225,-0.0434149727225303
1774470792611280100,159.58428002929688,0.2308306168466806,-0.1324005646895617,-0.1690530828475952,0.0002981922589242,0.0431168414652347,-0.0093490593135356,-0.0333373291954398,-0.0449415500104427,-0.039305005428195,0.072451613843441,0.0087255947291851,-0.0126106292009353,-0.0417246337905526,-0.0216144504368305,-0.0051142742738127,-0.0196378156542778,-0.0963253304362297,-0.0550133027136325
1774470792621307100,159.59430712890625,0.2258387999087572,-0.1501142082955688,-0.1845949353724718,0.0034160367213189,0.0493315383791923,-0.00763073656708,-0.0229497906938195,-0.0465641827762126,-0.0236667067915201,0.0736550539731979,0.010332902893424,-0.0091538503766059,-0.0167000826492905,-0.0380395155370235,-0.0218897602468729,-0.0141489375382661,-0.0889526009559631,-0.0638265460729599
1774470792631334100,159.60433422851565,0.2090408098429441,-0.1808176087908446,-0.1990343796133994,0.0019174759509041,0.0513574108481407,-0.0053047314286231,-0.0305778013542294,-0.0607265636414289,-0.009880758023262,0.0789725929498672,0.0092085162177681,-0.003252018475905,-0.0346644861459732,-0.0384212083309888,-0.0428296724230051,-0.0080774631351232,-0.0682744830846786,-0.0684750974178314
1774470792641361200,159.61436108398436,0.2154126829624175,-0.1933531191065907,-0.1778472146779298,0.000545505201444,0.056118331849575,-0.0029813940636813,-0.0436518024608492,-0.0421288306772708,0.0149503163725137,0.0861871540546417,0.0024136712308973,0.0020255974959582,-0.0333623175062239,-0.0299666837185621,-0.0607242255538702,-0.0046053929254412,-0.0350535362958908,-0.0688196048140525
1774470792651388200,159.62438818359374,0.2089829421758651,-0.2022277688272297,-0.155949855646491,-0.0031277928501367,0.0608616881072521,-0.0003912029787898,-0.0586576484128832,-0.029563948136568,0.0409428357630968,0.0950456261634826,-0.0063726296648383,0.0023291977122426,-0.0156993811741471,-0.014615969851613,-0.1223974223956465,-0.0070933178067207,-0.0153916832059621,-0.0683484897017479
1774470792661415200,159.6344152832031,0.2240904949367046,-0.2049941648006439,-0.1324941612571477,-0.0039565302431583,0.069113589823246,-0.002783915027976,-0.0595753477796912,-0.0694347707539796,0.0335492183804512,0.1002206206321716,-0.0147334691137075,0.0011474504135549,0.0084520403943955,0.0140939918041229,-0.1403317230150103,-0.0021328083239495,-0.0036960677243769,-0.0685396865010261
1774470792671442200,159.64444213867188,0.2491957100987434,-0.2206929614529013,-0.0984276410043239,-0.006598918698728,0.0731386914849281,-0.0129910130053758,-0.081853230561316,-0.1105143846392631,0.0234551098674535,0.0986488237977027,-0.0179822593927383,-0.0014270273968577,0.0172822664514184,0.0345937589973211,-0.0909706029966473,-0.0023810151033103,-0.0024145543575286,-0.0684483423829078
1774470792681469200,159.65446923828125,0.255455355015397,-0.2453736675925552,-0.0849012199550867,-0.0068381479941308,0.0711083561182022,-0.0108360024169087,-0.0844169435694813,-0.1564309171617031,0.0041764089018106,0.0977911427617073,-0.0173847619444131,-0.0041622999124228,0.0311471256747841,0.0536029953718185,-0.048907823292911,0.0048836092464625,-0.0126562109217047,-0.0692026391625404
1774470792691495200,159.6644951171875,0.2702572028279304,-0.2710179580673575,-0.0711316377997398,-0.008970808237791,0.0632616281509399,-0.0108884666115045,-0.0921016528531909,-0.1846452042549848,-0.02010463039577,0.0944723114371299,-0.0139530133455991,-0.004535409156233,0.04493716609627,0.0216255563527345,0.0015919453665614,0.0104666603729128,-0.031636293977499,-0.0707968026399612
1774470792701522200,159.67452221679687,0.2674099967032671,-0.2730639308117329,-0.0421171402394771,-0.0118774725124239,0.054650567471981,-0.0129372393712401,-0.0978267525017261,-0.1635439640372991,-0.0668254650384187,0.091233305633068,-0.0043951366096735,-0.0045122690498828,0.0641720279201865,0.0212216517269611,0.0248076935201883,0.0170509051531553,-0.0485700890421867,-0.0705394074320793
1774470792711549200,159.6845490722656,0.2688508431613445,-0.260195389149338,-0.0014414309799671,-0.013119569979608,0.0446756966412067,-0.0138847921043634,-0.1089072417035698,-0.1508896496474742,-0.0903279211789369,0.0856723636388778,0.004708613269031,-0.002154040383175,0.1135360705479979,0.0823819306105375,0.0302115983903408,0.025989007204771,-0.0620696544647216,-0.0691540315747261
1774470792721576200,159.694576171875,0.2739233241200446,-0.2528926649205386,0.0037906244546175,-0.0150999389588832,0.0419322662055492,-0.0148271825164556,-0.0806125828504562,-0.1111696336776018,-0.0933686040490865,0.0791195109486579,0.0141608556732535,6.6419597715e-06,0.0863955501660704,0.103369773581624,0.0104585579112172,0.0401647500693798,-0.0808752700686454,-0.0676229521632194
1774470792731603200,159.7046032714844,0.2926356233745813,-0.2415758827447891,-0.0086474168360233,-0.0131539683789014,0.0363212525844574,-0.0180948805063962,-0.0574558714076876,-0.0758995828539133,-0.0832306563943624,0.0733734741806984,0.0213194321841001,-0.0005446323193609,0.0627697599068284,0.0968178677201271,0.0079456983074545,0.0533029213547706,-0.0761367082595825,-0.0610761009156703
1774470792741630000,159.7146298828125,0.2694774506270885,-0.2151115080587566,-0.0237029471486806,-0.0169723760336637,0.0348797440528869,-0.0215679723769426,-0.0308896437823772,-0.0185199915528297,-0.0557967060238122,0.0683533549308776,0.0249835513532161,-0.0027943311724811,0.0931716201722621,0.0858732798576354,0.0016176643297076,0.0699369087815284,-0.0587136894464492,-0.0524555891752243
1774470792751657200,159.7246572265625,0.2513163555145263,-0.1806692863613367,-0.0372340443730354,-0.0085828863084316,0.0354973301291465,-0.0269472915679216,0.0192445064350962,0.0066582888454198,-0.03668459379673,0.064841978251934,0.0227952320128679,-0.0106999250128865,0.0793687202692031,0.10453355666399,-0.0074427172213792,0.0819874480366706,-0.0359244905412197,-0.0409336872398853
1774470792761684200,159.73468432617187,0.2408189268976449,-0.1911521749962121,-0.0831207662791013,-0.0139371966943144,0.0332452841103076,-0.0250720828771591,0.0677317662283778,0.0133656775295734,-0.0215735339045524,0.0602325014770031,0.0164871122688055,-0.0204179529100656,0.0636800066195428,0.1286924308866262,-0.0119087567195296,0.0942917913198471,-0.0183614492416381,-0.032152947038412
1774470792771710200,159.74471020507812,0.2125637232720851,-0.2144390156246721,-0.0857680659174919,-0.0142804784700274,0.0323193036019802,-0.0262976698577404,0.0638493718370795,0.0223211374014616,-0.0163800569146871,0.0529032126069068,0.0095881922170519,-0.0317097567021846,0.0890774827264249,0.1277133567214012,0.0131678168699145,0.0987661704421043,-0.0116204572841525,-0.0249754637479782
1774470792781737200,159.7547373046875,0.2099427271187305,-0.2216122682549059,-0.0903659151017665,-0.0183306634426116,0.0317319221794605,-0.0246604736894369,0.1097939614102244,0.0180512049973011,-0.0273398423463106,0.0472103357315063,0.0004100207006558,-0.0465236231684684,0.1005691830776631,0.1387725108742714,0.0461184848353266,0.0962678492069244,-0.0109498985111713,-0.0200550369918346
1774470792791764200,159.76476416015626,0.2075029327511787,-0.2217714774046093,-0.0776607473075389,-0.0185567662119865,0.0247991792857646,-0.027345472946763,0.1134931081891059,0.0117278471946716,-0.0462660766124725,0.0404544286429882,-0.0065698577091097,-0.0582545809447765,0.1210652970090508,0.1393517720669508,0.0840752905249595,0.0902456417679786,-0.0175840985029935,-0.0127204246819019
1774470792801791200,159.77479125976564,0.1938514240175485,-0.2291870143581181,-0.0793044228613376,-0.0205138474702835,0.0256361775100231,-0.0337615236639976,0.0936763548240065,0.0096878657996654,-0.075208093458414,0.0366542004048824,-0.0163949374109506,-0.0692134499549865,0.1175593347147107,0.1385486389905214,0.114302378745377,0.0829787328839302,-0.0234273020178079,-0.0051864678971469
1774470792811818200,159.784818359375,0.1836678836554288,-0.2287928274087607,-0.0738549252837896,-0.0244816914200782,0.0241890158504247,-0.0352757945656776,0.0937187326610088,0.014399696752429,-0.0679448244571685,0.0338962338864803,-0.0245793648064136,-0.0765677690505981,0.1085433768272399,0.152583594083786,0.1483662686496973,0.0756632983684539,-0.0436910316348075,-0.0029534078203141
1774470792821845200,159.79484521484375,0.1659212145626545,-0.2469315645590424,-0.0756973382800817,-0.0259344205260276,0.0290799885988235,-0.0369552597403526,0.0769543526038527,0.0351636678397655,-0.0766425101757049,0.0321433804929256,-0.0298138130456209,-0.0804685950279235,0.1431798059225082,0.1160065523147582,0.1940498691990971,0.0664080679416656,-0.0561295263469219,0.0030095824040472
1774470792831872300,159.80487231445312,0.1826069764256477,-0.2453896688792854,-0.0542950692892074,-0.0263789016753435,0.0286288484930992,-0.0415404252707958,0.0799064804077148,-0.0016401684224605,-0.0890127469271421,0.0298828892409801,-0.031164301559329,-0.0821913927793502,0.1292132398903369,0.0963420669019222,0.2200496951133012,0.0529801398515701,-0.0766947269439697,0.0089524257928133
1774470792841899300,159.8148991699219,0.173840901646018,-0.2528798785042017,-0.0797930831611156,-0.0264130216091871,0.0251032952219247,-0.0452288389205932,0.0719327250495553,-0.0161491707682609,-0.0687760145843029,0.0283915400505065,-0.0332884900271892,-0.0819579884409904,0.1416062729954719,0.0860983207851648,0.1977884712055325,0.0391209423542022,-0.0963710993528366,0.0146821094676852
1774470792851925200,159.82492529296874,0.1809907734006643,-0.2777121950089931,-0.0819891319006681,-0.0260404460132122,0.0311523992568254,-0.0481711030006408,0.0671837769567966,-0.0243488438367843,-0.0449567475795745,0.0276306755840778,-0.03382059186697,-0.0793811082839965,0.1482343128331005,0.0520750551521778,0.2113788974016904,0.0227273218333721,-0.1017008870840072,0.0217091254889965
1774470792861952000,159.83495190429687,0.2122197321400046,-0.3057131316125392,-0.0828670837789773,-0.0264292862266302,0.0339102745056152,-0.0516195371747016,0.0721992670312523,-0.0491822563201189,-0.0321896204650402,0.0247755199670791,-0.0336865037679672,-0.0762844309210777,0.1269920567095279,0.0161795659065246,0.1818298545733094,0.008695394732058,-0.1155633628368377,0.0273180995136499
1774470792871979300,159.84497924804688,0.2228898869752884,-0.2990961246255785,-0.0619587357848882,-0.0320126041769981,0.0335755161941051,-0.059328056871891,0.0644733489543199,-0.0658937371462583,-0.0241202957779169,0.0234183724969625,-0.0349272713065147,-0.0758761689066886,0.1145838260352611,0.0099351185590028,0.1533656843721866,-0.0038052171003073,-0.1302341818809509,0.0289474222809076
1774470792882006300,159.85500634765626,0.2183364614546299,-0.2719078195791691,-0.0710842915266752,-0.0276619121432304,0.0292033366858959,-0.0615439936518669,0.064396776586771,-0.0887643251240253,-0.0044447044491767,0.0230599101632833,-0.0372629426419734,-0.0763897895812988,0.1118459255039691,-0.0038467385560274,0.172529819047451,-0.0140774538740515,-0.141151949763298,0.0277283061295747
1774470792892033000,159.8650329589844,0.2416501170247793,-0.2250564904246479,-0.0874661020070314,-0.0308955237269401,0.0272517688572406,-0.0633778497576713,0.0361953489750623,-0.1054126775860786,0.0126700964808464,0.0241451486945152,-0.0378128886222839,-0.0745990797877311,0.1084555524133145,-0.0103740944981575,0.1334457628935575,-0.0243194382637739,-0.1493536829948425,0.0267109777778387
1774470792902060300,159.87506030273437,0.2604822432667016,-0.1826991116885095,-0.1008282724052667,-0.0351630374789238,0.0210988856852054,-0.0654221773147583,0.0337412338212132,-0.1094692595005035,0.0126934773564338,0.0250633265823125,-0.0407543405890464,-0.0735504105687141,0.0968656523846089,-0.0234983644872903,0.1165799682885408,-0.0288858041167259,-0.1531331092119217,0.0244149882346391
1774470792912087300,159.88508740234374,0.243062321910262,-0.1589011797327548,-0.1098223107218742,-0.0322852246463298,0.0211590733379125,-0.0707194656133651,0.0164028532683849,-0.1019885483562946,0.0150531922250986,0.0295606069266796,-0.0449067428708076,-0.0690187737345695,0.0790459180556237,-0.0148240596443414,0.0819131440550088,-0.0343857631087303,-0.15142522752285,0.0188801418989896
1774470792922113300,159.89511328125,0.2474965049654245,-0.1572630571369081,-0.1297375560253858,-0.0333576053380966,0.015060132369399,-0.0706837475299835,0.0219596106126904,-0.0895142667084932,0.0323889424294233,0.0332749746739864,-0.0489118434488773,-0.0662363693118095,0.0856418091893196,0.0044558103650808,0.0334317294806241,-0.0346177779138088,-0.1440158933401107,0.0168686900287866
1774470792932140000,159.90514013671876,0.2384323240220546,-0.1788322801925241,-0.1592781232863664,-0.0337637364864349,0.0149386916309595,-0.0727871134877204,0.0215747029483318,-0.0975578724324703,0.0517009611427784,0.0384542904794216,-0.0520330667495727,-0.0599606372416019,0.0574723841510713,-0.0002753098100423,0.0144449971988797,-0.0343077890574932,-0.1270211935043335,0.0191459581255912
1774470792942167300,159.91516723632813,0.246042799025774,-0.1812607494484633,-0.1576017145067453,-0.0299535617232322,0.0118576344102621,-0.0806543081998825,0.0149862644687294,-0.1020487541109323,0.0624994185328483,0.0445524007081985,-0.0560191869735717,-0.0588102228939533,0.0402324955366551,0.0072474869102239,-0.0274137843653559,-0.0319896638393402,-0.1175537481904029,0.0169141013175249
1774470792952194300,159.9251943359375,0.2380535538375377,-0.1791689648009836,-0.1602443379700183,-0.0294086784124374,0.0081523787230253,-0.0797507017850875,0.0138064070343971,-0.1067231756627559,0.082621584585309,0.0556410029530525,-0.062299720942974,-0.05414729565382,0.070844053030014,0.0006084872871637,-0.0638449879229068,-0.0274705458432436,-0.1095107346773147,0.0099976062774658
1774470792962221000,159.93522094726563,0.2255617365330457,-0.1968872845821082,-0.1405827751666307,-0.0278161261230707,0.005793054588139,-0.0839177146553993,-0.0016726093873381,-0.1237877077102661,0.1144967322736978,0.0632204562425613,-0.0692736357450485,-0.0528330132365226,0.0947470527954399,-0.011848258703947,-0.0402832028105855,-0.0244927071034908,-0.1010087206959724,0.0073277093470096
1774470792972248000,159.945248046875,0.2333393847972154,-0.192065709644556,-0.0979980174154043,-0.0278281103819608,0.0064580459147691,-0.0877761021256446,-0.0333376214563846,-0.1594049645364284,0.1167863045156002,0.0720104873180389,-0.081478901207447,-0.0477535650134086,0.0660961278505623,0.0122393038481473,-0.0287841959357261,-0.0199719909578561,-0.0951122194528579,0.0057034473866224
1774470792982275300,159.955275390625,0.2325239767611026,-0.1966980456203222,-0.0813642780005931,-0.0255881063640117,0.006455912720412,-0.0872238203883171,-0.0567258035674691,-0.2075444338053464,0.0968780734747648,0.077875941991806,-0.0884181782603263,-0.0449798516929149,0.0695277097344398,0.0224625916987657,-0.0641989159271121,-0.0154575603082776,-0.0942476540803909,0.0006365636363625
1774470792992302000,159.96530200195312,0.2264326741486787,-0.1949350545357912,-0.0515454783201217,-0.0251457560807466,0.004960548132658,-0.0899335816502571,-0.1011117655217647,-0.2320657115995884,0.068496028599143,0.0793353542685508,-0.0918741598725318,-0.0421286709606647,0.0837546802684664,0.0323725758165121,-0.0623679011076688,-0.0063599357381463,-0.0963012129068374,-0.0024700136855244
1774470793002328000,159.975328125,0.2266974625647068,-0.1854346741322428,-0.0211117616117,-0.0240966752171516,0.0048755393363535,-0.0908291041851043,-0.1066924882635474,-0.2443354105859994,0.0343126039683818,0.0732416883111,-0.0861221551895141,-0.0453086383640766,0.0882578369066119,0.0259264684170484,-0.0455514986023306,0.0015447514597326,-0.1005371063947677,-0.0051505621522665
1774470793012355000,159.98535498046874,0.2297381454348564,-0.1583194343220442,-0.01872457421422,-0.0222955793142318,0.008778135292232,-0.0961983054876327,-0.0971545523285865,-0.2424626024514436,-0.001146831947565,0.0616670623421669,-0.0794187113642692,-0.0498234927654266,0.087983403879404,0.0306114113628864,-0.0483963666394352,0.0118242865428328,-0.1016897186636924,-0.0086198626086115
1774470793022382300,159.99538232421875,0.2372232404932379,-0.1405386437639594,-0.0288999312698841,-0.0214133132249116,0.0056117991916835,-0.0957995131611824,-0.054855333520472,-0.218369779202342,-0.0134065940618515,0.0487653762102127,-0.0687758475542068,-0.0584058947861194,0.0843261965461075,0.0368260480940341,-0.0517769489884376,0.0222982857376337,-0.0990826860070228,-0.0118961762636899
1774470793032409000,160.0054091796875,0.22871493986696,-0.1354373020369559,-0.0467997450977563,-0.025535088032484,0.0103458343073725,-0.095659963786602,-0.0260264216601848,-0.1550040992289781,-0.0484662170052528,0.0353038981556892,-0.0561324879527092,-0.0645250380039215,0.0783025523424148,0.0551531474232673,-0.057848670117557,0.0407566539943218,-0.0916676446795463,-0.0156706757843494
1774470793042436000,160.01543603515626,0.2273433592528104,-0.1234317338794469,-0.0419604883730411,-0.0300164874643087,0.0086296517401933,-0.0904228165745735,0.0118353992223739,-0.054086979496479,-0.0517301872372627,0.0217027850449085,-0.0412396304309368,-0.0782568156719207,0.0871627351462841,0.0585299303799867,-0.0299064779639244,0.0602880120277404,-0.0730106085538864,-0.0177103895694017
1774470793052463400,160.02546337890624,0.2482166359335184,-0.1078144049655646,-0.0358674321949481,-0.0275251008570194,0.00861207395792,-0.0842504128813743,0.0192646724402904,0.0335907194346189,-0.0791594614326953,0.0056700222194194,-0.0266817267984151,-0.0898229256272316,0.0915020795248448,0.0702338121771812,-0.0227905084788799,0.0812156647443771,-0.0494368374347686,-0.0144115332514047
1774470793062490000,160.03548999023437,0.2301590011954307,-0.1104543250150978,-0.0503974773287773,-0.0270366184413433,0.0081733874976634,-0.0785154923796653,0.104029991056025,0.0937158100515603,-0.0886111803889274,-0.0084860315546393,-0.0201694443821907,-0.1009728983044624,0.0847298089109361,0.1315969201564788,-0.0317272636502981,0.0969846695661544,-0.0198881495743989,-0.0091210044920444
1774470793072517000,160.04551708984374,0.2440530865132808,-0.1055837233040481,-0.04945990421772,-0.0246815849095582,0.005122204311192,-0.0750094354152679,0.1556429816544055,0.1405734228163957,-0.0892033010631799,-0.0184856690466403,-0.0224837325513362,-0.1108044907450676,0.0782210115388035,0.1974777978211641,0.0234907657027244,0.1080868542194366,0.0074401441961526,-0.0017443150281906
1774470793082543000,160.05554321289063,0.2593944480299949,-0.0936995895691216,-0.0432464365303516,-0.0259883068501949,0.0066178296692669,-0.0732147321105003,0.2102130684927105,0.1895832451790571,-0.0707704032719135,-0.0239501278847455,-0.0310195405036211,-0.1191110089421272,0.078387892538309,0.227782335191965,0.0788458654388785,0.1141153424978256,0.016847925260663,0.0049641402438282
1774470793092570000,160.06557006835936,0.2382572597160935,-0.1013856140270829,-0.0752069244146347,-0.0245810933411121,0.0058705466799438,-0.0681749656796455,0.2630649532362819,0.2123082872062921,-0.0352864174365997,-0.0216201283037662,-0.0495769791305065,-0.1222857609391212,0.0940028102993965,0.2221709250509738,0.1371221133187413,0.110112078487873,0.0165264811366796,0.0163089409470558
1774470793102597000,160.07559716796874,0.2168582055956125,-0.1196658785399049,-0.0913110869973897,-0.0239053834229707,0.0043338178656995,-0.0618887618184089,0.2701265621855855,0.2410235095590353,0.0073562079817056,-0.01357879396528,-0.0743561685085296,-0.1188643798232078,0.1158354335315525,0.245162509059906,0.2312999879240989,0.0990805253386497,0.0064694071188569,0.0248267296701669
1774470793112624000,160.0856240234375,0.2289122160047292,-0.1217991642415523,-0.1060077208697795,-0.0228859260678291,0.004352992400527,-0.0548553541302681,0.2579460027873516,0.2517658528476953,0.0489817653119564,0.0002848238218575,-0.1006935015320777,-0.1063629686832428,0.1496761822044849,0.2317337031662464,0.2737789472132921,0.076211430132389,-0.0175570994615554,0.0333203487098217
1774470793122651100,160.09565112304688,0.2257680727601051,-0.1128684004195034,-0.1104015719145536,-0.0198830850422382,0.0078098960220813,-0.0481432378292083,0.1921764765426516,0.1792109042465686,0.0592611672639846,0.0139035331085324,-0.1231695786118507,-0.0872220918536186,0.1759098168745637,0.18034604575634,0.3595274316474795,0.0476609542965889,-0.0435187891125679,0.0424645841121673
1774470793132678100,160.10567822265625,0.2107441066294908,-0.1049372420940548,-0.1066015951097011,-0.0193999875336885,0.0038002403452992,-0.0447506383061409,0.1415294083669781,0.0946188963711261,0.0661485886901617,0.0262329019606113,-0.1409096866846084,-0.0594067126512527,0.1944669255673885,0.1002355672091245,0.394323727479577,0.0092342039570212,-0.0837482362985611,0.0473296456038951
1774470793142705200,160.115705078125,0.2003939775288105,-0.1100871722031384,-0.1054471643775701,-0.0123618021607398,0.0025269538164138,-0.0398546494543552,0.0557633882761001,-0.0113753804951906,0.0872550896048545,0.0384991355240345,-0.1593786627054214,-0.0283083040267229,0.2268997071385383,0.0253138894766569,0.3851259832844138,-0.039927527308464,-0.1200248822569847,0.0505657270550727
1774470793152732200,160.12573217773436,0.1974894882589578,-0.1352929981954395,-0.1063303769528865,-0.0109447333961725,0.0031879502348601,-0.0380237251520156,-0.011548106713593,-0.1372925014495849,0.1122901621401309,0.0540514662861824,-0.1688320934772491,0.0066531430929899,0.208127202129364,-0.0906184285581111,0.3551324115589261,-0.0890655070543289,-0.1648141890764236,0.0472655370831489
1774470793162758100,160.1357580566406,0.2129185280591249,-0.1502888342101127,-0.0967272668272256,-0.0058962451294064,0.0089428536593914,-0.0369028896093368,-0.052580082064867,-0.2584247262150049,0.074023852109909,0.0671724453568458,-0.1684298813343048,0.0404283069074153,0.2428597850754857,-0.160448336109519,0.3177221338361501,-0.1330250352621078,-0.215980052947998,0.033949464559555
1774470793172785400,160.14578540039062,0.227750771009922,-0.1642899600990116,-0.0962988122820854,-0.003826703177765,0.0158508270978927,-0.0327590107917785,-0.0894730579152703,-0.3925643165916204,0.0162298347890377,0.0782786235213279,-0.1601120233535766,0.075696550309658,0.2560856157429516,-0.1769979043722152,0.3124526690006255,-0.1722848266363144,-0.2518088817596435,0.0222438089549541
1774470793182812200,160.1558122558594,0.24496844779253,-0.1594747418370097,-0.1061480061233043,-0.0051031098701059,0.0228747352957725,-0.0322595052421093,-0.1245771045222878,-0.4749029925823211,-0.0189630591452121,0.0835020914673805,-0.1461396962404251,0.1125714406371116,0.2026782890737056,-0.1902262192577123,0.2366024782463908,-0.211868941783905,-0.2821263074874878,0.0092383716255426
1774470793192839200,160.16583911132813,0.2530652450084686,-0.1547798620190471,-0.1153892971992492,-0.003888442646712,0.031873557716608,-0.0334502048790454,-0.174290398979187,-0.5339683450132608,-0.013384966751933,0.0866278484463691,-0.1215400770306587,0.1451970338821411,0.1424826174385845,-0.2569733583629131,0.1353358144238591,-0.2287600338459015,-0.2930750846862793,-0.0120171150192618
1774470793202866200,160.1758662109375,0.2598667417168617,-0.1657772029820829,-0.1318178694307804,-0.0042014396749436,0.0414785481989383,-0.0332965813577175,-0.1914011082559824,-0.5370248099744319,-0.0241705646604299,0.0826338753104209,-0.0931090116500854,0.1703217774629593,0.1191398819044232,-0.3167699476778507,0.1519505568772554,-0.2302893251180648,-0.286559522151947,-0.0402917079627513
1774470793212893200,160.18589306640624,0.267175018903613,-0.1783402588918805,-0.1658861432492732,-0.0079679479822516,0.0443520992994308,-0.0353727824985981,-0.2140916634917259,-0.5464239219605922,-0.0356546662271022,0.0754558593034744,-0.0600695721805095,0.1855968832969665,0.0890004719674587,-0.3540682894587517,0.0785343152716755,-0.2214636206626892,-0.2604807615280151,-0.0691028460860252
1774470793222920200,160.1959201660156,0.2554626615390181,-0.1930610773574561,-0.1846697541743517,-0.0133451903238892,0.0479309931397438,-0.0364245697855949,-0.2211854211449622,-0.5153121598601341,-0.0565185905575752,0.0651119425892829,-0.0287567153573036,0.192132294178009,0.0196982415519654,-0.3639911330580711,0.0008767828345298,-0.2122619003057479,-0.2002717554569244,-0.090209275484085
1774470793232947200,160.205947265625,0.2697492533057928,-0.2074525177381932,-0.2049012258201837,-0.017967639490962,0.0440467745065689,-0.0382453724741935,-0.1958978351533412,-0.4308411480158567,-0.0202004919856786,0.0528432875871658,0.0004485742538236,0.1858600229024887,-0.0547942509829997,-0.3093815909922123,-0.0754161832511425,-0.195726603269577,-0.1369692236185073,-0.1143084913492202
1774470793242973200,160.21597314453126,0.2701940744638443,-0.2035154705502092,-0.1930938836485147,-0.0238677822053432,0.0337624326348304,-0.0415218584239482,-0.1746717995122075,-0.32618951793015,-6.8973582983e-05,0.038240622729063,0.0268808510154485,0.1739370971918106,-0.0471393523156642,-0.2453162383168935,-0.1124769168838858,-0.1698286980390548,-0.0680127665400505,-0.1344627439975738
1774470793253000000,160.226,0.2432595980480313,-0.1928047645088285,-0.1848737523138523,-0.0272222999483346,0.0275077354162931,-0.0433807447552681,-0.1794660480514168,-0.247931973773241,0.0083639237195253,0.0226574018597602,0.0498165264725685,0.1560750007629394,-0.0705740039169788,-0.1784293984800577,-0.0798980048403143,-0.1450437307357788,0.0013657761737704,-0.1521032452583313
1774470793263027000,160.23602685546874,0.2388084638580679,-0.1862610419537872,-0.1586491777330637,-0.029330926015973,0.0211432259529829,-0.0419779866933822,-0.1645914272636175,-0.1609913569450378,0.0300000014662742,0.0081635527312755,0.0727029517292976,0.1332943439483642,-0.0995113445878028,-0.082934888318181,-0.1029211530312895,-0.1202830970287323,0.0753449574112892,-0.157905712723732
1774470793273054200,160.24605419921875,0.2311146944850683,-0.1891401775866746,-0.1059971994757652,-0.0340644307434558,0.0165175814181566,-0.0420541539788246,-0.1351721482947468,-0.0673503656953573,0.0290969151467084,-0.004588727839291,0.0861646980047226,0.1077114790678024,-0.1189595569014549,0.0426882181257009,-0.0840606774777174,-0.0925041958689689,0.1454691737890243,-0.1625619828701019
1774470793283081000,160.2560810546875,0.2058843916386366,-0.1860045829746872,-0.0393535207450389,-0.0344327837228775,0.0109844952821731,-0.0439837574958801,-0.079902388754487,-0.0001952303111553,0.0453910473436117,-0.0139827132225036,0.0964571088552475,0.0797057822346687,-0.1326668874755501,0.1616916141688823,-0.0199015090391039,-0.0719038993120193,0.1995700299739837,-0.1602149158716201
1774470793293108000,160.26610791015625,0.1744876751169562,-0.1814827216360718,0.0156336224615573,-0.0310915801674127,0.0076595391146838,-0.046747587621212,-0.0402589451521635,0.0477805728286504,0.0636690468341112,-0.0241264291107654,0.0987125411629676,0.0497659929096698,-0.124612175835669,0.2782546313226223,0.0675064330399036,-0.0488670207560062,0.2285106033086776,-0.1531247794628143
1774470793303135200,160.27613525390626,0.1759399197518825,-0.175810813479498,0.0651151539891958,-0.0265562441200017,0.0002673254348337,-0.0500610172748565,0.0040589200019836,0.0699573333233594,0.0507715713381767,-0.034245990216732,0.0955351367592811,0.0209222808480262,-0.0873056507483124,0.3528226733118295,0.1594979035168886,-0.0353445000946521,0.2390250861644745,-0.1432946473360061
1774470793313162000,160.28616186523436,0.163178637856245,-0.1771862665511667,0.0905704977631568,-0.0222802720963954,0.0014870534650981,-0.0524272359907627,0.0397808062463998,0.0828805277824401,0.0157663089305162,-0.0453934483230114,0.0851884856820106,-0.0001907278783619,-0.0248445183992385,0.4094418016344308,0.2350128709673881,-0.0254037212580442,0.2260786592960357,-0.134427398443222
1774470793323188000,160.29618798828125,0.1441550806954503,-0.1714837440606206,0.1188987666249275,-0.0149306710809469,-0.0075240526348352,-0.056134320795536,0.0587578939169645,0.158210201793909,9.06008929014e-05,-0.0572689995169639,0.0746321976184845,-0.0137008214369416,0.0381087813809514,0.4347060067504644,0.3009992548331618,-0.0237574633210897,0.1951243132352829,-0.1218677684664726
1774470793333215000,160.30621508789062,0.1136731409311294,-0.1653237601261586,0.139985393795371,-0.0082903448492288,-0.0116050811484456,-0.0591199845075607,0.0948766705244779,0.2499053196728229,-0.0050572833895683,-0.066744789481163,0.0445296876132488,-0.0074304081499576,0.0846025292694568,0.4396078073173761,0.3442255253583192,-0.0251076854765415,0.1551350802183151,-0.1042735949158668
1774470793343242200,160.3162421875,0.1026134022563695,-0.1714139667600393,0.1321907943964004,-0.0069937775842845,-0.0149208363145589,-0.0595555678009986,0.2636225871190428,0.3517430613815784,0.0524666848182678,-0.0628956854343414,0.0004165481659583,0.0069074248895049,0.1111062130525708,0.4489209945857524,0.3774970958411693,-0.036769188940525,0.115197479724884,-0.0882247239351272
1774470793353269000,160.32626904296876,0.0954150151848793,-0.182241796375066,0.0865238527208566,-0.0039673615247011,-0.0071217697113752,-0.0599936582148075,0.5169055665314197,0.4717185173273086,0.1182715746372938,-0.0503266304731369,-0.0456393621861934,0.0111855268478393,0.1289616032168269,0.4223135581672191,0.3537228370219469,-0.0438457392156124,0.0666994601488113,-0.0721626654267311
1774470793363296000,160.3362958984375,0.0935305166125297,-0.1761000056844204,0.0459603716641664,0.001702518435195,0.0030126729980111,-0.0641974955797195,0.6482493887096643,0.4063432510972022,0.1050578727990388,-0.0418484359979629,-0.0919640138745307,0.0087797734886407,0.1983332456067204,0.3709703244209289,0.3415025301352143,-0.0666913464665412,0.0345498174428939,-0.0540002956986427
1774470793373323000,160.34632299804687,0.1127665474802255,-0.1771755259614437,-0.0309995338976383,0.0022684400901198,0.0119941839948296,-0.0651639550924301,0.6385802276104688,0.2476549103975296,0.052160395348072,-0.0457728691399097,-0.1280889958143234,0.0009860327700152,0.2301142852708697,0.277257436978817,0.3427157053172588,-0.0973536521196365,0.0041642133146524,-0.0413625314831733
1774470793383350000,160.35635009765625,0.132003162869811,-0.1829945144385099,-0.1290343761920928,-0.0016101049259305,0.0183588787913322,-0.0682452544569969,0.5593930013880133,0.1197159282267093,-0.0460521416008472,-0.0593313723802566,-0.1544413417577743,-0.0052809249609708,0.2657154677450656,0.1570394044488668,0.3128217945739627,-0.1502902060747146,-0.0220639798790216,-0.0404160358011722
1774470793393377000,160.366376953125,0.164881350120902,-0.1873571666274219,-0.1838946781486272,-0.0098075810819864,0.0249765682965517,-0.0658127218484878,0.4607283367574215,0.0616372487455606,-0.110727150607109,-0.0642997696995735,-0.1776086986064911,-0.0120895626023411,0.2673286020301282,-0.0753986475944519,0.33106647631675,-0.2247846722602844,-0.0390853062272071,-0.0499118007719516
1774470793403403000,160.37640307617187,0.1915337947249412,-0.1896090372074395,-0.2278518932968378,-0.0115398494526743,0.030314415693283,-0.0630790516734123,0.3884142111748456,0.0123100309967994,-0.144368138924241,-0.0692276805639267,-0.1956569552421569,-0.0177210811525583,0.3280509278878569,-0.2793716526538133,0.3303679726585745,-0.3070171773433685,-0.063433289527893,-0.0727608725428581
1774470793413430000,160.38642993164063,0.2023573865562677,-0.1612204895257949,-0.2584311559557914,-0.0201682262122631,0.0388748794794082,-0.0592853836715221,0.3319885595977306,-0.0471346761405468,-0.2016062759280204,-0.073947861790657,-0.2025217711925506,-0.0241914987564086,0.3672372753724455,-0.3440869936704635,0.3210948251396417,-0.3926023840904236,-0.1001143455505371,-0.0970851182937622
1774470793423457000,160.39645703125,0.2175163772433996,-0.1399137898638844,-0.3118903589427471,-0.0262600500136613,0.0497631281614303,-0.0574181526899337,0.2689087108284235,-0.0707440997868776,-0.2332791790425777,-0.0802682787179946,-0.2044975310564041,-0.0316795520484447,0.3205564804792404,-0.370610258936882,0.3233852741643786,-0.4669781923294067,-0.1190657615661621,-0.1189526543021202
1774470793433484000,160.40648413085938,0.2508253571271896,-0.1130759787555783,-0.3287380333691835,-0.0301163084805011,0.0601451955735683,-0.056921474635601,0.1871615709900856,-0.0954781435489654,-0.2561877609431743,-0.0849810093641281,-0.198954164981842,-0.0453966930508613,0.2115899098038673,-0.4196276800841093,0.3201286104559898,-0.5308520197868347,-0.1334753334522247,-0.1367050111293792
1774470793443511000,160.41651098632812,0.2776484821230173,-0.067649713968113,-0.3518798395037651,-0.031534094363451,0.0704747289419174,-0.0583984404802322,0.0868921015113592,-0.0845960995286703,-0.2128711817860603,-0.0854185670614242,-0.1889440566301345,-0.0617070533335208,0.1316521574750542,-0.4692015660703182,0.333239144180715,-0.5788789987564087,-0.1489303261041641,-0.1572111994028091
1774470793453538000,160.4265380859375,0.295038300602138,-0.0716629681974649,-0.3484586328834295,-0.0327045544981956,0.0826379209756851,-0.061541236937046,0.0374018021553754,-0.034013913282752,-0.1893032591938972,-0.0780338943004608,-0.1850947141647339,-0.0721194818615913,0.1160793252900242,-0.4768634790003299,0.3626595921933651,-0.6211260557174683,-0.1562359184026718,-0.1778728067874908
1774470793463565000,160.43656494140626,0.3060489394381642,-0.1100077502913773,-0.3350491162121295,-0.0302123967558145,0.0874083936214447,-0.0673356503248214,-0.0076250880509614,0.0300280585169792,-0.1393675541579723,-0.0621652156114578,-0.1966750174760818,-0.0733089298009872,0.1160474688470363,-0.4575128818422556,0.3364084218665957,-0.6583632826805115,-0.1590684950351715,-0.1895160973072052
1774470793473591000,160.44659106445312,0.3146811587050557,-0.1342292414214461,-0.2839841148853302,-0.0265106037259101,0.0826139077544212,-0.0654826238751411,0.0324549934029579,0.1578407839596271,-0.0449994176775217,-0.0286179091781377,-0.2356727570295334,-0.0635164901614189,0.0886266702190041,-0.4176765460163354,0.2890858219385147,-0.6964967846870422,-0.1599577218294143,-0.1938184350728988
1774470793483618000,160.4566181640625,0.3221338127985596,-0.1558086936101317,-0.2109258929371833,-0.0262530371546745,0.0744226574897766,-0.0673674568533897,0.2586737325400114,0.325545959329605,0.0944943932086229,0.0209451168775558,-0.3049546480178833,-0.0465335063636302,0.0957622211873531,-0.3511263907879591,0.2424792613252997,-0.7334730625152588,-0.1660497784614563,-0.1870273947715759
1774470793493645000,160.46664501953126,0.3359595090553164,-0.1903952191490679,-0.1238748014718294,-0.0253646038472652,0.0696409493684768,-0.0737284123897552,0.42615386698246,0.4289817838847637,0.1501093129247427,0.0708096101880073,-0.3779052793979645,-0.0295542553067207,0.0563128388524055,-0.3149140906780958,0.1799462327837944,-0.7759262323379517,-0.1766931116580963,-0.1845005750656128
1774470793503672000,160.47667211914063,0.3431257474228739,-0.2369473461613059,-0.06258943490386,-0.0288718864321708,0.0627521649003028,-0.0787509381771087,0.4385790487915277,0.388641005668044,0.1431418119996786,0.1139992401003837,-0.4561254382133484,-0.0040534399449825,0.0648478813551366,-0.3332663244485855,0.1055035707399249,-0.8241704702377319,-0.1989765465259552,-0.1815644055604934
1774470793513699000,160.48669897460937,0.3156657858282327,-0.2599765587668866,-0.0149409640222787,-0.0320042967796325,0.0593481138348579,-0.0839430391788482,0.5356815786719322,0.3503881396412849,0.1361222886264324,0.147986501455307,-0.5411260724067688,0.0269553437829017,0.1203951426625251,-0.4136719865500927,0.0495727169424295,-0.8913210034370422,-0.1944726109504699,-0.1866747438907623
1774470793523726000,160.49672607421874,0.3056938423901796,-0.2546875855132937,0.0394277550250291,-0.0385588556528091,0.0551235526800155,-0.0882550328969955,0.6536082853943109,0.3031803982645273,0.1382154615134,0.1770925819873809,-0.6148452162742615,0.048757467418909,0.1159026535488665,-0.5710013138562441,0.0055693245649337,-0.9853848218917848,-0.1978586018085479,-0.197573721408844
1774470793533753000,160.50675317382812,0.2914244940191507,-0.2235541230376809,0.0771685798764228,-0.0444726720452308,0.0437582470476627,-0.0909341722726821,0.6444722082585096,0.2381786415219307,0.1536450858354568,0.2051958590745926,-0.6642244458198547,0.0649849101901054,0.0672578651063144,-0.7628823145836592,0.034968729789555,-1.081579327583313,-0.2411008775234222,-0.2149577587842941
1774470793543780000,160.51678002929688,0.2931073325395584,-0.2165161141596734,0.0958013841539621,-0.0477033294737339,0.035360112786293,-0.0992094278335571,0.5455705200016499,0.1233376258552074,0.092668346825242,0.2244024872779846,-0.6971449851989746,0.0809026360511779,0.0402970852054655,-0.8293219951748847,0.1911585316717624,-1.1856900453567505,-0.3240467309951782,-0.2387196123600006
1774470793553806000,160.52680615234374,0.3158639387488365,-0.225834927451238,0.084999419632554,-0.0485414266586303,0.0301184803247451,-0.104473166167736,0.4429106482550501,-0.0304699570655822,-0.0024386253237724,0.2316739857196808,-0.6999769806861877,0.0988835021853447,0.0645300475776195,-0.9529822771131992,0.3347735141411423,-1.3187812566757202,-0.4193189144134521,-0.2766547501087188
1774470793563833000,160.5368330078125,0.3141641490936279,-0.1946786686219274,0.0674696081608533,-0.0506071746349334,0.0240703597664833,-0.1085455939173698,0.3121767746686935,-0.1980763482362031,-0.0364823492228984,0.2370567470788955,-0.6781118512153625,0.1161286756396293,0.0711924280762672,-1.1568752026736735,0.5302189293518662,-1.4560774564743042,-0.5600764155387878,-0.3400964140892029
1774470793573860000,160.54686010742188,0.3087012075126171,-0.1502530322443693,0.0135451257497072,-0.0504812076687812,0.0135487411171197,-0.1133541986346244,0.1688414859235286,-0.2796475469857454,-0.1286953534960746,0.2491413801908493,-0.641022801399231,0.1294359564781189,0.2003020614616572,-1.3475456585675478,0.7854077423855662,-1.5757020711898804,-0.7618612051010132,-0.4265785813331604
1774470793583887000,160.55688720703125,0.3025157968759536,-0.1383999512348324,-0.0696849461227655,-0.0493549555540084,0.0109321856871247,-0.113653540611267,-0.0374368734687566,-0.3990905034899711,-0.1149146654248237,0.2627756893634796,-0.5936204195022583,0.1501108705997467,0.2907739211559295,-1.404015733808279,1.0462743087947368,-1.6972274780273438,-1.0133638381958008,-0.5194893479347229
1774470793593914000,160.5669140625,0.2702724003970623,-0.1367233963247388,-0.1046837787896394,-0.0507983900606632,-0.0011132918298244,-0.1175793036818504,-0.1001420437067747,-0.4642144253075123,-0.2934364183634519,0.2733846306800842,-0.5545795559883118,0.1727490723133087,0.2615177237942814,-1.4015081349015237,1.2302291926980018,-1.8224709033966064,-1.2756119966506958,-0.6185951828956604
1774470793603940900,160.57694091796876,0.2239525477707385,-0.1486764305774122,-0.1225613807857036,-0.0492051728069782,-0.0082989642396569,-0.119617760181427,-0.1708805905357003,-0.4859907883077859,-0.3498451188057661,0.284321665763855,-0.5225997567176819,0.1973383575677871,0.1651997684203088,-1.3466677066892383,1.3294421388611195,-1.919336199760437,-1.5475327968597412,-0.7217887043952942
1774470793613968100,160.58696801757813,0.223858439746499,-0.1461526842534542,-0.1199006371438503,-0.0463814251124858,-0.0133421914651989,-0.1233152970671653,-0.1836351504296064,-0.4242565089285373,-0.4399059134811163,0.2826430797576904,-0.4932504296302795,0.1935135126113891,0.1273066756166517,-1.3586802160441875,1.4192133029401302,-1.971108078956604,-1.7929989099502563,-0.8211498856544495
1774470793623995100,160.5969951171875,0.2243342405647039,-0.1335102064318954,-0.0881897401064634,-0.0488414987921714,-0.0145249711349606,-0.1268939673900604,-0.2491588852196931,-0.4274380615741014,-0.3971294325500726,0.2995232939720154,-0.4438304007053375,0.1882789880037307,0.1296456399582326,-1.3809014002025126,1.4457278003782033,-2.0083911418914795,-1.9817142486572263,-0.9169121980667114
1774470793634021000,160.6070212402344,0.2065425632864236,-0.1235005613319575,-0.0080722472965717,-0.0553569234907627,-0.0164262019097805,-0.13179711997509,-0.4240291299134492,-0.52570788166821,-0.3816407715171575,0.2868485152721405,-0.4062542617321014,0.1647110730409622,0.0908919117372483,-1.4110826034545898,1.2824690830230712,-2.039278268814087,-2.122509717941284,-1.0106735229492188
1774470793644048000,160.6170478515625,0.2162760217934846,-0.1194009439934045,0.0512573090285062,-0.0547680966556072,-0.0128447832539677,-0.1376912295818328,-0.4568453578442334,-0.5635311241060496,-0.4488420841306447,0.2713544070720672,-0.3801828920841217,0.1362303793430328,0.0638976679582148,-1.3520254343301057,1.0410025058716534,-2.0766518115997314,-2.2244019508361816,-1.0867172479629517
1774470793654075100,160.6270751953125,0.1984706082507968,-0.1480603445056826,0.0551321046352386,-0.0591729655861854,-0.0181023962795734,-0.1417783796787262,-0.4300584732055664,-0.5269903226941823,-0.3468126192420721,0.2580292820930481,-0.3639690279960632,0.0989788770675659,0.0259375743329524,-1.1717635597258806,0.7876794867098331,-2.1253409385681152,-2.2658486366271973,-1.1409235000610352
1774470793664102100,160.63710205078124,0.1798936258137226,-0.1626160355374216,0.0482096118956804,-0.0597549080848693,-0.02140056155622,-0.1531148105859756,-0.3702273970991372,-0.4625228189587593,-0.238756149148941,0.2478340566158294,-0.3478673994541168,0.0452032275497913,-0.0552186230080667,-0.906081409728527,0.6612666911929845,-2.120119333267212,-2.2356619834899902,-1.1859067678451538
1774470793674129000,160.64712890625,0.1601753643870353,-0.1633330977655947,0.0205178873717784,-0.063686266541481,-0.0196215696632862,-0.1587378084659576,-0.3907271642923355,-0.4526128348410129,0.0847445680886507,0.2623277604579925,-0.3365391194820404,0.0051841735839843,-0.0732820938318967,-0.6347445949703454,0.6477092904835939,-2.0722365379333496,-2.1429851055145264,-1.2092922925949097
1774470793684156000,160.65715600585938,0.131141577604413,-0.1672956447210162,-0.0307429287880659,-0.0654709115624427,-0.0176726020872592,-0.1634237170219421,-0.3046101388067007,-0.3841922095656395,0.1392547414332628,0.2583246231079101,-0.3257208168506622,-0.0423934534192085,-0.0268342309117317,-0.4537590822666883,0.4708510868430137,-2.029442548751831,-1.978955626487732,-1.2151938676834106
1774470793694183200,160.66718310546875,0.1212590660154819,-0.1644319258529692,-0.0825941120564937,-0.0744441673159599,-0.0139313945546746,-0.1727841943502426,-0.3130503426328301,-0.2613625332325697,0.1828647505789995,0.2529229521751404,-0.3315081298351288,-0.0707385390996933,0.0173135749051347,-0.4270885174840688,0.0066875149399042,-2.009807586669922,-1.7860904932022097,-1.1995559930801392
1774470793704210000,160.6772099609375,0.1159369942098856,-0.1870220894541591,-0.1317272685378789,-0.0797387138009071,-0.0041728084906935,-0.1800351589918136,-0.2054652894437313,-0.0330085356324911,0.2500760000646114,0.2478718310594558,-0.3525143563747406,-0.0944179520010948,0.1373562143355607,-0.3196370275467634,-0.3895908537387847,-1.9854211807250977,-1.5789514780044556,-1.167845606803894
1774470793714236000,160.68723583984374,0.1094961475074291,-0.2199920466419309,-0.1567272697597742,-0.0875372514128685,0.007777061779052,-0.1918068528175354,-0.1717851381599903,0.0898094502627849,0.4824468320906162,0.2478041797876358,-0.3633560836315155,-0.106880746781826,0.2898427777856588,-0.0808855545729398,-0.6166705936193466,-1.967712163925171,-1.3839961290359497,-1.1317157745361328
1774470793724263000,160.6972629394531,0.1015463575467467,-0.2428030133869498,-0.1737958934605121,-0.0908799394965171,0.0214564576745033,-0.2002171874046325,-0.0747141724616289,0.1254500879645347,0.3899041574716568,0.2472072690725326,-0.3733635246753692,-0.1242288425564765,0.4076560872614383,0.0711708007663488,-0.7884393651664257,-1.9509669542312624,-1.2519567012786863,-1.0935750007629397
1774470793734290200,160.70729028320312,0.1096221119746565,-0.2506169750735164,-0.157113638728857,-0.0954035893082618,0.0259004738181829,-0.2108951359987259,-0.125874743117392,0.1279839903563261,0.3156377287775277,0.2220537215471267,-0.364976704120636,-0.1116051822900772,0.5746972457647324,0.0773480280965566,-0.9509732753783464,-1.9201939105987549,-1.1779173612594604,-1.067711353302002
1774470793744317000,160.71731689453125,0.0867988702699542,-0.2685208805546164,-0.1588765567481517,-0.0934883058071136,0.0344865918159484,-0.2223883420228958,-0.1801969926744699,0.0822024823904037,0.2472965984791517,0.2215215414762497,-0.345367819070816,-0.0866530463099479,0.7085831536412238,0.0917939020782709,-0.9899363355010748,-1.885847568511963,-1.1153497695922852,-1.0441604852676392
1774470793754344000,160.72734399414065,0.0817173292219638,-0.2987033259157091,-0.155108728647232,-0.0935812518000602,0.0471882708370685,-0.2310500144958496,-0.2019292242720723,0.0681932462602853,0.2950508678227663,0.2114550471305847,-0.3400662541389465,-0.0614171959459781,0.7834105772189796,0.0133604168325662,-0.9121978467822074,-1.8210994005203247,-1.102383017539978,-1.0082405805587769
1774470793764371200,160.73737109375,0.096722882913053,-0.3112855979826301,-0.1507248144745826,-0.0916153863072395,0.0700847804546356,-0.2475174069404602,-0.1215738310530781,0.1094400334060192,0.1814361790806055,0.2058115750551223,-0.3410578966140747,-0.0207052305340766,0.962238765758276,0.0227016611516475,-0.8259498883932829,-1.7371010780334473,-1.1302671432495115,-0.9869332313537598
1774470793774398200,160.74739819335937,0.0919765651687979,-0.325638459918648,-0.2052542770415544,-0.0887836515903472,0.0975757911801338,-0.2614494860172272,-0.0084025021642446,0.1080693295747041,0.1648509549826383,0.2079237252473831,-0.3283045589923858,0.021233431994915,1.137291965803504,0.0243938520222902,-0.7270598905742168,-1.642160177230835,-1.1585328578948977,-0.9764901399612428
1774470793784424200,160.75742407226562,0.1113414831131696,-0.3273611189927906,-0.2543511931657791,-0.0931934118270874,0.1245461851358413,-0.2753596901893616,0.063829790353775,0.0640250206649303,0.3220066792875528,0.2169409990310669,-0.306082010269165,0.0642336159944534,1.2338095354028045,-0.0174018011778593,-0.6503606817752122,-1.5473507642745972,-1.1733622550964355,-0.9666141867637634
1774470793794451000,160.7674509277344,0.12687632137537,-0.3192464938592165,-0.2956114243149757,-0.0970880165696144,0.1432711482048034,-0.294750452041626,0.1268541095435619,-0.0574988337665796,0.1632686542272567,0.2050161659717559,-0.2942056357860565,0.1033099070191383,1.242161038032174,-0.1956786394447088,-0.7178443184614182,-1.4550637006759644,-1.1840169429779053,-0.9571514129638672
1774470793804478200,160.77747827148437,0.1529623642683029,-0.2988015986584126,-0.3587707680612802,-0.0994434580206871,0.1605098843574524,-0.3049688637256622,0.0283501884326338,-0.1436953542292117,0.0742944857448339,0.1798003613948822,-0.27949258685112,0.1440100669860839,1.333787766849995,-0.4613274716943502,-0.8760732249557971,-1.3656668663024902,-1.2160979509353638,-0.9479926824569702
1774470793814505200,160.78750512695314,0.1816378391325473,-0.2379438098527491,-0.4002624698787927,-0.1082244291901588,0.1757527589797973,-0.3191957473754883,0.0086135145664215,-0.1406973414570093,0.1305126320511102,0.1891331374645233,-0.2593974471092224,0.1832762360572815,1.4922294393122195,-0.5563409203410148,-0.9571680383652448,-1.296793818473816,-1.2899091243743896,-0.9638901352882384
1774470793824532000,160.79753198242187,0.2287362749159336,-0.2264177688404917,-0.4516337606757879,-0.1150134429335594,0.1925074756145477,-0.3296763300895691,0.2330050382763147,0.0088631054133176,0.1994002903163433,0.2057902067899704,-0.253559410572052,0.1976877897977829,1.526516324317455,-0.6166665019661188,-0.8758364935904741,-1.2156745195388794,-1.4328107833862305,-1.003631353378296
1774470793834559000,160.80755908203125,0.2565402276426554,-0.2417123686060309,-0.4593400972694158,-0.1254961639642715,0.2031188309192657,-0.3397843539714813,0.3730225807756185,0.0624964959233999,0.1413280405759811,0.2372802197933197,-0.2439656406641006,0.2027020007371902,1.5761150524839758,-0.6922352454304694,-0.6147019238948822,-1.110281229019165,-1.6272697448730469,-1.0441001653671265
1774470793844586200,160.81758618164062,0.2750134574443101,-0.2824935840666294,-0.4350573044061661,-0.1321775615215301,0.2095785290002823,-0.3508046567440033,0.1776338641881942,-0.0375718980252742,0.0339215588241815,0.2620133459568023,-0.2418297678232193,0.2020869106054306,1.565344067622721,-0.6462836415946484,-0.4338239632189273,-1.001165747642517,-1.8574074506759644,-1.068173885345459
1774470793854613000,160.8276130371094,0.2980570639014244,-0.317676687259227,-0.3871072202295064,-0.1403260380029678,0.2135977745056152,-0.3652461767196655,0.0978700071215629,-0.073731006643176,-0.0912245777577161,0.2911664545536041,-0.240294724702835,0.20735864341259,1.3945815505087376,-0.4874158526748418,-0.5214245052605867,-0.9088675379753112,-2.094343423843384,-1.0891995429992676
1774470793864639000,160.83763891601564,0.3608084113687276,-0.3276724499642848,-0.3096411187112331,-0.1519737839698791,0.2119184881448745,-0.3659765720367431,0.1645709689974784,-0.0261947639644145,-0.0436380661964416,0.3012487292289734,-0.2464147061109542,0.1792711317539215,1.1020774445593355,-0.3906137670457363,-0.5943453645646571,-0.8011797666549683,-2.2384212017059326,-1.0848299264907837
1774470793874666000,160.847666015625,0.4002385044813156,-0.315201821578294,-0.2116162132889032,-0.1614857912063598,0.207475796341896,-0.369689792394638,0.2943623010367155,0.1112567274391651,-0.0632253947198391,0.3136491775512695,-0.2535516917705536,0.1371524333953857,0.836436503355205,-0.2567027247279882,-0.3421042954206466,-0.659234881401062,-2.2459821701049805,-1.057889461517334
1774470793884693200,160.857693359375,0.4499474150240421,-0.3070989599477499,-0.0957446855306625,-0.1716741472482681,0.2017625123262405,-0.3723140656948089,0.237855400916934,0.1758919889569282,-0.0745358932852745,0.3301997482776642,-0.2630084455013275,0.0781281590461731,0.8587129248321056,-0.0878016175717115,-0.2229933473497629,-0.6248921751976013,-2.2510342597961426,-1.0288304090499878
1774470793894720000,160.86771997070312,0.4882359368860721,-0.3153046243656426,-0.0328624051600694,-0.1783373802900314,0.2041428387165069,-0.3737846612930298,0.2918324902981519,0.2860012999266386,-0.0879553468286991,0.3518888056278229,-0.2766597867012024,0.0165699869394302,1.0360440066814425,-0.3417781322062015,-0.6437474011152983,-0.6123936772346497,-2.246295690536499,-0.998314619064331
1774470793904747000,160.8777470703125,0.4922855045378208,-0.3202037215188145,0.0164466924101114,-0.1847066581249237,0.2040965855121612,-0.3759530484676361,0.277052269795537,0.3085737817406654,0.043238253223896,0.3676868975162506,-0.2911622524261474,-0.0475067384541034,1.1226362484633925,-0.489924036103487,-0.8526461721390485,-0.6069445610046387,-2.1869447231292725,-0.9673041105270386
1774470793914774000,160.88777392578126,0.4746808742642402,-0.3384003994014113,0.0388864877551794,-0.190680131316185,0.1997566968202591,-0.3904542326927185,0.2470709730297327,0.2706184373557567,-0.0365144979268312,0.3728909790515899,-0.319328635931015,-0.1173499971628189,1.0899889473587274,-0.4290267920702695,-0.8601730605125427,-0.6038883328437805,-2.1495985984802246,-0.9128217101097108
1774470793924801000,160.89780102539063,0.4675730880856513,-0.3266386499371379,0.0460369440317153,-0.1943252086639404,0.1973257064819336,-0.395954430103302,0.1061474216014146,0.2609165430307388,-0.071067924913764,0.3677519261837005,-0.3530769050121307,-0.1845129579305648,1.063736023466289,-0.2678627089068293,-0.6603507453918457,-0.5871763229370117,-2.172616720199585,-0.8340678811073303
1774470793934828000,160.907828125,0.4980319392353296,-0.3025393238820135,0.0435001190304756,-0.2015231996774673,0.1889657825231552,-0.4042243659496307,-0.0061310501009225,0.326249139162898,-0.1683347054451704,0.3583861291408539,-0.3785436451435089,-0.2459297180175781,1.1136468863219022,0.1456567174300551,-0.2849117511242628,-0.587908148765564,-2.229578018188477,-0.767814040184021
1774470793944854000,160.91785400390626,0.5225274980664253,-0.2959361992899328,-0.0051022915750741,-0.2088536471128463,0.1760155707597732,-0.4139669835567474,-0.0739589701801538,0.3707645727157592,0.064152446436882,0.3595027923583984,-0.3854377567768097,-0.2980336546897888,1.125206391212344,0.1944128572925925,0.1050081884384155,-0.575295627117157,-2.259896039962769,-0.6933823823928833
1774470793954881000,160.92788110351563,0.5280488918364048,-0.309143763648346,-0.0464741664052009,-0.2167437970638275,0.1640302836894989,-0.4242696762084961,0.0522036499679088,0.3907674963027238,0.0867342806011438,0.3553248047828674,-0.3885760307312011,-0.3564170897006988,1.1008072784930467,0.1148486144512891,0.2502425888031721,-0.5760540962219238,-2.2195093631744385,-0.6128771901130676
1774470793964908000,160.93790795898437,0.5171218396306038,-0.3546346911698579,-0.0899321998596191,-0.2239552587270736,0.1537513881921768,-0.4348413944244385,0.0048252281993627,0.2360802079379558,0.0687824443250894,0.3394344747066498,-0.4033314883708954,-0.4101101458072662,1.127597670263052,0.1672001484572887,-0.0213753809839487,-0.6203133463859558,-2.126023530960083,-0.5499433279037476
1774470793974935000,160.94793505859374,0.5170142876029015,-0.3719241910796612,-0.1670399894595146,-0.2291968911886215,0.1491225361824035,-0.4465390741825104,0.0497866519540548,0.1631196011453866,0.0820914232313632,0.3244171738624573,-0.4306922852993011,-0.4728931188583374,1.1066016439855098,0.1989236127153039,-0.4538485141158103,-0.6880617737770081,-1.9667428731918333,-0.4676753580570221
1774470793984962000,160.95796215820312,0.4919231009662151,-0.3828999047327786,-0.222127670431137,-0.2354605942964553,0.148523524403572,-0.4658778309822082,0.161927176490426,0.1918839233368635,0.2026806271612644,0.3208585977554321,-0.4551436007022857,-0.5420742630958557,0.9031488634079694,0.246719675374031,-0.6290308934986591,-0.7425556182861328,-1.7980154752731323,-0.3866187036037445
1774470793994989000,160.96798901367188,0.4859621467351913,-0.4068265776347369,-0.2756312970817089,-0.2440183907747268,0.1421103626489639,-0.4815414845943451,0.1986918497860431,0.1557657312512397,0.1399322023034095,0.3163866400718689,-0.4897082448005676,-0.5998257398605347,0.8825748619347811,0.2805368970409035,-0.4813087679713964,-0.789081871509552,-1.632335901260376,-0.3279311656951904
1774470794005016000,160.97801611328126,0.4753127424269914,-0.4131084343831986,-0.2854781528353691,-0.2502367496490478,0.1375750452280044,-0.4959872961044311,0.1075350765675306,0.0885328544557094,0.2630500479280948,0.3355545699596405,-0.525916576385498,-0.638656497001648,0.8975725245803594,0.181373635238409,-0.1544347749084234,-0.8228725790977478,-1.5074437856674194,-0.2864198088645935
1774470794015043000,160.98804296875,0.4943944595158099,-0.4115832706425338,-0.2924228574067354,-0.2584691047668457,0.1219449415802955,-0.5103049874305725,0.3152688954651355,0.180631292438507,0.157788761511445,0.3542653918266296,-0.5799699425697327,-0.6699153184890747,0.9004466187119483,0.016796236500144,0.0010223287850618,-0.876047670841217,-1.421204686164856,-0.2769722640514374
1774470794025069000,160.99806909179688,0.5205635045170783,-0.393377240409702,-0.2761521060854196,-0.264213889837265,0.0995929241180419,-0.5187079310417175,0.2505178986132145,0.1534521936118602,0.053609425112605,0.3976827263832092,-0.6113609671592712,-0.6765655279159546,0.8417471769839525,-0.002443009237945,-0.154687288364768,-0.9466242790222168,-1.372596025466919,-0.2724102139472961
1774470794035096000,161.00809594726562,0.5455360332101583,-0.389164664215967,-0.241603939795494,-0.2702592611312866,0.0757422000169754,-0.5307086706161499,0.112692897722125,0.1662725122183561,0.0123795891016721,0.4176702797412872,-0.6413159370422363,-0.6420724987983704,0.670514412009716,0.0248915724113583,-0.1151917288005352,-0.9913978576660156,-1.3040037155151367,-0.2607125639915466
1774470794045123000,161.018123046875,0.5616939718067646,-0.3995556367836892,-0.2030558902144432,-0.2772303223609924,0.0460629388689994,-0.5459926128387451,0.2004921772062778,0.2008025583297014,0.0931347952932119,0.4272666275501251,-0.682127833366394,-0.5624988079071045,0.573200285205245,0.0225838799908757,0.1597860728085041,-1.015731692314148,-1.230452299118042,-0.2614262700080871
1774470794055150000,161.02815014648436,0.5811392615109682,-0.4478674669448286,-0.193600664126873,-0.2897309362888336,0.017504796385765,-0.5614461302757263,0.187947752931714,0.5365273818463087,0.2174175930440425,0.4687666893005371,-0.6200607419013977,-0.5160961747169495,0.5540642075806855,-0.0842053466454148,0.2148351753354072,-1.022315263748169,-1.3682359457015991,-0.1835636794567108
1774470794065177000,161.03817700195313,0.5881207909613847,-0.4755351530060172,-0.1755786852240562,-0.3033088445663452,-0.00574342161417,-0.584002673625946,-0.48594578012228,0.8643056302726269,0.1976227592498063,0.4881058931350708,-0.4804946184158325,-0.5229524970054626,0.5706231281936168,0.0997659038707613,0.3191372613310814,-0.9238154292106628,-1.8331046104431152,-0.0141692878678441
1774470794075204000,161.0482041015625,0.6139987440615892,-0.4774954932935535,-0.1162783549934625,-0.316961795091629,-0.0207498017698526,-0.6109938025474548,-0.9353700480550527,0.9746288762539624,0.2067909850895404,0.4686437845230102,-0.455537885427475,-0.5121714472770691,1.3128157059699297,0.6977779742494226,0.9087211105823516,-0.727597713470459,-2.1123688220977783,0.1724416017532348
1774470794085231000,161.05823120117188,0.6388555374205112,-0.4789042641129344,-0.1150742399007082,-0.3347718119621277,-0.028938902541995,-0.6356095671653748,-0.7014701067656278,1.37053665805459,0.716384182780981,0.4566912651062011,-0.5860503911972046,-0.4596377909183502,2.4253455709606406,0.4676742103725671,0.7665040122121572,-0.4046523571014404,-2.328592538833618,0.4893099963665008
1774470794095258000,161.06825805664062,0.6619546734571456,-0.4892123076375573,-0.092619831508398,-0.3556430041790008,-0.0414861217141151,-0.6590903997421265,-0.0642693508148193,1.430038063815236,0.7888403471827506,0.476016491651535,-0.721043050289154,-0.3908509910106659,2.793969624516368,1.0266340810403227,-0.2572697109609842,-0.0939991325139999,-3.090060949325561,1.0019091367721558
1774470794105284000,161.0782841796875,0.676275459754467,-0.4934624393627047,-0.0619096359461545,-0.3727220296859741,-0.0517912283539772,-0.6770707368850708,0.3196966487795114,1.079252449288964,0.3119920657515526,0.5236698389053345,-0.7951480150222778,-0.3616887331008911,4.704288282299041,1.3854539489403366,-2.254111636942625,-0.4808898568153381,-2.590276002883911,0.8405078053474426
1774470794115311000,161.08831103515624,0.6630734483540057,-0.5027200970515608,-0.0181751236379146,-0.3923077285289764,-0.065599724650383,-0.6900480389595032,0.6327876156836748,0.6148503924548625,-0.0855307500302791,0.563746452331543,-0.8491923213005066,-0.3966376483440399,6.984511681097746,-1.6406395471036432,-4.2437610210716725,-0.6479262709617615,-1.378171443939209,0.8323465585708618
1774470794125338000,161.0983381347656,0.6267980198800563,-0.495805714553222,0.0178308402448892,-0.412552535533905,-0.0761031955480575,-0.6922289729118347,0.6948007120043039,-0.0384457582503557,-0.578621725732088,0.5640703439712524,-0.8897539973258972,-0.4841872751712799,2.8688930558145045,-2.156859469458461,-3.174987295699119,-0.6812717318534851,-0.6500192284584045,1.0235557556152344
1774470794135365000,161.108365234375,0.6225906313180923,-0.4310881085142493,0.0540694438397884,-0.425474464893341,-0.087293803691864,-0.690277636051178,0.6361380951553582,-0.5928109946042299,-1.019084104052186,0.5303241014480591,-0.9339650869369508,-0.5687889456748962,-0.0193348150670528,-0.6039052200704813,-2.251582995247841,-0.748897910118103,-0.3008977770805359,1.030985951423645
1774470794145391900,161.11839184570312,0.6037281099379063,-0.3255887755580246,0.0670446607470512,-0.4346805810928345,-0.1032671183347702,-0.6907831430435181,0.5925117193967103,-0.6997562885850668,-1.059579196047783,0.5292602777481079,-0.9797491431236268,-0.6244385838508606,-0.1126040503948926,-0.3100520375996828,-1.501484758913517,-0.7558501362800598,-0.2690136730670929,1.040892243385315
1774470794155419100,161.12841918945313,0.5325929650068283,-0.2471120356924831,0.0611018266946077,-0.4427398145198822,-0.1187115907669067,-0.68914395570755,0.4286953681588172,-0.4278817136883735,-0.8891758676350117,0.5847283601760864,-1.0239343643188477,-0.6452074646949768,-0.8816799589216708,-0.5011079856798053,-0.2245978599369525,-0.7814173102378845,-0.3913214802742004,1.0351035594940186
1774470794165446100,161.13844604492186,0.4534545463621616,-0.1635220444664359,0.0445610262602567,-0.4345141053199768,-0.1444352567195892,-0.6882092356681824,0.1531423970103263,0.0321054493129253,-0.7045347550332546,0.6703670620918274,-1.061366319656372,-0.6310701966285706,-0.9513070373773574,-0.6442945136040449,0.9484802895188332,-0.8200066685676575,-0.6395466327667236,0.9502430558204652
1774470794175472000,161.14847216796875,0.3209557089298963,-0.0879734670072793,-0.0144441204160451,-0.4135246574878692,-0.1722679585218429,-0.6843676567077637,-0.1193202069073915,0.5148953957527875,-0.6037737026453018,0.7441925406455994,-1.09126615524292,-0.5825396776199341,-0.2296054589658975,-1.1675444807261228,1.8236884220778944,-0.7557514905929565,-0.9688635468482972,0.9304754734039308
1774470794185499000,161.15849877929688,0.204324302715063,-0.0070334057681262,-0.0407364995360374,-0.3847206830978393,-0.2075649201869964,-0.671415388584137,-0.371628496068716,0.8173544940054416,-0.6300625746339559,0.800839364528656,-1.128491997718811,-0.5011313557624817,-0.5549608641594648,-0.7071665648415685,2.140122854191065,-0.635076642036438,-1.1473861932754517,0.9467705488204956
1774470794195526100,161.1685261230469,0.1624947472453117,0.0661663435425609,-0.0347147550284862,-0.3430507183074951,-0.2346423417329788,-0.654587984085083,-0.446141008478403,0.9361457086026668,-0.745396342253685,0.8328500390052795,-1.1743524074554443,-0.4049219787120819,-0.7571306191891432,-0.4167608924761414,0.8559306006371974,-0.6367802619934082,-1.045788288116455,0.9607372283935548
1774470794205553200,161.17855322265626,0.2108516586571931,0.0798513892196118,-0.0281429754227399,-0.2944086790084839,-0.2631553113460541,-0.6365563869476318,-0.3784066119015216,1.007358594945073,-0.8913350914955138,0.8490701913833618,-1.1942451000213623,-0.3413709104061126,-0.7902689186811447,-0.7797790888488292,-1.178331247678399,-0.7280818819999695,-0.8128311038017273,0.9826489686965942
1774470794215580000,161.18857983398436,0.1991267340719699,0.0378878321066498,-0.004069441395998,-0.246865376830101,-0.285010278224945,-0.6252477765083313,-0.4633598543047905,0.7982786221355199,-1.3252706983953713,0.831940770149231,-1.192033290863037,-0.3092055320739746,-0.7691057191431522,-0.6328831850126385,-2.090259045347571,-0.7773892879486084,-0.4955282807350158,1.015557050704956
1774470794225607400,161.198607421875,0.1470250831738114,0.0005125526320189,0.0848977128237485,-0.2040255814790725,-0.3061650693416595,-0.608290433883667,-0.5028641816973686,0.5299158547520637,-1.767594194412231,0.8126516342163086,-1.190775990486145,-0.2949779629707336,-0.6016758535832166,-0.6198094761669636,-1.7312457007020712,-0.7267839312553406,-0.1778272688388824,1.0256437063217163
1774470794235634400,161.20863452148438,0.0714870271086692,0.0049511926665902,0.1728290942549705,-0.1686809062957763,-0.3202364146709442,-0.5918565988540649,-0.4782739303201436,0.4888245504289865,-2.0005407804995774,0.8252297639846802,-1.1924010515213013,-0.2749922573566437,-0.1947825673878192,-1.1468722795754671,-1.5694927117347717,-0.7271709442138672,-0.0560726076364517,1.0561012029647827
1774470794245661400,161.21866137695312,-0.0422340446174144,0.0260955413736402,0.2215332116693258,-0.1403846144676208,-0.3199889361858368,-0.5738717913627625,-0.4240390667855739,0.5440075084686279,-2.0570219616562126,0.8637440800666809,-1.2007360458374023,-0.2677550017833709,-0.3020382424920797,-1.2244728211283684,-1.7479753017067907,-0.6897140145301819,-0.0752111822366714,1.0582430362701416
1774470794255687400,161.2286875,-0.1249988370656967,0.0598732347477227,0.1608709454357623,-0.1173900812864303,-0.3111813366413116,-0.5543398857116699,-0.2224310372918844,0.6101169341921806,-1.9100024314403528,0.925460398197174,-1.22227144241333,-0.2813360393047333,-0.3970347400039434,-0.9498150452539325,-1.2434493242770432,-0.6243792176246643,-0.1662753075361251,1.0772236585617063
1774470794265714400,161.23871435546874,-0.1878212039425969,0.065331500153616,0.061394087639451,-0.1074419766664505,-0.3047813177108764,-0.5282866358757019,-0.0107043493658304,0.4958493344992399,-1.8439654864311217,1.0085574388504028,-1.2672970294952393,-0.324971854686737,-0.6262158360779285,-0.7141758590817451,-0.8190496074855327,-0.5692211985588074,-0.2682967483997345,1.1629856824874878
1774470794275741400,161.24874145507812,-0.2789461207181215,0.0201102564189583,-0.0244563958644866,-0.1018213704228401,-0.3005940318107605,-0.5098154544830322,0.0877986949622631,0.3386298973083496,-1.7759902668356895,1.1016967296600342,-1.3449257612228394,-0.3894280791282654,-0.7233867550194263,-0.2225631392389535,-1.0684183360636237,-0.5704435706138611,-0.275468111038208,1.251044750213623
1774470794285768400,161.2587685546875,-0.3130775229007005,-0.0952070715226233,-0.0728834499031305,-0.0958537608385086,-0.283078670501709,-0.4871141910552978,0.0240887315958738,0.2383621813952922,-1.6690525716394184,1.2014142274856567,-1.4321341514587402,-0.4351469278335571,-0.4562929846584797,-0.2832157608613371,-1.5109294636070727,-0.5674547553062439,-0.2526105046272278,1.3520740270614624
1774470794295795500,161.26879541015626,-0.2858931633770465,-0.1977316264517605,-0.0720388157725334,-0.0952881053090095,-0.2563250958919525,-0.4602492749691009,-0.082975804850459,0.2767904039889574,-1.575821914756298,1.293657302856445,-1.4970524311065674,-0.4555171728134155,-0.4768471123874187,-0.6453440226569771,-1.4776543859928846,-0.5792357921600342,-0.2058110237121582,1.447469711303711
1774470794305822500,161.27882250976563,-0.2096370221704244,-0.2906482489496469,-0.0508446365743875,-0.1013969704508781,-0.2236372530460357,-0.4267604947090149,-0.0146375971615314,0.4584422716468572,-1.3643436486333609,1.386135458946228,-1.532659888267517,-0.4715182185173034,-0.6812403886854648,-0.8527399879023432,-1.524440687087178,-0.59190434217453,-0.1850937455892563,1.536434292793274
1774470794315849500,161.28884936523437,-0.1388473296761512,-0.3576463671412319,-0.0058966568231582,-0.1076655164361,-0.1864014714956283,-0.3960478603839874,-0.0414934553831815,0.6111024380981922,-1.2231897955805062,1.4797208309173584,-1.5651315450668335,-0.4818683266639709,-0.927689430424571,-0.908412775285542,-1.5968839920073747,-0.6024385094642639,-0.1636608839035034,1.6294630765914917
1774470794325876500,161.29887646484374,-0.0893447553604841,-0.3874620250165462,-0.0023445172995328,-0.1185448467731475,-0.1409158855676651,-0.3635579645633697,-0.1233814649969339,0.6993471232622861,-1.20033674325943,1.557539701461792,-1.5882564783096311,-0.4990919530391693,-1.2203922738164663,-0.7918702163979411,-1.4995482378929852,-0.6134049892425537,-0.1818819493055343,1.7338229417800903
1774470794335902500,161.30890234375,0.0251277192547917,-0.4148953177999704,0.0035556466549634,-0.1170899644494056,-0.0960253849625587,-0.3394350409507751,-0.3332897053241729,0.6709317606389522,-1.2990502154678103,1.6107767820358276,-1.5965415239334106,-0.5029746294021606,-1.2137462599307298,-0.862408564479649,-1.523702435940504,-0.6287847757339478,-0.3436322212219238,1.810927510261536
1774470794345929500,161.31892944335937,0.1362865392774343,-0.4915312521044164,0.0220347216755151,-0.1003488004207611,-0.0506075620651245,-0.3331718146800995,-0.5701181012809277,0.5679366655886173,-1.4346435117840766,1.6433557271957395,-1.6082197427749634,-0.4934847354888916,-0.9976263054817914,-1.125380286474526,-1.4493319623500107,-0.620863676071167,-0.5993280410766602,1.8796669244766235
1774470794355956200,161.32895629882813,0.2626645557418465,-0.6821875333424657,0.0855488702088594,-0.0692135170102119,-0.0015579974278807,-0.3532613813877105,-0.7897942869067192,0.5087216755539179,-1.4676801044672727,1.6662248373031616,-1.621697187423706,-0.4681005477905273,-0.919164763185382,-1.1459165862858294,-1.0107032291978597,-0.5714018940925598,-0.8498443961143494,1.9251941442489624
1774470794365983500,161.3389833984375,0.4505550255283713,-1.021093178852275,0.1629822385013103,-0.0330779254436492,0.0422165393829345,-0.3941333293914795,-0.947764250203967,0.439643463152647,-1.4710516267269849,1.6855326890945437,-1.6366087198257446,-0.4410801827907562,-0.8609270937502383,-1.0036708463430404,-0.7945294987350702,-0.5640535354614258,-1.0192625522613523,1.9602214097976685
1774470794376010500,161.34901049804688,0.5823737717419862,-1.3735972146689892,0.204960262531042,-0.0024888557381927,0.0744367912411689,-0.4402355849742889,-1.0851876845568418,0.3174316264569759,-1.494156607982516,1.7040165662765503,-1.6581370830535889,-0.4154126346111297,-0.8912719631314278,-0.9652169047862292,-1.1053887610644102,-0.5614444613456726,-1.0638065338134766,2.015663146972656
1774470794386037200,161.35903735351562,0.6585621084094048,-1.67918613537997,0.1314759241253137,0.0093676280230283,0.1063087061047554,-0.483756422996521,-1.1869131980627774,0.2015694510489702,-1.450001239913702,1.7244716882705688,-1.682629942893982,-0.3911354839801788,-0.9317617944300174,-0.6972615491598844,-1.398608906328678,-0.5799672603607178,-0.9725085496902466,2.081515312194824
1774470794396064500,161.369064453125,0.6951274597406387,-1.866788582005352,-0.0598790069013834,0.0015448592603206,0.1295983046293258,-0.5181671380996704,-1.3220827160090207,0.1572574311137199,-1.3980056797385214,1.7465921640396118,-1.6941372156143188,-0.3653273284435272,-0.8703396497398614,-0.4396627523750066,-1.7862223225146532,-0.6182113289833069,-0.8307748436927795,2.154113292694092
1774470794406090500,161.37909057617188,0.7109861231297254,-1.8552910364352169,-0.3509592175275087,-0.0236941184848546,0.1427917927503585,-0.5432990789413452,-1.456970494404435,0.1215638941809535,-1.4163164124548435,1.7726643085479736,-1.6875015497207642,-0.350210040807724,-0.8351882568597793,-0.4568739994168281,-2.1124621093273164,-0.6272402405738831,-0.6954257488250732,2.2409234046936035
1774470794416117500,161.3891174316406,0.6591612433463334,-1.6977213245019316,-0.7163035187602043,-0.0594819486141204,0.1445880979299545,-0.5671271681785583,-1.5248609583258628,0.0841655991569161,-1.418465699443221,1.8018453121185305,-1.702009677886963,-0.3437246978282928,-0.729239572700858,-0.3748316760241985,-2.011493551668525,-0.6038867235183716,-0.5999897718429565,2.3304522037506104
1774470794426144300,161.39914428710938,0.4958393976271152,-1.4786467580311,-1.0270844551563263,-0.109384186565876,0.1302642673254013,-0.5796160101890564,-1.445742997947335,0.0804217364534735,-1.4512141228348017,1.845422625541687,-1.744875192642212,-0.3657498061656952,-0.7073176637500524,-0.0159328976690769,-1.834901305487752,-0.5820844769477844,-0.6027700304985046,2.432301521301269
1774470794436171500,161.40917163085936,0.2838014517948031,-1.237677462877333,-1.2263918064922097,-0.1701628416776657,0.1409257054328918,-0.5677425265312195,-1.4982354017287491,-0.0713958416938781,-1.515724296668172,1.8642446994781487,-1.8067649602890008,-0.3892911076545715,-0.8480886549651623,0.2428290976762771,-1.7651128989905118,-0.5576837658882141,-0.6783918142318726,2.523941993713379
1774470794446198500,161.41919848632813,0.1637090914711356,-0.9885441504903136,-1.2744535343497991,-0.2249544709920883,0.1640069931745529,-0.5474492311477661,-1.3816922583192586,-0.1545192383214831,-1.5766946059376,1.874312162399292,-1.8745229244232176,-0.4136981070041656,-0.9184978237092496,0.3323807737857103,-1.535075478348136,-0.5505160689353943,-0.7971753478050232,2.5909645557403564
1774470794456225300,161.4292253417969,0.2219680959552526,-0.7142191137015819,-1.2204799520999192,-0.2793114483356476,0.159123033285141,-0.5148273706436157,-1.3381301799684762,-0.1637929703623056,-1.6147867284446953,1.886529922485352,-1.9148484468460083,-0.4342795610427856,-1.0083394226759672,0.2588297998845577,-1.3164707213461395,-0.5480158925056458,-0.954110622406006,2.638324737548828
1774470794466252300,161.43925219726563,0.3093412589818239,-0.4509883023791015,-1.1262889257520436,-0.3191198706626892,0.1317515224218368,-0.4849556982517242,-1.4751158074259758,-0.2163128466725349,-1.7165905678838491,1.8954029083251955,-1.930830001831055,-0.4499630630016327,-1.3410451906323433,0.194835174357891,-1.0189204379230736,-0.5198325514793396,-1.0679864883422852,2.706847667694092
1774470794476279600,161.4492795410156,0.3761883513301611,-0.2822777493588626,-1.0688222406893968,-0.3372003436088562,0.1379276514053344,-0.4635420143604278,-1.670088344427943,-0.2064437790870666,-1.802487228617072,1.8917096853256223,-1.9331645965576167,-0.4537570178508758,-1.5416834983110428,0.0817033006966114,-0.7909761901676654,-0.5332532525062561,-0.9843332171440125,2.7176642417907715
1774470794486305500,161.45930541992186,0.4500380159169435,-0.3176119514599442,-0.9840233120650052,-0.3347975015640259,0.1634781658649444,-0.440695971250534,-1.841813276833296,-0.1628767323002219,-2.018687847086788,1.8594454526901243,-1.9335004091262813,-0.4447634816169739,-1.5580939503639937,-0.0259819979965686,-0.9909060573160648,-0.4682468771934509,-1.0741374492645264,2.766968011856079
1774470794496332300,161.46933227539063,0.4807692542672157,-0.5507601975992321,-0.7829974663734436,-0.3263920247554779,0.1894921958446502,-0.4251311123371124,-1.9582278254270555,-0.1111608658492565,-2.229071303710341,1.8077577352523804,-1.9644337892532349,-0.4158652424812317,-1.6126573152005672,0.3982037837833166,-1.1562585320800542,-0.5013830065727234,-1.1269620656967163,2.7901480197906494
1774470794506359300,161.479359375,0.4664619119733572,-0.7853906451202929,-0.5505629214614629,-0.3231144845485687,0.1984254717826843,-0.412996381521225,-1.9184049336045976,-0.1207706979766488,-2.357212530454993,1.749511480331421,-2.0091593265533447,-0.3770277798175812,-1.4424083005666732,0.0472340448617935,-1.7516513598710295,-0.5377479195594788,-1.161468505859375,2.8203370571136475
1774470794516386600,161.48938647460938,0.4401753780722617,-0.9233753666177392,-0.3906184432208537,-0.3207091093063354,0.2101100981235504,-0.4067952036857605,-1.7817431312739849,-0.2060477655068039,-2.527897598418593,1.6840155124664309,-2.023344755172729,-0.3338840305805206,-1.6438783828943966,0.1451671803474426,-1.7294003650963303,-0.5707032084465027,-1.2706413269042969,2.845954418182373
1774470794526413600,161.49941357421875,0.441991487583518,-0.988241368151456,-0.3260731980741024,-0.3224242627620697,0.2379609197378158,-0.4107260704040527,-1.589657547885179,-0.360169821204245,-2.750085766865313,1.615187406539917,-2.0165255069732666,-0.2917647659778595,-1.6555460243344309,0.3074304569244384,-1.2750082456231115,-0.5460677146911621,-1.34833562374115,2.848433256149292
1774470794536440300,161.5094404296875,0.4629872216001153,-1.057019136301428,-0.3091279084920883,-0.3217310607433319,0.2586390674114227,-0.4325672090053558,-1.3791490035772322,-0.5733779798597097,-2.9576462750226256,1.5441848039627075,-1.9993692636489868,-0.2588491439819336,-1.8330016093462704,0.1576566595643758,-0.8869523463666439,-0.5485228896141052,-1.3400518894195557,2.8523058891296387
1774470794546467600,161.51946752929686,0.4248170654207467,-1.171285128559172,-0.2962573210030794,-0.3249797224998474,0.2517382800579071,-0.476820170879364,-1.3261644323647022,-0.7702671641379595,-3.242272194942832,1.46842622756958,-1.956286072731018,-0.2344438731670379,-2.3630200476899743,0.114912327337265,-1.1168500662773846,-0.5570083260536194,-1.3320536613464355,2.850975513458252
1774470794556494600,161.52949462890626,0.3724745915040373,-1.3256139588750897,-0.2265045703411102,-0.3277328908443451,0.2345688939094543,-0.5268399119377136,-1.2552584200143813,-0.9167617936968804,-3.331260976472497,1.400902509689331,-1.9001131057739256,-0.2119334936141967,-2.835534391570091,0.1936199533492326,-1.312197281810641,-0.5632534623146057,-1.3161276578903198,2.838163137435913
1774470794566520600,161.5395205078125,0.3886521115839481,-1.490042742922902,-0.1018804118067026,-0.3393778800964355,0.2104744166135788,-0.5768242478370667,-1.2312906844496727,-1.0247212331563234,-3.208181124770641,1.3538103103637695,-1.8539140224456787,-0.176835224032402,-3.1928730810016392,0.2143307329446077,-1.220823650971055,-0.5527174472808838,-1.3083417415618896,2.8185698986053467
1774470794576547300,161.54954736328125,0.4871203768596053,-1.6650119179464875,0.0317313553035259,-0.3546433746814728,0.1836987286806106,-0.6307942867279053,-1.2243214299589396,-1.0619853804066777,-3.0072625388458367,1.327153205871582,-1.8193763494491573,-0.1422567516565323,-3.4336627818048,0.1589858623415231,-0.9872849442094564,-0.5122294425964355,-1.280204176902771,2.810506582260132
1774470794586574300,161.55957421875,0.5567144298285246,-1.835776480887085,0.1655383527249097,-0.3695176243782043,0.1638422757387161,-0.6817051768302917,-1.0751841769367456,-1.0494412483930586,-2.88625481724292,1.3124223947525024,-1.7886244058609009,-0.123160570859909,-3.3572581720381973,0.0492296025931835,-0.7992945211797953,-0.4805653691291809,-1.25100839138031,2.792717695236206
1774470794596601600,161.5696015625,0.5860346323370933,-1.9997418852068485,0.2650982126295566,-0.3855834305286407,0.1510348618030548,-0.7393024563789368,-1.044379288828373,-1.148815814858675,-2.872402232979238,1.2956801652908323,-1.7524698972702026,-0.1140829250216484,-3.121729752764105,-0.066666475084424,-0.953480874285102,-0.4696053862571716,-1.184565186500549,2.7717230319976807
1774470794606628400,161.57962841796876,0.6172001704514026,-2.121254633722454,0.3069377049714327,-0.3961140513420105,0.1429003477096557,-0.7985621094703674,-1.09216629139781,-1.2787459708467126,-2.9020842545375225,1.2670238018035889,-1.7099555730819702,-0.1100827977061271,-3.2342402796566483,-0.124852706593275,-1.209135551264882,-0.4694346487522125,-1.0437781810760498,2.759188652038574
1774470794616655400,161.5896552734375,0.6355722779661417,-2.1997877799503502,0.3185363728284835,-0.4039442837238312,0.136878415942192,-0.8640449643135071,-1.1574912887454032,-1.4305629644721745,-2.82219238717705,1.2364994287490845,-1.659911036491394,-0.1058419793844223,-3.677109426857531,-0.1977542766749858,-1.3839210402846336,-0.4692522287368774,-0.9295801520347596,2.731180429458618
1774470794626682600,161.5996826171875,0.6327806014209986,-2.2587056867346167,0.3158826434493064,-0.4057132601737976,0.1189678832888603,-0.9276918768882751,-1.331319915431738,-1.5458058389380571,-2.654116040407121,1.22199547290802,-1.616797924041748,-0.0958383083343505,-4.074542226268351,-0.1289449443429708,-1.4282920969307422,-0.4638842642307281,-0.8483926057815552,2.6890861988067627
1774470794636709400,161.60970947265625,0.6440595358043909,-2.2878484868496654,0.2991080342590809,-0.4009664356708526,0.0911293253302574,-0.9829378128051758,-1.4975930121719836,-1.6834040453359485,-2.501009883753955,1.2080456018447876,-1.5932296514511108,-0.0820497944951057,-4.318671300627291,-0.0935913068890571,-1.236569501635432,-0.439425528049469,-0.7947000861167908,2.628620147705078
1774470794646735400,161.6197353515625,0.6896937442541122,-2.2859607734069227,0.2649251941502094,-0.3920271098613739,0.0705506727099418,-1.0231748819351196,-1.706487691542506,-1.820038959659636,-2.360476792947948,1.186381459236145,-1.5856777429580688,-0.0635830760002136,-4.356061412344872,-0.2672334710925817,-0.9226023364186288,-0.3905312716960907,-0.7858498692512512,2.5523016452789307
1774470794656762400,161.62976245117187,0.691635525971651,-2.268756394497305,0.2488590254902839,-0.3846344351768493,0.0716372430324554,-1.0532017946243286,-1.8922493326067924,-1.881171766014397,-2.176694635263085,1.143765568733215,-1.5812684297561646,-0.0463316552340984,-4.308364426146447,-0.2880722609817981,-0.5719950010687113,-0.3414108455181122,-0.8238435983657837,2.4815518856048584
1774470794666789600,161.63978955078124,0.7202420272529125,-2.164751245621592,0.1720668777108192,-0.3751822113990783,0.0870470181107521,-1.0737913846969604,-2.010046275469661,-1.779611379942298,-1.9685583730444312,1.0839706659317017,-1.5707931518554688,-0.0355126373469829,-4.270860917182267,-0.1193318973451852,-0.4696411265313625,-0.3037934005260467,-0.8482440114021301,2.413414239883423
1774470794676816400,161.64981640625,0.7302689157485962,-2.006731305702776,0.0093587799757719,-0.3655162751674652,0.1121379882097244,-1.0978353023529053,-2.044553525227308,-1.6645742571815847,-1.8113859898656608,1.018700122833252,-1.5570443868637085,-0.0244131181389093,-4.143539774648845,-0.0147486563205718,-0.5612947433561086,-0.2806486785411834,-0.8291054964065552,2.3479115962982178
1774470794686843400,161.6598435058594,0.6985615258425474,-1.799261398438364,-0.1776326951444149,-0.3610645532608032,0.1312265992164611,-1.1228047609329224,-2.024139682751894,-1.604545028154552,-1.7254507506877184,0.9471279382705688,-1.5301575660705566,-0.0196814946830272,-4.034781586027145,0.1431073252081871,-0.6278063201397657,-0.266584187746048,-0.7618858218193054,2.2911415100097656
1774470794696870400,161.66987036132812,0.6712798434242606,-1.5987310811787845,-0.3334644773691892,-0.3545880019664764,0.1296987384557724,-1.1580432653427124,-2.0628467222869395,-1.679171230071783,-1.855281830215454,0.8730323910713196,-1.484404683113098,-0.0029219561256468,-3.987418946349621,0.4074082499802112,-0.6499503474086523,-0.2565083801746368,-0.6904672980308533,2.235235929489136
1774470794706897400,161.6798974609375,0.6385486634284258,-1.3866228465892374,-0.4333966777175664,-0.3574911057949066,0.1293662786483764,-1.1955583095550537,-2.123045462661981,-1.8236328924983736,-2.068819951477647,0.7949402928352356,-1.4042819738388062,0.030459389090538,-3.9870810926973816,0.6355027198612689,-0.6599912644296884,-0.2123277932405471,-0.6345065236091614,2.1705143451690674
1774470794716923400,161.68992333984374,0.6674135233849287,-1.2584189298719166,-0.5425906274080277,-0.3672193586826324,0.1322749704122543,-1.2269105911254885,-2.117370924156904,-2.036546744382381,-2.2083412348926066,0.7275282144546509,-1.2651698589324951,0.0812796950340271,-3.893486863198876,0.856384774145484,-0.4975988085150718,-0.1710637211799621,-0.5734296441078186,2.0929462909698486
1774470794726950400,161.69995043945312,0.7205109073221683,-1.2660511783160269,-0.6803244428843259,-0.3778825998306274,0.1295877397060394,-1.2564077377319336,-2.094571647849679,-2.340250289738178,-2.165185983777046,0.6838977336883545,-1.1008461713790894,0.1420770734548568,-3.8456121823459855,1.057629815545678,-0.3818400934815406,-0.1412615478038787,-0.5153888463973999,2.0083372592926025
1774470794736977400,161.70997729492188,0.7462339621216059,-1.407558082590252,-0.7748673514097929,-0.395290344953537,0.1327270716428756,-1.2810451984405518,-2.0207178916096686,-2.53545663549602,-1.7757696098223328,0.6725481152534485,-0.9619932174682616,0.2070949673652649,-3.9610634388655424,1.2712445091754196,-0.2652045956134796,-0.0909286141395568,-0.4431487321853637,1.927661418914795
1774470794747004400,161.72000439453126,0.7622077763229608,-1.564789502479881,-0.8241635894984006,-0.4100741147994995,0.1429071575403213,-1.3071000576019287,-2.098255304798484,-2.5993925165727734,-1.1596297620788216,0.6814708113670349,-0.8638139367103577,0.2660039961338043,-4.083180583015084,1.4212790032982825,-0.1909288145691156,-0.0440870784223079,-0.36702761054039,1.856304168701172
1774470794757031400,161.73003149414063,0.7552297540038824,-1.7374490853868425,-0.8511445354044437,-0.4282925426959991,0.1609633862972259,-1.3402050733566284,-2.131822643357516,-2.565676124931872,-0.597244008615613,0.6657840013504028,-0.7954878807067871,0.3128692209720611,-4.225844840630889,1.5058014530688524,-0.2355366025805473,-0.0031915744766592,-0.3408239483833313,1.7880655527114868
1774470794767058400,161.74005834960937,0.743234780305624,-1.8803845611594616,-0.887200183647871,-0.4482128620147705,0.186819314956665,-1.3652452230453491,-2.07248782633543,-2.542372698494792,-0.1286827862754464,0.5931770205497742,-0.741466224193573,0.3541646599769592,-4.2205414735257625,1.5827081671386956,-0.0736813222825527,0.0212410166859626,-0.3916957378387451,1.7032926082611084
1774470794777085400,161.75008544921874,0.7450000364124775,-1.9671492368988688,-0.9282032251656056,-0.4686259925365448,0.2163979858160019,-1.3732786178588867,-2.192126013150811,-2.7252710590824485,0.1229457039281725,0.453362375497818,-0.6806752681732178,0.3945158123970032,-4.137314908784628,1.683165852665901,0.2817436424821615,0.0377243869006633,-0.4653081893920898,1.6170389652252195
1774470794787112400,161.76011254882812,0.7706105707481503,-1.9507652344614264,-0.920205212149024,-0.4898236691951751,0.2478556036949157,-1.369314193725586,-2.469476973631978,-2.9703026352390647,0.1612137675240635,0.260947436094284,-0.5584515929222107,0.4332971274852752,-4.236747927439213,1.7018752293109891,0.7839531596630811,0.0680201351642608,-0.4949000477790832,1.5244399309158323
1774470794797138400,161.77013842773437,0.7833177843689918,-1.930437170573324,-0.9405740464389324,-0.5060686469078064,0.292631059885025,-1.366025447845459,-2.665639597201347,-3.310020035523176,0.2016173818439245,0.0368634611368179,-0.3791851699352264,0.4885617196559906,-4.1957326109617945,1.7642343625903127,1.2141776370853186,0.0952086150646209,-0.475870668888092,1.3969447612762451
1774470794807165400,161.78016552734374,0.8111696678906679,-1.964262283285707,-0.9845078807115554,-0.5140956044197083,0.3365362882614136,-1.367448329925537,-2.711651991313696,-3.821536017970741,0.2906882886990904,-0.2007412314414978,-0.1731786131858825,0.5465479493141174,-3.8404941086798905,1.8958429731845847,1.4503782565325498,0.1063096150755882,-0.3946712017059326,1.254809856414795
1774470794817192200,161.79019213867187,0.7923807962685823,-2.015514916139096,-0.9679337625294924,-0.5143211483955383,0.3737995028495788,-1.3742740154266355,-2.614335526421666,-4.289105306664109,0.4359121676698327,-0.4373388588428497,0.0372020490467548,0.5744317770004272,-3.613838439430296,2.123853856435418,1.5140730223298071,0.0979853719472885,-0.2588537335395813,1.107227087020874
1774470794827219500,161.80021948242188,0.8499965344130992,-2.0911142008721826,-0.851660668233037,-0.5108163356781006,0.408879816532135,-1.389519453048706,-2.3719933354794978,-4.577925755664706,0.7070929150834679,-0.663054883480072,0.2475398480892181,0.5542097687721252,-3.5027041693270204,2.5307249307990074,1.6058943969368933,0.0893271714448928,-0.0712982267141342,0.9639910459518432
1774470794837246500,161.81024658203123,0.9532949963241816,-2.2532173184514046,-0.6545458585053682,-0.5001370906829834,0.430725485086441,-1.3969764709472656,-2.152848480251431,-4.761534018087387,1.0276111093789335,-0.8808394074440002,0.4468167424201965,0.4967774152755737,-3.506134143775701,3.0271102718710896,2.0108225205391643,0.0940766558051109,0.1265623867511749,0.8174108862876892
1774470794847273500,161.8202734375,1.0564607717663048,-2.4705893187880514,-0.4394540780603885,-0.4926017224788666,0.418923407793045,-1.4012559652328491,-2.219032724776864,-4.997887782269716,1.2785501560136676,-1.1035858392715454,0.6149758100509644,0.4411182403564453,-3.5389182230025527,3.667525898215175,2.702016147962212,0.1149221286177635,0.2724240720272064,0.6620349287986755
1774470794857300500,161.83030053710937,0.9873723302319646,-2.668506969331205,-0.2128676746547222,-0.4918171465396881,0.4088971316814422,-1.393191695213318,-2.400515665608644,-5.399194208243489,1.339939567478001,-1.3279401063919067,0.7649745941162109,0.3932303488254547,-3.635988019657135,4.424977419921755,3.523281093409657,0.1469152122735977,0.3445347547531128,0.493894100189209
1774470794867327500,161.84032739257813,0.8679343421638012,-2.7299200539320707,-0.0387315894544124,-0.4917063415050506,0.3952695429325104,-1.3713321685791016,-2.468365212997794,-5.795331707146763,1.3502566710919142,-1.5364874601364136,0.8668968081474304,0.361193835735321,-3.916620486027002,5.035395967409015,4.085964076253772,0.1771555691957473,0.363808810710907,0.3175537586212158
1774470794877353500,161.850353515625,0.6328840617954731,-2.6133102750271555,0.0470896679550409,-0.4881361126899719,0.3822999596595764,-1.3400222063064575,-2.3589444688141343,-5.923555351477861,1.4197016709789634,-1.710917830467224,0.9248799681663512,0.3237020969390869,-4.160689354631304,5.43436547486782,4.401394299760461,0.1815111637115478,0.4190219938755035,0.0991652086377143
1774470794887380500,161.86038037109375,0.1238783086031675,-2.261819727101922,0.018774843096733,-0.4785448014736175,0.3599212169647217,-1.3080854415893557,-2.326844864720106,-5.928571718335151,1.3128180440574884,-1.8724745512008667,0.9743514657020568,0.273016482591629,-4.268001728358865,5.766508932766318,4.642064758098125,0.1618965566158294,0.5079364776611328,-0.1213242635130882
1774470794897407500,161.87040747070313,-0.5568874483078717,-1.6475065102636812,-0.0730003542810678,-0.4653086066246032,0.3571134507656097,-1.2543015480041504,-2.4524738163828848,-6.035045887672901,0.8349149928763508,-2.084498643875122,1.0544558763504028,0.2531991004943847,-4.613326154869794,5.830330539813637,4.731384379017353,0.1194034218788147,0.642034649848938,-0.3441067636013031
1774470794907434500,161.8804345703125,-1.0762234568566085,-0.8398289222724735,-0.1934516110450029,-0.4503631889820099,0.3852354884147644,-1.1716225147247314,-2.753931628638506,-6.434184321957826,0.1998205615550279,-2.3827223777771,1.2272108793258667,0.2669926583766937,-4.93696949544847,5.45441457568407,4.840928165058791,0.0582053698599338,0.8271408677101135,-0.6120672225952148
1774470794917461500,161.89046142578124,-1.23211602935791,0.1143697448931634,-0.3759463592678308,-0.4362188577651977,0.4473800957202911,-1.0700101852416992,-3.048600219145417,-7.027875022006034,-0.4543947498217224,-2.727834701538086,1.503362774848938,0.2949470579624176,-5.211431164228916,5.127039062839746,5.024446118849515,-0.0443625524640083,1.0797265768051147,-0.8962931036949158
1774470794927488300,161.90048828125,-1.079122100907564,1.0423208949938416,-0.5477589699566364,-0.4232603013515472,0.5163798332214355,-0.9678865671157836,-3.4049504820615053,-7.710823383653164,-0.8048913182735442,-3.107542037963867,1.829468011856079,0.3036813735961914,-5.825721584713459,4.848592708337307,5.02676959336102,-0.1598019450902938,1.373865842819214,-1.2124834060668943
1774470794937515500,161.910515625,-0.8029653186470269,1.6853616091445087,-0.6269196004331111,-0.4177265465259552,0.551099419593811,-0.8671176433563232,-3.6628245886564255,-8.278681723308562,-1.166510753764212,-3.4954187870025635,2.191293478012085,0.2689199149608612,-6.0264428945004935,4.59429295309782,5.238931165573001,-0.242163136601448,1.6552482843399048,-1.5527464151382446
1774470794947541500,161.92054150390624,-0.667752253820002,1.8725243491783736,-0.5686725786477327,-0.4245762825012207,0.593745768070221,-0.7668696045875549,-3.332800022608041,-8.305099774634838,-1.3157117196723818,-3.855041027069092,2.557162046432495,0.1063461825251579,-6.202957983791828,4.68323497287631,5.827057217231393,-0.2837803959846496,1.802690863609314,-1.8863563537597656
1774470794957568500,161.93056860351564,0.0436526792436838,1.6560475441157816,-0.3885819689571857,-0.4454629123210907,0.5660134553909302,-0.6336548328399658,-2.9131331795573234,-8.058996185332536,-1.8907123322978607,-4.164906978607178,2.86332368850708,-0.1365985572338104,-6.894189605137705,5.055077403956651,6.3157105027467,-0.3087757527828216,1.8546936511993408,-2.207836389541626
1774470794967595300,161.94059521484374,0.9763625681787728,1.0349052119098603,-0.200439570236206,-0.4446650147438049,0.417514830827713,-0.4977636337280273,-3.2159073351085183,-8.246338373586536,-3.223212689685821,-4.5205912590026855,3.121032238006592,-0.3935511112213135,-7.643464250129461,5.589321058779954,6.533367165243625,-0.3300797343254089,1.9182343482971191,-2.517486810684204
1774470794977622500,161.95062255859375,1.0666600942194462,0.2983092850968241,0.0380564666718244,-0.3881250619888305,0.2453454583883285,-0.3810268938541412,-3.3416830017656087,-8.821807772767544,-4.390524822960794,-5.001184463500977,3.372551202774048,-0.6248671412467957,-8.442188277944922,6.196704768615961,6.708001847615837,-0.3912557363510132,2.0062801837921143,-2.8771047592163086
1774470794987649500,161.9606494140625,0.5986778408110142,-0.5434127574458718,0.2524368839770555,-0.2796124815940857,0.1826980412006378,-0.3064517080783844,-2.893494413107633,-8.980686667603253,-4.187513940931856,-5.527736663818359,3.645118713378906,-0.8494678735733032,-9.147467129343749,6.531013295593858,6.653374769893288,-0.5789155960083008,2.209390878677368,-3.2596330642700195
1774470794997676300,161.97067626953125,0.4847609542518853,-1.1771451066337526,0.2934714896768331,-0.1651764661073684,0.1395050436258316,-0.2809530198574066,-2.8411715206742283,-8.832657668083906,-3.575621813760697,-6.176017284393311,3.813963651657105,-1.0368801355361938,-9.893804551839828,6.522920005509257,6.109928986960649,-0.8829777836799622,2.5392234325408936,-3.6185050010681152
1774470795007703600,161.98070361328126,0.2057739170014858,-1.2736327194862067,0.0981587609350681,-0.0570188872516155,0.0206972677260637,-0.2672711312770843,-2.830010075190663,-8.749762527254223,-3.49262496612221,-6.855436325073242,4.003890037536621,-1.3367797136306765,-11.130609615796804,6.795071643781662,6.031254094174504,-1.2717700004577637,2.819530963897705,-3.928822040557861
1774470795017730600,161.99073046875,-0.6042027417123317,-1.000839568439871,-0.2200432653725147,0.0552360154688358,-0.0953118875622749,-0.2094930708408355,-2.705166720947623,-9.364888814041018,-4.225614246745407,-7.578501224517822,4.167102813720703,-1.6823573112487793,-12.913138344490529,7.155285011866688,6.957542425629496,-1.7138043642044067,2.927448511123657,-4.2792558670043945
1774470795027756500,162.0007565917969,-1.1642016000390052,-0.4928507372051477,-0.6424076769441366,0.1466235220432281,-0.1053342297673225,-0.1009438708424568,-2.423446459341049,-10.760568681180477,-5.012823485594987,-8.271072387695312,4.279545783996582,-2.072841167449951,-14.169319140046834,7.217409167346358,8.365196808201073,-2.169551372528076,3.0335614681243896,-4.69923734664917
1774470795037783300,162.010783203125,-1.3962819246858358,0.3432388524085283,-1.0479238295674322,0.2151090949773788,-0.0061969934031367,0.0535876490175724,-2.0235399632930755,-12.257543269193173,-5.795826212665438,-8.895445823669434,4.3743815422058105,-2.515443086624145,-15.5324043130517,7.156598432552814,9.865295081192254,-2.63733458518982,3.1614913940429688,-5.246362209320068
1774470795047810300,162.02081030273436,-1.2773849116265774,1.6331030141189693,-1.435224526542425,0.2347323298454284,0.1218882724642753,0.2331398278474807,-1.8992682714581488,-13.479720088338851,-6.441475648009777,-9.305638313293455,4.394302368164063,-3.080580234527588,-16.957592598748207,6.776288032856583,10.936980894619223,-3.091969490051269,3.3677432537078857,-5.826818466186523
1774470795057837600,162.03083764648437,-0.9412678739219904,3.127510089731216,-1.7357728227376936,0.2329765111207962,0.1993692219257354,0.3586548864841461,-1.3662357459902763,-14.392785365605354,-7.520556247863173,-9.519899368286133,4.178038597106934,-3.735144853591919,-18.3589838292718,5.823931194165349,11.300189937388897,-3.5657050609588623,3.729528188705444,-6.329082489013672
1774470795067864300,162.0408642578125,-0.6051847384870052,4.1965591249138114,-1.8420540998518464,0.2220759391784668,0.2010172605514526,0.4438235163688659,-0.7318132225811481,-15.125100107967851,-9.080253541770578,-9.481508255004885,3.947150945663452,-4.453065395355225,-20.415638126659392,4.547830477130413,11.56098256177902,-3.994870662689209,4.01881217956543,-6.785040378570557
1774470795077891300,162.05089135742188,-0.2629746446043253,4.466429666511714,-1.688574433711171,0.205133706331253,0.1255517899990081,0.5640944838523865,-0.1192570785433053,-15.227559780967235,-10.801300504541397,-9.267520904541016,3.781553745269776,-5.177383899688721,-22.70381453028917,3.5658828022956848,11.480004068225622,-4.379077911376953,4.245741367340088,-7.156920909881592
1774470795087918600,162.0609187011719,-0.0583352845907211,4.149856410449743,-1.331815589994192,0.2076053470373153,0.0778698176145553,0.7359668612480164,0.0451361957997083,-14.682932679295538,-12.72754446120858,-9.012630462646484,3.741052865982056,-5.909763813018799,-24.065060797429084,2.199120402082801,11.003711082589623,-4.769039630889893,4.306594371795654,-7.379562377929687
1774470795097945300,162.0709453125,0.1828565672725439,3.701676005098224,-1.0607271970391272,0.2616017460823059,0.0426769442856311,0.8937011361122131,0.6941171136543154,-13.398581435787676,-14.631788182991745,-8.656825065612793,4.118620872497559,-6.6989264488220215,-25.36805828921795,-0.1135784483850002,10.646522615283727,-5.099806785583496,4.37815523147583,-7.488287448883057
1774470795107971300,162.08097143554687,0.1655436134219169,3.5898330022037026,-0.999659857136011,0.3735166490077972,-0.0073132375255227,1.0328946113586426,0.2565387663379311,-12.997760747504234,-16.884619716995953,-8.221650123596191,4.609922409057617,-7.080790042877197,-26.921254530668257,-3.1919398918047546,10.186955138999224,-5.326461315155029,4.2772393226623535,-7.425179958343506
1774470795117998300,162.09099829101564,-0.0027823241949081,3.693543552047014,-0.8781395098358392,0.5165970921516418,-0.0336646810173988,1.152466058731079,-1.6191063452094792,-12.607789954537152,-18.698508045071364,-7.819036483764648,4.712576866149902,-6.858030319213867,-27.872570920395848,-6.39950697633028,9.494740936356784,-5.498995304107666,4.0700225830078125,-7.242715358734131
1774470795128025600,162.10102563476562,-0.0222790518254041,3.8091745490476487,-0.4779483516275882,0.6971657872200012,-0.0116290496662259,1.2641839981079102,-1.2400696187108755,-9.774602418354151,-20.345827508330345,-7.575432300567627,4.956050395965576,-6.286671161651611,-26.850534396278857,-9.991080684721467,8.46544757297933,-5.566506385803223,4.037150859832764,-6.868679046630859
1774470795138052400,162.11105224609375,0.0652484249800443,3.74257412493676,-0.0847211872130632,0.921930491924286,0.0088280225172638,1.399885892868042,-0.0841737824633717,-6.778464792373776,-22.466337315034863,-7.32879638671875,5.0294108390808105,-5.563714027404785,-26.175575279819963,-12.245389890062809,7.574724475902318,-5.540516376495361,3.894603967666626,-6.344509124755859
1774470795148079400,162.12107934570312,0.2555231595546007,3.370618588870764,0.109201548475027,1.1763510704040527,-0.0446783751249313,1.5282471179962158,0.9898901582717896,-4.727730532684922,-23.187087876331805,-7.168669700622559,4.920726299285889,-4.960909843444824,-24.26698972944021,-13.178937983387708,6.338742418766022,-5.570032596588135,4.067673206329346,-5.598833560943604
1774470795158106400,162.1311064453125,0.3840928408443927,2.8984210558548567,0.2704746449708938,1.4269592761993408,-0.1689079105854034,1.6026406288146973,4.075930758017301,-2.5268010353535413,-23.58656650235653,-7.156090259552002,5.085979461669922,-4.474920749664307,-21.450244209492205,-13.919496822482346,4.494932415157557,-5.840232372283936,4.306041717529297,-4.509435176849365
1774470795168133400,162.14113330078126,0.2773153046458959,2.7747961374908683,0.4106470857709646,1.60066020488739,-0.275845319032669,1.6727659702301023,7.004434525185823,-0.4594868122637272,-22.13774248952865,-6.886968612670898,5.517287254333496,-4.056166648864746,-19.71987938327789,-14.352979424917695,1.8879367301046848,-5.718515396118164,4.099442005157471,-3.410956382751465
1774470795178159400,162.15115942382812,0.1085597434401512,3.058150722301006,0.6087281101822852,1.6609249114990234,-0.3345789313316345,1.7414705753326416,7.349923202347755,0.7325415368556976,-20.647697993040083,-6.330387115478516,5.769370079040527,-3.5121312141418457,-16.788871524333953,-14.849711971992251,3.388590298891067,-4.8173017501831055,3.831747055053711,-2.599220991134644
1774470795188186400,162.16118627929689,0.0486906734108924,3.251016642412543,0.7201134324371814,1.632119059562683,-0.352278470993042,1.7718801498413086,5.836862571930885,1.5644588092207907,-20.93085676301717,-5.695189952850342,5.706379413604736,-2.874199867248535,-13.817071051752569,-17.225641477876902,6.297703721413016,-3.598379373550415,3.425464868545532,-1.6528072357177734
1774470795198213400,162.17121337890626,-0.1215519114822149,3.151172120347619,0.7554226462274789,1.5373307466506958,-0.3940882384777069,1.7839834690093994,4.798984335559607,1.992346368128061,-21.20908684442044,-5.246400833129883,5.436864376068115,-2.134461641311645,-11.1499023452878,-19.86790604470968,4.711246430873871,-2.452883005142212,2.6877074241638184,-0.6180081367492676
1774470795208240400,162.18124047851563,-0.3523988949418067,2.9486908151507376,0.8410603637635707,1.3975398540496826,-0.424138993024826,1.819515824317932,4.811776012593508,2.3408839114665985,-20.71147166929245,-4.973745346069336,5.053310394287109,-1.460153579711914,-7.299094932386279,-18.97111970207095,2.036058668604493,-1.7290465831756592,1.6682584285736084,0.2466824203729629
1774470795218267400,162.19126733398437,-0.271956992483139,2.614132989586889,0.9387684583216904,1.292610764503479,-0.4521426558494568,1.835123300552368,6.248729554885625,3.670888652646541,-18.70986881251931,-4.634923934936523,4.401975631713867,-0.9545769095420836,-3.566747310170531,-18.808240339422223,0.3713105161607265,-1.157150387763977,0.8334200978279114,0.8896461725234985
1774470795228294700,162.20129467773438,-0.3106815676748752,2.051720786508173,0.873691882777214,1.2598400115966797,-0.4665549397468567,1.80454170703888,8.249079196727275,5.140423445069789,-15.565755963033435,-4.057597160339356,3.5729100704193115,-0.6590458750724792,0.0198123694509267,-22.72965273590088,0.3157651545494794,-0.459111750125885,0.5847626328468323,1.3351539373397827
1774470795238321700,162.21132177734376,-0.5060580093026161,1.3746259731948376,0.5906184529960156,1.2470937967300415,-0.4275234043598175,1.736290454864502,10.325610745495558,5.794102457612753,-12.947227661097047,-3.32731556892395,2.751620054244995,-0.5735437870025635,3.1708219927132126,-27.59639601795673,-0.8839870668202638,0.0132826976478099,0.831656277179718,1.6962642669677734
1774470795248348700,162.2213486328125,-0.4752689032852649,0.7838825786449015,0.4504804989874362,1.2376067638397217,-0.3571983575820923,1.6481679677963257,11.558722800153491,5.512689069998264,-11.27619648286104,-2.5891873836517334,2.000765562057495,-0.5538522005081177,5.533092391079664,-29.28272296500206,-4.59651179819107,-0.0098003661260008,1.4186413288116455,2.0758144855499268
1774470795258374700,162.23137475585938,-0.2587070502877235,0.1952161364994943,0.5011579623013734,1.2026537656784058,-0.2816575467586517,1.5569040775299072,11.665568725413085,4.663979652786255,-10.253373192280533,-1.9611759185791016,1.496221661567688,-0.5604262351989746,6.725197897088528,-28.40396444648504,-8.532619074976443,-0.3452609181404114,2.041503667831421,2.255053758621216
1774470795268401700,162.24140161132811,-0.0500818355083465,-0.4021289944030344,0.6788005943179131,1.1197010278701782,-0.2397665679454803,1.514017939567566,10.55830189551711,3.896559694772959,-9.05524009654522,-1.340096950531006,1.2606054544448853,-0.4747178554534912,7.274338676792382,-27.939213430082795,-10.493785876464845,-0.5382575988769531,2.2092397212982178,2.011337280273437
1774470795278428700,162.2514287109375,0.2448679100275039,-0.7910572925798595,1.0037041640907525,0.9764841198921204,-0.2226285934448242,1.5041637420654297,8.57201468129754,3.48392406553328,-7.148491113942861,-0.7415636777877808,1.1771419048309326,-0.2949310541152954,7.918604548823833,-27.65155384155512,-9.598225860750675,-0.5824143886566162,1.831059575080872,1.409335017204285
1774470795288455700,162.26145556640626,0.493711737948656,-0.8116402080118655,1.3087562014460563,0.7823890447616577,-0.1987381279468536,1.511916995048523,6.348467693966627,3.20808877031207,-6.861160611239075,-0.2974385023117065,1.1820712089538574,-0.0526933036744594,8.729415904796124,-26.112870109581944,-8.093495836305618,-0.6540465354919434,1.1174075603485107,0.6829209327697754
1774470795298482700,162.27148266601563,0.6899643778890371,-0.3635143093265592,1.4222072240591048,0.5512818098068237,-0.1950014531612396,1.5436546802520752,4.0801711720660325,3.0080916831463576,-7.324035896897316,0.0154110258445143,1.25150728225708,0.2430920153856277,7.838678194671869,-23.04467262504101,-7.700567362576723,-0.7718674540519714,0.2097921222448349,-0.0892652794718742
1774470795308509700,162.281509765625,0.7705956654399633,0.4559915174938738,1.3662217174649238,0.3167005479335785,-0.189763069152832,1.6348882913589478,2.523265554703772,2.8182062401503325,-7.430399591597914,0.2463483065366745,1.3112421035766602,0.5545807480812073,6.973308734560012,-19.118651857984062,-8.421072424679995,-0.8335872292518616,-0.5724661350250244,-0.86146080493927
1774470795318536700,162.29153662109374,0.8313567158728837,1.2076773152805864,1.1565414406746626,0.130675807595253,-0.2143498957157135,1.750072360038757,1.7160298652611672,2.678545256003737,-7.107300440898538,0.4285135567188263,1.3779315948486328,0.8397402763366699,6.947921779847145,-15.373625955981016,-9.645614803913237,-0.8122957944869995,-0.9296090602874756,-1.5583362579345703
1774470795328562700,162.30156274414065,0.7029016008734703,1.621967579859495,0.9090981272011994,0.046423602849245,-0.2629302144050598,1.87164318561554,1.3578899424493311,2.5946061590790745,-6.452481610670685,0.5671778321266174,1.486780285835266,1.046951413154602,7.186698971784114,-12.696861738175151,-11.593151139456031,-0.7302026152610779,-0.7838091254234314,-2.075527667999268
1774470795338589700,162.31158959960936,0.5311924505591392,1.8242611073993145,0.705143826842308,0.0561638474464416,-0.3084705471992492,2.006744861602783,1.4209864500924945,2.524389882558584,-5.78062455188036,0.6567249894142151,1.5990804433822632,1.1518296003341677,7.641299181050062,-10.842203008294105,-13.995206435722112,-0.6713512539863586,-0.0122988382354378,-2.3953421115875244
1774470795348616700,162.32161669921874,0.5471943218111992,1.989149033391476,0.546310524713993,0.1475272923707962,-0.3829248249530792,2.144615411758423,1.5613842240810394,2.3697499404668805,-5.24566485774219,0.7144275307655334,1.6467455625534058,1.1778384447097778,7.111358776378631,-9.231391613221168,-15.67489204505682,-0.643665075302124,1.1936638355255127,-2.479924440383911
1774470795358643700,162.3316437988281,0.5849053360462189,2.199563761936128,0.4365232853055,0.3337387144565582,-0.4386602640151977,2.27112078666687,1.5537521217674015,2.1503023028999566,-4.797848025006055,0.7704963684082031,1.6218385696411133,1.1543298959732056,6.0145911286652085,-7.565193846490978,-16.167073504698276,-0.5434899926185608,2.5434749126434326,-2.372615098953247
1774470795368670700,162.34167065429688,0.8489911567628383,1.85432876727432,0.1754991902470588,0.5706357359886169,-0.4758382439613342,2.384261131286621,1.4604960381820795,1.882393124502897,-4.4065112043827765,0.8499140739440918,1.5616179704666138,1.1124539375305176,4.792075286823511,-5.7910044915974135,-15.324644190669058,-0.4275676012039184,3.7258143424987793,-2.143881559371948
1774470795378697700,162.35169775390625,0.9032207596004008,1.5145684046313166,-0.0367056365847587,0.8231835961341858,-0.4704919457435608,2.5055510997772217,1.4028458132460713,1.582319460082054,-4.064304033109545,0.945393681526184,1.4703937768936155,1.0507460832595823,3.937677302581072,-4.561299030512571,-13.859038554388285,-0.3165710568428039,4.561603546142578,-1.926418423652649
1774470795388724500,162.36172436523438,1.0165016863435503,1.5992722023181616,-0.3140630268067121,1.0547025203704834,-0.3522700667381286,2.6308434009552,1.4175886243477462,1.2982687097012997,-4.000462552317977,1.0592163801193235,1.4023735523223877,0.9646741151809692,3.4271509156927467,-3.960024451206624,-11.823678389441966,-0.1651479750871658,4.918929100036621,-1.798689365386963
1774470795398751700,162.37175170898436,1.0613806925117968,1.940551591221988,-0.4234562984615564,1.2518714666366575,-0.1358791589736938,2.701683521270752,1.349580087004602,1.0082166730791329,-4.268994831049442,1.1625767946243286,1.3667356967926023,0.8594281077384949,3.1594983424052594,-3.78762293471396,-9.62367360574007,0.0533758327364921,4.9002556800842285,-1.7742758989334106
1774470795408777700,162.38177783203125,1.3088748593896626,1.677228717701882,-0.4110556665718555,1.3692160844802856,-0.0352726243436336,2.6781249046325684,1.2387544444590806,0.7203238603174686,-4.090010136774182,1.2998833656311035,1.3312108516693115,0.7579056024551392,2.7597134269103405,-3.960592314222455,-7.705094484612345,0.2965676188468933,4.635690689086914,-1.769047498703003
1774470795418804700,162.3918046875,0.981990929454565,0.9322916635230184,-0.2339595625221729,1.4868476390838623,0.0496590435504913,2.689565420150757,1.4092688320308924,0.6363672277361154,-4.041763115477561,1.4964531660079956,1.2964986562728882,0.6741805672645569,2.060794758193195,-4.197639905887842,-6.427393346643448,0.51455157995224,4.240978717803955,-1.793561935424805
1774470795428831500,162.40183154296875,1.276682316315174,0.3347777519248426,-0.495353075414896,1.5494822263717651,0.0641129314899444,2.737391233444214,1.4484703770846128,0.6484750141590834,-3.231036515179276,1.7054109573364258,1.2155598402023315,0.6413328051567078,1.3637041816860436,-4.35531176302135,-5.791385599869489,0.709867000579834,3.7992022037506095,-1.831897497177124
1774470795438858800,162.41185864257812,1.6992723533362148,0.3372846201792359,-0.3188748110026121,1.5466861724853516,0.010561822913587,2.753113508224488,1.5824544846385715,0.7555588398277759,-3.13812471498698,1.887869954109192,1.1551129817962646,0.6140189170837402,0.8755012702867389,-4.431662889035046,-5.508363608014584,0.8858148455619812,3.367555856704712,-1.8598586320877075
1774470795448885800,162.4218857421875,1.512653803181648,0.3534772647630423,0.1543956119418144,1.5555649995803833,-0.0929544866085052,2.653876304626465,1.4827707060933113,0.6939636766582727,-2.981134118115902,1.961145281791687,1.093022346496582,0.6027228832244873,0.6376414854556322,-4.494281842294335,-5.466035455372929,1.0049991607666016,3.021176815032959,-1.8899842500686648
1774470795458912500,162.43191259765624,0.6842448311984539,0.1215182284083217,0.4006020770967006,1.5649073123931885,-0.0738774687051773,2.4761033058166504,1.3944149617701769,0.5914525657325983,-3.312886530870199,1.993152737617493,1.1206728219985962,0.5820713639259338,0.3891343421429395,-4.599384138756991,-5.49546379443109,1.0973552465438845,2.776916742324829,-1.947726130485535
1774470795468939800,162.44193969726564,0.0076736033678054,-0.2499743663210421,0.5090174436300993,1.5382009744644165,-0.0337225086987018,2.351740837097168,1.2656138098120688,0.2795376568704843,-3.4177173169150947,1.942172646522522,1.156322002410889,0.5616950392723083,0.2641004337638616,-4.689882448066771,-5.417161826610565,1.1695239543914795,2.5958495140075684,-2.0192668437957764
1774470795478965800,162.4519658203125,0.0934381621539592,-0.8665623231582343,0.5352618919551372,1.4564416408538818,-0.0089705567806959,2.2532799243927,1.4138023838073015,0.1033785414099693,-3.8853000496119257,1.960031032562256,1.2507500648498535,0.546859085559845,0.3117085726350546,-4.575594682368636,-5.389999094396829,1.195905685424805,2.4788849353790283,-2.084953784942627
1774470795488992800,162.46199267578126,0.2377045942693948,-1.5369864265359938,0.4019856404095888,1.3621824979782104,-0.0222319699823856,2.150434732437134,1.5730074418574571,0.0889829363107681,-3.519919508022069,2.067805767059326,1.302983283996582,0.5482243895530701,0.4216571400851011,-4.444157336688042,-5.3094268435567615,1.2137624025344849,2.433338165283203,-2.137234926223755
1774470795499019500,162.47201953125,0.1977373255401849,-2.0617755859240887,0.0877659617364406,1.2830817699432373,-0.0788968503475189,2.0427334308624268,1.9482406844198703,0.297604643958807,-3.477605676166713,2.2427127361297607,1.3050775527954102,0.536041796207428,0.4498106369018554,-4.540001683200895,-4.907060679396987,1.215596318244934,2.397778272628784,-2.2181785106658936
1774470795509046800,162.482046875,-0.0563309590309858,-2.615108848881721,-0.0844271727025508,1.251497507095337,-0.1519796401262283,1.9064610004425049,2.262040676376224,0.591065027719736,-3.14379399279505,2.429507255554199,1.2475063800811768,0.5443532466888428,0.5415893414109945,-4.937398534515499,-4.586567327281832,1.2675212621688845,2.288455009460449,-2.33198356628418
1774470795519073800,162.49207373046875,-0.31602526679039,-3.1229706927359104,-0.0728092156231403,1.2464978694915771,-0.2175666391849517,1.733919620513916,2.256300086897612,0.7207827100008726,-2.90253784352392,2.602934598922729,1.2190786600112915,0.53298020362854,0.8235738069117069,-5.382028553909063,-4.2706303232967855,1.363502025604248,2.172100782394409,-2.431583404541016
1774470795529100500,162.5021005859375,-0.4080909715473652,-3.322313699907064,0.13562310693264,1.2106139659881592,-0.261536568403244,1.5609108209609983,2.0939117226362227,0.5280605822741985,-2.801919706737995,2.6907782554626465,1.2026368379592896,0.4363376796245575,0.6418506275832653,-5.513659960857034,-3.7585616754025217,1.4472129344940186,2.12080454826355,-2.5305864810943604
1774470795539127600,162.51212744140625,-0.3901654387563467,-3.1894542124688625,0.7687941689759492,1.1194860935211182,-0.247745931148529,1.378393530845642,1.7414485302865503,-0.0157137019604444,-3.3692081375509497,2.654161214828491,1.1714287996292114,0.300801157951355,0.308317176631093,-5.409961685973405,-3.1617262475878,1.5049870014190674,2.1080586910247803,-2.6372032165527344
1774470795549154800,162.52215478515626,-0.4752887770295143,-3.003155688048899,1.6070020659178494,1.0030092000961304,-0.2005162984132766,1.1759206056594849,1.3133300852328538,-0.5253057306081056,-3.979583138157427,2.592452049255371,1.1949573755264282,0.2082770317792892,0.2122083339631557,-5.141213718664646,-2.7273931658029555,1.5256975889205933,2.119634866714477,-2.7588374614715576
1774470795559180800,162.53218090820312,-0.5561836839526891,-2.8936598328024146,2.189844624215364,0.8783325552940369,-0.1228734403848648,0.9873858094215392,0.8079086202681064,-1.010241456905007,-3.719799398548901,2.55539870262146,1.1507257223129272,0.2249870300292968,0.2578659232884645,-4.974370713081956,-2.530550158753991,1.4836199283599854,2.1458096504211426,-2.8387644290924072
1774470795569207600,162.54220751953125,-0.5359294159531593,-2.792725761935115,2.334386950662732,0.7413800358772278,-0.0916396379470825,0.7913172245025635,0.9474240584641694,-1.0757517476916312,-4.060563093015551,2.5380427837371826,1.0131800174713137,0.2855564951896667,0.2440162616342306,-5.147099854093789,-2.536316467195749,1.4158779382705688,2.1504154205322266,-2.863586187362671
1774470795579234600,162.55223461914062,-0.6625298429965972,-2.553575060510635,2.127917452612519,0.5956284403800964,-0.0789422243833541,0.6251804828643799,1.4749147318959237,-0.7003717901349067,-3.777293848401308,2.5880069732666016,0.8800395131111145,0.3468368947505951,0.3434492802888155,-5.532655168706178,-2.4956138699293136,1.392983078956604,2.107487678527832,-2.8424766063690186
1774470795589261800,162.56226171875,-0.7371393860399723,-2.1334690953902897,1.6093144345134496,0.4526710212230682,-0.0969717130064964,0.480846643447876,1.96273332015276,-0.3176508221656083,-3.5064398487240074,2.6715495586395264,0.7933854460716248,0.3258946537971496,0.5685024827778339,-5.769160908579826,-2.321729129141569,1.4000730514526367,1.923722982406616,-2.827835321426392
1774470795599288600,162.57228857421876,-0.8419581893861293,-1.8492273524820804,0.7872422643363476,0.3238123953342438,-0.1098358482122421,0.3608230352401733,2.575838330245018,-0.052337505480647,-3.439464746081829,2.760458707809448,0.7275561094284058,0.189867302775383,0.7604910355329513,-5.810339306664466,-2.217429381233454,1.4430735111236572,1.6167601346969604,-2.8457155227661133
1774470795609315600,162.58231567382813,-1.1610720698416233,-1.6304279496908187,-0.1591711557805538,0.2158740311861038,-0.0849086195230484,0.258984237909317,2.840790412402153,0.0643839171051979,-3.3182904357403515,2.896031618118286,0.6721753478050232,-0.0589807331562042,0.806156223642826,-5.669383022010326,-1.8230425253897904,1.5263930559158323,1.2817585468292236,-2.916408061981201
1774470795619342600,162.59234252929687,-1.2992998063147068,-1.609394514012337,-1.1537778211802243,0.1361216753721237,-0.0303471088409423,0.1570203304290771,2.5651000786095857,0.036089550513029,-3.33453780618608,3.0613200664520264,0.5908190011978149,-0.3887831568717956,0.9605828152447938,-5.615093797940015,-1.2352882296532393,1.63049578666687,1.07219660282135,-2.99873161315918
1774470795629368800,162.60236889648436,-1.4853794272869825,-1.7477654583483933,-1.9884400083392857,0.0712429359555244,0.0463310107588768,0.0587447769939899,2.132955446779728,-0.173909875229001,-3.416950424195826,3.237272262573242,0.4137283563613891,-0.7277394533157349,1.1568716955423357,-5.818194111818075,-0.8438654843121767,1.6849859952926636,1.0376452207565308,-3.0533440113067627
1774470795639395800,162.61239575195313,-1.4914935262531042,-1.8820435804128648,-2.2581109357118607,0.006833323277533,0.0892201513051986,-0.04224868491292,1.7163678650438785,-0.5868605617672205,-3.407389691907168,3.334486246109009,-0.0254386365413665,-0.872523307800293,1.0016852254837751,-6.158141521465778,-0.9542214635193348,1.6539533138275146,1.0651514530181885,-3.0538575649261475
1774470795649422600,162.62242260742187,-1.3641215303152798,-2.0689133288495243,-1.8667326140344145,-0.0535341165959835,0.0739195570349693,-0.1272262185811996,1.5782096866756676,-0.6574953559607267,-3.3329549209088083,3.328909158706665,-0.539781391620636,-0.8511935472488403,0.9767015908747912,-6.434249788409471,-1.34772802939713,1.5311747789382937,1.1238511800765991,-2.9657161235809326
1774470795659449600,162.63244970703124,-1.1798480819821358,-2.195528953462094,-0.8200485553950071,-0.1016712859272956,0.0085000675171613,-0.2034541517496109,1.853478580185771,0.2309691485345363,-3.331270328822732,3.258307218551636,-0.8343117833137512,-0.8224053382873535,1.062130049574375,-6.495637446308136,-1.5362281555145978,1.378324270248413,1.16488778591156,-2.8110976219177246
1774470795669476900,162.64247680664062,-0.9611574002623556,-2.298183418381214,0.3047352264910936,-0.1474133878946304,-0.0824099034070968,-0.2635999917984009,2.1500731703191995,1.3667688299536704,-3.1438287718474864,3.1745476722717285,-0.8967559337615967,-0.838382363319397,0.6119441496193408,-6.431801810735464,-1.3248136022776364,1.2626948356628418,0.962259829044342,-2.634247303009033
1774470795679503600,162.65250366210938,-0.7236831076174974,-2.32740206021145,1.314227326333523,-0.184220403432846,-0.1784669309854507,-0.3162869215011596,2.6615824307650326,2.1034324151754378,-2.7901936131089924,3.1227686405181885,-0.896417498588562,-0.8777228593826294,-0.1218786592185497,-6.22876696330905,-0.8921148436963557,1.2466084957122805,0.3806329369544983,-2.556154727935791
1774470795689530600,162.66253051757812,-0.5840455043464898,-2.2176563218571244,1.9179723874062296,-0.2117261886596679,-0.2505435645580292,-0.3515434265136719,2.92595232912004,2.133397345328331,-2.4990508586406706,3.1418559551239014,-0.8939145803451538,-0.9038366079330444,-0.0630915392071008,-6.012528350916504,-0.186802674549818,1.307065725326538,-0.3320903480052948,-2.6151375770568848
1774470795699556600,162.672556640625,-0.4313917676359415,-1.840474575575441,2.2065473372131583,-0.2140804231166839,-0.2914707362651825,-0.3703578412532806,2.67395266751647,1.655066131862998,-2.495409287267923,3.1942362785339355,-0.8894271850585938,-0.9081102013587952,0.9432131627708672,-5.885960072576999,0.6992161903589964,1.3997575044631958,-0.802613377571106,-2.692519426345825
1774470795709584000,162.682583984375,-0.3377034301131963,-1.406179049322009,2.2151877397865056,-0.198580116033554,-0.2944985330104828,-0.3969960510730743,2.049307734017074,1.217147592806816,-3.2072944050639864,3.2142229080200195,-0.845191240310669,-0.9420910477638244,1.68430567035079,-5.787520156612992,1.0227367813408377,1.4652148485183716,-0.9934452772140504,-2.728900194168091
1774470795719610600,162.69261059570312,-0.3590986848413944,-1.078939730077982,2.026492967879772,-0.1748739928007125,-0.2682722508907318,-0.4280988574028015,1.6523860989987849,0.7310925070911646,-3.656481941631436,3.2668700218200684,-0.8318527936935425,-0.9285746812820436,1.886204791745544,-5.426044805768132,0.2395247954338789,1.4395463466644287,-1.0479761362075806,-2.663825750350952
1774470795729637600,162.7026376953125,-0.3695744861483573,-0.9003300065949559,1.7655746712833642,-0.1531169414520263,-0.2222610712051391,-0.4585129916667938,0.681195380499959,0.1914063689529895,-3.71439140202552,3.257338523864746,-0.9634090065956116,-0.7975597977638245,1.728877802526951,-4.868340195858479,-0.8470300858229398,1.3221261501312256,-1.0284570455551147,-2.528682470321656
1774470795739665000,162.71266479492186,-0.3246124778717756,-0.7852867463544011,1.389015148553252,-0.1401233822107315,-0.1685078293085098,-0.4887720942497253,0.2353156533062458,0.2323632332414388,-4.189519143274426,3.163747787475586,-1.055514216423035,-0.6465564370155334,1.3980723152339458,-4.585212405541539,-1.4211241049975156,1.2270379066467283,-1.017341375350952,-2.361290454864502
1774470795749691600,162.72269165039063,-0.2413859131306409,-0.6784012197367847,0.9476514374792576,-0.1198951080441474,-0.1181949749588966,-0.5322278141975403,0.0846814397245645,0.1520955183058977,-4.553985492628812,3.006626605987549,-0.9825660586357116,-0.5179845690727234,1.2173685420811176,-4.52935315567553,-1.1991717911332844,1.233210802078247,-1.1349745988845823,-2.204822540283203
1774470795759718700,162.73271875,-0.2230880398958921,-0.5570071291647851,0.5727624783098697,-0.1054157689213752,-0.1075335368514061,-0.5769374966621399,0.6100584820032119,-0.2581751353681087,-4.457317847034335,2.8648035526275635,-0.8788090348243713,-0.4109159409999847,1.1916010636180638,-4.348502083006501,-0.3725724989205599,1.2896586656570437,-1.4064024686813354,-2.0457375049591064
1774470795769745700,162.74274560546874,-0.3281388984322548,-0.4908291682496666,0.440691510900855,-0.1115256547927856,-0.1344545781612396,-0.6119778156280518,1.2875187676280735,-0.860465321457386,-3.8581428703561422,2.797250986099243,-0.8194934129714966,-0.2812738418579101,1.6302081694602966,-3.789678698199987,0.4862146601915359,1.3192604780197144,-1.633608102798462,-1.916736960411072
1774470795779771600,162.75277172851565,-0.4621545701682567,-0.6039984513118862,0.5152297422736883,-0.1270364373922348,-0.178696870803833,-0.6451001167297363,1.6848440150111912,-1.7322271129548548,-2.988586772209406,2.7608182430267334,-0.7847058773040771,-0.1421145945787429,2.374193475872278,-3.427949664855003,0.8618950619995593,1.3346014022827148,-1.7565838098526,-1.7446446418762207
1774470795789798700,162.76279858398436,-0.614541764897108,-0.6994082057997584,0.7123486436545848,-0.1658364832401275,-0.2389484792947769,-0.6636391878128052,1.7270435728371143,-2.214181193092465,-2.24533737885654,2.6866157054901123,-0.7613316774368286,-0.0377666652202606,2.782827175994217,-3.529758764991164,0.8326017474979162,1.3632519245147705,-1.799873948097229,-1.5096038579940796
1774470795799825700,162.77282568359374,-0.7975479697734117,-0.7678852374374866,1.082438093587756,-0.2333934307098388,-0.2800426483154297,-0.6578747630119324,1.675638964292407,-2.1193746651947496,-1.381236331245303,2.606621026992798,-0.719383716583252,-0.0283601097762584,2.609305131039023,-3.492252917939424,0.7467939340919256,1.404213547706604,-1.837451457977295,-1.2542387247085571
1774470795809852700,162.7828527832031,-0.8480594288706779,-0.8370626724295318,1.4912982959419487,-0.3205142319202423,-0.3113362193107605,-0.6385191082954407,1.7351041296958922,-1.969790252926945,-0.2097889978617429,2.523531675338745,-0.7357003688812256,-0.1053386181592941,2.402679565644264,-3.278136704528332,0.8675584945887327,1.4616153240203855,-1.918718218803405,-1.0431394577026367
1774470795819879700,162.79287963867188,-0.8068810307860373,-0.8154409154690802,1.823720570781827,-0.4231103658676147,-0.3288685977458954,-0.6093077063560486,1.570282693068683,-1.7028525499105454,0.4813593291148543,2.4166126251220703,-0.814796507358551,-0.2288453727960586,2.484903675344586,-3.1018530859053133,1.1794283952653408,1.5443717241287231,-2.0466229915618896,-0.8890529870986938
1774470795829906700,162.80290673828125,-0.867207196933031,-0.6977472868502139,1.9749159253776072,-0.518720269203186,-0.3632998466491699,-0.6070905923843384,1.1680062530189752,-1.6028952151209117,1.04096246612221,2.2813754081726074,-0.8958073258399963,-0.3691782653331756,2.7863924672603604,-2.86869607193768,1.6437737534761427,1.626986742019653,-2.1828958988189697,-0.7615191340446472
1774470795839933700,162.81293359375,-1.2387971145570278,-0.440227108259499,1.996224670866132,-0.5859781503677368,-0.3717013299465179,-0.6289093494415283,0.5997276421248913,-1.6956693604081867,1.1711968657538294,2.118577718734741,-0.9141008257865906,-0.4997642636299133,3.0509046966955062,-2.481082071229815,1.9779601153790949,1.6637834310531616,-2.2582783699035645,-0.6428614258766174
1774470795849960400,162.82296044921875,-1.561200099685788,-0.2772664970681071,1.9427344882190227,-0.6232638359069824,-0.3372687697410583,-0.6624475717544556,0.2655319278717041,-2.206594683486223,1.0828604106530546,1.9458575248718264,-0.9183930158615112,-0.5827777981758118,3.0518712036401032,-1.9701801290273664,1.9703888033419847,1.6489044427871704,-2.2992467880249023,-0.5338088870048523
1774470795859986700,162.8329865722656,-1.6002759725332258,-0.3528727960638702,1.8971628236114977,-0.634284496307373,-0.3092155754566192,-0.7230318188667297,-0.2784106986671686,-2.72814953712821,0.6729515760287642,1.760184645652771,-0.9478382468223572,-0.5984297394752502,3.228063929109275,-1.323600719356537,1.6617597842827438,1.5956207513809204,-2.270185232162476,-0.4192593991756439
1774470795870013700,162.843013671875,-1.7890268585413691,-0.5427963791131973,1.9283418057292696,-0.6278747320175171,-0.3002063333988189,-0.8020084500312805,-0.7197808394819498,-3.0523978578627107,0.3103969055145978,1.6061333417892456,-0.9676719307899476,-0.5679641962051392,3.3771848155185578,-0.595325023251772,1.431475987663865,1.545720458030701,-2.160031795501709,-0.3005305528640747
1774470795880040700,162.8530407714844,-2.102958952444792,-0.7888719113647937,2.057542770659924,-0.6224775314331055,-0.2685330808162689,-0.8815504312515259,-1.0749655657500028,-3.1236428929090496,0.1463496681302785,1.4979121685028076,-0.9674977660179138,-0.5001968741416931,3.2284754325196143,0.0656523296058178,1.4483254156559704,1.5416828393936155,-2.0113353729248047,-0.1755422800779342
1774470795890067500,162.8630673828125,-2.1395085216850043,-0.9971657022327184,2.132869522061944,-0.6156664490699768,-0.2290829867124557,-0.9497083425521852,-1.2642477821558713,-2.856545615416765,-0.0649029725432396,1.4080305099487305,-0.929885745048523,-0.4555020630359649,2.800980087800324,0.5432148967862129,1.6972344177678227,1.5922993421554563,-1.8763222694396973,-0.0630876421928405
1774470795900094700,162.8730947265625,-1.8583564153552048,-0.9752509536750614,2.067475551131368,-0.6039392352104187,-0.1833852678537368,-0.995892345905304,-1.2677920306339858,-2.5317227096647024,-0.3006502952650189,1.3267403841018677,-0.8638928532600403,-0.4332849085330963,2.370595743641257,0.83876786891222,2.006460818198323,1.68260395526886,-1.7732089757919312,0.0242637768387794
1774470795910121700,162.88312182617187,-1.4581968213289975,-0.7095867777258157,1.9220728084623813,-0.595341682434082,-0.1543351113796234,-1.013359546661377,-1.3101660682439804,-2.376101939842105,-0.4719330368608236,1.2474365234375,-0.7911601066589355,-0.4395546019077301,2.015071702416241,0.9124211341440676,2.332892328190804,1.7873708009719849,-1.690057396888733,0.0944065675139427
1774470795920148700,162.89314868164064,-0.9750433022737502,-0.18607625997141,1.7018781519204378,-0.6035354137420654,-0.1915525197982788,-1.001838445663452,-1.5794705003917215,-2.3605261850476262,-0.7934908033370971,1.1697494983673096,-0.715208888053894,-0.4599922299385071,1.6713304534435272,0.8440554539263248,2.578196583808958,1.8956451416015625,-1.6335383653640747,0.1411232054233551
1774470795930174500,162.9031745605469,-0.8293190725654364,0.5725538039952516,1.4984347236931324,-0.629219114780426,-0.1939290314912796,-0.9459707736968994,-1.3012263904631136,-2.928473956552148,-1.0398591810554263,1.1427751779556274,-0.6071900725364685,-0.5459538698196411,1.421409059418738,0.6318424437880515,2.7903911815077063,2.0032639503479004,-1.5769141912460327,0.1733988672494888
1774470795940201700,162.91320166015626,-0.4747346502780914,1.5025811758480965,1.0888087976634502,-0.6565189361572266,-0.1747542768716812,-0.8620484471321106,-1.386507257385552,-3.3939603014916178,-1.0638315927952526,1.1430190801620483,-0.5541865229606628,-0.6100050210952759,1.3247136490345,0.4206535160005092,2.951580106851458,2.093177080154419,-1.484903335571289,0.2061544209718704
1774470795950228700,162.92322875976564,-0.2797460389241576,2.561339849293232,0.5488379973649978,-0.6731069684028625,-0.1411996334791183,-0.7665284276008606,-1.498543444764614,-3.438787869733572,-0.9756640645205974,1.1610047817230225,-0.506805956363678,-0.6810163855552673,1.2011691024303437,0.3878934021711349,2.941163342255354,2.145585536956787,-1.3396344184875488,0.2534038126468658
1774470795960255700,162.933255859375,-0.4577522435560822,3.5056080740749835,0.0073772507697343,-0.6595177054405212,-0.0911942571401596,-0.647617757320404,-1.7448738285601135,-3.19430808224082,-0.6600204905241728,1.1858060359954834,-0.5078238248825073,-0.724166750907898,0.9581120412170886,0.4296551531016826,2.7850726168334483,2.1837735176086426,-1.1566686630249023,0.3351394236087799
1774470795970282800,162.94328271484375,-0.5923007069945335,4.118582735785842,-0.5808697969198227,-0.609992504119873,-0.0462316051125526,-0.5011454820632935,-2.1336066041648385,-2.7577812898039817,-0.427200161164999,1.1872128248214722,-0.5357235074043274,-0.7426985502243042,0.6441019136413931,0.3547229539752006,2.6196386012658475,2.2233428955078125,-0.9430925846099854,0.4417258203029632
1774470795980309800,162.95330981445312,-0.5649713860422373,4.222109745755791,-1.0805331367492674,-0.5622782111167908,-0.0466854125261306,-0.3473934829235077,-2.3177350910693404,-2.3780980820953843,-0.3476636831134557,1.146342396736145,-0.572740375995636,-0.7397693395614624,0.2994806669637561,0.0314934548944234,2.61543764244467,2.2544100284576416,-0.7272627949714661,0.5611206889152527
1774470795990336800,162.9633366699219,-0.5876338842272758,3.690632048514485,-1.016592287236452,-0.5201537609100342,-0.1204519271850586,-0.1963420659303665,-2.333661558997631,-2.165581705096364,-0.2962052985548973,1.070562481880188,-0.601459264755249,-0.7314490079879761,-0.0325862185671925,-0.3247042478084564,2.766333137311041,2.277918815612793,-0.5702268481254578,0.6661057472229004
1774470796000362800,162.97336279296874,-0.8353186052411794,2.7925784624189136,-0.3836474351644516,-0.4523770809173584,-0.2329443842172622,-0.0761895626783371,-2.2682614505872127,-1.971578305387497,-0.1706347990810871,0.988336741924286,-0.6514031291007996,-0.7102845907211304,-0.2945478867366909,-0.5440531011760235,3.005105653072893,2.3018569946289062,-0.525674045085907,0.7427970767021179
1774470796010389500,162.98338940429687,-1.1853496020078658,1.9488035789996383,0.2709323256105184,-0.35779470205307,-0.2814180552959442,-0.0218608826398849,-1.9003543131291865,-1.8655933808714151,0.0159714761137962,0.9511042833328248,-0.6542544364929199,-0.7787986993789673,-0.5107081731960177,-0.6141343531399965,3.327728126171232,2.318671941757202,-0.6114880442619324,0.7892053723335266
1774470796020416800,162.99341674804688,-1.4985703327715396,1.3225135086417197,0.6432043802797794,-0.2580931484699249,-0.2250232398509979,-0.0400079302489757,-1.3371639652848244,-2.200444344162941,0.4546756125897169,0.9842792749404908,-0.7047269344329834,-0.8479189276695251,-0.6609530951991677,-0.6357599094927311,3.6444483894884585,2.332052707672119,-0.7997189164161682,0.7868849635124207
1774470796030443800,163.00344384765626,-1.7676193288534878,0.8498797761656344,0.8277496312916278,-0.1565753072500229,-0.1243253946304321,-0.1253060549497604,-1.085808446803689,-2.332698851445317,1.0134054738938807,1.0698771476745603,-0.8410308361053467,-0.90819650888443,-0.6042626552060246,-0.7101818210095167,3.926067821069061,2.3333468437194824,-1.0412489175796509,0.7544187307357788
1774470796040470500,163.0134704589844,-2.091677387712896,0.4046093399766832,0.7892132721483707,-0.0676379650831222,-0.0110502261668443,-0.2549194395542145,-0.4368278212100267,-2.4920137996107337,1.6201953094899653,1.1894820928573608,-0.9855188131332396,-0.976786196231842,-0.3914750600501894,-0.7338619718044996,4.217250907547772,2.296261548995972,-1.2429288625717163,0.7150289416313171
1774470796050497800,163.02349780273437,-2.286190198248625,-0.1472279853347688,0.6232289292216301,0.0220991615206003,0.0662665516138076,-0.3900345265865326,-0.3257414819017052,-2.6949177141338585,2.061340409377217,1.262237548828125,-1.1449693441390991,-1.0113853216171265,-0.2259419680222869,-0.726908499404788,4.465127644002437,2.196922063827514,-1.3791526556015017,0.6918421983718872
1774470796060524800,163.03352490234374,-2.1959020245581864,-0.793952721760422,0.310529007461667,0.0787592381238937,0.1053950488567352,-0.5176841020584106,-0.5340934326976537,-2.8100515752673147,2.246784070533514,1.2951899766921997,-1.3039249181747437,-1.0260313749313354,-0.0882876475229859,-0.8231459368884563,4.469656519603729,2.042917013168335,-1.4594762325286863,0.6804829835891724
1774470796070551600,163.04355151367187,-1.955330058158934,-1.3804741147011517,0.0112023620158433,0.0833322405815124,0.1079519093036651,-0.6173075437545776,-0.7643886274933814,-2.7714573484569787,2.3177093721061945,1.3374773263931274,-1.5081161260604858,-1.026677489280701,0.0453112601056694,-1.0413193167358636,4.398588594689965,1.866157054901123,-1.585115909576416,0.6610598564147949
1774470796080577500,163.05357763671876,-1.6916875972956418,-1.7420456193968652,-0.0792939014673233,0.0337577573955059,0.0491051077842712,-0.6638396382331848,-0.8649445126980543,-2.4236527955681084,2.180566508260369,1.4153523445129397,-1.7107491493225098,-1.0324102640151978,0.2988347702756524,-1.3011205920010804,4.450194863286614,1.623238444328308,-1.833912968635559,0.6151432394981384
1774470796090604800,163.06360473632813,-1.45278356410861,-1.9622810463406144,-0.0590016395449638,-0.0126439407467842,-6.9186091423e-05,-0.6245763301849365,-0.9111199884176254,-1.9791309127241368,1.868423051339388,1.516758680343628,-1.8540525436401367,-1.0435670614242554,0.3460419271305203,-1.4535083712518215,4.860166826274991,1.3481016159057615,-2.223073005676269,0.500554621219635
1774470796100631800,163.0736318359375,-0.8132914823502302,-2.3805814233437177,-0.3410042252242565,0.0024402041453868,-0.0518780536949634,-0.5753526091575623,-1.1754472166746854,-1.6552280444264411,1.394789055779576,1.6054023504257202,-1.9128072261810305,-1.0248335599899292,0.0478147673591971,-1.347707571130991,5.6733577708601945,1.0296274423599243,-2.844688892364502,0.3391619920730591
1774470796110658600,163.08365844726563,-0.0784641726449131,-2.956260373622179,-0.9825053087174892,0.109336718916893,-0.1709552109241485,-0.5675519108772278,-1.615443146526813,-1.373728732094169,0.8264169213831424,1.6474449634552002,-1.8834998607635496,-0.959859311580658,-0.5586871912062168,-1.286861180502176,6.219398246461153,0.7450703382492065,-3.6827712059021,0.1416986286640167
1774470796120685600,163.093685546875,0.1456546716034412,-3.0871009224534034,-1.8195459154456848,0.2861503660678863,-0.2871406376361847,-0.5764913558959961,-2.1783447405576704,-1.08990945238173,0.3543967907607555,1.6450155973434448,-1.7808094024658203,-0.8490291833877563,-0.8441922320485115,-1.3576006041139363,6.506257039999961,0.548219621181488,-4.484094142913818,-0.0802771896123886
1774470796130712800,163.103712890625,0.2375567102313041,-2.2669572361208497,-2.601556708869338,0.5115242004394531,-0.3835817575454712,-0.567518949508667,-2.7238012787908312,-0.8147498644649982,-0.0638397272258996,1.6072423458099363,-1.6114343404769895,-0.7001985907554626,-1.0203563159450888,-1.3431751883983611,6.700974140936136,0.3844740092754364,-5.036062717437744,-0.2650632560253143
1774470796140739600,163.11373950195312,0.5942173542708158,-0.983003613628447,-3.2385002751886844,0.746367871761322,-0.4613330066204071,-0.527249276638031,-3.1939556155413387,-0.6674772362709045,-0.417155152490735,1.5273443460464478,-1.3964564800262451,-0.5146175026893616,-1.425912800578773,-1.0579764370262623,6.428257854518294,0.2457076162099838,-5.2846879959106445,-0.3869489431381225
1774470796150765600,163.123765625,1.1548550950229168,0.2640155319593846,-3.855419290611148,0.9134365916252136,-0.4720127880573272,-0.4332185983657837,-3.586388122446835,-0.7097627188146114,-0.6760007344663143,1.4312622547149658,-1.1542422771453855,-0.3007247745990753,-1.817369448189437,-0.5446610039412975,5.754713281032442,0.1327181011438369,-5.271908283233643,-0.4751001298427582
1774470796160792600,163.13379248046874,1.805809943298996,1.500693608535826,-4.1152801871091125,0.9309844374656676,-0.4111054837703705,-0.2933104932308197,-3.6851638462364673,-0.9167664698719976,-0.8060650382280349,1.3284629583358765,-0.8924633860588074,-0.0988859310746193,-2.021925221572816,-0.064691375619173,4.834829555922746,0.0384182445704937,-5.052209377288818,-0.5466198325157166
1774470796170819800,163.14381982421875,2.185197382931411,2.826953317968547,-3.738355922719836,0.7920353412628174,-0.3093039393424988,-0.0991866812109947,-3.658532736681401,-1.1996283027291297,-0.8653782279402017,1.2319380044937134,-0.6094800233840942,0.0731458067893982,-2.0350936229646206,0.2148983036994934,3.7649388092190015,-0.0380920805037021,-4.657514572143555,-0.60378497838974
1774470796180846600,163.1538466796875,2.363907644179464,3.9298979007512327,-2.91463130916059,0.5441006422042847,-0.2475700080394745,0.1790113747119903,-3.5315465251907705,-1.4303507830262183,-0.8023170838713646,1.133710265159607,-0.3409505784511566,0.1969710737466812,-2.0195069083847104,0.4164508036136627,2.809275622458756,-0.0943135395646095,-4.121705532073975,-0.6470565795898438
1774470796190873600,163.16387353515626,2.385256137156486,4.532075858637691,-1.9657061984837048,0.2607741355895996,-0.2087745666503906,0.5087080001831055,-3.2805706536769863,-1.5345108302026986,-0.5715063407689333,1.0343620777130127,-0.1050284728407859,0.2810545563697815,-2.096675342130661,0.7775760258466005,2.144030675284564,-0.1390230655670166,-3.530123472213745,-0.6763808727264404
1774470796200900900,163.17390087890624,2.182214275467396,4.435526286464929,-1.104299796783924,-0.0083073806017637,-0.1592341810464859,0.7888554930686951,-3.01358852699697,-1.4710469505518673,-0.2161936042070388,0.9292207956314088,0.0843643620610237,0.3263264298439026,-2.2788931731082496,1.1629536458045244,1.6901888831704854,-0.147596850991249,-2.9265525341033936,-0.6917558312416077
1774470796210927600,163.183927734375,1.7995362698569892,3.538701365381479,-0.4816752631962299,-0.1856533885002136,-0.1073549538850784,0.9683673977851868,-2.748992418670654,-1.327453303131461,0.128168699273467,0.8067702651023865,0.2319396585226059,0.338370531797409,-2.476559917630256,1.4754448932498692,1.500214885108173,-0.126544713973999,-2.310542583465576,-0.6937973499298096
1774470796220954600,163.19395458984374,1.3486276085853577,1.9100499238438904,-0.2705348507255316,-0.234529048204422,-0.0903309658169746,1.0460273027420044,-2.478814126297832,-1.206244505998492,0.4276648560672998,0.6675418019294739,0.3398128449916839,0.3230634927749634,-2.612746211403608,1.5355501101225613,1.4927067014351487,-0.0808020010590553,-1.736680030822754,-0.6974254250526428
1774470796230980900,163.20398095703126,0.9416472286283968,0.0403755572691559,-0.5223603248059749,-0.1648466140031814,-0.1078358590602874,1.0116522312164309,-2.210550727635622,-1.1382453210055827,0.6226064134091138,0.5232446789741516,0.4296963214874267,0.2805535793304443,-2.2555670964479444,1.4128122037261723,1.416632638797164,-0.0003251375164836,-1.1716442108154297,-0.6959620714187622
1774470796241007900,163.2140078125,0.5025847802340984,-1.7804589366823431,-1.0808856034487486,0.0014502168633043,-0.0999118834733963,0.8666577339172363,-2.0085697731763124,-1.1085329043090342,0.6661714143693447,0.3853321075439453,0.4891285002231598,0.2247699499130249,-1.6638297224245964,1.5587632279276846,1.4596645557940005,0.0381279774010181,-0.6155727505683899,-0.7060775756835938
1774470796251034600,163.22403466796874,0.4992524209409952,-3.688689097753167,-1.931640262752772,0.2085509598255157,-0.0484296604990959,0.6682859659194946,-1.827963030657172,-1.1351438478589058,0.5868681605517864,0.268068790435791,0.5148621797561646,0.1538448929786682,-1.52098674724102,1.866196022939682,1.3656214134842155,0.0202237926423549,-0.1537341922521591,-0.6957387924194336
1774470796261062000,163.2340617675781,0.8074410027563571,-5.406629326680302,-2.7404928858727216,0.3817507326602936,0.0161024574190378,0.5057878494262695,-1.7094576472640035,-1.1627736130625008,0.4060813852906227,0.1753172874450683,0.5336544513702393,0.0683614015579223,-1.6432792479574678,2.19041219497025,1.2243503637924789,0.019398745149374,0.2024369686841964,-0.7147819399833679
1774470796271089000,163.2440888671875,1.45591660143733,-6.406651002866029,-2.950222847023606,0.4272940158843994,0.0395375527441501,0.4065080881118774,-1.6035481260716915,-1.211139876824617,0.1198357552140951,0.0936722159385681,0.5489882230758667,-0.0346788167953491,-1.5568950959682464,2.392654430714249,1.3261790454119442,0.0617178678512573,0.4802426397800445,-0.7481849789619446
1774470796281115600,163.25411572265625,1.9827198771268129,-5.989283668929338,-2.184990754443407,0.3407825529575348,-0.0681990385055542,0.3496149778366089,-1.5824439632445573,-1.271982175800204,-0.21044716950953,0.022261144593358,0.574740469455719,-0.1433877199888229,-1.4919161355793475,2.471742580476404,1.4839958639740942,0.1052195355296135,0.7510637640953064,-0.7640854120254517
1774470796291142700,163.264142578125,2.1186416747450827,-4.3851890148907895,-0.7938117058545351,0.185110792517662,-0.3379262387752533,0.3130538463592529,-1.6102540534511207,-1.3914134418666362,-0.5049830735474825,-0.045731995254755,0.5979444980621338,-0.2514557540416717,-1.594804701515287,2.497267482355237,1.411641698642075,0.130833089351654,1.0363959074020386,-0.7443483471870422
1774470796301169000,163.2741689453125,1.6543462931558488,-2.921806315356493,0.6291068813443184,-0.0219912715256214,-0.5850116610527039,0.305128812789917,-1.5946031875938176,-1.4901087938964366,-0.6918026992321014,-0.1066605970263481,0.6140680909156799,-0.3489293158054352,-1.6580618065476416,2.479251348671317,1.3364908883288502,0.1526811271905899,1.3319591283798218,-0.7034893035888672
1774470796311196000,163.28419580078125,1.5317916343718767,-1.6494591056361794,1.71686821578145,-0.2282039225101471,-0.7346739172935486,0.3322468400001526,-1.539013986840844,-1.4478852706730363,-0.7693792753875255,-0.149295374751091,0.6213971972465515,-0.4440999627113342,-1.5628852762937544,2.3485715433597565,1.405195883503556,0.1701682955026626,1.6219254732131958,-0.6489159464836121
1774470796321222700,163.29422265625,1.6866981184452772,-0.6489524224124849,2.243843340906501,-0.4020303189754486,-0.8014394044876099,0.3520719408988952,-1.459233178639412,-1.267258654409647,-0.7097884377777576,-0.166250392794609,0.6163334250450134,-0.530716061592102,-1.3036967260994017,2.178787223628164,1.552634223653376,0.1930746734142303,1.9083516597747805,-0.5703864693641663
1774470796331249700,163.3042497558594,1.3843109163850544,-0.1921549953632056,2.2216092972666024,-0.5294690728187561,-0.7772323489189148,0.3443043529987335,-1.328084002250433,-1.127104918310046,-0.6464461386799812,-0.1594108939170837,0.5988916158676147,-0.6041752696037292,-1.1528160634759812,2.040803232783079,1.7170853656634688,0.1982596963644027,2.1576497554779053,-0.4989080429077148
1774470796341277000,163.31427685546876,0.9551359480157494,-0.1016512792259454,1.7079601021826267,-0.6025395393371582,-0.6607241034507751,0.3156940340995788,-1.1512398271352051,-0.9934376216202974,-0.6063584584414958,-0.1420220583677292,0.585949182510376,-0.6666290760040283,-0.8825498005587608,1.6148744067281484,1.5740692258700728,0.2340797483921051,2.29373550415039,-0.4259219467639923
1774470796351304000,163.32430395507814,0.9893237565606832,-0.2533221423789858,0.9282891498833894,-0.6058940291404724,-0.5356247425079346,0.2864779531955719,-1.063201478198171,-0.9013526276409626,-0.5953337910801172,-0.1239316835999488,0.578402042388916,-0.7112738490104675,-0.401144586475566,1.2322270885169506,1.3030679266765712,0.2479101121425628,2.3830676078796387,-0.324112594127655
1774470796361330700,163.33433056640624,1.306634386986494,-0.5255208346635103,0.0961871686011552,-0.5158805251121521,-0.4942112565040588,0.2257602959871292,-1.044244848793745,-0.8414847266554832,-0.5976151800155639,-0.1133988872170448,0.5755010843276978,-0.7384045124053955,-0.2774947528660297,1.003940310934186,1.2623393181860447,0.2308469861745834,2.444662809371948,-0.2076491117477417
1774470796371358000,163.34435791015625,1.233091596391797,-0.9494092409320176,-0.6722019267052411,-0.3649365305900574,-0.4780806005001068,0.1216436326503753,-0.9691793786764143,-0.7742547724694013,-0.5466752663731574,-0.0993463918566703,0.561831533908844,-0.7491684556007385,-0.2958779662966728,0.8654068695127963,1.3761232260152696,0.2239009737968444,2.414137601852417,-0.082472413778305
1774470796381384000,163.35438403320313,1.0586100587546825,-1.467746739962697,-1.1221914273053406,-0.2059055864810943,-0.4311676919460296,0.0296814795583486,-0.862785288837552,-0.633663813996315,-0.4364695092916488,-0.0811628624796867,0.533807098865509,-0.751214325428009,-0.2082053819321095,0.770206373861432,1.627583373914659,0.2250136435031891,2.275285720825196,0.043392576277256
1774470796391411000,163.36441088867187,1.3350994339704512,-1.9362410345464944,-1.1125082376807929,-0.1059038341045379,-0.3522567451000213,-0.0389914847910404,-0.6385694139555096,-0.4069119908958673,-0.2599059046834707,-0.0534604117274284,0.4702603220939636,-0.7467095851898193,-0.1470857273198664,0.610239099267125,1.99754305998832,0.216031327843666,2.026317596435547,0.1513351052999496
1774470796401437700,163.37443774414064,1.5935110084429382,-2.050244138084352,-0.607438070371747,-0.0628232061862945,-0.3127703368663788,-0.0739856883883476,-0.285642403486371,-0.1450578747540712,0.0071714990645647,-0.0044611771591007,0.3825717568397522,-0.7584381699562073,-0.0563712910413742,0.3054512658059596,2.262515454281121,0.2053467184305191,1.610656499862671,0.220645472407341
1774470796411464700,163.38446459960937,1.7702964391082523,-1.913909960272908,-0.0762350984185934,-0.0528579764068126,-0.3601321280002594,-0.0780734792351722,0.0894686740010976,0.0281856455206871,0.2908493244796991,0.0486074537038803,0.2700250148773193,-0.7918901443481445,0.4409399327039718,-0.0918418328732252,2.2805326108783484,0.1899830102920532,1.0534296035766602,0.2455304265022277
1774470796421492000,163.39449194335938,1.935243840202689,-1.7962679157108068,0.1189262391537427,-0.055871345102787,-0.4284698963165283,-0.0853114202618599,0.3776023097813129,0.0189560448825359,0.4509165523171424,0.0867316648364067,0.1394563615322113,-0.844460129737854,0.8874640952810645,-0.3408779684960842,2.2003290472202,0.1319114565849304,0.4302125573158264,0.2785810530185699
1774470796431518700,163.40451879882812,1.9393015911608933,-1.588923388391733,0.0554740499407052,-0.0825925692915916,-0.4702579379081726,-0.1009635180234909,0.3608060732811689,-0.2945207064688205,0.7060340536803007,0.0962538197636604,1.95134198293e-05,-0.8928256034851074,0.9699684832274912,-0.4346533997803926,2.144410760643333,0.062270164489746,-0.2287775129079818,0.305165022611618
1774470796441545700,163.4145456542969,1.8032751641243696,-1.3025142383165658,-0.1800637216836214,-0.1181473731994628,-0.4705162644386291,-0.11910230666399,0.3839923030793666,-0.5635632728099823,0.623598347055912,0.0725389048457145,-0.1488320231437683,-0.943670690059662,1.10210667065382,-0.401337990155816,2.158799789871275,0.0031756842508912,-0.8160790801048279,0.3494840264320373
1774470796451571700,163.42457177734374,1.631277844518423,-1.0493590500023215,-0.4376619339466094,-0.1453797519207,-0.4204242527484894,-0.1204360798001289,0.2265638993129134,-0.7071101584792137,0.6209580616801976,0.0449110232293605,-0.29074826836586,-0.9768041968345642,1.099797809189558,-0.1828402006596326,2.416994360592216,-0.0603387467563152,-1.229143500328064,0.3779615759849548
1774470796461599000,163.43459887695312,1.5856740312069653,-0.8659598272204398,-0.7137795532405377,-0.1907325834035873,-0.354436457157135,-0.112356849014759,0.0154418992817401,-0.7389911513864994,0.5269745406031608,0.0236605964601039,-0.4129764437675476,-0.9847670197486876,0.8999813392877578,-0.1752139435648918,2.731904798008501,-0.100321851670742,-1.548334002494812,0.3678375780582428
1774470796471625700,163.44462573242188,1.492113119456172,-0.6876818929750472,-0.7514853067785501,-0.2103011310100555,-0.2860600352287292,-0.1044044196605682,-0.1333461019113659,-0.6573223374813795,0.3995119437724351,0.0142988050356507,-0.5183925032615662,-0.9651054739952089,0.6747707542799413,-0.3088923461705446,2.696581263431906,-0.1247609630227088,-1.813657522201538,0.341263085603714
1774470796481652700,163.45465283203126,1.4473697223663329,-0.6877089271124452,-0.7679787609398364,-0.2159648686647415,-0.2323970794677734,-0.1108966767787933,-0.29703941129148,-0.5448077189356089,0.283167537805438,0.0164008401334285,-0.587523341178894,-0.9146897196769714,0.5530407097518444,-0.3372100936383009,2.1816060804411768,-0.1549489647150039,-1.9576148986816408,0.3207058608531952
1774470796491680000,163.46467993164063,1.3510130424171685,-0.7216368426121771,-0.6915922713518142,-0.2064965218305587,-0.1828944236040115,-0.1344422847032547,-0.5123197000458837,-0.5182289240896701,0.1312707569420337,0.0108648808673024,-0.6204302310943604,-0.8359505534172058,0.328694194227457,-0.3211784117698669,1.473960792171955,-0.2080473899841308,-1.9672249555587769,0.3104533851146698
1774470796501706800,163.47470678710937,1.1585478120610118,-0.7340528182014823,-0.5563280608594418,-0.1971174031496048,-0.1223842054605484,-0.1742030084133148,-0.7022270626127719,-0.5441501318097114,-0.0133224229097366,-0.0089314607903361,-0.6141542196273804,-0.739330530166626,0.2459095280349254,-0.2995271364539861,0.749460230691731,-0.2585675716400146,-1.87375283241272,0.3066029846668243
1774470796511733800,163.48473364257814,1.0585074751630426,-0.7844149319559335,-0.4032838635265827,-0.1664268523454666,-0.0747037231922149,-0.2005300223827362,-0.917133257357776,-0.6109364338815212,-0.1101204168856143,-0.0427547320723533,-0.5805703401565552,-0.6311503648757935,0.2736496217451989,-0.2516846043050289,0.2330707969889044,-0.3214747905731201,-1.6916661262512207,0.3064203858375549
1774470796521760800,163.4947607421875,1.0833376727759838,-0.903414893933013,-0.3176642661690712,-0.1098692938685417,-0.069339320063591,-0.2045473903417587,-1.1270087644591926,-0.6487316192686557,-0.162747845223546,-0.0847138985991478,-0.5326123833656311,-0.5105555057525635,0.2608874630667269,-0.1978513073086738,-0.0206789231523871,-0.3788810968399048,-1.4498029947280884,0.3075695335865021
1774470796531787000,163.504787109375,1.0878794078588483,-1.020033367601037,-0.3685276074439287,-0.034912385046482,-0.112636923789978,-0.2035394608974456,-1.276378657193482,-0.6229284849703312,-0.1664683270514011,-0.115395188331604,-0.4726869165897369,-0.3855639398097992,0.1956103965140879,-0.1502712254881858,0.0306353767603635,-0.3975020349025726,-1.205135941505432,0.2977424561977386
1774470796541813800,163.51481372070313,1.0949100371479987,-1.0160107610214502,-0.5549509272873401,0.0534917786717414,-0.1781714558601379,-0.1834706813097,-1.4008011556759477,-0.5281657962143421,-0.1355021109014749,-0.1370192617177963,-0.4093468189239502,-0.2577567100524902,0.2223158864796161,-0.1417781224310398,0.2154164823547005,-0.3826264142990112,-0.9718730449676514,0.2793035209178924
1774470796551840800,163.5248408203125,1.1448676617547868,-0.9181244603522122,-0.7707160769492387,0.1241872906684875,-0.2271535247564315,-0.1691235303878784,-1.4985349691972136,-0.3978156612485647,-0.1374760413229465,-0.1581491380929947,-0.3343683779239654,-0.1356376558542251,0.1647265979506075,-0.1196335106402635,0.3813984871938824,-0.3447916805744171,-0.7584964036941528,0.2511843740940094
1774470796561867800,163.53486767578124,1.0510676805511117,-0.7859599694408476,-0.904502031582594,0.169745460152626,-0.2230091243982315,-0.1558173149824142,-1.5958078872084616,-0.3007885346919298,-0.1307575467228889,-0.1817575395107269,-0.2552328109741211,-0.0183307379484176,0.1070003851689398,-0.1533539939343929,0.3763192842334508,-0.2919183373451233,-0.582669734954834,0.2346059381961822
1774470796571894800,163.54489477539062,0.8829355119407176,-0.6483378707107156,-0.8990805910557508,0.1870309561491012,-0.1718535721302032,-0.1393988877534866,-1.7039219327077268,-0.255045020648837,-0.201623811584711,-0.2069483995437622,-0.170260488986969,0.0965849980711937,0.0738062638364732,-0.0649696080386638,0.3305231632202863,-0.227017730474472,-0.428464412689209,0.2265698611736297
1774470796581921800,163.554921875,0.7175128945499658,-0.5361133942179381,-0.8517974463552236,0.1814260780811309,-0.0874830409884452,-0.1099014580249786,-1.7911866669237613,-0.2796253351539373,-0.2840659479498863,-0.2437964081764221,-0.0764399915933609,0.1929893046617508,-0.031343232768774,0.1179156008064746,0.3668126202195882,-0.1699611097574234,-0.2832611501216888,0.2305174618959427
1774470796591948800,163.56494873046876,0.578176027791202,-0.4129357812300324,-0.7643862894058228,0.1511132419109344,0.0006713028997182,-0.069506324827671,-1.879131492358446,-0.3747621179193258,-0.4371078071951866,-0.2880744934082031,0.0267751067876815,0.2759262919425964,-0.2149075099192559,0.339600788167119,0.4243956251382828,-0.0992529019713401,-0.1588875949382782,0.2377187460660934
1774470796601974800,163.5749748535156,0.5824912606418132,-0.305738704445213,-0.6660059946745633,0.1092233210802078,0.0639674514532089,-0.0226357579231262,-1.9035504788219928,-0.534227288210392,-0.6070470252275466,-0.3354638516902923,0.1286551356315612,0.3447607457637787,-0.3332406054854392,0.5849287169218063,0.5718880335628986,-0.0174368601292371,-0.0297620985656976,0.2463031709194183
1774470796612001800,163.58500170898438,0.5419882776007056,-0.2863854038733989,-0.5264350268989801,0.0691765025258064,0.1000264585018158,0.0305765010416507,-1.909018388839066,-0.6797837601363659,-0.7493582316219807,-0.3763549625873565,0.2275986820459365,0.4056271612644195,-0.4671021095730364,0.7498270181775093,0.7231172904282808,0.0723210871219635,0.1121949106454849,0.2622177898883819
1774470796622028800,163.59502880859375,0.5335550880372524,-0.3658704439986497,-0.3584259001463651,0.0283486433327198,0.1188494190573692,0.0894616544246673,-1.82671741451025,-0.7739157497733831,-0.833409556749463,-0.4018057286739349,0.324868232011795,0.4483682215213775,-0.6058794427528977,0.8086287512362003,0.7785612374916673,0.1587952673435211,0.2765476107597351,0.2839377224445343
1774470796632055800,163.60505590820313,0.5679179608881473,-0.5196367450609803,-0.1671358510494232,-0.0100005771964788,0.1234801858663559,0.1579871475696563,-1.6750062193468211,-0.8237859883576631,-0.9363537983953952,-0.4141765236854553,0.4379535317420959,0.477553516626358,-0.7319092303015291,0.7809440409749746,0.7366095169469714,0.239592507481575,0.4422692656517029,0.3087847232818603
1774470796642082800,163.61508276367186,0.568996403774619,-0.6995410383991897,0.0245744692862033,-0.0326350517570972,0.1219813674688339,0.21799136698246,-1.4702078693792222,-0.8430284489661455,-1.0881155547022818,-0.4138212502002716,0.549142062664032,0.5064722895622253,-0.7837924161434173,0.7148036355912685,0.6061731650024652,0.3199475407600403,0.5887314081192017,0.3367841243743896
1774470796652109800,163.62510986328124,0.5086550400584936,-0.8096539295654743,0.0923351693481206,-0.024796774610877,0.1231144666671752,0.2676609754562378,-1.233121699269116,-0.8521084120005369,-1.1430787325114011,-0.3985023200511932,0.6404908895492554,0.5357970595359802,-0.786891697333008,0.6541998215466738,0.3929340266868472,0.3844361007213592,0.7082851529121399,0.3700853884220123
1774470796662136800,163.63513671875,0.4468710763186216,-0.8503473936773837,0.0437158076077699,0.001659067464061,0.1208294779062271,0.298427939414978,-0.9678481300726532,-0.7772656447231769,-1.107582471716404,-0.3799552619457245,0.7158882021903992,0.563018262386322,-0.7587259255565703,0.5844605148881673,0.1872457421422004,0.427266389131546,0.8099913001060486,0.412255197763443
1774470796672163800,163.64516381835938,0.4077697767689824,-0.85558076428622,-0.1098392618566751,0.0368038527667522,0.1308923065662384,0.3169528245925903,-0.7046411380171775,-0.6490455075234174,-0.9896814839571714,-0.3556452989578247,0.7810502648353577,0.5922379493713379,-0.7331811499334872,0.4323708418011665,0.0152925539389252,0.3850907981395721,0.79908686876297,0.4633355438709259
1774470796682189800,163.65518994140626,0.3543886074542999,-0.8506050947654992,-0.2665361364781856,0.0755552425980568,0.149338960647583,0.3320473432540893,-0.4491907514378428,-0.488928010803461,-0.8344763091981411,-0.3255702257156372,0.8279498219490051,0.6281397342681885,-0.6176407538257539,0.1065004728227853,-0.0056017655298113,0.4586811363697052,0.838602602481842,0.4355294704437256
1774470796692216800,163.665216796875,0.3440931311503052,-0.8850444669187069,-0.3929378260791301,0.113636702299118,0.1712848097085952,0.3441644012928009,-0.1995882141038775,-0.2997778963446617,-0.5877437743425369,-0.2841029465198517,0.8521159887313843,0.6674730181694031,-0.5477906802691519,-0.0630441929340362,0.3676376728668808,0.535170316696167,0.885856568813324,0.4563926458358764
1774470796702243800,163.67524389648435,0.367001420789957,-0.9245570506829768,-0.4393611390799283,0.1413074731826782,0.1797861456871032,0.3570761978626251,0.0294789002016186,-0.0282470203191041,-0.3320692236185074,-0.239965558052063,0.8483638763427734,0.7103675007820129,-0.7256279580749571,-0.2360661794126033,0.4255059244677424,0.6031879782676697,0.944124162197113,0.4928761124610901
1774470796712270800,163.6852707519531,0.3722182786554098,-0.9987832204319536,-0.4667313765645027,0.1649904698133468,0.1916722357273101,0.3642359972000122,0.2289253677472472,0.2201169151306152,-0.0761094262123107,-0.2027756422758102,0.8245280981063843,0.7543532848358154,-0.9063885759815572,-0.4382756819307803,0.4963759887218475,0.6343063116073608,0.9773029088974,0.5164039134979248
1774470796722297900,163.6952978515625,0.3676379651278257,-1.0904739543966948,-0.4822247137725353,0.1806708872318267,0.2021222114562988,0.366343080997467,0.4018292808040976,0.4456640386164188,0.1662526384741068,-0.1705282181501388,0.7790777683258057,0.7912567257881165,-0.9577052139818668,-0.6496142473220825,0.490099392670393,0.6337167024612427,0.966234564781189,0.5180286765098572
1774470796732324900,163.7053249511719,0.3085252664238214,-1.2063430710021406,-0.4862637600302696,0.193329632282257,0.2125474363565445,0.3670695424079895,0.5104463073894381,0.6138356624543666,0.3914443726509809,-0.1473316103219986,0.7078549861907959,0.8217256665229797,-0.8710916371509432,-0.836186620247364,0.5404851795613765,0.6103991866111755,0.9167446494102478,0.4848265647888183
1774470796742352000,163.71535180664063,0.1738517153009772,-1.3464539178080857,-0.4426771317601203,0.2083290964365005,0.2349715232849121,0.3652783036231994,0.5731736894592643,0.7331798347592353,0.6122258891701698,-0.1304972320795059,0.6137159466743469,0.8279536962509155,-0.8028165578261017,-0.9886737682193516,0.6278270706668496,0.563368022441864,0.8325490355491638,0.4281113743782043
1774470796752377900,163.7253779296875,0.0568383240312337,-1.4487532856792211,-0.3896048822641372,0.2220548540353775,0.245720088481903,0.3690072298049927,0.5631666747078299,0.8274889345288277,0.79943480643332,-0.1211393028497695,0.5186676979064941,0.817563533782959,-0.7382873870313167,-1.024675640448928,0.7125372980944812,0.4971197545528412,0.7375336289405823,0.3471849262714386
1774470796762404900,163.73540478515625,-0.1020686278551816,-1.453945593625307,-0.3463537695586681,0.2193272411823272,0.2431386858224868,0.3807368278503418,0.4798930559545755,0.8680728738516569,0.8452928867667913,-0.1268709599971771,0.4294911623001098,0.7887526750564575,-0.6929471930921077,-0.9829238263905048,0.7221304713480174,0.411131888628006,0.6468082666397095,0.2458623200654983
1774470796772432000,163.74543188476562,-0.4169391716524958,-1.3475976810157295,-0.2676853065133094,0.206324964761734,0.2631400823593139,0.3966002762317657,0.3083437723770737,0.8866635925531386,0.8130044821023941,-0.142336755990982,0.3610657155513763,0.7517980337142944,-0.6364122359216213,-0.8517939392238855,0.6656278090119362,0.3132398426532745,0.5737941265106201,0.1393371075391769
1774470796782459000,163.755458984375,-0.5262684381604195,-1.0916470167640595,-0.1669482195228338,0.1847863793373108,0.2649427652359009,0.4242201745510101,0.1080491635695099,0.8970423632264136,0.7249421677678823,-0.1705135405063629,0.3170095980167389,0.7173215746879578,-0.6207432498857378,-0.6825748521596193,0.5794532081201672,0.2176541984081268,0.5470735430717468,0.0309570990502834
1774470796792485600,163.76548559570313,-0.5137327817142009,-0.7319352415256202,-0.0500888497710227,0.1675731837749481,0.2310542166233062,0.4592868685722351,-0.0803548086971044,0.8929103779882193,0.5592068311661481,-0.2052531838417053,0.2976123988628387,0.6850804686546326,-0.5967559328377247,-0.4815098435014486,0.5114307883821427,0.1130250617861747,0.5671855211257935,-0.0690886974334716
1774470796802513000,163.77551293945314,-0.6149217041254044,-0.3652197980701923,0.0621691636651754,0.1505806297063827,0.1912146657705307,0.4903880655765533,-0.2418944471746683,0.8679431099921464,0.3598065408498048,-0.241796538233757,0.3038085103034973,0.6594563126564026,-0.5527870272517204,-0.2351952417969703,0.3695800391063094,0.0056970063596963,0.6176966428756714,-0.1590526700019836
1774470796812540000,163.78553979492187,-0.6659907971054315,-0.1013837143309414,0.1388987676024436,0.1272221207618713,0.1663713157176971,0.5382177233695984,-0.3403910617619752,0.7842009969443082,0.0781727884829044,-0.281214028596878,0.3356252014636993,0.6358116269111633,-0.4760778815805911,-0.0035369419544935,0.1677183271124959,-0.0857318788766861,0.6953849196434021,-0.2372535914182663
1774470796822566700,163.7955666503906,-0.567058713710308,0.0557748595181852,0.1321469552546739,0.0972365289926529,0.1523095667362213,0.6057770252227783,-0.4049000665515661,0.6364204192280769,-0.2495195352256297,-0.3111370503902435,0.3916410505771637,0.6078452467918396,-0.407026264925301,0.258077520212531,-0.0337326121233403,-0.1747435182332992,0.8028637170791626,-0.2962284982204437
1774470796832592600,163.8055925292969,-0.4576142963901162,0.1564129431135952,0.0609510200470685,0.0687900483608245,0.1275642365217209,0.6699199080467224,-0.3928565775364637,0.4051373824387788,-0.5379319879472255,-0.332253098487854,0.460797518491745,0.5842608213424683,-0.3976677772104739,0.5259019429355859,-0.2617784205570816,-0.2708018720149994,0.945453643798828,-0.3251760005950928
1774470796842620000,163.81561987304687,-0.440382006560266,0.1402413413178175,-0.0562976412832736,0.0481561347842216,0.0978497415781021,0.7212778925895691,-0.355136210951209,0.1644622479259967,-0.7621838109254837,-0.3429121375083923,0.5448514223098755,0.5632849931716919,-0.4679360761791467,0.7240607087582349,-0.4446970932804048,-0.3648865520954132,1.0993108749389648,-0.3323391079902649
1774470796852647000,163.82564697265624,-0.4688362398892641,-0.0155373224802315,-0.2285328612983226,0.040063165128231,0.0904459059238433,0.7750885486602783,-0.3011120675578713,0.0062485390007495,-0.9049690645724534,-0.3450537323951721,0.6338948011398315,0.5466957688331604,-0.5351650074519216,0.7973024705797433,-0.4854335928164422,-0.4341640472412109,1.224661946296692,-0.3212413787841797
1774470796862673700,163.83567358398437,-0.4252227236121892,-0.2345409426067024,-0.3870657191753387,0.0354827940464019,0.1016223952174186,0.8087077736854553,-0.2051642606705427,-0.0871983909815549,-0.9274304872274398,-0.3255916237831116,0.7132971882820129,0.5258504152297974,-0.5986980068162083,0.7870622315943241,-0.3837828981123864,-0.4737306237220764,1.315194010734558,-0.3016722202301025
1774470796872700700,163.84570068359375,-0.3329366541028022,-0.4227689007192849,-0.4995125331819057,0.0380256026983261,0.1160472780466079,0.8348761200904846,-0.0887614025145769,-0.1724544157236814,-0.8079618117600679,-0.2974162995815277,0.7816450595855713,0.50538170337677,-0.6402374932982027,0.7341507256180048,-0.1315923901118338,-0.4837323725223541,1.3633394241333008,-0.2813618183135986
1774470796882728000,163.85572802734376,-0.3108861503362655,-0.6272628609128296,-0.5374585252165794,0.0484369657933712,0.1302317976951599,0.8494851589202881,0.0663099167317152,-0.2030699187397956,-0.5678191766887903,-0.2628875970840454,0.8254652619361877,0.4774062931537628,-0.641774639737606,0.613825725582242,0.1038927745424211,-0.4546221494674682,1.347856044769287,-0.2695874571800232
1774470796892754700,163.8657546386719,-0.3450125840827822,-0.9185534263540058,-0.5079238031744957,0.070698969066143,0.1607119888067245,0.8237603306770325,0.2694248436570167,-0.1914870329737663,-0.2970364886820316,-0.2296144962310791,0.8672221899032593,0.4446195065975189,-0.6671311993122101,0.4634346731066703,0.2820953785292804,-0.4018504023551941,1.2653535604476929,-0.2501279711723327
1774470796902780700,163.87578076171874,-0.2265437333077192,-1.1529887166291477,-0.3548550559222698,0.0950637012720108,0.1806100606918335,0.7783273458480835,0.3989972722485661,-0.1386035840481519,-0.0235451262384653,-0.2031085938215255,0.8770753741264343,0.4148128628730774,-0.7684172984875738,0.2801893987774849,0.4272217884749174,-0.3479400277137756,1.1690610647201538,-0.219472050666809
1774470796912807700,163.8858076171875,-0.0650505643203854,-1.2134268187180162,-0.1000304000258445,0.1104054749011993,0.1733188927173614,0.7119653224945068,0.6444575952112674,0.0091676413178443,0.2933464019924402,-0.1770983189344406,0.8605793714523315,0.3860129714012146,-0.7454571325302124,0.1606003118008375,0.4325551123268902,-0.2970383763313293,1.0856577157974243,-0.1720709651708603
1774470796922835000,163.8958349609375,0.1090466501742601,-1.1306103691477327,0.2012386116594076,0.1215489357709884,0.153436005115509,0.6322430968284607,0.8790273985862731,0.165899587252736,0.5019184252798558,-0.1444804519414901,0.8313487768173218,0.3426889479160309,-0.6929565454423428,0.1157493626832961,0.3375022084526717,-0.2370075285434723,1.010784387588501,-0.130455881357193
1774470796932861700,163.90586181640626,0.3336789969027042,-1.0077454023055732,0.4833446577131748,0.1210114732384681,0.1302280277013778,0.5494612455368042,1.0069383237063885,0.1904664577543735,0.5781961937963962,-0.1150808334350586,0.8063945770263672,0.2845436036586761,-0.5483680417656898,0.1372813955336809,0.2289006716974079,-0.1581715941429138,0.953309953212738,-0.1312691420316696
1774470796942888700,163.915888671875,0.5146405442088842,-0.92752824851349,0.698757925197482,0.1203515455126762,0.1350779235363006,0.4724245071411133,1.0379776050925251,0.0746545512288808,0.528848517781496,-0.0869059190154075,0.776805579662323,0.2271503657102584,-0.3585772913157939,0.0691167908459901,-0.0923693638786673,-0.063334047794342,0.8855551481246948,-0.1591995805501938
1774470796952916000,163.925916015625,0.613344371806085,-0.8832487426083534,0.8072182999163866,0.1165797486901283,0.1666841506958007,0.3996130228042602,1.070619645500183,-0.0826046334505081,0.4818424364566803,-0.070628173649311,0.7118510603904724,0.1957784742116928,-0.4628244322538375,0.0788391434371471,-0.5626188315667212,0.0153240161016583,0.8010067343711853,-0.1147663369774818
1774470796962942700,163.93594262695314,0.5907941018238664,-0.8275100503820926,0.8093225787192583,0.100799985229969,0.2110409587621688,0.3246431946754455,1.1629703046783804,-0.1989449477642774,0.4834931262731551,-0.0663870871067047,0.6229853630065918,0.1816328167915344,-0.7756503184810281,0.2751829687923193,-1.0029793569475411,-0.0211466439068317,0.8146601915359497,0.0344851985573768
1774470796972969700,163.9459697265625,0.555855767172575,-0.7182008768141269,0.76515610473454,0.0774309709668159,0.2440834939479828,0.2549625039100647,1.366490305273235,-0.3132885353028774,0.4815729718655347,-0.0786408856511116,0.5213422775268555,0.1698681861162185,-0.669781421560049,0.4542243616908788,-1.3808569765388965,-0.1723470389842987,0.9755671620368958,0.1915410608053207
1774470796982995700,163.95599560546876,0.5254892704814672,-0.587901156861335,0.6871469823807478,0.0541794523596763,0.242084264755249,0.1928818225860595,1.4972256401643156,-0.4352250621885061,0.5434463674545288,-0.095232643187046,0.4194401502609253,0.1535073220729828,-0.0189545835778117,0.3676923256635666,-1.5464961592897772,-0.3457667529582977,1.1448006629943848,0.293348103761673
1774470796993023000,163.96602294921874,0.4929337393134832,-0.4560589567068964,0.598458060580492,0.0316122882068157,0.2045377641916275,0.1509790271520614,1.534756621657312,-0.5567646987110376,0.6422592083841562,-0.1109249293804168,0.319505363702774,0.1292599141597747,0.8921160127401352,0.0753103847891092,-1.2997811600908635,-0.4847087562084198,1.1670453548431396,0.3068720698356628
1774470797003049700,163.9760498046875,0.5090636208593845,-0.2900096587851643,0.5117611893802881,0.0052115744911134,0.1554391980171203,0.1280659884214401,1.4762626393735407,-0.5957821193695068,0.6969120050698518,-0.1220417618751525,0.2297104895114898,0.1099107339978218,1.5490975739598274,-0.3564110531926155,-0.7663876923561096,-0.4176996052265167,1.0221068859100342,0.1893938779830932
1774470797013076700,163.98607666015624,0.529426609930396,-0.0184912769149988,0.3809674023002385,-0.0273155756294727,0.0918628424406051,0.1258436292409896,1.3555614995017646,-0.5552390965789556,0.7118740118801593,-0.1321924775838852,0.1596716344356537,0.1046828180551529,1.964422296153009,-0.2674655262827873,0.0030905133612453,-0.3556573688983917,0.7997182011604309,0.0968732163310051
1774470797023103700,163.99610375976562,0.4937333652585745,0.3505428187463432,0.2180389398127794,-0.0654768049716949,0.0455981381237506,0.1416113972663879,1.1719988297864794,-0.4137929825812578,0.6904612214952707,-0.1402677148580551,0.1083442643284797,0.1119298115372657,2.112213979785144,-0.489407318753004,0.1891431001961231,-0.2927711009979248,0.6499276757240295,-0.0006663864478468
1774470797033131000,164.00613110351563,0.5037435948804021,0.71186107933335,-0.0096639004021883,-0.0973868370056152,0.0417279675602912,0.1607129722833633,0.9792562437936664,-0.2392214285731315,0.6814110690772534,-0.141365960240364,0.0670286491513252,0.1168803125619888,2.107365078449249,-0.5343523758947849,0.2456754270181059,-0.2732717394828796,0.5828534364700317,-0.0766654759645462
1774470797043157800,164.01615771484376,0.5739402899175882,0.905083630862832,-0.2705687529951334,-0.1176020950078964,0.0845990031957626,0.1708372384309768,0.7975330644652247,-0.1006722050607204,0.694382778853178,-0.1357341855764389,0.0321593470871448,0.1189975291490554,1.9843977472111585,-0.5226765511482954,0.0863803525969386,-0.2381156086921692,0.5638584494590759,-0.1371575891971588
1774470797053184800,164.02618481445313,0.6269698693156242,0.931424086908251,-0.4840232876271009,-0.1207339018583297,0.1384781152009964,0.1621288061141967,0.6298533157974481,0.0255558815389871,0.7103256133943796,-0.1281411349773407,0.0033798317890614,0.1151830181479454,1.8324901526927944,-0.3212421246558428,-0.0366040759064257,-0.2296717911958694,0.5640110969543457,-0.1772134006023407
1774470797063210800,164.03621069335938,0.6505079812914133,0.8522968472447245,-0.5992109247744083,-0.1118533238768577,0.1732638031244278,0.1461762189865112,0.4951321261405944,0.1182131224483251,0.6646382134526968,-0.1193324699997901,-0.0163874812424182,0.1058126911520958,1.613265217965841,-0.2364659923851489,-0.3248148685760796,-0.2257905006408691,0.556373119354248,-0.2188788205385208
1774470797073238000,164.04623803710936,0.6392828229218721,0.607003843672946,-0.6014987434506416,-0.1016301065683364,0.1998985409736633,0.112034261226654,0.436890657313168,0.1145446630686521,0.6115595342159271,-0.1176031827926635,-0.029383584856987,0.0931126400828361,1.4452745036527517,-0.0891138692140579,-0.5351449875771999,-0.1975833624601364,0.5352796316146851,-0.2510473728179931
1774470797083264800,164.0562646484375,0.6419347987353802,0.3206407246965915,-0.5125076238334179,-0.0827975571155548,0.2023140341043472,0.0799069553613662,0.4131234127566218,0.0202180276423692,0.5905816281169652,-0.120519608259201,-0.0413534268736839,0.0731594339013099,1.3371619194582105,0.1532517026036977,-0.6883868994392455,-0.1866201907396316,0.5617855191230774,-0.2459191977977752
1774470797093291800,164.06629174804686,0.6389163276970387,0.1038791113432496,-0.3826391349047422,-0.0717958062887191,0.1855783313512802,0.0529292710125446,0.4491150558531284,-0.1389525436162948,0.5607926390528678,-0.1302138566970825,-0.0579902678728103,0.0475965663790702,1.2199836930155754,0.2560164960294961,-0.918200302067399,-0.1843086034059524,0.640011191368103,-0.2191200703382492
1774470797103318800,164.07631884765624,0.637839346115291,-0.0342649654343724,-0.2449269467383623,-0.0686319693922996,0.1479191035032272,0.0267581231892108,0.5136670230016112,-0.3106348059237003,0.5380570756316184,-0.1389567553997039,-0.0822157114744186,0.0186512023210525,1.215739771835506,0.4159165506064891,-1.018425640143454,-0.1773870438337326,0.746626615524292,-0.1575784087181091
1774470797113345800,164.086345703125,0.6624997401192784,-0.0681507953580468,-0.156968092778325,-0.0690988078713417,0.1058814078569412,0.0122036505490541,0.5933604451805353,-0.4777665653198957,0.4882569796741008,-0.139673426747322,-0.1093204319477081,-0.0105439200997352,1.2808090408563613,0.6059674132972955,-0.9640712418824434,-0.1680579930543899,0.874549388885498,-0.094957634806633
1774470797123372800,164.09637280273438,0.7821127924934029,0.0386463223237544,-0.125332014542818,-0.0794033780694007,0.0555766932666301,0.0095093306154012,0.6273311038434505,-0.5999994448035955,0.4426309545308351,-0.1340629458427429,-0.1325048506259918,-0.0232559870928525,1.3099138470485805,0.7145318329125643,-0.7911880793526769,-0.1514726281166076,0.9670242071151732,-0.0372748933732509
1774470797133398800,164.10639868164063,0.855446616512537,0.2365126810710877,-0.1470809050142765,-0.0845096707344055,0.0101244132965803,-0.0029826457612216,0.6568748859748244,-0.6594196020215749,0.3752887721419334,-0.1270570456981659,-0.1522439271211624,-0.0194586664438247,1.329168874877691,0.7630740377634764,-0.595310848595947,-0.1550002545118332,0.9827097058296204,0.0178187452256679
1774470797143425800,164.11642578125,0.8798790469795464,0.4858568597298115,-0.1829915918290615,-0.079377494752407,-0.0129822371527552,-0.020334206521511,0.6573717295810579,-0.7026561016798019,0.2955284222066402,-0.1184920594096183,-0.1645381450653076,-0.0007936342153698,1.3912909845307468,0.5726105026185512,-0.3148699592754244,-0.1437774300575256,0.8999437093734741,0.0368483625352382
1774470797153452800,164.12645288085938,0.9291469357565044,0.6792714267000556,-0.2596189044356346,-0.0519886463880538,-0.0199953634291887,-0.0411804057657718,0.6212286953151226,-0.677439242836833,0.2203606607586145,-0.1008762791752815,-0.1687151342630386,0.0291906334459781,1.5075260849043726,0.3768494455873966,0.0867272663384676,-0.1150849163532257,0.7291465997695923,0.0091243349015712
1774470797163479800,164.1364797363281,1.015662312909961,0.7888867436077446,-0.3670212945342063,-0.0077500799670815,-0.0174744147807359,-0.0677235946059227,0.6039528586044908,-0.5909785184800624,0.1888636987328529,-0.0746433436870575,-0.1630556434392929,0.0645161345601081,1.5925629139378663,0.1587999843806028,0.4554533189639448,-0.0742445439100265,0.4835571050643921,-0.0464233458042144
1774470797173506800,164.1465068359375,1.1052823780804872,0.7988084181632846,-0.4841168111294507,0.0429747998714447,-0.0101680476218461,-0.0950809195637703,0.5613233849287033,-0.4302671475201844,0.1931540894031524,-0.0453992113471031,-0.1629669666290283,0.0991663485765457,1.569023925179243,-0.0389683208197355,0.7411375157654285,-0.0308547746390104,0.1762090772390365,-0.1186215430498123
1774470797183533800,164.15653393554686,1.1139487918779254,0.7224092882893979,-0.5288730677008628,0.0967900902032852,-0.0088630989193916,-0.1180786490440368,0.5266878326162695,-0.2981388969659805,0.1676923158884048,-0.0168748907744884,-0.165869265794754,0.1320625096559524,1.530058526968956,-0.1583288597375154,0.8489284667901694,-0.002572538331151,-0.1653650254011154,-0.1964361816644668
1774470797193560800,164.16656079101563,1.077150800834596,0.600706277898699,-0.5526742145270109,0.1427022516727447,-0.0087440740317106,-0.130291610956192,0.4786792962506413,-0.1852595367610454,0.1924947487115859,0.0011063879355788,-0.1717692166566848,0.1550267040729522,1.5082959002330898,-0.2489572251677513,0.7764172112002968,0.0154529130086302,-0.4981420934200287,-0.2782359719276428
1774470797203586800,164.1765869140625,1.0179685440257191,0.4761896713919937,-0.5665203690499067,0.1683162748813629,-0.0100570116192102,-0.1324743330478668,0.4875196053102612,-0.1361246267139911,0.2528343588620424,0.0083011835813522,-0.1774665117263794,0.1634201854467392,1.4619792624771597,-0.3005149784475565,0.6167591486856341,0.0119063816964626,-0.7837094068527222,-0.3517631888389587
1774470797213613800,164.18661376953125,0.8969517623335123,0.3898576149161905,-0.5675502966195345,0.169650450348854,0.0111024128273129,-0.1292877048254013,0.4809571780547499,-0.077377254191041,0.3133919956773519,0.0086841471493244,-0.1922598481178283,0.1552879512310028,1.3929101101651786,-0.3646756081908941,0.4217293285384774,0.0090483278036117,-1.00767719745636,-0.3905407786369324
1774470797223640800,164.19664086914062,0.7958598705559968,0.3663283438339829,-0.5480997462183237,0.140302687883377,0.0294438675045967,-0.1117534413933754,0.4614391153752804,-0.0291302328944206,0.337840208235383,0.0057765073142945,-0.2134700566530227,0.135951280593872,1.2507739680767058,-0.3581032440632581,0.2552370360895991,0.0104579385370016,-1.1487714052200315,-0.4099682569503784
1774470797233667000,164.2066669921875,0.6614005467057228,0.3742876322753727,-0.4647346497893333,0.0970238074660301,0.0518947206437587,-0.0823253616690635,0.4169368335649371,0.0174701902389526,0.3553337793499231,-0.0026945585850626,-0.2387476414442062,0.1021105721592903,1.0377744837358591,-0.2964700869709253,0.072796648402512,0.0069411899894475,-1.207138180732727,-0.4058370888233185
1774470797243694000,164.21669409179688,0.5380687660694122,0.4365054573878645,-0.3299883256912231,0.0493303164839744,0.0766208469867706,-0.0424850061535835,0.3877554550051689,0.0277571909755468,0.3434486957669257,-0.0183305107057094,-0.2614124417304992,0.0586334057152271,0.834744897006452,-0.2259609649837017,-0.1402417066439986,0.0079896757379174,-1.1932955980300903,-0.3853227794170379
1774470797253721000,164.22672119140626,0.4196399550437927,0.509751749254018,-0.2023983030885457,0.0117529556155204,0.1169081628322601,-0.005137724801898,0.3247971867889165,0.0131476508647203,0.2837099741190672,-0.0357036180794239,-0.2798119187355041,0.0084589691832661,0.658232291933149,-0.0869365251749754,-0.3183785519182682,0.00782928802073,-1.113476037979126,-0.3596720695495605
1774470797263748000,164.236748046875,0.2636769476547837,0.61269175311625,-0.128785954388976,-0.0147255230695009,0.1572896838188171,0.0416191257536411,0.2407633973181247,0.0187462015241384,0.2436439211905002,-0.0452957898378372,-0.2958841025829315,-0.0394398458302021,0.4710591766357421,0.0715355424255132,-0.4787500233992934,0.004893418867141,-0.976037621498108,-0.3302246928215027
1774470797273775000,164.24677514648437,0.2000038091674447,0.7205808307532221,-0.0753542239308357,-0.0252562686800956,0.18785160779953,0.0818799659609794,0.1372042386442422,0.0473515337616205,0.2034305687457323,-0.0504683516919612,-0.3043019771575928,-0.0825622528791427,0.2984440173923969,0.2171381915807723,-0.5964661561109125,0.0106667373329401,-0.8030322194099426,-0.2899300158023834
1774470797283801000,164.25680102539062,0.1940571757227182,0.9117318367056548,-0.0119283382028341,-0.0098882317543029,0.2133604288101196,0.1104237213730812,0.0711702162444591,0.1102121868222951,0.1754407380580902,-0.0535131432116031,-0.2976834774017334,-0.1139979362487793,0.1454300690673291,0.3886439282774925,-0.6554771480061113,0.0105410357937216,-0.5792558193206787,-0.2399856299161911
1774470797293828000,164.266828125,0.2789090035781264,1.134105298591405,0.0331032281786203,0.0242424812167882,0.2299830913543701,0.1110447570681572,-0.0089729955285787,0.2273322533369064,0.0879489170879125,-0.0630532279610633,-0.2740577757358551,-0.1393414884805679,-0.0127966454699635,0.5007704242885113,-0.728604635798186,-0.0062789572402834,-0.3298779428005218,-0.1849785596132278
1774470797303854800,164.27685473632812,0.4542939197957515,1.201637815920636,0.0656160892486572,0.0788564532995224,0.218122974038124,0.093307577073574,-0.0618088059201836,0.2914858688175678,-0.0506844775766134,-0.0726193040609359,-0.2344786971807479,-0.1598331779241562,-0.1069629757679998,0.5868506248950958,-0.8027288795426487,-0.0289552398025989,-0.0694452822208404,-0.1142340973019599
1774470797313882000,164.28688208007813,0.629564561983943,1.0702939206771551,0.1287760175168514,0.1275376081466674,0.1661755889654159,0.070119209587574,-0.1457517022371292,0.2662847920656204,-0.1747358046591282,-0.0882675573229789,-0.1887549310922622,-0.1684761643409729,-0.205458275181055,0.6420587173759937,-0.775086108727008,-0.0574007853865623,0.1839669644832611,-0.0349769666790962
1774470797323909000,164.2969091796875,0.776213505321741,0.7836999155543745,0.1887707597523927,0.1573599427938461,0.0946603789925575,0.0482171066105365,-0.2017670194476842,0.1848597237884998,-0.2704991948902607,-0.107043907046318,-0.1354456394910812,-0.1646188348531723,-0.2523486211717128,0.6378934143900871,-0.650724838912487,-0.0838124230504036,0.396061360836029,0.0499014370143413
1774470797333935900,164.30693579101563,0.91223058000803,0.3808993055000901,0.2305062071979045,0.1726649850606918,0.0250166617333889,0.0261652693152427,-0.1954799020022153,0.0857335791260004,-0.3728676824748516,-0.1244977712631225,-0.0785253569483757,-0.1514147818088531,-0.2105903773725032,0.6559212385118007,-0.4451150264315306,-0.1007386296987533,0.5317433476448059,0.1285930126905441
1774470797343963100,164.3169631347656,0.9904100904926656,-0.0498301988348364,0.1756266160190105,0.1670307964086532,-0.0302335433661937,-0.0026123174466192,-0.1865764645785093,0.053333530780673,-0.4375228177368641,-0.1415225565433502,-0.0186060965061187,-0.1304996460676193,-0.0859530670955777,0.6811071176946163,-0.1561173211678862,-0.1203155294060707,0.5922418832778931,0.1822498589754104
1774470797353989000,164.32698901367186,0.917597659999132,-0.4484686477083712,0.0208949039906263,0.1431462317705154,-0.057080902159214,-0.0390379466116428,-0.1129182309105992,0.0611141016542911,-0.4535960006594657,-0.1534682214260101,0.0328199230134487,-0.1068904474377632,0.0762485424220562,0.6636708297252655,0.1835014410473406,-0.1328169703483581,0.5602633357048035,0.2166121304035186
1774470797364016000,164.33701611328124,0.7652318003192543,-0.7187634791329502,-0.1980436150103807,0.1083821207284927,-0.056781567633152,-0.0784442126750946,-0.0055132104635238,0.0739402654796838,-0.4242985945045948,-0.1625032573938369,0.0710322856903076,-0.0873463004827499,0.2991536269664764,0.6016337680071592,0.4818713702902197,-0.1307394504547119,0.4516985118389129,0.2337407767772674
1774470797374043000,164.34704296875,0.6480535738766193,-0.8563557672467083,-0.4542068260341882,0.0679579600691795,-0.0368325114250183,-0.1119199842214584,0.1376125271841883,0.0809124425798654,-0.389558705034852,-0.1686083078384399,0.1005823984742164,-0.0747844874858856,0.4460825562894344,0.4762906475484371,0.6859320536330342,-0.1331987529993057,0.2889619171619415,0.2400276958942413
1774470797384070100,164.35707006835938,0.5881231290489435,-0.8962983399260789,-0.7042407405227422,0.0212309304624795,-0.0341110229492187,-0.1344796270132064,0.2570177820265293,0.0780219818353653,-0.3006137626469135,-0.1701034009456634,0.1163653582334518,-0.0668812915682792,0.4807492343924939,0.3224099993914365,0.8019150789417326,-0.1376283913850784,0.0987906232476234,0.2471122294664383
1774470797394097200,164.36709716796875,0.5845253968179226,-0.7561392700642346,-0.8282423832446336,-0.0313441902399063,-0.0377914458513259,-0.1513665318489074,0.3575093698233366,0.1060346088767051,-0.1834317368119954,-0.1675895005464553,0.122260995209217,-0.0653839483857154,0.4927589672684669,0.2003852097004652,0.9172289728172124,-0.1308746039867401,-0.1103999018669128,0.2449923008680343
1774470797404124000,164.3771240234375,0.5277428946271538,-0.453520889596641,-0.7820306671679019,-0.084599420428276,-0.0249603353440761,-0.1512658596038818,0.4247767334103584,0.1529839915782213,-0.0426683443814516,-0.1594985574483871,0.1102903559803962,-0.0695715025067329,0.5437725306689739,0.1240893210053443,0.9815437702089548,-0.1256865113973617,-0.297067254781723,0.2330096811056137
1774470797414151000,164.38715087890623,0.4196954846233129,-0.1434943517643958,-0.7204390111297369,-0.1302022784948349,0.0204989127814769,-0.1408237516880035,0.4930199562922119,0.180659349489212,0.0648047728657722,-0.1510370075702667,0.0903594568371772,-0.0776993632316589,0.5222571566924452,0.0002694645911455,0.9027223085589706,-0.1308337748050689,-0.4383933246135711,0.2266654074192047
1774470797424178200,164.39717822265624,0.3798243697449565,0.062782107931748,-0.7172568739622831,-0.1650002151727676,0.0736089944839477,-0.1233211904764175,0.5054550749734044,0.2328051317900419,0.1496925488173961,-0.1447993516921997,0.0588001981377601,-0.0875607803463935,0.3787104171536862,-0.0934036753624677,0.7472144975915551,-0.1452734321355819,-0.5386043190956116,0.2256627231836319
1774470797434204200,164.4072041015625,0.3286819192677736,0.2004827517908066,-0.7002543012350797,-0.1766887158155441,0.1304110437631607,-0.1122928187251091,0.5369833089202642,0.2494067225009202,0.2475491119354963,-0.139930710196495,0.0219024382531642,-0.1021936312317848,0.246190098541975,-0.1252957741856575,0.5378999853737652,-0.1655077040195465,-0.6010997891426086,0.2260639667510986
1774470797444231000,164.41723095703125,0.2593038471370935,0.2717649039771407,-0.6287479849040508,-0.174638345837593,0.1788957566022873,-0.1129322424530983,0.5610869458243251,0.2352379118949174,0.3043441813468933,-0.1367266625165939,-0.0205070711672306,-0.1193742156028747,0.1589243414126336,-0.1721411119908094,0.2943317597679794,-0.1903137117624282,-0.6159623861312866,0.225607231259346
1774470797454258000,164.4272578125,0.2824953376322984,0.260129557371512,-0.4969985045343637,-0.1540341526269912,0.1835129857063293,-0.1220368593931198,0.5740104325443506,0.1765448999077081,0.3064262483179569,-0.1322151869535446,-0.0639243274927139,-0.1366394013166427,0.1135197039350867,-0.2122322993606329,0.0655164282664656,-0.2168239504098892,-0.6008273959159851,0.208600714802742
1774470797464285200,164.43728515625,0.274441210514307,0.2248733158774673,-0.2601543264865875,-0.1213137581944465,0.1519177705049514,-0.142452135682106,0.5602127933382988,0.0312467866569757,0.2722439927309751,-0.1260462403297424,-0.1078403815627098,-0.155932679772377,0.1141322828754782,-0.2078951469391584,-0.182537418320775,-0.239212617278099,-0.5738722085952759,0.1979765594005584
1774470797474312200,164.44731225585937,0.2247042429208755,0.1902368867821991,0.0068020812302827,-0.0829959139227867,0.1127118617296218,-0.1777923852205276,0.5197185781255365,-0.1113549271166324,0.2067904005676507,-0.1177592873573303,-0.1471568942070007,-0.1726157814264297,0.1343031103752553,-0.1681155097365379,-0.381934493766725,-0.2651639878749847,-0.5104596018791199,0.1833703815937042
1774470797484339000,164.4573388671875,0.196554837757349,0.0899912365704774,0.2451023033052682,-0.0483897365629673,0.0924968719482421,-0.2151437550783157,0.491891536784172,-0.1719815375149249,0.1694546493858099,-0.1091895028948783,-0.1764229089021682,-0.1799485385417938,0.1286602821826935,-0.1750070228159427,-0.6027724166482686,-0.2987331449985504,-0.4150947332382202,0.1732559651136398
1774470797494366200,164.4673662109375,0.193145613835752,-0.0812004657410085,0.3466489531129598,-0.0182383079081773,0.0849721059203147,-0.2517419457435608,0.4607786056399345,-0.1214595570236444,0.1788560994595289,-0.1002180650830268,-0.2002115100622177,-0.1833027005195617,0.0644667730830609,-0.1691442682623863,-0.7630632241085171,-0.338509738445282,-0.3109163343906402,0.1633620709180832
1774470797504393200,164.4773933105469,0.0691927786916494,-0.3010604104358703,0.2993827595472336,-0.0045730951242148,0.0880986526608467,-0.2819586992263794,0.388976813493669,0.000773906981945,0.212912682840228,-0.0780669525265693,-0.2211745828390121,-0.179229125380516,0.033790041399002,-0.1294230832487344,-0.8282426755055785,-0.3603447377681732,-0.2214940339326858,0.1503573209047317
1774470797514419200,164.48741918945314,-0.0543605357408523,-0.4425766670603305,0.1756558421134948,-0.0019391544628888,0.092639572918415,-0.3109857738018036,0.2479220369011163,0.0697170948266983,0.2836339862734079,-0.0500212423503398,-0.244604006409645,-0.1675614714622497,0.0901870514035224,-0.1611293041110038,-0.7874070995092392,-0.3577201664447784,-0.1402018517255783,0.1262881606817245
1774470797524446000,164.49744604492187,-0.1559060165047645,-0.4629184672128409,0.0188882403433322,0.0012545082718133,0.1041705310344696,-0.3305227160453796,0.0643242958724498,0.0941390038996934,0.3553571602255105,-0.0171607658267021,-0.2680536806583404,-0.1474700570106506,0.1547229442000389,-0.2416828502506017,-0.7311310855358839,-0.3412091135978699,-0.0692914724349975,0.0941760241985321
1774470797534473000,164.50747290039064,-0.2052449246913194,-0.3899684548795223,-0.1421580616593361,0.0058056092821061,0.1109619289636612,-0.3469457328319549,-0.0853141846701502,0.0595879150003194,0.4478741158813238,0.0142890950664877,-0.2905996143817901,-0.1184089705348014,0.1669809527486562,-0.2688531812489033,-0.6792863320082426,-0.3239962756633758,-0.0152768827974796,0.0708711966872215
1774470797544500200,164.51750024414062,-0.1638069988876581,-0.2529458564125001,-0.2788414912998676,0.0127553939819335,0.119824931025505,-0.3596538007259369,-0.2095104731813073,0.0182598793119192,0.4937286890834569,0.0466030910611152,-0.3103930354118347,-0.0881794318556785,0.1629275857046246,-0.1719622482925653,-0.6294327522978186,-0.3028095066547394,0.0369578264653682,0.0602731481194496
1774470797554527000,164.52752685546875,-0.088043025112152,-0.0189038763038814,-0.3473883733034134,0.0139662250876426,0.1309395432472229,-0.3555167615413666,-0.3115457832887768,-0.0215787946015596,0.4721954871892929,0.078173704445362,-0.318846195936203,-0.0609205104410648,0.1039675933443009,-0.0985819547832012,-0.5384367225989699,-0.2667462229728699,0.070818617939949,0.0429374128580093
1774470797564554000,164.53755395507812,0.01804389847368,0.2331429123770445,-0.3586977028250694,0.0115344915539026,0.1354378908872604,-0.3363739550113678,-0.354578577068448,-0.1288771398037672,0.3976683617323637,0.1012198999524116,-0.3167854249477386,-0.0381369031965732,0.1092073936939239,-0.0701543172001838,-0.4419268979147076,-0.2381771653890609,0.061167050153017,0.0134231988340616
1774470797574581200,164.5475812988281,0.1380629013001918,0.4562978069640696,-0.3194160782724619,0.0083891414105892,0.1313388496637344,-0.3106700181961059,-0.3963964421004056,-0.2299491578370332,0.3037561523258686,0.1146814823150634,-0.2973231971263885,-0.0200350992381572,0.1548408714912831,-0.0281587575137615,-0.4615028282612562,-0.2226585000753402,0.0109727708622813,-0.0206991024315357
1774470797584607200,164.55760717773438,0.2264735906809568,0.663140741436556,-0.2278454635560512,0.0054085319861769,0.1138360202312469,-0.2717633545398712,-0.4239449587613343,-0.3002630495131015,0.1989899559497833,0.119108185172081,-0.2687687873840332,-0.0135596236214041,0.1355772219642996,0.042602293407917,-0.5345283169835806,-0.2082500010728836,-0.054915964603424,-0.048033520579338
1774470797594634000,164.56763403320312,0.3568956218391657,0.7910043933488428,-0.1420925952076911,-3.01694963127e-05,0.094213031232357,-0.2267554104328155,-0.4342056560128927,-0.3723486270368099,0.1210498071789741,0.1157927513122558,-0.2310138940811157,-0.0146411638706922,0.0900067264005541,0.1305792675465345,-0.5800809846296906,-0.1802065372467041,-0.1062422096729278,-0.0655981749296188
1774470797604661000,164.5776608886719,0.5000602301925421,0.867608178949356,-0.026393501406908,0.0039091785438358,0.0685484111309051,-0.1782744228839874,-0.4124252013593912,-0.3942822264254093,0.065239657151699,0.1070139110088348,-0.1896321028470993,-0.0252717044204473,-0.0101177816495299,0.2268459311246871,-0.5599640792742371,-0.139188528060913,-0.1318575590848922,-0.071362055838108
1774470797614688300,164.58768823242187,0.5885480764627457,0.8618227274157106,0.0661491732120513,0.0125697124749422,0.039537351578474,-0.1347294151782989,-0.3805699274152517,-0.3766875330239534,0.0078822776824235,0.0946067348122596,-0.1458212435245514,-0.0385836884379386,-0.0979169150032103,0.3034861032128333,-0.5428910716593265,-0.082505814731121,-0.138994812965393,-0.0739138647913932
1774470797624715000,164.59771508789063,0.6423091850057244,0.7330765935804694,0.1520633696019649,0.0280994046479463,0.0119781624525785,-0.0980254635214805,-0.3652946168720722,-0.3321528102487325,-0.0232353296369314,0.0776993930339813,-0.1000521555542945,-0.0553943589329719,-0.1396283970512449,0.3698743458777666,-0.5048842893481255,-0.0203668065369129,-0.1272175163030624,-0.0748885795474052
1774470797634742000,164.60774194335937,0.6744704561591148,0.5158539385866373,0.2147474970519542,0.0558996722102165,-0.0179353281855583,-0.0694214552640914,-0.3502262270778417,-0.2584849319696426,-0.0706125823616981,0.0595444589853286,-0.0546746961772441,-0.0651367008686065,-0.1351158880628645,0.4414122263908386,-0.4367977183327078,0.0472270771861076,-0.1040892675518989,-0.0730654075741767
1774470797644769000,164.61776904296875,0.6320137087017298,0.3074762688275426,0.2677870133221149,0.0854690074920654,-0.045941662043333,-0.0513931810855865,-0.327329043354094,-0.1677250491142272,-0.0996083752214908,0.0383728593587875,-0.0160458125174045,-0.0719756931066513,-0.1327031278327107,0.4703454754084348,-0.3670236326217651,0.1143350005149841,-0.0610424689948558,-0.0663782060146331
1774470797654796000,164.62779614257812,0.5664636704266071,0.1007050113517791,0.2596750185370445,0.1095574498176574,-0.0712798535823822,-0.0428579524159431,-0.2728612478464842,-0.0668003305971622,-0.1328589029163122,0.0227166675031185,0.0173776596784591,-0.0797481313347816,-0.1281251523926854,0.5212339511245488,-0.2959916558042168,0.1823432594537735,-0.0087439846247434,-0.0577331632375717
1774470797664822000,164.63782202148437,0.5136529944762587,-0.097480496347323,0.2399234393626451,0.129466712474823,-0.0919539704918861,-0.0392387174069881,-0.1995575267046689,0.0240583364576101,-0.1180675764977931,0.0127258198335766,0.0372839868068695,-0.0816150084137916,-0.1364006671763956,0.5790478421896695,-0.2396323474615812,0.2422755658626556,0.0456092692911624,-0.0407887995243072
1774470797674849000,164.64784912109374,0.4669494032293558,-0.2438738574888557,0.2034381675302982,0.1330907344818115,-0.1013214141130447,-0.032521367073059,-0.1395692142099142,0.1302308925002813,-0.0951882206916809,0.0057103973813354,0.0454049631953239,-0.0889846682548523,-0.142833184441924,0.6469599334210157,-0.1839654052972793,0.2906719446182251,0.0982491672039032,-0.0280867796391248
1774470797684876000,164.6578759765625,0.4006038306623697,-0.3455806662943214,0.1611117684543132,0.1255103200674057,-0.094204381108284,-0.0259372349828481,-0.0593725186839699,0.2302232986032962,-0.0645592736721038,0.0022352384403347,0.040630716830492,-0.1019036620855331,-0.1271650751888751,0.6665922701299191,-0.0971028221413493,0.3338591158390045,0.1377752721309662,-0.0082241240888834
1774470797694903000,164.66790307617188,0.3379915994048118,-0.3928740401279181,0.0675590400099754,0.1090944111347198,-0.085042580962181,-0.0169147066771984,0.0342278482943773,0.2759019307166337,-0.0351841261059045,0.0045705051161348,0.0290258638560771,-0.1204801350831985,-0.0966496715463697,0.6375818642228841,0.0049798342391848,0.3689513206481933,0.161847323179245,0.0098582366481423
1774470797704930000,164.67792993164062,0.2827981199711561,-0.4024973893240094,-0.089303838828206,0.0895750373601913,-0.0745214968919754,-0.0147580783814191,0.1245750586956739,0.3091945439875125,-0.0131909054845571,0.0092057362198829,0.0095272650942206,-0.1391022950410843,-0.0533949055790901,0.5578454796850681,0.1180108778744935,0.391278475522995,0.1773559749126434,0.0240741893649101
1774470797714957000,164.68795703125,0.2718523630648851,-0.3944975496765225,-0.232633282354474,0.0635280981659889,-0.0628298744559288,-0.0200224425643682,0.2065370103284716,0.3477472697436809,0.0202460846930742,0.0198731943964958,-0.0178458914160728,-0.1620771437883377,0.0053887073010206,0.4464508050799369,0.1987806971132755,0.3946987986564636,0.1834092438220977,0.0432271733880043
1774470797724984000,164.69798413085937,0.2450894438236951,-0.372305007090792,-0.3410679381102323,0.0336325205862522,-0.0484067201614379,-0.0316482074558734,0.2625052735269069,0.3599813128948211,0.0809311472803354,0.0322134830057621,-0.0513684302568435,-0.1830732375383377,0.0322862127073109,0.3369213398247957,0.2518181675568223,0.3802682161331177,0.172985091805458,0.0593816451728343
1774470797735010000,164.70801000976562,0.2162868354484438,-0.3727126380436122,-0.3958919997096061,0.0043541365303099,-0.0277225971221923,-0.0335474535822868,0.3008332506164908,0.3700771749734878,0.1708329520016908,0.0476971194148063,-0.0904819592833519,-0.2050360143184662,0.0824585029780864,0.2626326992988586,0.3018500264436006,0.3551256358623504,0.1444617062807083,0.075519174337387
1774470797745037000,164.718037109375,0.232862707196176,-0.3689860187359154,-0.382751363107562,-0.0195970013737678,-0.0081299878656864,-0.040829598903656,0.3035702743649482,0.363364525592327,0.2243213810831308,0.0621024221181869,-0.1339705735445022,-0.2250129282474517,0.151596921133995,0.2063473329752683,0.3482683710083365,0.319635272026062,0.1048200204968452,0.0917697846889495
1774470797755064000,164.72806396484376,0.2366062776386737,-0.4041814699534327,-0.3944236807227134,-0.0406966544687747,0.0138214919716119,-0.0489768460392952,0.2747024917989969,0.3191419375061988,0.2452098553329706,0.0782023444771766,-0.1807084530591964,-0.2370311468839645,0.1759402120128274,0.1357195530444383,0.386770535621047,0.2740515470504761,0.0558863468468189,0.106582373380661
1774470797765090800,164.7380908203125,0.2390145078241825,-0.3966528280142694,-0.3484042723476886,-0.0543272458016872,0.0341286286711692,-0.0539004951715469,0.2225382970586419,0.236331552350521,0.253998726466298,0.0902068093419075,-0.2170076072216034,-0.2467540949583053,0.2126747824311256,0.0953325975984334,0.4011676020249724,0.2231966257095337,-0.0036808433942496,0.118255540728569
1774470797775118000,164.7481181640625,0.2503267599552869,-0.3472466267451644,-0.2837573203921318,-0.0642909258604049,0.0501188226044178,-0.0551050938665866,0.1225634266123175,0.1079571013718843,0.1817471447259187,0.0952618718147277,-0.2452659904956817,-0.2482171803712844,0.2086664235725998,0.0763707074970006,0.426092199923098,0.1667803227901458,-0.0797624439001083,0.1246722340583801
1774470797785145000,164.75814501953124,0.2692997559726238,-0.2646726076286286,-0.2005687495738267,-0.0679194778203964,0.0677854344248771,-0.054262738674879,0.0407619262382388,-0.0181955819040536,0.0899760390013456,0.0944299027323722,-0.258736789226532,-0.2409928143024444,0.2263280447304248,0.0673626406550407,0.4089306372418999,0.1084752082824707,-0.1738130301237106,0.1256767809391021
1774470797795172000,164.76817211914062,0.2938692568227649,-0.1475830823827534,-0.1084492688030004,-0.0646987929940223,0.0767452269792556,-0.0496220365166664,-0.0474240144759416,-0.106254973629117,0.0013414777368307,0.0933060497045517,-0.2633156478404999,-0.2304010540246963,0.2343091066122055,0.0568809941291809,0.4005594069987535,0.0571829713881015,-0.2721479833126068,0.1198489367961883
1774470797805199000,164.77819921875,0.2980941810414195,-0.0509927398081868,-0.0314665668874979,-0.056952454149723,0.0914456099271774,-0.0456121191382408,-0.1240688627392053,-0.1981856538295745,-0.062714522588253,0.0911086723208427,-0.2538835406303406,-0.2148737609386444,0.2395627893567085,0.0365787953346967,0.401117917664349,0.0019633891060948,-0.3586802184581756,0.110329732298851
1774470797815225000,164.78822509765624,0.2786328169852495,0.0295603679399937,0.0155523739188909,-0.050431702286005,0.1067391112446785,-0.0450952649116516,-0.1720452504009008,-0.2918956186622381,-0.1085498065680265,0.0873676910996437,-0.2351953983306884,-0.1954431533813476,0.1994023361429572,0.0047135845184326,0.3581447451174259,-0.0408869944512844,-0.4342512488365173,0.0988235548138618
1774470797825252000,164.7982521972656,0.2772989380329847,0.0656240533594042,0.0300344882577657,-0.0488023795187473,0.1177717894315719,-0.0475941076874733,-0.2288870815634727,-0.3661298986524343,-0.1442670166373252,0.0808605253696441,-0.2100543677806854,-0.1755000650882721,0.1953176971778273,-0.0315220964670181,0.2932853194549679,-0.0713639482855796,-0.4966166019439697,0.0814536213874816
1774470797835279000,164.80827905273438,0.2721618674054741,0.0521412522561848,-0.0037748423635959,-0.047851588577032,0.1254812330007553,-0.0433531142771244,-0.2630287128791213,-0.4145242194652557,-0.1757224776089191,0.0732268095016479,-0.1838762313127517,-0.1587651520967483,0.2212285296343266,-0.0602291355133056,0.1648550466358661,-0.0926832556724548,-0.5196362733840942,0.0657333806157112
1774470797845306000,164.81830615234375,0.2718453488022089,-0.0186837307471781,-0.0537321747094392,-0.0454595349729061,0.1313931792974472,-0.0403693094849586,-0.282419642047584,-0.3889484641820192,-0.1533060631394386,0.0685572177171707,-0.1563897579908371,-0.1423752605915069,0.1652056136392057,-0.0676204148083925,0.0870952228680253,-0.10601157695055,-0.5048597455024719,0.0620973668992519
1774470797855333000,164.8283330078125,0.2449070729941129,-0.1044523081213235,-0.1341436820298433,-0.0409212931990623,0.1318598687648773,-0.0414330810308456,-0.2771694664344191,-0.3662596625119447,-0.0779705439090728,0.0648139491677284,-0.1361622214317321,-0.1323836743831634,0.0227265033319592,-0.0297644391447305,0.0784217948079109,-0.1008355021476745,-0.4665132164955139,0.0623717382550239
1774470797865360100,164.83836010742186,0.2412052958667278,-0.1710509056013077,-0.1938163527041673,-0.0384834334254264,0.12380301207304,-0.0393526218831539,-0.2729363589093089,-0.3441565517753363,0.004089899662137,0.0619481243193149,-0.1219752952456474,-0.1276270002126693,-0.0558873069167137,-0.0218704710245132,0.0797378458425402,-0.077849231660366,-0.4116092324256897,0.0593660958111286
1774470797875387000,164.84838696289063,0.2545174896433949,-0.2557815182298422,-0.2081944221466779,-0.0349405966699123,0.1125288531184196,-0.0380069799721241,-0.2617784205570816,-0.3611404198020696,0.0388783044487237,0.0582626201212406,-0.1142305582761764,-0.1264321506023407,-0.0688496643424034,-0.041330373775959,0.0668251727774739,-0.051880158483982,-0.3414066731929779,0.0527163222432136
1774470797885413000,164.8584130859375,0.2766989263132214,-0.363943275328353,-0.195547706541419,-0.0368588715791702,0.1089293211698532,-0.0354378297924995,-0.223431446506083,-0.3598907120019197,0.0558095655053854,0.0596171058714389,-0.1125197410583496,-0.1285517513751983,-0.0925949893280863,-0.0339069457769393,0.0215931153878569,-0.0291396901011466,-0.2716153264045715,0.0539389811456203
1774470797895440100,164.8684401855469,0.3194499805420637,-0.4368891960084438,-0.1796422814011573,-0.0471099279820919,0.1125402748584747,-0.0294707175344228,-0.1869286390170454,-0.3656540978342295,0.0553431170374155,0.0574579574167728,-0.1116246432065963,-0.1334524750709533,-0.1243897652566432,0.00675122782588,0.0069061261266469,-0.0011704686330631,-0.2034103125333786,0.0540254265069961
1774470797905467100,164.87846704101565,0.3613455869853496,-0.4631679849945008,-0.1350976217538118,-0.0560898408293724,0.1209484040737152,-0.0244501270353794,-0.1545595703318715,-0.3716501233786344,0.0392845471620559,0.056512001901865,-0.1105218306183815,-0.1379862427711486,-0.1196165595054626,0.0756716193169355,0.0213514155864715,0.0237700343132019,-0.1492546647787094,0.0534608364105224
1774470797915494000,164.88849389648436,0.3887625862210989,-0.4647639489490539,-0.0872650264769792,-0.0696358904242515,0.1273318529129028,-0.0267397686839103,-0.1369604930162429,-0.3415887471139431,0.0080073653668165,0.0552485547959804,-0.1074185222387313,-0.139712855219841,-0.1164697859123349,0.1133995846867561,0.0353545142367482,0.047114759683609,-0.1067745462059974,0.0466485284268856
1774470797925521200,164.89852124023437,0.4041553856641054,-0.4271744422018528,-0.0375116922706365,-0.0815077275037765,0.1198017597198486,-0.0311765931546688,-0.11947218259871,-0.2772714655041694,-0.013127777120471,0.0529260151088237,-0.1006197407841682,-0.1431555300951004,-0.0994132910408079,0.1249450610518455,0.0328182737573981,0.0664897859096527,-0.0830415189266204,0.0399765111505985
1774470797935548200,164.9085480957031,0.4177630552560091,-0.3523840626988559,0.0084673840939998,-0.0922966003417968,0.0973415821790695,-0.0304233096539974,-0.1008969537273049,-0.2023094557613134,-0.0284779064655303,0.0473356619477272,-0.0923125594854354,-0.1403926014900207,-0.1067874730706214,0.1282347502470016,0.093656773340702,0.0821293294429779,-0.0606104359030723,0.036117848008871
1774470797945575000,164.91857495117188,0.4166933801978826,-0.2557949622333049,0.0370581032842397,-0.0928958058357238,0.0686553418636322,-0.0270368345081806,-0.1085617892667651,-0.1366419285863638,-0.0206359607934951,0.0447590537369251,-0.0862804949283599,-0.133050262928009,-0.1117198149062693,0.1017541550785303,0.158713767401874,0.097901627421379,-0.0489961244165897,0.0236513242125511
1774470797955602200,164.9286022949219,0.4242918725028634,-0.1870215779975056,0.0503144752204418,-0.0863523855805397,0.0441316850483417,-0.0234506726264953,-0.1032689435556531,-0.0874655174851417,-0.003368015128374,0.0465551353991031,-0.0801165401935577,-0.1200339943170547,-0.0670496291831135,0.0670773939728736,0.2464519643485546,0.1198748350143432,-0.0486467070877552,0.0121832489967346
1774470797965628200,164.93862817382814,0.4589665877819061,-0.1533019714862108,0.0672211863577365,-0.0780513137578964,0.0248064547777175,-0.0173861235380172,-0.1000558267280459,-0.0343751478105783,0.0155418525248765,0.0446874611079692,-0.0722066834568977,-0.104741059243679,-0.0336826355017721,0.037115386429429,0.2987614127784967,0.1338673532009124,-0.0498187653720378,0.0007292595691978
1774470797975655200,164.9486552734375,0.4418997176468372,-0.1267714727614075,0.0536257917255163,-0.0651665702462196,0.008512258529663,-0.0095623787492513,-0.1051166172489523,0.0076531451016664,0.005695581293106,0.0441403873264789,-0.0627999901771545,-0.0862889364361763,0.0179293321833014,0.023321838876605,0.3228460527211427,0.1404101997613906,-0.0497138351202011,-0.0114038363099098
1774470797985682000,164.95868188476564,0.3973001129418611,-0.121529772715643,0.0280021056473255,-0.0528654269874095,-0.0027968548238277,-0.0106851672753691,-0.111933896048367,0.0247428115904331,0.0127870008587837,0.042046345770359,-0.0523468181490898,-0.0591220334172248,0.0607400076448917,0.0313274506777524,0.3189414464980363,0.1325139254331588,-0.0461723655462265,-0.0139098707586526
1774470797995709000,164.968708984375,0.3798638249725103,-0.1532532369736582,-0.0285433729171752,-0.0420524440705776,-0.0120350625365972,-0.0085344249382615,-0.1471449101611971,0.0440115756839513,0.019811784929037,0.036210436373949,-0.0380568988621234,-0.0355817079544067,0.0631684038355946,0.0509954432219266,0.2934711974158883,0.1138889044523239,-0.033969447016716,-0.0136876199394464
1774470798005736200,164.9787360839844,0.3342410146996378,-0.2109100377809256,-0.0976215853184461,-0.0324496179819107,-0.0121003109961748,-0.0041734986007213,-0.1462438696682453,0.029513679254055,0.046035774987936,0.0327227599918842,-0.0223112218081951,-0.0144031858071684,0.059720163077861,0.0805909555405378,0.2765522113189101,0.0939958840608596,-0.0209423303604125,-0.0104382969439029
1774470798015763000,164.98876293945312,0.2948036150634288,-0.2531358260266482,-0.1687479624211788,-0.020931938663125,-0.008311859332025,0.0043596886098384,-0.1393561559811234,0.0060737669557332,0.0808522368252277,0.0312760658562183,-0.0087394285947084,0.0018881389405578,0.0623063801787793,0.0911690481781959,0.2992614712551236,0.0753238126635551,-0.011185098439455,-0.0075378092005848
1774470798025790000,164.9987900390625,0.254565712699294,-0.2624501092735677,-0.2359878534793853,-0.0136101096868515,0.003316035028547,0.0109781771898269,-0.1495426189526915,-0.0567225886970758,0.0963221931576728,0.027419276535511,0.0046743806451559,0.0169381946325302,0.0721393535375595,0.0951005424082279,0.3130500503718852,0.0514136776328086,-0.0158083476126194,-0.0106659587472677
1774470798035817200,165.00881713867187,0.2150765828758478,-0.2468159022901207,-0.2919821279019117,-0.0088038519024848,0.0206120889633893,0.0217624977231025,-0.139265555088222,-0.1138116726189851,0.0936444983810186,0.0232400279492139,0.0161537211388349,0.0356441922485828,0.1050377067938446,0.0819376939743757,0.3174778036862611,0.0292256604880094,-0.0169057324528694,-0.0162010267376899
1774470798045843200,165.01884326171876,0.182382520020008,-0.2234929674349725,-0.3679752342581748,-0.0097348932176828,0.0490567795932292,0.0316984876990318,-0.1704860382601618,-0.1582423504978418,0.0779641141682863,0.0169376581907272,0.0250572022050619,0.0547973811626434,0.1321583534315228,0.0948258171200752,0.3301981690496206,0.0051948931068181,-0.0202147103846073,-0.0230093970894813
1774470798055870000,165.0288698730469,0.1411181972175836,-0.1942666537549346,-0.3841495394676923,-0.011388124898076,0.0761610344052314,0.0400129407644271,-0.1921808604568242,-0.1700321570128202,0.0448176313698291,0.0073979189619421,0.0349946022033691,0.0786670222878456,0.1337184423550963,0.1204974339932203,0.3241924988940358,-0.0123825585469603,-0.0283579006791114,-0.0301204454153776
1774470798065897000,165.03889697265626,0.1302776542514562,-0.1832416210673749,-0.4046832089304923,-0.0182114094495773,0.0999984592199325,0.0426971390843391,-0.209992119218409,-0.1812152298063039,0.0011900865674018,-0.0043727201409637,0.0452392473816871,0.1054842621088028,0.1403586110219359,0.12005027474761,0.3038108051225542,-0.0288435574620962,-0.0261842273175716,-0.0380982086062431
1774470798075924200,165.04892431640624,0.1165244387090206,-0.2239064436066895,-0.4109954608172178,-0.0242326091974973,0.1243201047182083,0.048313945531845,-0.2000979171916842,-0.1996095491528511,-0.0338712899416685,-0.0106594376266002,0.0567533001303672,0.1347775757312774,0.1602946068525314,0.1214899521619081,0.2555257899031043,-0.0447653755545616,-0.0086805894970893,-0.0382368490099906
1774470798085951000,165.05895092773437,0.1094412024497985,-0.2806613271381706,-0.3820043441325426,-0.0297767799347639,0.1376849114894867,0.0449461117386817,-0.1644201623499393,-0.2193254724919796,-0.0543693035691976,-0.0141905229538679,0.0710374265909195,0.1584323048591613,0.120123047722876,0.1696107167303562,0.2252685988053679,-0.0601176992058754,0.01617868617177,-0.033220250159502
1774470798095978000,165.06897802734375,0.1323199737340211,-0.3418757473617791,-0.3208662770807743,-0.0340991653501987,0.1446922719478607,0.035760298371315,-0.146369249613583,-0.2575911980003118,-0.1024678563058376,-0.0201405584812164,0.0868329033255577,0.1758030354976654,0.0681999682620167,0.204997671931982,0.236398772367835,-0.0640509277582168,0.0333551801741123,-0.0327809602022171
1774470798106005000,165.0790048828125,0.1368184541970491,-0.383533234200254,-0.2579968561917543,-0.0349582992494106,0.1435436308383941,0.0259702503681182,-0.1110118127673864,-0.2921504702061414,-0.0963975964814424,-0.023725438863039,0.0991846397519111,0.1943700611591339,0.0595965366981923,0.1544867973566055,0.2460983286052942,-0.06388421356678,0.0444578975439071,-0.0420239940285682
1774470798116031200,165.08903125,0.1541395913541317,-0.4247860126953571,-0.2192722810000181,-0.0327701717615127,0.1420983076095581,0.0165991596877574,-0.1138891217693686,-0.2941735004663467,-0.0684416680634021,-0.0277980286628007,0.1102057993412017,0.2074248939752578,0.0682592972338199,0.0775198775321245,0.2655275439575314,-0.0634961798787117,0.0583164393901824,-0.0540822818875312
1774470798126058000,165.09905810546874,0.1808411357969045,-0.4218061201017349,-0.1639718340605497,-0.0323110446333885,0.1367165893316269,0.0087905060499906,-0.1104345974013209,-0.2772919237703085,-0.0584235473960638,-0.0319347158074379,0.1139888167381286,0.2214749455451965,0.0745472914621233,0.0166547822028398,0.2782359266221523,-0.0650213733315467,0.0795511528849601,-0.0657538548111915
1774470798136085000,165.1090849609375,0.1809258914709091,-0.4246687429912388,-0.1162087968885898,-0.027731005102396,0.1281775087118148,0.0020678089931607,-0.1406739605814218,-0.253644506201148,-0.042710429957509,-0.0331714637577533,0.1259263902902603,0.2370263338088989,0.0986111808776855,-0.0452256276488304,0.2762137731447815,-0.0585564486682415,0.0978520065546035,-0.0754742845892906
1774470798146112000,165.11911206054688,0.1888964319586753,-0.3991496863313019,-0.04807984803617,-0.0314834006130695,0.1238056719303131,-0.0003394223749637,-0.145658763256669,-0.1986059250682592,-0.040765141108632,-0.0378533005714416,0.134316936135292,0.250807911157608,0.1068798275291919,-0.0644429538160562,0.2341051084727048,-0.0517736449837684,0.1287100464105606,-0.080288216471672
1774470798156139000,165.12913891601562,0.1961789901822805,-0.3609259002685546,0.0101876320153474,-0.0318125896155834,0.1154219657182693,-0.0052637970075011,-0.1827665509015321,-0.1632768375337124,-0.0579530072748661,-0.0439245514571666,0.1444257646799087,0.2658919095993042,0.0991013024821877,-0.0284480958491563,0.2058151257947087,-0.0538067370653152,0.1695297956466674,-0.0818035751581192
1774470798166166000,165.139166015625,0.2097632788985967,-0.3299780965581536,0.0485077180594205,-0.0353830866515636,0.1097270548343658,-0.0067304000258445,-0.2044061357796192,-0.1172638588994741,-0.053814592295885,-0.0492250397801399,0.1585810035467147,0.2865183353424072,0.0560688009634613,-0.011477087303996,0.1693897674560547,-0.0537766441702842,0.2006898522377014,-0.0816163569688797
1774470798176193000,165.14919311523437,0.2140051542520523,-0.3152013831868767,0.0696866996884345,-0.0419589430093765,0.096280038356781,-0.0036630472168326,-0.2422317163050174,-0.0630266572773456,-0.0570446602582931,-0.0575675405561924,0.1730358302593231,0.3037319481372833,0.0349625923097133,-0.0092103114157915,0.1661634988859295,-0.0537641905248165,0.2345841228961944,-0.0800036638975143
1774470798186220300,165.15922021484374,0.2175806746512651,-0.3089681148204952,0.0828419493377208,-0.0454948209226131,0.0790195539593696,-0.0008619343861937,-0.2786351550728082,-0.022851883277297,-0.0575643002182245,-0.0663493126630783,0.1950702965259552,0.3173073828220367,0.0426373647212982,0.0051718496799468,0.1680424445003271,-0.053751140832901,0.2598096132278442,-0.0846921578049659
1774470798196246300,165.16924633789063,0.2152992857158183,-0.3238450006306171,0.0940758755356073,-0.0556759685277938,0.0609633959829807,0.009753618389368,-0.287208922150731,-0.0051531449794769,-0.0385731840223073,-0.0777158662676811,0.2164128571748733,0.3273036479949951,0.0716053927913308,0.0228524677991867,0.1744634174585342,-0.0513234473764896,0.2702669501304626,-0.0877158418297767
1774470798206273000,165.17927294921876,0.218076933735609,-0.3234636731628328,0.111704471206665,-0.0611279904842376,0.048249464482069,0.0237365458160638,-0.3148237820461392,0.0037584757506847,-0.0200578686445951,-0.0834978595376014,0.2390587776899337,0.3418311774730682,0.0542271186195313,0.039099838244915,0.1906008977890014,-0.0447052270174026,0.2779349982738495,-0.0927870348095893
1774470798216300000,165.18930004882813,0.2136222924143075,-0.3419738009087741,0.135486913332343,-0.0682538151741027,0.0370583273470401,0.0361428782343864,-0.3445248005658388,0.0162549692302942,-0.035979660397768,-0.0903255864977836,0.2610816955566406,0.3583288192749023,0.0483379144504666,0.0827267985254526,0.2372878301620483,-0.0294626671820878,0.2877329587936401,-0.1000651195645332
1774470798226327000,165.1993271484375,0.2063029093116521,-0.3477524573754519,0.1331447341203689,-0.071786493062973,0.0283143706619739,0.0484940931200981,-0.3229515589222311,0.0538081625550985,-0.0408352837353944,-0.0989230722188949,0.2800175547599792,0.3738768994808197,0.030545068128407,0.1369219145715236,0.2428901802137494,-0.0277036502957344,0.2957304120063782,-0.1002536714076995
1774470798236354600,165.2093544921875,0.2002431708812713,-0.3289209887206554,0.0929851576894521,-0.0696118846535682,0.0292500872164964,0.0605231709778308,-0.3087649203985929,0.0825719002246856,-0.0596153875291347,-0.1106335371732711,0.294174462556839,0.3877382576465606,0.0108589554056525,0.2226280211687087,0.2273249468132853,-0.0235412381589412,0.3058370351791382,-0.0949761345982551
1774470798246381600,165.2193815917969,0.2376350361645221,-0.2983670066334307,0.0419131420999765,-0.0633529275655746,0.0326299034059047,0.0648854225873947,-0.2478282211378216,0.1072311251848936,-0.0700116938591003,-0.1205362379550933,0.3119310736656189,0.3964393138885498,-0.0325393106855452,0.2690449044287205,0.2018655113860964,-0.0173283480107784,0.3116594851016998,-0.0952347293496131
1774470798256408600,165.22940869140626,0.2193266415357589,-0.2767896733365952,-0.0072205989032983,-0.0548926070332527,0.037779364734888,0.0698256269097328,-0.1986760676950216,0.1103437042474746,-0.0735386989414692,-0.1306011974811554,0.3299415111541748,0.3988222479820251,-0.0252723884224891,0.2754647083431482,0.1835734833702444,-0.0146191082894802,0.3177706301212311,-0.0935529693961143
1774470798266434600,165.2394345703125,0.2099345438122749,-0.2651289000287652,-0.0546487050324678,-0.0388033874332904,0.0392070859670639,0.0731055811047554,-0.1902481388285756,0.0858341168910264,-0.0556657731205224,-0.1363139450550079,0.3445289731025696,0.3958453834056854,-0.0203749717697501,0.2549409757524729,0.1365156718581915,-0.0196205247193574,0.3226452767848968,-0.0965301170945167
1774470798276461600,165.24946166992189,0.200713711002469,-0.2632061152726411,-0.118287941250205,-0.0247208587825298,0.0349944978952407,0.0765549018979072,-0.1801163286536931,0.0469704254895448,-0.0490314496725797,-0.1435426324605941,0.3544511795043945,0.3965939581394195,-0.0373427654445171,0.2766898662239312,0.1116495261490344,-0.021198246628046,0.3334901630878448,-0.0935408324003219
1774470798286488600,165.25948852539062,0.208960730344057,-0.261710250691697,-0.1670446656346321,-0.0097504304721951,0.0333236306905746,0.0809475257992744,-0.1712339340180158,0.0070183543294668,-0.0481979214578866,-0.1456302851438522,0.3542924523353576,0.3887530863285064,-0.0660499506212771,0.2933171758979558,0.1271241586565971,-0.0251788720488548,0.351816177368164,-0.0888483375310897
1774470798296515600,165.269515625,0.2066547914892434,-0.2626591489143669,-0.2122720468491315,0.0016971920849755,0.0314874574542045,0.0825778320431709,-0.1345715520530939,-0.0009013327538967,-0.0506774633139371,-0.1458446532487869,0.3489439487457275,0.3756240904331207,-0.1237231180414557,0.3110071463674306,0.1560536082819104,-0.0248224679380655,0.3706375658512115,-0.0861637890338897
1774470798306542600,165.27954248046876,0.1785012946724891,-0.2580236711334437,-0.2415916648358106,0.0094999875873327,0.0292914137244224,0.0841565504670143,-0.0992751977443695,-0.0326315190136432,-0.0595674567341804,-0.1458518356084823,0.3382913172245025,0.3565611839294433,-0.1130196454584598,0.2713549349367618,0.1688452853158116,-0.0257295407354831,0.3864381015300751,-0.0873712673783302
1774470798316569600,165.28956958007814,0.1562578986823558,-0.2516011638052761,-0.2395107669085264,0.0134055465459823,0.0203646197915077,0.0892712846398353,-0.0491641361415386,-0.0833212572872638,-0.0561497572451829,-0.1475043892860412,0.3233919441699981,0.328776478767395,-0.1084860936820507,0.2363344749599695,0.1264630643993616,-0.0337241739034652,0.3982806503772735,-0.0829951614141464
1774470798326596600,165.2995966796875,0.1140180088460445,-0.2768284709770232,-0.2232142966240644,0.0167206488549709,0.0199265293776989,0.0906358882784843,-0.0057674774855375,-0.1172217733234167,-0.0783276867836713,-0.1481810957193374,0.2995244562625885,0.2957652807235718,-0.1121478310599923,0.2365940026789903,0.1066948263511061,-0.0384108051657676,0.4031324088573456,-0.0803527757525444
1774470798336623600,165.30962353515625,0.1133317801475524,-0.3065856035981327,-0.1848404345661401,0.0169429406523704,0.0205584894865751,0.0918127596378326,0.0267509365424513,-0.1622182683914899,-0.104134328213334,-0.147232636809349,0.2717419564723968,0.2567215263843536,-0.0993967782974243,0.2051858879804611,0.118392278407514,-0.0468204841017723,0.4084522426128387,-0.0782762318849563
1774470798346649600,165.31964965820313,0.109611882841587,-0.3220992529418319,-0.1424748725235462,0.018410874530673,0.0224381498992443,0.0954226776957511,0.0485126864954829,-0.1785205838948488,-0.1398427704542875,-0.1474864333868026,0.245966300368309,0.2161274999380111,-0.11411971565485,0.1562654974669218,0.1326207102462649,-0.0541196763515472,0.3992856442928314,-0.0813170298933982
1774470798356676600,165.32967651367187,0.1278869597226381,-0.3442000255908817,-0.0983282722830772,0.0152529384940862,0.0266335867345333,0.0975247845053672,0.056278352060914,-0.151458973968029,-0.1770698005646467,-0.1446756869554519,0.2140821367502212,0.1743581146001815,-0.1054091704547405,0.1042377885878086,0.1465259014800191,-0.056414533406496,0.3882564604282379,-0.080941766500473
1774470798366703600,165.33970361328124,0.155067812114954,-0.3893723156172782,-0.0614893647074699,0.009328736923635,0.0178179908543825,0.0928549319505691,0.0581032294005155,-0.1520119316756725,-0.1733417199522256,-0.1422130614519119,0.1838946640491485,0.1319339573383331,-0.1213248247280716,0.0811181942850351,0.1529074192106723,-0.0627291500568389,0.3801074624061584,-0.0800573304295539
1774470798376730400,165.34973046875,0.1258323652803897,-0.4195096066623925,-0.0306873992085456,0.0070192785933613,0.0032827951945364,0.0912127941846847,0.056601008144021,-0.1144715978324413,-0.199400874838233,-0.1378214359283447,0.1587199866771698,0.0954213961958885,-0.131948071681708,0.0277069220930337,0.1671367278322577,-0.0707779824733734,0.3609061241149902,-0.0783668234944343
1774470798386757600,165.35975756835938,0.1328963123172521,-0.426406526569277,0.021747721427679,-0.0004681991413235,-0.0050715412944555,0.0900396704673767,0.0433852604791522,-0.0727338122993707,-0.1958849756717681,-0.133887693285942,0.1306220442056656,0.0624083206057548,-0.133392571401596,-0.0291904386490583,0.1854118047133088,-0.0768774226307869,0.3423569202423095,-0.0775012969970703
1774470798396784600,165.36978466796876,0.1708458114832639,-0.3958727104872465,0.0893669671922922,-0.0009051328524947,-0.0107938824221491,0.0918151959776878,0.0465343721598386,0.0048345805495977,-0.1943880151122808,-0.1273063123226165,0.104500837624073,0.0345574803650379,-0.1207134148314595,-0.0696498748093843,0.2115396409213542,-0.0831513181328773,0.3207238614559173,-0.0761776193976402
1774470798406811400,165.3798112792969,0.1924053168624639,-0.3681235566876828,0.1168166996538639,-0.0021624113433063,-0.0124367857351899,0.0904199630022049,0.0349082317739725,0.0640805502444505,-0.2025023479849099,-0.1226340532302856,0.0803989619016647,0.0110606774687767,-0.1195604454040527,-0.0775274763166904,0.2389487491115927,-0.0922643914818763,0.2974270582199096,-0.0731687843799591
1774470798416837400,165.38983740234374,0.2107821005523204,-0.3507834956344217,0.1391010121762752,-0.0005928599275648,-0.0095196301117539,0.0872005447745323,0.0542360325783491,0.1188718786180019,-0.2077034237593412,-0.1195108667016029,0.06503227353096,-0.0104261310771107,-0.1136921378925442,-0.1073375081688165,0.2606915021032094,-0.1046979054808616,0.2703292965888977,-0.0718638449907302
1774470798426864600,165.39986474609375,0.2403998247027397,-0.3412566656153649,0.1084556985437869,0.0018916028784587,-0.0162595584988594,0.0884221345186233,0.0081815528899431,0.1425163735777139,-0.2150496948689222,-0.1163880378007888,0.058705136179924,-0.0274139046669006,-0.0798120801225304,-0.1654424911350011,0.2139648222416639,-0.1187234446406364,0.2315374016761779,-0.0715948715806007
1774470798436891600,165.4098916015625,0.2434749943643808,-0.344468028877303,0.0711520960658788,0.000462899915874,-0.0159231945872306,0.0871371477842331,-0.0500423802807927,0.1622095005631446,-0.2673696646928787,-0.1173776090145111,0.056571003049612,-0.0391814857721328,-0.0225166599735617,-0.1894242552250623,0.179060974381864,-0.1349996924400329,0.1953207850456237,-0.0685280561447143
1774470798446918400,165.41991845703126,0.2503495563089847,-0.3267593537073582,0.051104748815298,0.000708443345502,-0.0174537133425474,0.0890335813164711,-0.1035863389417529,0.1431038180768489,-0.2845399952024221,-0.1182631105184555,0.0554604679346084,-0.0467890724539756,-0.083634268759191,-0.1272802260011434,0.1838359336987137,-0.1577409654855728,0.1725220084190368,-0.0558588728308677
1774470798456945700,165.42994555664063,0.2643856804460286,-0.3081860245320946,-0.0037993922829627,0.0038723007310181,-0.018738143146038,0.0902106761932373,-0.0868809955954551,0.1475105286031961,-0.2653308523416519,-0.1151343509554863,0.052647091448307,-0.0541065596044063,-0.1709606700345873,-0.0365057300984859,0.217097859570384,-0.1766762435436248,0.14564248919487,-0.0440473407506942
