time,seconds_elapsed,imu1_accel_x,imu1_accel_y,imu1_accel_z,imu1_gyro_x,imu1_gyro_y,imu1_gyro_z,imu2_accel_x,imu2_accel_y,imu2_accel_z,imu2_gyro_x,imu2_gyro_y,imu2_gyro_z,imu3_accel_x,imu3_accel_y,imu3_accel_z,imu3_gyro_x,imu3_gyro_y,imu3_gyro_z
1774473049132830200,110.40283032226564,0.1003302597552537,0.1342681851923465,0.0900467661499977,0.0109287071973085,-0.0142328813672065,0.0750427022576332,0.0903643076665699,-0.0260363585323095,0.0165086517304182,-0.0111916996538639,-0.0248610451817512,-0.0122560318559408,-0.0631619740948081,-0.0019441198050975,0.0398436423495411,0.0189627818763256,0.0248731672763824,0.0103129595518112
1774473049142858000,110.41285791015623,0.0771361389115452,0.1221039924070239,0.1099094044834375,0.0109028741717338,-0.0068588554859161,0.0723654255270958,0.0909668036043643,-0.0272784675478935,-0.0168330613791942,-0.0104801766574382,-0.0266057290136814,-0.0160429831594228,-0.0118032505184412,-0.0150455934405326,0.0921627353906631,0.0136832259595394,0.002161222975701,0.0074921860359609
1774473049152886300,110.42288623046876,0.0639727059558033,0.113527448850125,0.1129115089088678,0.0086110522970557,0.0018515405245125,0.0645399019122123,0.0836848299026489,-0.0356049818664789,0.0074760349690914,-0.006305138580501,-0.022903136909008,-0.0186246521770954,-0.0304334244474768,-0.0154208564937114,0.0645829468086361,0.0084338691085577,-0.0177656132727861,0.0084842136129736
1774473049162914000,110.4329140625,0.0598477349802851,0.1125464749887585,0.1013753848940134,0.0110222790390253,0.0047338800504803,0.056942444294691,0.082805270589143,-0.0355044441014528,0.0316834245085716,-0.0043005039915442,-0.0181213822215795,-0.0197933111339807,-0.0378258727863431,-0.0002799859851598,0.0012146364867687,-0.0033511435613036,-0.0263017322868108,0.008513712324202
1774473049172942000,110.44294213867188,0.0316179580569267,0.1081323118083179,0.0928688378334045,0.0120597779750823,0.0141127426177263,0.0530233904719352,0.0544359390646219,-0.0536760606080293,0.0152870009809732,-0.004787063691765,-0.0179245751351118,-0.0177804939448833,-0.0273357506930828,0.0129553431630134,-0.0412500020161271,-0.0047567598521709,-0.038155198097229,0.0093371607363224
1774473049182970000,110.45297021484376,0.0079866148397326,0.1093954636119306,0.0887917976528406,0.0089497379958629,0.0142115466296672,0.0468786731362342,0.0579357638791203,-0.0464350034385919,0.0180523740410804,-0.001547060557641,-0.0268767941743135,-0.0155989900231361,-0.0299506093665957,0.0093389062315225,-0.059933659698069,-0.0007153314072638,-0.0315989181399345,9.60864126682e-05
1774473049192996900,110.46299682617187,-0.0229167652070522,0.121061205355823,0.0788081637769937,0.0044493051245808,0.0136964777484536,0.0430088154971599,0.087157182188332,-0.0038730420410633,0.0183592480331659,0.0048352051526308,-0.0344652086496353,-0.0152067057788372,-0.0420788540557026,0.0349415495216846,-0.0958347019016742,0.001620260765776,-0.0156503114849329,0.0059470511041581
1774473049203022000,110.47302197265626,-0.0388914561912417,0.1217763678878545,0.0747048201113939,0.0015491227386519,0.0105920303612947,0.0382276400923728,0.1068279512114822,0.0233633399307727,0.0031529110729694,0.0156392864882946,-0.0358609445393085,-0.0174319967627525,-0.0004924596920609,0.0127326403230428,-0.1208650982618331,-0.0039223958738148,0.0194303561002016,0.0104012507945299
1774473049213050000,110.48305004882812,-0.0450447181239724,0.1122138820335268,0.0897182648479938,0.0008800163632258,0.0152789298444986,0.0341778919100761,0.0673851447477936,0.0006271919876337,0.0054436523586511,0.0193128511309623,-0.0259329453110694,-0.0220451243221759,0.0044552258431911,-0.0293733940005302,-0.1006023546949028,-0.0066236401908099,0.0362708568572998,0.014156574383378
1774473049223078000,110.49307788085936,-0.0286664147749543,0.106681966869533,0.097157474938035,-0.0015522487228736,0.0193359907716512,0.030747739598155,0.0311111775785684,-0.0394020360618829,-0.0245803145051002,0.0192917324602603,-0.0061912443488836,-0.0214994847774505,0.0090878540799021,-0.0135807815849781,-0.035300738222897,-0.0105496728792786,0.0255564264953136,0.0081839030608534
1774473049233106200,110.50310620117187,-0.0336906726777553,0.125951315484941,0.0992430490404367,-0.0048537692055106,0.0218476168811321,0.0221910029649734,-0.0096980949327349,-0.0515022237002849,-0.12010638884902,0.0143521027639508,0.0058353245258331,-0.0194613672792911,0.0269686709463596,0.0237771814286708,-0.0044435354053974,-0.0072095352225005,0.0020103538408875,0.0018762059044092
1774473049243134000,110.51313403320312,-0.0223708217620849,0.1506592018924653,0.1154378125160932,-0.0060612466186285,0.0238716192543506,0.0132608897984027,-0.0397200159698724,-0.0958148281574249,-0.130761053854227,0.0059717204421758,0.0104906503111124,-0.0092675583437085,0.0381377152144908,0.0118044195622205,0.0028971827462315,-0.0018747798167169,-0.0148046407848596,-0.0050983945839107
1774473049253161000,110.52316088867188,-0.0176548991560935,0.1702200808003544,0.1214408523231744,-0.0078298654407262,0.0229016654193401,0.0010745879262685,-0.0576940640777349,-0.1185550677537918,-0.080635379204154,0.002770866965875,0.0071204202249646,-0.0017984566511586,0.0326557766720652,-0.0033130700707435,-0.024172318226099,0.0031769704073667,-0.0150784133002161,-0.0084691569209098
1774473049263189000,110.53318896484376,-0.0112523386374115,0.1872441347070038,0.107821492293477,-0.0087585095316171,0.0216973833739757,-0.0103152189403772,-0.0121970721416175,-0.0063736266851425,-0.0603027852714061,0.007216187659651,-0.003346539568156,0.0015211129793897,0.0335667540371418,-0.0258382056117057,-0.0473395510628819,0.0060369404964149,-0.008615106344223,-0.0072796638123691
1774473049273217000,110.54321704101562,-0.0222077401548624,0.1918621498964726,0.0988344682395458,-0.0111531885340809,0.0260540228337049,-0.0230406038463115,-0.0372239613704383,0.0612649083018302,-0.031958734318614,0.0171937216073274,-0.0082246512174606,0.00731668388471,0.0183221308931708,-0.0500946949899196,-0.0504544682130217,0.0079328445717692,-0.0036341967061161,-0.0061792456544935
1774473049283245000,110.5532451171875,-0.0160416187405586,0.1781353839695453,0.0930541312724351,-0.009684988297522,0.0243128482252359,-0.0330314524471759,-0.0271457810789346,0.0597223550349473,-0.0203846163809299,0.0264672860503196,-0.0068331216461956,0.0036647361703217,0.019550795905292,-0.0772860687762498,-0.0799921128645539,0.0086495885625481,-0.0070896679535508,-0.0105066932737827
1774473049293273000,110.56327319335938,-0.0055891983091831,0.1733135167710483,0.053393152013421,-0.0118655283004045,0.019861975684762,-0.0406514406204223,0.0227303027242422,0.0424912342488765,-0.0571247397571802,0.026989797130227,-0.0011033305199816,-0.003742580069229,0.036904666288197,-0.0394569811195135,-0.0710930593550205,0.0117463115602731,-0.0178933143615722,-0.0158031899482011
1774473049303301000,110.57330102539062,0.0051341480180621,0.1676002536907792,0.0372147551506757,-0.0082420315593481,0.0199903398752212,-0.0517179369926452,0.0231722012728452,0.021395254728198,-0.0810749396651983,0.0227176249027252,0.0033252951689064,-0.0157814100384712,-0.0129790162995457,0.0182283151298761,-0.0433615873426198,0.0168163534253835,-0.0149682611227035,-0.0187713466584682
1774473049313329000,110.58332885742188,0.013196750703454,0.1557892582572996,0.0099801267445087,-0.0070715555921196,0.0198845937848091,-0.0583534613251686,0.0582984597116708,-0.0149473937630653,-0.0732733260035514,0.0107813365757465,0.012831981293857,-0.0315747521817684,-0.0236368961751461,0.0216921918481588,-0.0484092261210083,0.0179910734295845,0.0009609037078917,-0.0200014598667621
1774473049323356200,110.59335620117189,0.014761515802145,0.148826433507353,0.0017290157496929,-0.0073131043463945,0.0170051846653223,-0.0670944824814796,0.065763681025803,-0.0123410106569528,-0.0625362434118986,-0.0011824497487396,0.0213934611529111,-0.0454547181725502,-0.0083846742466092,-0.0165039755553007,-0.0422787605419755,0.0245813261717557,0.015924347564578,-0.0210845358669757
1774473049333384000,110.60338403320311,0.0144613638117909,0.1419083246819674,-0.0084229604303836,-0.0082438960671424,0.0136554781347513,-0.0731116384267807,0.0393874230146408,0.0549234303206205,-0.0462789360940456,-0.0123208547011017,0.0195329766720533,-0.0528015792369842,0.0097816815629601,-0.0414162984937429,0.0107271457195281,0.0340930745005607,0.0143996886909008,-0.0214701611548662
1774473049343412200,110.613412109375,0.034660979014635,0.121983434767276,-0.009196282890439,-0.007072904612869,0.011424015276134,-0.0778510048985481,0.0147650229334831,0.0855260738551616,0.0469394458293914,-0.0130077637732028,0.0092861521989107,-0.0501871928572654,0.0697308310911059,-0.0421148021519184,0.1004798973590135,0.0406615883111953,-0.0076136318966746,-0.025025088340044
1774473049353440000,110.62343994140625,0.0461506335392594,0.1082353337913751,0.0062374330848455,-0.0069340169429779,0.0076606823131442,-0.0791256949305534,0.0022768588908016,0.0994879637122154,0.0939770913362503,-0.0122804539278149,-0.0056656333617866,-0.0405793078243732,0.0882490690782666,-0.0231482358753681,0.1270113459318876,0.0437063835561275,-0.027164164930582,-0.0230612736195325
1774473049363468000,110.63346801757812,0.0496150947794318,0.1099026824817061,-0.0002215337961912,-0.0109034581109881,0.0070079416036605,-0.08029455691576,-0.0072191375985741,0.0994435400485992,0.1296627372235059,-0.0061547243967652,-0.0176030341535806,-0.0298693422228097,0.0143976509258151,0.0309182853549718,0.1297273268923163,0.0458258092403411,-0.0369729362428188,-0.0149605181068182
1774473049373496000,110.64349609375,0.0570332620814442,0.087634736572206,-0.0165823014885187,-0.0102112097665667,0.0061293561011552,-0.0832960307598114,0.0144695471182465,0.0809837542504072,0.078248191806674,-0.0022713029757142,-0.0272918809205293,-0.0251219924539327,-0.0472790530472993,0.0824567494124174,0.0722609340906143,0.0502551794052124,-0.0455536395311355,-0.0038538048975169
1774473049383523000,110.65352319335938,0.0482125345051288,0.0834136117458343,-0.0274877263844013,-0.0105829872190952,-0.0022833035327494,-0.0848086923360824,0.0345882060393691,0.0399064784526824,0.0177963534533977,-0.0042548710480332,-0.0277774967253208,-0.0282484665513038,-0.0891661839231848,0.0958691886931657,0.0231043967336416,0.0502266772091388,-0.0515879914164543,0.0049519524909555
1774473049393551000,110.66355102539065,0.0544981906458735,0.0887691474296152,-0.0218441675394773,-0.007502113468945,-0.0106294192373752,-0.0874034985899925,0.0741568308398127,0.0007370821028947,-0.0380582202374935,-0.0074328212067484,-0.0201523341238498,-0.0351537764072418,-0.0849988351106643,0.0754272891670465,0.0146299983769655,0.0565138682723045,-0.0552927181124687,0.018492529168725
1774473049403579000,110.67357885742187,0.0637763066008686,0.0582633883982896,0.0019955577313899,-0.0015374317299574,-0.0193225089460611,-0.0827898383140564,0.1094962936379015,-0.0127899234682321,-0.0554769725501537,-0.0127209862694144,-0.0120988860726356,-0.046021930873394,-0.0722939595773816,0.0712660778343677,-0.0038227731585502,0.0580048002302646,-0.0537530221045017,0.025543263182044
1774473049413607200,110.68360717773436,0.0674596712887287,0.0376798884443938,0.018187398597598,-0.0021869488991796,-0.0223198346793651,-0.0739013850688934,0.1108254964150488,-0.0192377844333648,-0.0277963539421558,-0.0113507900387048,-0.0108954040333628,-0.0524015352129936,-0.0511319290831685,0.044471009889245,-0.0516202971220016,0.0560492388904094,-0.043627418577671,0.0318565554916858
1774473049423635000,110.69363500976564,0.0939908276006579,0.0141831313923001,0.0392465532392263,-0.0012684244429692,-0.024214407429099,-0.0603477619588375,0.0542157204426825,0.0015992518901824,-0.0153226568162441,-0.0071279089897871,-0.0092013431712985,-0.0540267080068588,-0.0707964144960045,0.0177092596918344,-0.0712707540094852,0.0529779121279716,-0.0275855585932731,0.0395069047808647
1774473049433663200,110.70366333007811,0.0964496189296245,-0.0022683833234012,0.0467184965550899,-0.0063721612095832,-0.0188554935157299,-0.049578733742237,0.025639029777795,0.000619008681178,0.013463292685151,-0.0043579554185271,-0.0098460940644145,-0.0475009009242057,-0.0786383601680398,-0.0131914900064468,-0.0355018137529492,0.050821017473936,-0.0195260345935821,0.041961807757616
1774473049443691000,110.71369091796876,0.0823190945073962,0.0058291445448994,0.0480231494128704,-0.0070129176601767,-0.0132585940882563,-0.0384107679128646,-0.0008557400465011,0.0067722706139087,-0.0021177228063344,-0.0024722698144614,-0.0150957023724913,-0.0371153689920902,-0.0458896445155143,-0.0167371997892856,0.0322708690077066,0.0436372235417366,-0.0263913981616497,0.0393815487623214
1774473049453718000,110.72371801757812,0.0692871789768338,0.0216778710618615,0.046485272321105,-0.011584642343223,-0.0158912390470504,-0.0314309448003768,-0.0212215055964887,0.0374333663374185,-0.0521153871625661,-0.0007406824734061,-0.0160352662205696,-0.0285258777439594,-0.0054296238332986,-0.018381459864974,0.059105684441328,0.040226511657238,-0.0425999276340007,0.0330946259200573
1774473049463746000,110.73374609375,0.0779939247846603,0.0462051402054727,0.072528060594201,-0.0104999374598264,-0.0157173350453376,-0.0227541029453277,-0.0242386614605784,0.0312298355221748,-0.0177022454291582,0.00401899125427,-0.0164977982640266,-0.0205896720290184,-0.0041144495815038,-0.0486807365387678,0.0649453503802418,0.03604756295681,-0.05271852388978,0.0309168957173824
1774473049473774000,110.74377416992188,0.0915621391490101,0.0730091221094131,0.0812900437206029,-0.0108223259449005,-0.0212146341800689,-0.0108557483181357,-0.012812427560985,0.0387947178184986,0.0218640412837266,0.0095346644520759,-0.018210744485259,-0.0119373276829719,-0.0162307115718722,-0.0653033700376749,0.0200660519510507,0.0318999588489532,-0.0468483828008174,0.0255841836333274
1774473049483802000,110.75380200195312,0.1178387361779809,0.0824435976698994,0.0638368046164512,-0.010549884289503,-0.0213637705892324,-0.0034939721226692,-0.0138904320560395,0.0209469264388084,0.0291939457803964,0.0186530631035566,-0.020648069679737,-0.0072435066103935,-0.0501297663033008,-0.0579424858808517,-0.0273947874039411,0.0294410828500986,-0.0378674790263175,0.0246921963989734
1774473049493830000,110.76382983398436,0.112756318347156,0.0723971276909112,0.0715203448563814,-0.0088048484176397,-0.0149780716747045,0.0098568946123123,0.0099473935186862,0.0131219319015741,0.0137853642463684,0.0220730938017368,-0.0184128787368536,-0.0006071751704439,-0.0619835779651999,-0.0547965890705585,-0.0618351094052195,0.0254772324115037,-0.0271381363272666,0.0240836646407842
1774473049503858200,110.77385815429687,0.0811310537666082,0.0491669126205146,0.0747463211655616,-0.009229090064764,-0.0118832122534513,0.0165092051029205,0.0135749363660812,0.0110188221424818,-0.0152992759406566,0.0223974660038948,-0.0151422498747706,0.0023513305932283,-0.0504711270868778,-0.0661713850438594,-0.0589557545766234,0.0249799154698848,-0.0163441933691501,0.0183103382587432
1774473049513885000,110.78388500976564,0.0605602671638131,0.0414497623719275,0.0340057299762964,-0.0026387125253677,-0.0071417232975363,0.0205445773899555,0.0408680169612169,-0.0104676180005073,-0.0110088852703571,0.0211119595915079,-0.0141084110364317,-0.0004460539203137,-0.0510766917645931,-0.060974400922656,-0.0146837743908166,0.0261700823903083,-0.0111148105934262,0.0114068910479545
1774473049523913200,110.79391333007813,0.0589431873559951,0.0277476924948394,0.0384983652204275,0.0032402155920863,-0.0005344208329916,0.0234271809458732,0.0408428825199604,-0.0062087915122509,-0.0182587102681398,0.0217976476997137,-0.0096575180068612,-0.0003013809910044,-0.0591053921803832,-0.0681768796473741,-0.0144900053843855,0.0281078852713108,-0.0184244886040687,0.0033868444152176
1774473049533941000,110.80394091796876,0.0680032766461372,0.007484218275547,0.0476817886292934,0.0097486935555934,0.003752423916012,0.0291631780564785,0.0410796138852834,-0.0061222822725772,0.0217389535993337,0.0231201741844415,-0.0094487266615033,-0.0007330793887376,-0.0031914895176887,-0.0790583391457796,0.0004313771545886,0.0243349857628345,-0.0241995565593242,-0.0030926261097192
1774473049543969300,110.81396923828125,0.0747498282968997,-0.0201471543632447,0.0426829574286937,0.0169267114251852,0.00704648764804,0.03210224583745,0.047864305589348,0.0492483072936534,0.0032066870868206,0.020889263600111,-0.0143186561763286,0.0010620695538818,-0.0157739077150821,-0.0951969885200262,0.0184656310170888,0.0189976543188095,-0.0282772630453109,-0.0078361546620726
1774473049553997000,110.8239970703125,0.1038391446590423,-0.0150033617340028,0.0297708688855171,0.0209335517138242,0.0050917617045342,0.0386523976922035,0.007517828284204,0.0502379028528928,0.0380155501395463,0.0212554465979337,-0.0163067057728767,0.0064621609635651,-0.035328795273602,-0.0579933392852544,0.0060670449540019,0.0169938933104276,-0.0330051742494106,-0.0151752941310405
1774473049564025000,110.83402514648438,0.1124772091448307,-0.0059080550000071,0.0030126258194446,0.023512290790677,-0.0004121931269764,0.0455390661954879,0.0003549509175121,0.0555985531032085,0.0331020591348409,0.018979363143444,-0.0190013907849788,0.0122061939910054,-0.0496262006953358,-0.0531564206480979,-0.0363932096347212,0.0136435478925704,-0.0276090577244758,-0.0204171165823936
1774473049574053000,110.84405322265626,0.0907177972793579,-0.0015798165373504,0.0042255087405443,0.02592508867383,-0.0034723812714219,0.0520310066640377,0.0300929404467344,0.0723451052427291,0.0248012637794017,0.013433595187962,-0.0223865341395139,0.0146954506635665,-0.0894528919100761,-0.0411187768518924,-0.0650596244096756,0.0111313881352543,-0.0130005534738302,-0.0215231273323297
1774473049584080000,110.85407983398436,0.0428828639149665,0.0132590022847056,0.0291793327331542,0.0237644650042057,-0.0010513016022741,0.0557498484849929,0.0361686070986092,0.0444119731783866,0.0430710799634456,0.0087222997099161,-0.0216824170202016,0.0197010766714811,-0.1184428395509719,-0.0306038125783205,-0.0667787032872438,0.0079620499163866,0.0104029159992933,-0.0229943506419658
1774473049594108200,110.86410815429689,0.0240542448043823,0.0300512932620942,0.0237853647351264,0.0190744921565055,0.001484558917582,0.0565723814070224,0.0570543048694729,0.0163256963789463,0.0591425093203783,0.0083867413923144,-0.0187534727156162,0.0165665354579687,-0.0857522838264703,-0.0160766900539398,-0.0722580114811658,0.0022977727930992,0.0168802570551633,-0.0217402670532464
1774473049604136000,110.87413598632811,0.0257473124578595,0.0717528384380042,0.0289022693574428,0.0151410037651658,0.001158055383712,0.056642685085535,0.0651294747754931,0.0583873070389032,0.0157394209235906,0.0038659330457448,-0.0174588859081268,0.0145237771794199,-0.084285133883357,-0.0046118777096271,-0.0043067572832107,0.008679237216711,0.0057494123466312,-0.0204009488224983
1774473049614164200,110.88416430664064,0.0339849794492125,0.0923961057551205,0.041321021425724,0.0109369335696101,0.0005324184894561,0.0560387708246707,0.0611925737179815,0.06258943490386,-0.0208358672797679,0.0050108255818486,-0.0177683439105749,0.0132217574864625,-0.0734209177806973,0.0075613751649856,0.0557195491343736,0.0101141482591629,0.0023671980015933,-0.0249264575541019
1774473049624192000,110.89419189453125,0.0378463310524821,0.1181497018232941,0.0547305380970239,0.0082418145611882,0.003381468122825,0.0540885366499424,0.0314181977011263,0.0176022921860218,0.0092038816750049,0.0003916369751095,-0.0158819798380136,0.0108303418383002,-0.1033560373172163,-0.0150157828241586,-0.0151917239129543,0.0006029341020621,0.0020693773403763,-0.0197693742811679
1774473049634220000,110.90421997070312,0.0346326297029852,0.1484619841091334,0.0578711742103099,0.0051148808561265,0.01223920378834,0.0457459464669227,0.0320195245951414,0.0048836803883314,0.0169815299391746,0.0038510833401232,-0.0203371830284595,0.0102782687172293,-0.1321273737713694,-0.027049919489026,-0.0477601145625114,-0.0047612050548195,0.0004674857482314,-0.0178966373205184
1774473049644247000,110.9142470703125,0.0387666607677936,0.162711458735913,0.0653764352738857,-0.0004455331945791,0.0101550137624144,0.0427562855184078,0.0349644920058548,0.0437216528266668,-0.011516250270605,0.006926218047738,-0.0196169894188642,0.0056963870301842,-0.0973214333280921,-0.0138192665159702,-0.0401262586832046,-0.0108725391328334,0.0065897307358682,-0.0157266296446323
1774473049654274800,110.92427490234375,0.0401551925167441,0.1648436484590172,0.0569359391868114,-0.0011584461899474,0.0114223919808864,0.033984113484621,0.0166056823641061,0.0161187756299972,-0.0053179801523685,0.0043296357616782,-0.0150707075372338,0.001204167259857,-0.0950306920424103,-0.0031242695003747,-0.0473415968894958,-0.0133607303723692,0.0118761043995618,-0.013031511567533
1774473049664303000,110.93430322265624,0.0255690332815051,0.1506571560658514,0.0430868620544672,-0.0046003158204257,0.0114498222246766,0.023909106850624,0.0269037890166044,0.0334504341810941,-0.0333995807766914,0.0015451707877218,-0.0130553990602493,0.0025083571672439,-0.0630550065889954,0.0041787469893693,-0.037803660954535,-0.0103240124881267,0.0074614542536437,-0.0131166856735944
1774473049674331000,110.94433081054687,0.0283431741699576,0.1310145902238786,0.0420516737878322,-0.0062803989276289,0.0112554300576448,0.0127045232802629,-0.0005516425333917,-0.045164837372303,-0.0143926824897527,-0.0046544019132852,-0.0131086623296141,0.0097175342962145,-0.0501101848199963,0.0007774141132831,-0.0137438631922006,-0.0047484189271926,0.0093935783952474,-0.0120152030140161
1774473049684359200,110.95435913085936,0.0296285378053784,0.1195849953234195,0.046349078720808,-0.0091100074350833,0.0108980340883135,0.0044210264459252,0.036734862679243,-0.0623696546733379,0.0488175146609544,-0.0003399713896214,-0.0191274285316467,0.0118313357234001,-0.0607309475556015,-0.0042108956933021,0.0014823475122451,-0.006211026571691,0.0143981911242008,-0.0078052780590951
1774473049694387000,110.96438696289064,0.0456745404601097,0.1238883916057646,0.033564415949583,-0.0087194805964827,0.0105816200375556,-0.0016638250090181,0.0510113714434206,0.0024298574954271,0.0192518129587173,0.0082998564466834,-0.0185244884341955,0.010120254009962,-0.0378901701942086,0.0307131181716918,0.011568564979732,-0.0042314995080232,0.0081325713545084,-0.0063085812143981
1774473049704415000,110.9744150390625,0.0468710567682981,0.111658732368797,0.0296937119960784,-0.0085216080769896,0.0072081936523318,-0.0079992190003395,0.0553041002012789,0.0021966332614421,0.0476753588885068,0.0181582011282444,-0.0137562006711959,0.0068868780508637,0.0019756839871406,0.0290852247089147,0.0591913168981671,-0.0028030690737068,0.0008699879981577,-0.0077540506608784
1774473049714442000,110.98444189453124,0.0475137385860085,0.1073842699199914,0.0139835171669721,-0.0061759883537888,0.0050750109367072,-0.0107224872335791,0.0119826987385749,-0.0269803613841533,0.0320545959085226,0.0191739294677972,-0.003160813357681,0.0025398004800081,-0.009778174431622,0.004649287110567,0.0291062674969434,0.0051635107956826,-0.0046062697656452,-0.009380443021655
1774473049724470000,110.99446997070312,0.0384939813062548,0.1212283786162733,0.0040156653821468,-0.0062739923596382,0.0105025330558419,-0.01618835888803,-0.0107345983736217,0.0006014730244874,-0.044618309405446,0.015980465337634,0.0120047014206647,0.0013390168314799,-0.0437272057846188,0.0168313078135252,-0.0182242234766483,0.0073383403941988,-0.0045787990093231,-0.0101888226345181
1774473049734498000,111.004498046875,0.0467155739456415,0.1331159464173018,-0.0137041157037019,-0.005078553687781,0.0088313864544034,-0.0160058625042438,-0.0359457581281661,-0.0124421329438686,-0.098214875036478,0.0059379511512815,0.018438633531332,0.0049569210968911,-0.0186477095857262,0.0260930571556091,-0.0462228219926357,0.0050304452888667,-0.0071221180260181,-0.0146573400124907
1774473049744526000,111.01452612304688,0.0442728569686412,0.1209282266259193,-0.0171153854519128,-0.0102200517430901,0.0081307087093591,-0.024427842348814,-0.0636550183087587,-0.0889805982232093,-0.0704910018086433,-0.0035411268472671,0.0119855543598532,0.0126655893400311,-0.0141670570403337,-0.0030225626915693,-0.0787599407210946,4.05629398301e-05,-0.0082244770601391,-0.0177344046533107
1774473049754554000,111.02455419921876,0.0487982254385948,0.1147613745592534,-0.0047001405149698,-0.0113906972110271,0.0134597122669219,-0.0319979861378669,-0.0609139029070734,-0.0341746568024158,-0.0326601605862379,-0.0056871022097766,0.0001688425836618,0.0189176257699728,-0.0049506081447005,-0.0369651643037796,-0.0493038368731737,0.0019343367312103,-0.0050649028271436,-0.0217262152582407
1774473049764582100,111.03458203125,0.0668468000873923,0.1093026707619428,0.0236345580875873,-0.0144440103322267,0.0140123181045055,-0.0315830633044242,-0.0246808522701263,0.0879044934242963,-0.0673082801192998,0.001304036239162,-0.009859774261713,0.0216180086135864,0.0185211605966091,-0.0345674555122852,-0.0067111880764365,0.0064377430826425,-0.002623769454658,-0.022873381152749
1774473049774609200,111.04460913085936,0.0348407194957137,0.0816631148166954,0.0667564914554357,-0.0159632917493581,0.0118397213518619,-0.0344660021364688,-0.0275146143913269,0.1468500188678503,-0.0648947892367839,0.0101502584293484,-0.0168439149856567,0.0268399342894554,0.0196256147071719,-0.0299736979812383,-0.0173225984618067,0.0051399846561253,-0.0088877901434898,-0.0236153379082679
1774473049784637000,111.05463696289064,0.0128510060057044,0.0652929947741329,0.0848603034228086,-0.0153233334422111,0.0120237469673156,-0.0409119166433811,-0.0446060344457626,0.059448798790574,0.0046744215518236,0.0168570764362812,-0.0135112106800079,0.0284215752035379,-0.0119625327333807,-0.0005623100578784,-0.0066796238943934,0.0080553516745567,-0.0163634922355413,-0.0231391936540603
1774473049794665200,111.06466528320313,0.0255155495285987,0.06446852664873,0.1013508349746465,-0.0140020735561847,0.0158176720142364,-0.0447322688996791,0.0099544077813625,0.0055973816156387,0.022892799809575,0.0224148277193307,-0.0099364500492811,0.0207655187696218,-0.0230403915867209,0.0612011954158544,0.0315402166455984,0.0100159710273146,-0.0184900257736444,-0.0191308706998825
1774473049804693000,111.07469287109376,0.0327592370465397,0.0647952743850648,0.1015922425150871,-0.0110302520915865,0.0147476140409708,-0.0439735352993011,0.0309860898941755,0.0013356325179338,-0.0456996749013662,0.0176878776401281,-0.0062700510025024,0.0156282279640436,-0.0600534866854548,0.0529927545189857,0.0083262220576405,0.0060532731004059,-0.0136088198050856,-0.0154860075563192
1774473049814721000,111.08472094726562,0.054146600729227,0.0528235354319214,0.0918500161796808,-0.0116454036906361,0.0166256539523601,-0.0453706383705139,0.0084375734776258,-0.0378057067811489,-0.1260772799521684,0.0069987475872039,-0.0008617033017799,0.0076083857566118,-0.0452875869691371,0.001615033981204,0.0241249719530344,0.003128589130938,-0.0038659111596643,-0.0113666299730539
1774473049824749000,111.0947490234375,0.0664545858994126,0.0463503938950598,0.0698497812956571,-0.008089018985629,0.0203159973025321,-0.0395947769284248,0.032027707901597,-0.0522825604230165,-0.1091927806466817,0.0010393459815531,0.006366794463247,6.47909473627e-05,0.0173845577821135,-0.0545861611902713,0.0407113650947809,0.0079085202887654,0.0008181994780898,-0.0117547456175088
1774473049834777000,111.10477709960938,0.0655187663540244,0.0372564023353159,0.0395060809582471,-0.001031068037264,0.0256282407790422,-0.0291627328842878,0.0262196061447262,-0.0570744708746671,-0.0577566079199314,-0.0051754065789282,0.0094051947817206,0.0011327185202389,0.0420624874427914,-0.0617459698170423,0.1011050435200333,0.0159070584923028,0.0074971406720578,-0.010808790102601
1774473049844804000,111.11480419921875,0.0790384654015302,0.0146938573934137,0.0239238964229822,-0.0011184198083356,0.0229443069547414,-0.0222835205495357,0.0110530166730284,-0.0028758476972579,-0.0141764093905687,-0.0080977855250239,0.0036258934997022,0.0033536809496581,0.015403028576076,-0.0510755227208137,0.1423541687533259,0.0166721809655427,-0.00049719074741,-0.0153731508180499
1774473049854831900,111.12483178710936,0.0743444623664021,-0.0207217393808066,0.0203051214039325,0.0016310953069478,0.0229046139866113,-0.0137875545769929,-0.0073103230133652,0.0388198522597551,0.0193926827341318,-0.0032521637622267,-0.0060046296566724,0.0103553971275687,0.036953181605041,-0.059094578525424,0.1087082120001316,-0.0005073385545983,-0.0142257865518331,-0.0189766734838485
1774473049864860200,111.13486010742189,0.0525926492854952,-0.0474631774425506,0.0201964003324508,0.0011810210999101,0.0185631290078163,-0.0098607242107391,-0.0246392050854861,0.0573316605061292,0.0192903914034366,0.0031457010190933,-0.0131908832117915,0.0169011354446411,0.024084639942646,-0.0251133984684944,0.1081643143817782,-0.0110722724348306,-0.0182622224092483,-0.0184240527451038
1774473049874888000,111.14488793945311,0.0469581505298614,-0.0395583956673741,0.0302191971749067,3.76807292923e-05,0.0165057927370071,-0.0061372532509267,-0.0133550100050866,0.0639922874391079,-0.0592091448158025,0.0022652598563581,-0.0129216378554701,0.0173599980771541,-0.0190866855248808,0.001439677414298,0.0993377415865659,-0.0084559842944145,-0.0156872123479843,-0.0144346375018358
1774473049884916000,111.154916015625,0.0661135173767805,-0.0125488081887364,0.0440969158798456,0.0037408063653856,0.0107309930026531,0.0003637894988059,-0.0076779872819781,0.0161152684986591,-0.1144786120951175,0.0010925326496362,-0.0122842527925968,0.0170809421688318,-0.0625499796763062,0.0325689751714468,0.0254369313344359,-0.0065101035870611,-0.0122912656515836,-0.0093370964750647
1774473049894944000,111.16494409179688,0.0693257574215531,0.0005183247856795,0.0543488453030586,0.0055458713322877,0.0125520098954439,0.0021537914872169,0.0397289299286901,-0.0414332496285438,-0.0840828893095254,-0.0030335027258843,-0.0094354692846536,0.0090959882363677,-0.0218345229282975,0.0244487970799207,-0.0557940756753087,-0.0050677354447543,-0.0091322241351008,-0.0022794534452259
1774473049904971000,111.17497094726562,0.070139119631052,0.0201386787958443,0.0669119742780923,0.0061690509319305,0.0120119210332632,0.0027420837432146,0.0056342064946889,-0.0545768088400363,-0.0624444734752178,-0.0030913087539374,-0.0005869608721695,0.0049899271689355,-0.0202720959171652,-0.0127934305995702,-0.0660074266538024,-0.0123298214748501,0.0113388681784272,-0.0066869216971099
1774473049914999000,111.1849990234375,0.0662538026303052,0.0415717813163995,0.0671937138289213,0.0072619365528225,0.0150645300745964,0.003720749169588,-0.0502256278932094,-0.1082984621554613,-0.0779670367777347,-0.007323604542762,0.0125986160710453,0.0028279731050133,-0.0170379363015294,-0.0270212779164314,-0.0359267611667513,-0.0235864706337451,0.031563177704811,-0.0006767003796994
1774473049925027000,111.19502709960938,0.0598185088858008,0.0686573566406965,0.0718541068553924,0.0079325204715132,0.0233328472822904,0.0079905949532985,-0.0527149604909122,-0.1518698928564786,-0.046242695736885,-0.0117127709090709,0.0195878129452466,0.0047221789136528,0.0020081249520182,-0.0156318688958883,0.0675894351482391,-0.0208739526569843,0.0253145564347505,0.0029188641346991
1774473049935055000,111.20505517578124,0.058505088199675,0.0747591806471347,0.0739309131294488,0.009523656219244,0.0309022851288318,0.0056562554091215,-0.0487178536787629,-0.153288527482748,-0.0467272643834352,-0.0097063444554805,0.0199840925633907,0.0066713467240333,0.0758989983320236,-0.0247258604556322,0.1461132290259003,-0.0185388922691345,0.0050763972103595,-0.0019898740574717
1774473049945083100,111.21508325195312,0.0535351908326149,0.0958136591136455,0.0749672704398632,0.0109926555305719,0.0351678729057312,0.0051409332081675,-0.0472407668635249,-0.1089601409345865,-0.0802834970265626,-0.0081341788172721,0.0158154238015413,0.0097216796129941,0.0666504007324576,-0.0447866517096757,0.1636570690229535,-0.0172604862600564,-0.0054782875813543,0.0010360404849052
1774473049955111000,111.22511083984377,0.0684241324067115,0.1240421208627522,0.0898421834886074,0.0133574455976486,0.0317153967916965,0.0015227980911731,-0.027048165923357,-0.0770920075088739,-0.0737462042123079,-0.0032153199426829,0.0070637436583638,0.0068723633885383,0.040205753660202,-0.0239905319184064,0.1103022031933069,-0.0240922924131155,-0.0038377803284674,0.0023031726013869
1774473049965139200,111.23513916015624,0.119608376199007,0.1269166533857584,0.0948673181742429,0.0152893029153347,0.0329122245311737,0.0009518163278698,0.0010953940212726,-0.077037646973133,-0.0318739786446094,0.0067376242950558,-0.0013388490770012,0.0029561521951109,0.0418199108585715,0.0187117147326469,0.0407534506708383,-0.0229038055986166,-0.0048004351556301,0.0015961511526256
1774473049975166200,111.24516625976564,0.1591021821975708,0.1203060030743479,0.081849431169033,0.0157375391572713,0.0304264351725578,0.0058780955150723,-0.0487225298538804,-0.0619505524784326,-0.0173591310799121,0.0139273600652813,-0.0093685453757643,-0.0063148438930511,0.0520879146337509,0.023859014493227,-0.0082329908162355,-0.0252367351204156,-0.0034824365284293,-0.000335972290486
1774473049985194000,111.25519409179688,0.1597922102883458,0.096336806204915,0.0407645565867424,0.0125806285068392,0.0350811071693897,0.0050602387636899,-0.0697783234946429,-0.0778115539550781,-0.0050070145070552,0.0196967143565416,-0.0138713205233216,-0.0078047444112598,0.0562879966720938,0.0248924491941928,-0.0366316945657134,-0.0334575660526752,0.0020789159461855,-0.0068231816403567
1774473049995222000,111.26522192382812,0.1348871938735246,0.082144030201435,0.0175339031249284,0.0090388357639312,0.039551742374897,0.0078627560287714,-0.0739488871775567,-0.1122305409073829,-0.0157113638728857,0.0174271687865257,-0.0167150441557168,-0.0131971128284931,0.0519154806762933,0.0238099146544933,0.000525777439773,-0.0360195264220237,0.0107959751039743,-0.0111153982579708
1774473050005250000,111.27525,0.0805275349155068,0.05940510577932,8.41711521148e-05,0.0062073627486824,0.0465302914381027,0.0053977351635694,-0.0565352494314312,-0.0934042598843574,-0.0117161567568778,0.0124422749504446,-0.0170269776135683,-0.0153908431529998,0.0647404754579067,0.0249427180767059,0.0612763064786791,-0.0337103866040706,0.0117492461577057,-0.0170568171888589
1774473050015278000,111.28527807617188,0.0559396216258406,0.0353181277491152,-0.0219224934726953,0.0051659746095538,0.0395296476781368,0.0044430699199438,-0.0487245756804943,-0.0486275450468063,-0.0158686002612113,0.0080030523240566,-0.0139614129438996,-0.0144784431904554,0.0946107130646705,0.0498386744022369,0.0918637524440884,-0.0203333310782909,0.0075257392600178,-0.0262822732329368
1774473050025306000,111.29530615234376,0.0676993252635002,0.015758271754533,-0.0199772046238183,0.0051284241490066,0.0365519672632217,0.0014691175892949,-0.0691693978160619,0.0066828387647867,-0.0209720608800649,0.0020901716779917,-0.018858790397644,-0.0063473246991634,0.0671677026048302,0.059702481290698,0.1081719131663441,-0.0131354257464408,0.0029997616074979,-0.0317936353385448
1774473050035333000,111.3053330078125,0.0630541298061609,-0.0127339554972946,-0.0106745387494564,0.0061748339794576,0.038239624351263,0.0041383327916264,-0.0773769619300961,0.0181342071056365,-0.0124865566074848,0.0011069325264543,-0.0210622902959585,-0.0007267231121659,0.0259957342609763,0.0638426498353481,0.113923900821805,-0.0094333663582801,0.0041949884034693,-0.0354562811553478
1774473050045361200,111.31536108398436,0.0528197360396385,-0.019490151759237,0.0024234277546405,0.0083186784759163,0.0389757230877876,0.0051378170028328,-0.0599903583213686,0.0165700265288352,-0.0182107794731855,0.0005826745182275,-0.0295592043548822,0.0014992748619988,0.0468389080643653,0.1215320377379655,0.1000783308207988,-3.7551857531e-05,-0.0013838866725564,-0.0407449901103973
1774473050055389000,111.32538891601564,0.0629778496995568,0.0011623217776417,0.0139724112510681,0.0155711723491549,0.0367394760251045,0.0053773177787661,-0.030318419765681,0.0473982955127954,-0.0746627345353364,-0.0005944427102804,-0.0282547865062952,-0.002429953077808,0.0309317293584346,0.1503320157647132,0.0772267398044466,0.0057071526534855,-0.0106359738856554,-0.0378828942775726
1774473050065417000,111.3354169921875,0.0517851322948932,0.0195623402126133,0.0282394215345382,0.0191256925463676,0.0353016331791877,0.0058172717690467,0.0339247736945748,0.0686982731729745,-0.1544365284740924,-0.0022164259571582,-0.0308818966150283,-0.0135985799133777,0.0112450321137905,0.1753606585592031,0.0469230792164802,0.0167728513479232,-0.0202991515398025,-0.030251856893301
1774473050075445000,111.34544506835938,0.0351481780096888,0.0222645849086344,0.0528191515177488,0.0251856725662946,0.0288820415735244,-0.0010858085006475,0.0535416205734014,0.0387210680603981,-0.1802811638265848,-0.0018787371227517,-0.0318582132458686,-0.0288635529577732,0.0493584896698594,0.1784060176044702,0.0185498021692037,0.0252249240875244,-0.0398621968924999,-0.019815994426608
1774473050085473000,111.35547314453125,0.0240893161177635,0.0146184540696442,0.0813227769464254,0.0265731792896986,0.034609168767929,0.0005515031516551,0.0777098471462726,0.0139274030655622,-0.2322059968531131,-0.001692111021839,-0.028671333566308,-0.0468897111713886,0.0635141485333442,0.0993272201925516,-0.0022445640563964,0.0255008265376091,-0.0418224483728408,-0.0174976959824562
1774473050095500000,111.3655,0.0038113749817013,0.0033646541275084,0.1127946045309305,0.0246132556349039,0.0501857735216617,0.0038706511259078,0.0633186259612441,0.0078559741973876,-0.2737006212800741,-0.0039334273897111,-0.0206200648099184,-0.066385380923748,0.0097226448521018,0.05425298371315,0.003479951070249,0.0198219008743762,-0.0400274768471717,-0.0053744548931717
1774473050105528000,111.37552807617188,0.0036193595409393,-0.0142478671915829,0.1333744512230157,0.0265096928924322,0.0664046853780746,0.0081775141879916,0.0544803627282381,-0.0084714757472276,-0.2645557763159274,-0.0031290794722735,-0.0112770348787307,-0.081518679857254,0.062809507395327,0.0768149441331624,0.0107362058088183,0.0199582558125257,-0.0307312589138746,0.0090128816664218
1774473050115556000,111.38555615234375,-0.001003331823647,-0.0398679000079631,0.1899170071780681,0.0288488138467073,0.0755771324038505,0.0151528203859925,0.0353011766143143,-0.0130517892748117,-0.2587923904836177,-0.0020188076887279,-0.0040257796645164,-0.0929034277796745,0.0903030789986252,0.0149824650764465,0.055487493944168,0.0210046116262674,-0.0150119513273239,0.0232802331447601
1774473050125584100,111.39558422851565,0.0071256140962243,-0.0662812751591205,0.2379682136416435,0.0311934612691402,0.0780197829008102,0.0173837505280971,-0.0204150115191936,-0.0243722247123718,-0.2429594460576772,0.0014846993144601,0.0039491443894803,-0.098347507417202,0.1020782724663615,-0.0565448940426111,0.1525660584270954,0.0221112444996833,-0.0121701518073678,0.0308028198778629
1774473050135612000,111.40561181640624,0.0170782683119177,-0.0974444751858711,0.2763420756995677,0.0294655095785856,0.0766107216477394,0.0177998170256614,-0.0039108898334205,0.0237473708122968,-0.2404576923698186,0.0046472027897834,0.0040831011720001,-0.1050288453698158,0.1579822382569313,-0.0781646051764488,0.2208884840250015,0.0289457142353057,-0.0371085256338119,0.0352444387972354
1774473050145640200,111.41564013671876,0.0119689624741673,-0.1402354230336845,0.2799251948833465,0.0330005921423435,0.0812784433364868,0.0181521531194448,-0.0523396974377334,0.089889529761672,-0.287235225635767,0.0080898711457848,0.0072290934622287,-0.1103106960654258,0.1678340624466538,-0.0728255822360515,0.2676543268531561,0.035433180630207,-0.0651629045605659,0.0362630039453506
1774473050155668000,111.42566796875,0.0326838337227702,-0.1911871732443571,0.2212894660413265,0.0337571948766708,0.0898844450712204,0.0218132007867097,-0.1000495431177318,0.1014274073421955,-0.3324497473686933,0.0130774388089776,0.0164950285106897,-0.1166111975908279,0.1686576537892222,-0.1114461125314235,0.279857098083198,0.0417693741619586,-0.0891625136137008,0.033673346042633
1774473050165695000,111.43569506835938,0.0328486688956618,-0.1827526685066521,0.1217354513555765,0.0324394628405571,0.0968563333153724,0.021407600492239,-0.1141933654129505,0.0421861138224601,-0.3130453741967678,0.0116854207590222,0.0243589170277118,-0.1208556443452835,0.1696884581416845,-0.1639256568312644,0.2537032506510615,0.0406730324029922,-0.1065323427319526,0.0336390845477581
1774473050175723000,111.44572290039062,-0.0113625210136175,-0.1471877263896167,0.0203226570606231,0.0328333266079425,0.0966339781880378,0.0134394066408276,-0.1076733159944415,-0.0053676645129919,-0.2564426124870776,0.0126433596014976,0.0318519882857799,-0.1249563694000244,0.1548044850036501,-0.1559299819022417,0.1950181297093629,0.0422863774001598,-0.1147244945168495,0.0382165275514125
1774473050185751000,111.4557509765625,-0.0514604303851723,-0.1072477840587496,-0.0740524936825036,0.0350770428776741,0.0907747596502304,0.0018309541046619,-0.0865177152410149,-0.0048474400311708,-0.2168967840403318,0.0154706304892897,0.0399977415800094,-0.1272346079349517,0.1692252245441079,-0.1217313597023487,0.1430097100526094,0.0454288162291049,-0.1111109107732772,0.0388372614979743
1774473050195779000,111.46577905273438,-0.0517453848063945,-0.0519457296840846,-0.108485509160161,0.037302765995264,0.0777625516057014,-0.0103206355124711,-0.1289417294725775,-0.0033019641548395,-0.1735819584488868,0.0203314330428838,0.0526837073266506,-0.129398688673973,0.178016726025939,-0.1247375557810068,0.1233300270706415,0.0499090515077114,-0.103656455874443,0.0384897217154502
1774473050205806300,111.47580639648436,-0.0449599624499678,-0.0047227907381951,-0.1053507182657718,0.0392663143575191,0.0582567602396011,-0.0251059737056493,-0.168245858117938,0.0142576579332351,-0.2012561473160982,0.0184408836066722,0.0732863843441009,-0.1305404007434845,0.1319794897332787,-0.161878661173582,0.1685232137545943,0.0547456219792366,-0.0859369486570358,0.0437917932868003
1774473050215834400,111.48583447265624,-0.0296902048647403,0.0219302383877336,-0.1155950489044189,0.0429141819477081,0.043078850954771,-0.0333749204874038,-0.2156315864101052,-0.0143289696037769,-0.235048526802659,0.0157556198537349,0.095819391310215,-0.1312077790498733,0.0869251269981265,-0.1491974587768316,0.2242363331481814,0.0646898671984672,-0.0773341432213783,0.0458639971911907
1774473050225861400,111.495861328125,-0.0368611194074153,0.0365815718136727,-0.1036187799066305,0.04132666811347,0.0301518645137548,-0.0413289815187454,-0.2395893851026892,-0.0461117628335952,-0.2470435005009174,0.0124575728550553,0.1101718917489051,-0.1278402805328369,0.1131146302655339,-0.1154740528732538,0.2702373290836811,0.0703585818409919,-0.0857890248298645,0.0426491238176822
1774473050235889200,111.50588916015624,-0.0703133071541786,0.0101474461354315,-0.1081499935954809,0.042429219931364,0.0178914703428745,-0.0411026142537593,-0.2966246930107474,-0.0418698874801397,-0.2452741527408361,0.0063229808583855,0.1083715930581092,-0.1252519637346267,0.1321829033508896,-0.1203168167293071,0.2788467519968748,0.069079466164112,-0.1063257306814193,0.0370266586542129
1774473050245917400,111.51591748046874,-0.1209390402808785,-0.0511062101200223,-0.1362070443004369,0.0397535413503646,0.0087270010262727,-0.0380833894014358,-0.3559609713375568,0.0805932936280965,-0.3270493496298789,0.0078552467748522,0.0893881469964981,-0.1237274333834648,0.0971338018015027,-0.145285838291049,0.2650631413161754,0.0662600621581077,-0.1310572773218155,0.0325632616877555
1774473050255945200,111.5259453125,-0.1774137916967272,-0.1326839847408235,-0.1597001480907201,0.0308583416044712,-0.0048724259249866,-0.0385060682892799,-0.3550567159742117,0.3188292182952165,-0.4390630329161882,0.0151395248249173,0.0520604811608791,-0.1239010691642761,0.0954778512880206,-0.128726333156228,0.2303641683787107,0.0631138011813163,-0.1543732434511184,0.0286119282245636
1774473050265973200,111.53597314453124,-0.2602773683443665,-0.2199823289655149,-0.1982587190657854,0.0254172384738922,-0.0241627674549818,-0.0408959873020648,-0.3379758173137903,0.5865659627348184,-0.5089607450067997,0.0358319133520126,-0.0005313385627232,-0.1290941685438156,0.0958636357352137,-0.1229623628020286,0.2184603800952434,0.065162755548954,-0.1624858528375625,0.0232390649616718
1774473050276001300,111.54600122070312,-0.3073258275061845,-0.2738688174538314,-0.2281260340631008,0.0173853635787963,-0.0458169728517532,-0.0376044809818267,-0.2652995804205537,0.678729867169261,-0.479332499462366,0.0586964786052703,-0.0569498725235462,-0.1423191726207733,0.0385766911536455,-0.1078764373511075,0.2067486072525381,0.0642184019088745,-0.166077122092247,0.0218550208956003
1774473050286029300,111.556029296875,-0.329637904818356,-0.289786371423304,-0.2238128470391035,0.0108704734593629,-0.0627293810248375,-0.0382388457655906,-0.1359296886637807,0.7296376321077347,-0.3603606676012277,0.0872048363089561,-0.1180376410484314,-0.1628156453371048,0.002681786429882,-0.0621440292239189,0.232680044105649,0.0645045936107635,-0.1576603353023529,0.0186861101537942
1774473050296056300,111.56605639648436,-0.3574444878935813,-0.283932092437148,-0.2179851637989282,0.0006033004028722,-0.0789884775876998,-0.0351931378245353,-0.0357809229552745,0.7924731507271527,-0.2882651532053947,0.1080270260572433,-0.1632985919713974,-0.1983275711536407,-0.0089393855199217,-0.0089554598718881,0.2795452556550503,0.064182348549366,-0.1388480067253112,0.0166754219681024
1774473050306084400,111.57608447265623,-0.4063821218028664,-0.2485359310157597,-0.1958802994966506,-0.0062958844937384,-0.0981360748410224,-0.0355944782495498,0.0353811099827289,0.7261404376417399,-0.2116010157197713,0.1103702560067176,-0.180547222495079,-0.2338916361331939,-0.0562388968333601,-0.0589110386520624,0.3500076158910989,0.0814787894487381,-0.1228244975209236,0.0099569261074066
1774473050316112400,111.5861123046875,-0.4311237643495201,-0.1779481908343732,-0.1633469801604747,-0.0099757863208651,-0.1127419099211692,-0.0343290120363235,0.1064835216879844,0.5911848547071218,-0.0444715944111347,0.096864566206932,-0.1760704517364502,-0.2580478489398956,-0.1154945111393928,-0.2120955212384462,0.4546379109278321,0.1159273087978363,-0.1021722182631492,0.004864695481956
1774473050326140400,111.59614038085938,-0.4433496241942047,-0.0738933575980365,-0.134418407317996,-0.0107446406036615,-0.1130953058600425,-0.0430316925048828,0.1996909438259899,0.3866664907246828,0.1626122361451387,0.0700777098536491,-0.1656718701124191,-0.2670739889144897,-0.1830395226240158,-0.3234633078366518,0.6265951907843351,0.1599621325731277,-0.0716364383697509,-0.0061098155565559
1774473050336168200,111.60616821289062,-0.4770227612152695,-0.0290182969525456,-0.1136725564092397,-0.0141880810260772,-0.1191705018281936,-0.0474738776683807,0.2216752504885196,0.1965466544508934,0.4317664461672306,0.035934392362833,-0.1518239676952362,-0.2618550062179565,-0.2351037641212344,-0.3903448869764804,0.7954463213190436,0.2017260938882827,-0.0448229312896728,-0.0230190251022577
1774473050346196500,111.61619653320312,-0.5188938177391886,-0.0080067808449268,-0.0965133318156003,-0.0186312980949878,-0.1207625344395637,-0.0531759746372699,0.210182381093502,0.0594336012214422,0.698735713365674,0.0073362588882446,-0.1356781274080276,-0.2483697533607483,-0.3351213046655059,-0.4031014926970004,0.8733248030304909,0.22256401181221,-0.0566710121929645,-0.0436888337135314
1774473050356223200,111.62622314453124,-0.5236845591470599,0.0121406657792627,-0.0903887114554643,-0.0280981585383415,-0.1339995115995407,-0.0571442358195781,0.209986566260457,0.1202759001970291,0.7819692923694849,-0.0013871915871277,-0.1165395900607109,-0.2310743778944015,-0.4126517035916447,-0.3822767313331365,0.8817686601184308,0.2329119890928268,-0.0952615439891815,-0.065348595380783
1774473050366251300,111.63625122070312,-0.4786927402541041,0.0456776092000305,-0.0804243668019771,-0.0364176072180271,-0.1333105564117431,-0.0609150044620037,0.1429538882121443,0.2231120052933692,0.7554752531975507,0.0043115485459566,-0.1005246713757515,-0.2137343883514404,-0.5104533216521143,-0.310626038095355,0.7840890610024333,0.2266648262739181,-0.1597032696008682,-0.0805381834506988
1774473050376279300,111.646279296875,-0.4148237869337201,0.0633282705724239,-0.0553179825961589,-0.0477961562573909,-0.1399067193269729,-0.0679790526628494,0.025944004073739,0.3812988262116908,0.582467295244336,0.014065908268094,-0.0881503000855445,-0.2044873535633087,-0.6671092797413468,-0.2016062759280204,0.6129392981365323,0.217012733221054,-0.2822718024253845,-0.0817547142505645
1774473050386307300,111.65630737304689,-0.3443643493071198,0.0557584198400378,-0.0172100779980421,-0.0588402859866619,-0.1457678079605102,-0.0737839341163635,-0.0532164802722632,0.4640086736023426,0.4117015632599592,0.0358079150319099,-0.0708553120493888,-0.2024798095226287,-0.661237757359445,-0.0376736048340797,0.3207629628367722,0.1800461858510971,-0.3978989124298095,-0.0872669368982315
1774473050396335400,111.66633544921876,-0.264176129348576,0.0681058602377772,0.0222223532021045,-0.0686744526028633,-0.1497023552656173,-0.0777947381138801,-0.0700121322505176,0.4428513192832469,0.3753928170382976,0.0645535439252853,-0.0469334721565246,-0.2243241071701049,-0.6117091718196869,0.1033481462717056,-0.0527051697492599,0.1297215074300766,-0.4795525074005127,-0.0795696079730987
1774473050406363100,111.67636303710935,-0.1573942092359065,0.0834568663656711,0.0834387461870908,-0.0785963237285614,-0.1323249638080597,-0.0848158970475196,-0.0477691746518015,0.3406237014740705,0.3711024263679981,0.0878561213612556,-0.0142649747431278,-0.2618889212608337,-0.5693842340484261,0.2010351980417966,-0.406989878437668,0.0893415883183479,-0.5213255882263184,-0.0599427670240402
1774473050416390100,111.68639013671876,-0.0565153756871819,0.1347445705324411,0.1504027429133653,-0.0945491939783096,-0.1058406010270118,-0.0904274731874466,0.0273880654022097,0.1829816549569368,0.4574941771417856,0.1005013436079025,0.0164894759654998,-0.3058324158191681,-0.4481225376844406,0.2521276718974113,-0.5925099658310413,0.0718960240483284,-0.5087751746177673,-0.0341005139052867
1774473050426418400,111.69641845703126,0.0015957447588443,0.197295134730637,0.1937947253942489,-0.1045086160302162,-0.0883308500051498,-0.0928637385368347,0.1300971831180155,0.0809615424185991,0.5709399390578269,0.1150964349508285,0.042548082768917,-0.3562988340854645,-0.278878023917973,0.2831248677074909,-0.6946563350975513,0.0655845031142234,-0.4521173536777496,-0.0045124357566237
1774473050436446200,111.7064462890625,0.0334437121793627,0.2470012687943875,0.1960112323999404,-0.1036123037338256,-0.080267034471035,-0.1032577380537986,0.1687654980778694,-0.0280617268800735,0.7133873390525579,0.1205271556973457,0.0688689053058624,-0.3883257210254669,-0.194057467983663,0.2648316706478595,-0.6681557200543582,0.0631722137331962,-0.369415819644928,0.0243639536201953
1774473050446474200,111.71647412109375,0.1038540499672293,0.2984691518336534,0.1274444766521453,-0.0928760394454002,-0.0682995840907096,-0.1125990375876426,0.1439957984805107,-0.091866382792592,0.8651257144838571,0.1200795769691467,0.0912376642227172,-0.4069095849990845,-0.1515232713758945,0.2229547689050436,-0.4615234326578676,0.0712713375687599,-0.2982227802276611,0.0601551793515682
1774473050456502300,111.72650219726565,0.2011070942342281,0.3788727681085467,-0.0615220979332923,-0.0688753426074981,-0.0438480339944362,-0.121386170387268,0.0957058148249983,-0.0811228704601526,0.9373486546516416,0.1250141412019729,0.1163960173726081,-0.4178045690059662,-0.0331222251400351,0.2297241169095039,-0.1516471900165081,0.0889898836612701,-0.2508339583873749,0.076764240860939
1774473050466530300,111.7365302734375,0.2705234525486826,0.4530705154806375,-0.3349018166959285,-0.0301465820521116,-0.0093214828521013,-0.1206250339746475,-0.0221641932740807,0.0415589218348264,0.9118775287866592,0.1355309635400772,0.1477287113666534,-0.4219236075878143,-0.0843850871264934,0.2670937703609466,0.1873407269492745,0.1117970123887062,-0.2560748159885406,0.0894378870725631
1774473050476558300,111.74655834960936,0.2867921580433845,0.4759719369880855,-0.6358417425572872,0.0130610894411802,0.0318983681499958,-0.1128344684839248,-0.1465463597461581,0.2439788522332906,0.7792799071550369,0.1425308138132095,0.1908274441957473,-0.4198308885097503,-0.1227858371913433,0.3615560148656368,0.4297903237886726,0.1368384510278701,-0.3286235928535461,0.0869401097297668
1774473050486585300,111.75658544921876,0.2372363922357559,0.4485755421489477,-0.867988702699542,0.0633333176374435,0.0614163130521774,-0.1086194962263107,-0.2960112372875213,0.401688703289628,0.6641314329743385,0.1508871018886566,0.2429457455873489,-0.4116735160350799,-0.176614165751636,0.4893734164834022,0.4746047402881085,0.1554293483495712,-0.4613744914531708,0.069989837706089
1774473050496613400,111.76661328125,0.130531629012525,0.4117085775226354,-0.9832949977904556,0.1202602609992027,0.0625430271029472,-0.1241496354341507,-0.4694613860502838,0.4885276133090257,0.5813976201862097,0.1532139033079147,0.293468564748764,-0.4067122936248779,-0.2855439115479588,0.5600444510340691,0.3305928674556315,0.1564488112926483,-0.613974392414093,0.0546151436865329
1774473050506641400,111.77664135742188,0.0450815430030226,0.3208284292884171,-0.99084059086442,0.1728174835443496,0.054475512355566,-0.1538145840167999,-0.5699240400135517,0.5789274306803941,0.508316601884365,0.1557779014110565,0.3319752514362335,-0.4087484180927276,-0.3579305178448557,0.5754828431844711,0.0839034410893917,0.1462113559246063,-0.7410485744476318,0.0481424741446971
1774473050516669200,111.78666918945312,0.0282978737235069,0.2446398003600537,-0.8241928155928849,0.2062079310417175,0.0406454913318157,-0.187308669090271,-0.6617161885261535,0.7131219661146402,0.4559785118818283,0.1597734540700912,0.36186683177948,-0.422737717628479,-0.3518970828995108,0.528740381231904,-0.1443229846082627,0.1323181837797165,-0.8098782300949097,0.0497651398181915
1774473050526697500,111.79669750976562,0.0800114020869135,0.2012755826689302,-0.45370004555583,0.2224742472171783,0.0217210687696933,-0.2147520184516906,-0.7323948218613863,0.8346843989908694,0.4983733000189065,0.1581459194421768,0.3863796591758728,-0.4384022951126098,-0.3658122110053897,0.3988286376833915,-0.3393976668104529,0.1202388778328895,-0.8131160736083984,0.054580133408308
1774473050536725200,111.80672534179688,0.2109960355639457,0.1420721369415521,0.0024438860207796,0.2157965749502182,-0.0022891438566148,-0.2243591248989105,-0.7881903588414192,0.9541460601955652,0.5639619167387485,0.1551852822303772,0.3984014391899109,-0.4516946673393249,-0.4629094801887869,0.2859849333137274,-0.4796474106304347,0.1091755703091621,-0.7682750821113586,0.0718936026096344
1774473050546752300,111.81675219726564,0.3314265418007969,0.071130322625488,0.4296189127445221,0.2026016861200332,-0.0257920734584331,-0.2417405098676681,-0.8605620598301291,1.054597315981984,0.6325386093586682,0.1575540602207183,0.3915962874889374,-0.4574070870876312,-0.5316510079815984,0.2789472897619008,-0.5240288425400853,0.0969155356287956,-0.6891643404960632,0.0915648117661476
1774473050556780300,111.8267802734375,0.3798889594137668,-0.0557363541387021,0.7008721408724784,0.1885508894920349,-0.0421878434717655,-0.2483678013086319,-0.8959145282402634,1.166135782971978,0.7063333288878202,0.1580824255943298,0.3886255323886871,-0.4530432224273681,-0.6467626572832464,0.2605833655536174,-0.4336483143910765,0.0854053571820259,-0.5934324860572815,0.1083666980266571
1774473050566808300,111.83680834960936,0.3868833483457565,-0.1362669577941298,0.8076450008958578,0.1746750175952911,-0.0364881455898284,-0.2461949288845062,-0.8710925139337777,1.2734212686926123,0.7078641917169094,0.1588622629642486,0.3796178698539734,-0.4471676647663116,-0.8371127951815723,0.2553776136040687,-0.2293875784315168,0.0798710361123085,-0.5135270357131958,0.1244940757751464
1774473050576836400,111.84683642578123,0.2599764857016504,-0.0007651391535997,0.6611123774141073,0.1722137182950973,0.0016036019660532,-0.2291027754545211,-0.8492886784046888,1.3144067745536565,0.7058902612954377,0.1631230413913726,0.353868305683136,-0.4424309432506561,-0.9949202613934874,0.3456044124960899,0.0855443401642143,0.0923213139176368,-0.4664266109466553,0.1393595784902572
1774473050586864000,111.85686401367188,0.0039852702438831,0.2732875104345381,0.2873702501922845,0.1970383673906326,0.0533219240605831,-0.2117379009723663,-0.7989943691894411,1.3818214376568794,0.727602326887846,0.1708386242389679,0.3235631287097931,-0.4448249340057373,-1.1355416150048374,0.4533633609473705,0.4186570814862847,0.1129922419786453,-0.4571790695190429,0.1476180851459503
1774473050596892400,111.86689233398438,-0.4111434909857809,0.4878235566928982,-0.1629600266695022,0.2367922812700271,0.0943737253546714,-0.2019095718860626,-0.7882967418253422,1.406561326637864,0.6986743385672569,0.1772387325763702,0.3020184338092804,-0.4509201049804687,-1.1829054237261414,0.5259492892086506,0.6863239755600691,0.1404763311147689,-0.4923439919948578,0.1540024727582931
1774473050606920200,111.87692016601562,-0.9498539159595966,0.6294352365158498,-0.3632984746187925,0.2765841484069824,0.0946573466062545,-0.2213871330022812,-0.7672299883991479,1.3471008374094962,0.6795826846063137,0.1822411119937896,0.2949759066104889,-0.4575015902519226,-1.2337117741167545,0.476052162617445,0.8396563421845435,0.1603366732597351,-0.5654555559158325,0.1575377285480499
1774473050616947500,111.88694750976562,-1.4539534846708178,0.8452874799393117,-0.3660480655878782,0.2978127300739288,0.0784799307584762,-0.2702012062072754,-0.7655670236229896,1.3435264860540628,0.6518056198865175,0.178459957242012,0.2877163887023926,-0.4614707827568054,-1.3098621168613434,0.3293967895388603,0.9288914996907116,0.181524783372879,-0.6515408754348755,0.1679837107658386
1774473050626975200,111.89697534179687,-1.828790713652968,1.0151116932898758,-0.2341273203045129,0.2854703068733215,0.0362730920314788,-0.3394055664539337,-0.8030760855451226,1.3581225821614265,0.6435188530564308,0.1700370907783508,0.2846240401268005,-0.4588675498962402,-1.2948857892647383,0.2347626955986022,0.9813687059029936,0.2113508433103561,-0.7362291812896729,0.1645329743623733
1774473050637003300,111.90700317382812,-2.041306067738682,1.0064850269809364,0.1642915675342083,0.2553451955318451,-0.0189208723604679,-0.403424859046936,-0.8382035130277276,1.360953421673179,0.7122083584010601,0.16337651014328,0.2834266722202301,-0.4573428928852081,-1.3389540635719894,0.1924941641896963,0.9634897887326777,0.2388722151517868,-0.8208093047142029,0.1601704508066177
1774473050647031300,111.91703125,-1.938017104308307,1.0101327358335257,0.7410439922630786,0.1940216720104217,-0.0576570816338062,-0.4586343169212341,-0.8418795711919664,1.459784967303276,0.7561205653637647,0.1652692258358001,0.2642655074596405,-0.4440795481204986,-1.5160183111786842,0.1767149957776069,0.8293779631458222,0.2559507191181183,-0.8843941688537598,0.1546781659126281
1774473050657059000,111.92705908203123,-1.6846978845387697,0.9038963207744062,1.37529291267097,0.111763447523117,-0.0590467862784862,-0.5113964080810547,-0.9396449488952756,1.4682500133097172,0.8555050687015056,0.16415736079216,0.2618806362152099,-0.4195169508457184,-1.6450629165038466,0.1942711107343435,0.7130025775186717,0.2610828876495361,-0.9142788648605348,0.1486676782369613
1774473050667087400,111.93708740234376,-1.43088854316473,0.925365663652122,1.949326726090908,-0.0160560365766286,-0.0498823188245296,-0.5557471513748169,-1.00279523255229,1.393058870986104,0.9832382991671562,0.1639247834682464,0.2520428597927093,-0.3757345378398895,-1.7726821652010083,0.1911959410727024,0.5927471355877816,0.2605350911617279,-0.9271903038024902,0.1378674656152725
1774473050677114400,111.9471142578125,-1.2973159390211104,0.8900311692900955,2.20663735358417,-0.1100785881280899,-0.0586560368537902,-0.5958989262580872,-1.0762196574643257,1.2951882793426512,1.0766033960849046,0.1596783697605133,0.2350878566503524,-0.3267720639705658,-1.8308625514909624,0.1161141043424606,0.5058395442463457,0.2505799233913421,-0.9177528619766236,0.1229005083441734
1774473050687142400,111.95714233398438,-1.1241513292014598,0.8528016549617051,1.8572411475896835,-0.1497035026550293,-0.0450994856655597,-0.6089668273925781,-1.154474571272731,1.2136422150343655,1.186766483068466,0.1588906496763229,0.2193489521741867,-0.2753997445106506,-1.902397509394586,0.057598787009716,0.4822410803854465,0.2544266879558563,-0.911818027496338,0.1109597235918045
1774473050697170200,111.96717016601562,-0.9872302914127709,0.9131984021268784,1.3482757264077665,-0.1671264171600341,-0.0088842995464801,-0.6334798336029053,-1.1203004989922043,1.331263801330328,1.1253811632573605,0.16445292532444,0.1957584172487259,-0.2357567250728607,-1.898818481864035,0.0546972203493118,0.453107778751105,0.2848429381847381,-0.9044386744499208,0.0873870179057121
1774473050707198500,111.97719848632812,-0.9732948511712252,0.8916881427168846,0.8779325890868902,-0.1618893146514892,0.0278886277228593,-0.6543667316436768,-1.1991159692928195,1.4251415239453316,1.0675766245424747,0.1690367460250854,0.1817613393068313,-0.1979281455278396,-1.9331576815783973,0.1174924069583416,0.3777684601284563,0.314516931772232,-0.8682066202163696,0.0788964852690696
1774473050717226200,111.98722631835938,-0.9877703896388412,0.7998094849646091,0.5211106170058251,-0.1402005553245544,0.0822829976677894,-0.6707492470741272,-1.2098577280595897,1.475825417000055,0.9864899944394826,0.1645043194293975,0.1858069598674774,-0.1682546734809875,-2.072879748262465,0.2224164242446422,0.2740133404910564,0.3283504545688629,-0.8273255228996277,0.0724092870950698
1774473050727254300,111.99725415039065,-1.0078744355127214,0.7020575512647629,0.2841892820686101,-0.1117441430687904,0.1484348475933075,-0.6812666058540344,-1.3031746019214392,1.4495622639745471,0.8953630318373441,0.156945988535881,0.1901708990335464,-0.151301234960556,-2.031366419135034,0.3154945209145546,0.1282958327844739,0.3195338547229767,-0.7900961637496948,0.0540230944752693
1774473050737282300,112.0072822265625,-1.0193212738089263,0.5851832762047648,0.1540361309796571,-0.0708968639373779,0.2088443636894226,-0.6853366494178772,-1.3622639197498558,1.3414081787258385,0.9036340165764092,0.1397065371274948,0.1963624805212021,-0.1423402279615402,-2.010724028600752,0.2910252655684948,0.0061620297610759,0.294253796339035,-0.7272785902023315,0.0439451560378074
1774473050747309300,112.01730932617188,-1.0359577897027137,0.4551921838097274,0.1182698210716247,-0.0327231138944625,0.2412792742252349,-0.6853909492492676,-1.366935710953176,1.364203363379836,0.9016945729464292,0.1270646899938583,0.1890356242656707,-0.145232006907463,-2.08972976077646,0.2449287003040313,-0.0109619773887097,0.2697124481201172,-0.6501227617263794,0.0274212788790464
1774473050757337300,112.02733740234376,-1.0488803996399043,0.3919584596529603,0.2029857475876808,-0.0096537563949823,0.2519276738166809,-0.6984628438949585,-1.416166190329194,1.4517144735723733,0.8986059592813253,0.1176187396049499,0.1670722812414169,-0.1525602340698242,-2.0925451104581354,0.2945826657891273,0.0812461315136402,0.2618023157119751,-0.5734724402427673,0.0143062751740217
1774473050767365000,112.037365234375,-1.0321358933269975,0.3241121271342039,0.2719312735199928,0.0119037330150604,0.2425837069749832,-0.6983180046081543,-1.4936948356896638,1.5107880093097683,1.0520464624553918,0.1196983605623245,0.1408905386924743,-0.1578546017408371,-2.147990811087191,0.363293798443675,0.2204708431348204,0.2813103199005127,-0.5097575187683105,0.0154955796897411
1774473050777393400,112.04739331054688,-0.9850200680173932,0.3304470292441547,0.1970914288520812,0.0351616330444812,0.2365612536668777,-0.685568630695343,-1.582418244281411,1.5770663618594407,1.1674404358297583,0.1270414888858795,0.107405811548233,-0.1515783369541168,-2.0802400478973984,0.4196890548825264,0.3306793766953051,0.2981497645378113,-0.4691368639469147,0.0111831231042742
1774473050787421200,112.05742114257812,-0.9613093759536744,0.4359887400373816,0.0677513477116823,0.0472774170339107,0.23659747838974,-0.6717827916145325,-1.738722904714942,1.5941782401800155,1.294260058581829,0.1284347921609878,0.0790159404277801,-0.1300229132175445,-2.016644650821388,0.5046300223261118,0.5013979085370898,0.3136660456657409,-0.4442213177680969,0.0039864797145128
1774473050797449500,112.06744946289062,-0.9704629887461662,0.5672746945485473,-0.0512853660792112,0.0504588298499584,0.2394382357597351,-0.6755332350730896,-1.7697464040100577,1.681360849070549,1.2833265766352415,0.1322500258684158,0.0355930961668491,-0.1060826927423477,-2.0837930642038582,0.5856786585062742,0.6597405776042491,0.3358922600746155,-0.4252958297729492,0.0023752672132104
1774473050807476200,112.07747631835936,-1.04903339824453,0.6772147864311933,-0.1762824495792389,0.0486971512436866,0.2268707752227783,-0.6917974352836609,-1.7932248947530984,1.703787200412154,1.2457727987885474,0.1303595006465912,-0.0074216327629983,-0.0805923193693161,-2.210329486100376,0.659076487672329,0.7483003200668841,0.3567752540111542,-0.3930491209030151,0.0069802636280655
1774473050817504500,112.08750439453124,-1.1259151240035892,0.7679556723251938,-0.2794330274522304,0.0545689724385738,0.2189236432313919,-0.7143350839614868,-1.7252847464710472,1.61101071703732,1.2159662740677597,0.1164029315114021,-0.0488902479410171,-0.0631227791309356,-2.2769775487452746,0.7478145093113183,0.8448678662877529,0.3829615712165832,-0.3606784045696258,0.0132847651839256
1774473050827532300,112.0975322265625,-1.1632967601537705,0.8090925693556665,-0.3086065149664879,0.0572523735463619,0.2226374149322509,-0.7320221662521362,-1.5777885386541486,1.6232663874983786,1.1370558189600706,0.0933569595217704,-0.0936218053102493,-0.0596330873668193,-2.29601805704087,0.819349467214942,0.9251707986671476,0.4122307896614074,-0.3444188237190246,0.0122694419696927
1774473050837560000,112.10756005859376,-1.1633284704662858,0.7597621367365122,-0.3168938663184643,0.0743330791592598,0.2296559512615203,-0.7300983667373657,-1.5187313695296645,1.5349030443906784,1.198540507492423,0.0734650120139122,-0.1329995542764663,-0.0694492310285568,-2.286621867664158,0.8308978661894798,0.9919831119630486,0.4528511762619018,-0.3288214802742004,0.0193246882408857
1774473050847588400,112.11758837890623,-1.1790820660457015,0.6420742072060703,-0.288145326218009,0.086236871778965,0.2267941087484359,-0.7104977369308472,-1.4234440723776816,1.391290692269802,1.343192139533162,0.0496561676263809,-0.1732030361890792,-0.0974784195423126,-2.336009291167557,0.7721914101988077,0.9848688960436732,0.4807343184947967,-0.3071518540382385,0.0216034464538097
1774473050857616100,112.1276162109375,-1.234126492397487,0.4821934418514371,-0.1744844602465629,0.0957845300436019,0.2254262715578079,-0.6678252816200256,-1.3674723020479085,1.3703905275821684,1.418436473348737,0.0338202118873596,-0.227604478597641,-0.1351959705352783,-2.316082355426252,0.7966910606831312,0.9284222747437656,0.498610258102417,-0.2838004529476166,0.0319378413259983
1774473050867643400,112.13764331054688,-1.2825205209493635,0.2568643450304865,-0.0139303256750106,0.0963853374123573,0.2194831669330597,-0.6108831763267517,-1.359056063619256,1.3610574665695427,1.4503537066131829,0.0178537983447313,-0.2788826525211334,-0.1728554666042328,-2.3851813183546065,0.8750222545981406,0.9189990512296556,0.5164551734924316,-0.2602363228797912,0.0512679256498813
1774473050877671200,112.14767114257812,-1.3544710739165544,0.0018061726391315,0.2236193702936172,0.0913564339280128,0.2098901718854904,-0.5559543371200562,-1.3652899895727633,1.2864070069938898,1.5029694445133208,-0.0041550970636308,-0.3308742046356201,-0.2093056142330169,-2.401080021493137,0.9156623080223798,0.9189043586835264,0.5329236388206482,-0.2114797085523605,0.0553196594119071
1774473050887699500,112.15769946289062,-1.4181807450219988,-0.1626908543393015,0.5554840112507343,0.0892184525728225,0.2059838473796844,-0.509928822517395,-1.404474583491683,1.2524381018966435,1.5461796406865118,-0.0246374476701021,-0.3809599280357361,-0.2434722036123275,-2.396838146139681,0.9118488872140644,0.9553851004712284,0.548592746257782,-0.1777520477771759,0.078702338039875
1774473050897727200,112.16772729492187,-1.4044821822762488,-0.2737093891084194,0.7791963205248117,0.0990448370575904,0.2133706212043762,-0.462694764137268,-1.4700661228209733,1.188584346145391,1.6362562174528836,-0.0404997691512107,-0.4146132171154022,-0.2770634889602661,-2.4948455159053204,0.977796400374174,0.9676749654628336,0.5505131483078003,-0.1405908316373825,0.0927142947912216
1774473050907755300,112.17775537109377,-1.3347297238752245,-0.2411842530786991,0.8923743714153766,0.1205855533480644,0.224570021033287,-0.4248810708522796,-1.6034306371718643,1.0171662877321244,1.8163187700927257,-0.0549735724925994,-0.4526499509811401,-0.308171272277832,-2.4538544570863245,1.024867363628745,0.952253012990579,0.5447384119033813,-0.1149671226739883,0.0943580195307731
1774473050917783300,112.187783203125,-1.2567711626648903,-0.0650704380646347,0.8707160818368196,0.1452448517084121,0.239884614944458,-0.377392828464508,-1.8670093851491807,0.7990174578040837,2.131772958996892,-0.0690667554736137,-0.485347181558609,-0.3259020745754242,-2.4536957593932747,1.110120465761423,1.0622186777058988,0.5459949374198914,-0.1048175543546676,0.103426344692707
1774473050927811300,112.19781127929689,-1.2488424154922366,0.188406602615118,0.7446545839756726,0.1736615747213363,0.2577243447303772,-0.3331393599510193,-2.1623443306103347,0.5792495022416114,2.493682025083899,-0.1004612073302269,-0.5021522045135498,-0.3300422728061676,-2.460330959624052,1.2461124060064557,1.2229566444117574,0.5590051412582397,-0.1141368672251701,0.1101821586489677
1774473050937838300,112.20783837890625,-1.2682653472341596,0.3728434248164295,0.643536973235011,0.200286254286766,0.2640930116176605,-0.2821046113967895,-2.5629069524794814,0.2860211736708879,2.904102900883556,-0.1635981053113937,-0.5270946025848389,-0.3074192404747009,-2.3433000326976177,1.3751608107239006,1.2870382906347513,0.5684114098548889,-0.1312031894922256,0.1099461987614631
1774473050947866000,112.2178662109375,-1.290655604349077,0.4908335521638393,0.6135398943781852,0.2285575717687606,0.2551911175251007,-0.231535717844963,-3.0866417805090545,-0.0170160167306661,3.3914410121470686,-0.226951465010643,-0.5764169096946716,-0.2666344940662384,-2.224290499174595,1.4620628491073846,1.283064418567717,0.5768591165542603,-0.1768693625926971,0.1235995292663574
1774473050957894400,112.22789428710938,-1.2761162068650125,0.6265162803292275,0.6252706641823053,0.2511586248874664,0.23304083943367,-0.1809283643960952,-3.5829739300891754,-0.2443172904074192,3.876352773046493,-0.2642591595649719,-0.6875545978546143,-0.2136493027210235,-2.170630512918532,1.5293828196644783,1.211885580625385,0.5868366956710815,-0.2063369750976562,0.1272451281547546
1774473050967922200,112.23792211914062,-1.2580930589184165,0.761157390487194,0.6273246741026639,0.2574498057365417,0.2145286500453949,-0.1382605284452438,-4.031942270947993,-0.2457756725221872,4.215829642572999,-0.2559478282928467,-0.8659701943397522,-0.1653183251619339,-2.249052015465498,1.766108339768648,1.0562820541985332,0.5962044596672058,-0.2190964072942733,0.1382213085889816
1774473050977950200,112.2479501953125,-1.2757356831148263,0.8310641626670956,0.5727127939492463,0.2588875591754913,0.1988218277692794,-0.0939799845218658,-4.368892252345383,-0.2491910339236259,4.269998455134034,-0.2535560429096222,-1.1044682264328003,-0.1438106298446655,-2.4223355754897,2.264453582736849,0.9222869868591428,0.6065942645072937,-0.1887126713991165,0.1594752073287964
1774473050987978200,112.25797827148438,-1.306561906272173,0.882442467726767,0.4966577282726764,0.2476077377796173,0.1901175528764724,-0.0626942366361618,-4.687517472501098,-0.6044757134348153,4.279969814050197,-0.2790935635566711,-1.3950668573379517,-0.1502192616462707,-2.6397490768805145,2.933230211168528,0.8502176298178732,0.6077604293823242,-0.1411701589822769,0.1886632442474365
1774473050998005500,112.26800561523436,-1.339566350251436,0.9428677103340624,0.4948591544181108,0.2341866791248321,0.170785903930664,-0.0311114657670259,-5.0530748319625856,-1.3491630306363105,4.696934996926784,-0.3064029514789581,-1.7541661262512207,-0.2010124027729034,-2.829561454640329,3.659870999547839,0.7397568019967525,0.5981530547142029,-0.1419581919908523,0.2199745625257492
1774473051008033300,112.278033203125,-1.3446145735517143,1.054041727925837,0.5221656790167093,0.2207462340593338,0.1563718169927597,-0.0207054298371076,-5.329928364315629,-1.762441633954644,5.45767971495986,-0.3189027607440948,-2.1476311683654785,-0.3549710810184479,-2.8922327226087448,4.3354146378964185,0.594859305436164,0.6023659110069275,-0.16794253885746,0.2461712956428527
1774473051018061300,112.28806127929688,-1.3500339682519436,1.197917699418962,0.5920633911073208,0.2077071219682693,0.1512386053800583,-0.0246067270636558,-5.709301190900803,-1.7772861518651246,6.150518186980485,-0.3374769687652588,-2.5996835231781006,-0.5789453387260437,-2.727102950684726,4.846781859523058,0.6708634446430951,0.6572751998901367,-0.1612750589847564,0.2823855280876159
1774473051028089300,112.29808935546876,-1.3146917289748787,1.3873176969856025,0.7073825456798076,0.1928972750902176,0.172533243894577,-0.0322302915155887,-6.43432636077702,-1.857797027906776,6.754165632897615,-0.4147191941738128,-3.16971755027771,-0.9185331463813782,-2.629749660913646,5.214181924241781,1.0512654681455342,0.7549529671669006,-0.0262102615088224,0.3091155290603637
1774473051038117400,112.30811743164062,-1.2221455472245812,1.6203981385856865,0.8996095833659171,0.177786573767662,0.2053034603595733,-0.0427877083420753,-7.218816111534833,-2.0849153462320564,7.281723526346683,-0.5694674849510193,-3.765910863876343,-1.4096418619155884,-2.884014929361641,5.615341635221243,1.913270493325591,0.9233878254890442,0.1914927661418914,0.3382148146629333
1774473051048145400,112.3181455078125,-1.0980723005712032,1.801924626298249,1.08334468703866,0.1702378541231155,0.2379871159791946,-0.0623065456748008,-8.588584707826376,-2.518599024197459,7.767539542609453,-0.7943553328514099,-4.276217937469482,-1.978441834449768,-3.1769916212588547,6.5090849569022655,2.645717922157049,1.1107789278030396,0.3705444037914276,0.3931981921195984
1774473051058172200,112.32817211914065,-1.048762910740077,1.9173279520228503,1.2253887669295072,0.1714472621679306,0.2589890658855438,-0.0790687948465347,-10.739368072241543,-2.7973943382680413,8.205734560519456,-1.0062052011489868,-4.8002142906188965,-2.576108694076538,-3.4634020865082737,7.968821408888697,3.008023586346209,1.2987223863601685,0.4394185543060303,0.4349826574325561
1774473051068200400,112.33820043945312,-1.0191557079836726,1.995561823043227,1.3209452364116907,0.1572081446647644,0.2858510315418243,-0.097632884979248,-12.672984018981456,-2.573269941061735,8.032573457831145,-1.2209032773971558,-5.363426685333252,-3.146374464035034,-3.2408670043200254,9.439134784469008,3.3917125225648284,1.5344470739364624,0.4566782712936401,0.4839142858982086
1774473051078228200,112.34822827148436,-1.03376349452883,2.0034762494295832,1.3731582387298344,0.1304023563861847,0.3320639729499817,-0.0967946723103523,-12.46986032422781,-2.2158383126497267,7.312367086413502,-1.4787193536758425,-5.947921276092529,-3.666659593582153,-3.588630056154728,10.926944653773306,4.110086710119247,1.8813592195510864,0.4960959553718567,0.6460408568382263
1774473051088256300,112.35825634765624,-1.069539156787097,1.8749808024197816,1.3915215784162285,0.0959588810801506,0.3838267624378204,-0.0917775407433509,-10.00819899278283,-1.5895605172514915,6.343153805467486,-1.738921046257019,-6.384498596191406,-4.173551082611084,-4.480473097172379,13.042240525221825,5.061641584777831,2.315272331237793,0.642812967300415,0.8935024738311768
1774473051098284300,112.3682841796875,-1.114191952984035,1.6591417107388375,1.4293711243391036,0.0543677285313606,0.4118960201740265,-0.0763549506664276,-7.510432328733802,-0.6748720226973295,5.534148037612438,-2.0951812267303467,-6.747145652770996,-4.561985969543457,-5.289461329370737,15.749847625058887,6.137526018938422,2.742492437362671,0.8703305721282959,1.2062386274337769
1774473051108312300,112.37831225585936,-1.119425469723344,1.3827782999902962,1.4777479094952344,0.0157471001148223,0.4049262404441833,-0.050535075366497,-5.180431630331277,-0.9658668931275606,5.131362186735868,-2.71187686920166,-7.024692058563232,-4.731822967529297,-6.162369952815771,18.64873600616455,7.476704246655106,3.091027021408081,1.0323171615600586,1.5601537227630615
1774473051118340400,112.38834033203123,-0.997804292397201,1.0490963804781437,1.5104402187854051,-0.0165775138884782,0.3527311980724334,-0.018694058060646,-1.3937018450647591,-1.6508365314692257,7.216051322996616,-3.277423858642578,-7.487051486968994,-4.871068954467773,-6.842372324138879,20.539037711834908,8.859752011236548,3.3258190155029297,1.2684231996536257,1.8615798950195312
1774473051128367000,112.3983671875,-0.6541451687499881,0.7553679934307932,1.5204232681393623,-0.0617441944777965,0.2668554484844208,0.0373630858957767,1.6401602391541004,-1.9466542920112608,11.008340495955943,-3.45320200920105,-7.777339935302734,-5.149107933044434,-7.620826886385679,20.7232345878005,10.579437038004398,3.5173158645629883,1.4575920104980469,2.0851433277130127
1774473051138395400,112.4083955078125,0.0443532287284731,0.4381806971237063,1.5690753631055354,-0.110588401556015,0.1754030883312225,0.1301837116479873,1.720147383582592,-3.715607792077958,14.059021028506756,-3.214268684387207,-7.902494430541992,-5.315484523773193,-7.9906924644351,20.920606587159632,12.46275253804922,3.699134588241577,1.211324691772461,2.193709373474121
1774473051148423200,112.41842309570312,0.8348641394719482,-0.0658674336612224,1.8054981008708475,-0.1638550907373428,0.0793561935424804,0.2457521259784698,2.4601748922795057,-7.031515424335002,15.732922209221124,-2.7911150455474854,-8.148347854614258,-5.344196796417236,-8.314743216770887,21.455432425785062,11.984162381386756,3.605119466781616,0.0648266226053237,2.342787027359009
1774473051158451200,112.428451171875,1.0850234339058398,-0.7093783956721424,2.16629832893312,-0.2088490575551986,0.0049532772973179,0.3199322819709778,3.600535598003864,-13.692794683742523,15.8145027603209,-2.5556561946868896,-8.711324691772461,-5.29293966293335,-9.879202025991678,20.44270382823944,8.481609018707275,2.9599545001983643,-1.3700400590896606,2.419762134552002
1774473051168479200,112.43847924804687,0.6710556792795658,-1.2271417480766773,2.652277426803112,-0.2331354916095733,0.0505404695868492,0.3454485535621643,3.8321611646205183,-24.87516137478352,13.964891961479186,-2.3996076583862305,-8.741009712219238,-4.935806274414063,-9.589707038730385,17.81589752730131,4.551219535046815,1.6883692741394043,-2.44977068901062,2.041315078735352
1774473051178507300,112.44850732421877,0.165722477120161,-1.458969851528108,3.0643858172982927,-0.2389280796051025,0.2397692799568176,0.3522467017173767,6.623365416076779,-33.56384311813116,11.126237392061949,-2.1818225383758545,-8.279187202453613,-4.453145980834961,-6.225338157904147,13.62648301344514,-0.4399468300133943,0.1151755824685096,-2.629180431365967,1.193388819694519
1774473051188534300,112.4585341796875,-0.2906044098079204,-1.4283590246871114,3.444792663106322,-0.2376407086849212,0.4597386717796325,0.3828072845935821,19.44456723514795,-25.33847914351225,3.4272698658972978,-2.363072395324707,-7.265133380889893,-4.5512375831604,-5.963655891197919,8.623062731489538,-3.3874373294636606,-0.9318892359733582,-2.240183115005493,0.2669709622859955
1774473051198562300,112.46856225585938,-0.7890405459299683,-1.133177516222,3.827556301173568,-0.2310405820608139,0.5829692482948303,0.4250887334346771,28.00960857030153,-10.027649543184042,-3.215236888501048,-2.868739366531372,-5.911364555358887,-5.137834072113037,-5.774171430218219,6.783911951863765,-6.372182916074991,-1.7969274520874023,-1.798043131828308,-0.9403288960456848
1774473051208590600,112.47859057617188,-1.199859188875556,-0.800412127032876,4.078118038928508,-0.2075072824954986,0.5791521668434143,0.4482710063457489,18.3168164201498,-2.77439252512604,-2.270026998955012,-2.853675603866577,-4.880595684051514,-5.623701095581055,-1.6594063530243932,2.8604315169394017,-9.137533764350414,-2.732736825942993,-0.9994852542877196,-2.249241590499878
1774473051218618600,112.48861865234376,-1.380900815680623,-0.4375865306228399,3.854264859879017,-0.1510586589574813,0.5774407982826233,0.4454461932182312,2.855848865324259,-1.21553182817325,-0.2352735677301883,-2.3673207759857178,-3.476640224456787,-5.210911750793457,2.1949206123054026,-2.0973083793371914,-10.095095185947418,-3.699345111846924,-0.1192977875471115,-3.551338195800781
1774473051228646400,112.498646484375,-1.0716706158578395,-0.1583399656534194,3.348626537293196,-0.0906746834516525,0.6369438171386719,0.414824366569519,0.2584925307542085,-1.4583033504433929,2.549648534716665,-1.521611213684082,-2.869025230407715,-3.961561441421509,5.477552290165424,-6.682153705132008,-11.157831969243288,-4.4586591720581055,0.4400478601455688,-4.354225158691406
1774473051238674700,112.5086748046875,-0.1900479400813579,-0.0776689306139945,2.895599860954285,-0.0497718714177608,0.7056030035018921,0.3564206063747406,5.856784831497073,-1.8370634519577025,4.394030785255134,-0.9076827764511108,-2.639406204223633,-2.348175525665283,8.215881860524416,-8.116406171771883,-13.10530459190011,-5.114055633544922,1.2129340171813965,-5.265189170837402
1774473051248701700,112.51870166015624,1.3961132901206612,-0.4147127277746796,2.292901678586006,-0.050287190824747,0.703376829624176,0.2879238426685333,10.438183816230296,0.3806302427677437,4.187989157228172,-0.868216335773468,-2.394590139389038,-0.6193506121635437,11.966761164730787,-12.760199361097811,-14.881469046258925,-5.588524341583252,2.713098287582397,-6.152978897094727
1774473051258729700,112.52872973632812,3.0158818986311555,-1.063647176139057,1.7698820130884647,-0.0958786606788635,0.7090725898742676,0.1934303045272827,13.149291033142804,3.9408860354945054,4.221177433341741,-1.2145500183105469,-2.4570486545562744,0.7988985180854797,4.811097967201471,-19.43291420675516,-12.55191901423335,-5.820518970489502,3.608659267425537,-6.195430278778076
1774473051268757500,112.53875756835936,3.975990666623413,-1.4427598904833197,1.5425544359266756,-0.1616265028715133,0.8578610420227051,0.1172058507800102,13.696432747983932,6.769193690681457,5.234159128865599,-1.5674281120300293,-2.391737699508667,1.9419697523117063,7.083210540258884,-32.94378463563919,-8.945331861105561,-5.957283020019531,2.412599563598633,-7.468172550201416
1774473051278785800,112.54878588867189,4.153439821894467,-1.2329603712275623,1.3715718463212252,-0.1701352447271347,1.1732150316238403,0.0649892017245292,12.8607827188313,6.958504548659921,6.491870787250996,-1.687107801437378,-2.18776798248291,2.908744096755981,10.49630750389695,-44.40648802497387,-0.1968653284786269,-4.360236644744873,2.3582355976104736,-7.498128414154053
1774473051288813600,112.5588134765625,3.8566248670086254,-1.0732231059968471,0.6673650080680846,-0.0636383593082428,1.4824644327163696,-0.0356955975294113,11.178985816431044,3.895153335106373,6.493771652436256,-1.4970518350601196,-2.0017459392547607,3.821336030960083,-7.014951827546954,-35.13367952873707,7.736033812755346,-3.353589057922364,0.8933439254760742,-6.1987738609313965
1774473051298841600,112.56884155273436,3.181059893611073,-0.6732865070715546,-0.4491255772471427,0.0915805250406265,1.5812170505523682,-0.19485804438591,9.2119954233557,-0.138224448537454,5.203042106068134,-1.1318986415863037,-2.027622938156128,4.495579242706299,-5.868634843766689,-34.381434928023815,4.174766395300627,-2.895357847213745,-1.704914927482605,-5.671467304229736
1774473051308869600,112.57886962890623,2.5713532937854526,0.3201663121178746,-1.7117238386303186,0.2194082736968994,1.537160038948059,-0.3820122182369232,8.373500526165962,-3.6180092953741534,3.22586349645555,-0.8167948722839355,-2.178008794784546,4.751262187957764,2.181417572131753,-27.58564315327406,3.310468948334455,-1.987706542015076,-3.450632095336914,-4.798853874206543
1774473051318896600,112.58889672851562,2.328381572768092,1.236495267355442,-2.9042238969147203,0.3030109703540802,1.460087776184082,-0.5362812280654907,7.049715097892284,-6.19144757874012,1.0284382078528405,-0.7078329920768738,-2.088820695877075,4.565728664398193,0.1104039100021123,-23.965320320260524,4.5221202818125485,-0.7012810111045837,-3.093299388885498,-3.692491292953491
1774473051328924700,112.59892456054688,2.0182140920951963,1.5708514328673482,-3.619861645242572,0.4124642014503479,1.2767815589904783,-0.5066959261894226,5.56077593229711,-7.39348060452342,-0.5168354239046573,-0.8162606358528137,-1.5715737342834473,3.945805788040161,0.8737620254039764,-22.218137630236143,2.569245507851243,0.0369680449366569,-2.0025441646575928,-2.7816903591156006
1774473051338952400,112.60895239257812,1.1492121206998824,0.998386183938384,-3.5731864033073184,0.4033130705356598,1.1377164125442505,-0.3822588920593261,4.577960826978087,-7.22728934084773,-1.5086545044124124,-1.001315712928772,-0.6743577122688293,3.0428481101989746,-1.4306500582337378,-18.153358380830287,-1.057462057763338,0.4015702605247497,-0.9182002544403076,-1.809407949447632
1774473051348980700,112.61898071289062,0.460747918240726,-0.3384177158623934,-3.69170464618206,0.29514080286026,1.0722860097885132,-0.254352331161499,3.8887107348382473,-6.399146910846233,-2.046019506126642,-1.0986627340316772,0.3088080883026123,2.079185009002685,-2.476403558024764,-13.570984998106956,-2.860497567912936,0.6210017800331116,-0.152097150683403,-1.2168701887130735
1774473051359008500,112.62900854492187,-0.0716910252481698,-2.0405191551446915,-4.094662346494197,0.1950786262750625,0.9382069706916808,-0.1914894133806228,2.8297359344244,-5.6001791374027725,-2.3194161760240792,-1.0367367267608645,1.1054327487945557,1.289575457572937,-0.4762175823122263,-10.594771385258436,-2.574207806433737,0.7912094593048096,0.3125261664390564,-0.78974449634552
1774473051369036800,112.63903686523436,-0.5755135305836796,-3.28359584671706,-3.9092829827457662,0.1008543744683265,0.6900421977043152,-0.2017122209072113,1.6609616196423769,-5.045380185806751,-2.2961948749125,-0.8639504909515381,1.5540703535079956,0.7359244227409363,0.0487795207381248,-8.746744640737772,-0.3843255536217242,1.0483839511871338,1.070928692817688,-0.3533892035484314
1774473051379064600,112.64906469726564,-0.7066010399132967,-4.077788076321781,-3.07621595582366,0.0497328154742717,0.4282007217407226,-0.2171984314918518,0.7436094588369131,-4.587165585435927,-1.6766127777606248,-0.6338366270065308,1.7116963863372805,0.3833926916122436,0.3075105364233255,-7.004767118141055,1.901357060430944,1.2628920078277588,1.846882700920105,0.0653886049985885
1774473051389091600,112.65909155273438,-0.2809028077438473,-3.543029457713663,-2.071328134906292,0.0311029404401779,0.3204425573348999,-0.1573167294263839,-0.1902501846551895,-4.257669719436764,-0.942577787476778,-0.435935229063034,1.7394797801971436,0.1385888904333114,2.3073738560527564,-5.891588433852792,1.975393772022426,1.2957763671875,1.8850986957550049,0.148880586028099
1774473051399119600,112.66911962890624,0.3486941952049732,-3.073050185269117,-1.3133803541153668,0.0630027800798416,0.3130717575550079,-0.0078774178400635,-0.7121569204747676,-3.6455186490684746,-0.1986716837808489,-0.3190629184246063,1.7435877323150637,-0.0103710172697901,4.362563341584801,-4.350018332788348,1.2193640267472714,1.2242339849472046,1.236849308013916,0.0541229136288166
1774473051409147400,112.6791474609375,0.9028519262880086,-3.116690005031228,-1.11312841540575,0.1880722790956497,0.295292466878891,0.1139121353626251,-0.8428273734360933,-3.223113905486464,0.5282552280634641,-0.2359724342823028,1.7221828699111938,-0.1176028698682785,5.100539762970805,-2.3745266533493994,1.2025221244744957,1.1748894453048706,0.4733037948608398,-0.114727683365345
1774473051419175700,112.68917578125,1.105734213501215,-2.759681278206408,-1.3492261590003969,0.3977775871753692,0.2010914087295532,0.2677917182445526,-0.5407563977181911,-2.619791161479056,0.8295558039307593,-0.1773227006196975,1.710080623626709,-0.2372770756483078,5.096583718821406,-0.6496668542921543,1.744041761650145,1.2294578552246094,0.1608015298843383,-0.288470447063446
1774473051429203500,112.69920336914062,0.9898083252072334,-2.2329347011402247,-1.6988912450641394,0.6337421536445618,0.1107127740979194,0.4613571763038635,-0.3094821287572383,-1.673913455674052,0.917717486986518,-0.1845075190067291,1.6113595962524414,-0.2656808793544769,4.21935314052403,1.1243740320414304,2.038839823755622,1.23120379447937,0.1638732105493545,-0.3864743113517761
1774473051439231700,112.70923168945312,0.6347273515745997,-2.3077190162286163,-2.016025934401154,0.812603771686554,0.0310786664485931,0.6461600661277771,-0.2336450897455215,-1.2549272883638738,1.0827695174992085,-0.2510215640068054,1.4772515296936035,-0.2033570557832718,3.237206728246808,1.7343524345457553,0.9619666708186267,1.085979700088501,-0.0211302004754543,-0.4429711401462555
1774473051449258500,112.71925854492189,0.5025643219679594,-2.479932608933747,-2.3733371513038874,0.9276688694953918,-0.0220151785761117,0.7925596237182617,-0.0065419689893722,-1.15219113651067,1.2831158564940095,-0.3491763770580292,1.3069859743118286,-0.080041117966175,3.59168418302834,1.241778760716319,-0.1254945846933871,0.9285503625869752,-0.1541185230016708,-0.5786558985710144
1774473051459286800,112.72928686523436,0.5705126535564661,-2.356886367240548,-2.869884404939413,0.9773851037025452,-0.0523419827222824,0.8611202239990234,0.0363759662389755,-1.1255594424337148,1.5334244962707162,-0.4149439334869385,1.072188138961792,0.0708551853895187,3.796259830155969,1.0631868651509284,-0.347805868063122,0.7905498743057251,-0.0694254860281944,-0.6357953548431396
1774473051469314600,112.739314453125,0.6887088248699903,-1.680728396385908,-3.0543022301793097,0.9794908761978148,0.0013159159570932,0.8601723909378052,-0.0609738164007663,-1.2148951377049089,1.836781127884984,-0.4202827513217926,0.8174647092819214,0.2545683085918426,2.870671171402931,0.7236959670990705,-0.4704102112077176,0.6795221567153931,0.1556646227836609,-0.6275944113731384
1774473051479342600,112.74934252929688,0.7661807716071605,-0.6555506516337394,-2.645936533343792,0.949023187160492,0.0872343033552169,0.8350332975387573,-0.3250122908443212,-1.3228668521240352,1.9437886734470724,-0.3663779497146606,0.5957144498825073,0.4509266316890716,2.320416292977333,0.1952291421115398,-0.631263840182498,0.5457912683486938,0.3808985352516174,-0.530194878578186
1774473051489370600,112.75937060546876,0.6663926559045911,0.3392491982504725,-1.76282215770483,0.9129038453102112,0.1491522490978241,0.8060533404350281,-0.3843728268295526,-1.3290680448517205,1.8291835123628373,-0.3057121038436889,0.4334290027618408,0.6260098814964294,1.933351158323884,-0.5990490122109651,-1.0115519549816847,0.3722380101680755,0.4588007926940918,-0.4144710302352905
1774473051499398400,112.7693984375,0.5324643701910973,1.23051210129261,-0.9069535163879394,0.8535733819007874,0.1487924605607986,0.7706897258758545,-0.3253191648364067,-1.3721739038676022,1.4506693484336135,-0.2663183510303497,0.3140368461608886,0.7397434115409851,2.1218156286060808,-1.2226339152634145,-1.332377023269236,0.1970089375972747,0.4060185551643371,-0.3483000099658966
1774473051509425700,112.77942578125,0.4510562530487775,2.175462170858681,-0.4006774804204702,0.7629835605621338,0.1161796674132347,0.7554783225059509,-0.1031581766575574,-1.4690604529097675,1.1205524279266594,-0.2445850670337677,0.2556419670581817,0.798073947429657,2.270522088995576,-1.2458756746411324,-1.0636917459331452,0.1729591786861419,0.3681650757789612,-0.2987186312675476
1774473051519453400,112.78945336914065,0.5564896811619401,2.934170706889033,-0.4137485589176416,0.6525991559028625,0.0930253639817237,0.7277812361717224,0.2222773080348968,-1.621954720377922,0.9207973328232764,-0.2210970520973205,0.2487510591745376,0.8054103851318359,2.3559382727354765,-0.8566752815246581,-0.4497495543643832,0.2324547320604324,0.3789447546005249,-0.2352677583694458
1774473051529481700,112.79948168945312,0.6970768402427434,3.493732635103166,-0.7132277645766735,0.5190288424491882,0.0426348894834518,0.6599938869476318,0.552491259175539,-1.8643492260292167,0.8083674699515104,-0.1960870921611786,0.2810156643390655,0.7805497050285339,2.610585233977437,-0.6993406935214996,-0.2540740567248314,0.2556768655776977,0.3766277134418487,-0.1794352531433105
1774473051539509500,112.80950952148436,0.6597954495966434,3.5609371625870465,-1.4802958404123785,0.4159063398838043,-0.0435916483402252,0.5761545896530151,0.728600105753541,-2.0699816887333986,0.7184329320043324,-0.1865167617797851,0.3350144326686859,0.7307382225990295,2.835253236541152,-0.9083142833471296,-0.3194909701395779,0.2222848087549209,0.4257017970085144,-0.1257784217596054
1774473051549537500,112.81953759765624,0.6681693101882934,3.178689949609339,-2.30598737013042,0.3363497257232666,-0.1369705945253372,0.462636262178421,0.8249129465609788,-2.235020567503572,0.6577087064504623,-0.1851074695587158,0.3849420249462127,0.6658534407615662,2.570595168894529,-1.2327309463858604,-0.3700270522214472,0.1832915246486663,0.5052626729011536,-0.0658523812890052
1774473051559565600,112.82956567382811,0.768669665813446,2.516572486805916,-2.550170220503211,0.2571956813335418,-0.2116519659757614,0.3496376276016235,0.9294488413125276,-2.3812889870911835,0.7048205862373114,-0.1721863448619842,0.4352629780769348,0.6004824638366699,2.2189251727491617,-1.3442892871201038,-0.3987755557892843,0.2027368694543838,0.4934158623218536,-0.014363357797265
1774473051569593600,112.83959350585936,0.913897636437416,1.9262062550053,-2.194710184425116,0.1837286353111267,-0.2422138750553131,0.2904685735702514,0.9175017984092236,-2.498252694000304,0.7087403900295496,-0.1319318562746048,0.5017960071563721,0.5528777241706848,2.1628800449222325,-1.4331810380160808,-0.4177805909126997,0.2320043742656707,0.4577822089195251,0.0247113406658172
1774473051579620600,112.84962060546874,1.1900655246138572,0.9802867558851838,-1.795974485722184,0.1120268553495407,-0.2039125710725784,0.3062866330146789,1.02944592359066,-2.5281474815264344,0.6333999023631215,-0.0741969272494316,0.5816287994384766,0.4940732419490814,2.140398164001107,-1.5959867509067058,-0.4673318266756832,0.2595241665840149,0.4207262098789215,0.0749140605330467
1774473051589648400,112.8596484375,1.4182938500076532,0.0446288307994604,-1.2631208239525555,0.0485003441572189,-0.1499681174755096,0.3544965088367462,1.2703192110240458,-2.4644646984279155,0.5893801433727145,-0.0202377364039421,0.6898097395896912,0.4013667404651642,2.1014315967470405,-1.7066285613179206,-0.5463817998519167,0.2540704607963562,0.4235842525959015,0.1099279969930648
1774473051599676700,112.8696767578125,1.5466455046325922,-0.7628633176222444,-0.67953358476758,0.0024560075253248,-0.1074469089508056,0.398879736661911,1.366282507741451,-2.380371287724376,0.5101981778472662,0.0135314110666513,0.8431255221366882,0.2981332838535309,1.99740306699574,-1.7309803277641531,-0.6431904248196632,0.2427312284708023,0.4218555986881256,0.1386107802391052
1774473051609704400,112.87970434570312,1.5848808350026606,-1.437419698499143,-0.2257026063084602,-0.0154156675562262,-0.0710273832082748,0.4255837798118591,1.506784618887305,-2.267879173271358,0.5294613889828323,0.0487969927489757,0.9914029836654664,0.197332426905632,1.9643588755279773,-1.7385691754579542,-0.691650431279838,0.2402770370244979,0.4400408267974853,0.1465145200490951
1774473051619732700,112.88973266601562,1.594194022271037,-1.688755635496974,0.0950210474312305,-0.012302909977734,-0.0162955373525619,0.4469902813434601,1.536481253492832,-2.1955174091547724,0.6134323423504829,0.0877968519926071,1.1138348579406738,0.1345089972019195,2.015718475887179,-1.7637036167144775,-0.6522888733588159,0.259299486875534,0.4718336462974548,0.1490557193756103
1774473051629760500,112.89976049804687,1.5570985095858574,-1.4437117843806744,0.1352992818057537,-0.0056482041254639,0.0410934537649154,0.4659248292446136,1.3540747680753469,-2.130562706424296,0.5451873659029602,0.110559232532978,1.2472519874572754,0.0938654914498329,2.025808492746949,-1.820683979564905,-0.6430298274304718,0.2690047323703766,0.5403186678886414,0.1607777178287506
1774473051639787800,112.90978784179688,1.3054881395608189,-0.8652925954833626,0.0019961422532796,0.0068568238057196,0.0498791933059692,0.4879008531570434,1.2349316713005305,-1.9446943901151417,0.4791942600354552,0.1298809945583343,1.3947162628173828,0.0747999250888824,1.8509674741476767,-2.0027356601953503,-0.5961002454079687,0.2710335552692413,0.6657061576843262,0.1813759505748748
1774473051649815600,112.91981567382813,1.0307786334991456,-0.3060208823874593,-0.2835287723332643,0.02441131696105,0.0446913540363311,0.4996960163116455,1.2903981224566696,-1.7211755575865506,0.5316562686786055,0.1446335762739181,1.5334914922714231,0.0577140972018241,1.7004729612976313,-2.135120515859127,-0.594801072442904,0.2566641867160797,0.7470057010650635,0.2103997319936752
1774473051659843600,112.92984350585938,0.7983014184892178,0.1385018772393464,-0.6616770255595446,0.0454782992601394,-0.0083015114068984,0.495049238204956,1.4114093511909245,-1.532265097102523,0.5732318493872881,0.1456298679113388,1.6262328624725342,0.0359105318784713,1.6506997533470391,-2.2731150280982253,-0.679187693939358,0.2804374098777771,0.7475612759590149,0.2191000133752823
1774473051669871600,112.93987158203124,0.4815495909899473,0.5710571356967091,-0.9194277980357408,0.0541753843426704,-0.0674401968717575,0.4378354549407959,1.3814391603410243,-1.4864406267777084,0.6626485009402037,0.1606774926185608,1.6661664247512815,0.0391876026988029,1.6135387742102143,-2.4125971485465763,-0.6900432883441447,0.3346714675426483,0.6743621230125427,0.2222361862659454
1774473051679899600,112.94989965820312,0.2672568519681692,0.8538260295733809,-1.0936521460413933,0.0511088445782661,-0.1150474101305008,0.3434018194675445,1.2747469643384215,-1.5306769511282443,0.9130496413059532,0.1980863809585571,1.665246605873108,0.0685244500637054,1.591442093214393,-2.5598575017809866,-0.6677428284045308,0.3535215854644775,0.6117660999298096,0.2504563927650451
1774473051689927700,112.959927734375,0.2627560334175825,0.9479422371193766,-1.1442810940384864,0.0366585329174995,-0.1499686390161514,0.2448629885911941,1.0132973373442888,-1.632861314317584,0.9730955292068422,0.2481868863105774,1.6395585536956787,0.1256989240646362,1.4763865580141544,-2.659452432999015,-0.4912548463158309,0.3882900476455688,0.594342052936554,0.296420693397522
1774473051699955700,112.96995581054688,0.4403951583027839,0.9179910432308912,-1.0063654922544956,0.0199787430465221,-0.1756569594144821,0.1637656092643737,0.7929524586766957,-1.6747382160604,0.9685774672605096,0.2988894879817962,1.629657745361328,0.1992716789245605,1.2476970448493956,-2.735277781572938,-0.4198936375439167,0.428695797920227,0.5675634741783142,0.3424294590950012
1774473051709982700,112.97998266601564,0.7026888349056244,0.7790984131082892,-0.7971317901879549,-0.000944914878346,-0.1912854611873626,0.1152883619070053,0.7558715590387582,-1.6328937552824616,0.9919470908015966,0.3516415059566498,1.66790771484375,0.274772971868515,1.1511240918010472,-2.807570864367485,-0.5788206823702902,0.4645963609218597,0.4874618649482727,0.3734953105449676
1774473051720010500,112.99001049804689,0.8874439292758702,0.5314011248737573,-0.581995586079359,-0.0275838635861873,-0.178929716348648,0.0925259441137313,0.8967331511467694,-1.5362576738700269,1.0100471033766865,0.3926778733730316,1.7263585329055786,0.3353756070137024,1.1821820778876542,-2.7423896594047545,-0.668435998300463,0.5075227618217468,0.3824611306190491,0.3885339200496673
1774473051730038500,113.00003857421876,1.0111334373086691,0.2333101587027311,-0.3869172506153583,-0.0502939671277999,-0.1414268165826797,0.0810053795576095,1.0977268481343985,-1.440998726029694,1.0468225903272628,0.4188292026519775,1.760285496711731,0.3753891587257385,1.3669991315782068,-2.557510061872005,-0.6557543575122952,0.528163492679596,0.309408962726593,0.3891874253749847
1774473051740066600,113.01006665039064,1.1296107636511326,0.0022632687568664,-0.2408773790866136,-0.0770462527871131,-0.0829331651329994,0.0871277526021003,1.3459119198858738,-1.4010638982653616,1.111757273183018,0.4344707429409027,1.741550087928772,0.3941130638122558,1.6038555845856666,-2.389555295655131,-0.6556289775669575,0.545268714427948,0.2837832272052765,0.3755972981452942
1774473051750094600,113.02009448242188,1.164582708311081,-0.0800704387977719,-0.2653016262471676,-0.1007004454731941,-0.0410240590572357,0.100910946726799,1.4855039304494857,-1.4910194790005682,1.3039733510836955,0.4646395742893219,1.6961021423339844,0.419480949640274,1.7388450697898865,-2.306595857417584,-0.621409750970453,0.5657538175582886,0.3364407122135162,0.359495997428894
1774473051760122600,113.03012255859376,1.0885925245642665,-0.0621451982676982,-0.3959603887706995,-0.1097939759492874,-0.0315679311752319,0.0928113088011741,1.2419903576403857,-1.6602274601489304,1.3773029373191297,0.4951314330101013,1.66383159160614,0.4643775820732116,1.6928431970715525,-2.2131851677924392,-0.6503715684954077,0.5906530618667603,0.4671095013618469,0.3801917135715484
1774473051770149400,113.0401494140625,0.8972340864062309,-0.0040367081701755,-0.5978028115421533,-0.1157211065292358,-0.0513608083128929,0.0743569359183311,0.826462514090538,-1.744010197468102,1.2607710459560155,0.5268515944480896,1.6866447925567627,0.5190028548240662,1.3841601097375154,-2.298221996825933,-0.9485254438348114,0.5731356143951416,0.6153557300567627,0.4359773397445678
1774473051780177700,113.050177734375,0.740271254324913,0.1741489446818828,-0.7250181556135415,-0.1170971170067787,-0.0601367130875587,0.0569549836218357,0.7530757908403873,-1.7206392587527632,1.1283836330089718,0.5641007423400879,1.7884459495544434,0.5702732801437378,1.1560738231629133,-2.6130063236445187,-1.444842688106745,0.5291876196861267,0.6908842921257019,0.4870008528232574
1774473051790205400,113.06020532226565,0.7310632809966802,0.3492003911614418,-0.8571528359085321,-0.1196798533201217,-0.0430267080664634,0.0434950999915599,1.0089911645829677,-1.5724989078134295,0.9346659914389251,0.5974658727645874,1.9057923555374143,0.599467396736145,1.0766706161022186,-2.876803390547633,-1.821638796071708,0.4793219268321991,0.7145000100135803,0.5135787725448608
1774473051800233700,113.07023364257812,0.7302005266875028,0.485865700623393,-0.9826327344894408,-0.130542904138565,-0.0322630107402801,0.0258080121129751,1.4316139348298311,-1.4021131150573491,0.7226807256419211,0.6257230639457703,1.956180453300476,0.5815733075141907,1.165372981905937,-2.8927731130957604,-1.973747173859179,0.4190452694892883,0.7051640152931213,0.5121963024139404
1774473051810261500,113.08026147460936,0.7257008771806955,0.6174328101634979,-1.0438052883327007,-0.1562613248825073,-0.0346364192664623,-0.0117659950628876,1.753732257798314,-1.3064084692761302,0.7047730938337743,0.6673759818077087,1.9602349996566768,0.5494853854179382,1.398069977146387,-2.677880070093274,-1.816934856164456,0.3454964160919189,0.684202253818512,0.5096168518066406
1774473051820289500,113.09028955078124,0.7849632134884595,0.6936974269375205,-1.0391641845285893,-0.1915704607963562,-0.0544910877943038,-0.0568659454584121,1.6718202827870845,-1.297364746598899,0.7504895006742328,0.7118955254554749,1.9346565008163448,0.5201064348220825,1.446630886697769,-2.4572370852619407,-1.348149469679594,0.3423075377941131,0.6721833944320679,0.5110719799995422
1774473051830317600,113.10031762695311,0.8727303442686796,0.6802844031348824,-0.9690975456118583,-0.2258464097976684,-0.0921034440398216,-0.1149319112300872,1.343414257851243,-1.3908689597263932,0.8663897430703044,0.7451648116111755,1.9340099096298216,0.4944785833358764,1.4898276388674974,-2.2327327488273383,-0.8953062601488083,0.4044601917266845,0.6732683181762695,0.534530520439148
1774473051840344600,113.11034448242188,0.9875836348950864,0.5563388745144009,-0.7651905915260314,-0.2615911960601806,-0.124460868537426,-0.1648580729961395,1.124234331309795,-1.512275325258076,1.0768123626604675,0.7688555121421814,1.9931755065917969,0.4690603017807007,1.4852835656970738,-2.08367849791348,-0.7791058657623827,0.4609557092189789,0.6519529223442078,0.5609586238861084
1774473051850372600,113.12037255859374,1.0947124687492846,0.3631254561394453,-0.4984340902954339,-0.2849180698394775,-0.123244859278202,-0.1997153908014297,1.096477724856138,-1.6369441997170446,1.3662469980366527,0.7863918542861938,2.0953569412231445,0.4505515098571777,1.41063485968709,-2.0701514923423527,-1.042611475438252,0.4935050308704376,0.5696330666542053,0.5609467625617981
1774473051860400600,113.13040063476562,1.1287772354364394,0.14973200404495,-0.250927063935995,-0.2923698425292969,-0.0974122583866119,-0.2222196012735366,1.152795824405551,-1.7947154255717992,1.483888750337809,0.7845348119735718,2.211101531982422,0.4571303129196167,1.4000497527867557,-2.018598415237665,-1.3661235177874564,0.4770435094833374,0.4618072509765625,0.5562028884887695
1774473051870428700,113.1404287109375,1.030803767940402,0.0466030534818768,-0.0823053582429885,-0.2878674864768982,-0.0730291530489921,-0.2299156039953231,1.3430378257542848,-1.9578885104700925,1.3494886093288658,0.7476235628128052,2.256600379943848,0.4678739309310913,1.4363649287492035,-1.9019301841437808,-1.5093720050320028,0.4478083848953247,0.3865964710712433,0.552177369594574
1774473051880456700,113.15045678710938,0.9028764762073754,0.0053165188476443,-0.063359834754467,-0.2758107185363769,-0.071427509188652,-0.2465346455574035,1.7083295200169086,-2.023866418768465,1.2463598048962652,0.701083779335022,2.195622444152832,0.4516677856445312,1.4696429289728403,-1.7352520137339829,-1.4925032878175375,0.3984773457050323,0.322729080915451,0.5605788230895996
1774473051890484500,113.160484375,0.7548094827651977,0.0581157966211438,-0.193199682110548,-0.2669679820537567,-0.0811264738440513,-0.265629768371582,1.833051878228784,-2.0379729777932165,1.264486851608753,0.6754053831100464,2.102292060852051,0.442997395992279,1.5449468840211629,-1.5856173325836658,-1.54742321100682,0.3458514213562011,0.2596878707408905,0.580317497253418
1774473051900511500,113.17051147460936,0.6584007803678512,0.1229340134903788,-0.4165174391090869,-0.2578403353691101,-0.0882980525493621,-0.2928811013698578,1.5296563759088515,-2.02655317363441,1.2787553231969475,0.6853064894676208,2.028520107269287,0.4600341618061065,1.587397201737761,-1.4401122985839845,-1.7840857488773765,0.2592329084873199,0.170024037361145,0.5994717478752136
1774473051910539500,113.18053955078123,0.671047788234055,0.1528343539744615,-0.6276794788897038,-0.2461415827274322,-0.1071439161896705,-0.3166295886039734,1.1562018334567543,-1.848448184803128,1.1957386018142104,0.7147857546806335,1.9905647039413448,0.4904423952102661,1.4341893382757902,-1.3901561352819205,-2.082906052236259,0.1863056868314743,0.0897413566708564,0.6393735408782959
1774473051920567600,113.19056762695313,0.7377379364550113,0.1651172047033905,-0.7737175968527793,-0.2422835528850555,-0.1223291829228401,-0.3321269750595093,0.981964625969529,-1.4903662757888436,1.0874026571925728,0.7549723386764526,1.9907418489456177,0.5303221940994263,1.2118594232708215,-1.42777362601459,-2.2157089871816336,0.1266745775938034,0.0864989608526229,0.6755496263504028
1774473051930595600,113.200595703125,0.8297714925080537,0.1516498203650116,-0.7617372362017631,-0.2431477606296539,-0.1350529640913009,-0.3438800275325775,0.8038041075587272,-1.141234273688495,0.95523042136617,0.7898464202880859,1.9966297149658203,0.5696375370025635,1.0186901362985372,-1.580193553969264,-2.204709308131039,0.0975753739476203,0.193813145160675,0.6826423406600952
1774473051940623600,113.21062353515624,0.926885712826252,0.0664727060779929,-0.6765823337465524,-0.2422982901334762,-0.1461936086416244,-0.3452383279800415,0.7217085926741361,-0.9465472756296396,0.780589309253171,0.8069795966148376,1.9923778772354128,0.6201204657554626,0.8400789515107869,-1.6926035430967807,-2.1389929733783006,0.0855932831764221,0.3557157516479492,0.6713870167732239
1774473051950651600,113.22065161132812,1.0122229861110448,-0.0794867936909198,-0.5829384198874235,-0.2419001460075378,-0.1566896587610244,-0.3425869047641754,0.934793124949932,-0.8323854743987321,0.6602553221933544,0.8131927847862244,1.964751362800598,0.6711276769638062,0.7797282354444265,-1.6794038697838782,-2.105063377378136,0.076154425740242,0.4943790733814239,0.6396464705467224
1774473051960679400,113.23067944335938,1.0460618350878357,-0.216937408311665,-0.4893932902276515,-0.2396624684333801,-0.1700561195611953,-0.3362009525299072,1.0587567737489938,-0.9048007222682236,0.8032438433274627,0.8238683342933655,1.911696076393128,0.7099267840385437,0.7844435735285281,-1.454447113406658,-2.1429639228358863,0.0582366771996021,0.5372535586357117,0.5962832570075989
1774473051970706700,113.24070678710936,0.9848457343637944,-0.2927341153129935,-0.4823673371136188,-0.2366368472576141,-0.1729901283979416,-0.3449374437332153,0.9996668713986872,-1.1273498329818248,0.9922514805756508,0.8180288076400757,1.8741167783737185,0.7504187822341919,0.9272340878725052,-1.2421096001058816,-2.1547109131224453,0.0430188365280628,0.5096188187599182,0.5677154064178467
1774473051980734500,113.250734375,0.8285337674066424,-0.2517354577094316,-0.558966592669487,-0.2263770550489425,-0.1588953137397766,-0.3664219677448272,1.037403604596853,-1.2408762589186428,1.0333194040231406,0.7905092835426331,1.8399423360824585,0.7851583957672119,1.0930009886562824,-1.0823819794863463,-1.896061876632273,0.0586025901138782,0.5150058269500732,0.5655947327613831
1774473051990762500,113.26076245117189,0.7583668829858302,-0.0343447526723146,-0.6246656840264797,-0.2130284905433654,-0.140051856637001,-0.3840954899787903,0.9956652345418928,-1.4381260932028292,1.1231667020782827,0.7665642499923706,1.8039125204086304,0.8088063597679138,1.0616910736352203,-0.9178361449301242,-1.4501491239517927,0.098741665482521,0.554266095161438,0.5996721386909485
1774473052000790500,113.27079052734376,0.7439426363140345,0.1481333366766571,-0.707833212056756,-0.2008545696735382,-0.1303651183843612,-0.3968889117240906,0.9343149860441684,-1.493341784468293,1.0341618461966513,0.7443556189537048,1.7998149394989014,0.848995566368103,1.0564935049921274,-0.9542477670043706,-1.298014734940231,0.1258569061756134,0.5578973293304443,0.6572451591491699
1774473052010818600,113.28081860351564,0.7319727970570326,0.219602535867691,-0.8090010916799306,-0.1905955374240875,-0.136642187833786,-0.4038597345352173,0.9446540092289448,-1.230993162807822,0.6782055510342121,0.7311585545539856,1.773116111755371,0.8833455443382263,1.0135159485310314,-1.134628299552202,-1.509413652216643,0.1035494729876518,0.5155013799667358,0.6891387701034546
1774473052020846600,113.2908466796875,0.7238388827010989,0.1848378042176365,-0.8886462908029555,-0.1880065649747848,-0.1547106653451919,-0.4078631103038788,0.9734522336900232,-1.0569161143183707,0.4380668614856898,0.7392867803573608,1.7143044471740725,0.8913893699645996,1.0096557659715413,-1.1807920848339797,-1.6744029927566646,0.0690945610404014,0.4544763565063476,0.6821348667144775
1774473052030874400,113.30087426757812,0.7389733234688639,0.0792640908509492,-0.9203232855707406,-0.2006762772798538,-0.1762356758117675,-0.4067325890064239,0.9887176073610782,-0.9366717783033848,0.2322188563346862,0.766742467880249,1.717207908630371,0.912378430366516,0.7988421012371778,-1.0026853424370288,-1.6695710425555703,0.0076180547475814,0.3764606118202209,0.6690503358840942
1774473052040901600,113.31090161132812,0.7644529249012469,-0.0196416890591382,-0.9606564650028944,-0.2178524881601333,-0.2062324583530426,-0.3987022042274475,0.9698264444082976,-0.8143331003576517,0.0174745741531252,0.790276288986206,1.7444355487823486,0.9355905055999756,0.6134463708758354,-0.8919611144393682,-1.787912467558682,-0.0769737884402275,0.2628358006477356,0.6471495628356934
1774473052050929700,113.3209296875,0.7995452810704707,-0.1295946404233574,-0.9852180748075248,-0.2390366047620773,-0.2272975295782089,-0.3860194385051727,0.8783347401469945,-0.8615472714751958,0.0278837399646639,0.8078306317329407,1.7527261972427368,0.9345433115959167,0.5199123471319675,-0.8091027984887361,-1.73384039337039,-0.1250193566083908,0.1358503699302673,0.6300037503242493
1774473052060957700,113.33095776367188,0.8302370641931891,-0.2072363907694816,-0.9398498238176108,-0.2599908411502838,-0.2311351001262664,-0.3678157925605774,0.7030331182986498,-0.9604039515465498,0.102177933448553,0.8170483708381653,1.7671911716461182,0.9176468849182128,0.6237666893601417,-0.7592571098238229,-1.4425120532020923,-0.1166471615433693,0.0241851024329662,0.6191545128822327
1774473052070985500,113.3409853515625,0.8559925599575042,-0.2958984245628118,-0.8495254097700119,-0.2783184349536896,-0.2267749607563018,-0.3451951742172241,0.5681172828525305,-0.9933481897711752,0.1689461153417825,0.8040680885314941,1.8199719190597528,0.9042487144470216,0.7321557524085044,-0.7175391980350017,-1.109670237775892,-0.0724215656518936,-0.0293516442179679,0.6041185259819031
1774473052081013800,113.351013671875,0.8029793471723794,-0.3779875097066164,-0.7937292882680892,-0.2945412695407867,-0.2183716744184494,-0.318257063627243,0.5375076250553131,-1.109600241279602,0.2691206000134348,0.761955738067627,1.896008372306824,0.9088588953018188,0.6700754360705614,-0.6570674859374761,-0.8109701267305761,-0.0146229788661003,-0.0084772557020187,0.595753014087677
1774473052091041500,113.36104150390624,0.7259294252395629,-0.4768605563908815,-0.7869827366173267,-0.3016593754291534,-0.2269936501979828,-0.3010461032390594,0.6960638638079166,-1.0245651658117771,0.2208475674927234,0.6831462383270264,1.9717048406600952,0.930288314819336,0.6321370428204536,-0.6872223857045173,-0.8046252877485006,0.003710672724992,0.0216087400913238,0.5746899843215942
1774473052101068500,113.37106860351562,0.6999561950713395,-0.5137663917228579,-0.8392045067638159,-0.3022602200508117,-0.2536105811595917,-0.2850673794746399,0.907763663727045,-0.7611082906484603,0.072393912820518,0.6239548325538635,1.9677817821502688,0.943800926208496,0.6779933695882558,-0.8285340596675872,-1.0445135096672922,-0.0416991524398326,0.0588807426393032,0.5563437342643738
1774473052111096600,113.3810966796875,0.7570435254275798,-0.5324602785378694,-0.9724123692482708,-0.2861076295375824,-0.2828406393527984,-0.2770374119281769,0.940281785494089,-0.529555204746127,-0.007713643117249,0.6197887659072876,1.916925907135009,0.9502416849136353,0.5104927768796682,-0.9562439092576503,-1.1937413635823877,-0.1269448101520538,0.1056736782193183,0.5510775446891785
1774473052121124600,113.39112451171874,0.850782131832838,-0.4746966563552617,-1.107612282332778,-0.2629232406616211,-0.3033248782157898,-0.2594522535800934,0.9185831639051436,-0.2292407173067331,-0.174213826611638,0.6454826593399048,1.8621739149093628,0.9457984566688538,0.454063618171215,-0.9721972651928664,-1.2812754893243312,-0.2130189687013626,0.1137023121118545,0.5640662908554077
1774473052131152600,113.40115258789062,0.9696639473229646,-0.4241562634244561,-1.181233983382583,-0.2439716607332229,-0.3187999725341797,-0.24283067882061,0.8226467551946639,-0.0845662889122962,-0.2111576558664441,0.6765238642692566,1.8307713270187376,0.9332210421562196,0.3888981952995061,-0.8362175999075174,-1.393405492466688,-0.2880771458148956,0.0550975389778614,0.5779773592948914
1774473052141180400,113.41118041992188,1.0466758753329517,-0.4848451254040002,-1.20212654928565,-0.2296621948480606,-0.3370054364204407,-0.2319779396057129,0.7573363708943128,-0.080683894520998,-0.1222615210562944,0.6799561381340027,1.830456614494324,0.9080626964569092,0.2426969957292079,-0.5967033258676528,-1.402301915627718,-0.3409605920314789,-0.0255962405353784,0.5826650261878967
1774473052151208700,113.42120874023438,1.070638057939708,-0.5807061307907104,-1.1612538561493158,-0.225813940167427,-0.3520397841930389,-0.2211721688508987,0.7938181355953217,-0.1024871455281972,-0.0543584899142384,0.6374516487121582,1.880974292755127,0.9001702666282654,0.072205404511094,-0.3880763575226068,-1.2872608473442495,-0.3847981989383697,-0.0816941633820533,0.5731205940246582
1774473052161235500,113.4312353515625,1.0711427925914525,-0.6544429826527833,-1.1358113718569278,-0.2286974787712097,-0.3688730001449585,-0.2088667303323745,0.7359066293746233,-0.1116670618057251,-0.0100175361454486,0.5700185298919678,1.9053666591644287,0.880935549736023,-0.0466974537670612,-0.288995805567503,-1.0328380502469836,-0.4085298776626587,-0.0915534496307373,0.5614796876907349
1774473052171263700,113.441263671875,1.0631178915679451,-0.6855132436990737,-1.1303162815719845,-0.2381327897310257,-0.3749295771121979,-0.2042160630226135,0.4806161095321178,-0.2371405306458473,0.0761409903943538,0.5127505660057068,1.8704339265823364,0.841890275478363,0.1432476104617119,-0.2193248879700899,-0.6130972651772201,-0.3952120542526245,-0.1035820320248603,0.5532652735710144
1774473052181291500,113.45129150390623,1.0692065638318655,-0.6240984055325388,-1.1939561023116112,-0.2384533435106277,-0.3938982188701629,-0.1904531866312027,0.1636719743311405,-0.4226356297284364,0.2452864277005195,0.4716041684150696,1.8305813074111936,0.7808804512023926,0.2531602298155427,-0.220316821616888,-0.2779807828173041,-0.3602647185325622,-0.1431273072957992,0.5682966709136963
1774473052191319800,113.46131982421876,1.115792373917997,-0.523505403187871,-1.3022224157631397,-0.2385904937982559,-0.4142767488956451,-0.1757871508598327,-0.1266138710469007,-0.6310737975031138,0.4193608458414674,0.4435250759124756,1.8189655542373653,0.7373728156089783,0.2647121359214187,-0.2135965734511613,-0.2081536517448723,-0.3382718861103058,-0.2103325426578521,0.6118785738945007
1774473052201347600,113.47134765625,1.169181142017245,-0.3853665140420198,-1.3971347421228886,-0.2399693131446838,-0.4369838833808899,-0.1552213430404663,-0.3744219261795282,-0.6952484557718038,0.3672372753724455,0.4166444540023803,1.827348709106445,0.7069030404090881,0.210230896410346,-0.2452694765657186,-0.2899469688124954,-0.3653950989246368,-0.2675838470458984,0.6681578159332275
1774473052211375400,113.48137524414062,1.195658814576268,-0.3383908278554677,-1.49381349363327,-0.24275603890419,-0.4704734086990356,-0.1423902362585067,-0.5838467669039964,-0.5952051962643862,0.2748635275796056,0.3690098524093628,1.840280652046204,0.667066752910614,0.2908963784918189,-0.2634621358603239,-0.5274699229046702,-0.4313506782054901,-0.359775185585022,0.7018776535987854
1774473052221403400,113.4914033203125,1.2285188816487789,-0.2930202387779951,-1.5662164665430782,-0.243631049990654,-0.5066772103309631,-0.1434905529022216,-0.7726157730907202,-0.5822749875426292,0.2591901576295495,0.3011229336261749,1.846756935119629,0.6364638209342957,0.3034615532934665,-0.1265998425215482,-0.7653720125075429,-0.4841856658458709,-0.4980137646198272,0.7085602879524231
1774473052231430400,113.50143041992187,1.2662713969379662,-0.3028019203409552,-1.6451088014721869,-0.2419785559177398,-0.5331103801727295,-0.1471358835697174,-0.9723673610627652,-0.7222983752608299,0.3511977024585008,0.2387967854738235,1.820594429969788,0.6453353762626648,-0.0064294485256075,0.1866384238988161,-0.7885507896516472,-0.5023964643478394,-0.6045309901237488,0.7001762986183167
1774473052241458200,113.51145825195312,1.2909393897265196,-0.3291930836603045,-1.6566659682750702,-0.2412996739149093,-0.5558010935783386,-0.1665359437465667,-1.1198790587097405,-0.8821709573090076,0.5819236898869276,0.2036696970462799,1.7697187662124634,0.6786243319511414,-0.4118818882629275,0.6172749892532825,-0.6333727220952511,-0.490984559059143,-0.6045219302177429,0.7028676867485046
1774473052251486200,113.521486328125,1.312856037980318,-0.3224275350481271,-1.6045751310318708,-0.2393276095390319,-0.5756317973136902,-0.1991966813802719,-1.1596674637407065,-0.8133627940207719,0.6979553766429424,0.1956889331340789,1.6992963552474976,0.7147839665412903,-0.6574468406438827,1.0649380927324297,-0.4843364452295005,-0.4839494526386261,-0.5105590224266052,0.7297306656837463
1774473052261514200,113.53151416015623,1.4092448666334152,-0.3169774529486894,-1.5443284598618745,-0.2431588768959045,-0.5839172005653381,-0.2402524352073669,-1.3068664421766996,-0.6940864262551069,0.7103995554134249,0.196465253829956,1.623002052307129,0.7402578592300415,-0.4777583820134401,1.597525212520361,-0.354720323626697,-0.4913330674171448,-0.3830564320087433,0.7617807388305664
1774473052271542300,113.54154223632813,1.5641425828784703,-0.32867928891927,-1.432895206812024,-0.2494282275438308,-0.5662739872932434,-0.2762002944946289,-1.4327788869559763,-0.6243067875862122,0.7443190684109926,0.1761330962181091,1.547336220741272,0.7680414915084839,-0.2354863336980342,2.022839706069231,-0.2142433469220995,-0.4948972761631012,-0.2957180440425873,0.7937712669372559
1774473052281570300,113.5515703125,1.7146458635568618,-0.3764470022663473,-1.2736036395221948,-0.2455508559942245,-0.5221611261367798,-0.31018927693367,-1.6135083790719509,-0.4721259290844202,0.9100041361302136,0.141900286078453,1.4778727293014526,0.7834023237228394,-0.0761591105729341,2.2793963003247977,-0.1903336251549422,-0.4847657978534698,-0.3017237186431885,0.8103808164596558
1774473052291597300,113.56159741210938,1.7902552312925455,-0.4723281736582517,-1.1290396857649088,-0.2466587275266647,-0.4781875014305115,-0.3392456769943237,-1.950177789962292,-0.6067313834071159,1.23791624006927,0.1037793532013893,1.4195139408111572,0.8033412098884583,0.023562369634211,2.3228899896144863,-0.1903175508029758,-0.4732047617435455,-0.3104720413684845,0.813073992729187
1774473052301625300,113.57162524414062,1.7896844456672667,-0.5954401740640402,-0.979458196106553,-0.2532195746898651,-0.3985845446586609,-0.3611353933811188,-2.1545973697453737,-0.6768231567651033,1.466629426370561,0.0816551446914672,1.384839653968811,0.8315763473510742,-0.0974322002261877,2.088094560790062,-0.1108798569507896,-0.4771795272827148,-0.2750512063503265,0.8140109181404114
1774473052311653400,113.5816533203125,1.7008569921791552,-0.6579542056441307,-0.7670107926905154,-0.2584034204483032,-0.3275428712368011,-0.372588574886322,-2.266176753267646,-0.3262292654186487,1.4310855270415543,0.0851426571607589,1.3823543787002563,0.859003484249115,-0.2452045946359634,1.762326483142376,0.0294005742684006,-0.4855910241603851,-0.2337156981229782,0.7950690388679504
1774473052321681200,113.59168115234375,1.5362717023953794,-0.7483069690033793,-0.6391016211360693,-0.2619741559028625,-0.2944613993167877,-0.3741997480392456,-2.368247134688497,-0.0521253240346908,1.3841016575485467,0.1071235910058021,1.407305359840393,0.8865171074867249,-0.3365057447612285,1.6748913607954978,0.1543127559639513,-0.4725117087364197,-0.2490579038858413,0.7599563002586365
1774473052331709400,113.60170947265624,1.3594970853850246,-0.8375757365182042,-0.6627806028872728,-0.2588119208812713,-0.2756853103637695,-0.3692246973514557,-2.428523908735812,0.0021223989814519,1.4484870359584687,0.1364364326000213,1.4100208282470703,0.896511971950531,-0.3552776652485132,1.8803116420537231,0.2310384143784642,-0.4394437670707702,-0.3268723487854004,0.7267175912857056
1774473052341737200,113.6117373046875,1.3468927476167678,-0.9149147045254706,-0.828058843371272,-0.2511965632438659,-0.2710375189781189,-0.3394016921520233,-2.4250544790595767,-0.2405810264885425,1.8005676587313413,0.154893472790718,1.4051944017410278,0.908921241760254,-0.5533426153078675,2.197559144115448,0.2513265846475959,-0.3940185010433197,-0.4055911302566528,0.6948353052139282
1774473052351765500,113.621765625,1.3723583205237984,-0.9309528161346912,-1.087175643503666,-0.2446100264787674,-0.2905030846595764,-0.2933604419231415,-2.21917067194283,-0.5039233353614807,2.158075859510898,0.1614773124456405,1.4122434854507446,0.890571117401123,-0.7321738725870848,2.498688455069065,0.2741436888724565,-0.339976817369461,-0.4375520348548889,0.6631054282188416
1774473052361792300,113.63179223632812,1.352946348567307,-0.9097808487683534,-1.357283793249726,-0.2434252947568893,-0.3301911354064941,-0.2440079450607299,-1.9253695119202137,-0.3246744371920824,2.332021682836116,0.1701243221759796,1.4184699058532717,0.8368918895721436,-0.7719584782257676,2.6743893053680656,0.2769363883309066,-0.2968927323818207,-0.4399970769882202,0.6286593079566956
1774473052371820300,113.6418203125,1.3264002869471907,-0.8903913809046149,-1.5626409461438655,-0.2535101473331451,-0.3738597631454468,-0.2021486461162567,-1.6369500449359415,-0.0246399357378482,2.269434293758869,0.1790695041418075,1.4049797058105469,0.7655438184738159,-0.8361880815520882,2.744900765442848,0.3339858708947896,-0.273299366235733,-0.398293524980545,0.5980604290962219
1774473052381848300,113.65184838867188,1.3411729086652395,-0.8697785087257623,-1.6988216869592665,-0.2474311143159866,-0.4165670871734619,-0.1676815152168274,-1.4207351056799291,0.0837836141020059,2.171827906009555,0.1807350367307663,1.382863163948059,0.6945892572402954,-0.946615372429788,2.809392819097638,0.4547914940543472,-0.2605260610580444,-0.3342391848564148,0.5608211755752563
1774473052391876000,113.6618759765625,1.3768264058485626,-0.8160767291545867,-1.6930723296523094,-0.2182687073945999,-0.4538585245609283,-0.1527353227138519,-1.2865455386817457,0.1226817922949791,2.2256427905663845,0.1865680664777755,1.392292618751526,0.6179677844047546,-1.1255334312096237,2.8839649527400733,0.621690467607975,-0.1976049542427063,-0.3346687853336334,0.5582003593444824
1774473052401904400,113.671904296875,1.4573089325785635,-0.7447834710523485,-1.5211597657203673,-0.1654379665851593,-0.4719911217689514,-0.1654144525527954,-1.1210016329988837,0.0777028328835964,2.3343261603862047,0.1816516071557998,1.4529128074645996,0.5340688824653625,-1.2631225775182249,3.057240621718764,1.1599912888675927,-0.1017330288887023,-0.4227397739887237,0.5163975358009338
1774473052411932200,113.68193212890624,1.5619246145680543,-0.6224646668508649,-1.265173664829135,-0.1061469390988349,-0.4806866347789764,-0.212331086397171,-1.0823419397369027,0.0787158093184232,2.350577037963271,0.1695915758609771,1.5328824520111084,0.4594642519950866,-0.9854127205967904,2.9419208826243874,1.1572547035105525,-0.0590402446687221,-0.5682897567749023,0.4590543210506439
1774473052421959400,113.69195947265624,1.6440043473616242,-0.4431102624803781,-0.9146540077626704,-0.0376944839954376,-0.4954687654972076,-0.2810483276844024,-1.1473483726546168,0.232974643138051,2.19354581682086,0.1487611234188079,1.6262872219085691,0.3944953680038452,-1.016998529949784,2.7027023766607043,0.8765690456487238,-0.0710356533527374,-0.7445278763771057,0.407380998134613
1774473052431987200,113.7019873046875,1.572634809152782,-0.2852086882442236,-0.441452558401227,0.0179112534970045,-0.4904846549034118,-0.3662098348140716,-1.2819628870666029,0.4355810360193252,1.9848837771624328,0.1403175741434097,1.711208701133728,0.3637736141681671,-1.205597732527554,2.769774509936571,0.7383012694261968,-0.0714960247278213,-0.8344892263412476,0.384325623512268
1774473052442015500,113.71201538085936,1.3826730860501526,-0.1816214725196361,0.0699666856735944,0.0629503056406974,-0.4690928757190704,-0.4446767568588257,-1.4954168371766805,0.6203098269045353,1.7586995248168706,0.1335912197828292,1.7885351181030271,0.3757658302783966,-1.5302303764045238,2.888510779476165,0.7492460034191608,-0.0494088307023048,-0.8329669833183289,0.3983261287212372
1774473052452043300,113.72204321289064,1.1144447587013244,-0.1228425358146429,0.4788543605566024,0.1026037111878395,-0.4518566131591797,-0.4819852411746979,-1.602511184239387,0.8210574401766061,1.498472717615962,0.1148556321859359,1.8385553359985352,0.4124661684036255,-1.6700383678063748,2.797334132513404,0.6562383416369557,-0.0329199619591236,-0.8082001209259033,0.4114434123039245
1774473052462071300,113.7320712890625,0.8505483230769634,-0.0376171984717249,0.8288964632391929,0.139789804816246,-0.4515186846256256,-0.4593471586704254,-1.702121605287492,0.7861953856319188,1.3751461976766586,0.0884045884013176,1.8639661073684688,0.4555308222770691,-1.6449588716074823,2.54789701487422,0.4490260623954236,-0.0457848943769931,-0.7932613492012024,0.427219957113266
1774473052472099300,113.74209936523438,0.6232020412147045,0.0418617041736841,1.1123755512118338,0.1807968914508819,-0.4623958170413971,-0.3877722918987274,-1.7313871549993751,0.6145920337796211,1.4113199193418025,0.0651201233267784,1.8940978050231927,0.5215431451797485,-1.824530425859988,2.2513743209332224,0.2803969040483236,-0.0969479456543922,-0.7559643387794495,0.4356491267681122
1774473052482127000,113.75212719726562,0.403259021346271,-0.0589624765783548,1.2537865938961503,0.228580355644226,-0.4723861217498779,-0.2756825089454651,-1.5974141533613204,0.5556529380768537,1.5092501322180032,0.0409519411623477,1.9009290933609009,0.5970038175582886,-1.9029881687641144,1.903496702808141,0.0189142515674233,-0.1654351353645324,-0.7252442240715027,0.4440104067325592
1774473052492154400,113.762154296875,0.2200003030136227,-0.4256052931889891,1.3173036650389431,0.2775886654853821,-0.5080035328865051,-0.1192585602402687,-1.421091664032638,0.5818412723004818,1.453141876026988,0.0243550091981887,1.8545637130737305,0.667559027671814,-1.8832807209923863,1.6762334230542182,0.0648930356711149,-0.2262151092290878,-0.7065892219543457,0.455099493265152
1774473052502182100,113.77218212890624,0.0974292776167392,-0.962654653082788,1.4021183757543565,0.3019559383392334,-0.580814003944397,0.0616330094635486,-1.1267813854441049,0.7058072591871023,1.4160761739581822,0.0198832955211401,1.7587615251541138,0.697222113609314,-1.952396342794597,1.5514420912593605,0.4806085107475519,-0.2529599070549011,-0.6584118604660034,0.4450476765632629
1774473052512210400,113.78221044921877,0.103222474065423,-1.3650535504683852,1.565968629261851,0.3016992211341858,-0.6660242676734924,0.2463258951902389,-0.7740184794954955,0.7799088527083397,1.3876748398602008,0.0283749550580978,1.626903414726257,0.6920769214630127,-1.9555548068255184,1.3654074784725905,1.0064316893585026,-0.2791112661361694,-0.637077808380127,0.428962230682373
1774473052522238200,113.79223828125,0.1966343327343463,-1.7416069357186554,1.8067179980546235,0.2719301283359527,-0.7126586437225342,0.3962238430976867,-0.3965457874432206,0.8649199627786874,1.255091246753931,0.0391290672123432,1.478469729423523,0.636844277381897,-1.8522317949950693,1.1748808149635792,1.1249284510537982,-0.3359143733978271,-0.648955225944519,0.4065448045730591
1774473052532266500,113.8022666015625,0.1783887742087244,-1.98622204002887,2.202424704325199,0.2160769701004028,-0.7138669490814209,0.4757809937000274,0.0458814612090587,0.9043255059719084,0.9499673132061958,0.0286401994526386,1.304166316986084,0.5442759394645691,-1.822050884003937,1.0014198525458573,0.9874487564690412,-0.4174248278141022,-0.6673987507820129,0.3812127113342285
1774473052542294300,113.81229418945313,0.0766661833122372,-1.9225927406832573,2.678518367996812,0.1703052967786789,-0.6782971620559692,0.4971092939376831,0.2778181396014988,0.8160977719426155,0.7934837890744209,0.0068933591246604,1.1754543781280518,0.4212692975997925,-1.792062572975457,0.9250795401871204,0.7715130725458264,-0.5146113634109497,-0.6542054414749146,0.341948926448822
1774473052552321300,113.8223212890625,-0.0272968799874186,-1.27391109803617,2.90541807513535,0.1923261731863021,-0.5902320146560669,0.491060733795166,0.3042909898549318,0.730323276284337,0.920943463295698,-0.0254381373524665,1.0674537420272827,0.2871183753013611,-1.8893831295207144,0.9230261147886514,0.5936036062866449,-0.6005879640579224,-0.6054666638374329,0.3205050230026245
1774473052562349300,113.83234936523438,-0.1172699963793158,-0.4405447959065437,2.889702035087347,0.2355362921953201,-0.4562121629714966,0.4993537664413452,0.185220227663964,0.7610527610689402,0.8782020536780357,-0.0683850720524787,0.973695993423462,0.1595130115747451,-1.90367644328922,0.8848311164289713,0.5179274569250643,-0.6687332391738892,-0.5435289740562439,0.2952766418457031
1774473052572377000,113.84237719726562,-0.3316448607265949,0.1945057962730526,2.9625755481183527,0.2642366588115692,-0.3147367835044861,0.5048103332519531,-0.0155981127567589,0.9463029454797506,0.727046446570754,-0.1018462404608726,0.8844138383865356,0.0422648824751377,-1.8128017018824816,0.8772960447490215,0.6714518389903008,-0.6964347958564758,-0.4856168925762176,0.2732014954090118
1774473052582405400,113.8524052734375,-0.5473806381635368,0.6576745119199157,2.811386623263359,0.2758395969867706,-0.1916260421276092,0.52817302942276,-0.1387960378803312,1.2282394801855083,0.5158230319917202,-0.1364604234695434,0.808631181716919,-0.0564795359969139,-1.6584607427373528,0.9280658625215292,1.0070778783075511,-0.6904624104499817,-0.444048672914505,0.2536251246929168
1774473052592433200,113.86243310546875,-0.8269254554271698,0.9510422489613294,2.4838772549062966,0.2542810440063476,-0.1366906315088272,0.5715806484222412,-0.2694341960072517,1.3643705366402863,0.4275952979624271,-0.1714289337396621,0.7388557195663452,-0.1376269906759262,-1.566135218000412,1.0025047251731156,1.3665563562467693,-0.6737979054450989,-0.4235429167747497,0.2329181134700775
1774473052602461400,113.87246142578124,-1.1020331670261918,1.0304808195963502,2.142177448633313,0.2125310897827148,-0.1331014633178711,0.6230618357658386,-0.4295804804302752,1.3194687341183424,0.6174024150252342,-0.1967388242483139,0.6587917804718018,-0.1920127272605896,-1.4424024553477763,1.0924433547735213,1.5258699892379342,-0.6974925994873047,-0.4218198657035827,0.2150371223688125
1774473052612489200,113.8824892578125,-1.3485190336443482,1.0091831800237296,1.830418022593856,0.1456023901700973,-0.1295320242643356,0.6619940400123596,-0.4714190959893167,1.2877233502894638,0.8088637290358542,-0.2139302492141723,0.5664854049682617,-0.2276818305253982,-1.4533350605115294,0.9632219315767288,1.3576768842205404,-0.7588562965393066,-0.4230538606643677,0.2157375514507293
1774473052622516500,113.8925166015625,-1.4783615113489328,0.8890364591643214,1.5033131433844569,0.0723600536584854,-0.1114761531352996,0.7003275156021118,-0.5893250521846115,1.2689514298021791,1.0299468588501215,-0.2102063447237014,0.490887850522995,-0.250918447971344,-1.470941444350779,0.8111468715369701,1.16581064267084,-0.8176059126853943,-0.4260669648647308,0.2148123681545257
1774473052632544300,113.90254418945312,-1.4429676880151032,0.7256544076904654,1.1704022082448005,0.0113896429538726,-0.1138668730854988,0.7354192137718201,-0.6057583005912601,1.3512813379645348,1.062106084176898,-0.2007175385951995,0.4375997483730316,-0.2765033543109894,-1.5076774760738014,0.6674392423480748,1.2042565470516682,-0.8271191716194153,-0.4294635355472564,0.2152980118989944
1774473052642572300,113.912572265625,-1.280749419623613,0.6287704889968038,0.9107131611824036,-0.0409565046429634,-0.1675127744674682,0.7874659895896912,-0.6104952659852803,1.4385118776500223,0.9144558548420668,-0.1924966275691986,0.4049374163150787,-0.3024854063987732,-1.5546286123409867,0.5496253483504057,1.3692727755986154,-0.799943208694458,-0.438498318195343,0.2147406190633773
1774473052652600300,113.92260034179688,-1.0926472067825497,0.6407903048753738,0.7649310638070106,-0.08355563133955,-0.2720522284507751,0.8334808945655823,-0.6879512845009566,1.3114222057849168,0.9171358877062796,-0.1645298898220062,0.396086186170578,-0.3228938579559326,-1.6178186434864996,0.5017337163627147,1.3119612810976802,-0.7687373161315918,-0.4228219091892242,0.2200121879577636
1774473052662628400,113.93262841796874,-0.9305340062007308,0.7337588036909699,0.6753811412632464,-0.1107029840350151,-0.3708643019199371,0.8755536079406738,-0.7043045995391904,1.2107242817610502,0.9382476493179798,-0.1421212553977966,0.4023768305778503,-0.3364008665084839,-1.7056754983767866,0.6045125383138656,1.1170225002348422,-0.7325127720832825,-0.4121325016021728,0.2330952286720276
1774473052672656400,113.94265649414062,-0.8251450017511844,0.7744891657471656,0.6536737518459558,-0.1122896969318389,-0.4380995035171509,0.9027935266494752,-0.7282118370883166,1.0632967552661896,0.9061673344463108,-0.1403644531965255,0.4083412885665893,-0.3357598483562469,-1.7058590382501482,0.6484124703168869,0.9645553721375764,-0.6910072565078735,-0.4118388891220093,0.247460052371025
1774473052682683100,113.95268310546876,-0.8473159170269966,0.8225494323000312,0.7208890929847955,-0.0998962298035621,-0.4676142930984497,0.9114779233932496,-0.7824373482726514,0.819194568914175,1.1260878502219915,-0.1404778957366943,0.4176572859287262,-0.3246914744377136,-1.6676850826784968,0.6453682803153992,0.8188147758163511,-0.6339641809463501,-0.4101371169090271,0.2680992782115936
1774473052692711400,113.96271142578124,-1.0224363370895384,0.8797183034598827,0.8312193532288074,-0.0881721973419189,-0.4732353985309601,0.8984395861625671,-0.5518968004137277,0.8181126188963651,1.149492691206932,-0.1315010786056518,0.3931878805160522,-0.3189931809902191,-1.5738360016360875,0.6240992823153734,0.7668737223073839,-0.5499941110610962,-0.4276751577854156,0.2851307690143585
1774473052702739200,113.9727392578125,-1.3264824122726917,0.961925462025404,0.9468068033486604,-0.0829395204782486,-0.4494536519050598,0.8774511814117432,-0.4604964276976883,0.8104284941345453,1.0554559786379336,-0.120973065495491,0.367871344089508,-0.3013955354690552,-1.444307996708155,0.5362970802217721,0.8214611986719071,-0.4479053616523742,-0.4218516051769256,0.2885729074478149
1774473052712767500,113.982767578125,-1.7164697179831565,0.9712646605178712,1.0616624320626258,-0.0967197865247726,-0.4248180985450744,0.8591917157173157,-0.3269961581379175,0.8558721484482288,1.0668103163450957,-0.1226248517632484,0.3306635618209839,-0.2833774387836456,-1.4332941430017352,0.5014443780273199,0.7437703484870493,-0.3761210739612579,-0.427579402923584,0.3022246956825256
1774473052722795300,113.99279516601564,-2.0390169338881967,0.9179819831416012,1.1409762072741985,-0.1284064203500747,-0.3993304967880249,0.8444258570671082,-0.2018739869534969,0.8895692508667707,1.067452705901861,-0.1132673025131225,0.3021765351295471,-0.2817244231700897,-1.4464394557788969,0.5703998408317565,0.5185429584749043,-0.3216983079910278,-0.4480623006820678,0.3047520518302917
1774473052732823300,114.0028232421875,-2.184162194664776,0.8214788804590701,1.1595634188443422,-0.1740692406892776,-0.3743428587913513,0.8354312777519226,-0.0482277320742607,0.7772457709789276,1.1009475637465715,-0.117847591638565,0.2734333276748657,-0.2757643461227417,-1.404390996861458,0.5811760863900184,0.436550319442898,-0.2736661732196808,-0.379355639219284,0.2856694757938385
1774473052742851300,114.01285131835938,-2.154984907758236,0.7241054246827959,1.082546230137348,-0.2183302193880081,-0.3341709971427917,0.8341621160507202,0.0385908658094704,0.6970476141482591,1.098136013457179,-0.1397803276777267,0.2428719848394394,-0.2681402564048767,-1.4669202260106802,0.5638578718423843,0.2976800472825765,-0.2456180155277252,-0.350296288728714,0.2984206974506378
1774473052752878000,114.02287817382812,-2.028824041175842,0.7168678746446967,0.9242571178883312,-0.2534615695476532,-0.2951945662498474,0.8242586255073547,0.0429600208044052,0.5102326646387577,1.1590052004396916,-0.1574453264474868,0.2182412892580032,-0.2609632313251495,-1.421839267529547,0.6284720905721187,0.0584830224983394,-0.2120554596185684,-0.311710774898529,0.2809420526027679
1774473052762906400,114.03290625,-1.8951859705805776,0.8186706911705434,0.6951151847809552,-0.2611677944660187,-0.2686263918876648,0.7977650761604309,0.109641693457961,0.4322112673252821,1.1655460003852844,-0.1805818080902099,0.227464348077774,-0.2563945651054382,-1.3812237640246747,0.6231494342446326,0.0252963538199663,-0.1820328384637832,-0.3268785178661346,0.2876169979572296
1774473052772934100,114.04293408203124,-1.8359692269802093,1.0120686723321677,0.4585486546307802,-0.234229102730751,-0.2629165649414062,0.7561917901039124,0.1236779637254774,0.536595770907402,1.0144932691305877,-0.2014173120260238,0.2312392145395279,-0.2462148517370224,-1.3800050358846785,0.6519201861768961,-0.0998987364701926,-0.1566529124975204,-0.2832999229431152,0.2919507920742035
1774473052782962400,114.05296240234377,-1.79389300327301,1.2036686641611158,0.3084522011876106,-0.1890454143285751,-0.2481239438056945,0.7054507732391357,-0.0303302563339471,0.4846212535202503,1.062020159459114,-0.2089631110429763,0.2493420392274856,-0.2230682522058487,-1.4710335065484046,0.5936760870009661,-0.1458580852210521,-0.1479057669639587,-0.2574957609176636,0.3114653825759887
1774473052792990200,114.062990234375,-1.6936311325788498,1.3877081576079129,0.2159872679799795,-0.1188112050294876,-0.2004086077213287,0.6485763192176819,-0.1147835863910615,0.5654787510424852,0.9731389299571512,-0.2071587592363357,0.2752696573734283,-0.1910277009010315,-1.4012979992821812,0.5819739587694406,-0.1574487159021198,-0.1471694856882095,-0.2086979746818542,0.3017921447753906
1774473052803018200,114.07301831054689,-1.564447411043942,1.527073227547854,0.222204242798686,-0.0496849864721298,-0.1110841259360313,0.6083031296730042,-0.2544796418510377,0.6807651723891496,0.8376789046317339,-0.2143101394176483,0.2767317295074463,-0.1503031700849533,-1.3490461262583733,0.6096551618993282,-0.2667161692202091,-0.161518320441246,-0.1902302801609039,0.3272770047187805
1774473052813045200,114.08304516601562,-1.488334185439348,1.532727892308682,0.28948621943295,0.0057646892964839,-0.0141067076474428,0.5829998850822449,-0.3673768299736082,0.63303896009624,0.9010024990290404,-0.2148124128580093,0.2816101014614105,-0.1084883362054824,-1.4869982606604697,0.6126426532775163,-0.4081232663817703,-0.1789084076881408,-0.2073956280946731,0.3360436558723449
1774473052823073300,114.0930732421875,-1.5061840226456522,1.486252264598757,0.3440782258421182,0.043891504406929,0.0607361271977424,0.5656012296676636,-0.2759865402601659,0.7782517331510782,0.875571705174446,-0.1877259314060211,0.2506442070007324,-0.0847824737429618,-1.3175605624094604,0.5136386736899614,-0.5220718632534146,-0.1975702494382858,-0.1713825017213821,0.3225589990615845
1774473052833101300,114.10310131835938,-1.5406488945662975,1.3174142858065665,0.2993815905034542,0.0665659233927726,0.1062767133116722,0.5492265224456787,-0.2157898457117378,0.8178489995241165,0.828722860237956,-0.162934809923172,0.2051019221544265,-0.0693871453404426,-1.4054948664501308,0.3686591248691082,-0.565284251383692,-0.2158300429582595,-0.0915620699524879,0.3374283015727997
1774473052843129300,114.11312939453126,-1.5496794655010104,1.1325849571563302,0.2373269931286573,0.0679332539439201,0.1250959187746048,0.5225120782852173,-0.0855968010038137,0.8209282608389854,0.772817433142662,-0.1316706389188766,0.1502096503973007,-0.0751547515392303,-1.4847677251294251,0.3248363497555255,-0.5770024539671837,-0.2242110073566436,-0.0431660339236259,0.3519006967544555
1774473052853157400,114.12315747070312,-1.4289246957458557,1.026977633780986,0.1692050585389137,0.0525375232100486,0.1279308646917343,0.4907738268375397,0.0347979032672941,0.7162246083050966,0.7962532537877559,-0.1048276349902153,0.1034822389483451,-0.1018802300095558,-1.3625906674861907,0.3257429432064294,-0.5347200401633978,-0.242671862244606,-0.0067109405063092,0.3390021920204162
1774473052863185400,114.13318530273438,-1.251937166637182,0.9323547918871044,0.0273299054741859,0.0349706187844276,0.1215033456683158,0.4577555656433105,0.1996383368559181,0.6984563119024038,0.7735995234310626,-0.0757208839058876,0.0568588078022003,-0.1488301753997802,-1.3015385251522062,0.2149047334402799,-0.3927878962144255,-0.2511177957057953,-0.0100223142653703,0.3355536758899688
1774473052873212400,114.14321240234376,-1.122011979085207,0.8407387305937707,-0.0253495453119277,0.0195477232336998,0.1213470175862312,0.4070953130722046,0.2219527522556483,0.8332984975904226,0.5536947897464036,-0.0604068115353584,0.0201482642441988,-0.1976516991853714,-1.2734925803631545,0.1343260528594255,-0.118625502641499,-0.2519517540931701,-0.0130512379109859,0.2949233949184418
1774473052883240200,114.153240234375,-1.067526063399017,0.803069655804336,0.0685001202523708,0.0020397170446813,0.1134291738271713,0.3381387293338775,0.0958138052441179,0.6829805103510618,0.599631196013093,-0.0527797825634479,0.0141516244038939,-0.2410457730293274,-1.111811779849231,0.1159282263815403,0.0082531568214297,-0.2500659525394439,-0.01079713832587,0.2678731381893158
1774473052893268200,114.16326831054688,-1.0736591593265532,0.8532751176923513,0.1883949121773243,-0.0255977697670459,0.0993109568953514,0.257445752620697,0.0171073482759296,0.5340677137345076,0.6712123311460018,-0.0506126917898654,0.0209447685629129,-0.2635908424854278,-1.125396653087437,0.1107937861025333,0.158741824452579,-0.2460825592279434,0.0337462350726127,0.2457025051116943
1774473052903296300,114.17329614257812,-1.1538786512061954,0.9951070161372424,0.2514268301516771,-0.0710709393024444,0.0820738971233367,0.1669477820396423,-0.1369908881545066,0.4925029466807842,0.6607049656569958,-0.057095892727375,0.0207109432667493,-0.2495759576559066,-1.127769665829092,0.1367605865299701,0.214447637322545,-0.2374792248010635,0.0624175630509853,0.2202541381120681
1774473052913324300,114.18332421875,-1.2536273116812109,1.179135988190025,0.2152127764761447,-0.1175465658307075,0.0657524466514587,0.0868944972753524,-0.4043342493623494,0.3125099521458149,0.814215026935935,-0.0579347722232341,-0.0067497817799448,-0.1991723626852035,-1.0268234661325812,0.1304027419358492,0.1989952166467904,-0.2144322395324707,0.0608281269669532,0.2104845494031906
1774473052923352300,114.19335229492188,-1.2483236523151398,1.2863077844031154,0.1712619910687208,-0.1633002012968063,0.0607203654944896,0.0230210181325674,-0.5742420493431389,0.1674614297419786,0.9566688566714524,-0.0602892711758613,-0.0395676493644714,-0.1197973787784576,-1.0127285975456235,0.1302174484968185,0.3365051602393388,-0.1832681894302368,0.0571071617305278,0.1774315237998962
1774473052933380400,114.20338037109374,-1.232311405799538,1.246941988698393,0.2654348972380161,-0.2005311995744705,0.0375271625816822,-0.015802277252078,-0.5603020790569484,0.2475941201210021,0.855390502411127,-0.0625387877225875,-0.0951214283704757,-0.0403770618140697,-0.8696493293881415,0.1436269651681184,0.4475955912008881,-0.1537202298641204,0.0474754087626934,0.1595392823219299
1774473052943407400,114.21340747070312,-1.081629845944792,1.0444543998911977,0.4869640172541141,-0.2450642585754394,0.0102953258901834,-0.0372299253940582,-0.5018932908385991,0.3738262983739376,0.6189075588911771,-0.0567690506577491,-0.1652317941188812,0.0284651163965463,-0.9992118211075663,0.1964759273022413,0.4615764780193567,-0.1402028203010559,0.0356033034622669,0.1405080556869506
1774473052953435100,114.22343505859376,-0.8826371135160327,0.8008911427214741,0.7805828064471483,-0.2819258868694305,-0.0046998681500554,-0.0438430868089199,-0.5279581448130309,0.38724984357059,0.5322486816138029,-0.0372328534722328,-0.2289739996194839,0.0850328579545021,-0.9684713765375316,0.1943739865869283,0.3013368162244558,-0.1459179669618606,0.0008507291786372,0.1199989914894104
1774473052963463400,114.23346337890624,-0.7025066102065145,0.5580186442948878,1.007649686846137,-0.3049876093864441,0.001107124146074,-0.0356933921575546,-0.4869663553416729,0.288978854432702,0.4638806633085012,-0.0160106550902128,-0.2599865198135376,0.1136320158839225,-0.9439233568668364,0.297682969892025,0.1370943485289812,-0.1507758498191833,-0.0287489742040634,0.1075545698404312
1774473052973491200,114.2434912109375,-0.6069266137182712,0.2945435028225183,1.0508797567635777,-0.3078555762767792,0.0244521275162696,-0.0336302444338798,-0.4155607229061424,0.2029296334862708,0.2304144372612238,-0.0041388627141714,-0.2773266732692718,0.1107504069805145,-1.0431496009029448,0.4430436269849538,0.0323231837168335,-0.157616525888443,-0.0501096136868,0.0951571837067604
1774473052983519200,114.25351928710936,-0.5697863851085305,0.1527925606593489,0.940600934445858,-0.2904528081417084,0.0594705827534198,-0.033958688378334,-0.4393802821718156,0.1854886693418025,-0.1031102458626031,-0.0006253544706851,-0.2749942541122436,0.090859517455101,-0.9693234633222222,0.5257815314263105,-0.2112722221568226,-0.1619095355272293,-0.0526864901185035,0.0825553685426712
1774473052993547300,114.26354736328123,-0.5868956330806017,0.1626961150363087,0.6505459752142428,-0.2643035054206848,0.0959244668483734,-0.0420333929359912,-0.5150356810063124,0.2394961538612842,-0.4232423634499311,-5.74490986764e-05,-0.2551867365837097,0.0532843805849552,-0.9326862157985568,0.4567459891229867,-0.3541989301010966,-0.1666584908962249,-0.0223579593002796,0.0764547437429428
1774473053003574300,114.27357421875,-0.6478036907687783,0.2695950856573879,0.3209066090911626,-0.2259180545806884,0.1256788969039917,-0.0481967478990554,-0.6074409929811954,0.2233335390895605,-0.4699667052239179,0.0002565374597907,-0.2049501985311508,0.014059480279684,-0.8414813656546175,0.3841518775552511,-0.3507467438206076,-0.1573803126811981,0.0717016905546188,0.0692056193947792
1774473053013602300,114.28360229492188,-0.6812950414821505,0.3252282716825604,0.0866489404052495,-0.1809583008289337,0.1406442523002624,-0.0560432188212871,-0.5979295066617429,0.2317781268298625,-0.4178460573643445,-0.0051859952509403,-0.1389032453298568,-0.0162066090852022,-0.6952152841545641,0.360153162330389,-0.3009220979437232,-0.1323747336864471,0.164427563548088,0.0812398642301559
1774473053023630300,114.29363037109376,-0.6879255655378103,0.3195737530522048,0.0234381587326526,-0.1481654644012451,0.1434645801782608,-0.0627826452255249,-0.6062794018559158,0.3199748811990022,-0.2665495804816484,-0.0134516479447484,-0.106325052678585,-0.0213779341429471,-0.575082153429091,0.3345008346796035,-0.1887467943549156,-0.0947727635502815,0.2528495490550995,0.0749081969261169
1774473053033658400,114.30365844726562,-0.708866354496777,0.3803926711522042,0.1371837803781032,-0.1287611424922943,0.1401316374540329,-0.0694282948970794,-0.7083698031514882,0.2895598691910505,0.0991308208376169,-0.0075403219088912,-0.1240816637873649,0.0012882241280749,-0.4436623434051871,0.2227864266008138,-0.0401657139107584,-0.0873463600873947,0.3480609357357025,0.065024048089981
1774473053043686400,114.31368627929687,-0.6781655112847685,0.3984226872310042,0.1495557706952095,-0.1075830906629562,0.1352588385343551,-0.08317132294178,-0.6191016201585531,0.180903679639101,0.3206868288606405,0.0002044166903942,-0.1658336371183395,0.0244007352739572,-0.5046216928891837,0.0625415041089057,0.2644520236805081,-0.0715447589755058,0.388489305973053,0.0508831962943077
1774473053053714200,114.32371411132812,-0.6235892869666219,0.4392369281783699,0.088639821961522,-0.0909844040870666,0.1275039762258529,-0.0791768431663513,-0.5288559704355895,0.1944984897494316,0.3108148386657238,0.0052919229492545,-0.2109676003456115,0.0403492078185081,-0.3695125268280506,0.0495768085956573,0.7401409059435129,-0.012929206714034,0.3540172874927521,0.0175181571394205
1774473053063742500,114.33374243164064,-0.5476654464542865,0.461712087097764,-0.0592307721257209,-0.0777827501296997,0.1207426413893699,-0.0767243131995201,-0.4837614218205213,0.2574848150163888,0.1891074443608522,0.0018372705671936,-0.2474686205387115,0.0604187920689582,-0.2424281156599521,0.030520810469985,1.0569953170344233,0.0779410451650619,0.2269541770219802,-0.0041450611315667
1774473053073769200,114.34376928710938,-0.5004126968920231,0.5143057592965662,-0.3189864546835422,-0.0613750144839286,0.093557097017765,-0.0740949735045433,-0.4569510101757943,0.3653758654147386,0.0419260015815496,-0.0017382123041898,-0.2856391370296478,0.073837324976921,-0.2481704587042331,-0.0141682260841131,1.1230433679595588,0.1581412553787231,0.102208636701107,-0.061433020979166
1774473053083797200,114.35379736328125,-0.4861003861621022,0.6081317517243325,-0.5486363373130559,-0.0458552129566669,0.0271278731524944,-0.078145258128643,-0.4096276795953512,0.4649678740233182,-0.1101291847139596,-0.0034215962514281,-0.3226999342441559,0.0750583857297897,-0.2456185822643339,-0.0055079497665166,0.8082204626962542,0.1581625640392303,0.0794974714517593,-0.0959939286112785
1774473053093825300,114.3638251953125,-0.2900920763716101,0.6509254760511219,-0.730658791849017,-0.0305268578231334,-0.0174419917166233,-0.0723515450954437,-0.4077906734265387,0.449220269793272,-0.1545329745858907,-0.0055242050439119,-0.3551361262798309,0.0676662549376487,-0.5193792631685733,0.2072445740759372,0.451577646574378,0.1477350443601608,0.1254087835550308,-0.0899751111865043
1774473053103853300,114.37385327148438,-0.0441454311966896,0.5769355262108147,-0.7505693609774112,-0.0216080509126186,-0.0363646000623703,-0.0540937855839729,-0.3719821318119764,0.3792775495171546,-0.1096183125823736,-0.0139384623616933,-0.3668774664402008,0.0489937625825405,-0.5281713491722941,0.3090758860439062,0.3435048098683357,0.1468468755483627,0.1527242958545684,-0.0859334990382194
1774473053113881300,114.38388134765626,0.0487532172530889,0.4219534926831722,-0.7036193937540054,-0.0262307655066251,-0.048523262143135,-0.0378844551742076,-0.2598445298850536,0.3681307170808315,-0.1295195293605327,-0.022157710045576,-0.3809664249420166,0.0301658827811479,-0.4708776825889945,0.2863052513092756,0.2425640169993042,0.1595096737146377,0.1571057587862014,-0.0789722874760627
1774473053123909000,114.3939091796875,0.0011740122154355,0.2609871240489185,-0.529816486030817,-0.0435235910117626,-0.0709731727838516,-0.0263999886810779,-0.2178710358999669,0.34235914696455,-0.1783393821090459,-0.0259806774556636,-0.3972388505935669,0.0128010073676705,-0.4709346734732389,0.2429927638053894,0.1790811403870582,0.1839843988418579,0.1656734198331833,-0.0695151314139366
1774473053133936400,114.40393627929689,0.0430544210895895,0.1410322724997997,-0.2464315060824155,-0.0684385225176811,-0.0881404429674148,-0.0113035952672362,-0.2772866630733013,0.2481885788828134,-0.1400835934728383,-0.0260422900319099,-0.3952034115791321,0.0161853469908237,-0.4468608471855521,0.1826379560858011,0.2219067211568355,0.2098728120326995,0.2009117156267166,-0.0497628338634967
1774473053143964400,114.41396435546876,0.2066287802651524,0.0905854030713439,0.0310924728780984,-0.0966266468167305,-0.116517461836338,0.0169758349657058,-0.2813536202512681,0.1947434044212102,-0.1188087502539157,-0.0292455404996871,-0.3792803585529327,0.0267831310629844,-0.3913523104533553,0.0847965905368328,0.4411547444984317,0.220447152853012,0.2368484139442443,-0.0263280794024467
1774473053153992400,114.42399243164064,0.3827911105960607,-0.012092588853836,0.3285644303679466,-0.1242164671421051,-0.1159163862466812,0.0668666958808898,-0.2334761629194021,0.1955108816623687,-0.1581909125715494,-0.043269895017147,-0.3722991645336151,0.0454944372177124,-0.2993620090201497,0.0121194768607616,0.7370122525289654,0.2100370377302169,0.2561183273792267,-0.0240693278610706
1774473053164020200,114.43402026367188,0.6057248367130756,-0.2731463483981788,0.4894879827737808,-0.1443553566932678,-0.0513243339955806,0.1312936842441558,-0.2244995141290128,0.1571452029109001,-0.0896370163053274,-0.0401918143033981,-0.3647690713405609,0.0654806643724441,-0.1814617519132793,0.0097989249587059,0.7462032747223973,0.1839636266231537,0.2696613073348999,-0.0289080254733562
1774473053174048300,114.44404833984376,0.6705097358345985,-0.5276429413840175,0.5668395180016755,-0.1580362766981125,0.029139082878828,0.206308513879776,-0.1877940236747264,0.0197159233391284,-0.0041840076863765,-0.0388731285929679,-0.3460658490657806,0.0847154781222343,-0.2475204703629016,-0.0546399372041225,0.7400476747021079,0.1694837361574173,0.2419409155845642,-0.0258235987275838
1774473053184076300,114.454076171875,0.4855085577487945,-0.6986103334203362,0.5922317334115504,-0.1477132588624954,0.118411399424076,0.2702289223670959,-0.1081061544537544,-0.0480038601905107,0.0079997665822505,-0.0382036119699478,-0.3296352326869964,0.0965292602777481,-0.239876969872415,-0.056112347844243,0.7789923223853111,0.1804943084716797,0.2177378535270691,-0.0394419394433498
1774473053194104300,114.46410424804688,0.3534606789544224,-0.813391581723839,0.5470698186486959,-0.1198747009038925,0.2162061333656311,0.3138389587402344,-0.1705110265709459,-0.0348398427128791,-0.085391049298644,-0.0396222099661827,-0.3205917775630951,0.1178314164280891,-0.1775030774153768,-0.0902466726362705,0.6320347514897584,0.1800287961959839,0.201758325099945,-0.0318067334592342
1774473053204131300,114.47413134765624,0.2894751135170459,-0.6999716849014163,0.4861059391200542,-0.066992349922657,0.2918716371059418,0.3490510284900665,-0.2650041046053171,-0.1603290936440229,-0.1318915191888809,-0.0413982719182968,-0.3141605257987976,0.1432773917913437,-0.2446098436132073,-0.0749754537463188,0.3389028690308332,0.18297079205513,0.1871769875288009,-0.0301113668829202
1774473053214159600,114.48415966796875,0.1782616406977176,-0.4690167110227048,0.3520663019865751,-0.0061503020115196,0.3197402954101562,0.3705666959285736,-0.275113556817919,-0.2206651966631412,-0.2061304753541946,-0.038220427930355,-0.3136197924613952,0.1626628786325454,-0.1267474342986941,-0.1341489427268505,0.136479139240086,0.1639348715543747,0.2028599828481674,-0.0331510342657566
1774473053224187600,114.49418774414065,-0.0113607674479484,-0.2179750807963311,0.2347638646423816,0.0548946075141429,0.2902612388134002,0.3829142451286316,-0.298262815606594,-0.2684761646300554,-0.2216507005691528,-0.0279081333428621,-0.3023248016834259,0.1720225661993026,-0.1974862733885646,-0.159568046143651,-0.0195367673799395,0.1338315606117248,0.2381964027881622,-0.0190671738237142
1774473053234215700,114.50421557617187,-0.1958537037506699,0.0508043045639991,0.2222235320210456,0.1023247092962265,0.2438170164823532,0.3849819004535675,-0.3650203299753368,-0.254506091466546,-0.1981675336509943,-0.0104731079190969,-0.2735714614391327,0.1861820518970489,-0.1413889769829809,-0.1512275032997131,-0.0256482359975576,0.1229650676250457,0.2606793642044067,-0.0131186610087752
1774473053244243700,114.51424365234377,-0.2719488091766834,0.1306960257939994,0.2675514510005712,0.1141391918063163,0.2085644006729126,0.3908871710300445,-0.4386800249479711,-0.1666974596321582,-0.2674187645316124,0.00811602268368,-0.2488597184419632,0.2063320577144622,-0.0427694666683673,-0.1041080247282981,-0.0303854936525225,0.1103526055812835,0.2825921177864074,-0.0231867395341396
1774473053254271700,114.52427172851564,-0.3020104777023196,0.2678217923745513,0.3480488830387592,0.1023555099964141,0.2058975100517273,0.3666153848171234,-0.5145937824577093,-0.2287216618686914,-0.3390723803788423,0.0218270234763622,-0.2308212369680404,0.2251090705394745,0.0249497323393821,-0.0688607702583074,-0.0424894806832075,0.0996809527277946,0.2895344793796539,-0.0245535057038068
1774473053264298800,114.534298828125,-0.2899462381601333,0.5558386699073017,0.2644341957628727,0.0911001488566398,0.2209590822458267,0.3070156574249267,-0.5503180067896842,-0.2444564066171645,-0.3721604109883308,0.0361191444098949,-0.2150385528802871,0.2413615435361862,0.0093897596359252,-0.0613169307500123,0.0178296712011098,0.0871020480990409,0.2772698402404785,-0.0381231121718883
1774473053274326500,114.54432641601562,-0.2642401344954967,0.8357501285262405,-0.0233902279376983,0.0858795493841171,0.2258619666099548,0.2458763867616653,-0.5494206195585429,-0.2513900052726268,-0.3815098386138677,0.044951893389225,-0.2050856202840805,0.2440232336521148,0.1127962119661271,-0.0837362678289413,0.0964142553552985,0.0805809497833252,0.258795827627182,-0.0602842904627323
1774473053284354600,114.5543544921875,-0.2015942932292818,0.9564090366914868,-0.324760946431756,0.0928385481238365,0.2102060168981552,0.2017961591482162,-0.5390357114054263,-0.2058732857227325,-0.3495131103724241,0.0615923926234245,-0.2028858512639999,0.2416378408670425,0.1114990117624402,-0.0550911881029605,0.2660021757319569,0.0947526916861534,0.2544468939304352,-0.0857765972614288
1774473053294382600,114.56438256835938,-0.111650402931869,0.8260833055146038,-0.5874322241753339,0.0909048244357109,0.1952704787254333,0.1794373244047165,-0.5699374840170145,-0.1899929950237274,-0.2215484092384576,0.0826332196593284,-0.1942522525787353,0.236970916390419,0.2661386615931987,-0.0435807830512523,0.2376686461731791,0.0953944250941276,0.2677525877952575,-0.1077674180269241
1774473053304410600,114.57441064453126,-0.0918254662603139,0.5858963929101825,-0.7840688949972391,0.095103845000267,0.1854400187730789,0.1663112640380859,-0.5460527505606413,-0.1384042620837688,-0.1282967095673084,0.1006481721997261,-0.1917174607515335,0.2320041209459304,0.1811903876259923,-0.0850841753065586,0.1693178712636232,0.1064279004931449,0.2665637731552124,-0.1364789605140686
1774473053314438700,114.58443872070312,-0.1128597787216305,0.2460794777743518,-0.9912608621031044,0.1009138002991676,0.1821619421243667,0.1657112538814544,-0.5148410352170467,-0.08994915099442,-0.0672831456780433,0.109379269182682,-0.1933805793523788,0.225980207324028,0.2784408015444874,-0.1171042844235897,0.2600391756743193,0.1195953637361526,0.2615480422973633,-0.1637152433395385
1774473053324466700,114.594466796875,-0.1821837825775146,-0.111510409939289,-1.143351119711995,0.1083708107471466,0.1620984822511673,0.1615051925182342,-0.4754746549904346,-0.0202256264269351,-0.0940448958754539,0.1084876433014869,-0.2046638578176498,0.2167968302965164,0.2690776376545429,-0.0435135630339384,0.3338309725940227,0.1313172727823257,0.2812964618206024,-0.1890163421630859
1774473053334493700,114.60449365234376,-0.3569415068075061,-0.3952564782850444,-1.1671651260197162,0.1131200268864631,0.1083263158798217,0.1527838706970214,-0.430794824656099,0.0387619845926761,-0.1882271543949842,0.0975707396864891,-0.2172600924968719,0.2007014602422714,0.2415773440495133,0.0565992545783519,0.3815408182740211,0.1486344784498214,0.2980287373065948,-0.2129254192113876
1774473053344521700,114.61452172851564,-0.5122592020303011,-0.6547312980748713,-1.0332686967492104,0.1211559176445007,0.0527932755649089,0.1434901803731918,-0.3718931383542716,0.0750239690631628,-0.2151736135095358,0.0797358155250549,-0.214392140507698,0.1785141378641128,0.1882303692653775,0.0958978302657604,0.4580085564047098,0.1565925478935241,0.3178200125694275,-0.2364914566278457
1774473053354549800,114.6245498046875,-0.4949485862672328,-0.8512991414442658,-0.8036825270056724,0.1260446906089782,0.002358331112191,0.1428555399179458,-0.2465523559831082,0.1223152970701456,-0.2300578789085149,0.0518559515476226,-0.2141885161399841,0.1447306722402572,0.1689979916594922,0.1231751287698745,0.5489461339145898,0.1666937172412872,0.3277220129966736,-0.2531491816043854
1774473053364577800,114.63457788085938,-0.3452536993622779,-0.9441087964363396,-0.5270020131319761,0.1353396773338318,-0.0291588455438613,0.1509938836097717,-0.2272064350001514,0.1269715984433889,-0.2077723973423242,0.0262946672737598,-0.2180524915456771,0.1190463528037071,0.2077449248135089,0.1430447813659906,0.6517401534348726,0.1669360697269439,0.3223251402378082,-0.263702243566513
1774473053374605600,114.64460546875,-0.158635441468656,-0.903638400490582,-0.1809229688614606,0.1392782181501388,-0.0522569715976715,0.1725116670131683,-0.2369755493424832,0.1084866782039403,-0.1166407585650682,0.0002068902831524,-0.2177135497331619,0.0958990827202797,0.18281711204499,0.1727981145948171,0.6608116409018635,0.1579436510801315,0.3044097423553467,-0.2636889517307281
1774473053384633900,114.6546337890625,-0.0233867208063602,-0.793218708397448,0.1207528700590133,0.1424371898174286,-0.0553254820406436,0.1901301890611648,-0.2194531905248761,0.0888303760975599,-0.0391910236597061,-0.0212992001324892,-0.2237160503864288,0.0788705646991729,0.1236126434043049,0.1728062979012727,0.6561915798857808,0.147836685180664,0.2825143039226532,-0.2528019547462463
1774473053394660600,114.66466064453124,-0.0030903672307729,-0.6337796954609454,0.4065881657689809,0.1441871523857116,-0.0540327839553356,0.2020177394151687,-0.1955599815011024,0.1210147358655929,-0.0341986221998929,-0.0454021356999874,-0.2333118766546249,0.073524609208107,0.0966907342091202,0.2082201411098241,0.6834782307401299,0.1480202674865722,0.2713005840778351,-0.2321457415819168
1774473053404688600,114.67468872070312,-0.0500014637485146,-0.3885970203958451,0.6806406692266463,0.120491050183773,-0.0272773299366235,0.1868678927421569,-0.1793823152907192,0.151684599417448,-0.0493412462741136,-0.0644202977418899,-0.2422441244125366,0.0690771266818046,0.0406204719409346,0.2512175713151693,0.676577657571435,0.1533559113740921,0.2642991244792938,-0.2023798525333404
1774473053414716700,114.68471655273436,-0.043933834272623,-0.1911662765868008,0.7204998014062642,0.099449947476387,0.0213882122188806,0.1601388156414032,-0.1443875742770731,0.1277443363815546,-0.0222001413702964,-0.0820550099015235,-0.2453912943601608,0.0732515007257461,-0.0332652868725359,0.27409984973073,0.5990718085646629,0.1578558385372162,0.2599829137325287,-0.1698445230722427
1774473053424744700,114.69474462890624,-0.1280149700164795,-0.066064125277102,0.6974082641541958,0.0910579413175582,0.0698827803134918,0.1274981647729873,-0.1070417400926351,0.1067377887099981,-0.0116571200460195,-0.0921388044953346,-0.2479428648948669,0.0750025287270546,-0.099771310698241,0.2705500482946634,0.5533572283551097,0.1510759592056274,0.2546366155147552,-0.1364692449569702
1774473053434772700,114.70477270507811,-0.1859995414733886,-0.0079806234903633,0.6408639546334743,0.0805190131068229,0.1213750019669532,0.0918440371751785,-0.0556533520303666,0.082701664084196,-0.0578653289914131,-0.1070030629634857,-0.2480217665433883,0.0825458094477653,-0.1096598136365413,0.2672100902169942,0.5178925317421555,0.1409146934747696,0.2495473623275756,-0.1038036346435546
1774473053444800500,114.71480053710935,-0.2532978847205638,0.0074041387766599,0.5371019668638706,0.0632244944572448,0.1673438400030136,0.0631944760680198,-0.032538580033183,0.0040922377496957,-0.0446188939273357,-0.1102420017123222,-0.246794581413269,0.0878276526927948,-0.149895962435007,0.2604185303807258,0.4627548741489649,0.1293246150016784,0.2422449588775634,-0.0737836807966232
1774473053454828800,114.72482885742188,-0.3549932953491806,0.0220513805493712,0.3861491888523101,0.0312982536852359,0.1912949830293655,0.0412004962563514,0.0306739552050828,-0.0361632002711296,-0.0603676672011613,-0.1173294782638549,-0.2481580227613449,0.0913119912147522,-0.168451025301218,0.2315016479760408,0.4035650185555219,0.1158861145377159,0.2322955429553985,-0.0470564812421798
1774473053464855600,114.73485546875,-0.4459913708746433,-0.0038432314246892,0.1921469581872224,0.0087600983679294,0.1836636960506439,0.0403267741203308,0.0792412944972515,-0.0258610019654035,-0.1606178474575281,-0.1189446896314621,-0.2442684769630432,0.0908296927809715,-0.1007984617888927,0.1550549526333808,0.3656690031424164,0.1066151186823844,0.2142717987298965,-0.019385702908039
1774473053474883600,114.74488354492188,-0.4750333409637212,-0.0839129395700991,-0.0066588733673095,-0.0089390035718679,0.1535848975181579,0.0377520285546779,0.1270113459318876,0.0288432326465845,-0.2398193944662809,-0.1180140748620033,-0.2428434491157531,0.0870101898908615,-0.049015959842503,0.1151549039214849,0.3211602915912866,0.1018380299210548,0.1978680044412613,0.0026162983849644
1774473053484911600,114.75491162109375,-0.5236375051349401,-0.2003004540264606,-0.1672954255253076,-0.0164770856499671,0.1072839125990867,0.0364786125719547,0.1546411111354828,0.0559942744225263,-0.3071411185890436,-0.1110834628343582,-0.23140649497509,0.0800436288118362,-0.0643383243978023,0.0757803403884172,0.2187932653114199,0.0896844267845153,0.1870228201150894,0.0195010062307119
1774473053494939600,114.76493969726565,-0.5725815687850118,-0.3332882440194487,-0.234979553219676,-0.0198521092534065,0.0628083199262619,0.0375966057181358,0.1666514285333454,0.0884147810339927,-0.3517249412029981,-0.1010659337043762,-0.2144767493009567,0.068171314895153,-0.0965218073830008,0.0037134675651788,0.1395817814305424,0.0789160281419754,0.191367968916893,0.0331962667405605
1774473053504967700,114.7749677734375,-0.5511792997941375,-0.4518851050883531,-0.1690507447600364,-0.0154291419312357,0.0291310790926218,0.029805764555931,0.1974498869009316,0.1400000068426132,-0.3665712126791477,-0.0906532406806945,-0.1931829154491424,0.0574222654104232,-0.0633271015286445,-0.0087345105975866,0.0408908133149147,0.0674101039767265,0.1960596591234207,0.0391660071909427
1774473053514995500,114.78499536132811,-0.4940507606446743,-0.5205097285032272,-0.0139917004734277,0.0008989655179902,0.0145832952111959,0.0309325493872165,0.1964655520386993,0.1473293268173933,-0.3530412844985723,-0.0795506760478019,-0.1734864562749862,0.0444850996136665,-0.0048839726492762,-0.0237006090611219,-0.0177282566532492,0.062306422740221,0.1902010440826416,0.0379577800631523
1774473053525022700,114.79502270507813,-0.4289411596134305,-0.556212763916701,0.1230646541327238,0.0173742976039648,-0.002798406407237,0.0316391922533512,0.2330985617786646,0.1132423482984304,-0.2310392911612987,-0.0693675428628921,-0.1500535607337951,0.0377417057752609,0.0333000659249723,-0.0860597423404455,0.0048512394234538,0.0681382194161415,0.1822038292884826,0.034047458320856
1774473053535050800,114.80505078125,-0.3470131102502345,-0.5418909547060727,0.262478970041871,0.0391283296048641,-0.0037321103736758,0.0348669439554214,0.3165137809596955,0.1381283677518367,-0.2420475919097661,-0.0634005740284919,-0.1385493278503418,0.0312616452574729,0.095310970288515,-0.1729080047100782,-0.0248214297845959,0.0767034739255905,0.1861111372709274,0.0334688946604728
1774473053545078800,114.81507885742188,-0.2453045478790998,-0.4469410728149116,0.3489414479643106,0.0560863986611366,0.0141462860628962,0.0408918671309948,0.3080418668210506,0.1055605616241693,-0.2375274841368198,-0.0596122294664382,-0.1281049400568008,0.0344971157610416,0.1096273726716637,-0.2727957813948393,-0.0371779302716255,0.0873736962676048,0.2021977007389068,0.0390724502503871
1774473053555106600,114.8251064453125,-0.152813018925488,-0.2971418487526476,0.3296013722002506,0.07753736525774,0.0382369756698608,0.0453760996460914,0.26931159254089,0.037329905962944,-0.1832762539893388,-0.0550546087324619,-0.1051351651549339,0.0453058890998363,0.1339021283589303,-0.3408890744119882,0.0101057989507913,0.1032219007611274,0.2066795825958252,0.0374013669788837
1774473053565134800,114.835134765625,-0.1112368536949157,-0.1700058535277843,0.2572895847052335,0.0913427919149398,0.0622005984187126,0.0555388964712619,0.2839544503994285,-0.0157166245698928,-0.1872264529198408,-0.0567864626646041,-0.0937581434845924,0.0546029843389987,0.1614940457701683,-0.3755810330867767,0.0556613892063498,0.1107453256845474,0.1931115686893463,0.0243420209735631
1774473053575162600,114.84516259765626,-0.0873068197920918,-0.1046089599877595,0.1712748505502939,0.0992878004908561,0.075532391667366,0.0591512061655521,0.2393894786164164,0.0056821372896432,-0.2108376301318407,-0.0599057897925376,-0.08615443110466,0.0704178288578987,0.1799956248834729,-0.4320259738862514,0.1336914082176983,0.109785608947277,0.1757061332464218,0.0105509050190448
1774473053585190700,114.85519067382812,-0.0617699352145195,-0.0832381090484559,0.0881172593921423,0.0884594023227691,0.0930166020989418,0.0563897192478179,0.2025099467694759,-0.0084317282587289,-0.164890702471137,-0.0578932389616966,-0.0781207382678985,0.0831767693161964,0.1484695828936994,-0.4199871610462665,0.1028323057040572,0.0933147594332695,0.1536455750465393,-0.0037063276395201
1774473053595217700,114.8652177734375,-0.0771802703142166,-0.1110403082095086,-0.0267313550591468,0.0919939428567886,0.0907806083559989,0.0518266558647155,0.2032999281033873,-0.052063364714384,-0.0782411775439977,-0.0466337688267231,-0.0656700953841209,0.0913703814148902,0.1328130179479718,-0.4317424807697534,0.0101529990933835,0.0847645998001098,0.1196259334683418,-0.0125410836189985
1774473053605245700,114.87524560546876,-0.2030056213319301,-0.1355750300072133,-0.1093102695465087,0.101977489888668,0.0646363794803619,0.0484115034341812,0.1889946316361427,-0.0612608166486024,-0.1359533618003129,-0.0354705974459648,-0.0610692203044891,0.0988171100616455,0.1288672029316425,-0.4255506403923034,-0.0588638385094702,0.0786571726202964,0.1043684184551239,-0.0145520363003015
1774473053615273700,114.88527368164064,-0.2975081978470087,-0.1212212182231247,-0.1925315735906362,0.1058934032917022,0.0468525886535644,0.0408364087343215,0.1119115380860865,-0.0958615899085998,-0.1260030456721782,-0.0289729461073875,-0.0535958930850029,0.1042402386665344,0.0378933850646018,-0.3704109369724989,-0.2124798443809151,0.0708616524934768,0.0932825654745101,-0.01216537412256
1774473053625301500,114.89530151367188,-0.385858389212191,-0.1484251592300832,-0.2927379147052765,0.1124248206615448,0.0118212960660457,0.0314451232552528,0.0884646115250885,-0.1657856054842472,-0.0948836847871542,-0.0194228515028953,-0.0507345907390117,0.1055017784237861,-0.0437292516112327,-0.3739104695260524,-0.3056948653034865,0.0511430725455284,0.0958314761519432,-0.0174781121313571
1774473053635329800,114.90532983398438,-0.4524442002758383,-0.1489022752225399,-0.3552303189754486,0.1112921759486198,-0.0475930273532867,0.0237323436886072,0.1078840361356735,-0.1709843431711196,-0.1187041208356618,-0.0092906598001718,-0.0492652021348476,0.1037517562508583,0.0331548122353851,-0.3723702543467283,-0.2926410302020609,0.0305867530405521,0.1243221387267112,-0.0201830230653285
1774473053645357600,114.91535766601562,-0.449436542892456,-0.1096757418580353,-0.3440004844307899,0.1126202568411827,-0.1048115268349647,0.0142970085144042,0.071073477871716,-0.199930451670289,-0.1145306345432996,0.004709311760962,-0.043996937572956,0.0983663126826286,0.0981023545727133,-0.332812150940299,-0.2058760622017085,0.0182967968285083,0.1437693536281585,-0.0131389629095792
1774473053655384800,114.925384765625,-0.4369663528978824,-0.0405861312799155,-0.2891471967369318,0.1149137690663337,-0.142173022031784,-0.0017597214318811,0.0850689777374267,-0.1896428664118051,-0.1161789862722158,0.0114078074693679,-0.0302626714110374,0.0860686972737312,0.1073325397327542,-0.2553027948021888,-0.1475900235801935,0.0108269890770316,0.145868182182312,-0.0224041007459163
1774473053665412600,114.93541259765624,-0.3757786014854908,0.0226528535738587,-0.1998626471310854,0.1176026090979576,-0.1445166766643524,-0.0215928293764591,0.0823924520045518,-0.1645849975228309,-0.1718716473996639,0.0111079355701804,-0.017114644870162,0.0751238986849784,0.1512377324327826,-0.2477221304148435,-0.0690339348681271,-0.0033455551601946,0.1318346560001373,-0.0392600446939468
1774473053675441000,114.94544091796875,-0.2871887561455369,0.0969100760482251,-0.0640320349276065,0.1230929791927337,-0.1255435198545456,-0.0352034457027912,0.055220951962471,-0.1685112310558557,-0.1798936258137226,0.0066862143576145,0.0043584592640399,0.0635781660676002,0.2032338771298527,-0.2161731459408998,-0.0210363582879304,-0.0143243512138724,0.1133542731404304,-0.0483548007905483
1774473053685468700,114.95546875,-0.1843684331402182,0.1748464254267513,0.0940758755356073,0.1276255846023559,-0.0952015668153762,-0.0511421263217926,0.0867757816553115,-0.2445978609144687,-0.1373907011270523,-0.0040599065832793,0.0254522934556007,0.0484740510582923,0.2555972477041184,-0.1253477966338396,0.0148420336924493,-0.0258214827626943,0.0974565371870994,-0.0567301772534847
1774473053695496400,114.96549633789064,-0.0930477015316486,0.209012022139877,0.2468681439340114,0.1348020136356353,-0.0720525681972503,-0.06928251683712,0.111566524040699,-0.2221189026027917,-0.1551513987451791,-0.0165410432964563,0.0383271053433418,0.0276181660592556,0.2278176987662911,-0.0847030670344829,0.0451674677208066,-0.0293401405215263,0.0878103077411651,-0.0646365731954574
1774473053705524700,114.97552465820311,-0.0076066756114363,0.2178450246758758,0.3504834167093038,0.1303064376115799,-0.0442797690629959,-0.0961648821830749,0.1159324641652405,-0.1527262174248695,-0.2066039380848407,-0.0315586067736148,0.0580446198582649,0.0052944840863347,0.2204442473888397,-0.0453501308113336,0.0615548311591148,-0.0351109430193901,0.0859077423810958,-0.0667721629142761
1774473053715552500,114.98555249023435,0.0268844997942447,0.2026332808881998,0.3693500297427177,0.1213763281702995,-0.0188425853848457,-0.1224303096532821,0.0570341388642787,-0.1143383268415927,-0.1643389138072729,-0.0481678284704685,0.0873625501990318,-0.0100155603140592,0.2587989663548767,-0.0107259766757488,0.0664300359800457,-0.030244193971157,0.0704413503408432,-0.0650241822004318
1774473053725579800,114.99557983398438,-0.0080818919077515,0.1958466894879937,0.2714455358296632,0.1087144836783409,0.0042615956626832,-0.1448427438735962,0.0402818876363337,-0.1124409687876701,-0.0734907681465148,-0.0586202032864093,0.1066251918673515,-0.0230410806834697,0.2675892987929284,0.0239724117398262,0.1300581662818789,-0.0325156040489673,0.0602739341557025,-0.0694538205862045
1774473053735607600,115.00560766601562,-0.0832391319617629,0.2063812352448701,0.1578273399561643,0.09161938726902,0.0230006612837314,-0.1736301779747009,0.0739246295191347,-0.0730418553352355,-0.0719949766308069,-0.0646080151200294,0.1110546737909317,-0.0331837981939315,0.266422593101114,0.048872459718585,0.099774087177217,-0.0357169918715953,0.0436620935797691,-0.0587282255291938
1774473053745635800,115.0156357421875,-0.1326250941604375,0.245285550917685,0.08194821536839,0.0729613155126571,0.0423821695148944,-0.1975489854812622,0.0771815854884684,-0.0004950900405645,0.0108984106332063,-0.0558214522898197,0.101668894290924,-0.0383340865373611,0.1830994361177086,0.1012608186036348,0.0671694561704993,-0.0404544882476329,0.0392907783389091,-0.0481847673654556
1774473053755663600,115.02566357421875,-0.1660743592977523,0.27264979705289,0.0175093532055616,0.0448220968246459,0.0545557476580143,-0.2184092551469802,0.0700135935552418,0.0419002826184034,0.0757271488964557,-0.0443593561649322,0.0962007045745849,-0.0421794168651104,0.1965200587049126,0.0792506468474864,0.0434413745805621,-0.0449910946190357,0.0203436594456434,-0.0272675491869449
1774473053765691600,115.03569165039065,-0.1873115008547902,0.2964871842361986,-0.0446031118363142,0.0162033066153526,0.0524848252534866,-0.2334151118993759,0.0614098697304725,0.0626198300421237,0.0574795445442199,-0.029301842674613,0.0928879976272583,-0.0451019667088985,0.1615925377085804,0.1023486138403415,0.1345689217045903,-0.0464539714157581,0.0141507443040609,-0.0124409310519695
1774473053775719700,115.0457197265625,-0.1975987938523292,0.3152130736246705,-0.0944137291878461,-0.012276004999876,0.0364469997584819,-0.244243785738945,0.0204418995261192,0.0424357046693563,0.0306026435345411,-0.0172106362879276,0.0994503200054168,-0.0436504036188125,0.1718831917069852,0.1228442893803119,0.1187356850177049,-0.0513745136559009,0.0187343247234821,0.0118801984935998
1774473053785746700,115.05574658203123,-0.1862675447598099,0.3324555925875902,-0.1110433769494295,-0.0462310910224914,0.0126658268272876,-0.2499791979789734,-0.0294258548401296,0.0116050975978374,-0.0543207882523536,-0.0157967638224363,0.1090523526072502,-0.0376668125391006,0.0985693875625729,0.1385123986333608,0.0371866980999708,-0.0507220402359962,-0.0026849466376006,0.035322405397892
1774473053795774700,115.06577465820313,-0.1442649708107113,0.3189646812431514,-0.1149918223142623,-0.0771021842956543,-0.0091646369546651,-0.2509259581565857,-0.0593995528213679,-0.0434819988518953,-0.0908528218358755,-0.018747242167592,0.1102539077401161,-0.0276532769203186,0.125248135651648,0.1065033954322338,0.0742953625276684,-0.0491286665201187,-0.0149052888154983,0.0391266718506813
1774473053805802500,115.07580249023438,-0.0901172010377049,0.2818959104344248,-0.0922638576775789,-0.1024636030197143,-0.0321709178388118,-0.2473896294832229,-0.0351356107890605,-0.0160755210101604,-0.1449754571676254,-0.0220602136105299,0.1118824332952499,-0.0217421259731054,0.1572530471995472,0.0746527976632118,0.121697165171802,-0.0481949634850025,-0.020421227440238,0.048916183412075
1774473053815830800,115.08583081054688,-0.0175894327044487,0.2166810954630375,-0.0627267975479364,-0.1231955140829086,-0.0534138903021812,-0.2401511669158935,0.0080588032931089,0.0334556948781013,-0.1152396595954895,-0.0178356543183326,0.1052328795194625,-0.0136814033612608,0.1256783437624573,0.0440203435122966,0.1080102928638458,-0.0407913774251937,-0.0380559861660003,0.0588554292917251
1774473053825858600,115.09585864257812,0.0685842914044857,0.1359292502723634,-0.0751665924042463,-0.1350931078195572,-0.0652385726571083,-0.2200489342212677,0.0413077235527336,0.0201128137022256,0.0329921690195798,-0.0015040861908346,0.1018714383244514,-0.0057904571294784,0.1373158823251724,-0.0216050980865955,0.0693070527210831,-0.0413450486958026,-0.0606995150446891,0.0618344396352767
1774473053835886600,115.10588647460938,0.1204413198918104,0.0039813247211277,-0.0580225653797388,-0.1400303393602371,-0.0668769478797912,-0.2039186954498291,0.0763064100891351,-0.016581716966629,0.1706435669094324,0.0229286048561334,0.0963615551590919,-0.0015379799297079,0.1095424708671867,-0.0924509046822786,0.0490542460262775,-0.0409025177359581,-0.0710005536675453,0.0599660128355026
1774473053845914600,115.11591455078126,0.1728136044248938,-0.1146025307357311,-0.0309743994563817,-0.1368229687213897,-0.0625027120113372,-0.1854561865329742,0.1208873100936412,-0.010751695638895,0.2136374899834394,0.0390362031757831,0.0939276963472366,0.0089756473898887,-0.0260547709718346,-0.0720715489983558,-0.003586334054172,-0.0559263005852699,-0.0646244958043098,0.0497127212584018
1774473053855942000,115.12594189453124,0.214671509206295,-0.2099913885660469,-0.0478489618897438,-0.1211912855505943,-0.0573931708931922,-0.1632688492536544,0.0979438030101358,0.0101104751259088,0.128226566940546,0.0493826568126678,0.0891353785991668,0.023704195395112,-0.0729249509572982,-0.1397381410360336,0.0057128246888518,-0.0581964664161205,-0.0547780841588974,0.034510925412178
1774473053865969700,115.1359697265625,0.1898293288946151,-0.2906584780827164,-0.0509469279050827,-0.0998473837971687,-0.0613112077116966,-0.1313492655754089,0.0543301406025886,-0.017629764714837,0.0989998879343271,0.0556285679340362,0.0927056148648262,0.0421620309352874,-0.0958963689610362,-0.1435761117637157,0.0550572858333587,-0.0650442540645599,-0.0409972928464412,0.0162834525108337
1774473053875997700,115.14599780273436,0.1565107043996453,-0.3482850298821925,-0.0401461324274539,-0.0769892036914825,-0.0679368898272514,-0.102836936712265,0.0137311498410999,0.0059954410225152,0.0587730914860963,0.0618108622729778,0.0947041660547256,0.061880599707365,-0.0854872031494975,-0.1102472581356763,0.0092427523806691,-0.0840950831770896,-0.0486663319170475,-0.0027511776424944
1774473053886025700,115.15602563476564,0.1418845054149627,-0.3886864522449672,-0.0293891760915517,-0.0532208457589149,-0.0749503076076507,-0.0651672333478927,-0.0367079746723175,-0.0040764556586742,0.0940542482256889,0.0729860216379165,0.0927832275629043,0.0823999866843223,-0.0668351096495986,-0.1271907941520214,-0.0848126648887991,-0.1033260375261306,-0.064049020409584,-0.0222489796578884
1774473053896053500,115.16605346679688,0.1215954583629965,-0.4037394983395934,0.010136194089055,-0.0343550145626068,-0.0860924422740936,-0.0272893644869327,-0.0558189178556203,0.0466787490665912,0.1244283437013626,0.0842110216617584,0.0865763202309608,0.1017048507928848,-0.1061316395103931,-0.1581710388273,-0.1024593807384371,-0.1216191127896308,-0.0668542981147766,-0.0413902439177036
1774473053906081800,115.17608178710938,0.1164145485937595,-0.3801058170348406,0.0216717335820198,-0.0131035363301634,-0.0871870890259742,0.0093907350674271,-0.0562163927406072,0.0951847135603427,0.124569213476777,0.0976277589797973,0.0708972215652465,0.1190252527594566,-0.1447121300563216,-0.1581166782915592,-0.1371373108878731,-0.1344949603080749,-0.0550173446536064,-0.056371059268713
1774473053916108500,115.18610864257812,0.1246452013224363,-0.3599025485701859,0.0452735584437847,0.0040410961955785,-0.0920042097568512,0.0386138670146465,-0.0381973364472389,0.0508949054569005,0.1566980436652898,0.1112122386693954,0.0569814704358577,0.1295830756425857,-0.1671837818443775,-0.1460223358720541,-0.1732455661013722,-0.1404619514942169,-0.0412891395390033,-0.0703839063644409
1774473053926136800,115.19613671875,0.1565738327637314,-0.2989727174416184,0.1063017353802919,0.019080352038145,-0.0893477126955986,0.0603424869477748,0.0121827513553202,0.0246674082666635,0.1269634151369333,0.1148194894194603,0.0446347929537296,0.1341639906167984,-0.1979541831612586,-0.0975280618160963,-0.1868240095987915,-0.1409503668546676,-0.0298529937863349,-0.0876859351992607
1774473053936164600,115.20616455078124,0.203828335891664,-0.1875254358664154,0.1424614285200834,0.02795853279531,-0.0889160111546516,0.0769856423139572,0.0157733231931924,0.0482458522528409,0.0767886406481266,0.1126986220479011,0.0331391245126724,0.1370035111904144,-0.1886502021126449,-0.0602168605536222,-0.1813657441928982,-0.1338788121938705,-0.0233329515904188,-0.1030202135443687
1774473053946192600,115.21619262695312,0.2308975446030497,-0.1136471297070384,0.1768558655530214,0.0388611257076263,-0.0799965113401413,0.0999682545661926,-0.0241074362963438,0.0159323131471872,0.0728173989295959,0.1070782840251922,0.0273259803652763,0.1412722915410995,-0.2214145537257194,-0.0197767136156559,-0.081409286186099,-0.1220591589808464,-0.0177248679101467,-0.1184186115860939
1774473053956220700,115.226220703125,0.2554109313517809,-0.0494078817695379,0.1807739157795906,0.0437618717551231,-0.0734904110431671,0.1221459880471229,0.0008816051401197,0.0183884741276502,0.0492389549434185,0.0956430286169052,0.0182557478547096,0.1433371156454086,-0.2394404781512916,0.0286830736488103,-0.0309898892864584,-0.1150146499276161,-0.0125406626611948,-0.136854663491249
1774473053966248700,115.23624877929689,0.2295589894756674,0.0037733810588717,0.1561690513551235,0.0428231917321682,-0.0682442188262939,0.140124887228012,0.0124205056339502,0.0584527734905481,-0.0342903921365737,0.0800448879599571,0.0078422557562589,0.1486791372299194,-0.2333817626342177,0.0457300700396299,-0.0189288646146655,-0.1108971387147903,-0.0080793350934982,-0.1517742276191711
1774473053976276700,115.24627685546876,0.2043438841983675,0.0659108344115316,0.1333586691319942,0.0353626124560833,-0.0687563493847847,0.1520510464906692,0.031981969063729,0.0477899251788854,0.0146498721212148,0.0617222189903259,-0.0079980362206697,0.1469723284244537,-0.246411924599111,0.06079904435575,-0.038965398210287,-0.1076896265149116,0.0074965371750295,-0.1596068441867828
1774473053986303500,115.25630346679688,0.1845344373568892,0.1287488372489809,0.1420072550117969,0.0256241485476493,-0.0634036883711814,0.1563963890075683,0.0967122153885662,0.0821165576726198,0.0686930124759674,0.0505270883440971,-0.0237921793013811,0.1363737285137176,-0.2853530651509761,0.0938736309617757,-0.0416106520220637,-0.1042070090770721,0.0273389499634504,-0.1686227023601532
1774473053996331800,115.26633178710938,0.2232341703683137,0.1900533469088375,0.1380371823370456,0.0089828530326485,-0.0542219020426273,0.159131184220314,0.1173107667811214,0.133138888901472,0.0562871198892593,0.0392079725861549,-0.0355170220136642,0.1258451342582702,-0.3166010208517313,0.116352004751563,-0.0716927788138389,-0.0937006622552871,0.0326036140322685,-0.1671600043773651
1774473054006359600,115.27635961914062,0.2825295321628451,0.2173576795503497,0.112135263839364,-0.0063525829464197,-0.0439045242965221,0.1633068621158599,0.1105291438169777,0.1260796180397272,0.0005348375290632,0.02336828969419,-0.0427392497658729,0.1138505190610885,-0.2761266793832183,0.113593645954132,-0.0695581048727035,-0.08798498660326,0.0318331606686115,-0.1523400545120239
1774473054016387600,115.2863876953125,0.2964230329588055,0.238933259281516,0.0843646288603544,-0.0190531983971595,-0.0401276275515556,0.1686166822910308,0.0729566612698137,0.1365086575955152,-0.0312146379530429,0.0068077240139245,-0.0484950244426727,0.1064082533121109,-0.3108348585404455,0.1556862362742423,-0.0489610147848725,-0.078451931476593,0.0605083629488945,-0.1591162830591201
1774473054026415600,115.29641552734375,0.2882897031247615,0.27264979705289,0.0771960524052381,-0.0261653363704681,-0.033472966402769,0.1628287881612777,0.0420056426890194,0.1607213078320026,-0.0380389310151338,-0.0055802352726459,-0.0525142699480056,0.1015905886888504,-0.2345698033750057,0.1436865864008665,-0.0221548409238457,-0.0734971240162849,0.0647318735718727,-0.1368711590766906
1774473054036443600,115.30644360351565,0.2396285480692982,0.2796991310425102,0.0772024821460247,-0.0260513536632061,-0.0243266057223081,0.1534470021724701,0.0085131229318678,0.1541694019705057,-0.0340957463473081,-0.0157460942864418,-0.062569610774517,0.097978375852108,-0.2259302775844931,0.1862315966635942,-0.0232104874566197,-0.0615706071257591,0.0626146867871284,-0.1172815933823585
1774473054046470700,115.316470703125,0.1867506521016359,0.2187812826126813,0.0906786343127489,-0.0250789076089859,-0.0215914733707904,0.1330291330814361,0.0374403806000947,0.1647393113017082,-0.0135042092174291,-0.0276967622339725,-0.0755298808217048,0.1000234186649322,-0.1907002665102481,0.1574468162059784,0.0199415487885475,-0.0480068586766719,0.0747065022587776,-0.1102039739489555
1774473054056498700,115.32649877929688,0.1673670294567942,0.155230016939342,0.091513916093111,-0.0220298543572425,-0.0217906776815652,0.114602193236351,0.1093016478486359,0.168715813717246,0.0040770401805639,-0.0383179746568203,-0.0922864750027656,0.1021012589335441,-0.2375125788286328,0.1158136600911617,-0.0120265378803014,-0.0407002121210098,0.1046695858240127,-0.0858106613159179
1774473054066526700,115.33652661132813,0.1815016455322504,0.1042353043697774,0.1027490113347768,-0.0246128272265195,-0.0157460980117321,0.0925815403461456,0.1575952847659587,0.1781026507437229,0.0035614918738603,-0.0478499606251716,-0.1101959720253944,0.1051164865493774,-0.2838965827323496,0.10391805511415,-0.0277080911368131,-0.0277636367827653,0.1283690631389618,-0.0683701559901237
1774473054076554800,115.3465546875,0.1869175331011414,0.0772904526904225,0.1103571482509374,-0.0224378239363431,-0.0069504748098552,0.0739916115999221,0.2025644534356892,0.1484697290241718,-0.0038712884753942,-0.059378907084465,-0.1185477152466774,0.1016437262296676,-0.2970389729000627,0.0693552757769823,-0.0107952425196766,-0.0145356282591819,0.1335812211036682,-0.0600286610424518
1774473054086582800,115.35658276367188,0.2189265363022685,0.0774076493293046,0.1347235277444124,-0.0204228889197111,0.0143481250852346,0.0577202923595905,0.2634394856370985,0.0720633656919002,-0.0313508315533399,-0.0668112561106681,-0.121222861111164,0.0934616923332214,-0.2816694082021713,0.0264285727202892,-0.0022261516168713,-0.0112021500244736,0.1246729493141174,-0.0525909811258316
1774473054096610800,115.36661083984374,0.2801429292872548,0.1187586275018751,0.1447410638898611,-0.0195863898843526,0.0359988249838352,0.0479270480573177,0.3060170829951762,0.0032943653702735,-0.0573772532135248,-0.0772198364138603,-0.1155594885349273,0.0867713689804077,-0.2580301739394665,-0.0208615862429141,0.0411003644123673,-0.0086213629692792,0.1126277819275856,-0.0518818944692611
1774473054106637800,115.37663793945312,0.2763870838850736,0.1936414345286786,0.1181435643434524,-0.019352950155735,0.0569792129099369,0.0436330810189247,0.2834282345682382,0.0059416650086641,-0.0810229172170162,-0.0955794006586074,-0.1094725653529167,0.0847396478056907,-0.1848082858622074,-0.0428629901707172,0.0019233692780137,-0.0206977315247058,0.126464232802391,-0.0493891760706901
1774473054116665600,115.38666552734377,0.2142299029186367,0.2417182138249277,0.0467342786461114,-0.0221426114439964,0.0626357644796371,0.0379448384046554,0.2514807522960007,0.0131470663428306,-0.0293915141791105,-0.1057928130030632,-0.1036757826805114,0.089549109339714,-0.2145255248643457,-0.0501473019599914,-0.0797115423575043,-0.0288678705692291,0.1370736062526703,-0.0370198711752891
1774473054126693600,115.39669360351564,0.1089303303182125,0.2790947354085743,-0.0202729726999998,-0.0254816953092813,0.0553784109652042,0.0307790450751781,0.2409768939383327,-0.0301192439317703,0.0136298814237117,-0.1127734929323196,-0.0987324267625808,0.0996797829866409,-0.2039136760875582,-0.0618909312456846,-0.1333449328675866,-0.0259690210223197,0.1196549385786056,-0.0278902910649776
1774473054136721700,115.4067216796875,0.0082873513519763,0.3151853088349103,-0.0640519086718559,-0.0295038688927888,0.0461622737348079,0.0199961736798286,0.1976005474179983,-0.038445173728466,0.0165694420069456,-0.1171586886048317,-0.0944485813379287,0.112333059310913,-0.1853913464471697,-0.0723123720169067,-0.1251359074488282,-0.0244992244988679,0.1048936769366264,-0.0391644984483718
1774473054146749700,115.41674975585936,-0.0652361500203609,0.3182847361549735,-0.0750935271680355,-0.034785371273756,0.0423305295407772,0.0080219730734825,0.1960673465013503,0.0195598559945821,-0.015574585750699,-0.1159032732248306,-0.0897512957453727,0.1234608069062233,-0.1316379828192293,-0.1016816743642091,-0.1844578649893403,-0.0403301194310188,0.1143553555011749,-0.0339241959154605
1774473054156777700,115.42677783203123,-0.1229880817651748,0.3216984901212155,-0.0261959330081939,-0.0395905151963233,0.0391872003674507,-0.004621117375791,0.1882799074955284,-0.0016015899777412,-0.0522621021568775,-0.1109731569886207,-0.0776320025324821,0.1325514465570449,-0.1874855422474443,-0.1038467434436082,-0.253325649510324,-0.0506406351923942,0.1177878454327583,-0.0242380630224943
1774473054166805800,115.4368056640625,-0.1368891813457012,0.3212593680515885,0.0310451266050338,-0.0519541576504707,0.0289947167038917,-0.0184890292584896,0.1872778908461332,-0.0105628950685262,-0.0330289938986301,-0.1058857217431068,-0.0541674196720123,0.1352055519819259,-0.0449734064534306,-0.0921475378215312,-0.2674140883564949,-0.0554188787937164,0.1276841461658477,-0.0195458400994539
1774473054176832800,115.44683276367188,-0.0697360917881131,0.3119927964039147,0.0648947892367839,-0.0569385290145874,0.0167665481567382,-0.0287411324679851,0.2365712063252925,0.0780740042835474,-0.1448825181871652,-0.1022336110472679,-0.0301020462065935,0.1245624274015426,-0.0448014108873903,-0.0623655630201101,-0.3203118580684065,-0.0646141543984413,0.149524301290512,-0.0132930651307106
1774473054186860500,115.45686059570312,0.025259528940916,0.3069933806814253,0.0727677145689725,-0.0608478486537933,0.008671086281538,-0.0348352007567882,0.2310615029931068,0.1143973635524511,-0.227506440860033,-0.0961799845099449,0.0090658627450466,0.1089520454406738,-0.043901247177273,-0.091965166991949,-0.3130024118378758,-0.0590409561991691,0.1408027112483978,0.0031636720523238
1774473054196888600,115.466888671875,0.0662216539263725,0.2890845067642629,0.0799257696300745,-0.0641637444496154,0.0057639791630208,-0.0408709868788719,0.2264877653367817,0.1347474931418895,-0.2482891166478395,-0.0921654179692268,0.0501922443509101,0.0947043374180793,0.0831143365383148,-0.1470312206536531,-0.2201145770430564,-0.0566974617540836,0.1452922075986862,0.0042240959592163
1774473054206916600,115.47691650390624,0.0782101978838443,0.269252701960504,0.0991623850196599,-0.0650813803076744,0.0064657134935259,-0.0492288656532764,0.2401794599503278,0.1324479840278625,-0.2378296819537877,-0.089067094027996,0.0859619602560997,0.0868549346923828,0.1159339254699647,-0.1957698248594999,-0.1974734139069914,-0.07208813726902,0.1563722938299179,0.0142205376178026
1774473054216944600,115.48694458007812,0.0704611911922693,0.2489719843454658,0.0894639978259801,-0.0616421736776828,0.0110058709979057,-0.0638821125030517,0.2166740812003612,0.0589981324136257,-0.1687953086942434,-0.0909226685762405,0.1034380570054054,0.0852430537343025,0.147640438593179,-0.2375461888372897,-0.1337161042675375,-0.0780334696173667,0.1492718607187271,0.0290119349956512
1774473054226973000,115.49697290039065,0.0703144761979579,0.2401911503881215,0.0808288559496402,-0.0589576996862888,0.0137987527996301,-0.0807450339198112,0.2667956641972064,-0.0140717799723148,-0.1474000539660453,-0.0949834585189819,0.1053230389952659,0.0837609991431236,0.1929799018800258,-0.2801215942382812,0.0503261656582355,-0.0648577436804771,0.1115242168307304,0.0318740345537662
1774473054236999700,115.50699975585935,0.0673307842120528,0.2427443420022726,0.0913496654421091,-0.0543714687228202,0.0180877745151519,-0.091789424419403,0.2979839986652136,-0.0146808517813682,-0.1803133125305175,-0.1013779714703559,0.1029693409800529,0.0829759016633033,0.1986538558632135,-0.3087257574319839,0.0943660906538367,-0.0506886579096317,0.0567371845245361,0.0337233021855354
1774473054247028000,115.51702807617188,0.0619569822192192,0.2331967614561319,0.0896603971809148,-0.0497393794357776,0.0213671494275331,-0.1043374389410018,0.272917361947894,-0.0395768081068992,-0.1520744755178689,-0.094112604856491,0.1135839000344276,0.0796104669570922,0.1094013088308274,-0.3119610860913991,0.1259247197389602,-0.0434672310948371,0.0031975293532013,0.0344918929040432
