time,seconds_elapsed,imu1_accel_x,imu1_accel_y,imu1_accel_z,imu1_gyro_x,imu1_gyro_y,imu1_gyro_z,imu2_accel_x,imu2_accel_y,imu2_accel_z,imu2_gyro_x,imu2_gyro_y,imu2_gyro_z,imu3_accel_x,imu3_accel_y,imu3_accel_z,imu3_gyro_x,imu3_gyro_y,imu3_gyro_z
1774472618971998500,120.49099853515624,-0.0735813690394163,0.0720309247270226,-0.0292009600430727,-0.0584413446485996,-0.0493903681635856,-0.1343982815742492,-0.2540904964029788,-0.0020715455770492,-0.2627414203703403,-0.0740624964237213,0.0709168836474418,0.0824089422821998,0.3643962067276239,0.0507604654222726,0.2109723624274134,0.108694314956665,-0.3358814418315887,-0.0432966947555542
1774472618982026500,120.50102661132811,-0.0697813922345638,0.0524384816370904,-0.0478320107549428,-0.0518766529858112,-0.0421068891882896,-0.1228428333997726,-0.2094049669802188,-0.0805652365773916,-0.2845908486068249,-0.0851876139640808,0.0965338125824928,0.1264179050922393,0.3396218309551477,0.0288046542018651,0.1971230295667424,0.1076104044914245,-0.3343698382377624,-0.0450067110359668
1774472618992054500,120.51105444335936,-0.0701288904979825,0.0600517331197857,-0.0433013815879821,-0.0459760203957557,-0.0310056116431951,-0.114572674036026,-0.1392015499413013,-0.0917827961623668,-0.2450982116520404,-0.0851314216852188,0.1250362992286682,0.1569888740777969,0.3357783072695136,0.0232242237210273,0.1171979540564119,0.1039688736200332,-0.323694497346878,-0.0510350316762924
1774472619002081500,120.52108154296874,-0.0499181693792343,0.0566026155792176,-0.0376911404907703,-0.0408201403915882,-0.0196882411837577,-0.1078729555010795,-0.0722843149662017,-0.0623930355489254,-0.181246793988347,-0.0850356519222259,0.1463506668806076,0.1772154122591018,0.3130214087992906,0.0515437247544527,0.073139415691886,0.1091569811105728,-0.2952854931354522,-0.0548031367361545
1774472619012109600,120.53110961914062,-0.055250762578845,0.0676864657819271,-0.0181108262300491,-0.0366028621792793,-0.0154683794826269,-0.0951355919241905,-0.0509140485487878,-0.0382388375014066,-0.1302741471201181,-0.0857176855206489,0.1587647348642349,0.1907669156789779,0.2943897735655307,0.0362643225580453,0.0366327357453294,0.1175407841801643,-0.2616288661956787,-0.0557300858199596
1774472619022137600,120.5411376953125,-0.0740077777579426,0.0973166110225021,-0.0146487030774354,-0.0333564691245555,-0.0105431284755468,-0.0877636969089508,-0.0615878566458821,-0.0243394914865493,-0.0729594377487897,-0.0927372723817825,0.1656292527914047,0.2022722661495208,0.2441150458335876,-0.0083224226653575,-0.0099042850293219,0.133002832531929,-0.2259465157985687,-0.0560997352004051
1774472619032165600,120.55116552734376,-0.0807198426172137,0.1119157758697867,0.0046720834642648,-0.0292092710733413,-0.0063888202421367,-0.0726336315274238,-0.0530165737859904,-0.0517903929919004,-0.0090717797279357,-0.0979845002293586,0.1661128848791122,0.2048672586679458,0.1602344010978937,-0.0074590838342905,-0.0550633685142733,0.1534820348024368,-0.1819884330034256,-0.0533043034374713
1774472619042193700,120.56119360351562,-0.0771209413424134,0.1295747666791081,0.0065928223937749,-0.0293709244579076,0.0049511855468153,-0.0613018795847892,0.0168009126752614,-0.0953799438714981,0.0640524931937456,-0.1026557981967926,0.1551737040281295,0.1992703080177307,0.1026543187886476,0.0270218624383211,-0.0446261045528342,0.173940971493721,-0.1404843926429748,-0.0445395745337009
1774472619052220700,120.571220703125,-0.0745841163411736,0.138941510765627,0.0234492646485567,-0.0281758364289999,0.01149014942348,-0.0511634647846221,0.1010481987662613,-0.1371808577686548,0.1443003343850374,-0.103698156774044,0.1294915229082107,0.1807677298784256,0.0880696208581328,0.0561924273431301,-0.0293491226423764,0.1774613857269287,-0.1192636638879776,-0.0338472686707973
1774472619062248400,120.58124853515623,-0.0799982503443956,0.1363115275882184,0.030550621086359,-0.0250503495335578,0.016256408765912,-0.0446997061371803,0.1934163936011493,-0.1880313395619392,0.209643451911211,-0.0988521352410316,0.0993689522147178,0.152534082531929,0.1134288107812404,0.0044482115805149,-0.1681798071444034,0.1650707572698593,-0.1024005264043808,-0.0224894173443317
1774472619072276500,120.5912763671875,-0.0748281542301178,0.1128997454058378,0.0366349094361066,-0.0243236199021339,0.0202602185308933,-0.0338949859142303,0.2320557747274637,-0.2224871513932943,0.2344774489164352,-0.0856918618083,0.0699966847896575,0.1202453821897506,0.1242328211292624,-0.1163151798725128,-0.3347707741947844,0.1484754383563995,-0.0695910528302192,-0.0168881975114345
1774472619082304500,120.60130444335938,-0.0832604670107364,0.0960773515511304,0.047630350703001,-0.0253784973174333,0.0218250919133424,-0.0292104855179786,0.2102496011108159,-0.2018903535664081,0.2381084988951683,-0.0740462467074394,0.0480915606021881,0.0926902964711189,0.1170323882311582,-0.2346943065375089,-0.4409197301661595,0.1402438730001449,-0.021184105426073,-0.0194853115826845
1774472619092331500,120.61133154296876,-0.069318450897932,0.088146631617099,0.0469347696542739,-0.0207732375711202,0.0209164079278707,-0.0238320343196392,0.1645927424378693,-0.1842477293699979,0.2114315043717622,-0.063913457095623,0.0316462740302085,0.0674555152654647,0.0982034768596291,-0.3358125018000602,-0.5035074480369687,0.1350652873516082,0.0354460254311561,-0.0277353897690773
1774472619102359600,120.62135961914062,-0.0581157966211438,0.0734172645188868,0.0552232900500297,-0.0191377904266119,0.0227691698819398,-0.0185922645032405,0.1305108784854412,-0.1457020178765058,0.1707733307689428,-0.0570948757231235,0.0195805076509714,0.0500444248318672,0.0952799906283616,-0.3096417032331228,-0.5296149355767295,0.12753227353096,0.0846319422125816,-0.0351850502192974
1774472619112387600,120.6313876953125,-0.0561667083799839,0.0709079120464623,0.065472881385684,-0.0156746823340654,0.0221236739307642,-0.0173735916614532,0.1175403377532958,-0.1188017359912395,0.1024549968242645,-0.0550077557563781,0.0039152619428932,0.0358524397015571,0.0419324313223361,-0.2042600053071975,-0.5515169342506676,0.1168174892663955,0.1315914690494537,-0.036505103111267
1774472619122415600,120.64141552734375,-0.0475607925981283,0.0718215197600424,0.0846586433708667,-0.0122985932976007,0.016112919896841,-0.0167943555861711,0.0857049375534057,-0.0910877996355295,0.0438134227633476,-0.0526324659585952,-0.0005729449912905,0.0280313082039356,-0.0319739318877458,-0.1442623404622078,-0.4833600744780152,0.1080032214522361,0.1676890105009079,-0.0329093001782894
1774472619132442400,120.6514423828125,-0.0550070169508457,0.0656052025284618,0.0892664294272661,-0.0069204755127429,0.0117236040532588,-0.0131886797025799,0.0588362198501825,-0.0550502715706825,0.0258557412683963,-0.0519461706280708,0.0011000527301803,0.0254762712866067,-0.0781990919679403,-0.1221779344260692,-0.3799050337657332,0.0994237586855888,0.1850740611553192,-0.0273550599813461
1774472619142470700,120.661470703125,-0.0639683220416307,0.0592399783454835,0.1002642087817192,-0.0061247237026691,0.0074827866628766,-0.0113210044801235,0.066345572566986,-0.0585427898615598,0.036940029862523,-0.0474410317838192,0.0074654528871178,0.0266628228127956,-0.1130570548593997,-0.0640039778769016,-0.3127305726265534,0.0905397161841392,0.1832751035690307,-0.0208601430058479
1774472619152498400,120.67149853515625,-0.0708539899021387,0.0605569792281836,0.1160521450221538,-0.002638240577653,0.0013284226879477,-0.01457064691931,0.0707610509216785,-0.0780184747040271,0.0239233119010925,-0.0400118753314018,0.0110993366688489,0.0260183382779359,-0.1407043557196855,-0.0095686233341693,-0.2779514471249654,0.0814403519034385,0.1703356057405471,-0.0199515148997306
1774472619162526700,120.68152661132812,-0.058234746825695,0.0492521066859364,0.1224614275425672,-0.0010483334772288,0.000362760387361,-0.0140654444694519,0.110785018274188,-0.1015460652858018,0.0173819274336099,-0.0306948199868202,0.0141181936487555,0.0214594267308712,-0.1021206503033638,-0.0050052609413862,-0.2911898267467506,0.0675911083817482,0.1570062190294265,-0.0175605285912752
1774472619172553500,120.69155346679688,-0.0828513016879558,0.0453710274688899,0.1364262400090694,-0.0020334387663751,-0.0042583993636071,-0.0126613955944776,0.1191847439594566,-0.1042529861569404,0.0323491949409246,-0.0187665205448865,0.0129743656143546,0.0183504521846771,-0.0980436101227998,0.0002092588365077,-0.2988380582112819,0.053928542882204,0.1487191915512085,-0.0145209562033414
1774472619182581800,120.70158178710938,-0.0917699366807937,0.0387801047712564,0.154140760397911,-0.0021154640708118,-0.0090430341660976,-0.0120035950094461,0.0989287223942577,-0.090417353028059,0.0040945758372545,-0.0136389983817934,0.0092750657349824,0.0143450945615768,-0.0903942644134163,0.0290869782745838,-0.3136460800362751,0.043314516544342,0.1325788348913192,-0.0137209426611661
1774472619192609500,120.71160961914065,-0.1014583870023489,0.0364031465068459,0.1758452272057533,-0.0037680622190237,-0.0139037556946277,-0.0127234449610114,0.0851930425085127,-0.0722369686931371,-0.0256055658996105,-0.0134794749319553,0.0038083954714238,0.008905854076147,-0.0981447324097156,0.0371726695746183,-0.3129525448141619,0.0357010513544082,0.1136525422334671,-0.0076979724690318
1774472619202637300,120.72163720703124,-0.1124883150607347,0.0228291599888354,0.1871276687204837,-0.0061052525416016,-0.0196058489382267,-0.0163381546735763,0.0693004768498241,-0.0301063844501972,-0.0782557905912399,-0.0159835070371627,0.003613457083702,0.004632621537894,-0.0780351335778832,0.0093505966693162,-0.2824858026189729,0.0292018745094537,0.0920870602130889,-0.0041975136846303
1774472619212665600,120.73166552734376,-0.1290507428050041,0.0203835204023867,0.1961579473942518,-0.0135236717760562,-0.0352969169616699,-0.0181047022342681,0.0249748667806386,-0.019595511829853,-0.1009323173016309,-0.0187585204839706,0.0059615662321448,0.0040368726477026,-0.0619806553557515,0.0302624517947435,-0.2839715659310109,0.0198064260184764,0.0688326731324195,0.0010595365893095
1774472619222692600,120.74169262695312,-0.153827456665039,0.0116989133611321,0.1845849985003471,-0.0179133620113134,-0.0446028038859367,-0.0248424988240003,0.0326816417656838,-0.0078296707123517,-0.0854267051339149,-0.0189694296568632,0.0111159533262252,0.0072697927244007,-0.068238546706736,0.0515104070067405,-0.2546837313220836,0.0132049843668937,0.0475100725889205,0.0077597834169864
1774472619232720600,120.751720703125,-0.160084471233189,-0.0085655837714672,0.1667465594708919,-0.0227133277803659,-0.055823165923357,-0.0298089087009429,0.0659824383430182,-0.0154635265916585,-0.0725052642405033,-0.0169273186475038,0.0129165165126323,0.007006405852735,-0.0578936783030629,0.0523573792248964,-0.241034871203266,0.0075235581025481,0.036125723272562,0.0111215515062212
1774472619242748400,120.76174853515624,-0.1507575477004051,-0.0228108936797827,0.1501116510123014,-0.0236986968666315,-0.0586583688855171,-0.0361629426479339,0.0727858347475528,-0.0409451738506555,-0.0466553681910038,-0.0097625004127621,0.0157710500061512,0.0087322164326906,-0.0605500380307435,0.0373491951853036,-0.2396867810625582,0.0075232917442917,0.0342276878654956,0.014943454414606
1774472619252776700,120.77177661132812,-0.1228027883261442,-0.0482444640133529,0.1258849722504615,-0.0240642242133617,-0.0577909499406814,-0.0413858592510223,0.0632324089825153,-0.0374812971323728,-0.0080067808449268,-0.0032966118305921,0.0130216004326939,0.0086563164368271,-0.0715495709508657,0.052865328747034,-0.217464537458308,0.0096056582406163,0.0444603748619556,0.018779806792736
1774472619262803500,120.78180346679687,-0.0958919850468635,-0.0620539397876709,0.1185708498448133,-0.0259891562163829,-0.0625316500663757,-0.0478618666529655,0.0734096657343208,-0.0381014748573303,0.0263204361706972,-0.0027895509265363,0.010218440555036,0.0096433609724044,-0.0766021781653165,0.0223246445327997,-0.1990866943225264,0.0104911588132381,0.0605205632746219,0.0200195088982582
1774472619272831500,120.79183154296877,-0.0887812762588262,-0.0697349958095699,0.1236941842079162,-0.0221164673566818,-0.0676489323377609,-0.0512064062058925,0.0440834718763828,-0.050604982599616,0.022609306693077,-0.0038300480227917,0.0050652232021093,0.0091104619204998,-0.0896475376993417,-0.01236497605443,-0.215070774189569,0.0116459699347615,0.0688305422663688,0.0224689543247222
1774472619282859500,120.80185961914064,-0.0952957727193832,-0.0831522573959082,0.1306780517458915,-0.0210096575319767,-0.071831427514553,-0.0591719225049018,0.0628245588339865,-0.0487421113371849,0.0043920974791049,-0.0065612168982625,-0.0016954363090917,0.0052065216004848,-0.1133276884943246,-0.0442734414905309,-0.2332530947532504,0.0060954093933105,0.0788994207978248,0.0252128094434738
1774472619292887600,120.81188745117188,-0.0807785870671272,-0.0801629393868148,0.1340998428881168,-0.0188251268118619,-0.0798186585307121,-0.0627782046794891,0.1044809496939182,-0.066325114300847,0.0068278001934289,-0.0091151883825659,-0.0125147942453622,-0.0026806963142007,-0.1327840841144323,-0.0751373663097619,-0.2399682466187514,0.0024336804635822,0.0903169512748718,0.0303422827273607
1774472619302914600,120.82191455078124,-0.0873453982368111,-0.0623308570329099,0.1428787771493196,-0.0154306599870324,-0.0765898376703262,-0.0710198879241943,0.1078274836428463,-0.0492974071323871,0.008922142124176,-0.008839463815093,-0.0282589271664619,-0.0072307349182665,-0.1511132292702794,-0.0760112265348434,-0.2036336353034712,-0.0030044941231608,0.0965876281261444,0.0360110849142074
1774472619312942600,120.83194262695312,-0.056341772685945,-0.0312481018312275,0.1307102004498243,-0.0102715259417891,-0.0784848034381866,-0.0674753934144973,0.0561031416244804,-0.0470464133352041,0.0014472761988639,-0.0080146826803684,-0.0319133177399635,-0.0132457502186298,-0.115671329011023,-0.0584855067163705,-0.1667297544665634,-0.0065991804003715,0.0972036570310592,0.0388135090470314
1774472619322970600,120.841970703125,-0.0383028426483273,-0.000649842210859,0.1162578967273235,-0.0094523373991251,-0.0816608890891075,-0.0666444897651672,0.0500942565985024,-0.0635486353248357,-0.0056733694612979,-0.0067336671054363,-0.0292584542185068,-0.0139392428100109,-0.0815507404834032,-0.0320581030398607,-0.1326373599869664,-0.0090588768944144,0.0876058936119079,0.0392529293894767
1774472619332998400,120.85199829101562,-0.0397892818138003,0.0251419669758528,0.0644195729404687,-0.0065229092724621,-0.0799102112650871,-0.067300833761692,0.0238671977996826,-0.058909869608283,-0.0246878665328025,-0.0057855816558003,-0.0243337377905845,-0.0115767531096935,-0.0275140298694372,-0.051720250365138,-0.1085724293917883,-0.0131362751126289,0.0766592994332313,0.0384605750441551
1774472619343025400,120.862025390625,-0.0342269715115427,0.0298324628796428,-0.0030839374899864,-0.0043521667830646,-0.0716695934534072,-0.0658086687326431,0.0213034847915172,-0.0548147092491388,-0.033338790500164,-0.0021722251549363,-0.0203075930476188,-0.0132407266646623,0.0218608264133334,-0.0758569127559661,-0.1213608458895236,-0.0168130341917276,0.0758302584290504,0.0403764545917511
1774472619353053700,120.8720537109375,-0.0298407192513346,0.0124961281534284,-0.0743505998462438,-0.0040262825787067,-0.061127807945013,-0.0651909187436103,0.0249012170225381,-0.0514057775884866,-0.0063841480791568,0.0024592780973762,-0.014935465529561,-0.0091226808726787,0.034737551382184,-0.0827057557374238,-0.1487374765822663,-0.0224164985120296,0.0748739168047905,0.0404205843806266
1774472619363081500,120.88208154296876,-0.0337967634007334,0.0076741878896951,-0.1109048452615737,-0.0050811599940061,-0.0433581322431564,-0.0612590238451957,-0.0091425068765878,-0.0371837754905223,0.001997311297059,0.0036050037015229,-0.0048881201073527,0.0026417442131787,0.0378790642783045,-0.057971711975336,-0.1536681013848632,-0.0273010022938251,0.0725495070219039,0.0414381772279739
1774472619373109500,120.89210961914064,-0.0361254986092448,-0.006598740677908,-0.126887427291274,-0.0042300578206777,-0.0311598237603902,-0.0570460855960845,-0.0013416238673031,-0.0140811323225498,-0.0137304191887378,0.0067869490012526,0.0020659258589148,0.0115556102246046,0.0289881940752267,-0.0219008661627769,-0.1432655662435107,-0.0290227010846138,0.0696741789579391,0.0408103987574577
1774472619383136500,120.90213647460938,-0.0359083487272262,-0.017889000172913,-0.1170312191873788,-0.0065347570925951,-0.0169939380139112,-0.0582450404763221,0.040558220359683,-0.0329085823893547,-0.0441425085872411,0.006411014124751,0.0082076760008931,0.0094678569585084,0.0459521883577108,-0.032644963017106,-0.1210501359725371,-0.0310333874076604,0.0657678544521331,0.040283627808094
1774472619393164500,120.91216455078126,-0.0250385796666145,-0.024870310427621,-0.0967576619654893,-0.003428358817473,-0.0084370505064725,-0.0541029721498489,0.0637811289064586,-0.070942837229371,-0.043003275424242,0.0055473512038588,0.0077237803488969,0.0044480646029114,0.0620662878125906,-0.0529155976295471,-0.0980466423301026,-0.0380904115736484,0.0576272346079349,0.0391389057040214
1774472619403192600,120.92219262695312,-0.0062248658642172,-0.035370734719187,-0.0506090742528438,-0.0011361760552972,-0.0041525578126311,-0.0506350100040435,0.0966068553179502,-0.0953033715039491,0.009205635240674,0.0040726549923419,-0.0002182673488277,-0.0048699681647121,0.0605950462162494,-0.0637193157166242,-0.0661983917817939,-0.0372368693351745,0.0458768345415592,0.0391460955142974
1774472619413220600,120.932220703125,-0.013922142368555,-0.0326039734195917,-0.0097545012950897,-0.0020212121307849,-0.0063158115372061,-0.0476749241352081,0.1211154197610914,-0.1100350766897201,0.0378992302834987,0.0048159435391426,-0.0167610235512256,-0.0177700538188219,0.0815077781245112,-0.0771867000550031,-0.0717470114854164,-0.0425273217260837,0.031578991562128,0.0356784872710704
1774472619423247600,120.94224755859376,-0.0170393976062536,-0.0320833105463534,0.0216179575681686,-0.0006411619251593,-0.0086364895105361,-0.0487287379801273,0.0990320366382598,-0.1220429098695516,0.0130950438946485,0.0082670077681541,-0.0305069219321012,-0.0246566496789455,0.0915565861910581,-0.0865033944547176,-0.0603287782291881,-0.0445212312042713,0.0217809546738863,0.0351850017905235
1774472619433275400,120.952275390625,-0.0086433251827955,-0.0333849677294492,0.0738701228529214,0.0005623443285003,-0.0090097449719905,-0.0488132759928703,0.0317032982528209,-0.0776724377453327,0.0195697928667068,0.0085527654737234,-0.0337173640727996,-0.0233210753649473,0.0894926393985748,-0.0488502478867769,-0.0369620955638587,-0.0417389497160911,0.0193430241197347,0.0300544537603855
1774472619443303700,120.9623037109375,0.0165080672085285,-0.0282959009621292,0.099436525785923,-0.0010946744587272,-0.01556964404881,-0.0501413941383361,-0.0018172785550355,-0.0224064775973558,0.0093289693593978,0.0153897199779748,-0.0235413871705532,-0.013643586076796,0.1062576039776206,-0.0378366864413022,-0.006628012438165,-0.0393556877970695,0.0195518154650926,0.0271188523620367
1774472619453331500,120.97233154296876,0.0281830151721835,-0.0278225112967193,0.0997276176869869,-0.0006921412423253,-0.0211712289601564,-0.0511863976716995,0.0256030816815793,0.0206131644397974,-0.0457791698783636,0.0167375449091196,-0.0168968010693788,-0.0081231193616986,0.1028697151049971,-0.0368850848048925,-0.0159078636925201,-0.0359080322086811,0.0250451304018497,0.022629139944911
1774472619463359500,120.982359375,0.0281812616065144,-0.0427965008057653,0.1014648167431354,-0.0032634234521538,-0.0213256906718015,-0.0512750819325447,0.0626443799614906,0.0351321036577224,-0.1331383043795824,0.0112706180661916,-0.0177150871604681,-0.0145888961851596,0.0924362916350364,-0.0624292759060859,-0.0344458201603032,-0.0298434793949127,0.0316961072385311,0.0199446752667427
1774472619473386500,120.99238647460938,0.0343298473641276,-0.0560981731884181,0.1018804118067026,-0.0067802108824253,-0.0225220099091529,-0.0516869388520717,0.1012280853778123,0.0058563248127698,-0.1581032342880964,-0.0002691247500479,-0.0206253901124,-0.0235552266240119,0.076537880757451,-0.0537719221979379,-0.0229288894696859,-0.0205545667558908,0.0444116257131099,0.0137769468128681
1774472619483414500,121.00241455078124,0.0409638785511255,-0.0874911633830517,0.0549953265130519,-0.0051785856485366,-0.0236056502908468,-0.0568737126886844,0.0902402428954839,-0.012325813087821,-0.113006201454997,-0.0063935681246221,-0.0194454900920391,-0.026559816673398,0.1270943480402231,-0.0175391638219356,-0.0036002118824748,-0.01025958545506,0.0567601695656776,0.0068356841802597
1774472619493442600,121.01244262695312,0.0625643004626035,-0.0910479790817946,0.0278594823062419,-0.0068152649328112,-0.0230148136615753,-0.0555077865719795,0.0555893468834459,-0.0227589442968368,-0.0521329228192567,-0.0093629928305745,-0.0212029106914997,-0.0278756842017173,0.1187161035344004,-0.0219032042503356,-0.0034843943499261,-0.0047789462842047,0.060373306274414,0.0033570216037333
1774472619503470600,121.022470703125,0.0654421939864754,-0.0856589795198291,0.0225987852990627,-0.0118350572884082,-0.0286599174141883,-0.0560739748179912,0.0376854414023458,0.0007557868033647,-0.0110404494524002,-0.0067536663264036,-0.0283835474401712,-0.0277586057782173,0.1384936939328908,-0.0468821626842021,0.0045056682556401,-0.0025789085775613,0.0513198934495449,-0.0036481572315096
1774472619513497600,121.03249755859376,0.0656567135199904,-0.0706778296176344,0.0173018479347229,-0.0162317045032978,-0.0300942752510309,-0.0550435632467269,0.0460597403854131,0.0230558814167976,-0.0039262335330247,-0.0045744013041257,-0.0315609648823738,-0.031106200069189,0.1536848333239555,-0.0742512311249971,0.0025115626958198,-0.0003702273825183,0.0336719527840614,-0.0100880824029445
1774472619523525400,121.042525390625,0.0788286220431327,-0.0608549392614513,-0.0137596452832221,-0.0173893794417381,-0.0293416660279035,-0.0558150820434093,0.0537923804640769,0.0266331553816795,-0.0228086286574602,-0.0024651568382978,-0.0321534015238285,-0.0324481725692749,0.1286366090461611,-0.0999386300891637,0.0251122659573331,0.0024833497591316,0.0189646445214748,-0.0136423371732234
1774472619533553700,121.0525537109375,0.0765326200604438,-0.036568858462572,-0.0300327346920967,-0.0196032412350177,-0.0211149882525205,-0.0567881278693676,0.0550210454761981,0.0056119946628808,-0.0668377399981021,-0.0052130063995718,-0.0302396565675735,-0.0325304642319679,0.0974269395291805,-0.0933832170963287,0.0580443296869751,0.0038367924280464,0.0037747169844806,-0.0136437583714723
1774472619543581400,121.06258154296874,0.0651081397265195,-0.008723550812155,-0.0191021753549575,-0.0201678313314914,-0.0190494395792484,-0.0536051169037818,0.0831282189331948,0.0071826049804687,-0.0871884541094303,-0.0067724352702498,-0.0245317202061414,-0.0354178212583065,0.0606558364927768,-0.0701280137151479,0.0522350223537068,0.0051878141239285,-0.0063711274415254,-0.012071693316102
1774472619553608700,121.07260864257812,0.0505731261566281,-0.0006545183859765,-0.0229541746079921,-0.0202006381005048,-0.0146252140402793,-0.0517066940665245,0.0914566329479217,-0.0245464122354984,-0.0917325272798538,-0.0067884139716625,-0.0200687944889068,-0.0353022404015064,0.054206221961975,-0.0382411755889654,0.0563197161177638,0.0046671656891703,-0.0181553494185209,-0.0096407607197761
1774472619563636500,121.08263647460936,0.0403489615231752,-0.0059242024172097,-0.0168769005209207,-0.0186474826186895,-0.0105641596019268,-0.0500832311809062,0.1150438447624444,-0.0564572157591581,-0.1053700074881315,-0.0100353304296731,-0.0162950847297906,-0.0386534109711647,0.0607572510406374,-0.0487286673337221,0.0330424470352474,0.0027273194864392,-0.0266641490161418,-0.0136557426303625
1774472619573664500,121.09266455078124,0.0410851668432354,0.0045955110967159,-0.0038806408256292,-0.0135888764634728,-0.0120078064501285,-0.0464597269892692,0.1133873097270727,-0.0399924031704664,-0.0751414579629898,-0.010850790888071,-0.014841797761619,-0.0372387394309043,0.0913484963983297,-0.0690852266639471,0.0136790908602997,-0.0011956205125898,-0.0366752929985523,-0.0167647041380405
1774472619583692500,121.10269262695311,0.0297951265439391,0.0267439222797751,0.0233563256680965,-0.0143265714868903,-0.0101846065372228,-0.0398255214095115,0.089310414699465,-0.0380810165911912,-0.0450982018768787,-0.0113374916836619,-0.0104149226099252,-0.0396100543439388,0.1035489295408129,-0.0974807155430316,-0.0092897470272844,-0.0024305284023284,-0.0496781766414642,-0.0200851336121559
1774472619593719600,121.11271948242188,0.0380728332847356,0.0585768382616341,0.0490203437566757,-0.0104462532326579,-0.0084760654717683,-0.0310839042067527,0.1476059518016874,-0.0382341613262891,-0.0325607918649911,-0.0071648508310317,-0.0076489639468491,-0.0460407920181751,0.0832768336236476,-0.1057598835885524,-0.0120585998192662,-0.0023110397160053,-0.0557820945978164,-0.0224639922380447
1774472619603747600,121.12274755859374,0.0422451505333185,0.0809845579680055,0.0521124645531177,-0.006739399395883,-0.0142652466893196,-0.0244164131581783,0.1603951446175575,-0.0368482599258422,-0.007896306207776,-0.0032840564381331,-0.0111672272905707,-0.0528604350984096,0.0443482602924108,-0.067155135384202,-0.0125992049354128,-0.0031986711546778,-0.0464594326913356,-0.0236136801540851
1774472619613775600,121.13277563476562,0.045429625788331,0.092350878373906,0.0432224711328744,-0.0041997656226158,-0.0120995258912444,-0.0176145173609256,0.130204442884773,-0.0512847815573215,0.0386368969082832,0.0032542701810598,-0.0206233132630586,-0.0514497607946395,0.0024991233393549,-0.0418131888568401,-0.0267089377313619,-7.99185363575e-05,-0.0285768304020166,-0.0225235354155302
1774472619623803600,121.1428037109375,0.0474544096142053,0.0868817993130534,0.0315039762884378,0.0038216756656765,-0.0125751672312617,-0.0099435467272996,0.1480817526198923,-0.0927729762434959,0.0237456172466278,0.0077524585649371,-0.0276885274797678,-0.0477191172540187,-0.0407002591788768,-0.0317810396641492,-0.0212947717620991,0.0088946679607033,-0.0115152895450592,-0.0215466879308223
1774472619633831400,121.15283154296876,0.0243576116651296,0.0763438194900751,0.0184679691046476,0.0060287667438387,-0.0101771503686904,-0.005076864734292,0.1307962712980806,-0.0623567951917648,-0.0017664251506328,0.008722648024559,-0.0332175157964229,-0.0435382202267646,-0.0559732316344976,0.003347556862235,0.0203690808850806,0.012940808199346,-0.0060113347135484,-0.0215373672544956
1774472619643858400,121.1628583984375,0.0107324064165353,0.0573994650453329,0.0254343009859323,0.0087265484035015,-0.0045128725469112,0.0001301476731896,0.121552642134577,-0.0253057061702013,0.0338648602008819,0.009695392102003,-0.0341026335954666,-0.0422440133988857,-0.0473737455934286,0.0089478610873222,0.0180530407613608,0.0172271654009819,-0.0034893210977315,-0.0253787115216255
1774472619653886500,121.17288647460936,0.021102409261465,0.0583968785848468,0.0315378785580396,0.013724397867918,-0.0003960896283388,0.0027827061712741,0.1140261921525001,-0.0791015937656164,0.1406190155237913,0.0230274423956871,-0.0440343618392944,-0.0300866812467575,-0.0170882051840424,-0.0474976642340421,0.0109742614815477,0.0172719936817884,-0.0157304089516401,-0.0290435813367366
1774472619663914500,121.18291455078123,0.0185404498189687,0.059980421449244,0.0251928934454917,0.0178797282278537,-0.0004389667883515,0.0056157764047384,0.0599823211453855,-0.260589795294404,0.3508668630689382,0.055128626525402,-0.0535096526145935,-0.0198809411376714,-0.020699673679471,-0.0710755236983299,0.014973208624334,0.0178245995193719,-0.0454297140240669,-0.033486533910036
1774472619673942500,121.19294262695313,-0.0016825462594628,0.0349639074839651,0.018528759381175,0.0197768099606037,0.0038300612941384,0.007173104211688,0.0676741908222436,-0.4829284781277179,0.6105816290944814,0.1051499843597412,-0.0573224984109401,-0.0156561024487018,-0.054939212411642,-0.0241658884853124,-0.0305688554293708,0.024232355877757,-0.0688095986843109,-0.043840255588293
1774472619683969500,121.20296948242188,0.010581892029941,0.029500527511537,0.01611351493299,0.0217904262244701,0.0044713504612445,0.011755870655179,0.1774653757534921,-0.6458131014734506,0.8628162684977054,0.1748346537351608,-0.0641451701521873,-0.0229668598622083,-0.0902063406258821,0.0038315409868955,-0.0112258935884805,0.0388890653848648,-0.0551787391304969,-0.0527479983866214
1774472619693997600,121.21299755859376,0.0117564887672662,0.0172985599990934,0.0164928696393966,0.020844368264079,0.0095964260399341,0.0161085296422243,0.4137507508747279,-0.7317810738772154,0.9963350966274738,0.2459059059619903,-0.0846278071403503,-0.0632940456271171,-0.1874856883779168,-0.0295358910858631,-0.0089747627939796,0.0507284738123416,-0.0032395240850746,-0.0671992450952529
1774472619704025600,121.22302563476562,0.0376391180425882,0.0087773998912423,0.0297585939258337,0.0196342281997203,0.0050003426149487,0.0208377707749605,0.7882388741582632,-0.769540603429079,0.9335428326278924,0.3017685413360595,-0.1111735478043556,-0.136061817407608,-0.2099573401659727,-0.0232148713707923,-0.1062987945045344,0.0467561036348342,0.0946026146411895,-0.0851103365421295
1774472619714053600,121.2330537109375,0.0412777668058872,0.0050254269465804,0.0433785384774208,0.0190384034067392,0.0019225128926336,0.0194911230355501,1.08535894947052,-0.8046931653529406,0.8027724264234304,0.3481072783470154,-0.1549311429262161,-0.2232483774423599,-0.2507017307475209,-0.0409346524566411,-0.3312205708999186,0.0343669466674327,0.2473816126585006,-0.0990875512361526
1774472619724080600,121.24308056640623,0.0134396195486187,0.0130772159770131,0.0610369447648525,0.0150180933997035,-0.0053481827490031,0.0267692767083644,1.1400019554145633,-0.758663820105791,0.8032581641137599,0.3949266970157623,-0.2218126356601715,-0.3086300492286682,-0.2924935845553875,-0.0586708001554012,-0.5643478473164141,0.025053609162569,0.4017551839351654,-0.1217680871486663
1774472619734108400,121.2531083984375,-0.0139396780252456,0.0075056263897567,0.0431441451996564,0.0155922472476959,-0.0166103336960077,0.03143772482872,1.0351508572340011,-0.6244856512844562,0.8815367510586977,0.4407263994216919,-0.3159942626953125,-0.3891661763191223,-0.2287950193658471,-0.1703998212814331,-0.8881864912714809,0.0085284831002354,0.4867264628410339,-0.1504327654838562
1774472619744136400,121.26313647460935,-0.0225108147546648,-0.0006534954726696,0.0354834013134241,0.0120036378502845,-0.0119367521256208,0.0317479856312274,0.9857437061168252,-0.5144347925037145,0.8702262524932622,0.4840290248394012,-0.4139808118343353,-0.4727144241333008,-0.0750157857567071,-0.3539993158757686,-1.296047380390018,0.0131533285602927,0.5466457009315491,-0.1852932721376419
1774472619754164500,121.27316455078125,-0.0112713355988264,-0.004430602858588,0.0164303257972002,0.0127339195460081,-0.0042593567632138,0.0325124934315681,1.0285149263508615,-0.5563783297419548,0.821512782728672,0.5210672616958618,-0.4905424118041992,-0.5596895217895508,0.0645242023587226,-0.3578402092128991,-1.3456691971711814,0.0476893633604049,0.5912045240402222,-0.1803338825702667
1774472619764195300,121.2831953125,0.0243479670539498,-0.0206567843858152,-0.0002314706683158,0.0149278314784169,0.0080857258290052,0.0299225728958845,1.0734516540557146,-0.6568558890134095,0.8011544698327779,0.5625986456871033,-0.5572583079338074,-0.6437416672706604,0.0594084667801856,-0.0665080696523189,-1.0976691265977918,0.099567212164402,0.5756234526634216,-0.1529691070318222
1774472619774223000,121.29322314453124,0.0436740142926573,-0.0343497211083769,-0.0096148005634546,0.0166366267949342,0.0104569867253303,0.0322543457150459,1.1320163634881375,-0.7685439936071634,0.8561696700900793,0.6008690595626831,-0.6132123470306396,-0.7245305180549622,0.1891188425377011,0.2665612709194421,-0.7483833952404558,0.1435883790254593,0.4969139695167541,-0.1644879579544067
1774472619784251100,121.30325122070312,0.0169821144610643,-0.0347922772441059,0.0079547583967447,0.0161953400820493,0.0090516367927193,0.0316537991166114,1.2102426357239484,-0.7527028658747673,0.9273305339843034,0.6498023867607117,-0.6817118525505066,-0.800121009349823,0.5562012196093797,0.3240928379118442,-0.3594979863572865,0.1960270851850509,0.4119120240211487,-0.2093417197465896
1774472619794279200,121.31327905273436,-0.0098214290514588,-0.0168063195027411,0.0169371062755584,0.016672046855092,0.0067376159131526,0.0345406681299209,1.2024749243319033,-0.6659329294383526,1.0151286444246768,0.7011417746543884,-0.7520445585250854,-0.8699466586112976,0.8749348685756325,0.2294616665810346,0.1376422830016352,0.241388514637947,0.3307000398635864,-0.2919162213802337
1774472619804306200,121.32330615234376,-0.0012079144850373,0.0092133801557123,0.0233843827188014,0.0175780542194843,0.0095067713409662,0.0351800918579101,1.1044739843070506,-0.5719470702737569,1.0317962861090897,0.7442891597747803,-0.8316303491592407,-0.9321743845939636,1.2710416800796984,0.1264800155341625,0.4870307258147746,0.235582560300827,0.2470653355121612,-0.3963901400566101
1774472619814334200,121.33333422851562,-0.0032683541461825,0.0425643725503236,0.028506548038125,0.0168134607374668,0.0093469806015491,0.0430505275726318,0.9903282574281096,-0.4360293643087148,0.992643840894103,0.7850507497787476,-0.9074366688728333,-0.981963276863098,1.5982447589665651,0.0446767615944147,0.4145446046661585,0.179615169763565,0.0947936326265335,-0.4924772679805755
1774472619824362200,121.3433623046875,0.0078512980222702,0.0592692044399678,0.0159527714133262,0.0210484191775321,0.0087427096441388,0.0471760332584381,0.7987532539099454,-0.2753372825711965,1.019104562318325,0.8319445252418518,-0.9474810361862184,-0.99827641248703,1.7808242628633977,0.0327069223374128,0.1673611111726611,0.0873635411262512,-0.1500283628702163,-0.5817224383354187
1774472619834390300,121.35339038085938,-0.0016270166799426,0.0703862993251532,0.0141746558248996,0.0203622337430715,0.0068907304666936,0.0564235039055347,0.5577569246187806,-0.0921942995727062,1.088686048066616,0.8809347152709961,-0.9634687900543212,-0.9932712912559508,1.7809551957666874,0.0522375522375106,-0.1359426668763626,0.0291923377662897,-0.4826955795288086,-0.6724970936775208
1774472619844418300,121.36341821289062,-0.0206833070665597,0.0779522045347839,0.0082931965708732,0.0232645459473133,0.0103563014417886,0.0643780976533889,0.4510499694384634,0.0943944399654865,1.067823877301812,0.9135025143623352,-0.943813979625702,-0.9697622656822203,1.683321627749503,0.1210246727377176,-0.1662607852479443,0.0292895417660474,-0.8072081208229065,-0.7555192708969116
1774472619854445300,121.3734453125,-0.0235989022523164,0.0696794662300497,-0.0026321020692586,0.0256625693291425,0.0146514298394322,0.0691900700330734,0.3367670260459184,0.1117991637527942,0.8767208752095699,0.9256044030189514,-0.8795005083084106,-0.936773955821991,1.481415199831128,0.2727320685088634,0.0130115234797936,0.0662843883037567,-1.079935908317566,-0.8346009850502014
1774472619864473000,121.38347314453124,-0.0235337280616164,0.0661405515141785,-0.0033656770408153,0.0310706496238708,0.0224632807075977,0.0727118328213691,0.3893789645537733,-0.0185509712129831,0.5156324778556823,0.9120462536811828,-0.8035919070243835,-0.9147069454193116,1.284309157931805,0.3845955296695232,0.1253132185108028,0.126294732093811,-1.3120335340499878,-0.92594712972641
1774472619874501000,121.39350122070311,-0.0108306060940027,0.0781290954716503,-0.0176928930789232,0.032662533223629,0.0324461236596107,0.0830333530902862,0.5486927436754108,-0.0884931069672107,0.1703974831938743,0.8812310695648193,-0.7486716508865356,-0.90451180934906,1.3199793139889835,0.4704325691699981,0.1778064442761242,0.1858426630496978,-1.5270839929580688,-1.036571025848389
1774472619884529200,121.40352905273436,-0.0006970423534512,0.0935059666931629,-0.0107306528508663,0.0352167710661888,0.0390334501862525,0.0868477970361709,0.5683418853886425,-0.0625789135098457,0.0745101743221283,0.8530623912811279,-0.7013282179832458,-0.9041267037391664,1.541188116009533,0.5104243878185749,0.1945458908214233,0.2406843304634094,-1.726821780204773,-1.1628097295761108
1774472619894556200,121.41355615234374,0.0126905547469854,0.0751993256300687,-0.0045306291669607,0.0390333943068981,0.0485231727361679,0.0918653458356857,0.5675646174058318,-0.0073971245139837,0.1550391705423593,0.8317989110946655,-0.7465888857841492,-0.8840784430503845,1.865164341804385,0.5453308660268783,0.1883313454218208,0.2764078080654144,-1.9071391820907595,-1.2986222505569458
1774472619904584200,121.42358422851562,0.0238522924914956,0.07141798046045,0.006133972710371,0.0415247827768325,0.0542186126112937,0.0984481424093246,0.2447558279551565,0.161438516190648,0.4326765467494726,0.8474488854408264,-0.8116793036460876,-0.8504023551940918,2.2254490215599536,0.5557201580941676,-0.0614673355387523,0.2900066971778869,-2.121126890182495,-1.4323686361312866
1774472619914612000,121.43361206054688,0.0290276493027806,0.0850069453518837,0.0206312846183776,0.0414112210273742,0.0553081296384334,0.1092878356575965,0.0563414804250001,0.3297726371139288,0.5986556289792061,0.8817932605743408,-0.8651235699653625,-0.8668761849403381,2.5533675552397965,0.6454331622451543,-0.5003398143189027,0.3225723505020141,-2.3128488063812256,-1.60812246799469
1774472619924640300,121.44364013671876,0.018627543580532,0.0780267310757189,0.0071364277511835,0.0498337335884571,0.0504177659749984,0.1180206015706062,0.0339420170903205,0.3315922537565231,0.5626777221471071,0.9125511646270752,-0.9542221426963806,-0.9261306524276732,3.161379626107216,0.8332423834890127,-0.6651719550032168,0.3974178433418274,-2.523930072784424,-1.7198675870895386
1774472619934667000,121.4536669921875,0.014727905793488,0.0704261929441243,-0.0044750995874404,0.0525266788899898,0.0511900596320629,0.1270210593938827,-0.0654290422439575,0.2082008518874645,0.6013613808065652,0.9296364188194276,-1.0970230102539062,-1.003161907196045,3.089339641290903,1.0911837101012467,-0.5928271420214325,0.4509457647800445,-2.652444839477539,-1.8468400239944456
1774472619944695300,121.4636953125,0.0118424134850502,0.0901864668816328,-0.012161562436819,0.0540960766375064,0.0601292252540588,0.1353010982275009,-0.0208957807734608,0.1447404793679714,0.6407458812117576,0.9295640587806702,-1.2722939252853394,-1.0929569005966189,3.0572125646680592,1.3198416590839623,-0.6807903068304062,0.500557005405426,-2.669730424880981,-1.975958108901977
1774472619954723000,121.47372314453123,0.0504027380257844,0.1213701251745223,-0.0204489137887954,0.0541807673871517,0.0702526792883873,0.1469583362340927,0.1165671088069677,0.1808753303274512,0.6664864716678858,0.9243991374969482,-1.4740321636199951,-1.1847712993621826,2.977617634427548,1.6323954503715037,-0.6019214989073575,0.5354662537574768,-2.6083340644836426,-2.130223512649536
1774472619964751400,121.48375146484376,0.070991352546215,0.1464632115073502,-0.0235153156220912,0.0576388798654079,0.0761366710066795,0.1574634462594986,0.2132220410503447,0.2949091212645173,0.6662573390871286,0.9189466238021852,-1.690165877342224,-1.2875847816467283,3.031199002489448,1.563389718684554,-0.7725371548965573,0.5584586262702942,-2.4284913539886475,-2.3280575275421143
1774472619974778000,121.49377807617188,0.066770812241733,0.148320091420412,-0.0226057995617389,0.0603117384016513,0.0803566575050354,0.1639226078987121,0.1842144116222858,0.3074839406773448,0.6776216136664152,0.9085560441017152,-1.893620491027832,-1.3850936889648438,3.266498289182782,1.280351360216737,-0.979544120824337,0.6321744322776794,-2.1217145919799805,-2.522124528884888
1774472619984806100,121.50380615234376,0.0540770426243543,0.1613593134745955,-0.0343213717967271,0.06250511854887,0.0861200019717216,0.174918532371521,0.0923687793567776,0.2473088734388351,0.6491624119013547,0.9030498266220092,-2.10883903503418,-1.4653838872909546,3.4665117429614063,1.2590373540312052,-0.7996293060921132,0.7519410252571106,-1.799447774887085,-2.725184679031372
1774472619994834200,121.51383422851562,0.0742135294631123,0.1519612974669784,-0.0449392119228839,0.0690183490514755,0.0985850319266319,0.1859016418457031,0.1081631453379988,0.3307727540671825,0.5902712469935417,0.8952702283859253,-2.306957006454468,-1.5322686433792114,4.009664680427313,1.6157991203576323,-0.5785653193697333,0.8931464552879333,-1.6007002592086792,-2.865932941436768
1774472620004862000,121.52386206054688,0.1097892852351069,0.1439814776942133,-0.0536526797324419,0.0735870003700256,0.1056722328066825,0.1978898644447326,0.1741968754768371,0.5679202989757061,0.4797597849637269,0.8943918943405151,-2.4843478202819824,-1.574699878692627,4.027695427158474,2.049522545811534,-0.4667889519706368,1.020424723625183,-1.5468425750732422,-3.006601095199585
1774472620014889200,121.53388916015624,0.1261415773600339,0.1596334395300596,-0.0866419261425733,0.0775045752525329,0.1147812530398368,0.2086857855319976,-0.0242614578142762,0.8214350413173437,0.43932080706954,0.8996785283088684,-2.6179957389831543,-1.6029541492462158,3.950114174827933,2.349560554397106,-0.2009033883556723,0.990546941757202,-1.5727450847625732,-3.2050368785858154
1774472620024917200,121.54391723632811,0.109675303466618,0.1618412517726421,-0.0859744021445512,0.0817033126950264,0.1201512515544891,0.2159391641616821,-0.0777601160287857,0.9007944092363118,0.1308446404844522,0.8805876970291138,-2.6949801445007324,-1.6461201906204224,4.482575037887692,2.1901479910761115,-0.8286752217039466,0.809065580368042,-1.5365785360336304,-3.352825403213501
1774472620034945300,121.5539453125,0.0963873673483729,0.1531092984583228,-0.0670709642320871,0.0862589851021766,0.126086875796318,0.2213837206363678,-0.1052577792853116,0.8010846194669604,-0.3220721457391977,0.8383718132972717,-2.79056167602539,-1.6629558801651,4.306631026482582,1.8756559252023697,-1.5404656469538809,0.7093811631202698,-1.3927881717681885,-3.479701280593872
1774472620044973000,121.56397314453125,0.0968503086850047,0.1417847713675349,-0.0712111327767372,0.0931722819805145,0.1383091807365417,0.2217477709054947,-0.4810302432909608,0.8347782147541641,-0.3803793732792139,0.789042592048645,-2.91582465171814,-1.6131792068481443,4.198248393175006,1.8698463621407744,-0.3986450978100299,0.7198969125747681,-1.310479760169983,-3.621692419052124
1774472620055000000,121.574,0.1027101406291127,0.1109285914633423,-0.0780909554183483,0.0983601287007331,0.1484954953193664,0.2240202724933624,-0.6797767458736896,1.019708957952261,-0.2911959459602832,0.7442188858985901,-3.0341334342956543,-1.5147356986999512,4.302842155593633,2.1698370244532823,0.249507844787836,0.837313175201416,-1.338213324546814,-3.7635440826416016
1774472620065028000,121.58402807617188,0.1206149228930473,0.0805015236914157,-0.1058896474480629,0.1038563549518585,0.1572737991809845,0.2230239808559417,-0.8386784370630979,1.244652854847908,-0.1891080288827419,0.693273663520813,-3.1184186935424805,-1.4022434949874878,4.464093040257692,2.598626500636339,0.5681476779907941,0.9887612462043762,-1.3664774894714355,-3.9124507904052734
1774472620075056000,121.59405615234375,0.1191843055680394,0.0423393316227942,-0.125770405960083,0.1119512319564819,0.1625391840934753,0.2282150089740753,-1.0465823518306017,1.3757754354909062,-0.1590986750662326,0.6511965394020081,-3.177809953689575,-1.273112654685974,4.4389223586440085,2.933693737027049,0.5702616014048457,1.1142463684082031,-1.3015432357788086,-4.063973426818848
1774472620085084200,121.60408422851565,0.1103340596362948,0.0339480084396898,-0.1151338611334562,0.1195955723524093,0.1700514256954193,0.2341296374797821,-1.4253653958290815,1.4284277060091497,-0.0249392109453678,0.6324516534805298,-3.203747272491455,-1.1358128786087036,4.384605662044883,3.0740733908370137,0.3453782025247812,1.1939753293991089,-1.1691303253173828,-4.216065406799316
1774472620095111200,121.61411108398435,0.1300312782749533,0.0352446971867233,-0.0965741220921277,0.1221217587590217,0.1718918234109878,0.2440663576126098,-1.6202783115983008,1.2993842697277664,-0.1448275731295347,0.5851656198501587,-3.170734167098999,-1.0174031257629397,4.490176745063066,3.093354429890215,0.0269049580603837,1.2476125955581665,-1.0304253101348877,-4.332553386688232
1774472620105139200,121.62413916015625,0.1584916490837931,0.0856056418973952,-0.0702057551264762,0.1246094182133674,0.1729949116706848,0.2586226761341095,-1.4543641112983223,1.222733576245606,-0.3964151468008756,0.5171758532524109,-3.1426661014556885,-0.9290663003921508,4.308285223430395,3.166846951602399,-0.1646715067625045,1.2634849548339844,-0.87873774766922,-4.446688175201416
1774472620115167200,121.63416723632812,0.192740832427144,0.1561137409713119,-0.061845338538289,0.1238501444458961,0.1743485927581787,0.2729403376579284,-1.2694453507989645,1.143056228418648,-0.4558627765476703,0.4497132301330566,-3.133363723754883,-0.8397206664085388,4.096248154380917,3.3654785956338045,-0.3039706718593836,1.2467365264892578,-0.759732723236084,-4.582658290863037
1774472620125195300,121.6441953125,0.2103612447917461,0.2264972638174891,-0.0558721093475818,0.124417133629322,0.1668097078800201,0.2915222942829132,-1.1585317377090454,0.9722542560771108,-0.3697229547083377,0.4059878885746002,-3.10790491104126,-0.7602584362030029,4.228783232170343,3.4765839319035408,-0.5540580701008438,1.2273322343826294,-0.6512906551361084,-4.7525153160095215
1774472620135223000,121.65422314453124,0.2119473449394106,0.2757759662494063,-0.0605365940272808,0.1313177198171615,0.158086746931076,0.3138020038604736,-1.1431021133869883,0.6581774930059909,-0.1300923608124256,0.3952611982822418,-3.072343349456787,-0.6673290133476257,4.456045342880487,3.5573210179165,-0.6112310329139232,1.2352443933486938,-0.4660397171974182,-4.895519733428955
1774472620145250000,121.66425,0.1969581578612327,0.3260337428465485,-0.0735778619080781,0.1369345933198928,0.1471424847841262,0.3408719599246979,-1.0069476760566234,0.4455366128444671,0.0316413389325141,0.4086775183677673,-3.0466866493225098,-0.5846877694129944,4.2862493327111,3.764694186808169,-0.2868149543970823,1.2786014080047607,-0.264055460691452,-5.017137050628662
1774472620155278000,121.67427807617187,0.2070744782060384,0.3446538337729871,-0.1000812534302473,0.1471398621797561,0.1447557508945465,0.3755614757537842,-0.8040016759574413,0.4325651953294873,0.1069330190211534,0.4286477565765381,-3.0659430027008057,-0.5396638512611389,4.120923745954037,3.954059989844263,-0.039491467911005,1.340628147125244,-0.1181748807430267,-5.105912685394287
1774472620165306000,121.68430615234377,0.2227887646883726,0.3860551538933068,-0.099788992485404,0.1597600430250167,0.143768772482872,0.4130947291851043,-0.2809340796649456,0.5148831207931042,-0.1852262190133333,0.4102546274662018,-3.086243152618408,-0.5570616126060486,3.814341430291533,4.05810342490375,-0.0530427311405539,1.367218255996704,0.003014123532921,-5.183157920837402
1774472620175334100,121.69433422851564,0.243232125519216,0.4288305388458073,-0.0893301423132419,0.1726173013448715,0.1525861024856567,0.4525272250175476,0.1737497162312269,0.51202802362293,-0.6322890185117721,0.3819026350975036,-3.11385178565979,-0.5869830250740051,3.3917098922163245,4.131870087382197,-0.385528426605463,1.355898380279541,0.1924571096897125,-5.242373943328857
1774472620185361200,121.70436108398438,0.2815788073092699,0.4820404432468116,-0.0550666381835937,0.1824797838926315,0.1621721535921096,0.4886660575866699,0.2370668808877468,0.4987979551717638,-0.8169803999960422,0.3399037718772888,-3.111471176147461,-0.6276745796203613,2.960187191677093,4.251999857106805,-0.6614505233272909,1.3393877744674685,0.4049360752105713,-5.222657203674316
1774472620195389200,121.71438916015624,0.3396133553877473,0.5124197263542563,-0.0206423905342817,0.1920786947011947,0.1725400388240814,0.5215611457824707,0.4303174164026975,0.4708241988360881,-1.030094742888212,0.2992604672908783,-3.1033432483673096,-0.6850749850273132,2.1923042923271656,4.418864489999414,-0.614829057405889,1.2926172018051147,0.6049880385398865,-5.190001964569092
1774472620205417200,121.72441723632812,0.3621697628498077,0.526877217708528,-0.001264320847392,0.200372576713562,0.1776309311389923,0.5526919364929199,0.6884300079286098,0.4724740118697285,-0.8215881860524415,0.2594304084777832,-3.099801540374756,-0.7823048830032349,1.52074475517869,4.565869699428975,-0.6237593828365207,1.2366197109222412,0.7502315044403076,-5.170841217041016
1774472620215445200,121.7344453125,0.3544961594820022,0.5078772606190294,-0.0014151274949312,0.2063117325305938,0.1812871396541595,0.5773093104362488,1.4213035532176497,0.3973825305283069,-0.6932447147339582,0.2111454308032989,-3.1473522186279297,-0.910207986831665,1.4804559994101525,4.838657589778304,-0.6292933438271284,1.2158199548721311,0.829849362373352,-5.103787899017334
1774472620225472300,121.74447216796877,0.3529769870907068,0.470902817030251,-0.0249836346089839,0.211067333817482,0.1817768961191177,0.5972042083740234,2.020613262191415,0.194350313450396,-0.4592261155009269,0.202424868941307,-3.233354091644287,-1.0227084159851074,1.234267069911957,5.048918296805024,-0.2445057987168431,1.2006767988204956,0.8717477917671204,-5.03245735168457
1774472620235500000,121.7545,0.341523572923243,0.4015701184112578,-0.0788251149117946,0.221062570810318,0.1858575940132141,0.6172422766685486,2.0159511155992744,0.0510424972340464,-0.0087345105975866,0.2156085819005966,-3.3074843883514404,-1.1326119899749756,0.6950497183293104,5.126397257804871,-0.026290917815268,1.181860089302063,0.921492338180542,-4.985382556915283
1774472620245528300,121.7645283203125,0.3574751752927899,0.3368754548564553,-0.1394821204483509,0.226794496178627,0.1921178847551345,0.6305721998214722,1.839738808646798,-0.085269761006534,-0.1266051032185554,0.2065896838903427,-3.36049485206604,-1.249197006225586,0.5910229421436787,5.058730665767192,0.0579378097057342,1.180427312850952,1.020533800125122,-4.923507690429688
1774472620255556000,121.77455615234376,0.3844984990358352,0.2788893490295857,-0.2411737316846847,0.2297947257757187,0.2092831283807754,0.641851007938385,1.5965549061834812,-0.2251642616480589,-0.6927724210470915,0.126208558678627,-3.41605806350708,-1.359035611152649,0.2662532278835773,4.869096567183733,0.3593278174221515,1.2029268741607666,1.2100253105163574,-4.851233005523682
1774472620265583400,121.78458325195312,0.4219532004222273,0.2403678221292793,-0.3336632148116827,0.2311795651912689,0.2185232192277908,0.6566685438156128,1.456744868955016,-0.3002735709071159,-1.2676552525117992,-0.0227517876774072,-3.435513019561768,-1.480233907699585,-0.0642751960337162,4.649247363078594,0.6561228985637426,1.2322783470153809,1.4386472702026367,-4.757602691650391
1774472620275611100,121.79461108398438,0.4130573617830872,0.1922524643883109,-0.3484849363684654,0.2315034419298172,0.22598697245121,0.6683153510093689,1.658423041075468,-0.2245943528056144,-1.603511885714531,-0.1875687092542648,-3.4496567249298096,-1.5995211601257324,-0.4045627974212169,4.428523714226484,0.7598436775401234,1.259665846824646,1.683449149131775,-4.631591320037842
1774472620285639200,121.80463916015626,0.3933095820009708,0.1684107663560658,-0.3460691073983907,0.2315926551818847,0.2389070242643356,0.682806134223938,1.7318588641643524,-0.0860895529568195,-1.2497346881568432,-0.3149451613426208,-3.443809747695923,-1.6969881057739258,-1.0172066197425127,4.292306440792977,0.6742819478496909,1.2821784019470217,1.8970754146575928,-4.527141094207764
1774472620295667200,121.81466723632812,0.4215647856265306,0.1505037190698087,-0.3291185571193695,0.2295723408460617,0.249025359749794,0.6996297240257263,1.8476117339789864,0.1196779343038797,-0.9999708227813244,-0.4183101654052734,-3.401303768157959,-1.792075276374817,-0.99199677516222,4.125862371399999,0.4502399682298302,1.2610039710998535,2.0546329021453857,-4.536491394042969
1774472620305694200,121.82469409179689,0.49377895796597,0.1746394316125661,-0.2330453702867031,0.2272404730319976,0.2535687088966369,0.7187967300415039,1.8746651605993507,0.2297118419498205,-1.0153346883907914,-0.5020735263824463,-3.3333563804626465,-1.874228835105896,0.013002689436078,3.8805356116890906,0.3018378976143896,1.188860535621643,2.1901659965515137,-4.6191487312316895
1774472620315722200,121.83472216796876,0.5234744235277176,0.2184528543759137,-0.0846603969365358,0.2276465892791748,0.2580568492412567,0.7361524701118469,1.8143401634961365,0.2726058117806911,-1.1830150215804576,-0.5843968987464905,-3.248371362686157,-1.922410488128662,0.8736492126792669,3.742883629277349,0.5425885815814138,1.0750975608825684,2.316356897354126,-4.692326068878174
1774472620325750000,121.84475,0.4924579384952783,0.2523401456043124,0.0381190105140209,0.2261842489242553,0.2513454258441925,0.7537961602210999,1.7019827813386916,0.3678139062166213,-1.361870244257152,-0.6577344536781311,-3.1315560340881348,-1.9317688941955569,1.277239950197935,3.89605408333838,1.0659953467004,0.9351425766944884,2.3458235263824463,-4.6873860359191895
1774472620335778300,121.8547783203125,0.4660673596978187,0.2988791939392686,0.1192734451562166,0.2298286110162735,0.2289323210716247,0.7702534794807434,1.5028338354349136,0.5786006829440593,-1.122535710698366,-0.6903608441352844,-3.00382399559021,-1.89605724811554,0.8430670274108648,4.288391020914912,1.601165614849329,0.7926254868507385,2.1689248085021973,-4.625160217285156
1774472620345805000,121.86480517578126,0.455600326219201,0.3106835404362529,0.1184481002479791,0.2352569252252578,0.2140497863292694,0.7925511002540588,1.268907006138563,0.8085966025322675,-0.7197092355504632,-0.7038341164588928,-2.8272969722747803,-1.8527356386184688,0.1660007095396518,4.764569440260529,1.997419579739124,0.6726114749908447,1.9776318073272705,-4.556051731109619
1774472620355833000,121.8748330078125,0.4223158962547779,0.2965821690432727,0.0936795696943998,0.2437961101531982,0.1932274550199508,0.8029830455780029,1.319506728041172,1.1155360610693692,-0.6746979813046753,-0.7199757695198059,-2.6495392322540283,-1.8227074146270752,-0.6718278326958418,5.001327109068632,2.288204606810957,0.6279146075248718,1.9565978050231927,-4.508569717407227
1774472620365861000,121.88486108398438,0.3255465438514948,0.2756831733994185,-0.0043505964249372,0.2494446784257888,0.1812720000743866,0.8094987273216248,1.4207131861090658,1.276736676850915,-0.7006390627689659,-0.7299000024795532,-2.485044479370117,-1.8040261268615725,-1.2301385918051004,4.887376904761791,2.669379368251562,0.6508244276046753,2.084460496902466,-4.480076313018799
1774472620375889200,121.89488916015624,0.2598305013597011,0.2491847503133118,-0.1053980645388364,0.2541239857673645,0.1759966015815735,0.8173072338104248,1.261902095812559,1.2751496999204155,-0.6840044465713202,-0.7725436091423035,-2.3329825401306152,-1.7869157791137695,-1.241501112818718,4.774274257194995,2.882113187393546,0.6968798041343689,2.3455638885498047,-4.444319725036621
1774472620385916200,121.90491625976564,0.2568558694630861,0.1969821232587099,-0.1488543444275856,0.2606207728385925,0.1831767559051513,0.8190616965293884,1.0339771372795103,1.174330779865384,-0.9172412477768958,-0.8518932461738586,-2.190936803817749,-1.7614282369613647,-1.247109015828371,4.679039859274029,2.8515803942248223,0.7125818133354187,2.6940503120422363,-4.405048847198486
1774472620395944200,121.91494409179688,0.2355684590235352,0.1295060853570699,-0.1373994689553976,0.2643384337425232,0.2038621604442596,0.820288896560669,1.103645132267475,1.0415466957509516,-1.1315835250288246,-0.9403022527694702,-2.07697868347168,-1.7334319353103638,-1.2179209152668713,4.599872799056768,2.639192319780588,0.6971928477287292,3.0780446529388428,-4.361148357391357
1774472620405972200,121.92497216796876,0.2358683187529444,0.0745234721951186,-0.1138432368010282,0.2642228603363037,0.2302215993404388,0.8206473588943481,1.1450672759801148,0.8415040158778428,-1.0278493020489812,-1.0039963722229004,-1.9601151943206787,-1.7064611911773682,-1.246098377481103,4.47552862650752,2.793857688574493,0.6442974209785461,3.4088706970214844,-4.335789680480957
1774472620416000000,121.935,0.2743652226686477,0.0381195950359106,-0.0480640659451484,0.2609521448612213,0.2557826936244964,0.8214969038963318,1.0111217468708753,0.6239677648901939,-0.7586790176749229,-1.0259791612625122,-1.825965881347656,-1.6739304065704346,-1.113735149127245,4.306961281350255,3.0841984790101646,0.5798110961914062,3.5996034145355225,-4.337954044342041
1774472620426028300,121.9450283203125,0.3440487074866891,-0.0062497080445289,-0.0028366847306489,0.2546987533569336,0.2833306789398193,0.8200750350952148,0.9278320537656544,0.6518991433888673,-0.5511467857640237,-1.031707525253296,-1.6751660108566284,-1.6763594150543213,-0.4309484077826142,4.078118038928508,3.310987711511552,0.5168880820274353,3.612377643585205,-4.344391822814941
1774472620436055300,121.95505517578124,0.4121487225055694,-0.0117813309475779,-0.085419106349349,0.2463405281305313,0.3102348148822784,0.8141791820526123,0.9796890822529792,0.3211351571500301,-1.0912759184293448,-1.110648512840271,-1.468815803527832,-1.6475986242294312,0.0905406871467828,3.845342717754841,3.62747445833385,0.438208132982254,3.484913825988769,-4.338142395019531
1774472620446083000,121.9650830078125,0.4518248993337154,-0.0539525394618511,-0.2755342664480209,0.229102149605751,0.3410781919956207,0.8063915967941284,0.4346346950799226,0.020809563794732,-1.4443914372079074,-1.1749215126037598,-1.2067781686782837,-1.557497501373291,0.3970011299952864,3.7614217410087583,3.860137551304698,0.352765679359436,3.291966438293457,-4.31477165222168
1774472620456111000,121.97511108398436,0.5063683904260396,-0.0975512965612113,-0.5312526563137769,0.2047804147005081,0.3767735362052917,0.7897440791130066,0.4474754719525575,-0.0585603255182504,-1.5903708107210697,-1.205243706703186,-0.9707461595535278,-1.475614070892334,0.3887243000373244,3.6511604543477296,4.1237101618021725,0.2643617689609527,3.02191162109375,-4.260223865509033
1774472620466139100,121.98513916015624,0.5677011032670736,-0.1085755255311727,-0.7451379835784435,0.1702245622873306,0.4134487509727478,0.761462926864624,0.6609849516421556,-0.3159551241636276,-1.98400261041373,-1.1784948110580444,-0.7963241934776306,-1.3975032567977903,0.1945671710714697,3.702010936141014,4.249057081653177,0.1556363552808761,2.638613700866699,-4.1612548828125
1774472620476166100,121.99516625976564,0.6050906304627657,-0.1084670967206358,-0.8540262283205986,0.1273249238729477,0.4526151418685913,0.727016806602478,0.6316717633962631,-0.471311105570197,-1.909163204137236,-1.1521049737930298,-0.627362847328186,-1.2991557121276855,-0.1814741730034351,3.769056765931845,3.965937766903639,0.045026883482933,2.2061707973480225,-4.08844518661499
1774472620486194200,122.00519409179688,0.6216133107185363,-0.14309724220559,-0.7947732443630695,0.0811217501759529,0.4729427993297577,0.6825007200241089,0.5424591099828482,-0.4437842162191867,-1.8614143416211009,-1.164101243019104,-0.4213134050369262,-1.1999486684799194,-0.2329119531653821,3.890053381618857,3.469399573357403,-0.0410078689455986,1.884812951087952,-4.06995964050293
1774472620496222200,122.01522216796874,0.5663789147526025,-0.2018720872573554,-0.5602431884765625,0.0368055701255798,0.4734253585338592,0.6386221051216125,0.4746469719946384,-0.2458610127180814,-1.9034525714054704,-1.2233967781066897,-0.257330060005188,-1.129366397857666,0.1505833601772785,4.038908310568332,3.1956814164206384,-0.0867267325520515,1.7762730121612549,-4.050127029418945
1774472620506250200,122.02525024414062,0.5219932450592517,-0.2802677247107029,-0.2647965993344783,-0.0101909674704074,0.4538543224334717,0.5903820991516113,0.4135860618323087,0.0033048867642879,-2.070330063779652,-1.3133739233016968,-0.1747435182332992,-1.0700714588165283,0.0225975431900471,3.886865983754397,3.151054631447792,-0.0800022557377815,1.7975950241088867,-4.010806083679199
1774472620516277000,122.03527709960936,0.4646683065548539,-0.3176289025947451,0.0514502012521028,-0.0573678873479366,0.4345493018627167,0.53962242603302,0.3718739952623844,0.3119312754750251,-2.090162306974828,-1.4015812873840332,-0.1201963722705841,-1.0124446153640747,-0.2697065101426094,3.5475206316530703,3.132504829278588,-0.0311640799045562,1.8764902353286743,-3.9841597080230713
1774472620526305300,122.04530517578124,0.4346539843022823,-0.3799206697262823,0.3738748136907815,-0.095408484339714,0.4165130257606506,0.4799564182758331,0.4562012147217988,0.4938187054544687,-2.07938386945948,-1.452609658241272,-0.0792240649461746,-0.967393398284912,-0.3728922323942184,3.317071123078465,3.1946669786810875,0.01621382124722,1.9697508811950684,-3.9691996574401855
1774472620536333000,122.0553330078125,0.4103787902235984,-0.4756315991178154,0.6374287194877862,-0.1182817965745925,0.3845345973968506,0.4170226752758026,0.6864104847997426,0.5976718786388635,-2.256323175512254,-1.4776561260223389,0.0008555860258638,-0.8988548517227173,-0.7563777549952269,3.1029788750648497,3.220553699609637,0.0545434020459651,2.01523232460022,-3.91994571685791
1774472620546361000,122.06536108398436,0.3417418918490409,-0.600868482723087,0.8133008347004651,-0.1282619833946228,0.3332538306713104,0.3528245389461517,0.674514879822731,0.7326017426103353,-2.580188926669955,-1.4942320585250854,0.1465750634670257,-0.7858940362930298,-1.0795365269273518,3.170391200080514,3.150699826660752,0.0910928919911384,1.9550248384475708,-3.844734907150269
1774472620556388000,122.07538818359374,0.2239893726497888,-0.8003169960953295,0.8915911120831966,-0.1312528103590011,0.2701162993907928,0.2847774624824524,0.4303413818001746,1.0520189899265766,-2.4195563200347125,-1.4769963026046753,0.298087865114212,-0.654288113117218,-1.1556664114058015,3.392359880557656,3.1591885458037257,0.1246616095304489,1.8265800476074217,-3.784618854522705
1774472620566416400,122.08541650390625,0.0902229994997382,-0.9529860765054822,0.9437760573506356,-0.1320594847202301,0.2039282470941543,0.2107125520706176,0.5180003760308027,1.5738818866044282,-2.3630063114255666,-1.4582879543304443,0.3963288068771362,-0.5538098812103271,-0.972026000279188,3.570380113714933,3.0735528740942475,0.1600206643342971,1.5948362350463867,-3.722013235092163
1774472620576444200,122.09544409179688,-0.0256380068644881,-1.002764837414026,0.9870774389386175,-0.138611689209938,0.1348358243703842,0.1345750987529754,0.6669879914492368,2.084844034561515,-2.4902409447193143,-1.4611817598342896,0.5063291192054749,-0.4690220057964325,-0.9057825729124248,3.6451965775072575,2.957940581794083,0.1842393726110458,1.2610942125320437,-3.649688243865967
1774472620586472200,122.10547216796876,-0.1317655547216534,-0.9918668651722372,0.9930565133482218,-0.1508742123842239,0.0704733431339263,0.060819387435913,0.6089250940591097,2.6408096918493507,-2.596515207570791,-1.4736891984939575,0.6210336685180664,-0.3996980786323547,-1.2492764229953288,3.661434595602752,2.791248090597987,0.1358872801065445,0.9171327948570251,-3.530733346939087
1774472620596499200,122.11549926757812,-0.2353615382745862,-0.9528113044604658,0.9099790016889572,-0.172072559595108,0.0122847612947225,-0.0161108318716287,0.5458446607679128,3.3596547117859124,-2.5710569411873814,-1.501516580581665,0.7589659690856934,-0.35006183385849,-2.266967465253919,3.557708848190307,2.248143083927036,0.0224923994392156,0.6231042146682739,-3.3733959197998047
1774472620606527000,122.12552685546876,-0.3244178320825099,-0.9463732342369854,0.7350678404629231,-0.2002474814653396,-0.009612813591957,-0.0815878435969352,0.3870645501315593,4.226114889743924,-2.18456551476866,-1.505130648612976,0.8419557809829712,-0.3221612870693207,-3.226792301738262,3.374196447357535,1.4938329289861023,-0.0946241095662117,0.3848903179168701,-3.1966538429260254
1774472620616555300,122.13555517578123,-0.3361602923244238,-1.0012085478827355,0.4540495896458625,-0.2481874078512191,-0.022703755646944,-0.1748544126749038,0.1620265452116727,5.027264683401584,-2.469133567021787,-1.528391718864441,0.9745902419090272,-0.2887295484542846,-3.807837455224991,3.3759880069494246,1.039865610796213,-0.1684274673461914,0.2403043061494827,-3.004403591156006
1774472620626583000,122.1455830078125,-0.4085895687192678,-1.0974546070642768,0.1887117230415344,-0.3045817017555237,-0.0058552687987685,-0.2586816847324371,-0.1327121879220008,5.284249732202291,-3.2445611826628444,-1.56329083442688,1.194118857383728,-0.2128377705812454,-4.345529204675555,3.494445459547639,0.9354690514501184,-0.21700219810009,0.2070067971944809,-2.7841567993164062
1774472620636610300,122.1556103515625,-0.4169643060937523,-1.2243810511916875,-0.0819283416241407,-0.3673531115055084,0.0228163618594408,-0.3293240368366241,-0.4497475085377693,5.571085729387402,-3.88637381632328,-1.6117998361587524,1.4125217199325562,-0.12015151232481,-4.88724889446795,3.531716913321614,0.9113757898095994,-0.259687215089798,0.2457189410924911,-2.539628267288208
1774472620646638000,122.16563818359376,-0.3450418101772666,-1.3494253348343073,-0.2761749024391174,-0.426192969083786,0.0532078221440315,-0.3879306316375732,-0.5514128162890672,6.063487553781271,-4.578351872122288,-1.678025722503662,1.5951495170593262,-0.0364900529384613,-5.22242660549581,3.3477614448964594,0.7577879140540957,-0.3185041844844818,0.3045980036258697,-2.2913451194763184
1774472620656666400,122.17566625976562,-0.2748053676515817,-1.403138512582332,-0.262117150992155,-0.4902767241001129,0.0731647759675979,-0.4385367333889007,-0.9194207837730646,6.465720446950197,-5.590157509604096,-1.8199034929275515,1.7328877449035645,0.0933081582188606,-5.42291527557075,2.864983188894391,0.6632942514978348,-0.383536159992218,0.324548065662384,-2.0597076416015625
1774472620666694100,122.18569409179688,-0.244502291585505,-1.2896674700945614,-0.0690852266639471,-0.5479956865310669,0.0861876308917999,-0.4809025526046753,-1.6910510529577731,6.864859465757012,-6.597768033483624,-2.05256986618042,1.8082846403121948,0.3292935490608215,-5.377988338607549,2.340317509755492,0.7584997155852615,-0.449281632900238,0.312634140253067,-1.825432062149048
1774472620676721200,122.19572119140624,-0.1415881528168916,-1.09666068020761,0.276005975612998,-0.581803023815155,0.0702984705567359,-0.5190101861953735,-2.3371797962516543,7.560607103222608,-7.549677712929248,-2.396273136138916,1.8732085227966309,0.6624688506126404,-5.470486589562893,1.842507688838244,1.0620372567243874,-0.5497332215309143,0.2767159342765808,-1.589753031730652
1774472620686749200,122.20574926757811,-0.0432744935810565,-0.9249583980254829,0.6450275040537119,-0.6018377542495728,0.028125187382102,-0.5567967295646667,-1.9646914684832093,8.72142198343277,-8.580572081762552,-2.827993869781494,1.9061683416366573,0.9390134811401368,-5.638969179046153,1.34892162309587,1.23758978459388,-0.6650608777999878,0.163819745182991,-1.3534952402114868
1774472620696777200,122.21577709960935,0.0285100551694631,-0.7327228847719729,0.9164104960411786,-0.6039624810218811,-0.0305142719298601,-0.6005975008010864,-0.9096838181346656,10.139079289102554,-10.045883119010924,-3.3962130546569824,1.870491862297058,1.0998159646987915,-5.732541781234741,0.8093728476017713,1.495756736655533,-0.7951768040657043,-0.0513933673501014,-1.1292706727981567
1774472620706805200,122.22580517578125,0.1271668287545442,-0.5263159305639564,1.1000894856125116,-0.587005615234375,-0.0722601264715194,-0.6550594568252563,-0.6537427254289389,11.710421428096293,-12.255827112925052,-4.184282779693604,1.7447453737258911,1.208863377571106,-5.825241692242026,0.2731435719192028,1.9208048343531787,-0.9096362590789796,-0.2698620557785034,-0.9342072010040284
1774472620716833000,122.2358330078125,0.2221568965256214,-0.4257376873970031,1.2596592853218316,-0.5466423630714417,-0.1301102638244629,-0.7115327715873718,-1.5554600947290658,13.126385958373548,-14.596573077225685,-5.184881687164307,1.4098597764968872,1.4510565996170044,-5.58526389234364,-0.2108902371019125,2.473531217458844,-0.990528643131256,-0.4969566464424133,-0.7538573145866394
1774472620726860300,122.2458603515625,0.2918196308165788,-0.3245860282562673,1.3866928430855274,-0.4932044446468353,-0.1927057206630706,-0.7854440212249756,-2.24045019133687,14.026278450334072,-15.838913563477991,-6.36942195892334,1.0558806657791138,1.8077846765518188,-5.713957492274045,-0.8227092990368604,3.390029976305365,-1.0468087196350098,-0.7362832427024841,-0.5940412878990173
1774472620736888000,122.25588818359375,0.3149541304275393,-0.1973961108870804,1.4774959805607797,-0.4416966438293457,-0.2450625151395797,-0.8629582524299622,-0.5697212109178305,14.563662156748771,-15.043404990577695,-7.494858264923096,1.0494089126586914,2.0472419261932373,-5.630439251109958,-1.3512129489034417,4.249261956575513,-1.0710670948028564,-1.0466954708099363,-0.4957321286201477
1774472620746916000,122.265916015625,0.3997822851464152,-0.0579589986242353,1.5373422542363404,-0.3844208419322967,-0.2976274490356445,-0.9337338805198668,1.4998533583194016,15.516839664173125,-11.712810953581332,-8.227645874023438,1.373371720314026,2.1959118843078613,-5.396948475143313,-2.022498345285654,5.090523980391025,-1.073560118675232,-1.3774712085723877,-0.4288551211357116
1774472620756944100,122.27594409179687,0.473735702368617,-0.0051014147922396,1.5693232003867623,-0.3468468487262726,-0.388668417930603,-0.9954316020011902,2.667365105819702,17.08464778382182,-6.26640082065463,-8.56301212310791,2.113828420639038,2.622150659561157,-5.578170134690404,-2.819096466988325,5.8279860225141045,-1.048705816268921,-1.577018141746521,-0.4168049395084381
1774472620766968000,122.28596801757811,0.4326075731664895,0.055680532298237,1.5651339320033788,-0.33848637342453,-0.4925878942012787,-1.0564606189727783,2.255791552853584,18.831464563143253,-0.4955702252969145,-8.56575870513916,2.45154070854187,3.415053606033325,-6.015057577133178,-3.706294897070527,6.328976811555028,-1.0179997682571411,-1.900175929069519,-0.527346134185791
1774472620776996000,122.29599609375,0.3322258754849433,0.1294289284676313,1.5112006817638872,-0.3554734289646148,-0.564524233341217,-1.1086108684539795,1.275527885583043,20.448025315523147,4.638178564314544,-8.417811393737793,2.0007100105285645,4.169589519500732,-6.3585518656075,-4.952786657783389,7.050124263215064,-0.8661571741104126,-2.300405263900757,-0.5369692444801331
1774472620787024100,122.30602416992188,0.2440980946987867,0.1182920329034328,1.330200556012988,-0.3831213116645813,-0.610922634601593,-1.1587049961090088,-1.2487030070215464,21.58286521199941,6.718065560990572,-8.35096549987793,1.6327252388000488,4.693608283996582,-7.6471157583743326,-5.991953180399537,8.301181724408268,-0.7076051235198975,-2.64077091217041,-0.6028880476951599
1774472620797052200,122.31605224609376,0.127972884440422,0.0158680157393217,0.9433879348158836,-0.4332141578197479,-0.6255996227264404,-1.215489149093628,-4.15799237063229,23.305479277956483,6.8425015034765,-8.464385032653809,1.3718286752700806,5.046248435974121,-8.845218458971381,-6.898133958849311,9.094539256754516,-0.6925382614135742,-2.8515729904174805,-0.6923734545707703
1774472620807079200,122.3260791015625,0.0261433260381221,-0.1587004695288837,0.4626812243908643,-0.5009790658950806,-0.5959402322769165,-1.2672724723815918,-7.069045236784219,26.575236276674268,8.305894139882922,-8.63469409942627,0.3718214333057403,5.359920501708984,-10.595314990615844,-8.458128189876675,9.176322052428128,-0.8799278736114502,-2.923046588897705,-0.7793794870376587
1774472620817107000,122.33610693359375,0.033241759866476,-0.456311835489422,-0.1218143618106842,-0.5763924717903137,-0.5010089874267578,-1.287727952003479,-14.43279471991062,30.98561993857622,14.62990952963829,-8.477087020874023,-2.7605457305908203,5.715808391571045,-12.71685823202133,-10.648206038326023,9.610902971494196,-1.0949106216430664,-2.9204490184783936,-0.8130276203155518
1774472620827135000,122.34613500976562,0.1612386097043752,-0.8585143335200845,-0.7395522924005985,-0.6540124416351318,-0.399046391248703,-1.2989039421081543,-21.669432903862,32.79066328141689,20.761567533326147,-8.564730644226074,-4.138377189636231,4.948904991149902,-15.281035350567102,-12.501651300764085,10.804432372826335,-1.1167597770690918,-3.19596529006958,-0.6015300154685974
1774472620837163000,122.3561630859375,0.1684904805287718,-1.1481228641584516,-1.289205697801709,-0.74502032995224,-0.3364484906196594,-1.3201810121536257,-16.403784996277093,25.520763463854788,18.148218095332386,-8.973315238952637,-2.9678540229797363,3.9358863830566406,-20.588069746029376,-13.11757838253975,12.439880196505785,-1.039811611175537,-3.895227432250977,0.003275558585301
1774472620847190000,122.36618994140623,-0.1825230975344777,-1.1910979364015162,-1.6200287207514046,-0.8285011053085327,-0.3177693486213684,-1.3793106079101562,-11.648238820427656,16.43280884618759,20.55952403502464,-8.773845672607422,-2.235602140426636,4.496465682983398,-26.982468001043795,-12.96158819488287,12.972898693448304,-1.0028101205825806,-4.798725128173828,1.333422064781189
1774472620857218000,122.37621801757813,-0.7215174540162086,-1.0454539323225618,-1.690987924593687,-0.8806517124176025,-0.3283435404300689,-1.4671481847763062,-3.0263959861218925,10.525131447321176,25.001385369729995,-8.243913650512695,-0.8070197105407715,4.544787406921387,-32.53706495244503,-9.544455692118406,11.741643080312013,-1.0601118803024292,-5.360627174377441,3.520580291748047
1774472620867246000,122.38624609375,-1.1990826515451074,-0.8580442317903041,-1.4853566309332846,-0.9357117414474488,-0.3808847963809967,-1.5938720703125,26.40896785610914,6.303702669566869,17.731088077282905,-7.518342971801758,3.5418834686279297,2.251407623291016,-36.91332188833952,-1.634744643846154,9.573279635542631,-1.225253701210022,-5.392974853515625,6.003899574279785
1774472620877274000,122.39627416992188,-1.6530100761160254,-0.8243598427228629,-1.091695751276612,-0.9688138365745544,-0.4158420860767364,-1.70695698261261,56.27137988381386,4.894861707559228,19.51457775996328,-5.050234317779541,8.805073738098145,-1.557758331298828,-35.734423069906235,7.108316339942813,8.614529296422004,-1.6523617506027222,-5.446888446807861,7.882558345794678
1774472620887300900,122.40630078125,-1.853921063256264,-1.2061693949356675,-0.7695166380316019,-0.9310922622680664,-0.4298132956027984,-1.7929730415344238,76.23547718877792,2.923221442851424,39.244477017474175,0.2474372088909149,9.728877067565918,-3.173565626144409,-29.09480151555538,11.395958003795146,5.950709900385141,-2.317995309829712,-5.311128616333008,9.128594398498535
1774472620897329200,122.4163291015625,-1.858831047129631,-2.0480743928298355,-0.7014461413681506,-0.853370726108551,-0.4318549633026123,-1.8686484098434448,69.78726551051139,-11.001636029881238,55.79602330224514,5.206693649291992,1.6280328035354614,0.8008852005004883,-20.07198835536241,11.351307545685769,2.3899587618894875,-3.0853073596954346,-4.357941150665283,10.120375633239746
1774472620907357000,122.42635693359377,-1.9626175848186016,-2.800696886944771,-0.9695914666086436,-0.7713840007781982,-0.3896225392818451,-1.9521610736846924,46.47635953133106,-11.833823351359367,41.509410492682456,6.204671859741211,-3.686244010925293,5.055568218231201,-12.240325592410564,9.955130250418186,-0.0012467851907014,-3.676915168762207,-2.292567729949951,11.00216579437256
1774472620917385200,122.43638525390624,-1.874174162212014,-3.3006232616245743,-1.3695739505022764,-0.7149997353553772,-0.2742451727390289,-2.0561981201171875,11.597164466750622,-5.901306110268831,18.510511776822803,4.010328769683838,3.434986114501953,6.4156341552734375,-6.073555358809232,9.90038743736148,-0.1361371574020013,-3.735673427581787,0.7406017184257507,11.905902862548828
1774472620927412000,122.44641186523438,-1.448660054437816,-3.228227887499332,-1.7175503528267144,-0.710766613483429,-0.1298070251941681,-2.157461881637573,-25.33906834157705,-9.444546872645615,2.313812072406709,0.3964574635028839,9.282331466674805,5.788221836090088,1.5259795870922506,13.146404664051532,3.461265951262414,-3.2942230701446533,3.4242618083953857,12.649806022644045
1774472620937440300,122.45644018554688,-0.9267670548826455,-2.6311528057098386,-1.7410545625329017,-0.7137611508369446,-0.0518398955464363,-2.214883804321289,-11.73607141765952,-8.93059723331034,-6.10186959914565,-3.358745813369751,8.85562515258789,5.085296630859375,8.341807749307154,20.23455558332205,7.699146389862895,-2.3685567378997803,5.019976139068604,12.821927070617676
1774472620947468000,122.46646801757812,-0.6719499977707862,-1.932531804765016,-1.4644371770232916,-0.720455527305603,-0.0439830385148525,-2.215771198272705,-13.458934489941596,-5.25734068248868,-12.057462595397231,-5.668031215667725,7.390416145324707,4.18948221206665,13.304312083506584,31.768890961194035,11.03251865940094,-1.841999173164368,3.710218667984009,17.158048629760742
1774472620957495800,122.47649584960938,-0.5924094280660152,-1.0564797687277196,-1.0808429333508014,-0.7284310460090637,-0.0462217107415199,-2.173656225204468,-8.276353572621941,-0.925911899358034,-8.000093914508819,-6.247509956359863,6.239947319030762,3.052394390106201,-18.673826023757456,76.52444143016338,6.126473294526338,-1.4791665077209473,-0.7606666088104248,18.105207443237305
1774472620967523000,122.48652319335936,-0.4233201048612594,-0.0257480431102216,-0.7084370231688022,-0.7561489939689636,-0.055963821709156,-2.078927993774414,-4.526602980184554,-0.2892407202392816,1.639053154695034,-4.96544885635376,5.377404689788818,2.3082759380340576,-5.375656680789589,125.12760957608222,-2.820702440880239,-1.6571972370147705,-4.047726154327393,13.873357772827148
1774472620977551000,122.49655102539064,-0.3171872963070869,0.9973546489335596,-0.4321265116512775,-0.7676908373832703,-0.0601666904985904,-1.93181836605072,-4.517485023227334,1.058610643276572,9.626410337227584,-2.664231777191162,4.37569522857666,1.5877596139907837,37.2266840734005,84.25962534809112,-15.40055020326376,-0.328620433807373,-5.56289005279541,8.117734909057617
1774472620987579100,122.5065791015625,-0.3231856599390506,1.9802190002217888,-0.3338701355606317,-0.752754807472229,-0.0711279883980751,-1.6973052024841309,-1.977861331179738,1.8953133963525293,11.188965943175551,-0.4636251926422119,3.2355260848999023,0.5838937759399414,63.23891354210377,50.15054254934788,-13.36463240443468,0.4257050156593323,-4.2642083168029785,2.241577625274658
1774472620997607000,122.51660693359376,-0.3450330423489213,2.9280408258318897,-0.3162964849472046,-0.687757134437561,-0.1441162228584289,-1.3958923816680908,-2.496578331047296,1.7193366517215969,9.818714531803131,0.9996132850646972,1.909937620162964,-0.2694527506828308,61.099558749675744,22.2452828267932,1.9664201919719573,1.2561947107315063,-1.972728252410889,-0.9152910709381104
1774472621007635200,122.52663525390624,-0.5861021446153521,3.922228389036656,-0.2540028181195259,-0.5577477812767029,-0.2465352714061737,-1.0390794277191162,-4.843015784987807,0.868820477348566,6.968567092990875,1.5453667640686035,0.7641785144805908,-0.7827585935592651,25.12690092414617,-3.94883348736763,11.707021848785876,3.2258541584014893,-3.373269557952881,-1.6515510082244873
1774472621017662000,122.53666186523438,-0.9089432289004326,4.959413382446765,-0.1124602580100297,-0.3660595715045929,-0.2938678562641144,-0.6466487646102905,-5.178404508417844,-1.0896733055382966,4.2853593981340525,1.2070399522781372,0.203648567199707,-0.9161499738693236,2.388377484047413,-10.714555118024348,4.587308501037955,5.484049320220947,-6.728271961212158,-1.2758036851882937
1774472621027690000,122.54668994140626,-0.8915507800728082,5.748088309934735,0.1950438486725091,-0.1175280436873436,-0.235314279794693,-0.2271569520235061,-5.297364065319299,-3.351762497231364,1.5043398560836911,0.1684481054544448,0.2084579318761825,-0.6433883905410767,3.9006811586171386,-8.390688392332196,-0.4492335676662624,6.504542827606201,-5.847238063812256,-2.325027704238892
1774472621037718000,122.55671801757812,-0.3639122226029634,5.936981819283962,0.477402408182621,0.2139111012220382,-0.1288630962371826,0.2058988511562347,-5.062165316390991,-4.390648449340462,-0.6935650327295064,-1.111785054206848,0.4955336451530456,-0.1380722224712371,8.271893670603632,-1.5504302838683128,-0.9016232612758874,6.635141849517822,-2.4004907608032227,-3.940866470336914
1774472621047746000,122.56674609375,0.298238557948172,5.395189064255357,0.4769815524220466,0.5413544774055481,-0.0233270898461341,0.5936425924301147,-3.7607781824082136,-3.546559093144536,-1.765599221202731,-2.0770204067230225,0.5922439694404602,0.2258080393075943,6.783596894565224,4.147808245748282,-3.276817438623309,5.779900550842285,0.8465896248817444,-4.249268531799316
1774472621057773000,122.57677294921876,0.4886658527359366,5.4289644926071166,0.6000216566354036,0.8551035523414612,0.0903190672397613,0.908165156841278,-1.8554151012063025,-2.050547797206044,-1.7897730007335542,-2.515543222427368,0.4568184912204742,0.2662108242511749,-3.2991257165431973,10.618389576733112,-10.995187584394216,4.153834819793701,2.8235831260681152,-2.713083505630493
1774472621067801000,122.58680102539064,0.6389359091803432,5.491402536341548,0.8870587293505668,1.1290408372879028,0.1575455069541931,1.0845651626586914,-0.4282406101286411,-1.171723227715492,-1.1417075902886689,-2.4127025604248047,0.2618358135223388,0.015560308471322,-12.592920886707304,16.41196245751381,-18.56285454300046,3.584909439086914,3.9093422889709473,-1.890866994857788
1774472621077829000,122.5968291015625,0.7345958390370011,5.129881008267402,1.2570032178550958,1.3299134969711304,0.1580592691898346,1.1517572402954102,0.984241923251748,-1.0445447085231545,-0.0706716921377927,-1.8573899269104004,0.1790554523468017,-0.3933217227458954,-4.076061106398702,16.54167020292282,-12.35031040021777,3.843685150146485,3.8169994354248047,-1.4394205808639526
1774472621087857000,122.60685693359376,0.8342655890569091,3.912583777856826,1.5074872141987083,1.5096877813339231,0.2265413850545883,1.1550441980361938,1.5444360118895768,-1.1826420966148377,0.6231621475957334,-1.0859054327011108,-0.0013729125494137,-0.8049602508544922,-0.8269131804674863,12.619690820211172,-7.029727371874452,4.066407680511475,3.168179512023926,-0.7087244987487793
1774472621097884000,122.6168837890625,1.0539368062466383,1.959043087332696,0.940115781277418,1.6356005668640137,0.3590481877326965,1.0751609802246094,2.138777869322896,-0.973227192762494,0.7352491153139621,-0.4087488353252411,-0.2512905895709991,-1.1224873065948486,-3.262850872591138,8.505356974041462,-6.59637628686428,3.9515280723571777,3.058623790740967,0.1441868096590042
1774472621107912000,122.62691186523438,0.9485416643172502,0.3189810478560626,0.313033683758974,1.6854640245437622,0.5059023499488831,0.910529375076294,2.0489953070670364,-0.508803508618474,0.5472667294602841,-0.0005537932738661,-0.3461989462375641,-1.278161644935608,-5.8045829350948335,3.8703321975827216,-5.778431425750255,3.574354410171509,3.655231475830078,0.8830933570861816
1774472621117940000,122.63693994140624,0.2534302789285779,-1.7181617627233263,-0.6765653826117515,1.65156352519989,0.8384724259376526,0.6945176124572754,1.4044944572359324,-0.041516836258769,0.5116740956187248,0.170777752995491,-0.3047335147857666,-1.2704904079437256,-5.638336726361513,-2.198670904749632,-5.202967287266255,3.1225035190582275,4.312361240386963,1.2746095657348633
1774472621127968000,122.64696801757812,0.1113058272778987,-4.379011787560582,-2.2021043863296508,1.529608964920044,1.1174585819244385,0.4806534945964813,0.8055138340860605,0.3994359559267759,0.8661703281659633,0.1864589750766754,-0.1400214284658432,-1.143519163131714,-3.6234447644263503,-8.909183858403564,-4.7989711838170885,2.663079261779785,4.077470302581787,1.2481611967086792
1774472621137995000,122.6569951171875,0.0812850752845406,-6.8507742417812345,-4.00756157066822,1.099687933921814,1.415016770362854,0.2410567998886108,0.4309679892659187,0.7581850966781377,1.034974112427607,0.0700538009405136,0.1204990893602371,-0.9671416878700256,-0.9913713367402552,-11.741859353411195,-4.650423128859699,2.153082609176636,2.766355037689209,1.1255855560302734
1774472621148023000,122.66702294921876,0.4545364963799714,-7.904625123310089,-5.080059869521856,0.1165684834122657,1.8362574577331543,-0.1450621485710144,0.3283084097802639,1.060203757686913,1.0172240092687308,-0.1227658614516258,0.389501690864563,-0.7717163562774658,-0.1050578727990388,-8.163492332595586,-4.328675392769277,1.6673475503921509,1.318597435951233,1.269220948219299
1774472621158051000,122.67705102539064,1.6623258937329053,-7.145417697846889,-4.826426469236612,-0.9566683173179626,1.895408272743225,-0.8357059359550476,0.4308487468004226,1.3893892425626515,1.0736324905153365,-0.3373841345310211,0.5941677093505859,-0.5896325707435608,-1.0754162321269511,-2.8265310009032487,-2.839270070967078,1.2779200077056885,0.3527832627296448,1.6506341695785522
1774472621168079000,122.6870791015625,1.967135939025879,-6.9258134084135285,-4.032070573502779,-1.674613118171692,1.4815456867218018,-1.6678459644317627,0.7644488332480192,1.8127534788265824,1.2319891881078482,-0.5175677537918091,0.7219487428665161,-0.4413926303386688,-1.918483259537816,0.3622182781666517,-1.3780577012091877,1.0579344034194946,-0.1260459125041961,1.9197746515274048
1774472621178106000,122.69710620117188,1.5630957041740416,-7.653731961643695,-2.349855153429508,-1.7724592685699463,1.0162771940231323,-2.056243658065796,1.2478244706213473,2.2442989757195115,1.5240527106828987,-0.6428140997886658,0.8475407361984253,-0.3073264360427856,-1.058711765563488,1.728142473989725,-0.615336422406137,1.0925633907318115,-0.2960720062255859,1.8181829452514648
1774472621188134000,122.7071337890625,2.0013404064446685,-8.003432703542709,-0.1785229219824075,-1.646228909492493,0.3245749175548553,-2.1278610229492188,1.466083190664649,2.244146123245358,2.0833675322681664,-0.6545064449310303,0.9842537641525269,-0.2234431952238083,0.9588771803706884,2.367622865310312,-0.5716475028052925,1.160516619682312,-1.2209579944610596,1.723376750946045
1774472621198162200,122.717162109375,1.5940274335324762,-6.014214112046361,3.0015076285809275,-1.575865387916565,-0.6717659831047058,-2.0460684299468994,1.4590671744227408,2.219439259751141,1.9622085656262933,-0.5990013480186462,1.177604913711548,-0.1449172347784042,2.1130916394025085,2.157858417367935,-2.2766218671754,1.0620657205581665,-1.8973947763442995,1.744090557098389
1774472621208190000,122.72718994140624,0.6811649853616952,-1.96518027491346,6.276724061748385,-1.512184739112854,-1.6205788850784302,-1.8818622827529907,1.4073194515287877,1.936168846093118,1.9018157639838755,-0.5092500448226929,1.4109845161437988,-0.0733424574136734,1.783594896620512,0.7555687766999006,-3.512697447814047,0.8345144391059875,-1.8525457382202148,1.6434112787246704
1774472621218217200,122.73721728515623,0.7486030293405056,0.7499111162643879,7.379792270910739,-1.4026614427566528,-2.330549478530884,-1.66876220703125,1.2632213617175816,1.4858236639231444,1.5700773797549306,-0.4165795147418976,1.6672132015228271,-0.024598091840744,2.029755184546113,0.209760940811038,-3.5264208527401086,0.6088002324104309,-1.4514143466949463,1.5035138130187988
1774472621228245000,122.74724487304688,1.5297838016808032,1.8066650988236068,7.17065033878088,-1.2789956331253052,-2.638013362884521,-1.4549860954284668,1.2142372583180665,0.95470573990494,1.0421573749952018,-0.3572139143943786,1.933804392814636,-0.011039406992495,2.215714978531003,0.5758797335475683,-3.2586209799364205,0.5010349154472351,-0.9954081773757936,1.3882948160171509
1774472621238273000,122.75727294921874,2.2510908278167245,2.1906047949329017,7.003529100778699,-1.1446095705032349,-2.591177463531494,-1.3590426445007324,1.2191747147202492,0.4222293870151042,0.5002902395561337,-0.3395094871520996,2.1735167503356934,-0.0298301372677087,1.9022440723985432,1.5622206749051808,-2.688791340208053,0.5180037021636963,-0.6428323984146118,1.318874478340149
1774472621248301000,122.76730102539062,2.399696750441193,2.543446757467091,6.881855024221539,-0.9732723832130432,-2.0854604244232178,-1.2921435832977295,1.3381056300491094,0.0492713959082961,0.1261373395763337,-0.3573461472988128,2.3327579498291016,-0.0743911415338516,1.3026105382978916,2.364468785193562,-2.1613266780003904,0.6013299822807312,-0.3602486848831177,1.2334831953048706
1774472621258328000,122.777328125,1.9975392605960367,3.428721818271279,6.266564486783743,-0.8322526812553406,-1.1193448305130005,-1.1151454448699951,1.5832973652034996,-0.0375137380972504,0.018685411247611,-0.3752881288528442,2.4033396244049072,-0.1509000211954116,0.8630413094252347,2.7878771528601645,-1.7071750892847777,0.6824177503585815,-0.0781630352139473,1.1607036590576172
1774472621268356000,122.78735620117187,0.8390256430655717,4.847442076997458,4.206993425166607,-0.8139573335647583,-0.1074064671993255,-0.8453402519226074,1.8476286851137875,0.1260027534112334,0.1793313157558441,-0.3895774483680725,2.415109872817993,-0.2536818385124206,0.4148649957269429,2.917625230279565,-1.3438751533612607,0.6824851036071777,0.1860435754060745,1.1141310930252075
1774472621278383900,122.7973837890625,-0.7425421218663454,5.605215962526202,0.184240130585432,-0.9353404641151428,0.2934373915195465,-0.5862885117530823,1.8756424811989068,0.3026744945690036,0.4833353053629398,-0.380763977766037,2.4075772762298584,-0.3525207936763763,0.0784182876765728,2.7758155436664818,-1.4534732999384403,0.5575202703475952,0.3554647862911224,1.085417866706848
1774472621288412200,122.807412109375,-1.4781766563013194,5.621545166036486,-3.8740988566398618,-0.83954918384552,0.1515084952116012,-0.3362337052822113,1.6227350571006536,0.3996078053623437,0.97514647038728,-0.353679746389389,2.382624626159668,-0.421812504529953,-0.1489256560981273,2.400898527446389,-1.9399217688858508,0.3850861489772796,0.37077397108078,1.1013957262039185
1774472621298440000,122.81743994140623,-0.0423296139463782,4.094050352075696,-6.15011895852983,-0.5373338460922241,0.1109871789813041,-0.0691952556371688,1.409883164536953,0.3930643750682473,1.1510244308188555,-0.350351870059967,2.3537256717681885,-0.4744935631752014,-0.7105693590223788,2.1099100867569445,-1.997833275106549,0.2980585396289825,0.1284770369529724,1.1118216514587402
1774472621308467200,122.82746728515625,1.241582945883274,2.786082086136937,-8.520388538956642,0.163066104054451,0.1703988462686538,-0.055391289293766,1.4532400757044552,0.3331038273632526,0.9360127298727632,-0.3906963467597961,2.3301360607147217,-0.5596432089805603,-0.8962690407663583,2.160880395537615,-1.2478800002008676,0.363065242767334,-0.1229187101125717,1.10921311378479
1774472621318495000,122.83749487304688,1.7478545979365705,1.3784237580426038,-9.997870490992067,0.8307956457138062,0.4009919762611389,-0.211913377046585,1.773715892162919,0.3824143862381577,0.6028983811154961,-0.4608983397483825,2.3033699989318848,-0.7008530497550964,-1.0605191072463989,2.6332909867823124,0.0497460276827216,0.5143831372261047,-0.2712331116199493,1.1293134689331057
1774472621328523300,122.84752319335938,0.3389589831322431,0.0647954205155372,-8.398533260613679,0.9248294830322266,0.7020343542098999,-0.2401039898395538,2.06642633433938,0.5747492682129144,0.371345002952218,-0.530225932598114,2.262531280517578,-0.8806883692741394,-1.5515017124921082,3.175924576549232,0.8782143286377191,0.6452130079269409,-0.3970360457897186,1.1531662940979004
1774472621338551000,122.85755102539062,0.2116173823326826,0.7381387723408639,-2.180775767096877,0.9104467630386353,0.6123584508895874,0.0660870000720024,2.0178999115794896,0.8439099079757928,0.44777854655236,-0.5668768882751465,2.182196140289306,-1.0619503259658811,-1.7704677040219303,3.4563232341632246,0.7442489257842302,0.7011154890060425,-0.5020259022712708,1.1865637302398682
1774472621348578000,122.867578125,-0.3771428755760193,1.906132604269684,0.7514999198257922,0.7787832617759705,0.2231502532958984,0.1125985756516456,1.902211339172721,1.1037281343758103,0.6312994229525327,-0.5815416574478149,2.055680990219116,-1.2325383424758911,-2.016104844856262,3.4526565283492205,0.3222697141379118,0.7087150812149048,-0.5199711322784424,1.219458818435669
1774472621358606000,122.87760620117189,-1.7066379136681555,2.2639004788987336,0.8044418209403753,0.6291464567184448,0.1042403951287269,0.2426059544086456,1.753756223195791,1.2031556000724437,0.6728489924371243,-0.5860304236412048,1.90322494506836,-1.382588028907776,-2.196163305842876,3.419941422705352,0.2446180269196629,0.7026354074478149,-0.471233606338501,1.2729527950286863
1774472621368634000,122.88763403320311,-1.994720696043968,2.2089590745300054,1.3563058881282806,0.4918719530105591,0.1043961867690086,0.3416797816753387,1.3699293398112058,1.1473568482220171,0.7510095059603452,-0.5728291869163513,1.760582447052002,-1.501023530960083,-2.379528991681337,3.486913894999028,0.2236713927417993,0.6836742162704468,-0.4127790927886963,1.335379123687744
1774472621378662100,122.897662109375,0.2779191157579422,1.7216843838915228,0.6126292092740535,0.2907417714595794,0.1949295699596405,0.4635301232337951,0.980435516706109,0.9933294850707054,0.7544698755472898,-0.5694009065628052,1.6596221923828125,-1.618621826171875,-2.4753455734044314,3.590264671619236,0.0584966126322746,0.6742680072784424,-0.3523607850074768,1.4163678884506226
1774472621388689200,122.90768920898438,1.231924890699983,1.6353879101857542,0.6998427978247403,0.0921314507722854,0.1503740847110748,0.5450907349586487,0.9514987605571746,0.8926029194742441,0.4478063113421201,-0.595888078212738,1.5856856107711792,-1.7885138988494873,-2.568696641796828,3.5436928900584577,0.0111126379057765,0.7184855341911316,-0.2745696008205414,1.5155328512191772
1774472621398717000,122.91771704101562,1.2141197694182395,1.6793448330730198,0.6410539242476224,-0.0488067343831062,-0.0094132684171199,0.6043828725814819,1.191018879815936,0.906633490653336,0.0259077637165784,-0.6553071737289429,1.5255086421966553,-2.03191876411438,-2.4841852979421613,3.228808902257681,0.2596305948734283,0.8197029232978821,-0.202682763338089,1.6169224977493286
1774472621408745000,122.92774487304688,0.6543968054234981,1.167727874469012,0.6725181530475616,-0.1326342523097992,-0.1866013705730438,0.6314464807510376,1.380686296147108,0.9459718138292432,-0.3777244748562574,-0.7434977293014526,1.4676657915115356,-2.34277081489563,-2.4726029966980216,2.7572031976550817,0.4770560789629817,0.9179751873016356,-0.1645806580781936,1.7070337533950806
1774472621418773000,122.93777294921875,0.3609820143699646,0.6987498149562626,0.8726923503458499,-0.1552449911832809,-0.306785523891449,0.6227508783340454,1.1530015761107206,0.9524766656786204,-0.3531698793143034,-0.8159050941467285,1.3273515701293943,-2.6554951667785645,-2.52922797023952,2.4887933762595056,0.5326999325126409,0.9610223770141602,-0.1509691476821899,1.7697999477386477
1774472621428800000,122.94780004882811,0.4043342493623494,0.3282266497809439,1.132349248704314,-0.1560766994953155,-0.3374401032924652,0.5694717168807983,0.6721604256510734,0.8968976940587162,0.2096884600967168,-0.8346172571182251,1.0343424081802368,-2.896481990814209,-2.541318221005797,2.6516975810885426,0.5387637625962496,0.9239349365234376,-0.1541984975337982,1.8223580121994016
1774472621438828000,122.957828125,0.3947068815782666,-0.0984765216473489,1.2106214059084652,-0.1343835294246673,-0.2928811311721802,0.4984091520309448,0.5830711063563824,0.779793555765599,0.7708926025599241,-0.8205544352531433,0.6368181109428406,-3.047734260559082,-2.595642516389489,3.1131697219505905,0.5590116008549928,0.8280324339866638,-0.1471870988607406,1.8919095993041992
1774472621448856000,122.96785595703123,0.2541024791017174,-0.5293364474289118,1.0059142413556574,-0.0850700438022613,-0.1983948349952697,0.4242899119853973,0.5877730004370212,0.7550973597958683,1.1005635328650474,-0.7840360403060913,0.3207322359085083,-3.122821807861328,-2.4285370604783294,3.4953479613453147,0.6250801100462675,0.7146552801132202,-0.1556892395019531,1.962458610534668
1774472621458884000,122.97788403320313,0.0352580681249499,-0.9781783854290842,0.5764496423900127,-0.0050414558500051,-0.0665399357676506,0.4048397541046142,0.4136912757724523,0.8339891102030873,1.2101941204071045,-0.7449954152107239,0.1623457819223404,-3.168375968933105,-2.003087542372942,3.458286058668792,0.4951166363105178,0.628775417804718,-0.2059271037578582,2.0320041179656982
1774472621468910800,122.98791088867188,-0.0347054026782512,-1.2636691054850815,0.17075988676548,0.0625429153442382,-0.0223956443369388,0.287065178155899,0.247307119873166,0.9905219533693044,0.9852543151646852,-0.7170109748840332,0.1056679189205169,-3.2158679962158203,-1.695325661537051,3.0334783455982803,0.2164578081011772,0.5975506901741028,-0.2828477025032043,2.1268420219421387
1774472621478939100,122.99793920898438,-0.5732634135693311,-1.257181204770505,0.0534545268118381,0.127162903547287,0.043560829013586,0.2523435950279236,0.1728103895545005,1.2022202189184723,0.5480810415178538,-0.7099291086196899,0.0677799209952354,-3.2781007289886475,-1.669018084847927,2.499273561480641,0.1620470034778118,0.6298976540565491,-0.3688468337059021,2.2259328365325928
1774472621488967000,123.007966796875,-0.4420218827217817,-0.917214652030915,-0.3486018407464027,0.1777110248804092,0.0653955563902854,0.1870823204517364,0.1085667577028274,1.4173492626339197,0.2514186468452215,-0.6982523798942566,-0.0022493067663162,-3.309265613555908,-1.689057248792052,2.048090613312274,0.4067743359908461,0.6672346591949463,-0.453205943107605,2.299248456954956
1774472621498995000,123.01799487304687,-0.2491436876505613,-0.5560863610580563,-0.3800654850244522,0.2021227478981018,0.0624618828296661,0.1465567797422409,-0.2154483387976884,1.503803703380376,0.168128369218111,-0.6622259020805359,-0.0614021122455596,-3.2486109733581543,-1.7039724938511849,2.002613787381351,0.7041252974495291,0.619975745677948,-0.5779126286506653,2.3372623920440674
1774472621509022000,123.02802197265623,-0.1634261828765273,-0.0864255069129169,-0.4405371971219777,0.2061694264411926,0.0109821800142526,0.1193714886903762,-0.7099240468561648,1.365128369270265,0.1784896042346954,-0.5911390781402588,0.0003574821166694,-3.106513738632202,-1.4310966329574584,2.227695485312492,0.7051359357967972,0.4847550690174103,-0.7923319935798645,2.38008975982666
1774472621519050200,123.03805029296876,-0.3407157636716961,0.2335783081196248,-0.3371802830219269,0.2052699923515319,-0.0530959442257881,0.1177782863378524,-1.2788152366906405,1.003746541927755,0.1371802732467651,-0.502886950969696,0.2259743511676788,-2.9086837768554688,-1.5048475133448838,2.4403711445264515,0.7188917816877365,0.3261875510215759,-1.030911922454834,2.508720636367798
1774472621529078000,123.048078125,-0.3264858705282211,0.343880949704349,-0.3097305505603551,0.1996113210916519,-0.1249584183096885,0.1320570856332779,-1.5892916371822357,0.5920275160763412,-0.0253179811298847,-0.4182668626308441,0.5717387199401855,-2.703356504440308,-1.880918960297108,2.605145088750124,1.3725216943919658,0.1901082694530487,-1.2065972089767456,2.635420799255371
1774472621539106000,123.05810595703124,-0.2305064994588494,0.2588266580794006,-0.2175982103079557,0.1881943196058273,-0.1831235140562057,0.1575574427843094,-1.6159148556917904,0.3352406201962381,-0.2546194887131452,-0.352451354265213,0.9289048314094543,-2.5028436183929443,-1.4668658654749394,2.476823244741559,1.9167247254326936,0.0183203388005495,-1.3903594017028809,2.727266788482666
1774472621549134000,123.06813403320312,-0.1175143265292048,0.154867174976319,-0.1009860933154821,0.1602638959884643,-0.2207284122705459,0.1894144415855407,-1.5400614500671623,0.3429020216695964,-0.3250011849284172,-0.2976070642471313,1.2051047086715698,-2.301058769226074,-0.9244541017651556,2.0270982402965427,1.1631477070719003,-0.1568496078252792,-1.5494276285171509,2.8192238807678223
1774472621559160800,123.07816088867187,-0.0003182721689343,0.147858099931851,0.0336059170037508,0.1294432878494262,-0.2441186010837555,0.2209084928035736,-1.390745917868614,0.5639250918596983,-0.1430272457093,-0.2464022040367126,1.3977841138839722,-2.098345994949341,-0.6236340028911829,1.5521962706275283,0.1259942778438329,-0.261969119310379,-1.594391107559204,2.9058761596679688
1774472621569189000,123.08818920898436,0.0982850176632404,0.1722237487729638,0.2702104410767555,0.0811149105429649,-0.2637053728103637,0.2494043111801147,-1.1425059010595082,0.7847538085214794,0.154815883180499,-0.204754889011383,1.5696661472320557,-1.898323893547058,-0.2136006651043892,1.1460736765436828,-0.2546528064608573,-0.3169873654842376,-1.5180574655532837,2.972727060317993
1774472621579217000,123.098216796875,0.1742366229653358,0.2712708368498832,0.433158777308464,0.0239279679954051,-0.2492960840463638,0.2742229998111725,-0.9721171856939792,0.9293437735028564,0.4635930785387754,-0.1727894991636276,1.7677158117294312,-1.695014476776123,0.0663771367490291,0.964772887345776,-0.4232382717967033,-0.4101143181324005,-1.4148021936416626,3.0338616371154785
1774472621589245200,123.1082451171875,0.2291290736258029,0.3365614204712212,0.4828355391472578,-0.0297563001513481,-0.2046244889497757,0.287453830242157,-0.9848673616737128,0.9378663949154316,0.6892571064025164,-0.1572001725435257,1.987059235572815,-1.490784764289856,0.2214548857361078,1.1850909510716796,-0.6319073257178068,-0.5506752133369446,-1.3026783466339111,3.1033966541290283
1774472621599272000,123.11827197265625,0.24694530082345,0.3569192949756979,0.4153717762053012,-0.0721077471971511,-0.1587845683097839,0.2896397709846496,-0.974525415879488,0.87719156146124,0.7914157506287097,-0.1659001857042312,2.195776462554932,-1.2998172044754028,0.4799719664096832,1.5941721027001738,-0.5371497515283524,-0.6900613307952881,-1.215105056762695,3.141902446746826
1774472621609300200,123.12830029296876,0.1740788020551204,0.3132980337835848,0.3265928380340337,-0.1110895052552223,-0.1250676065683365,0.2749218046665191,-0.8918471326708793,0.8216608128972351,0.764611330333352,-0.1962473094463348,2.3604204654693604,-1.136893391609192,1.065205803757906,1.843349400359392,-0.3938656084485352,-0.772645115852356,-1.2013835906982422,3.1378862857818604
1774472621619328000,123.13832788085938,0.0034396190598607,0.2229652902990579,0.2200952878206968,-0.1358422338962555,-0.0981344059109687,0.2641326487064361,-1.037674238231778,0.8873303858987986,0.867518747100234,-0.2277397215366363,2.459993600845337,-0.9776954054832458,1.5890052214562893,1.81151867633462,-0.3695084351748228,-0.7748114466667175,-1.236743688583374,3.109582662582397
1774472621629356000,123.14835595703126,-0.0621206483483314,0.1705218402259051,0.1531324601382017,-0.1365423798561096,-0.0825471878051757,0.2524341642856598,-1.2224456992149353,1.051830627747625,1.073750929263234,-0.267135739326477,2.552837610244751,-0.8503493070602417,1.7723919500827787,1.7260466707542537,-0.2494264501146972,-0.7029330134391785,-1.2645410299301147,3.075291156768799
1774472621639383000,123.15838305664064,-0.0438736285179853,0.1165605329357087,0.1489502060174942,-0.1268995255231857,-0.0860052779316902,0.2528452575206756,-0.9352467139363289,1.184220890238881,1.0555167689144611,-0.3388416171073913,2.6656954288482666,-0.7918825149536133,1.6796470308899878,1.7531643947824835,0.1070021387346088,-0.6335496306419373,-1.2608349323272705,3.053739070892334
1774472621649411000,123.1684111328125,-0.0218961899876594,0.0920830942831933,0.2233019749075174,-0.1052307188510894,-0.103340059518814,0.2552684545516968,-0.4338952748894691,1.158097730205953,0.8325643380969763,-0.4485485255718231,2.7365846633911133,-0.7915770411491394,1.4713234294056892,2.0109508230939506,0.3859570272810756,-0.6355656385421753,-1.244226098060608,3.076993465423584
1774472621659439000,123.17843920898436,-0.0143646254390478,0.080519643869996,0.381321038043499,-0.0726056098937988,-0.1295339465141296,0.2578257024288177,0.1183516541361808,0.966723802217841,0.4684054472565651,-0.5860466957092285,2.748086214065552,-0.8556305766105652,1.2282020707845689,2.3896831598185,0.3987801223665476,-0.7008088231086731,-1.213815689086914,3.121807098388672
1774472621669467000,123.188466796875,0.0287909179374575,0.0536053334593772,0.5231032521277665,-0.0374159291386604,-0.1634937822818756,0.2588755190372467,0.6443792692780494,0.715889969523251,0.1534896030128002,-0.7209752202033997,2.6648433208465576,-0.967242956161499,1.1564894182264804,2.621842248789966,0.374347691899538,-0.765744686126709,-1.15823495388031,3.146238327026367
1774472621679494100,123.198494140625,0.0498211387455463,0.0119550800792872,0.5664782834738492,0.0048333234153687,-0.1997666954994201,0.2617291510105133,0.4359305801093578,0.319328107728064,0.3201940769076347,-0.7975493669509888,2.463230609893799,-1.0717240571975708,1.4776000254571438,2.7414547166422008,0.4623991925790905,-0.7920650243759155,-1.1060632467269895,3.151895523071289
1774472621689522000,123.20852197265626,0.0747778853476047,-0.0771904994472861,0.4648655826926231,0.0501619204878807,-0.2305485755205154,0.2637670040130615,-0.1091127011477947,0.046901159645617,0.962027753356099,-0.7908544540405273,2.2006843090057373,-1.158524990081787,1.706420471525192,2.7005440295830367,0.4344966017834842,-0.751228928565979,-1.0697907209396362,3.129798412322998
1774472621699550200,123.21855029296874,0.0771592275261879,-0.186805451028794,0.2817430579602718,0.0953297540545463,-0.2507805228233337,0.2530576884746551,-0.4834609775692224,0.1590089509561657,1.6653747599095106,-0.728264331817627,1.9190171957015991,-1.2461222410202026,1.9484791693508623,2.546335756906867,0.3233408505007624,-0.6552892923355103,-1.0261414051055908,3.098587274551392
1774472621709578000,123.22857788085938,0.0421487044215202,-0.2926613423377275,0.0835778623968362,0.134587675333023,-0.2477327734231948,0.2309731543064117,-0.8942267212837934,0.3672758538171649,2.1041355950087306,-0.6864131093025208,1.635164737701416,-1.381899118423462,1.921605190950632,2.5002517588630315,0.2430817572630941,-0.532627284526825,-0.9560040831565856,3.075212478637696
1774472621719605000,123.23860498046876,0.0374000485897064,-0.3829186824984848,-0.0538151768177747,0.1650526374578476,-0.2286813259124755,0.2054169327020645,-0.7916881378293037,0.4760030627787113,1.7550334035247563,-0.7413687705993652,1.3505772352218628,-1.6108912229537964,1.6481494843423363,2.654457108929753,0.2872702969491482,-0.4070455133914947,-0.8108846545219421,3.095012664794922
1774472621729633000,123.24863305664064,0.0501560697883367,-0.4489730170339345,-0.0987497125655412,0.1891206949949264,-0.2018036395311355,0.1739098727703094,-0.2538672090411186,0.1884133246168494,0.8714712841182947,-0.8595229983329773,1.0078833103179932,-1.950772881507873,1.1321563564807176,2.998832856413722,0.6095074239917099,-0.2996521890163421,-0.5719016790390015,3.141234397888184
1774472621739661000,123.2586611328125,0.08536123868227,-0.4762191897474229,-0.0807668966293334,0.2021126598119735,-0.1810462027788162,0.1432374864816665,0.0504454081237316,-0.470141769529879,0.31440263402462,-0.9269651770591736,0.5598799586296082,-2.3038582801818848,0.832402425533533,3.270980695293844,0.953054611697048,-0.2279312014579773,-0.2795786261558532,3.1601221561431885
1774472621749689000,123.26868920898436,0.1545844125121832,-0.4608184992589056,0.0126981535315513,0.2033845782279968,-0.1704614758491516,0.1253096163272857,-0.3302297332316636,-0.960075450244546,0.6292103417187929,-0.8810451030731201,0.1043036580085754,-2.6375279426574707,0.896933642154932,3.4195474549517035,1.0154701513387263,-0.1985192596912384,0.0304495431482791,3.1429691314697266
1774472621759716000,123.27871606445312,0.2223965505003929,-0.4194767273060977,0.1366466047614812,0.1949340254068374,-0.1749769300222396,0.1151615381240844,-0.9561284661844373,-1.1681301716595889,1.4076134660392998,-0.7253550887107849,-0.342096745967865,-2.9413299560546875,1.2939490929365158,3.447838606673479,0.8137984089590609,-0.2083751112222671,0.2992767095565796,3.0623021125793457
1774472621769743600,123.28874365234375,0.2159896060675382,-0.3751612002395093,0.1945411598473787,0.177686333656311,-0.1926600486040115,0.119135245680809,-1.4678887787818908,-1.27477823625952,2.0992793871492146,-0.57505202293396,-0.7450608611106873,-3.1359288692474365,2.148996480998397,3.221746708786488,0.3981336411565542,-0.2742641270160675,0.4613415002822876,2.9414753913879395
1774472621779772000,123.29877197265624,0.1179530102074146,-0.3637545478232205,0.1437029530137777,0.1597916185855865,-0.2155647277832031,0.1320252269506454,-1.5411711648747324,-1.1218205481663346,2.114909502479434,-0.5163343548774719,-1.034912347793579,-3.131126642227173,2.8371523481607435,2.877430582535266,-0.2675347921267151,-0.3580906391143799,0.5217952132225037,2.870092391967773
1774472621789799700,123.30879956054687,-0.0088970076829195,-0.301855725532025,0.0268809926629066,0.1325314939022064,-0.2224034667015075,0.1524934917688369,-1.080019634269178,-0.5974073824837803,1.5084049135655164,-0.527755856513977,-1.263893723487854,-3.049155712127685,2.8375381326079365,2.509744686612487,-0.6708728700585663,-0.3995318114757538,0.5420946478843689,2.83072829246521
1774472621799827700,123.31882763671877,-0.0925906054139137,-0.09100757400617,-0.0903852043241262,0.1003275290131568,-0.2107169330120086,0.1822646111249923,-0.4222948534667491,0.1430430278003215,0.7657803741127253,-0.5427926182746887,-1.458149552345276,-2.989102602005005,2.707470321714878,2.078631735917926,-0.446148607262969,-0.3827329576015472,0.5393012166023254,2.829168796539306
1774472621809854700,123.32885473632813,-0.1021115902140736,0.1590342315278947,-0.1744382830172777,0.0774006396532058,-0.1750542819499969,0.2196623235940933,-0.1191658931285142,1.036704516416788,0.3847878373712301,-0.5054115653038025,-1.5893619060516355,-2.950859546661377,2.4137685304135084,1.8667080641150475,0.0174476861461997,-0.3327001631259918,0.5370162129402161,2.868004322052002
1774472621819882800,123.3388828125,-0.0822998052850365,0.349548766207695,-0.2413555179923772,0.0592396855354309,-0.1467865854501724,0.2477032393217086,-0.3488070079296827,1.78793467939049,0.2794996629476547,-0.4030819833278656,-1.6008566617965698,-2.8917415142059326,2.2292367234051227,1.859740563189984,0.4756691546492278,-0.2976366579532623,0.5199321508407593,2.887831687927246
1774472621829910800,123.34891088867188,-0.1445242062687873,0.4368931415311992,-0.3169090638875961,0.0619308054447174,-0.1176390871405601,0.2806244194507599,-0.8750432973861694,2.114565511347353,0.209175249877572,-0.2717125117778778,-1.4963566064834597,-2.7650246620178223,2.6939538375377654,1.782790594500303,0.6442077121034264,-0.3369712829589844,0.446659505367279,2.8559086322784424
1774472621839938800,123.35893872070312,-0.2541477795481681,0.3706711953438818,-0.3882540521770715,0.0757501274347305,-0.0984079986810684,0.3088730573654175,-1.4704700274467468,1.9420476749986408,0.255414438483119,-0.1271422803401947,-1.235908031463623,-2.5560433864593506,3.608314999833703,1.6313070706129074,0.2947812571011483,-0.4950734376907348,0.2027897238731384,2.7815701961517334
1774472621849965800,123.3689658203125,-0.369621832421422,0.2195031671464443,-0.4520809199213981,0.0997508019208908,-0.07987692207098,0.3330031633377075,-1.7875424652025105,1.4878823500186205,0.4078875579297542,0.0130589101463556,-0.9207994937896729,-2.3207831382751465,4.636224215376377,1.245630175447464,-0.4791317161932587,-0.6911657452583313,-0.2284109443426132,2.7704546451568604
1774472621859993600,123.37899365234377,-0.4336272716030478,0.0690603844836354,-0.4643441891670227,0.123737096786499,-0.0580581799149513,0.3456230759620666,-1.595654157951474,0.8710732247114181,0.4695347435474395,0.1384304165840149,-0.6715167164802551,-2.156010627746582,4.488850464895368,0.9316858065843582,-0.6528871315129101,-0.7879882454872131,-0.717893123626709,2.769057512283325
1774472621870022000,123.38902197265624,-0.4505290143042803,-0.0353114057473838,-0.4029202909111976,0.1440120041370391,-0.0338524393737316,0.3486726582050323,-1.0794921032637357,0.3338070071965456,0.5334709168851375,0.2190654724836349,-0.5086333155632019,-2.0782411098480225,4.539622620755434,0.7391922269165515,0.3475958785742521,-0.790910542011261,-1.1631158590316772,2.775754690170288
1774472621880049700,123.39904956054689,-0.4141933800756931,-0.0589003711275756,-0.3355149801582098,0.1635644733905792,-0.0021560387685894,0.3619013428688049,-0.5792421957179904,-0.0028220716834068,0.6491349393725395,0.2572837173938751,-0.4348097145557403,-2.068958282470703,4.710318210113048,0.5470365009009838,1.2139040808409451,-0.7844410538673401,-1.5359097719192505,2.759291410446167
1774472621890077000,123.40907690429688,-0.3153764474928379,-0.0390279420524835,-0.2393570376515388,0.1708458214998245,0.0222169440239667,0.3630190789699554,-0.2025882727026939,-0.1597673681080341,0.8028098358243704,0.2615354359149933,-0.4514069259166717,-2.102747678756714,5.106928587225079,0.3490723808676004,1.1256750316374002,-0.8372539281845093,-1.8635544776916504,2.706549406051636
1774472621900104700,123.41910473632812,-0.2223684934496879,0.0041489363729953,-0.1465133342593908,0.1680909991264343,0.03071522526443,0.367753267288208,-0.0575251372516155,-0.1672352197706699,0.8896803100258112,0.260546326637268,-0.529966413974762,-2.1514291763305664,5.679194221928715,0.1530406902015209,0.2534894617699086,-0.9650090932846068,-2.159489393234253,2.6085293292999268
1774472621910133000,123.42913305664062,-0.1674067769452929,0.0469252711735665,-0.0632791707336902,0.1598397195339203,0.0291673950850963,0.366628348827362,-0.0055564650833606,-0.0644546442538499,0.8338730826079845,0.2493640184402465,-0.6397149562835693,-2.2154603004455566,6.2471910932719705,-0.0478097989231348,-0.6621148324549198,-1.1162960529327393,-2.379941940307617,2.465353012084961
1774472621920160800,123.43916088867188,-0.1371755970716476,0.0605310410693287,-0.0140215110898017,0.1485679894685745,0.0320752412080764,0.3599859178066253,-0.0890466491967439,0.0440314494282007,0.6034072074204683,0.2371110767126083,-0.7454512119293213,-2.2563416957855225,6.455376163068413,-0.0889314983844757,-0.9736635383531452,-1.2354859113693235,-2.474651575088501,2.275731086730957
1774472621930187800,123.44918774414064,-0.0814788442909717,0.0022847499363124,-0.0165805479228496,0.1397302895784378,0.0385041125118732,0.3417717516422272,-0.1175628418460488,0.1678302630543708,0.1998041949421167,0.2353972047567367,-0.7709701061248779,-2.2907402515411377,6.323101197519898,0.1920966893047094,-0.6477011071771382,-1.2776583433151243,-2.4355573654174805,2.058067321777344
1774472621940215800,123.4592158203125,-0.0336862887635827,-0.1588755338348448,0.004822890111804,0.1364303678274154,0.0438794381916523,0.3216579556465149,-0.1387578978270292,0.2505383568793535,-0.1722515866279602,0.2540092170238495,-0.7290652394294739,-2.306979179382324,5.894957033503055,0.4856482584804296,0.0339672976620495,-1.231897234916687,-2.295600652694702,1.8206419944763184
1774472621950243600,123.46924365234376,0.0163002696767449,-0.3595136953830719,0.0501519781351089,0.1329919546842575,0.0379879921674728,0.2920295000076294,-0.0287181449621915,0.3938841670185327,-0.3428250109106302,0.2876403927803039,-0.7113279700279236,-2.32606053352356,5.292648727235198,0.6130459733814001,0.7559409710131585,-1.107040286064148,-2.1182448863983154,1.5899240970611572
1774472621960272000,123.47927197265624,0.0780097068756818,-0.5610799315616488,0.1325304016143083,0.1292983740568161,0.0298385471105575,0.2611838579177856,-0.0302566065758466,0.4933896663874387,-0.4981558578759431,0.3140304386615753,-0.6984318494796753,-2.31007719039917,4.667908808928728,0.5945674828827381,1.2373586061865092,-0.9408817887306212,-1.9482053518295288,1.3820537328720093
1774472621970299000,123.489298828125,0.1520572321221232,-0.6858524125255644,0.2350952885538339,0.1290147453546524,0.0185997411608696,0.2378710955381393,-0.094775840498507,0.5765612860709428,-0.5185509956508875,0.3403486311435699,-0.7361639142036438,-2.255917549133301,4.147324261623621,0.4302040191560983,1.439970113634318,-0.7641283273696899,-1.771164894104004,1.1893231868743896
1774472621980327000,123.49932690429688,0.2496110129013657,-0.7027138232164084,0.3591547989428043,0.1199666410684585,-0.003255296498537,0.2168508768081665,-0.4115028258174658,0.6019663609623909,-0.5391483779996633,0.3327428996562958,-0.7482647895812988,-2.130305051803589,3.775311150151491,0.1889192283123731,1.405247467560321,-0.6096116304397583,-1.610904097557068,1.0024094581604004
1774472621990354700,123.50935473632812,0.299810921831429,-0.6228045663297176,0.4724480006456374,0.1085030660033226,-0.0383120849728584,0.2025923132896423,-0.7688990906551479,0.5897434237271547,-0.7281330727636813,0.2940466403961181,-0.6867448687553406,-1.9638690948486328,3.5127585303515194,0.0682861852407455,1.2131132227241992,-0.4910532534122467,-1.5147502422332764,0.8378585577011108
1774472622000383000,123.51938305664062,0.3012701807290315,-0.4772663607127964,0.5283464134782553,0.0923008322715759,-0.0712128952145576,0.1997826099395752,-0.8694275033310055,0.6766413704574108,-0.812349817585945,0.256777286529541,-0.6069533824920654,-1.836919903755188,3.16222952093482,0.0919797800391912,1.1191894690103827,-0.3905848562717438,-1.5206797122955322,0.7191454172134399
1774472622010410800,123.52941064453124,0.2919605005919933,-0.3221402425393462,0.5199485874891281,0.0753759071230888,-0.1008560061454773,0.2036135643720626,-0.8617328571751713,0.8335434122622013,-0.8479635672807693,0.2146264016628265,-0.5223050713539124,-1.7391189336776731,2.64789818880558,0.0879284588217735,1.3177068390123543,-0.3107616603374481,-1.6429997682571411,0.6556370258331299
1774472622020437800,123.53943774414064,0.2447048284202814,-0.1715875697612762,0.4415536806881427,0.0583246164023876,-0.121825635433197,0.2133240103721618,-1.0371396929636596,0.9887824892908336,-0.8598661865204572,0.1753575652837753,-0.4386671781539917,-1.6390949487686155,2.1582319268554446,0.0561836595147848,1.5757264915578066,-0.2505307495594024,-1.8552449941635127,0.630017876625061
1774472622030465800,123.5494658203125,0.1850745355829596,-0.0324643457531929,0.3006768910109996,0.0440013371407985,-0.1319754719734192,0.2271519303321838,-1.0710977844059466,1.0678823294907809,-0.8078320479005575,0.1436149477958679,-0.4073320627212524,-1.5786267518997192,1.7433675156503914,0.0549620087653398,1.8465806373655795,-0.1880892068147659,-2.1133644580841064,0.6233668923377991
1774472622040493800,123.55949389648435,0.1143733981549739,0.0640825960710644,0.1533686069816351,0.0399697348475456,-0.1462976634502411,0.2457086890935897,-0.8678528013601898,1.0182283640056848,-0.6685217768877745,0.1244910508394241,-0.4250676333904266,-1.574445128440857,1.5277765535116197,0.0832493610948324,2.0588705121323465,-0.1338958591222763,-2.3817291259765625,0.6137344241142273
1774472622050521900,123.56952197265625,0.0324646380141377,0.1556967576682567,0.0271837750017642,0.0416794829070568,-0.1508412808179855,0.2644551992416382,-0.7940034290343523,0.8800473892837762,-0.4740156883537769,0.1038718149065971,-0.4613488614559173,-1.565158486366272,1.4949650017559528,0.0709311467915773,2.0564467921167613,-0.0866335406899452,-2.6246726512908936,0.5912243127822876
1774472622060548900,123.579548828125,-0.0281420986399054,0.1841051060289144,-0.0710690939575433,0.0538268871605396,-0.1381685882806778,0.2738343179225921,-0.7444953017607331,0.7814625118911266,-0.2650935364544391,0.0795739293098449,-0.5078747868537903,-1.5580627918243408,1.4604478151261806,0.0257931974261999,1.9493892699331044,-0.0415315143764019,-2.817126512527466,0.5684095621109009
1774472622070577000,123.58957690429688,-0.0898831000208854,0.168008103839308,-0.1177729774653911,0.0686734765768051,-0.1167554333806037,0.2716494798660278,-0.7173153261512517,0.7359627434760332,-0.0898386763572692,0.0590022169053554,-0.5750887989997864,-1.538545846939087,1.407834999835491,-0.0318184490650892,1.7768840008050202,0.0082536172121763,-2.914733409881592,0.5589990019798279
1774472622080604700,123.59960473632812,-0.1525418007686734,0.1115722231291234,-0.1244230830043554,0.0906240567564964,-0.0760284587740898,0.2677324414253235,-0.7111836915284395,0.7083429151445627,-0.0435439581722021,0.0356955640017986,-0.6218507289886475,-1.5181514024734497,1.243830432549119,-0.0553179825961589,1.6250712449632585,0.0684929341077804,-2.8888700008392334,0.5714904069900513
1774472622090632700,123.6096328125,-0.188046537131071,0.072408818128705,-0.1485685132235288,0.1101644709706306,-0.0383647046983242,0.2567823231220245,-0.7702794390976428,0.6944985141873359,-0.1157183830231428,0.0176381282508373,-0.6530662178993225,-1.4836041927337646,1.1413380263239146,-0.1291518650919199,1.4494840841718015,0.1291773319244384,-2.748764514923096,0.5816261768341064
1774472622100660000,123.61965991210936,-0.2119230872809887,0.0087124448962509,-0.1713338872611522,0.1226789057254791,-0.0011782804504036,0.2452341914176941,-0.9300386238992212,0.6372644688367843,-0.246482944008708,-0.0042120423167943,-0.6683930158615112,-1.4242734909057615,1.2275237331315874,-0.3174070765376091,1.0470252732925116,0.1783344447612762,-2.5148541927337646,0.5660847425460815
1774472622110687700,123.62968774414064,-0.224470141904056,-0.0379275795951485,-0.2098527107477188,0.1282382607460022,0.0181690528988838,0.2420669198036193,-1.0347586430460214,0.5751911667615175,-0.4087356991916894,-0.0212147273123264,-0.647638201713562,-1.358264446258545,1.382301330128312,-0.5270312392264604,0.4441561548041179,0.2108465880155563,-2.1917898654937744,0.5213425755500793
1774472622120715800,123.6397158203125,-0.1949880268320441,-0.0680875939287245,-0.2546756028145551,0.128365159034729,0.0404728353023529,0.2459149360656738,-1.0819814358614384,0.5788444285720586,-0.5463227996736765,-0.031133672222495,-0.5812304019927979,-1.280922770500183,1.5219558845341206,-0.5448924746096134,-0.057716970029287,0.2300804555416107,-1.7955329418182373,0.4711320996284485
1774472622130743800,123.64974389648438,-0.1488306712910533,-0.1059327559374272,-0.2821528078049421,0.1226135343313217,0.0516738258302211,0.2585271298885345,-1.1395219168126582,0.6131944419413805,-0.6232014566928148,-0.0397627055644989,-0.4933708906173706,-1.1936233043670654,1.5031640903025865,-0.3512456332534551,-0.3485132491474971,0.2400428056716919,-1.3548513650894165,0.4342422485351562
1774472622140770800,123.65977075195312,-0.1197983458131551,-0.1039523957751691,-0.2819114002645015,0.1212427839636802,0.0533003509044647,0.2742093205451965,-1.098729010914266,0.6889309431880712,-0.6015133564978837,-0.0455809123814106,-0.4192250072956085,-1.106137990951538,1.4175541375562548,-0.1480003579467534,-0.4436712573640048,0.2289895415306091,-0.9146225452423096,0.3977260291576385
1774472622150798800,123.669798828125,-0.1108311955034732,-0.0445075425073504,-0.2428086394101381,0.1200552806258201,0.0457444339990615,0.3038846850395202,-1.050498063969612,0.7241746905267238,-0.5230319404572248,-0.0441551730036735,-0.3646271824836731,-1.023308038711548,1.4122031319171189,-0.0532300704061984,-0.4916833373935892,0.1822569221258163,-0.5271787047386169,0.3683934509754181
1774472622160826600,123.67982666015624,-0.0685135642558336,0.0338894101202487,-0.1446510475188493,0.1222768872976303,0.0376086942851543,0.3351975977420807,-1.0259532591693103,0.6935813993424177,-0.4467272839337587,-0.0400339290499687,-0.2932472825050354,-0.935487687587738,1.3432330560654402,-0.1085620815277099,-0.5475074794135988,0.1373738199472427,-0.2340461909770965,0.3498232066631317
1774472622170855000,123.68985498046877,0.0089487378701567,0.1318995563648641,-0.0101233346074819,0.1262340694665908,0.024371188133955,0.3682282567024231,-1.0112770835630596,0.5895365029782057,-0.3565770574092864,-0.0254853516817092,-0.2458740770816803,-0.8477325439453125,1.2121692198723557,-0.1273626435875892,-0.4017376569978892,0.1174043715000152,-0.060018740594387,0.3344192206859588
1774472622180881700,123.69988159179688,0.08120236543715,0.2086521027863025,0.1066103629380464,0.1290197074413299,0.0129585638642311,0.3988718390464782,-0.9888945713631808,0.489006336736679,-0.2354296350747346,-0.0142923537641763,-0.1949472427368164,-0.7618395090103149,1.2342775913059711,0.0111830727934837,-0.0728253082414157,0.0833902359008789,-0.1058631390333175,0.3394779860973358
1774472622190910000,123.70990991210938,0.1254220309138298,0.2574104346059263,0.1900175449430942,0.1330472081899643,-0.000254975631833,0.4260872304439544,-1.0236500967934727,0.3610878128319978,-0.1414712484389543,-0.0079656178131699,-0.1698672771453857,-0.6785839200019836,1.246405835995078,-0.0678735127866268,0.0035242834023199,0.0205095410346984,-0.1866197735071182,0.3617585301399231
1774472622200937700,123.71993774414062,0.1497898717120289,0.2827436133049428,0.2371177342921495,0.1362763047218322,-0.0105459112673997,0.4457945823669433,-1.0324828070685266,0.2431716275036335,-0.0673065265536308,-0.0022552679292857,-0.1509998440742492,-0.603461742401123,1.1453171590879558,-0.2218576213181018,0.1548310076843947,-0.0443441160023212,-0.2592513859272003,0.3895121216773987
1774472622210965800,123.7299658203125,0.2072825679987668,0.2850989442594349,0.2577209618598222,0.1426228880882263,-0.0159502625465393,0.4580134451389313,-1.032964599236101,0.1382861886620521,0.0662619859367609,0.0152508951723575,-0.1416995525360107,-0.5224292874336243,1.0452952346295117,-0.2455985623896122,0.3866328076507896,-0.1107295304536819,-0.3778283894062042,0.4297061562538147
1774472622220993800,123.73999389648438,0.2685755333513021,0.222162303353101,0.2344803715258836,0.1448526382446289,-0.0183237064629793,0.4664629995822906,-1.1073933788850905,0.0189671507984399,0.2159364145755767,0.0420502871274948,-0.1436236947774887,-0.4409072697162628,1.042652026644349,-0.3953273515641689,0.3696045524930581,-0.1601669043302536,-0.5614673495292664,0.467424213886261
1774472622231020800,123.75002075195312,0.3479816630214452,0.1010655882924795,0.16613456505239,0.1481078118085861,-0.0263009387999773,0.4664312899112701,-1.1073089154720306,-0.0826765296429395,0.3260106542319059,0.0775628015398979,-0.1449222117662429,-0.3582341969013214,1.1727061012730002,-0.4749731352090835,0.3084052933059633,-0.1907205581665039,-0.7561521530151367,0.4875659644603729
1774472622241048800,123.760048828125,0.3585866436660289,-0.0601065320469439,0.0930757585823535,0.1534764468669891,-0.0385450050234794,0.4583429396152496,-1.1149725819677114,-0.1450257260501384,0.3837134861379861,0.1074591800570488,-0.1434883773326873,-0.2734684646129608,1.3466045783251523,-0.412940165144205,0.3096493020176887,-0.2068405151367187,-0.9155521392822266,0.4933551847934723
1774472622251076600,123.77007666015623,0.318080445754528,-0.2611139652989804,0.0293728094786405,0.1595931947231292,-0.045761901885271,0.4340431988239288,-1.0531386416062711,-0.1335077222138643,0.395702030095458,0.1377125531435012,-0.1287010163068771,-0.1921425908803939,1.4237465624555945,-0.3502496079534292,0.2805687717502005,-0.2210503369569778,-1.0181289911270142,0.4918899238109588
1774472622261105000,123.78010498046876,0.2681996857762336,-0.416815837533772,-0.020112229180336,0.162416324019432,-0.0474269241094589,0.4059496223926544,-0.884337195432186,-0.0675987874984741,0.3312006240904331,0.1615542322397232,-0.1126637086272239,-0.1212793365120887,1.4856950691074131,-0.3270534412831067,0.1455447632218711,-0.25740447640419,-1.1415148973464966,0.4572862386703491
1774472622271131600,123.79013159179688,0.2391390109866857,-0.5540078012183308,-0.041447862675786,0.1640480458736419,-0.0421461425721645,0.3746308386325836,-0.6833709709733724,0.0291208805441856,0.2203799499809741,0.1759279370307922,-0.0946992859244346,-0.0630677342414856,1.733850914764404,-0.3629249651312828,-0.1657680332949385,-0.2785566449165344,-1.1107375621795654,0.4701884388923645
1774472622281160000,123.80015991210938,0.199936004628241,-0.658514031483978,-0.0378173972189426,0.1639587134122848,-0.0378082767128944,0.3372118473052978,-0.4944108261287212,0.1279705463528633,0.0993681367248296,0.1726447939872741,-0.0786979496479034,-0.0137859350070357,1.480106163059175,-0.315557064756751,-0.1763037115629762,-0.2080155313014984,-1.150438666343689,0.4617641270160675
1774472622291187700,123.81018774414062,0.1481584711179137,-0.7215665538549423,-0.0287374341845512,0.1516615599393844,-0.0392210856080055,0.2959051430225372,-0.3578353869073092,0.1926572457969188,-0.0570744708746671,0.1565839052200317,-0.0582504794001579,0.027559271082282,1.6949682264015078,-0.1682633937746286,-0.0387379461299628,-0.1221757307648658,-1.496999740600586,0.4811327755451202
1774472622301216000,123.82021606445312,0.0870353093743324,-0.7258819328360259,0.0044487961024045,0.1356464773416519,-0.0442249178886413,0.257085233926773,-0.277846635043621,0.2209182946413755,-0.1692711095124483,0.1430113762617111,-0.0442028380930423,0.0647713541984558,2.3179420118182894,-0.4484691591650247,-0.4378513921041041,-0.0872033312916755,-1.6513214111328125,0.4058297276496887
1774472622311242800,123.83024267578124,0.0347065717220306,-0.687443042717874,0.0334866745382547,0.1197809725999832,-0.064886525273323,0.2222633361816406,-0.2641483645588159,0.2083849762827158,-0.1747299594402313,0.1305995285511016,-0.0357204526662826,0.1000366285443306,2.506591191017628,-0.6573591623604297,-0.4697697944123297,-0.1059541180729866,-1.6361874341964722,0.3296276330947876
1774472622321270800,123.84027075195311,0.0085538933336734,-0.5966245615430176,0.0547223547905683,0.1051504611968994,-0.0678142085671424,0.1998402774333953,-0.2682369490467012,0.164333068588376,-0.1558095703929662,0.1283677965402603,-0.0178093612194061,0.1314499527215957,2.467348437170684,-0.793703569304943,-0.6752019853040575,-0.1223701834678649,-1.4963040351867676,0.2532235085964203
1774472622331298800,123.850298828125,0.0210699682965874,-0.4365912359751761,0.0608089812278747,0.0782895535230636,-0.0835151374340057,0.1913237571716308,-0.249420166504383,0.0704220282256603,-0.1417109024137258,0.1323107033967971,-0.0070104389451444,0.1510300040245056,2.3503987587869166,-0.6034943011820316,-1.0117455778576434,-0.1178214997053146,-1.199718713760376,0.1903899759054184
1774472622341326600,123.86032666015625,-0.0416574137732386,-0.2691213306657969,0.046035774987936,0.0695961639285087,-0.1068145409226417,0.1751495748758316,-0.2346981059297919,0.0010883797585964,-0.1596802743464708,0.1310233324766159,-0.0011094068177044,0.1696486920118332,2.237839424316585,-0.2847556837797165,-0.8753264982417225,-0.1313973069190979,-0.8379842042922974,0.1482006758451461
1774472622351353900,123.87035375976562,-0.1178393206998705,-0.2039696440584957,-0.0189794257581233,0.0625824630260467,-0.1025662645697593,0.1630393862724304,-0.2182701182201504,-0.0167260938733816,-0.1430763455480337,0.1334575712680816,-0.0075086411088705,0.1808216869831085,1.942840578942001,-0.1456447347313165,-0.6168021110445261,-0.1691497564315796,-0.5213614702224731,0.0940402299165725
1774472622361382000,123.8803818359375,-0.1323480307847261,-0.1578805314481258,-0.0318698869913816,0.059119664132595,-0.0764801278710365,0.1538141220808029,-0.1789516687884926,-0.0020353052198886,-0.1283726974129676,0.1332365274429321,-0.0141875836998224,0.1907257139682769,1.8795918033465744,-0.1560007090508937,-0.5223258014818654,-0.1821776628494262,-0.2643060088157654,0.0406731441617012
1774472622371410000,123.89040991210938,-0.1700228046625852,-0.0805420018322765,0.0173281514197587,0.0599401853978633,-0.0622804202139377,0.1466012299060821,-0.158005034610629,0.0244499661237001,-0.1198608896553516,0.1296895295381546,-0.0152431400492787,0.2020974904298782,1.7484625007018446,-0.2018593739062547,-0.3434866896897554,-0.1828698217868805,-0.0673234313726425,-0.0175507459789514
1774472622381437700,123.90043774414065,-0.2345359011054039,0.0079407298713922,0.0099953243136405,0.0654194355010986,-0.0293323807418346,0.1415963321924209,-0.1300029289633035,0.0659340691566467,-0.1230406887352466,0.1289222687482834,-0.0277480129152536,0.2049510627985,1.674564905320108,-0.3375426865935325,-0.2211089949078857,-0.1801474392414093,0.1073789447546005,-0.0822993293404579
1774472622391464700,123.91046459960936,-0.2499371761158108,0.0493809937626123,0.0483656792402267,0.0742499455809593,-0.0079200342297554,0.1354878395795822,-0.0800388746157288,0.1219458792358636,-0.1499368789672851,0.1268405169248581,-0.0356622040271759,0.2033181190490722,1.5205343272984029,-0.4178559942364692,-0.1453837822401896,-0.165015622973442,0.2121082842350006,-0.1372099816799163
1774472622401492700,123.92049267578123,-0.2484866850465536,0.0709695791058242,0.088981182745099,0.0845571830868721,0.0036223721690475,0.1229640692472457,-0.1015194695398211,0.1839110447615385,-0.1880517978280782,0.1237451285123825,-0.0320829153060913,0.2100117057561874,1.4219114559829231,-0.3535363745391369,-0.1032001161031424,-0.1408822536468505,0.3222573697566986,-0.1904422789812088
1774472622411520800,123.93052075195313,-0.2485647187188267,0.0295065188609063,0.0876174931764602,0.0953933149576187,0.0191201046109199,0.1184327006340026,-0.1339806004226207,0.2558317871123552,-0.2121019509792327,0.1178951635956764,-0.0164662543684244,0.2252913564443588,1.262058747678995,-0.31141864977777,-0.1492581394555047,-0.1018166095018386,0.4289928674697876,-0.2401501834392547
1774472622421548800,123.940548828125,-0.2133054815500974,0.0295541573949158,0.0882844326525926,0.1038399562239646,0.0202461089938879,0.1139416322112083,-0.1324959148228168,0.2783756273537874,-0.2869499789535999,0.1111360639333725,0.0074177728965878,0.2465665489435196,1.1073787658378482,-0.236368961751461,-0.0609860182952135,-0.0418032705783844,0.5164180397987366,-0.2872626781463623
1774472622431576800,123.95057690429688,-0.1801338643103837,0.0005734159737825,0.0662754299402236,0.1103010475635528,0.0198508948087692,0.1116614341735839,-0.1010956911697983,0.2757026087522506,-0.361162047111988,0.1009124815464019,0.030071610584855,0.2558683156967163,0.9494359828084706,-0.2146504664182663,0.1581771763071417,0.0315324626863002,0.5367360711097717,-0.3026847839355469
1774472622441603800,123.96060375976562,-0.1499754574120044,-0.0211719673663377,0.0649982496112585,0.1173004359006881,0.0213571246713399,0.1077343374490737,-0.0878615310654044,0.2526864748239517,-0.3848784382641315,0.0873458087444305,0.0492354482412338,0.2620971798896789,0.7779688245564699,-0.2569593298375606,0.2062996213760226,0.0993797853589057,0.4754154086112976,-0.3161352872848511
1774472622451631900,123.9706318359375,-0.1181803892225027,-0.0416078755430877,0.0964893664181232,0.1187689006328582,0.0343304462730884,0.1209939494729042,-0.0397930812060833,0.2014484550178051,-0.3715530927449464,0.0738234743475914,0.0612205676734447,0.268817275762558,0.7868167324006557,-0.243000947111845,0.2693025689842179,0.1316165477037429,0.4027070999145508,-0.3323568701744079
1774472622461660000,123.98065991210936,-0.0806909087836742,0.076413815986365,0.1309042617172002,0.1068583503365516,0.0246920231729745,0.1276039034128189,-0.0093915132015943,0.1420616155475378,-0.3195996181458234,0.0661136209964752,0.0694566592574119,0.2752285599708557,0.6920774245202541,-0.2262730996727943,0.3446562083931639,0.1269855797290802,0.3242354691028595,-0.3341145515441894
1774472622471687700,123.99068774414064,-0.1034761565655469,0.1340855221018195,0.1650397555530071,0.0914828553795814,0.0289520155638456,0.1391758620738983,0.0091759707547724,0.0933504838705062,-0.2693494403332471,0.0616163685917854,0.0761212334036827,0.2838503718376159,0.6027952130019665,-0.2482148823678493,0.3629155397158116,0.1011867448687553,0.2183777391910553,-0.3293583989143371
1774472622481714700,124.00071459960938,-0.0954746364176273,0.1330482880085706,0.1455564719259738,0.0703889429569244,0.03296485170722,0.1440186649560928,0.019330723413825,0.042046413090825,-0.2236860057890415,0.0612275525927543,0.0835980549454689,0.2866365611553192,0.537244882465899,-0.2505938864588737,0.3674048504916951,0.0712657943367958,0.0913809463381767,-0.3191780745983124
1774472622491743000,124.01074291992188,-0.1011582350119948,0.1187716331139206,0.1257002633333206,0.0537436492741107,0.0104837771505117,0.1376902014017105,0.0364507850408554,-0.0025812486648559,-0.202778242316842,0.0591994598507881,0.0888538211584091,0.2849688827991485,0.491785153800249,-0.2276782902956008,0.4105084444852546,0.0502997934818267,-0.0277622267603874,-0.3137327134609222
1774472622501770800,124.02077075195312,-0.154705993065238,0.0646413989976048,0.0655085372209548,0.0436956360936164,0.0126104429364204,0.1251190304756164,0.0588929184734821,-0.0140945763260126,-0.1934691467016935,0.0527130626142025,0.0884117409586906,0.2744898796081543,0.4659323351413011,-0.1790279488950967,0.4234171720275655,0.0427517108619213,-0.1191891729831695,-0.3100086450576782
1774472622511798800,124.030798828125,-0.0775672238051891,0.0086652447536587,0.0125450087964534,0.0388406924903392,0.016710378229618,0.1057171076536178,0.0968536696858704,-0.0180313312530517,-0.173283267763257,0.0430999509990215,0.0800479725003242,0.2592374682426452,0.3722095108270645,-0.1189618949890136,0.4463259731238708,0.0453088767826557,-0.1725586503744125,-0.304239958524704
1774472622521825800,124.04082568359377,-0.0381947060987353,-0.0572068650826811,0.0607657266080379,0.0399150513112545,0.0188355576246976,0.0935453921556472,0.1220939094044268,-0.0018044190734624,-0.1394715990543365,0.0364495068788528,0.0646378621459007,0.2403569817543029,0.2466068626493215,-0.0355459451556205,0.4273781480804085,0.0491687580943107,-0.1822418719530105,-0.2964737117290497
1774472622531853800,124.05085375976564,-0.0367024217143654,-0.147817548725754,0.0454226115256547,0.0438634566962718,0.0176166296005249,0.0806058943271637,0.1564005220234394,-0.0049678515404462,-0.1234405017077922,0.0295001920312643,0.0517505928874015,0.2209402173757553,0.1327618722826242,0.0028115502893924,0.3592011953677982,0.0536404699087142,-0.1595432162284851,-0.284906804561615
1774472622541881900,124.0608818359375,-0.0416167895019054,-0.1541273163944482,0.0142711019366979,0.0497910119593143,0.020206619054079,0.0676621869206428,0.1967338475860655,0.0306868146866559,-0.1071212350696325,0.0267283748835325,0.0398087128996849,0.1997044384479522,0.0433075190678238,-0.0162695822775363,0.2907050206381827,0.0597952120006084,-0.1149808838963508,-0.2712269723415375
1774472622551909600,124.07090966796876,-0.0582382539570331,-0.1345716981835663,0.0004155950635671,0.0557447746396064,0.0189844947308301,0.0538209415972232,0.2133282779037952,0.0366676426619291,-0.0889186389029026,0.0228877216577529,0.0333749949932098,0.179040640592575,-0.0390042689159512,-0.0521796845704317,0.2430415348505601,0.0675769671797752,-0.0733484849333763,-0.2674317061901092
1774472622561937000,124.08093701171876,-0.0631874007970094,-0.1190159632638096,-0.0026987375646829,0.0514968298375606,0.018236044794321,0.0441518276929855,0.214096924188733,0.0624064795523881,-0.0610895517349243,0.022677332162857,0.0307826753705739,0.1588642597198486,-0.0658697717487812,-0.0712690004438161,0.1751872747536748,0.0723312124609947,-0.0322969555854797,-0.2627419233322143
1774472622571964700,124.09096459960938,-0.0698836835652589,-0.0613125468358397,-0.0159393274098634,0.0533495917916297,0.0255871675908565,0.0371402576565742,0.2108744550108909,0.0421299997210502,-0.0537649079352617,0.0209863856434822,0.0271970964968204,0.1352052390575409,-0.1007347489029169,-0.0938911666184663,0.1098889096846804,0.0776530057191848,0.0129498876631259,-0.2567673921585083
1774472622581993000,124.10099291992188,-0.0685240856498479,-0.016840952424705,-0.031031682601571,0.0514575615525245,0.0278159268200397,0.0372879430651664,0.2005541365265846,0.0078004446178674,-0.0364373410373926,0.0169767308980226,0.0217583905905485,0.1099675223231315,-0.1528638723298907,-0.1371902101188898,0.0614157514819875,0.0873909965157508,0.0573868565261364,-0.249193787574768
1774472622592020700,124.11102075195312,-0.0441413395434618,0.0135660224072635,-0.0294885448127984,0.0490897446870803,0.0302372742444276,0.027077117934823,0.1955297324933111,-0.027411738538742,-0.0286754748642444,0.015435173176229,0.0113901766017079,0.0874626636505127,-0.2138295054242014,-0.141764678427577,0.0480863143095746,0.0972436219453811,0.1052435934543609,-0.2428131252527237
1774472622602048800,124.121048828125,-0.0386345588207244,0.023062603418529,-0.0070312138110399,0.0474031493067741,0.030754605308175,0.0227759908884763,0.1577910995990037,-0.0641898558378219,0.0035486323922872,0.015550754033029,0.0059360228478908,0.0681241154670715,-0.283273920789361,-0.1144780275732278,0.0432684656990692,0.1027104333043098,0.1468212902545929,-0.2305429577827453
1774472622612075800,124.13107568359376,-0.0345940512582659,0.0287717748455703,0.0457201331675052,0.0451423898339271,0.0347006097435951,0.0236995760351419,0.154815883180499,-0.0851636702835559,0.0252589444190263,0.0211380831897258,0.0022722985595464,0.0507621653378009,-0.3315221111297607,-0.1113023201465606,0.0384657050598412,0.1036787629127502,0.1720222383737564,-0.2169302105903625
1774472622622103800,124.14110375976564,-0.033510347674787,0.0230569043301045,0.0925122794806957,0.0406380593776702,0.026936637237668,0.0169284306466579,0.1392000886365771,-0.1249333706140518,0.0309638780623674,0.0275712143629789,-0.0004103036189917,0.0330955535173416,-0.3509846442297101,-0.0870201118052005,0.0587095977958291,0.0983606800436973,0.181223377585411,-0.1998603045940399
1774472622632131800,124.1511318359375,-0.0250251356631517,-0.003377367478609,0.1140671086847782,0.0387072674930095,0.0271869748830795,0.0124529879540205,0.1504150178730487,-0.1302823304265737,0.0179874921113252,0.0348441787064075,0.0032035419717431,0.0187040381133556,-0.3535203001871705,-0.0655740036725997,0.1006213151236996,0.0861058756709098,0.1797242760658264,-0.1830040961503982
1774472622642159600,124.16115966796876,-0.0267059283569455,-0.0073980012968182,0.1341390058547258,0.0318208895623683,0.0228571128100156,0.0092998836189508,0.1426893920570612,-0.118172205916047,-0.0140612585783004,0.0449026748538017,0.0102537283673882,0.0097504900768399,-0.3748354754164815,-0.0589525397062301,0.1111716429715976,0.0683249309659004,0.1606566607952118,-0.1679577976465225
1774472622652187000,124.17118676757812,-0.0131608026072382,-0.0171748605541884,0.1324146662801504,0.0252511352300643,0.0219971779733896,0.0087230429053306,0.1212958908945322,-0.072740826562047,-0.0506008909463882,0.0565495677292346,0.0192789603024721,0.0075301937758922,-0.3702835112005472,-0.0573597175568342,0.1472683538777753,0.0561353825032711,0.1261764466762542,-0.1514792144298553
1774472622662214700,124.18121459960938,0.0143964818820357,-0.0305040054656565,0.1255126318067312,0.0139022907242178,0.0216212756931781,0.0047897081822156,0.0791211752489209,-0.0260270061820745,-0.0983878935158252,0.0645321309566497,0.0315982103347778,0.0069450973533093,-0.3179483438074588,-0.0265279414415359,0.1330703902425244,0.0411653332412242,0.0878025889396667,-0.1388489603996276
1774472622672243000,124.19124291992188,0.03339285877496,-0.0452737045742571,0.1065969189345836,0.0062020262703299,0.0156909506767988,0.0063780173659324,0.0417503527536988,-0.0066734864145517,-0.1464747558146715,0.0672684609889984,0.0426076874136924,0.0118257096037268,-0.3083534169882536,0.0208007959663867,0.1220819267056882,0.0315643735229969,0.0528206415474414,-0.1268825829029083
1774472622682270700,124.20127075195312,0.0477004933297634,-0.0494233715996146,0.0929997707366943,-0.004185379948467,0.0077293682843446,0.004535436630249,0.0383805840596556,0.0188023156255483,-0.1767728634446859,0.0665566027164459,0.0542033575475215,0.0126779209822416,-0.3257189778089523,0.0546662406891584,0.1131673833660781,0.0229024048894643,0.0272085089236497,-0.1116878315806388
1774472622692297700,124.21129760742188,0.0240922387272119,-0.0491867863647639,0.0633586657106876,-0.006082615815103,-0.0010404214262962,0.0034057237207889,0.0214955002322793,0.0390343717932701,-0.1954594437360763,0.0623814836144447,0.0665502473711967,0.0180463381111621,-0.3534492807775735,0.0752770670413971,0.091515304332599,0.0142191676422953,0.0067812646739184,-0.0973792001605033
1774472622702325800,124.22132568359376,0.0084922262743115,-0.0452471088282763,0.0467097287267446,-0.0081926425918936,-0.0030740741640329,0.0008534407243132,0.0108465343154966,0.0759375767767429,-0.2032142956465482,0.0546617805957794,0.0841271057724952,0.0272363740950822,-0.3682406071960926,0.0880447786778211,0.0657799380408599,0.0129402633756399,-0.0058177094906568,-0.0817939862608909
1774472622712353800,124.23135375976562,0.0352142289832234,-0.0454860321506857,0.0268283856928348,-0.0102027971297502,-0.0019938959740102,-0.0032371748238801,0.0102922614336013,0.1010445455044507,-0.1868044281154871,0.0511953867971897,0.0926248878240585,0.0357565693557262,-0.3728098148077726,0.0621498744428157,0.0344937692215666,0.0130238868296146,-0.0090273506939411,-0.0668432712554931
1774472622722381800,124.2413818359375,0.0681447309434413,-0.0569827009379863,0.0050590369552373,-0.0103599671274423,0.005659460555762,-0.0073570027016103,0.0314978388085961,0.1217354513555765,-0.1903121439754962,0.049065925180912,0.0859025418758392,0.0347030237317085,-0.3912850904360413,0.0518424154400825,0.0248047709107398,0.0177457481622695,-0.0076798740774393,-0.0551610179245471
1774472622732408800,124.25140893554688,0.1026663014873862,-0.0756605134010314,-0.0270808991491794,-0.0046866349875926,0.0090065216645598,-0.0155946929007768,0.0314452318385243,0.1169482170790433,-0.2096568959146738,0.043888933956623,0.0903483629226684,0.036156591027975,-0.3813262987405061,0.0316074366629123,-0.0136332058919593,0.0215775035321712,-2.14218162e-05,-0.0427512191236019
1774472622742436900,124.26143676757812,0.1118248827159404,-0.092495766737312,-0.0258808757096529,-0.0016163964755833,0.0105295479297637,-0.0170728713274002,0.025332301916182,0.0981722049385309,-0.2062719296514988,0.0342706628143787,0.0929316282272338,0.0432603061199188,-0.3638035015314817,0.0385766911536455,-0.0645276729574427,0.0234125200659036,0.0055698975920677,-0.0309745334088802
1774472622752465000,124.27146484375,0.0947729178890585,-0.0986851228967309,-0.0258446353524923,0.0015530314994975,0.0137778054922819,-0.0220721587538719,0.0260597394078969,0.0749111563384532,-0.1895154406398534,0.0263192392885684,0.1055988520383834,0.0561768524348735,-0.3343009281933307,0.0204810624927282,-0.0876133284579962,0.0251393150538206,0.0123052978888154,-0.0181285105645656
1774472622762493000,124.28149291992187,0.1010641269877553,-0.084939798399806,-0.0535632478833198,0.0071173375472426,0.0245271921157836,-0.0280298721045255,0.0195582485593855,0.0524842204749584,-0.1783124941021203,0.0208874568343162,0.1072755828499794,0.0615013092756271,-0.3327811712801456,0.0102203652411699,-0.0934970892669633,0.0268240850418806,0.0299056880176067,-0.0055023268796503
1774472622772521200,124.29152124023436,0.1207455635353922,-0.059544806510955,-0.0790524939268827,0.0084779467433691,0.0295890644192695,-0.03140090405941,0.076714990890026,0.0674275225847959,-0.1580313380956649,0.0099320216104388,0.1018415763974189,0.0635647550225257,-0.3316477833360433,-0.0124491472065448,-0.1033716367451474,0.0274853482842445,0.0488780476152896,0.0042219394817948
1774472622782548200,124.30154833984376,0.1139133794277906,-0.021249708777666,-0.0795785636276006,0.0110968025401234,0.0345352813601493,-0.0343768447637558,0.0852256296038627,0.0421025271922349,-0.1525397549420595,0.0051037101075053,0.0957860797643661,0.0619122646749019,-0.3158487411797046,-0.0380114584863185,-0.1160911983909085,0.0256615839898586,0.0684703961014747,0.0160445366054773
1774472622792576000,124.31157592773438,0.1167377891987562,0.0141280402041971,-0.0578670825570821,0.0156510733067989,0.0354274362325668,-0.0313741341233253,0.1114741695821285,0.0237847802132368,-0.1305418581455946,-0.0006354243960231,0.0894431322813034,0.0601065829396247,-0.3105611561655998,-0.0699818832427263,-0.154082856198214,0.0211837459355592,0.0926417782902717,0.0296474304050207
1774472622802604300,124.32160424804688,0.1157236437201499,0.0342458223424851,-0.0245627788484096,0.0104982201009988,0.0321411713957786,-0.030151080340147,0.1155116084046661,0.023401918375492,-0.0977431658715009,-0.0041577210649847,0.084876611828804,0.0568817630410194,-0.3099932931497693,-0.089645199611783,-0.1680728761712089,0.0141284987330436,0.1137337461113929,0.0419032946228981
1774472622812632000,124.33163208007812,0.1122439849108457,0.052762745155394,0.0194394444853067,0.0128154372796416,0.0293784067034721,-0.028273019939661,0.1245773967832326,0.012484218519926,-0.0843798264294862,-0.0048314053565263,0.0754454508423805,0.0479713976383209,-0.2995209989741444,-0.0920487536221742,-0.182879838550277,0.0080716712400317,0.1300453394651413,0.0586670972406864
1774472622822659300,124.34165942382812,0.117368488317728,0.052491380868107,0.0505330864071845,0.0080765206366777,0.0279950909316539,-0.0275247730314731,0.15539222176373,-0.0055938744843006,-0.0547235238343477,-0.0075624771416187,0.0691803619265556,0.038331288844347,-0.2868395043164491,-0.088225980463624,-0.1734387871185317,-0.0035308776423335,0.1476332694292068,0.0721442773938179
1774472622832687000,124.35168701171877,0.1203919277921319,0.0585037730254232,0.0837730927079915,0.0053180186077952,0.0240616016089916,-0.0262184925377368,0.116633744302392,-0.033310733449459,-0.0089572134375572,-0.0090870484709739,0.0653176978230476,0.0337003283202648,-0.2645546072721481,-0.0791249746412038,-0.1414035169649869,-0.0210739187896251,0.1598406583070755,0.0846816450357437
1774472622842715100,124.36171508789064,0.0943038390725851,0.0579547608405351,0.1008767877221107,0.0032806666567921,0.012317894026637,-0.0276949703693389,0.1187108428373932,-0.0337654914796352,0.0098503628849983,-0.0055983075872063,0.0664181113243103,0.0343498736619949,-0.2167640975713729,-0.0933943230122327,-0.1130140559678897,-0.0361511223018169,0.1632038503885269,0.0984171852469444
1774472622852743200,124.3717431640625,0.0601747749775648,0.0211585233628749,0.1117792900085449,0.0047006639651954,0.0038509061560034,-0.0314721316099166,0.1132972933560609,-0.0226303494811058,0.0380009370923042,0.0015224188100546,0.0689365342259407,0.0299414005130529,-0.1411930160194635,-0.1251128188341856,-0.0654041269984096,-0.0477736890316009,0.1581781953573227,0.1091377437114715
1774472622862770200,124.38177026367188,0.0349760363131761,-0.0125102297440171,0.1197305412739515,0.0031616073101758,-0.0069390125572681,-0.0378428027033805,0.1253811143815517,-0.0382394220232963,0.062156888705492,0.0077867060899734,0.0677248015999794,0.0199987553060054,-0.0837193166941404,-0.1202583645403385,-0.0397029917698353,-0.0628976747393608,0.1462226957082748,0.1196266636252403
1774472622872798200,124.39179809570312,0.0466790413275361,-0.0248094470858573,0.1252571957409382,0.0056615164503455,-0.0118040740489959,-0.0406537652015686,0.1543904973752796,-0.0586363133639097,0.0570288781672716,0.0136150568723678,0.0641802325844764,0.0054126731120049,-0.0615036854937672,-0.1300233872294426,-0.0250613029550761,-0.0784609243273735,0.1382776945829391,0.1268731206655502
1774472622882826000,124.40182592773438,0.0427750196263194,-0.0375157839238643,0.1131616842776536,0.0099223665893077,-0.0168319679796695,-0.0442473962903022,0.135054367133975,-0.0713204383701086,0.0519020366728305,0.0146803222596645,0.0594395399093627,-0.0111945327371358,-0.0395534272313118,-0.150737089434266,-0.0122907783070579,-0.089941956102848,0.1302252262830734,0.1309918612241745
1774472622892854300,124.41185424804688,0.0481564204037189,-0.0374637614756822,0.0894289265125989,0.0105069298297166,-0.0203862227499485,-0.049497552216053,0.0984546751417219,-0.0906318725615739,0.0878612388044595,0.0187711268663406,0.0542030148208141,-0.0179242622107267,-0.024668285049498,-0.1435077227026224,-0.0012838657980784,-0.0985157415270805,0.1223444044589996,0.135793536901474
1774472622902881000,124.42188110351564,0.0358376215785741,-0.0171770525112748,0.0685901366233825,0.0136892376467585,-0.020738162100315,-0.0545886605978012,0.0581027910090982,-0.0698749157369136,0.1191641395628452,0.0222918260842561,0.0565559193491935,-0.0103062884882092,0.0052104281246662,-0.126005383759737,0.0407628395536914,-0.1018491685390472,0.1180211454629898,0.1385793834924698
1774472622912909300,124.43190942382812,0.0249789584338665,-0.0023167525097727,0.0284101019263267,0.0093296431005001,-0.0191674306988716,-0.0585740879178047,0.0174976627677679,-0.0359948579668998,0.1169429563820362,0.0254254378378391,0.0623063035309314,-0.0047691641375422,0.0282785845011472,-0.1125526124686002,0.0631178426921367,-0.105516605079174,0.1187279447913169,0.1382337063550949
1774472622922937000,124.44193701171876,0.0104205639883875,0.0143017893359065,-0.0005243161350488,0.0053837550804018,-0.0221645198762416,-0.0589270889759063,0.0585933510050177,-0.0303477919906377,0.0446124641865491,0.0273351911455392,0.0639542713761329,-0.0001754774712026,0.0362315893322229,-0.1024964978784322,0.0836425251308828,-0.1037088111042976,0.1167476177215576,0.1368162930011749
1774472622932965400,124.45196533203124,0.0098401337519288,0.031701252426207,0.0169552264541387,0.0048314151354134,-0.016673082485795,-0.060548685491085,0.0889262376874685,-0.0626157383888959,-0.0224731130927801,0.0256117209792137,0.0641342103481292,-0.005805280059576,0.0621320465251803,-0.0908878931492567,0.1062015264088288,-0.0986027345061302,0.1118199676275253,0.133018359541893
1774472622942992100,124.4619921875,0.0235582779809832,0.0447827061869204,0.0238297883987426,-0.0020619167480617,-0.0184326823800802,-0.060840792953968,0.08223726144284,-0.0708919838249683,-0.0433358683794736,0.0232100840657949,0.0666008293628692,-0.0043389438651502,0.0892450943782925,-0.0778103849112987,0.1368125724455341,-0.0938995480537414,0.1101600900292396,0.1261273026466369
1774472622953020200,124.47202026367188,0.0365501537621021,0.0505699112862348,0.0531125815063714,-0.0069557409733533,-0.0160302445292472,-0.0579222366213798,0.0637023645818233,-0.0400771588444709,-0.0270358909636735,0.0240329895168542,0.0647300407290458,0.0001902667572721,0.1025415060639381,-0.0485655857264995,0.1636588591212406,-0.0843462571501731,0.1105012446641922,0.1215037852525711
1774472622963048200,124.48204809570312,0.0446247391462326,0.0548065259426832,0.068975336548686,-0.0126958452165126,-0.0157186612486839,-0.0562365055084228,0.0556377160698175,0.0095434888929128,-0.0054787236720323,0.0190800409764051,0.0648536160588264,0.0065570860169827,0.1173550443142652,-0.016807342416048,0.185630562030524,-0.0731495171785354,0.1125992313027381,0.1155118122696876
1774472622973076200,124.492076171875,0.0614849807932972,0.0399920378442853,0.0637199002385139,-0.0183193758130073,-0.0104221664369106,-0.0605321824550628,0.0531593432575464,0.0266869313955307,-0.047279637569189,0.0168302152305841,0.0513560958206653,0.0024228221736848,0.143603584292531,0.0183387897670269,0.2037547226661816,-0.0596275813877582,0.106617771089077,0.1049068421125412
1774472622983104300,124.50210424804688,0.066541387400031,0.0277221196621656,0.0357119493722915,-0.024426095187664,-0.0110686346888542,-0.0572981089353561,0.0278860780522227,-0.0028927988320589,-0.0805669901430606,0.0089517850428819,0.0447325482964515,-0.000352990697138,0.1862941405057907,0.0177115977793931,0.2002332340091466,-0.0458518639206886,0.0998800843954086,0.0950834825634956
1774472622993131300,124.51213134765624,0.0729594377487897,0.0145946348026394,0.003612345278263,-0.028408320620656,-0.0088552813977003,-0.0612260028719902,0.0045892274864017,-0.0036240357160568,-0.0635790304630994,0.0008660338353365,0.0356462001800537,0.000731328909751,0.2300879817858338,-0.0054822308033704,0.2088578179588541,-0.0294779501855373,0.0915683582425117,0.0857959762215614
1774472623003159300,124.5221591796875,0.0665361267030239,0.0038191929619759,-0.0167664258837699,-0.0315301306545734,-0.0095869414508342,-0.0584881454706192,0.0165007606849074,0.0052379006534814,-0.0225748199015855,-0.0049670878797769,0.0284897536039352,0.0017590427305549,0.2210156175360083,-0.0054839843690395,0.2269926461189985,-0.0155799072235822,0.0797739923000335,0.0775885358452797
1774472623013187000,124.53218701171876,0.0528776037067174,-0.0034358196675777,-0.0126513917803764,-0.0274224709719419,-0.0088092982769012,-0.0598753839731216,0.0179556356683373,0.0203401927173137,-0.0236871650576591,-0.0073964642360806,0.0193868707865476,0.0054215779528021,0.2017398391798138,0.0118652098387479,0.2147131929235533,-0.0019493171712383,0.0708175152540206,0.0745437443256378
1774472623023215000,124.54221508789064,0.0486895043671131,-0.0201772572405636,-0.0007990414232015,-0.0267830453813076,-0.0059914072044193,-0.0617566406726837,0.0330915377408266,0.0165811324447393,-0.055103463062644,-0.0054883090779185,0.0170675236731767,0.0109982369467616,0.1815437311083078,0.0321148016631603,0.2294885911205783,0.0091838827356696,0.0641935393214225,0.0698987394571304
1774472623033242000,124.5522421875,0.031794483667612,-0.017875117778033,0.0103150577872991,-0.0248408019542694,-0.0050084344111382,-0.0647476390004158,0.0114884854808449,0.0041243864536285,-0.0377063380599021,-0.0058674705214798,0.0225069783627986,0.0211003310978412,0.2134896059453487,0.0174941556364297,0.2367473300771787,0.0169555190950632,0.05342797935009,0.0615473352372646
1774472623043270100,124.56227026367188,0.0335875045642256,0.0125034346770495,0.0293014978080987,-0.0227293297648429,-0.0059556863270699,-0.0652617663145065,-0.0178150581538677,0.0105634795904159,-0.0458481434613466,-0.001327846199274,0.0295784696936607,0.0308483000844717,0.2826660180240869,-0.0645043286144733,0.1934173069166019,0.0239669475704431,0.0366408601403236,0.0496380291879177
1774472623053298200,124.57229809570312,0.0286135155439376,0.0307485548112541,0.0447317066520452,-0.0210259705781936,-0.0049346308223903,-0.0659728273749351,-0.0352875864803791,0.0146212305486202,-0.0281552503824233,0.0001184118445962,0.0345236212015152,0.0391562283039093,0.3356137643575668,-0.1116729070246219,0.1641267323613166,0.0292093809694051,0.0261474754661321,0.0378271751105785
1774472623063326200,124.582326171875,0.0196194772273302,0.0378290145915001,0.051298810082674,-0.0233603250235319,-0.0081816790625453,-0.064870610833168,-0.0509399136424064,0.0150128602147102,-0.030942250752449,-0.0012728234287351,0.0348346792161464,0.0444892086088657,0.3242500743001699,-0.1367138247787952,0.1281801705155521,0.0367502272129058,0.0207387655973434,0.0269526951014995
1774472623073353000,124.59235302734376,0.007724749033153,0.0416199313070625,0.0543523524343967,-0.0189938060939311,-0.0108919776976108,-0.0615392625331878,-0.0457579809598624,0.0244119722008705,-0.0035819501399993,-0.0028710782062262,0.0361213609576225,0.0486919023096561,0.26874738278687,-0.1213625263899564,0.0933643297327682,0.0441104024648666,0.0275199711322784,0.0189951695501804
1774472623083381200,124.60238134765623,0.0187090843841433,0.0381437796290963,0.0524468110740184,-0.0162927340716123,-0.0126716457307338,-0.0572270080447196,-0.0575140313357114,0.0284615398526191,-0.0016863456517457,-0.0055789803154766,0.0374774411320686,0.0571197420358657,0.2459861004024744,-0.1052618709385395,0.0835900277586653,0.0510038286447525,0.0405987650156021,0.0139784961938858
