time,seconds_elapsed,imu1_accel_x,imu1_accel_y,imu1_accel_z,imu1_gyro_x,imu1_gyro_y,imu1_gyro_z,imu2_accel_x,imu2_accel_y,imu2_accel_z,imu2_gyro_x,imu2_gyro_y,imu2_gyro_z,imu3_accel_x,imu3_accel_y,imu3_accel_z,imu3_gyro_x,imu3_gyro_y,imu3_gyro_z
1774472565884618000,67.40361791992187,-0.1685433797597885,0.0280512054860591,0.1120341415524482,-0.0047032968141138,-0.0362844765186309,-0.0402248427271842,0.2500999654620885,-0.1511708046764135,-0.0981990929454564,-0.0187056399881839,0.0360348001122474,-0.0383081324398517,-0.3946545668691396,0.1268207917958498,0.1202045885264873,0.0142829800024628,0.093921959400177,-0.0104015301913023
1774472565894646000,67.41364599609375,-0.0218032510071992,-0.0192813313141465,0.0038198505491018,-0.0037048780359327,-0.0211180411279201,-0.0221363846212625,0.2066658974051475,-0.1272948390483856,-0.1029483332991599,-0.0168721787631511,0.0344322957098484,-0.038557831197977,-0.4087748621582984,0.1081505781173706,0.2809993269208818,0.0264124423265457,0.0807835683226585,0.0053397729061543
1774472565904673000,67.42367309570312,0.1407125390261411,0.0495427601955831,-0.0123509475290775,-0.0011397934285923,-0.0401341170072555,-0.0135917933657765,0.071979779061675,-0.1007505309939384,-0.0734410837858915,-0.0112411901354789,0.0359774604439735,-0.0446032062172889,-0.3877744519665837,0.0226087221711874,0.3917894597616046,0.0355896949768066,0.0372155867516994,0.0148568451404571
1774472565914701000,67.433701171875,-0.0499856816574931,0.076864336232841,-0.0122737906396389,0.0024168582167476,-0.0262840799987316,-0.0126216039061546,0.0353214887499809,-0.0734223790854215,-0.0718880091249942,-0.0077691064216196,0.0317913293838501,-0.055160567164421,-0.3500841882586479,-0.0226157364338636,0.3561200343567878,0.0389363951981067,-0.0019706601742655,0.0161055698990821
1774472565924729000,67.44372900390626,-0.0551265516772866,0.0799940125606954,-0.0785579884082079,-0.0018032565712928,-0.0167118348181247,-0.0105765303596854,-0.0008963643178343,-0.0722176794707775,-0.0636550183087587,-0.0116876810789108,0.0382436364889144,-0.0576191954314708,-0.3290712108463048,-0.0810422064393758,0.3062191814385354,0.036209050565958,-0.0158952642232179,0.0154698733240365
1774472565934757000,67.45375708007812,-0.0132648475036025,0.1171028231188654,-0.0176110600143671,-0.0044363238848745,-0.0074285878799855,-0.0038150302134454,0.0036474165916442,-0.0264671511650085,-0.0015676877081394,-0.0073236413300037,0.0349496863782405,-0.0572139136493206,-0.3590346796944737,-0.1099012211769819,0.2047059224437922,0.0289311744272708,-0.0134736644104123,0.0198644660413265
1774472565944785200,67.46378515625,-0.0326388255372643,0.1031336267381906,0.0123415951788425,-0.001804428291507,-0.0037736813537776,-0.0017203334718942,0.0009990940399467,0.0089981299698352,0.0086754738867282,-0.0025437998119741,0.0291192289441823,-0.0584328435361385,-0.3773854521602392,-0.0937865372002124,0.090801018583402,0.0300691425800323,0.0070739546790719,0.0239020828157663
1774472565954813000,67.47381298828125,-0.0457382533460855,0.0534605181612074,0.0140220956116914,-0.0002036021323874,0.0027832870837301,0.009301958605647,-0.0714518096648156,0.0249222598105669,-0.0097691143423318,-0.0003157332539558,0.0284343026578426,-0.0595603697001934,-0.3146101392954588,-0.0733265174955129,0.0923806159250438,0.0316810645163059,0.0061298049986362,0.0271034222096204
1774472565964841200,67.48384130859375,0.0496042811244726,0.072672583631426,0.0586637858927249,-0.0054493998177349,0.0043676821514964,0.0190484356135129,-0.0710737701326608,0.0264402631580829,-0.0313426482468843,-0.0043277852237224,0.0250491574406623,-0.0627979785203933,-0.2306938387244939,-0.054487961512804,-0.0122542822215706,0.0387669391930103,0.0032740971073508,0.0289135742932558
1774472565974868000,67.49386791992187,0.1308732820570468,0.0408804380513727,0.0759270553827285,-0.0001739441649988,0.0047549060545861,0.0310678128153085,-0.0808984140545129,0.0707826782315969,-0.0223585468024015,-0.0060837124474346,0.0212171580642461,-0.062675155699253,-0.1369409115329384,-0.0418733946114778,0.0227571176659315,0.0504305176436901,0.0005065398290753,0.0332782268524169
1774472565984896000,67.50389599609375,0.0269859143421053,-0.0141122581131756,0.0532815083324909,0.0061419680714607,-0.0188380256295204,0.0257737506181001,-0.0846498755425214,0.0628495471447706,-0.0300409179985523,-0.0053601311519742,0.015964338555932,-0.0623300038278102,-0.060877370288968,-0.0069487962245941,0.0241339589770883,0.0572170503437519,-0.0108126942068338,0.0388468950986862
1774472565994924000,67.51392407226562,-0.0634673867821693,-0.0320493352115154,0.0780453627109527,0.0072019062936306,-0.0223752371966838,0.02705286629498,-0.0850092103742062,0.014030278918147,-0.0279383927613496,-0.0001433580182492,0.0082422560080885,-0.0615931116044521,0.0389750428214669,-0.0042249242186546,-0.0435172162957489,0.0513442493975162,-0.0352760441601276,0.0515180900692939
1774472566004952000,67.5239521484375,-0.0362745516911149,-0.0059331894412636,0.0565127453386783,0.0109484568238258,-0.0151370055973529,0.0194745473563671,-0.109602530491352,-0.0412666608899831,-0.0348684842854738,0.0053438190370798,0.0028216578066349,-0.0592604540288448,0.056048927219212,0.0062689972668886,-0.07606894807145,0.0379501469433307,-0.0789289772510528,0.0597861409187316
1774472566014980000,67.53397998046874,0.0816813811257481,0.0073423255868256,0.0313566767722368,0.0106294099241495,-0.0106591656804084,0.0183261930942535,-0.1162415301144123,-0.0458142411917448,-0.0164028532683849,0.0103866662830114,0.0003774329088628,-0.0610555782914161,0.0992795816585421,0.0036205285847187,-0.0797088389437645,0.0253822412341833,-0.1329090744256973,0.0661620646715164
1774472566025007900,67.5440078125,0.1003977720335125,-0.0230941676005721,0.0252834943383932,0.0139599200338125,-0.0068903253413736,0.0171147976070642,-0.08515607149899,-0.0143067577719688,-0.0459615407079458,0.011693213135004,-0.0121937524527311,-0.0607357323169708,0.1668795382007956,0.0246779296606779,0.000505319173634,0.0130563341081142,-0.16375033557415,0.0714335218071937
1774472566035036200,67.5540361328125,0.0034723522856831,-0.0362942793048918,0.0131242699891328,0.016890462487936,-0.0036079795099794,0.0197720993310213,-0.0863772838570177,0.0142424603641033,-0.1042348659783601,0.0028416127897799,-0.0228576008230447,-0.058224119246006,0.2205439083710312,0.0049924014598131,0.0238434515979141,0.0014590814244002,-0.1814458072185516,0.0682583302259445
1774472566045064000,67.56406396484375,0.0309469269275665,-0.0255333774462342,0.0339648134440183,0.0101939048618078,-0.0049821152351796,0.021503958851099,-0.0834160959638655,0.0657137044042348,-0.1594014574050903,-0.0070216706953942,-0.0296984631568193,-0.0522298775613307,0.3039852849066257,-0.0485521417230367,-0.0262232594065368,-0.0029481840319931,-0.1925415992736816,0.0615977682173252
1774472566055091200,67.57409130859375,0.082694357560575,-0.002398293313384,0.0731166741371154,0.011548388749361,0.0004936098121106,0.0212613437324762,-0.1066425116419792,0.0899281082063913,-0.1635194141179323,-0.0112326480448246,-0.0297093037515878,-0.0444671735167503,0.328293212211132,-0.1039332526832819,-0.0525127159170806,-0.0006511342944577,-0.1841668784618377,0.0535089001059532
1774472566065119000,67.58411889648437,0.0612865356117486,-0.0087893095247447,0.0262222364932298,0.0060119233094155,0.0061152456328272,0.0190349798649549,-0.0916629691749811,0.0581733720272779,-0.1526180808752775,-0.0087066404521465,-0.0218662936240434,-0.0380297787487506,0.3137137749776243,-0.1410351951092481,-0.1099257710963487,-0.0029667532071471,-0.1534845978021621,0.0460073053836822
1774472566075147300,67.59414721679687,0.1601870548248291,-0.0177072138652205,-0.0127986912965774,0.0053724986501038,0.0019537899643182,0.0167049802839756,-0.1180124853096902,0.0503156442642211,-0.1265583414673805,-0.006603579968214,-0.0094737466424703,-0.0246869698166847,0.2510135731756687,-0.1391822607189416,-0.1775517388626933,-0.0019394018454477,-0.1158140376210212,0.0433057807385921
1774472566085175000,67.60417504882813,0.0984191654369235,-0.0267959447279572,-0.0547007274806499,0.0058285458944737,-0.0135969910770654,0.016593849286437,-0.1201005436301231,0.0306114113628864,-0.0881131677389144,-0.003694609273225,0.0028002301696687,-0.0041239047423005,0.1703796552762389,-0.1041916113585233,-0.2276285328697413,-0.0031849620863795,-0.0851871520280838,0.0440509319305419
1774472566095203000,67.614203125,0.0494704256117343,-0.0069436816580593,-0.0541395864665508,0.0051971105858683,-0.0124198738485574,0.0013997163623571,-0.0952640624068677,0.0191249717086553,-0.0333031346648931,0.0028493287973105,0.0126052927225828,0.0117793753743171,0.1459206290632486,-0.1040478189736604,-0.2567638803306967,-0.0077598197385668,-0.0527224130928516,0.0410555973649024
1774472566105231000,67.62423120117188,0.0168061733722686,-0.0134822896465659,-0.0554378095835447,0.0065432824194431,-0.0002113836817443,-0.0087458277121186,-0.0609672405295073,0.0275999545872211,-0.001215805530548,0.0097802057862281,0.0215609725564718,0.0168513655662536,0.1259361179158091,-0.1376800394624471,-0.2639504308339208,-0.0073856459930539,-0.0328118205070495,0.0362347438931465
1774472566115259000,67.6342587890625,0.0781038148999214,0.0007081482693552,-0.0325268895953893,0.0088658258318901,0.0118759050965309,-0.0141485827043652,0.0216543440558016,0.0179909992426633,0.0111328039109706,0.0152350328862667,0.0219467915594577,0.0068758535198867,0.1371244514063,-0.1268348203212022,-0.2015462893690913,-0.009477206505835,-0.0160355288535356,0.0325970537960529
1774472566125287200,67.644287109375,0.1035936454653739,-0.0392157197095453,0.0035790275305509,0.0115605155006051,0.0227570626884698,-0.0162555240094661,0.1303594873160123,0.0139028531461954,0.0744751030087471,0.021138995885849,0.0140800783410668,-0.0069084023125469,0.1282134151980281,-0.1055102927416563,-0.1468219618171453,-0.0113787036389112,0.0007652891799807,0.0264472812414169
1774472566135314000,67.65431396484375,0.0768260500490665,-0.0540970624990761,-0.0083370357125997,0.0126273781061172,0.0185380820184946,-0.0146863888949155,0.1586852719597518,0.0128548053979873,0.1194406184166669,0.0228882208466529,-0.0108976736664772,-0.0190030932426452,0.1366758308559656,-0.0890197611898183,-0.1353244162470102,-0.0081082535907626,-0.0012261613737791,0.0206272564828395
1774472566145342200,67.66434228515625,0.0972299556523561,-0.091435590159893,-0.0095464115023612,0.0111455265432596,0.0152225969359278,-0.0113042797893285,0.0539114767991006,0.0553144754648208,0.0927986952066421,0.0191137231886386,-0.0426300354301929,-0.0294757075607776,0.1845849985003471,-0.0644850393921136,-0.0549584285687655,-0.0067902551963925,0.0047209435142576,0.0153747042641043
1774472566155370000,67.67436987304687,0.1178171088680624,-0.0285332899145781,0.0029185177952051,0.0037294221110641,0.0151799861341714,-0.0189856346696615,-0.0822656107544898,0.1200859305828809,0.0178203188508749,0.0098744072020053,-0.0609532222151756,-0.0317588374018669,0.1774547082290053,-0.0216167885243892,-0.0792751967668533,-0.0054823751561343,0.022898431867361,-0.0067275427281856
1774472566165398000,67.68439794921875,0.1165153786197304,0.0168165486358106,-0.000275894331932,0.0003799475962296,0.0118274269625544,-0.0255762189626693,-0.1572914795137941,0.1274737027466297,-0.1009814171403646,-0.0001752977259457,-0.0604887679219245,-0.0272543672472238,0.2348313769206404,-0.0374848042637109,-0.1520804668672382,-0.0007105228723958,0.0415549427270889,-0.0294962394982576
1774472566175426000,67.69442602539063,0.0416477691620588,0.0431609502039849,-0.0031511575073003,-0.0016794747207313,0.0132913663983345,-0.0360062196850776,-0.1621286904118955,0.0604196896493434,-0.1613496688634157,-0.0118041234090924,-0.0448339842259883,-0.0193922873586416,0.2985717354252934,-0.0457704020500183,-0.2071142256945371,0.0034541366621851,0.0371338166296482,-0.0383000075817108
1774472566185454000,67.7044541015625,-0.0029664485901594,-0.0060458560355007,0.0002303016245365,-0.0062122615054249,0.0122385956346988,-0.0406133830547332,-0.0620581045061349,-0.0224754511803388,-0.1684194611191749,-0.0116714984178543,-0.0262499172240495,-0.0122640691697597,0.2741203079968691,0.0232394212901592,-0.1827734920989722,-0.0003509877715259,0.0070978892035782,-0.026559192687273
1774472566195482000,67.71448217773437,0.0067296005159616,-0.039937165851891,-0.0045844051808118,-0.0026244514156132,0.0078142862766981,-0.0363621786236763,0.0161234518051147,-0.0735480512917041,-0.1367389592200517,-0.0092305224388837,-0.0063139060512185,-0.0023592940997332,0.1506388897567987,0.08355214343369,-0.0443305054400116,-0.0250783674418926,-0.0220771208405494,-0.0070005641318857
1774472566205508900,67.7245087890625,0.0639396804690361,-0.0577012244708836,-0.0012497078001499,-0.0054403180256485,0.007731179241091,-0.0281640533357858,0.0203664962023496,-0.064016252836585,-0.0940343744814395,-0.0016671448247507,-0.0007047561812214,0.0077489996328949,0.0507151649758219,0.0600280599832534,0.0299429375167936,-0.054588858038187,-0.0518773570656776,0.0061943335458636
1774472566215537200,67.734537109375,0.0835588654354214,-0.0486699228838086,0.023049451676011,-0.007763925474137,0.0061183688230812,-0.0297033600509166,0.0228419464051723,-0.0146118781983852,-0.0901116480797529,0.0029799230396747,-0.0057154055684804,0.0129530290141701,0.0306850611209869,0.0109919341355562,0.0632823856040835,-0.0639915689826011,-0.0902570411562919,0.0188283547759056
1774472566225565000,67.74456494140625,0.0447924969285726,0.0001284486852586,0.0457733246594667,-0.0062485737726092,0.0034129649866372,-0.0336491838097572,0.0113543377071619,0.0161567695528268,-0.1196300035089254,0.0027783219702541,-0.0090126655995845,0.0146614471450448,0.0376814958795905,0.005695581293106,0.1502485021997243,-0.0540728978812694,-0.119911603629589,0.0175337921828031
1774472566235593000,67.75459301757813,0.0050642976522445,-0.0036183366276323,0.0581453149765729,-0.0080211739987134,0.0094543453305959,-0.0305846836417913,-0.0368972136341035,0.0390519074499607,-0.1258621758967638,-0.0004626624286174,-0.0077166315168142,0.0192932169884443,0.0741971628502011,0.0053887073010206,0.2221618649616837,-0.0425157584249973,-0.1126084476709365,0.0084640532732009
1774472566245621000,67.76462109375,0.048820145009458,0.0696776395991444,0.0824316149711608,-0.0094632133841514,0.0142525471746921,-0.0217369198799133,-0.0892873260848224,0.0667962389439344,-0.1021469537883996,-0.0017012986354529,-0.0029636877588927,0.0336788147687912,0.0706976302966475,-0.0935837081044912,0.183921273894608,-0.0356157757341861,-0.0892860740423202,0.000763788819313
1774472566255649000,67.77464892578125,0.0934200419753789,0.1366378369331359,0.0822469060540199,-0.0055345185101032,0.0129097811877727,-0.0192596465349197,-0.0908469766169786,0.0631400545239448,-0.0737140555083751,-0.0068772551603615,0.0028699892573058,0.039885364472866,0.0582028903827071,-0.1691208873867988,0.0282058115258812,-0.0360687896609306,-0.0492835827171802,-0.0082082133740186
1774472566265677000,67.78467700195313,0.045659050630033,0.1292924426063895,0.0433545730799436,-0.0005976936081424,0.0102873686701059,-0.014272735454142,-0.0096620007060468,0.0410895507574081,-0.10727496432662,-0.0136222429573535,0.0044814678840339,0.0426566489040851,0.0270773920178413,-0.1925187141090631,-0.1032227663263678,-0.0301938578486442,0.0082585383206605,-0.019123712554574
1774472566275705000,67.794705078125,-0.0100701431155204,0.0932590061947703,-0.0095715459436178,0.0048788306303322,0.0161159634590148,-1.81663781404e-05,0.0409093718849122,0.0028314240336418,-0.076224577024579,-0.0161670297384262,0.009257124736905,0.048357781022787,0.0147653151944279,-0.1560275970578193,-0.1288330084010958,-0.0211066901683807,0.0687168985605239,-0.0207145251333713
1774472566285732000,67.80473217773438,0.0684077657938003,0.1174165652431547,-0.0287345115751028,0.0091737518087029,0.0208566449582576,0.0094472076743841,0.0780798495024442,-0.0567664278388023,-0.015320903250575,-0.0132021326571702,0.0147935701534152,0.0507801920175552,-0.0088084526166319,-0.105639472079277,-0.1590006215192377,-0.0169636104255914,0.1050173789262771,-0.0199209041893482
1774472566295760100,67.81476000976562,0.1106803888559341,0.1313039285592734,-0.0319143106549978,0.0113759199157357,0.0264940224587917,0.0200753509998321,0.1192927343785762,-0.0999655180960893,0.0546475359886884,-0.0003523672930896,0.0107757681980729,0.0471926517784595,0.0277858325481414,-0.0425409186094999,-0.136876979451254,-0.0146848391741514,0.1162345632910728,-0.0096473861485719
1774472566305788200,67.8247880859375,0.1007613446488976,0.1194252747170627,-0.0298638078659772,0.0152409449219703,0.0229349806904792,0.0279122497886419,0.1351471599839627,-0.121428577363491,0.0923486133515834,0.0084075685590505,-0.0023368382826447,0.0320459231734275,0.0091036361709237,-0.0060591539084911,-0.0738240917541086,-0.0186697281897068,0.1004279032349586,-0.0049921800382435
1774472566315816200,67.83481616210938,0.0476677601039409,0.0932736192420125,-1.34440034627e-05,0.0167597457766532,0.0250878818333148,0.0310470592230558,0.1669961503177881,-0.1009884314030408,0.0945925928860902,0.0131211224943399,-0.0211815368384122,0.010790329426527,0.0284887201204895,-0.0010959785431623,-0.0173396957270801,-0.0287395007908344,0.0761001482605934,-0.0004588379524648
1774472566325844000,67.84484399414063,0.0289195127531886,0.0800306913092732,-0.0004009820163249,0.0206857770681381,0.0246908031404018,0.0407087430357933,0.1231206221036612,-0.0718523532897233,0.0698538729488849,0.0129000805318355,-0.0359213314950466,-0.0102331964299082,0.0563283286824822,-0.0152618665397167,0.0585379675559699,-0.0347923338413238,0.0504741519689559,-0.0005877348594367
1774472566335872000,67.8548720703125,0.0830365951269865,0.045820232541114,0.0008867197066545,0.026781752705574,0.0280298758298158,0.0536154806613922,0.0815852272748947,-0.0064876084536314,0.0241816705763339,0.0055891661904752,-0.0469183139503002,-0.0251284688711166,0.1178650396630167,-0.0350911871254444,0.1507882350996136,-0.038893062621355,0.0218050237745046,-0.0055801272392272
1774472566345900000,67.86490014648437,0.1216384207218885,0.0198974173858761,-0.0395142642647027,0.022842364385724,0.0221941005438566,0.0511414408683776,0.0729902712784707,0.0443155270665884,-0.0511012416839599,0.0042732981964945,-0.0505098551511764,-0.0358716621994972,0.1339569272860884,-0.039883097577095,0.1813683745414018,-0.0334205329418182,-0.0117294993251562,-0.0147653697058558
1774472566355927000,67.87492700195313,0.0550692685320973,0.0104842768743634,-0.0324047245204448,0.0224759131669998,0.0320557877421379,0.0460659861564636,0.0539589692026376,0.066384735533595,-0.0578401945501565,0.0060817068442702,-0.0431261621415615,-0.0356589816510677,0.0993403719350695,-0.0286059167593717,0.2040005506534129,-0.0262946225702762,-0.0400345809757709,-0.0193153321743011
1774472566365955000,67.884955078125,-0.015996026033163,-0.0055314767725765,-0.0073795888572931,0.0243618376553058,0.0336664170026779,0.0429683625698089,0.0148760820925235,0.0792927324235439,-0.0502870026916265,0.0097946859896183,-0.024602010846138,-0.0239919386804103,0.0022609306693077,-0.0087321725100278,0.1692946365185081,-0.0223590023815631,-0.042894285172224,-0.0206676851958036
1774472566375983000,67.89498315429688,-0.0081271923542022,-0.0252871476002037,0.0167354462236166,0.0205362066626548,0.0291773937642574,0.0504025742411613,-0.0145335522651672,0.0496136334747076,-0.0565010549008846,0.0177901946008205,-0.0100025478750467,-0.0145140141248703,-0.1111307629719376,0.0111538466989994,0.0696354078926146,-0.0212695989757776,-0.0311029180884361,-0.014278121292591
1774472566386011100,67.90501123046874,0.0524105707168579,-0.0307525733992457,0.0449245988756418,0.0196669343858957,0.0379339195787906,0.0512579642236232,-0.0075613751649856,0.0031137481063604,-0.0765805508553981,0.0205492302775383,-3.91292269341e-05,-0.0081956647336483,-0.1633878966927528,0.0351987391531467,-0.0028697102174162,-0.0236571226269006,-0.0095518194139003,-0.0112823322415351
1774472566396039000,67.91503881835938,0.0856067378759384,-0.0050828562222421,0.0966512789815664,0.0182956717908382,0.0349810048937797,0.0582426376640796,-0.0124818804323673,-0.0415150826930999,-0.0535614943176507,0.0269221141934394,0.009634512476623,-0.0075666340999305,-0.1521297128364443,0.0318301395028829,-0.0722599111773073,-0.0285102967172861,-0.0010621352121233,-0.0090171881020069
1774472566406067200,67.92506713867188,0.0982137059926986,-0.0107915892578661,0.1035030445724725,0.0151209151372313,0.028720935806632,0.0570333302021026,-0.0019536182858049,-0.0470575192511081,-0.0603244125813245,0.0280342511832714,0.0112494528293609,-0.0125576639547944,-0.1116170851841568,0.0515349569261074,-0.0285561593335121,-0.0212433282285928,0.0106576373800635,-0.0061375121586024
1774472566416095000,67.93509497070312,-0.0026738953843712,-0.0052216801710426,0.1179495030760765,0.0174099020659923,0.0213791336864233,0.0534156896173954,-0.0035708442240953,-0.0344973128855228,-0.1206716215163469,0.0186294429004192,0.0052234190516173,-0.0129861598834395,-0.0824284001007676,0.0884293940812349,0.0815592160508036,-0.0096264267340302,0.0130231315270066,-0.0054569169878959
1774472566426123300,67.94512329101562,-0.0245917126819491,-0.0180688867844641,0.1172457387208938,0.0197740830481052,0.0144274365156888,0.0541349500417709,-0.0050448622994124,-0.0250602069765329,-0.1703109739542007,0.0124117620289325,0.0031328378245234,-0.0166871566325426,-0.060474634706974,0.1227735622316598,0.103584293115139,-0.0042052958160638,-0.00157125829719,-0.0030438266694545
1774472566436150000,67.95514990234375,0.0053404842451214,-0.0227935772188007,0.0974263550072908,0.0206281580030918,0.0065071959979832,0.0532912611961364,-0.0083317750155925,-0.0494242483824491,-0.1477443373590707,0.0094993207603693,0.0052836122922599,-0.0135006280615925,-0.048062896901369,0.0266729028701782,0.0735902099329978,-0.0047533772885799,-0.0218909978866577,0.0011364121455699
1774472566446178000,67.96517797851563,0.0272281986653804,-0.0198214295402169,0.0733224258422851,0.0174008086323738,0.014862660318613,0.0484300106763839,0.0193215171940624,-0.0511065023809671,-0.0816074391067028,0.0106234410777688,0.0133676370605826,-0.0105154914781451,-0.0522647325053811,-0.0363835650235414,0.0637546792909503,-0.0086354669183492,-0.0418181009590625,0.0089839491993188
1774472566456206000,67.9752060546875,-0.0054600189715623,0.0027728257142007,0.0533709401816129,0.0153680173680186,0.0256588496267795,0.0469855144619941,0.0263065537758171,-0.0369751011759042,-0.0684071812719106,0.0146163022145628,0.0194486081600189,-0.007541705854237,-0.0937923824191093,-0.0609048428177833,0.0486832938220351,-0.0143473148345947,-0.0561660081148147,0.0178885105997324
1774472566466233900,67.98523388671875,0.0458195018887519,-0.0340552682064473,0.0141980367004871,0.0193149261176586,0.0226984899491071,0.0375335775315761,0.0511849744446575,-0.0386082553356885,-0.0787093795776367,0.0143438605591654,0.024784518405795,-0.0076527595520019,-0.1134741112276911,-0.0855401023805141,0.007454772985354,-0.0201149247586727,-0.0601394437253475,0.027658050879836
1774472566476262100,67.99526220703125,-0.0585997807458043,-0.0811300308533012,-0.0093505966693162,0.0134053714573383,0.0219480097293853,0.0335790514945983,0.086718060118705,-0.0423234764665365,-0.0903045403033494,0.0120617356151342,0.024106154218316,-0.0109328608959913,-0.1064411438509821,-0.0913677856206893,-0.0061074500296264,-0.0116245932877063,-0.0443074516952037,0.028467621654272
1774472566486290000,68.0052900390625,-0.0829021550923585,-0.0999251860857009,-0.0423895274400711,0.012514523230493,0.0325039885938167,0.0266615077853202,0.084946374271065,-0.0823398450344801,-0.0828057089805602,0.0078896274790167,0.0238089468330144,-0.0081546511501073,-0.0516080221623182,-0.0705097065091133,0.0550884846892207,0.0004238135297782,-0.0234692823141813,0.0331475920975208
1774472566496318200,68.01531811523438,-0.0410907198011875,-0.1012513201229274,-0.0305950447499752,0.0121302288025617,0.0301164649426937,0.017658157274127,0.0771950294919311,-0.1190063186526298,-0.0234872585713863,0.0098850056529045,0.0263001471757888,-0.0080120749771595,-0.0506745407044887,-0.0590472322523593,0.0570824349854141,0.0049377805553376,-0.0090119242668151,0.0327423512935638
1774472566506345000,68.02534497070313,-0.0496808534920215,-0.1028080480456352,-0.0296416895478963,0.0144661543890833,0.034022431820631,0.0207287836819887,0.084468819887191,-0.1053647467911243,0.021883915027976,0.0135071706026792,0.0288463979959487,-0.0084195379167795,-0.0895008227050304,-0.0549099863171577,-0.0061115416828542,0.0039351005107164,5.93345612287e-05,0.0296557508409023
1774472566516373200,68.03537329101563,-0.0291670577734708,-0.126884650812298,-0.0339279885649681,0.0080018639564514,0.0341204367578029,0.014553178101778,0.1041043714664876,-0.1256979252457618,0.0217938986569643,0.0171631835401058,0.028140066191554,-0.005558016244322,-0.1041504025653004,-0.0902227072387933,-0.0340987420219928,0.0049202069640159,0.0147121325135231,0.0252946820110082
1774472566526401000,68.04540112304687,0.0012613982379436,-0.0690264822140336,0.0179267018347978,0.0091589707881212,0.0306058842688798,0.0130570344626903,0.1053629932254552,-0.0879670372664928,-0.0015630115330219,0.0189637467265129,0.0235058981925249,-0.0065247435122728,-0.111473292799294,-0.1156464868307113,-0.053397316731885,0.0031947449315339,0.0274891816079616,0.0274752788245677
1774472566536429000,68.05542895507813,-0.0717898094475269,-0.0606748334541916,0.0600181231111288,0.0063882181420922,0.024061432108283,0.0171689540147781,0.106803255161643,-0.0631733722716569,-0.0304623582810163,0.018118642270565,0.015364209190011,-0.0138242021203041,-0.1173281563073396,-0.078035425838828,-0.0813400934074074,-0.0009763989364728,0.0302290879189968,0.0305598769336938
1774472566546457000,68.06545703125,-0.0340899011284112,-0.0405519367493689,0.0659784928202629,0.0063269659876823,0.0195055622607469,0.0179492607712745,0.0851677619367837,-0.0752086779803037,-0.0249339502483606,0.0154115380719304,0.0052141034975647,-0.0198615901172161,-0.0958186275497078,-0.0275894331932067,-0.0973609616208821,-0.0064691682346165,0.0228574573993682,0.0266426336020231
1774472566556484900,68.07548486328125,-0.0176882169038057,0.0031904666043817,0.11066928294003,0.0037498245947062,0.015651436522603,0.0121089480817317,0.0388853187114,-0.0744330174326896,0.025455343773961,0.0150060020387172,-0.0067346552386879,-0.0277420450001955,-0.1151440902665257,-0.0042845454514026,-0.0593983837775886,-0.0059475405141711,0.0128626376390457,0.0279042497277259
1774472566566513200,68.08551318359375,-0.0611731383651494,0.0203356626726686,0.1194388648509979,0.0017073402414098,0.0137880062684416,0.0077862236648797,0.0087906246989965,-0.0780061997443437,0.0608043050527572,0.0129910539835691,-0.0162450689822435,-0.0369041189551353,-0.1304948041334748,-0.0367763637334108,-0.0157841368481516,-0.0113423056900501,-0.0119281951338052,0.0351011790335178
1774472566576541000,68.095541015625,-0.111801501840353,0.0221634626217186,0.1354547646284103,0.0011621911544352,0.0221996009349823,0.0064799441024661,-0.0138362176507711,-0.0881149213045835,0.0915630159318447,0.0162392556667327,-0.0168523211032152,-0.0436010621488094,-0.1068529395222663,-0.0494967290967702,-0.0765588504802435,-0.013521815650165,-0.0472594834864139,0.0371231324970722
1774472566586568200,68.10556811523438,0.0076414546638727,0.0066764090240001,0.1089788456350564,0.0001627823803573,0.0273521039634943,0.0035583181306719,0.0015511749647557,-0.0512087937116622,0.0590028085887432,0.0168563108891248,-0.0143196554854512,-0.0484855659306049,-0.0334361133947968,-0.0354021527707576,-0.0663341013249009,-0.0113819660618901,-0.0686033889651298,0.0336045622825622
1774472566596596000,68.11559594726563,0.0428384402513504,0.0058756140351295,0.0961900912106037,0.0027186181396245,0.0421169362962245,0.0102055668830871,0.0460847286961972,0.0076806176304817,-0.003013794863224,0.0176356937736272,-0.0129639226943254,-0.043555412441492,0.0199383339181542,-0.038258711245656,-0.00448532872051,-0.0124944662675261,-0.0721276029944419,0.0311159454286098
1774472566606624000,68.1256240234375,0.0971478303268551,0.0013400164321064,0.0588601852476596,0.0058565628714859,0.0434481538832187,0.0108991842716932,0.0468038367509841,0.0068470894157886,-0.0529062452793121,0.0196964479982852,-0.0001210941118188,-0.032731793820858,0.040509705042839,-0.0181739545941352,0.0233868669368326,-0.0133304325863718,-0.0604909211397171,0.0328954681754112
1774472566616652000,68.13565209960937,0.1252694707006216,-0.0261496096484363,0.0289437704116106,0.0094680748879909,0.0363281928002834,0.0051105367019772,0.0078081895329058,0.0410328521341085,-0.0823755008697509,0.024277402088046,0.0102438684552907,-0.0154336644336581,0.0340156668484211,-0.0133545716136693,0.0042315731551498,-0.0146314874291419,-0.0497729033231735,0.0298578515648841
1774472566626680000,68.14568017578125,0.0010690905362367,-0.0366872241452336,-0.0001578209102153,0.0127794444561004,0.0286399852484464,0.0005207937210798,-0.0321427125833928,0.0670873308449983,-0.0853682529449462,0.0265397578477859,0.0194219183176755,-0.0098636634647846,0.0153705876111984,0.0045241994261741,-0.0542685466084629,-0.0161164663732051,-0.0388912260532379,0.0320813246071338
1774472566636708000,68.1557080078125,-0.051192427098751,-0.0479373708255589,0.0074520695716142,0.0137704070657491,0.0279752593487501,-0.0010656509548425,-0.059401306387037,0.0143739777892827,-0.1080102928638458,0.0232903994619846,0.0401755720376968,0.0038837401662021,-0.0568362782046198,-0.0174111535280942,-0.091520857290551,-0.018728319555521,-0.0229801312088966,0.0297094825655221
1774472566646736100,68.16573608398437,-0.0314808876737952,-0.0238880944572389,0.0412415264487266,0.0147314229980111,0.0234560631215572,-0.0018702787347137,-0.1099086738310754,0.0005488660544157,-0.0936520971655845,0.0217654723674058,0.0536841936409473,0.0278103798627853,-0.0367170347616076,-0.0195037418931722,-0.142509140119329,-0.011758561246097,0.001377937849611,0.0303222760558128
1774472566656763100,68.17576318359374,-0.0292141117855906,-0.0375628379359841,0.0536760606080293,0.0116189867258071,0.024756483733654,-0.0002880943939089,-0.1373907011270523,0.064719432669878,-0.0688946725279092,0.0185673180967569,0.0557447746396064,0.0461767017841339,-0.042583588707447,0.0284849207282066,-0.0618716420233249,0.0025308963377028,0.0100832786411046,0.0318426750600338
1774472566666791000,68.185791015625,-0.0105234398409724,-0.0199025319524109,0.0608165800124406,0.0076696770265698,0.0201113801449537,-0.0012168823741376,-0.1083580833882093,0.0611485884457826,-0.1199047287970781,0.0143608571961522,0.0524059683084487,0.0514753274619579,-0.0095788524672389,0.0940828897982835,-0.0016293547675013,0.0077853132970631,0.0033382908441126,0.0194701608270406
1774472566676819200,68.19581909179688,0.0141591659948229,0.0100051150552928,0.0777250447154045,0.0051396740600466,0.0119120404124259,-0.0060025830753147,-0.0600112549789249,0.0222889886975288,-0.1834299832463264,0.0057821432128548,0.0446497052907943,0.0473111607134342,0.1037193176716566,0.0305664031773805,0.0389887060206383,0.0104854851961135,-0.0044528525322675,0.0051961806602776
1774472566686847000,68.20584692382812,-0.0644166503310203,-0.0140529291413724,0.0910953984200954,0.0021174396388232,0.0019564563408493,-0.005239859689027,0.0603663520269095,0.0130459440559148,-0.1663485000640154,0.0010395862627774,0.0385896824300289,0.0401488542556762,0.1691995055809617,-0.0751864661484956,-0.0139381436552852,0.0167811978608369,0.0091263400390744,-0.0042788139544427
1774472566696875000,68.215875,-0.1306190150350332,-0.0245212777942419,0.112976390838623,0.0031163913663476,-0.0039760014042258,-0.0074060750193893,0.0926974267892539,-0.0099263507306575,-0.1251093117028474,-0.0053741969168186,0.0292414650321006,0.0350206159055233,0.1951636756598949,-0.1302992815613746,-0.0839896580681204,0.0223914105445146,0.0408588871359825,0.0059771602973341
1774472566706906600,68.22590673828125,-0.1024275242954492,-0.0093470895379781,0.1033586676657199,-0.0013293664669618,0.0091914692893624,0.0004072487354278,0.0379056600242853,-0.0215571672916412,-0.0743880092471837,-0.0118110571056604,0.0228669233620166,0.0270678866654634,0.1387596513926982,-0.046203532770276,-0.0693513302542269,0.0185010656714439,0.0621798932552337,0.0135879423469305
1774472566716934400,68.23593432617187,0.0524468110740184,-0.0112174134545028,0.0727566086530685,0.0002357731573283,0.0119638200849294,-0.0030103861354291,0.0159350896261632,-0.0218383223205804,0.0045779754400253,-0.0125615466386079,0.0297045931220054,0.0188907068222761,0.0913160554334521,-0.0070826517373323,-0.0727381962135434,0.0051704435609281,0.0647455230355262,0.0161638930439949
1774472566726962700,68.24596264648437,0.0007040566161274,0.0457465827830135,0.0948030207663774,-0.0003088148077949,0.0039577516727149,-0.0109071657061576,0.0431248559772968,-0.0285100551694631,0.0472971732258796,-0.0136611657217144,0.0296161752194166,0.0169857498258352,0.0741895640656352,-0.1057698204606771,-0.0324685104716569,-0.0045471652410924,0.0589590035378932,0.0136852888390421
1774472566736989400,68.25598950195312,-0.0770151428803801,0.0354576823502779,0.087893972030282,0.0008408718276768,-0.0047204252332448,-0.0080501269549131,0.0693405165992677,-0.0503051228702068,0.0774555801242589,-0.0098956413567066,0.0437824763357639,0.0289772134274244,0.0780862792432308,-0.1630436132997274,0.0170668701350688,-0.0053220526315271,0.0274617597460746,0.0119508039206266
1774472566747017700,68.26601782226562,-0.1253980655163526,0.0120769528932869,0.1155330895841121,0.0024120882153511,-0.00146329915151,-0.003719036001712,0.0974696096271276,-0.0536152703315019,0.0751379508316516,0.0037147100083529,0.0406958721578121,0.0276126097887754,0.1154246607735753,-0.1209936930775642,0.0675176850862801,-0.0052626640535891,-0.0063529284670948,0.0084969503805041
1774472566757045500,68.27604541015624,-0.0643684272751212,0.0169390059716999,0.0900222162306308,5.5190641433e-05,-0.0049973134882748,0.0057474365457892,0.1013613563686609,-0.0725315677255392,0.1206084931522607,0.0173134468495845,0.0359160080552101,0.0303305815905332,0.0544724716827273,-0.0862391905605793,0.0837169786065816,-0.0082274712622165,-0.0265984013676643,0.0037540332414209
1774472566767073500,68.28607348632812,0.034420448257029,0.0326392639286816,0.0870166046738624,0.0035849646665155,-0.004209557082504,0.0100580118596553,0.022266192343831,-0.1068885953575372,0.2077227129817009,0.0341592691838741,0.0080931661650538,0.0522619783878326,-0.0184314364865422,-0.0554798951596021,0.0714016138475388,-0.0101076625287532,-0.001811028458178,0.0030885091982781
1774472566777101600,68.2961015625,-0.0016100655451416,0.0270627789705991,0.0859071821272373,0.0041964263655245,-0.0017698351293802,-0.000572795048356,0.0208620246343314,-0.1914940472364425,0.326129896697402,0.0569891519844532,-0.0169263165444135,0.0783280879259109,-0.080622227461636,-0.0325093539386987,0.0784866767376661,-0.0049931546673178,0.0169568359851837,0.0092888493090868
1774472566787129600,68.30612963867188,-0.02018850928694,-0.0126677583932876,0.0254857389122247,0.0055904272012412,-0.0067648510448634,0.003576036542654,0.0741542004913091,-0.2583995917737484,0.521481788405776,0.0822487026453018,-0.0387415997684001,0.1012368649244308,-0.1028036641314625,0.0949655178517103,0.0223255943808704,0.0055620186030864,0.0334585830569267,0.0017574292141944
1774472566797157600,68.31615771484375,-0.0930626068398356,0.0038419162504374,0.0472872363537549,0.009231767617166,-0.0142059903591871,0.0023802770301699,0.2028583218157291,-0.3131663702279329,0.6990373266607522,0.091711901128292,-0.0671351999044418,0.1100226417183876,-0.0192296011269092,0.1568289765685796,0.0536629088655114,0.004374957177788,0.0415118336677551,-0.0058103818446397
1774472566807185700,68.326185546875,-0.0370247855365276,-0.048459348873049,0.0042629181414842,0.0102837663143873,-0.0091420654207468,0.0097915921360254,0.5591986478596925,-0.3583803074389696,0.8819996923953294,0.0955106317996978,-0.1146260201930999,0.0862595215439796,-0.0180380532547831,0.177647308191657,-0.1215943623844534,-0.0053887241519987,0.0309289656579494,-0.0181567966938018
1774472566817212700,68.33621264648437,0.0357382528573274,-0.0383032810397446,-0.0205213945031166,0.0056155114434659,-0.0065412227995693,0.0075239110738039,1.015352662438899,-0.5454542001456022,1.0642156236767768,0.1012158989906311,-0.2258117049932479,0.0122689493000507,0.1663090448364615,0.2837602430015802,-0.3769949915379285,-0.0018940264126285,0.0301437322050333,-0.0358015522360801
1774472566827240400,68.34624047851563,0.0912479586333036,-0.0281179871119558,-0.0001262567281723,0.0046964450739324,-0.0033576153218746,0.0077321324497461,1.377229579821974,-0.8477560620099306,1.264123863515258,0.1144113317131996,-0.381355732679367,-0.1009207218885421,0.327832608962059,0.2378074701219797,-0.4992843504492193,0.00574019132182,0.0374091044068336,-0.056892991065979
1774472566837268500,68.3562685546875,-0.1009516065239906,0.0344553734399378,0.0442430463522672,0.0004763998440466,0.0007529738359153,0.0100767780095338,1.494453545102477,-1.130036880108714,1.5004635991722344,0.1489697247743606,-0.5433173179626465,-0.2309425324201584,0.426858800381422,0.1126087265700101,-0.7653412520430982,0.0017117959214374,0.0287379845976829,-0.0926792323589325
1774472566847296500,68.36629663085938,-0.0398500720903277,0.0460929120026528,0.0467050525516271,0.0081417141482234,0.0035579768009483,0.0170781053602695,1.4957655044838785,-1.329333125528693,1.851680006331205,0.2115803658962249,-0.7091147899627686,-0.3584807813167572,0.4652154190436005,-0.1266705696702003,-1.1028273861438036,-0.0129326600581407,0.0496030524373054,-0.1488948315382003
1774472566857324500,68.37632446289062,0.0105909521192312,-0.0057014265120029,0.0016506898164749,0.0064274370670318,0.008755668066442,0.034581996500492,1.479367619651556,-1.4839736521422862,2.214259519025683,0.3026742041110992,-0.871149480342865,-0.4848776757717132,0.4903624275207519,-0.2697194426894188,-1.280102646152675,-0.0614139884710311,0.069563552737236,-0.213608905673027
1774472566867352600,68.3863525390625,0.0985237948551774,0.0811425980739295,0.0043552726000547,0.006217454560101,0.017021395266056,0.0519133880734443,1.5175043119527398,-1.6654086621791124,2.4302105466485022,0.4083529710769653,-1.0316014289855957,-0.616212010383606,0.6142436587333678,-0.1774994241535663,-1.492046191699803,-0.1489001661539077,0.0172364339232444,-0.2711507678031921
1774472566877380600,68.39638061523438,0.1167448034614324,0.0871576205797493,-0.0325859263062477,0.0101871620863676,0.0188296809792518,0.0664337426424026,1.6147601326987149,-1.8525965366542336,2.515973351868987,0.5199412107467651,-1.1770435571670532,-0.7487542629241943,0.627289018267393,0.0701847123384475,-1.5433379875198006,-0.2554713487625122,-0.1834137588739395,-0.3315977156162262
1774472566887408400,68.40640844726562,-0.0140659347534179,0.1303217856541275,-0.0781254422098398,0.0177782382816076,0.0168564654886722,0.0786089748144149,1.496562061689049,-2.104291662353277,2.724453605219721,0.6458821296691895,-1.3021240234375,-0.858758807182312,0.5683955152720213,0.2147574339240789,-1.3274874976620077,-0.3365637958049774,-0.5109698176383972,-0.4027893543243408
1774472566897435400,68.41643530273437,-0.0437295438721776,0.12503463903144,-0.1365256087303161,0.0256896894425153,0.0208128578960895,0.0973416492342948,1.182363864195347,-2.3535469936847684,3.111577776584029,0.79067462682724,-1.370165467262268,-0.9169912934303284,0.4023667486816644,0.1556435661762952,-0.6905876974191516,-0.3820967674255371,-0.9539476037025452,-0.4858982264995575
1774472566907463400,68.42646337890625,0.0040706104397773,0.1834687078215181,-0.1849707829475402,0.0323195718228817,0.0295342821627855,0.1226717457175254,0.8176999464422464,-2.439955695593357,3.499523785725236,0.9350536465644836,-1.291811466217041,-0.8949208855628967,0.1827373248070478,0.0700724841356277,-0.213869910499826,-0.4300192594528198,-1.5685423612594604,-0.5956662893295288
1774472566917491500,68.43649145507813,-0.0059282210052013,0.2372095042288303,-0.1766582971543073,0.0431056395173072,0.0535413473844528,0.1512623727321624,0.7366082017727196,-2.315244443297386,3.587079904103279,1.0805336236953735,-1.1909416913986206,-0.9011437296867372,0.4268149612396955,-0.0090425536334514,-0.4061317272383719,-0.4665868878364563,-2.255523920059204,-0.7785343527793884
1774472566927519500,68.44651953125,0.0678001552894711,0.2156359703242778,-0.1863543462604284,0.0529457069933414,0.0681902915239334,0.1747472733259201,1.3348669403888285,-2.074175925552845,3.3052111739367245,1.2206590175628662,-1.125751495361328,-0.9898927807807922,1.264103405249119,-0.0588929184734821,-0.7071918454132974,-0.4248618185520172,-2.8825955390930176,-0.9497535228729248
1774472566937547500,68.45654760742187,0.0758063516125082,0.2311930204182863,-0.1913724666833877,0.0644058212637901,0.0859687626361846,0.1931238770484924,1.934044401285052,-1.668984767100215,2.652203192523121,1.3322972059249878,-1.1723785400390625,-1.18692946434021,2.0203885135248303,0.3249205209076404,-0.7704244735915213,-0.3148951828479767,-3.4844682216644287,-1.0881800651550293
1774472566947575600,68.46657543945312,0.0683855539619922,0.2346836390130221,-0.1847989335119724,0.0707387402653694,0.0933904871344566,0.2151264399290084,2.460876903069019,-1.2419120317071677,2.0133628526717424,1.3987553119659424,-1.3481255769729614,-1.4767701625823977,2.6787837409347293,0.9259989931195974,-0.8941016335994004,-0.1389433145523071,-4.056772232055664,-1.216894030570984
1774472566957603300,68.47660327148438,0.0690095310792326,0.2509557055085897,-0.1539233182549476,0.0794778987765312,0.1241862177848815,0.2432701885700225,3.0851693698689338,-0.8864566718041896,1.4163924003005026,1.4125300645828247,-1.5751088857650757,-1.7888821363449097,3.196986946061253,1.7088351314514874,-0.7292036246046424,0.1212764605879783,-4.505916595458984,-1.3857359886169434
1774472566967630600,68.48663061523438,0.1515472367733716,0.2846617218859493,-0.1689028607219457,0.0912922918796539,0.1430426090955734,0.2688109874725342,3.111537444573641,-0.5013964472323655,0.972719827762246,1.3774328231811523,-1.8448565006256104,-2.007148742675781,3.5073125399053096,2.461776482257247,-0.0011825973806902,0.418651670217514,-4.80101490020752,-1.625031352043152
1774472566977658600,68.49665869140625,0.14214140278548,0.2289012562192976,-0.1514765096247196,0.1028765067458152,0.1618775576353073,0.2960793673992157,2.5516817941099403,-0.031471827584505,0.7168611526429652,1.3137321472167969,-2.1172120571136475,-2.130411148071289,4.020784332595765,2.7238158918380737,0.3698070162625983,0.635363757610321,-4.939918041229248,-1.889337182044983
1774472566987686700,68.50668676757813,0.1192740296781063,0.1691175263859331,-0.1380856976538896,0.100549466907978,0.1568186730146408,0.3039582371711731,1.8335726872324944,0.2939163108348846,0.5019137491047382,1.247284173965454,-2.338181972503662,-2.197042465209961,4.102309646376967,2.7326731520324943,-0.0938675482808612,0.7951734066009521,-4.881113052368164,-2.1702029705047607
1774472566997714400,68.51671435546875,0.1228638708636164,0.1897875355795025,-0.076439096558094,0.1021606773138046,0.169019415974617,0.3166593909263611,1.2967870928414165,0.526821395868063,0.2233428914397955,1.1898043155670166,-2.4893476963043213,-2.2423863410949707,4.227961394393444,2.709496859106421,-0.3207525875732303,0.9393488168716432,-4.63883638381958,-2.481935739517212
1774472567007742700,68.52674267578125,0.0647784693807363,0.1358683138653635,-0.0337456177353858,0.1064185202121734,0.1555725932121276,0.3330681920051574,1.0358312407135963,0.7908458417862654,-0.133636901551485,1.1363767385482788,-2.5969009399414062,-2.314335346221924,4.694713813745976,2.59991127974987,-0.5121496772412211,1.0270816087722778,-4.405210494995117,-2.778784990310669
1774472567017770500,68.5367705078125,0.063962184561789,0.1098404309004545,-0.0110012864857912,0.097803995013237,0.1457226276397705,0.3554579317569732,1.0160621258825062,1.0372048671543597,-0.5795119525700807,1.071712851524353,-2.7144222259521484,-2.406549453735352,5.001558579736948,2.485508655500412,-1.2798711754843592,1.154090166091919,-4.113800525665283,-3.071594715118408
1774472567027798500,68.54679858398437,0.1544929348364472,0.1732720157168805,0.0682131200045347,0.0931220054626464,0.1624566167593002,0.3894410729408264,0.8119803997516631,1.2809803057700395,-0.937318259513378,0.995416224002838,-2.8740575313568115,-2.4594967365264893,5.117404973053932,2.5921909146308897,-1.2541532352514564,1.4149936437606812,-3.6684412956237793,-3.3454959392547607
1774472567037826600,68.55682666015625,0.2267974158078431,0.2689456818379461,0.0550841738402843,0.0944682359695434,0.1739130020141601,0.4021123945713043,0.3063923460483551,1.5498434238910674,-1.0082529134362936,0.9065648913383484,-3.0337681770324707,-2.444187879562378,5.080099032488465,2.8780916767925024,-0.3308310601256787,1.7408795356750488,-3.16040563583374,-3.596325397491455
1774472567047853600,68.566853515625,0.2015989694043994,0.2440812896944582,-0.0272205998808145,0.0995324999094009,0.177697092294693,0.4357361495494842,-0.1693409598782658,1.795420943492651,-0.9158955322563648,0.8083126544952393,-3.1188061237335205,-2.370943069458008,5.157537076956033,3.0925457438558337,0.3689166067615151,1.9827145338058472,-2.712982654571533,-3.8384041786193848
1774472567057881600,68.57688159179688,0.1136214107438921,0.1756757158577442,-0.0396691625654697,0.1074873656034469,0.1744000911712646,0.4632511138916015,-0.4143853955164551,1.9941367586761711,-0.81618252761662,0.7003886699676514,-3.141515254974365,-2.260291576385498,5.344110034403204,3.189613202422857,0.4303853670723736,2.0904130935668945,-2.379427909851074,-4.076927661895752
1774472567067909400,68.58690942382813,0.1340750007078051,0.2162334978260099,-0.0013607669591903,0.1230345666408538,0.163901075720787,0.5004609227180481,-0.7335612352922558,2.2586311601936817,-0.7972182994276285,0.581534743309021,-3.1562957763671875,-2.1246352195739746,5.614995013740659,3.2211335453242063,0.304053673967719,2.004776954650879,-2.174147844314575,-4.332643508911133
1774472567077937700,68.59693774414062,0.145325001257658,0.2502346977576613,-0.0134305594593286,0.1442631632089615,0.1459468305110931,0.5469560027122498,-0.8524576638296246,2.560585816055536,-1.091463111564517,0.4322843253612518,-3.1749932765960693,-1.997186541557312,6.115516431704164,3.158997114884853,-0.5434136342287064,1.8650494813919067,-1.987407684326172,-4.546016693115234
1774472567087965400,68.60696533203125,0.1853811173141002,0.2321940141543745,-0.0766506934821605,0.1650023311376571,0.1345961391925811,0.5851302146911621,-0.9168222917124628,2.7258862683713434,-1.6340221747905015,0.2608180344104767,-3.199742317199707,-1.8830583095550537,6.421369848570227,3.470466033545136,-0.2400213467791676,1.8391680717468264,-1.8132354021072388,-4.776283264160156
1774472567097993700,68.61699365234375,0.1893497286841273,0.3210438256047666,-0.0322001418590545,0.1794369369745254,0.1403341740369796,0.6283999681472778,-1.1986790391802786,2.7738761000365018,-2.022390208736062,0.0799782797694206,-3.22770357131958,-1.7618049383163452,6.812776227298379,4.033341908612847,1.0230956777811049,1.9662690162658687,-1.6961283683776855,-4.992510795593262
1774472567108021500,68.627021484375,0.1779234947845339,0.404493531577289,0.0469411993950605,0.2009793072938919,0.1238331645727157,0.6666663289070129,-1.569840502259135,2.8213094668626786,-2.120737185719609,-0.0866740867495536,-3.233344316482544,-1.626121163368225,6.953074340304732,4.601093280762433,2.08780960636884,2.176090717315674,-1.6296497583389282,-5.179214477539063
1774472567118049500,68.63704956054687,0.0105444826290011,0.4630614558801054,0.0860983207851648,0.220935434103012,0.1181678175926208,0.7122311592102051,-1.607088575157523,2.877631073543429,-2.1322212872862814,-0.265303373336792,-3.1851255893707275,-1.5039787292480469,6.862098768872023,4.8902434001088135,2.5787489569947124,2.3727214336395264,-1.598403811454773,-5.375685214996338
1774472567128076500,68.64707666015624,0.1252139411211013,0.4816515900596976,0.1332446873635053,0.2381761372089386,0.1144115850329399,0.7539548277854919,-1.2627391311585905,2.9258687424898144,-2.373950899288058,-0.4600228071212768,-3.134089946746826,-1.4069395065307615,6.67228229945898,4.864257018198073,2.4304423095777627,2.495565176010132,-1.534433126449585,-5.560034275054932
1774472567138104300,68.65710424804688,0.239416366623342,0.5297948587208986,0.1688935083717107,0.2535699903964996,0.1314640790224075,0.8042323589324951,-1.0623705803319812,2.9397879622489214,-2.535843004465103,-0.6354383230209351,-3.1486496925354004,-1.3069196939468384,6.172677411818504,4.7619323697552085,1.890765231528878,2.54978346824646,-1.342532515525818,-5.730178356170654
1774472567148132600,68.66713256835938,0.3461901034295558,0.5183043274134397,0.1214870295524597,0.268445611000061,0.1339551955461502,0.8372824788093567,-0.9016489802390336,2.8520781146138905,-2.510594581440091,-0.7813518047332764,-3.1651532649993896,-1.2005198001861572,5.67148379368186,4.693754905585944,1.5402347608074545,2.6235921382904053,-0.9842665791511536,-5.854090213775635
1774472567158160400,68.67716040039062,0.3639993163645267,0.4524845322862267,0.0205617265135049,0.2864017188549042,0.1410290896892547,0.8790541887283325,-0.692075670954585,2.697056479728222,-2.593430101037025,-0.905431866645813,-3.1360442638397217,-1.0968221426010132,4.672046054863929,4.706700019615888,1.869624243822693,2.742976427078247,-0.5036226511001587,-5.922457695007324
1774472567168188700,68.68718872070312,0.2546300101071596,0.3244673703126609,-0.0644926381766796,0.3007802963256836,0.1357655972242355,0.914777398109436,-0.8216741107702255,2.5063825167030096,-2.647063491547108,-1.0077028274536133,-3.0855963230133057,-0.9984085559844972,3.5542993320077656,4.720779982894658,2.185978596436977,2.8955307006835938,-0.0113637130707502,-5.999815464019775
1774472567178216400,68.69721655273437,0.2574500359639525,0.2941426669366657,-0.1763806492567062,0.3134441673755646,0.1507038027048111,0.9376888275146484,-1.0137234538018702,2.3364637569367885,-2.642349322506785,-1.1234736442565918,-3.0553574562072754,-0.9307786822319032,3.1043238599330185,4.694691309653222,2.1657515087053176,3.0804688930511475,0.458478182554245,-6.050638198852539
1774472567188244500,68.70724438476563,0.2482631054237485,0.3183304749928414,-0.2285311077326536,0.3240010440349579,0.1574496030807495,0.9608627557754515,-0.4681003268301487,2.1225006882607937,-2.930884524825215,-1.3107037544250488,-3.037181854248047,-0.935791313648224,2.795021179395914,4.710639697152376,2.2669752101689578,3.24092435836792,0.8544867634773254,-6.111203670501709
1774472567198271500,68.717271484375,0.2525990888014435,0.3091618107616901,-0.2581991007655859,0.3274149596691131,0.1683525741100311,0.9871394038200378,0.1241699850261211,1.9370126034408808,-3.2161347141236063,-1.5304155349731443,-3.0828654766082764,-0.9667786955833436,2.9351883594989774,4.729731058852375,2.08038617836982,3.2909128665924072,1.1288599967956543,-6.198610305786133
1774472567208299500,68.72729956054687,0.3362029624223709,0.2700426832944154,-0.2768207991272211,0.3390042781829834,0.1880807131528854,1.0199244022369385,0.1656263232693076,1.7192992423206568,-3.11491422753036,-1.7171398401260376,-3.1416471004486084,-0.996854841709137,2.38892342749238,4.747785478720068,1.2362953608691691,3.1985726356506348,1.3137792348861694,-6.2407965660095215
1774472567218327600,68.73732763671875,0.4661845563367008,0.271182062587887,-0.28430151027143,0.340602695941925,0.1922980993986129,1.0423088073730469,0.2694137377411127,1.236262043121457,-2.6954958062827585,-1.8340576887130733,-3.13316011428833,-1.007866621017456,1.2181190681874752,4.831643911623955,0.2326376662686467,3.023943901062012,1.47097909450531,-6.257281303405762
1774472567228355600,68.74735546875,0.4126233542799949,0.2948169129364192,-0.2074941649228334,0.3428375422954559,0.2128816395998001,1.0698060989379885,0.5824760630726814,0.5833692125201225,-2.4887547978147864,-1.906318545341492,-3.0396649837493896,-1.0296528339385986,0.6885165171682834,4.79575251403153,-0.3511553246214985,2.854297876358032,1.734646916389465,-6.288416385650635
1774472567238383600,68.75738354492188,0.4766436987698078,0.2815054498121142,-0.1885492259562015,0.3465310931205749,0.2003746330738067,1.0845589637756348,0.743119044971466,0.0454138436973094,-2.6214626018226146,-1.9784917831420896,-2.93729829788208,-1.0634406805038452,0.344050753313303,4.655014840564132,-0.2352139464974403,2.7412116527557373,1.9433705806732176,-6.320900917053223
1774472567248411600,68.76741162109376,0.4296609983205795,0.228247760746628,-0.1506798062890768,0.3488737046718597,0.1972971111536026,1.1048383712768557,0.9314987595796584,-0.1434814192175865,-2.757060866574943,-2.068202018737793,-2.884697914123535,-1.133679747581482,0.0522141713619232,4.697739591307938,0.391281875565648,2.6843011379241943,2.097433567047119,-6.321030139923096
1774472567258439400,68.777439453125,0.4429524415701627,0.1663942389018833,-0.1539268253862857,0.3408805131912231,0.184225246310234,1.120718240737915,1.272976447534561,-0.0640653526753187,-2.65193577375859,-2.169173002243042,-2.878915309906006,-1.231776237487793,-0.3398620694518089,4.970507607913017,1.0427122323989868,2.6405956745147705,2.183104515075684,-6.30158805847168
1774472567268467700,68.7874677734375,0.5159954659491777,0.1470781285353004,-0.1130336739838123,0.337549090385437,0.1706862896680832,1.1060014963150024,1.6043167723566292,0.0643359863102436,-2.3833093870028854,-2.2544596195220947,-2.861185312271118,-1.3469665050506592,-0.7266600776016712,5.492393300944566,1.4051394771412014,2.548213481903076,2.326779365539551,-6.220909118652344
1774472567278494700,68.79749462890625,0.3152244718015193,0.0932289033174514,-0.110717798256874,0.334714412689209,0.1794771254062652,1.0900689363479614,1.718103310534358,0.2059890210568905,-1.8565058190524577,-2.293668270111084,-2.8287277221679688,-1.4708863496780396,-1.6882254741430285,5.764313468548656,1.2359072383344172,2.4177165031433105,2.4676077365875244,-6.16304349899292
1774472567288522500,68.8075224609375,0.3698632399618625,-0.0102680037751793,-0.1501356164097786,0.334694504737854,0.1925533711910247,1.0542126893997192,1.5998317358970642,0.2528963181823492,-1.3586392995119094,-2.2913026809692383,-2.789889097213745,-1.589716911315918,-1.886522187131643,5.968047988677024,0.7956538265898824,2.267460346221924,2.5444068908691406,-6.145434379577637
1774472567298550500,68.81755053710937,0.4379635472416877,-0.1380044491112232,-0.1187222410142421,0.3212820291519165,0.1974783539772033,1.0145885944366455,1.613680228507519,-0.0038449849903583,-1.3379507317483423,-2.271568298339844,-2.726202726364136,-1.6772098541259766,-1.6165572452485562,6.002972587063908,0.3962921049430966,2.0598020553588867,2.6313250064849854,-6.122226238250732
1774472567308578600,68.82757861328125,0.3727876029759645,-0.2115308730930089,-0.0898322466164827,0.3101347684860229,0.2006044387817382,0.981137752532959,1.3631184907525775,-0.3730512223482132,-1.3410595114186403,-2.247270345687866,-2.642904996871948,-1.7212036848068235,-1.555105289942026,5.798096495684981,-0.0709274935297668,1.7987711429595947,2.737781524658203,-6.078079700469971
1774472567318606600,68.83760668945312,0.3487266361698508,-0.3447092172220349,-0.0925163711339235,0.2983284294605255,0.2073094844818115,0.94550359249115,1.0947703364163637,-0.5886176345676183,-1.474285494081676,-2.2300009727478027,-2.562748908996582,-1.7474013566970823,-1.5592489656180142,5.81055557976365,-0.3448183766849338,1.510051727294922,2.870500087738037,-6.002095699310303
1774472567328634600,68.84763452148438,0.5438190001592039,-0.4937516315676271,-0.1483218449860811,0.2724024057388305,0.2141142785549163,0.8912910223007202,1.0090829345196486,-0.6702455319404602,-1.7132698990285395,-2.217986822128296,-2.4989354610443115,-1.7670360803604126,-1.659260076421499,6.040351008343697,-0.2628440039619803,1.2334973812103271,3.0311381816864014,-5.907688140869141
1774472567338662700,68.85766259765624,0.617911825852096,-0.5980298982962966,-0.1832914515584707,0.2442402690649032,0.2690025568008423,0.8299807906150818,1.164597321358323,-0.7769663695156573,-1.94926710485816,-2.220926523208618,-2.3851349353790283,-1.7644060850143433,-1.666707469817996,6.386801224014163,0.2669899446602911,1.0016697645187378,3.187695980072021,-5.844245910644531
1774472567348690400,68.8676904296875,0.7971227300986647,-0.671643562170118,-0.3370622096002101,0.203703299164772,0.3273177742958069,0.7847399711608887,0.947598245987296,-0.912749050924182,-1.767007772826403,-2.1977415084838867,-2.239644289016724,-1.6999069452285769,-1.3393413093239068,6.747727708804607,1.029096598696336,0.8390927314758301,3.2761390209198,-5.731679916381836
1774472567358717400,68.87771752929687,1.0615700776040553,-0.5957683831050992,-0.4703466444522142,0.1404652148485183,0.3722495436668396,0.7527727484703064,0.5909168514207005,-0.8110013255864381,-1.186881560815498,-2.143993139266968,-2.066547393798828,-1.6247704029083252,-1.6450725611150263,7.019888699427247,1.913251788625121,0.7539845705032349,3.252713203430176,-5.562536239624023
1774472567368745500,68.88774536132813,1.066395598064363,-0.4912032622590661,-0.5030453834831714,0.0673567950725555,0.3938556909561157,0.7212170958518982,0.5437719461470842,-0.4891881230443716,-0.6593767857931554,-2.0686676502227783,-1.9022393226623533,-1.5723683834075928,-1.8774454389676447,7.07674514363706,2.4867735608696937,0.69882732629776,3.0796830654144287,-5.429904937744141
1774472567378773500,68.8977734375,1.121235734015703,-0.3486136773146688,-0.3698345983892679,-0.012749221175909,0.3841072022914886,0.6776560544967651,0.5469654814913869,-0.0698456896424293,-0.401402433694154,-2.0115113258361816,-1.7460111379623413,-1.5647763013839722,-1.5294406873315571,6.778947022932767,2.456775605230033,0.6221544742584229,2.8138647079467773,-5.296072006225586
1774472567388801500,68.90780151367187,0.9158657216399908,-0.2449653790526091,0.0099912326604127,-0.0893603265285492,0.3400804102420807,0.6375455260276794,0.6745581344425677,0.0446475354999303,-0.6488195898130535,-1.958508372306824,-1.601236343383789,-1.5410324335098269,-1.49153853443861,6.40060587748289,2.271289712367207,0.5185961127281189,2.495779514312744,-5.1498541831970215
1774472567398829600,68.91782958984375,0.7373720257520675,-0.2346919684499502,0.4176093259990215,-0.1525363624095916,0.2959561049938202,0.5938217639923096,0.7115627539739012,0.0316343246698379,-0.6870395764835179,-1.8622612953186035,-1.4484325647354126,-1.473004698753357,-1.0972884567171337,6.25638620711863,2.3760393959999084,0.4003173112869262,2.2351086139678955,-5.0077409744262695
1774472567408857600,68.92785766601563,0.5765975264281035,-0.2482194124124944,0.7801613661646842,-0.2039349824190139,0.2057094722986221,0.5349748730659485,0.3201908620372414,-0.1321317576855421,-0.6010651743389666,-1.7346460819244385,-1.248383402824402,-1.3472843170166016,-0.941365489077568,6.10076952894926,2.496058106565475,0.2783083319664001,2.005162000656128,-4.850624561309815
1774472567418885400,68.93788549804688,0.3534817217424512,-0.3171647922143339,1.0733213056743145,-0.2363733500242233,0.1361104100942611,0.4808890223503113,-0.0501467174381017,-0.4072457528948783,-0.8124862303819507,-1.6106584072113037,-1.00977885723114,-1.1997535228729248,-0.8925276622809469,5.905613452073931,2.315548394680023,0.1594515293836593,1.7582037448883057,-4.67872953414917
1774472567428913700,68.94791357421875,0.2600029353171587,-0.5029809399448335,1.216233985093236,-0.2489517927169799,0.1002576649188995,0.4123893678188324,-0.0066539049312472,-0.4427613029122352,-1.0723184122420846,-1.5139659643173218,-0.7974495887756348,-1.0640004873275757,-1.1316029603816569,5.709132848596573,2.05939570505023,0.0576229058206081,1.5568286180496216,-4.54657506942749
1774472567438940400,68.9579404296875,0.1806347995698451,-0.6664435093089938,1.2633283292233943,-0.2497853636741638,0.076142206788063,0.3532821238040924,0.1694838754802942,-0.2534177117079496,-1.2438111433267591,-1.4454466104507446,-0.6140669584274292,-0.9511802792549132,-0.9217723153352736,5.686894128781557,2.019334182166308,0.0091429967433214,1.417623519897461,-4.410942554473877
1774472567448968700,68.96796875,0.2081879924058914,-0.8032889976434409,1.2489333086460828,-0.2507980167865753,0.0440556928515434,0.2989864647388458,0.4321548609629273,0.1860837126255035,-1.3043977139756082,-1.387060046195984,-0.4301165640354156,-0.8798773288726807,-1.0176771598637104,5.816722285699844,2.2389586376048625,0.0246886666864156,1.2765271663665771,-4.249165058135986
1774472567458996500,68.97799658203125,0.1063911672294139,-0.8763425434164702,1.31921212900877,-0.2589715123176574,-0.0074668829329311,0.2409830689430236,0.8362181844294071,0.9534130697458982,-1.1457706019438805,-1.328520894050598,-0.2928731739521026,-0.8778528571128845,-1.4691910935521124,5.806857894289493,2.478079966804385,0.0894097685813903,1.146611571311951,-4.091233730316162
1774472567469024800,68.98802465820313,-0.0760299312353134,-0.8624209855698048,1.384314423516393,-0.27168869972229,-0.0220113173127174,0.1506394892930984,1.4224763963893057,1.4709779769688844,-1.373289756155014,-1.26333487033844,-0.1343029737472534,-0.8821874260902405,-1.8022703709959984,5.465538611766696,2.734028658294678,0.1693197786808014,1.053328037261963,-3.904100179672241
1774472567479052500,68.99805249023437,-0.169213826367259,-0.7935261669114232,1.3985954623252153,-0.2768246233463287,-0.0309688597917556,0.0465943105518817,1.3644751660585404,1.6656278578877448,-1.622778165590018,-1.1790889501571655,0.0177892390638589,-0.838142454624176,-2.4544208587974308,5.001918060699105,2.8032614767357704,0.2269051522016525,0.9557676911354064,-3.701440334320069
1774472567489080300,69.00808032226563,-0.1138093345314264,-0.7732261600740253,1.3438327755242585,-0.2869496643543243,-0.041734829545021,-0.0413481891155242,1.1628338188171383,1.7102561041653157,-2.00896184123382,-1.1468307971954346,0.2328632026910781,-0.7529926300048828,-2.888176432955265,4.492376885455847,2.5761986879900096,0.2481198906898498,0.8317629098892212,-3.5146267414093018
1774472567499108600,69.01810864257813,0.0455512063413858,-0.7927413001440465,1.2747633309513329,-0.2976555526256561,-0.0431479029357433,-0.1619230806827545,1.2913120224311947,1.7827251280486582,-2.330801347260922,-1.1275423765182495,0.4387548267841339,-0.6866449117660522,-3.0810932064712047,3.9838416723847385,2.2401710821345446,0.2038521915674209,0.7317332029342651,-3.336060047149658
1774472567509135400,69.02813525390626,0.1328939742296934,-0.9017018794700504,1.2618962505936622,-0.2890713512897491,-0.0546195618808269,-0.3391668200492859,1.499168006403744,2.0454688865065576,-2.509455348277092,-1.1059454679489136,0.5929339528083801,-0.6389597058296204,-3.276351574677229,3.497092759186029,1.7782257708027958,0.1090777516365051,0.6993110775947571,-3.1933257579803467
1774472567519163600,69.03816357421876,0.0747255706384778,-1.0505300665430723,1.1738707611382009,-0.2782064378261566,-0.0831683799624443,-0.5296818614006042,1.6419421541348098,2.352821017497778,-2.822225997185707,-1.1107800006866455,0.7308468818664551,-0.5969709753990173,-3.23119784322083,3.0239024157404897,1.5967551049306987,0.032356172800064,0.7417908310890198,-3.0511679649353027
1774472567529191400,69.04819140625,0.0805313343077898,-1.2365769542895255,1.0086094717890024,-0.2700843513011932,-0.1175814047455787,-0.7026047706604004,1.7054209390938282,2.7367291494250297,-3.1278102417215705,-1.1101808547973633,0.8757712841033936,-0.5709670782089233,-3.222416570872068,2.670024680417776,2.0504370303079487,0.0106436861678957,0.7286537289619446,-2.91023588180542
1774472567539219700,69.0582197265625,0.2355816107660532,-1.5070464846938847,0.919574513030052,-0.2484320402145385,-0.1635872423648834,-0.8616889715194702,1.820740093666315,3.2196091122359034,-3.5669168215185403,-1.1211549043655396,1.0131256580352783,-0.5251502394676208,-3.2096926983773706,2.184321476879716,2.6083199193939564,0.0095195630565285,0.608111560344696,-2.7733871936798096
1774472567549247500,69.06824755859375,0.310626038095355,-1.6218153119072316,0.9142360746115444,-0.227598175406456,-0.2089477926492691,-1.013257384300232,2.0091013958349824,3.811386672139168,-4.184337356722355,-1.1790499687194824,1.2014795541763306,-0.4679116904735565,-3.50843073028028,1.797451572537422,3.0258149713635443,-0.0037677460350096,0.4227318167686462,-2.613206624984741
1774472567559275500,69.07827563476563,0.3308335443437099,-1.593057273326069,0.9880740487605332,-0.2275584936141967,-0.2038073688745498,-1.144290804862976,2.1986408018723127,4.66152699893713,-4.681653841164708,-1.2247412204742432,1.4265587329864502,-0.4170943796634674,-4.167862022739649,1.335323890376091,3.215454330644011,-0.0580071844160556,0.1647638082504272,-2.4337284564971924
1774472567569303600,69.08830346679687,0.3741664901137351,-1.5234347249150275,1.056689904347062,-0.2454939186573028,-0.1961691677570343,-1.2588894367218018,2.382829786792397,5.752355904251337,-5.106165201637149,-1.301823973655701,1.6750905513763428,-0.337094634771347,-4.802331600160897,0.7544540934562682,3.171962394919991,-0.1323235034942627,-0.080266460776329,-2.245363473892212
1774472567579331600,69.09833154296875,0.2584703189224004,-1.4020150615103542,0.9993997448951004,-0.2951568067073822,-0.2100639343261718,-1.3349401950836182,2.701291925340891,6.757939306217431,-5.816169327992201,-1.4422461986541748,1.929563045501709,-0.2333090007305145,-5.458021075743437,0.2763362304806709,3.306456790083647,-0.1775734424591064,-0.271878719329834,-2.065645217895508
1774472567589358600,69.10835864257812,0.1007248120307922,-1.3062627771951258,0.7637368855863809,-0.3585517406463623,-0.2405835837125778,-1.3844568729400637,2.937584022463858,7.761560468199849,-6.641460460215806,-1.654058575630188,2.134805202484131,-0.1223249584436416,-5.882824112638831,-0.087563717162609,3.7057793487638233,-0.1764674335718155,-0.4169605374336242,-1.909199833869934
1774472567599386400,69.11838647460938,-0.0676107701972126,-1.3105952534414826,0.3229676332741976,-0.4378524124622345,-0.2650657296180725,-1.440746784210205,3.1612478164210915,8.847268377238512,-7.781004588860273,-1.9312742948532104,2.336014032363892,-0.0509268306195735,-6.200531048905849,-0.5689496420234441,4.133947185917198,-0.1689469367265701,-0.5481986999511719,-1.7597663402557373
1774472567609414700,69.12841455078124,-0.3993123295471072,-1.3757175678238271,-0.2298720009475946,-0.5316742062568665,-0.2578325569629669,-1.4940601587295532,3.079824209448695,10.036706125342846,-8.94380099827647,-2.3045499324798584,2.497965097427368,0.0263290721923112,-6.544185496377945,-1.209523673799634,4.453988702611625,-0.1810683161020279,-0.6664747595787048,-1.5871498584747314
1774472567619442400,69.1384423828125,-0.5847261800870299,-1.454354174426198,-0.845235603621602,-0.6330211162567139,-0.2295612245798111,-1.5237884521484375,2.3142291287750005,11.61275951076746,-10.21215621575117,-2.814084053039551,2.569949150085449,0.0994632095098495,-7.167142038398981,-1.933258219343424,4.795188158147036,-0.2330831289291381,-0.860564649105072,-1.4281136989593506
1774472567629470500,69.14847045898438,-0.4271519381090998,-1.43932757794708,-1.3021353220015763,-0.7533016204833984,-0.2013386189937591,-1.556505799293518,1.685696832448244,13.65350312231779,-12.496512184309958,-3.585385322570801,2.478142499923706,0.1364404112100601,-7.835501902723312,-2.7512480886429547,5.10890368669033,-0.3162427544593811,-1.1533690690994265,-1.3145911693572998
1774472567639498500,69.15849853515626,-0.2331833174526691,-1.3715443737924098,-1.4833593196362256,-0.8683597445487976,-0.1747024804353714,-1.6327896118164062,2.727689810661972,15.753749893194437,-15.12299816725254,-4.594504833221436,2.422204971313477,0.0864055082201957,-8.235015600061416,-3.727472125133872,5.572364663282037,-0.4315814077854156,-1.466888427734375,-1.174057960510254
1774472567649526500,69.16852661132812,-0.1631131714046001,-1.2947361516609788,-1.309353582817316,-0.9264895915985109,-0.1547083109617233,-1.7448599338531494,4.220244244144856,17.163042690622806,-14.916706363856791,-5.591372013092041,2.65684175491333,0.0902186185121536,-9.219360983687638,-5.02328292028904,6.030736792302132,-0.5844705700874329,-1.758302092552185,-0.9928732514381408
1774472567659554600,69.17855444335937,-0.1849362961560487,-1.2775797035463154,-0.914516645118594,-0.9535515308380128,-0.1698105633258819,-1.85346269607544,2.511172673588991,17.655441592407225,-11.784012734007836,-6.495619297027588,3.3486480712890625,0.4381615817546844,-10.600698437219858,-6.354585300064087,6.499575954800844,-0.7201188802719116,-2.087378025054932,-0.7906966805458069
1774472567669581600,69.18858154296875,-0.2754910118281841,-1.2595397505953907,-0.53691667342484,-0.973091185092926,-0.2223813384771347,-1.9139389991760247,0.2630640764534473,18.84103669360876,-7.988689892441034,-7.192364692687988,4.218724727630615,1.2741705179214478,-12.481744823288915,-7.598624406927824,7.25532184163332,-0.7957712411880493,-2.510580539703369,-0.4952540993690491
1774472567679609600,69.19860961914063,-0.5144949982583522,-1.1893249353796242,-0.3963274685174227,-0.9635107517242432,-0.2900415956974029,-1.9426236152648928,0.1204921732962131,20.27399678235054,-4.647304412317276,-7.708405494689941,4.683725833892822,2.231541156768799,-16.496657341241836,-9.207567670041325,8.440696578082441,-0.7771682143211365,-2.9908864498138428,-0.1062853708863258
1774472567689637600,69.2086376953125,-0.7826715954199432,-1.3954955966137348,-0.4583826504141092,-0.929492712020874,-0.368345707654953,-1.9722636938095093,1.396540867882967,22.21255661523342,-2.71319220649302,-8.169547080993652,4.710198402404785,2.913900375366211,-21.66977426464557,-11.751651264107227,10.19408747509718,-0.6840319037437439,-3.403795957565308,0.5190999507904053
1774472567699665700,69.21866577148438,-0.977052304008603,-1.7735446272492408,-0.8953431580930947,-0.8762966394424438,-0.4053354263305664,-2.0129833221435547,2.2971368319377303,24.85798344548941,-1.633880720493197,-8.627346992492676,4.511352062225342,3.4199259281158447,-27.275135773122308,-15.22370661267042,11.905380521094798,-0.5895038843154907,-3.870798587799072,1.6867705583572388
1774472567709693000,69.22869287109376,-1.0563409447789192,-2.030853939568251,-1.5799141525059937,-0.8248225450515747,-0.3784529864788055,-2.0569112300872803,0.9454986433595418,28.22886273112297,0.5293938767045736,-9.063448905944824,4.129354953765869,3.8345699310302734,-33.15255247375965,-16.828952190309764,12.219469851386547,-0.6209086775779724,-4.612185478210449,3.306802034378052
1774472567719721000,69.23872094726562,-0.9960814141273496,-2.21580104937926,-2.293606611984968,-0.7722091674804688,-0.2860905528068542,-2.1071367263793945,-2.313468665796518,32.00567844061851,3.3347020568370818,-9.597983360290527,3.1701128482818604,4.051217555999756,-35.420768623900415,-13.628574432766436,10.304427672213317,-0.6703046560287476,-5.420016765594482,5.048384666442871
1774472567729749000,69.2487490234375,-0.901659501633048,-2.2969525614120063,-2.8166134180009363,-0.7276737093925476,-0.2141303867101669,-2.1824753284454346,-6.405297834691405,34.84237252361774,7.104333992308378,-10.147253036499023,0.1084245145320892,4.133639812469482,-33.40000163245201,-5.704347367885709,8.021196323770285,-0.7582768797874451,-5.8513007164001465,6.76114559173584
1774472567739777000,69.25877709960938,-1.034660443368554,-2.1566841128915546,-2.923822331354022,-0.7229077219963074,-0.212607592344284,-2.248621702194214,-15.16479498949647,35.646153250300884,15.694450147485732,-10.640206336975098,-4.109930992126465,3.8586156368255615,-28.579082528460024,-0.5540449183583259,4.917843939217925,-1.5365445613861084,-5.625108242034912,8.223840713500977
1774472567749804000,69.26880395507813,-1.2670897275835276,-1.7987173546895383,-2.788169413805008,-0.7443446516990662,-0.2391303479671478,-2.2418386936187744,-16.80538309867382,31.124698738920685,19.19152303292752,-11.727435111999512,-5.106746673583984,2.5997560024261475,-21.90627182121277,-1.418670282104611,-2.332097378420829,-2.732400417327881,-4.075489044189453,9.356136322021484
1774472567759832000,69.27883203125,-1.3318150054723024,-1.4796554966822266,-2.522877139908075,-0.7672209143638611,-0.2306740134954452,-2.1781482696533203,-8.230003909379244,24.087621004283427,16.678398056226968,-12.899044036865234,-3.521615028381348,1.3260116577148438,-16.131100858563183,-2.967368043091893,-7.295911626175045,-3.611233949661255,-1.4015300273895264,9.95607852935791
1774472567769860000,69.28886010742187,-1.230504210247099,-0.9629704410336912,-2.194541842120885,-0.7783893942832947,-0.1841932386159896,-2.090256929397583,3.671687109547853,17.302329580760002,21.84893723809719,-12.700191497802734,-0.3561431169509887,0.634917676448822,-9.469910446482896,-0.7863666505455971,-6.738183050867915,-3.640939950942993,1.8004425764083862,10.530447006225586
1774472567779888000,69.29888818359375,-1.1358084492474794,-0.2153206207647919,-2.0800708288103342,-0.7307129502296448,-0.0849723741412162,-1.9885114431381223,30.15606881082057,15.951466760468485,34.23345970451832,-8.979419708251953,7.35482931137085,-0.0726955085992813,-0.2782664678908884,3.768894268846512,-1.8857327903196213,-2.954257011413574,5.094613552093506,11.420406341552734
1774472567789916200,69.30891625976562,-0.9584794132247568,0.5964638180233538,-2.401426350712776,-0.6658064723014832,0.0119855431839823,-1.871460556983948,53.93650018119812,7.858082567843795,86.6958564702034,2.162442922592163,13.636988639831545,1.6770881414413452,9.81765304005146,10.937575937902928,4.350084676022828,-1.9404796361923216,7.485290050506592,12.612391471862791
1774472567799944200,69.31894409179688,-0.6864023014932871,1.3877474667049945,-2.7591093235373494,-0.5717707872390747,0.0821257531642913,-1.6990057229995728,61.93495743441581,-17.433455376273393,101.13694204859732,8.529674530029297,8.792810440063477,5.546366214752197,11.832377244204284,20.780057129740715,9.168110104399918,-0.7656745314598083,8.359880447387695,13.946587562561035
1774472567809972000,69.32897192382812,-0.4352814685508608,2.1052859340876338,-3.0694033531993625,-0.4281853437423706,0.1369176805019378,-1.4793062210083008,54.7555696624279,-21.154041249024868,39.44363531572819,7.663542747497559,0.8590587973594666,10.16596794128418,-0.7850508917719126,44.85874897763729,11.624404355853796,-1.2060476541519165,1.8846917152404783,17.11407470703125
1774472567820000000,69.339,-0.1232026012986898,2.6062252852022647,-3.157777802222967,-0.2404804229736328,0.2020024061203003,-1.2088329792022705,4.966048874938488,-16.134004763311147,20.55452987999916,4.04206132888794,9.430245399475098,13.909940719604492,-5.381228927963972,127.92342921237945,-2.1176877350211143,-0.5978267788887024,-4.465521812438965,15.175385475158691
1774472567830027000,69.34902709960937,0.2503869657099247,3.184645058621466,-2.868801870399713,-0.0114051243290305,0.3008096516132355,-0.8495890498161316,-40.2215731606245,-20.27052238423824,5.719316388958692,-0.610868513584137,16.47296714782715,13.266671180725098,40.43573262865543,133.27327282199855,-6.445688297268748,1.209070086479187,-5.507086753845215,7.916035652160644
1774472567840055000,69.35905493164063,0.6458107633858918,3.798207457092404,-2.218799500542879,0.2477566599845886,0.3845010697841644,-0.4291379749774933,-17.51501605362892,-15.111803404021265,-13.82415078088045,-4.722979068756104,14.305500030517578,10.706361770629885,69.13843218443394,56.87791252977848,-13.112272092825174,2.894834280014038,-2.9736695289611816,-0.723388135433197
1774472567850083000,69.3690830078125,0.9474722815200686,4.357681122501194,-1.2585101152867078,0.5353079438209534,0.4501980543136596,-0.025494510307908,-9.780577401110529,-4.266316551750898,-19.94145760313272,-6.428660392761231,8.960474014282227,6.912208557128906,57.42563292129039,4.887148356702924,-1.197868745710701,3.575700044631958,0.9315515160560608,-4.820559978485107
1774472567860111000,69.37911108398437,1.2810118699520825,4.664625549474359,-0.2760007149159908,0.8416942358016968,0.5185345411300659,0.3319352865219116,-1.836449703973532,1.1482348001003264,-8.64406226489842,-6.254556655883789,3.282692670822144,2.589078664779663,4.989195941770077,-20.08618756110668,2.614888191868365,4.198690891265869,-0.9963127970695496,-4.608771800994873
1774472567870139100,69.38913916015625,1.6649182483136653,4.440844851139188,0.4289695089250803,1.1715569496154783,0.6542080044746399,0.6087021827697754,3.915839564782381,1.196269055429101,4.766647415578365,-3.973578453063965,-0.7076921463012695,-0.8087933659553528,-14.18454359718561,-16.11189697639942,-9.93809611350894,4.373035907745361,-4.954214572906494,-3.501786947250366
1774472567880167000,69.3991669921875,2.0416081194251774,4.053419358740746,1.05999479111135,1.401803731918335,0.8635505437850952,0.7491469383239746,4.710376077780127,1.8492437190949915,19.1901236875236,-0.8200187683105469,-2.924912691116333,-2.8695671558380127,-5.342665096291899,2.3356623774260283,-11.342730271476508,4.228557109832764,-2.380364179611206,-4.91734790802002
1774472567890195200,69.4091953125,2.416089374576509,3.5922739656150338,1.949199884840846,1.4504183530807495,0.9055501222610474,0.7037795186042786,7.576535909238458,1.527745573851466,17.014222248464822,1.0158971548080444,-3.726761817932129,-4.20894718170166,1.0480787278681991,10.979563314282894,-0.4169971489174291,3.6648738384246826,1.8329637050628664,-4.509660720825195
1774472567900223000,69.41922290039062,1.770981498762965,2.66613819437325,3.0766397341936824,1.458152413368225,0.638009250164032,0.5562841296195984,5.7490884268879885,-0.4099640719428658,8.293544945919514,1.5418801307678225,-4.457483768463135,-4.909435272216797,-12.625562927114965,15.413793131196496,-7.210705870315432,2.751098871231079,2.9393255710601807,-2.5272998809814453
1774472567910250000,69.42925,0.3481535124570131,0.0131195938140153,2.8309406340390444,1.490094780921936,0.2348277121782302,0.4273557960987091,3.1308401109367607,-1.9957152600392696,2.157457727612555,1.102579116821289,-4.535940647125244,-5.183129787445068,-20.158259110105035,19.06346130115985,-13.814160132741929,2.790860891342163,1.6067041158676147,-1.2315661907196045
1774472567920278000,69.43927807617187,-0.9012702100545168,-2.677491947558522,1.0108037669628858,1.4007714986801147,0.3098399043083191,0.2247163951396942,1.3951806854456663,-3.804452488961816,-1.9681123828426,0.2450329065322876,-3.912814140319824,-5.138089179992676,-19.045392560505867,16.019778664672373,-9.05361395664811,3.05643081665039,-0.2725127339363098,0.8726221919059753
1774472567930306000,69.44930615234375,-0.305980258116126,-4.865935765065252,-0.0365156669706106,1.136291265487671,0.7498509287834167,-0.15164315700531,-0.4862228434979915,-4.174671118232608,-3.358833166269958,-0.562394380569458,-3.1171891689300537,-4.670896530151367,-20.997983256828785,9.73969535562396,-9.592821371358632,2.9000403881073,-0.3519558906555176,1.978832721710205
1774472567940334000,69.459333984375,1.4451006083905695,-6.269215878075361,-0.5037099848717451,0.4688881039619446,1.279491901397705,-0.6631911396980286,-0.8978273761242628,-3.421585098259151,-3.736192022684216,-1.0342079401016235,-2.494944334030152,-4.026440143585205,-10.906570558786392,2.666345115122199,-9.90834745645523,2.240652322769165,1.344754695892334,1.8972501754760744
1774472567950361900,69.46936181640625,2.64206056869328,-6.377268256515264,-0.4787269347846508,-0.5630938410758972,1.6903566122055054,-1.223252773284912,-0.0699146632254123,-1.9019085568338632,-3.764110249440372,-1.01189923286438,-2.020308256149292,-3.46535873413086,-0.1858399669975042,-5.961557457613945,-10.388363846528527,1.223621487617493,3.256367921829224,1.697914958000183
1774472567960390100,69.47939013671875,2.969342558035254,-6.067022157648205,0.002789922979474,-1.2810392379760742,1.3791884183883667,-1.7704068422317505,0.6732622494131326,-0.3953011942096054,-2.721860373856127,-0.5260446071624756,-1.6381241083145142,-2.9992568492889404,3.021636808896065,-10.304040718722344,-10.200094022035598,0.3143229782581329,3.714859962463379,1.386984944343567
1774472567970418000,69.48941796875,2.115342048677802,-6.852662247484922,0.0320423209488391,-1.40002703666687,0.6151907444000244,-1.9498286247253416,1.4343150104820728,0.7638483831368387,-0.7266559859484434,0.07721758633852,-1.375726580619812,-2.624376058578491,5.037419582191109,-6.600592443254589,-7.09554570569694,-0.0714487060904502,2.804262638092041,1.0954617261886597
1774472567980445200,69.49944506835938,1.374007549035549,-7.133036939701437,1.08315822455585,-1.4469794034957886,-0.1457462608814239,-1.8441424369812007,1.2040379358649254,1.261237640554458,0.4553302771061658,0.5356354117393494,-0.9184396266937256,-2.1473093032836914,4.437306740140914,-0.8409849604398012,-2.278570663155615,0.0136803044006228,1.2749991416931152,1.1088916063308716
1774472567990473000,69.50947290039062,1.4946481908917426,-3.700173491580784,4.458710762697458,-1.5160194635391235,-0.8464049696922302,-1.7365301847457886,-0.0843605372071266,2.1657341191790995,1.080256073373556,0.7934626936912537,-0.3767471015453338,-1.7035293579101562,1.361387136915326,2.1530045475959776,0.8876841677725315,0.2832292020320892,-0.2990528345108032,1.3243626356124878
1774472568000501200,69.51950122070312,1.5744798524975776,0.3817347334109247,6.782520789766311,-1.5233500003814695,-1.3549448251724243,-1.6550025939941406,-1.6647019752144812,3.1105136544838548,0.9319111397728324,0.8341503143310547,0.1404160857200622,-1.2583181858062744,-1.39308458994925,3.046121846333146,2.076380157598853,0.4870649874210357,-1.4071354866027832,1.4532604217529297
1774472568010529000,69.52952905273438,1.8977941072523592,1.9227445702441035,7.062994266182184,-1.4547287225723269,-1.7005316019058228,-1.579321026802063,-2.8986405438244343,3.9446886426478622,0.4498381094306707,0.6882191896438599,0.625274121761322,-0.8529549837112427,-2.168317267540097,2.3112843074947595,2.175439666765928,0.5915644764900208,-1.6880220174789429,1.3807907104492188
1774472568020556800,69.53955688476563,2.341281970873475,2.408786211956292,6.313143282607197,-1.3830857276916504,-1.8680928945541384,-1.496814489364624,-3.036580695527792,4.472854438862204,-0.1529129721686244,0.4425419270992279,1.0069743394851685,-0.5078302025794983,-1.5481605853706597,0.6238011761516332,1.4839564087465404,0.7392802834510803,-1.3226770162582395,0.9811220169067384
1774472568030585000,69.54958520507813,2.1618056936889887,3.025307898624241,6.228889712905883,-1.2759616374969482,-1.8061628341674805,-1.4001206159591677,-2.642531108814478,4.320549661719799,-0.1915443161189556,0.2140059471130371,1.308812141418457,-0.2241353541612625,0.0652121846228837,-0.1466296541154384,-0.288641293041408,0.7022541165351868,-1.7667008638381958,0.8605892062187195
1774472568040612900,69.55961279296875,1.47458564607203,3.8628964946240174,6.136711195424199,-1.174081802368164,-1.4896503686904907,-1.2503646612167358,-1.9966607241958376,3.616243162484466,-0.1377700558334589,0.0011357271578162,1.545621633529663,0.0174400322139263,0.3814338507682084,-0.5210130018502473,-3.666998951731622,0.4262465536594391,-2.1837267875671387,0.9077856540679932
1774472568050641200,69.56964111328125,-0.0019160627543926,5.13161879184544,4.84856874293983,-1.0642834901809692,-0.9808491468429564,-0.979655146598816,-1.5324650035887957,2.7056594729006287,-0.2726528657928109,-0.1185816153883934,1.7431962490081787,0.207286924123764,-0.0014753332495689,0.2937988219350576,-4.351341690346598,0.1163861751556396,-1.8307359218597408,0.9610803127288818
1774472568060668000,69.57966796875,-1.5430524485766888,5.745360930797458,1.103702999934554,-0.8860173225402832,-0.4387139678001404,-0.7294399738311768,-0.9624807578206062,1.7911692773975432,-0.1367877667978405,-0.1719540804624557,1.845780849456787,0.3512256741523742,0.0470171872407197,1.5066379038929938,-2.731293680372834,-0.0350520797073841,-1.0403409004211426,1.0099971294403076
1774472568070696200,69.5896962890625,-2.153225496870279,5.448479924938082,-3.110141606301069,-0.5095595717430115,-0.2342708706855774,-0.5501745343208313,-0.2444604982703924,1.029557859532535,0.074027651502192,-0.1470729708671569,1.8987610340118408,0.4638510048389435,0.1729050821006298,2.327363335636258,-1.3378995860829948,0.0336907655000686,-0.4390487372875213,1.0429556369781494
1774472568080724000,69.59972387695312,-1.446002525666356,4.151908959065377,-5.138829453876614,-0.1285075396299362,-0.0491100773215293,-0.272428959608078,0.2872305494606494,0.4040487104192375,0.5535130034387111,-0.062941275537014,1.9639593362808228,0.5455435514450073,0.1202203706175088,2.795148020645976,-0.6565339635826647,0.2374606728553772,-0.2062549889087677,1.127554178237915
1774472568090752000,69.609751953125,0.286440568126738,2.81744577717185,-6.139096629256009,0.2838994860649109,0.1360963433980941,-0.0556267015635967,0.6642296326518058,0.0387432798922061,0.997912721207738,0.077115423977375,2.047708749771118,0.5901944041252136,-0.377898662379384,2.4464444730907675,-0.27759675193578,0.4223897755146026,-0.2809188365936279,1.2084226608276367
1774472568100780000,69.61978002929688,1.3936226423487066,2.4460190872855483,-6.572879675942659,0.7090421915054321,0.3223935067653656,0.0346225015819072,0.6975280911415815,-0.1253963119506836,1.3976406458184123,0.2366957068443298,2.112684488296509,0.6203237175941467,-0.2510843003243208,1.5915525678515434,-0.1819362375572323,0.4795605838298797,-0.2886902689933777,1.2220569849014282
1774472568110808000,69.62980810546875,1.016741924840212,2.333227113103121,-5.504060357862711,0.8561586141586304,0.5747954845428467,0.1405045241117477,0.6117734692275524,-0.1653526208944618,1.528021468183398,0.3742570281028747,2.1543128490448,0.6116567254066467,-0.0617740268677473,0.8612567640960216,-0.476069844404608,0.4112792611122131,-0.1655914932489395,1.216007113456726
1774472568120836000,69.63983618164062,0.3860638486564159,2.196080303734541,-2.5146201836943627,0.8307720422744751,0.2709429264068603,0.0444528311491012,0.6264210032612085,-0.0506061516433954,1.3317049692265688,0.4574881494045257,2.152870416641236,0.5455443859100342,-0.1018424178838729,0.5959872865527868,-1.2314647258423268,0.2923817038536072,0.0444316603243351,1.2125812768936155
1774472568130864000,69.64986401367187,-1.560504518637061,1.958632899096608,-0.4477309080183506,0.733509361743927,-0.0789494663476944,0.0964314937591552,0.8334165710121393,-0.0489108920328319,1.0856475571535529,0.4892072081565857,2.122215747833252,0.4295037984848022,-0.2672738031029701,0.9681523737162352,-1.7330036502853037,0.2085507214069366,0.3224126696586609,1.2000348567962646
1774472568140891100,69.65989111328125,-3.111131494121253,1.7209842727981506,0.3586836742997169,0.7129316329956055,-0.1732637286186218,0.208072543144226,1.0639695399612188,-0.1455772224530577,0.8087751739695668,0.478220522403717,2.067793369293213,0.2890707850456238,-0.4013993649542332,1.672977051606774,-1.632047513716668,0.2044185698032379,0.5847908854484558,1.1847872734069824
1774472568150919000,69.6699189453125,-0.8425579088449477,0.7583142029505222,0.0089484456092119,0.6361616253852844,-0.070927195250988,0.275886595249176,1.3125041558027266,-0.2400840367518365,0.6373806425623595,0.4381796419620514,2.002401351928711,0.119780033826828,-0.4372527686238288,2.2742834873557087,-1.2565130962505937,0.2892098724842071,0.778290867805481,1.2014650106430054
1774472568160947200,69.679947265625,0.5347895982682704,0.2880847551371902,-0.1528898835539817,0.4966050386428833,0.0865527093410492,0.3537180423736572,1.4948118570208548,-0.2967883591398597,0.5175907723166048,0.3845246732234955,1.92879581451416,-0.0604377277195453,-0.6880524067878723,2.4981407580584287,-0.7811530075505375,0.4270352125167846,0.9177215099334716,1.2411816120147705
1774472568170975000,69.68997509765624,1.3049848662137984,0.0940099706925451,-0.454199811771512,0.292416900396347,0.1235928758978843,0.4467467665672302,1.3891285457998512,-0.2782992011167108,0.5657742268577217,0.3506881296634674,1.826415657997132,-0.22343410551548,-0.9093892191022634,2.369538928064704,-0.3554977377399802,0.5587969422340393,1.018486499786377,1.263641357421875
1774472568181003000,69.7000029296875,0.9024906917601824,0.502311223989725,-0.8633703952491283,0.1011244505643844,0.0167367346584796,0.5181024670600891,1.2260498611867428,-0.1854420537211001,0.7415610018745065,0.3464339971542358,1.7180964946746826,-0.3592636585235595,-0.8181517818629741,1.931038789728284,-0.2117725728943943,0.6350917220115662,1.0236269235610962,1.2368454933166504
1774472568191031000,69.71003100585938,-0.0572878213644027,0.6180974115520715,-0.7794850743383168,-0.0499007813632488,-0.1308149546384811,0.5324937105178833,1.0701263090252875,-0.0323480258971452,0.8835094393711537,0.3722557425498962,1.6336116790771484,-0.4703227877616882,-0.6902502090930939,1.363642222365737,-0.3717322487041354,0.6389676928520203,0.9821977615356444,1.2040414810180664
1774472568201059000,69.72005908203126,-0.528251720932126,0.4894599257230758,-0.1266302376598119,-0.1463868468999862,-0.1752498000860214,0.5484500527381897,0.8792705596923828,0.1330725456669926,0.9875872881568968,0.410762757062912,1.5813552141189575,-0.5655000805854797,-0.899125014719367,1.0057762941896915,-0.453368037122488,0.5685837268829346,0.922492265701294,1.1999945640563965
1774472568211087000,69.73008715820312,-0.2770481781423092,0.3719620388720184,0.4772293897032737,-0.1982810795307159,-0.156324103474617,0.536876916885376,0.911905585837364,0.253359259518981,0.8242728220265358,0.4546553790569305,1.5634697675704956,-0.7035242915153503,-1.5543658697515723,0.9514818094223736,-0.4111638031214475,0.4749158322811126,0.8676079511642456,1.2523128986358645
1774472568221114000,69.74011401367187,0.1311272568181157,0.2914084927324205,0.892994549140334,-0.2003900408744812,-0.0914582908153534,0.5293532013893127,1.0499848537504672,0.2951550588496029,0.5655393951885402,0.4683654308319092,1.565871238708496,-0.8110103607177734,-2.266815635693073,1.1801473571896552,-0.1736070928901434,0.4131211638450622,0.8488051891326904,1.3524558544158936
1774472568231142100,69.75014208984375,0.2239768054291605,0.1343244454242289,1.1015981366097929,-0.1514851301908493,-0.0230392515659332,0.5210666060447693,1.0702660097569228,0.2090188902720809,0.4197568959543481,0.4779618680477142,1.5652000904083252,-0.906156361103058,-2.7215163827240465,1.6556807566300034,0.215792329929769,0.4244561195373535,0.8710969090461731,1.4673550128936768
1774472568241170000,69.760169921875,0.1235199966847896,-0.0534022121027112,1.085049152868986,-0.0855996012687683,0.0097139030694961,0.4861125946044922,1.2483236523151398,0.1845940585896372,0.3092395887056365,0.491511583328247,1.57739520072937,-0.9965396523475648,-2.738341260796785,2.104917393036186,0.5054340321853756,0.4934563338756561,0.9503259658813475,1.5679171085357666
1774472568251198000,69.77019799804688,-0.275655262479186,-0.1382789552036673,1.006930140399933,0.0005869244923815,0.047689963132143,0.477324515581131,1.2974153077423571,0.1931141957841813,0.4118233264761045,0.5407619476318359,1.586007833480835,-1.0465426445007324,-2.567409524595737,2.3425708416402338,0.6386988855540752,0.5911474227905273,1.0858608484268188,1.643505334854126
1774472568261226000,69.78022607421875,-0.557148145070672,-0.004720671846345,0.8630927473515272,0.0964652523398399,0.0325962305068969,0.4498742520809173,0.9292623788297176,0.2806735290326178,0.8398791911549865,0.6284573674201965,1.6082090139389038,-1.0405120849609375,-2.201339247176051,2.3872607549771665,0.5787210944533348,0.6746770739555359,1.1763207912445068,1.671733856201172
1774472568271254000,69.79025390625,-0.4193289893984794,-0.0992754169400781,0.3534586331278085,0.1939723044633865,0.0580494478344917,0.4200662970542907,0.7591811219781637,0.4686999732237309,1.0788668109722437,0.7074709534645081,1.6796859502792358,-1.024783492088318,-1.530047421053052,2.1615616558000443,0.1995452517449855,0.7042743563652039,1.1564579010009766,1.6704236268997192
1774472568281282000,69.80028198242188,-0.2186865900665521,-0.0039274756420403,-0.0734276397824287,0.2698700129985809,0.0498687475919723,0.3919630348682403,1.993378049263358,1.1081655323013662,0.0585771305225789,0.5590645670890808,1.9268957376480105,-1.254582166671753,-0.9780249484330416,1.817603256945312,-0.1612441626623272,0.6830638647079468,1.0619351863861084,1.6758296489715576
1774472568291310000,69.81031005859376,-0.0971036989241838,0.1894192137237638,-0.2541471950262784,0.3238891065120697,0.0032115168869495,0.3924750387668609,2.497497199457884,1.1347680002838372,0.1261691960193216,0.4782587885856628,1.886847257614136,-1.3688091039657593,-0.6595242314398289,1.6783140287205576,-0.2009665167197585,0.6362801194190979,0.8944277167320251,1.6643784046173096
1774472568301337000,69.82033715820313,-0.1572059931874275,0.3896262173131108,-0.26311492985785,0.3542289137840271,-0.0530972927808761,0.4231895506381988,2.136357364177704,1.2294599618911743,0.5463084058221429,0.4561896920204162,1.868252515792847,-1.436446189880371,-0.5693757584810256,1.717521418993175,0.0357061041533946,0.5929256081581116,0.7121397852897644,1.6645900011062622
1774472568311365000,69.830365234375,-0.1993655112639069,0.5194465562511236,-0.1609241369277238,0.3620400130748749,-0.0963786765933036,0.4486263692378998,1.4286042316198349,1.3728851208768784,1.0069552748411894,0.508908748626709,1.8942545652389529,-1.4333884716033936,-0.93731475238204,2.0174860700815915,0.6284431567385792,0.6213314533233643,0.5906879305839539,1.7139830589294434
1774472568321393000,69.84039282226563,-0.3280225785762071,0.7050058066111058,-0.0359574485659599,0.3507833778858185,-0.1065892353653907,0.4805411696434021,0.3600257365584373,1.4532948746316134,1.3819950406581163,0.5993843078613281,1.962363839149475,-1.366463303565979,-1.4106857130914925,2.538744863386452,1.591088749732077,0.7280583381652832,0.4968501031398773,1.7919594049453735
1774472568331421200,69.85042114257813,-0.2328121460527181,0.7376251237303019,0.0165659348756074,0.3379739224910736,-0.0941522419452667,0.5034649968147278,-0.2803746922165155,1.4065809081211684,1.228693215302378,0.6567241549491882,2.0802738666534424,-1.302540302276611,-1.4976415274888275,3.005218758058548,2.238546111281216,0.8659394979476929,0.369483083486557,1.888537049293518
1774472568341449000,69.86044897460937,-0.067000237083435,0.6565246112324297,0.0599111556053161,0.310679167509079,-0.0788478553295135,0.5128270983695984,-0.2306143437474966,1.2533747982248664,0.5970221825584769,0.643667995929718,2.1741421222686768,-1.2740498781204224,-1.5704332074552774,3.209515003722906,2.270154132466018,0.9618440270423888,0.2585361301898956,1.985534310340881
1774472568351477200,69.87047729492187,0.0367377852886915,0.5844174794640392,0.007250994041562,0.2768545746803283,-0.0698338896036148,0.5346999764442444,0.3208674461245536,1.0211134179227053,-0.0151392630733549,0.5679875016212463,2.1958556175231934,-1.2843031883239746,-1.514224413499236,3.199982620745897,1.912156979125738,0.9856100678443908,0.1919618993997573,2.032482624053955
1774472568361505000,69.88050512695312,-0.0175853410512208,0.3892030965302139,-0.0634890140920877,0.2362320572137832,-0.0439335890114307,0.5600115060806274,1.1325111612677574,0.8200019397743046,-0.491309645242989,0.456721156835556,2.2035257816314697,-1.3494046926498413,-1.0078057541906833,2.9495214207559823,1.3456217047676444,0.9178774952888488,0.1288004368543625,2.000844717025757
1774472568371533000,69.89053295898438,0.0354047831192612,0.207970915589109,-0.1934445967823267,0.191406562924385,-0.0142647717148065,0.554513156414032,1.747791761833429,0.702347327991575,-0.5273430816546082,0.3767254054546356,2.189570426940918,-1.4423432350158691,-0.4962076464176178,2.5959026286303994,0.5824056281849742,0.782989501953125,0.0307545699179172,1.9749542474746704
1774472568381560000,69.90056005859375,0.0430061980336904,0.1178811870802193,-0.2866127098232507,0.145571157336235,0.0251438878476619,0.5512601137161255,1.6366700589507817,0.6580968289852142,-0.1076522732064127,0.3742276132106781,2.1530261039733887,-1.5165936946868896,-0.6644272010505199,2.55239081916213,0.0958805868700146,0.6653104424476624,-0.0468597151339054,1.9980288743972776
1774472568391588000,69.91058813476562,-0.0596016512647271,-0.0066024670049548,-0.3234533709645271,0.1081441044807434,0.0563320405781269,0.5429573655128479,0.6793950530797243,0.711866266965121,0.4163388676717877,0.4343582987785339,2.13604474067688,-1.5032857656478882,-1.1142752473533153,2.8556220708310605,0.294848038727045,0.6284200549125671,-0.0621111057698726,2.064729928970337
1774472568401616100,69.9206162109375,-0.1313023211240768,-0.1150639377024024,-0.2640776374101639,0.0884428322315216,0.0772546306252479,0.5234670042991638,-0.5259329225957393,0.8201907403446733,0.7367930568203329,0.5044098496437073,2.168173313140869,-1.456081509590149,-1.41533441568017,3.1893209414780137,0.9181029791727662,0.7080226540565491,-0.0160715673118829,2.1560592651367188
1774472568411644000,69.93064379882813,-0.1772726296603679,-0.208421801161766,-0.1462502994090318,0.078556977212429,0.0657799020409584,0.4903433620929718,-0.960470587041974,0.9172904937461018,0.5044698633283377,0.5249081254005432,2.199125051498413,-1.4419397115707395,-1.554204541710019,3.351577203792333,1.60608728916049,0.875397801399231,0.0723155513405799,2.2367398738861084
1774472568421672200,69.94067211914063,-0.2245125197410583,-0.3508884173136204,-0.0211386496186256,0.0883030816912651,0.0435129441320896,0.4429159164428711,-0.7180144143313169,0.9565151274144648,0.0124134913712739,0.4753922522068023,2.19006085395813,-1.4730411767959597,-1.338095108655095,3.151164521563053,2.019609638106823,1.0348544120788574,0.1698043942451477,2.2965846061706543
1774472568431700000,69.95069995117187,-0.2633750420987606,-0.4760401068534702,0.0707592973560094,0.107272021472454,0.0487040057778358,0.3991899490356445,-0.184678522002697,0.941933498223871,-0.3882224879950284,0.3673179745674133,2.147397041320801,-1.55107843875885,-0.969124433618784,2.7922973073899744,1.8096964293435216,1.1200385093688965,0.2494150549173355,2.3415987491607666
1774472568441728000,69.96072802734375,-0.0939165933206677,-0.4573677742831408,0.0963911667406559,0.1292431056499481,0.0417363792657852,0.3555732369422912,0.5990612871706485,0.8770932156533002,-0.5676216082900762,0.2599635422229767,2.082655429840088,-1.6660404205322266,-0.5213122770577668,2.571805421467125,1.2660355423554777,1.1071113348007202,0.2585115432739258,2.3414835929870605
1774472568451755000,69.97075512695312,0.1102013731673359,-0.2928326072514057,0.2190864030390977,0.1459227502346038,0.0067945937626063,0.3229959011077881,0.9763818574011324,0.7970596017345786,-0.3587760287582874,0.2081176489591598,1.9992870092391968,-1.7593989372253418,0.0040104046851396,2.4337356520347297,0.6425117218405008,1.0163452625274658,0.2051162272691726,2.325031518936157
1774472568461783000,69.98078295898438,0.077095514640212,-0.1007169940505176,0.2988227875769138,0.156578853726387,-0.0189230199903249,0.3183271288871765,0.6337848100274801,0.7539006973572074,0.1664864472299814,0.2294093519449234,1.931434154510498,-1.8055602312088013,0.3358066565811634,2.508716512608528,0.2829606170564889,0.8996764421463013,0.0924651324748992,2.300825834274292
1774472568471811000,69.99081103515626,0.1195452478349208,-0.0165749218996614,0.3062549834042787,0.1689209938049316,-0.0369542837142944,0.330272763967514,-0.0647381373703479,0.7754619563020765,0.6848515649199486,0.3108543157577514,1.900798320770264,-1.796263337135315,0.555277675023675,2.6007670197963715,0.22120821749866,0.8278976082801819,-0.055866815149784,2.322351694107056
1774472568481838800,70.0008388671875,0.2448573886334896,0.0554766072239726,0.2330751809030771,0.1688179224729538,-0.0366309732198715,0.3254679143428802,-1.0883645610272883,0.8487608551383018,1.1186986167535184,0.418927788734436,1.9199684858322144,-1.7203060388565063,0.435525506439805,2.575688692641258,0.55492316249758,0.8485239148139954,-0.1756819188594818,2.388455867767334
1774472568491867100,70.0108671875,0.2478662150606513,0.1243927609313279,0.1030406877577304,0.1704836785793304,-0.0312441680580377,0.3189724683761596,-1.877417674177885,0.9639007076211272,1.197068973635137,0.4827324151992798,2.012028455734253,-1.650046944618225,0.358776613280177,2.258796287627518,1.027155766826868,0.9118906259536744,-0.2516871988773346,2.470644950866699
1774472568501895000,70.02089501953125,0.1666056896954774,0.1226218788012862,-0.050994858700037,0.1733487099409103,-0.0421181172132492,0.3045746088027954,-1.7758827148079872,1.064569551680982,0.7951818251639604,0.4524189829826355,2.134099006652832,-1.6387232542037964,0.37307577226758,1.8522678892217568,1.139790796881914,0.9348768591880798,-0.3114490807056427,2.560950517654419
1774472568511923200,70.03092309570313,0.2320762329936027,0.0548718462638556,-0.1418196234852075,0.1688511073589325,-0.0406563617289066,0.3064525127410888,-0.7565636329561471,1.0402755067713558,0.1305108784854412,0.3157638013362884,2.2006723880767822,-1.7238630056381226,0.2442290276020765,1.8006635203212498,0.8447408058419823,0.8936058282852173,-0.3630440831184387,2.619807481765747
1774472568521951000,70.04095092773437,0.3860702783972025,0.0760070618163794,-0.1219037936598062,0.16267791390419,-0.0478668697178363,0.3126837611198425,0.6165922676861286,0.87480919636935,-0.4770096094727516,0.1303129941225052,2.188717842102051,-1.8708280324935915,0.5710311244726181,1.9771539135627447,0.5479042236462235,0.7970153093338013,-0.4476355612277984,2.636164665222168
1774472568531978200,70.05097827148437,0.4124351382315158,0.1125602112531661,0.008618190741539,0.1484800577163696,-0.0537976063787937,0.306835412979126,1.158618246948719,0.6905366248190402,-0.5231301401346922,-0.0071617402136325,2.0542542934417725,-2.00931453704834,1.0387047503232956,2.043685071829706,0.2215709133312106,0.6839473247528076,-0.578913152217865,2.631333112716675
1774472568542006000,70.06100610351562,0.3544394608587026,0.2023486917931586,0.2040864023059606,0.1293761432170868,-0.0906320512294769,0.3155766725540161,0.8565127844393253,0.6023761108070611,-0.0510533108890056,-0.0383843742311,1.867228627204895,-2.0798263549804688,1.0879986503243446,2.123762378759682,0.0317433380022645,0.6024221777915955,-0.6879795789718628,2.635721206665039
1774472568552034000,70.07103393554688,0.2062649153888225,0.2344937424641102,0.3326005540162324,0.1072435528039932,-0.1152290105819702,0.3420949578285217,0.225619019678235,0.5208984355598688,0.5340121841549873,0.0289879217743873,1.721074461936951,-2.073343276977539,0.9883511121362448,2.196415234777332,0.2289125082656741,0.6013934016227722,-0.7194890379905701,2.6594338417053223
1774472568562062000,70.08106201171876,0.1809317366898059,0.2424183249182999,0.2897679589837789,0.0822489857673645,-0.138516217470169,0.3510128259658813,-0.5582406164824962,0.4462672652065754,1.0210679713457822,0.1738228797912597,1.677307367324829,-1.9894248247146609,0.7597405094265938,2.1970023870155213,0.6205830908879637,0.6864258646965027,-0.6634305119514465,2.7356014251708984
1774472568572090000,70.09109008789062,0.1957645641624927,0.2716151202429085,0.2000695678800344,0.0639846324920654,-0.1535147577524185,0.3527513146400451,-1.3252052319437264,0.4901303723305463,1.272920917955041,0.3239359855651855,1.7487438917160034,-1.8914146423339844,0.3872755625337362,2.302708786851168,1.0441823049515486,0.8290378451347351,-0.5130804181098938,2.828275680541992
1774472568582118100,70.1011181640625,0.1443079331696033,0.2407492226622998,0.0268166952550411,0.0402686521410942,-0.1535086333751678,0.3330593705177307,-1.604815369528532,0.6709545569926499,1.0880348906815052,0.406641274690628,1.8455129861831665,-1.825486183166504,0.4174748859643936,2.4415529016569257,1.2815563520923257,0.9625391364097596,-0.3055826127529144,2.904886484146118
1774472568592146200,70.11114624023438,0.1833335371345281,0.1667740319997072,0.045254269221425,0.0323189347982406,-0.1375149041414261,0.302338033914566,-1.5661001466870308,0.957460299310088,0.6834680016070603,0.389107346534729,1.8522651195526123,-1.7801145315170288,0.6300292568862438,2.7206363850191235,1.2405784450158477,1.0267945528030396,-0.0747105032205581,2.880075454711914
1774472568602174000,70.12117407226563,0.1925111153244972,0.0524823207788169,0.1907417675644159,0.0348939448595047,-0.1326258778572082,0.276898443698883,-1.450083072978258,1.2110820091575385,0.357659591948986,0.2966107130050659,1.7731854915618896,-1.7558611631393433,1.7165876452744009,2.8690587677702304,0.8336208614125847,0.9707042574882508,0.0488469153642654,2.7835519313812256
1774472568612201000,70.13120092773437,0.2343950313299894,-0.0756235423915088,0.3797948513895273,0.0519393682479858,-0.1450210958719253,0.2581332325935364,-1.1639333044916391,1.2259271115899086,0.0737023650705814,0.1639073193073272,1.6924117803573608,-1.774867296218872,2.62413737398982,2.788987744450569,0.1091314058482646,0.8418511748313904,0.0214152932167053,2.694206476211548
1774472568622229000,70.14122900390625,0.3388324341431259,-0.1730313388288021,0.5903747073680162,0.078305460512638,-0.1679562479257583,0.245106354355812,-0.769139621412754,1.0271405692577362,0.0901169087767601,0.0528787970542907,1.630665302276611,-1.8111516237258911,3.083467534387112,2.620473883046209,-0.1916071522220969,0.7342543005943298,-0.1356079280376434,2.641308784484864
1774472568632257000,70.15125708007812,0.3461637999445199,-0.2316642911918461,0.7334545600473881,0.1137671023607254,-0.2141609638929367,0.2276742756366729,-0.6644622723639011,0.8799424676045775,0.3422393199771642,-0.0097368983551859,1.5818932056427002,-1.8380351066589355,3.2506934018075464,2.139176513251662,0.0801361975103616,0.7052985429763794,-0.3393656015396118,2.585433959960937
1774472568642285000,70.16128515625,0.2476964114516973,-0.400793508015573,0.6139052205592394,0.1372247636318206,-0.2468805760145187,0.2085123062133789,-0.6559481265187264,0.8790060635372996,0.5792921723395585,-0.0273523777723312,1.5459355115890503,-1.8605451583862305,3.326180896729231,1.459587398904562,0.3301405936434864,0.7266750931739807,-0.5548565983772278,2.527290105819702
1774472568652313000,70.17131298828124,0.2689595642328262,-0.4537365781739353,0.3852338275730609,0.1428970396518707,-0.2693265974521637,0.1814628988504409,-0.5474292996108532,0.8234677161887287,0.8546347156077623,0.0139700639992952,1.446033596992493,-1.9642187356948853,3.219353091648221,1.0712830778449771,0.0975526117354631,0.7570883631706238,-0.7367262840270996,2.492119789123535
1774472568662341000,70.18134106445312,0.2243254727363586,-0.4378253078147768,-0.0561550179421901,0.129887506365776,-0.2690283060073852,0.1562478244304657,-0.4140156854212284,0.4672440022617578,1.2534171760618686,0.1142439395189285,1.234941005706787,-2.145045757293701,3.01478387426138,1.140164014108479,-0.3491106670513749,0.7560318112373352,-0.8238114714622498,2.482534170150757
1774472568672369000,70.19136889648438,0.1554606108248233,-0.3171116007223725,-0.581516278129816,0.1003088504076004,-0.2676693201065063,0.1543655097484588,-0.7485685425490141,0.2702060571625828,1.4255927748441697,0.1342136412858963,1.0013030767440796,-2.283982992172241,2.712852599275112,1.554804845690727,-0.6481815841704607,0.7166865468025208,-0.7987058758735657,2.4948995113372803
1774472568682397200,70.20139721679688,0.0562239915251731,-0.0952554407089948,-1.0135288080126046,0.061156652867794,-0.2497987002134323,0.1676581352949142,-1.103171669536829,0.1458402573034167,1.251053369539976,0.0628712847828865,0.7588232755661011,-2.406343698501587,2.4696628515928984,2.017915693670511,-0.5571934455171227,0.6783298254013062,-0.6964380741119385,2.5175604820251465
1774472568692424000,70.211423828125,0.0976353215828537,0.0598727232910692,-1.295866909256577,0.0225126985460519,-0.1705663651227951,0.193446397781372,-1.051177278405428,0.1204647007673978,0.888520618596673,-0.0746672227978706,0.5788779854774475,-2.5148632526397705,2.706539762866497,2.0745950277477503,-0.3089849928900599,0.6423260569572449,-0.645291805267334,2.50162124633789
1774472568702452000,70.22145190429687,0.2756748439624905,0.1113524428986012,-1.315342009577155,-0.0042928159236907,-0.1080249547958374,0.2213006615638733,-0.9239566736370324,0.1964399792060256,0.5421434681624174,-0.1815196424722671,0.373339980840683,-2.651928424835205,3.136415280720591,1.6284902596265076,-0.4877899466842412,0.6041127443313599,-0.686751663684845,2.44291615486145
1774472568712476200,70.23147607421875,0.2860550759404897,0.0983861399501562,-1.0648591822773217,-0.0151973776519298,-0.0707612112164497,0.2676513791084289,-0.7948825499564409,0.3433011039897799,0.2320359009832143,-0.2250124812126159,0.1499947160482406,-2.786171197891236,3.2557173674494027,1.2604840457081794,-0.8528270816639065,0.5787176489830017,-0.7295203804969788,2.3773741722106934
1774472568722504200,70.24150415039063,0.2657426480129361,-0.0046254678435623,-0.8102338483452797,-0.0172813013195991,-0.0453152433037757,0.2805858254432678,-0.7667907201990485,0.5474082568228245,0.0286082548469305,-0.1965531557798385,-0.0779452323913574,-2.879652976989746,3.111006698697805,1.2625076604902743,-0.7945458653479814,0.5646061301231384,-0.7111666798591614,2.316302299499512
1774472568732532200,70.2515322265625,0.1284165365546941,-0.0805063459970057,-0.4400362618625164,-0.0089844604954123,-0.0213357228785753,0.2736707031726837,-0.9891013459816574,0.800753487816453,-0.0005868599772453,-0.1292506903409958,-0.2507088482379913,-2.922297239303589,2.825461325845122,1.3988538210004566,-0.5394844780862331,0.5458268523216248,-0.6656468510627747,2.2860987186431885
1774472568742560300,70.26156030273438,0.0404287487611174,-0.1346139298900961,-0.125380529859662,0.0134018054232001,-0.0016512344591319,0.2580350339412689,-1.225911329498887,1.0978203716367485,0.0019108020573854,-0.0539546012878418,-0.3496103882789612,-2.893595695495605,2.4532646744996307,1.6020038192391397,-0.281744519264996,0.5107924342155457,-0.6311054229736328,2.294597148895264
1774472568752588300,70.27158837890624,0.0858317788034677,-0.1836110389016568,0.1665904921263456,0.0470900386571884,0.0109091065824031,0.2427390664815902,-1.6032529425173998,1.1841261976927515,-0.2365449028402566,-0.0142924115061759,-0.3516306579113006,-2.757896423339844,2.15708626395166,1.7445570176959038,0.0395449516639113,0.4739491939544678,-0.5834435820579529,2.340564012527466
1774472568762616000,70.28161596679688,0.1494622471928596,-0.1675176899738609,0.5405985768079757,0.0870358496904373,0.0101706115528941,0.2286645174026489,-1.6060802748978138,1.1298737985014915,-0.4986100313842296,0.0150252627208828,-0.3120861947536468,-2.599444627761841,2.0837720214158297,1.751733192935586,0.3964434961125254,0.4549782574176788,-0.5443520545959473,2.3785133361816406
1774472568772643000,70.29164306640625,0.1898264062851667,-0.1343291215993464,0.769441819229722,0.1181122064590454,-0.0111139491200447,0.2272635549306869,-1.5802075824946165,1.1989847441285848,-0.625330869936943,0.0491534769535064,-0.2120269238948822,-2.421192407608032,2.494533673477173,1.3632979389727116,0.439100734578073,0.4275703132152557,-0.568273663520813,2.382440090179444
1774472568782671000,70.30167114257813,0.2227735671192407,-0.0039832244172692,0.8050538153588771,0.1453275829553604,-0.0524363555014133,0.2238887846469879,-1.6492627062812446,1.3844038553655147,-0.5442407327026129,0.0950977951288223,-0.0646843314170837,-2.219489812850952,3.0230653803944585,0.8969348111987113,-0.0830488700866699,0.3863501250743866,-0.6206995248794556,2.367434024810791
1774472568792699100,70.31169921875,0.2034597948402166,0.1617092959560453,0.7152203996986151,0.1607925742864608,-0.1075607761740684,0.2163301259279251,-1.5988298653781412,1.5262901143461465,-0.3612754443585872,0.146054983139038,0.0298365801572799,-2.057171583175659,3.394881507989764,0.6663596304178238,-0.6749822050735355,0.3407131135463714,-0.6639096140861511,2.328923225402832
1774472568802727200,70.32172705078125,0.1270689213380217,0.1967921536445617,0.4540595265179872,0.1648578941822052,-0.1501711010932922,0.2276155352592468,-1.2745552411586043,1.5581757834285497,-0.1167979949533939,0.1936624497175216,0.0790725722908973,-1.9747703075408936,3.752560973683,0.5386188011676073,-1.0152353196695447,0.2898565828800201,-0.6955280900001526,2.3006532192230225
1774472568812755200,70.33175512695313,0.111948801356554,0.1861675915166735,0.1111059207916259,0.1594026237726211,-0.182432547211647,0.2377368807792663,-0.8140823404669761,1.3827742083370684,0.2085100639671087,0.2425804734230041,0.0930514112114906,-1.926233172416687,3.926121304821968,0.3744675188869237,-1.2032391867026686,0.2316657304763794,-0.7200464606285095,2.2813520431518555
1774472568822783200,70.341783203125,0.2446428690999746,0.2248616254396736,-0.1756990967333316,0.1564643532037735,-0.1836506724357605,0.2427337765693664,-0.6011769641503691,1.0898878250718116,0.5586696555495262,0.2939709722995758,0.0862249284982681,-1.9108613729476929,3.929741833406687,0.1748492019057273,-1.2587370559103783,0.169095292687416,-0.734661340713501,2.254485845565796
1774472568832811000,70.35181103515625,0.21842940043509,0.1765475302562117,-0.4984405200362205,0.1517717838287353,-0.1544558405876159,0.2251823395490646,-0.3732368080481886,0.8117489290833473,0.8663298295766114,0.3509238362312317,-0.0063776294700801,-1.9614005088806152,4.034190049874782,0.0377887556463479,-1.1841207908652722,0.1073206141591072,-0.7746716141700745,2.199570178985596
1774472568842839300,70.36183935546875,0.1826888094902038,0.0668713500067591,-0.7671013935834169,0.1477333605289459,-0.1126761734485626,0.1980074495077133,-0.3787307292893528,0.4602303241074085,1.0164701221615076,0.3964681625366211,-0.1378024965524673,-2.0588836669921875,4.2968923072785135,-0.160028649392724,-1.325082628477365,0.0311863236129283,-0.8764495253562927,2.12896990776062
1774472568852866000,70.37186596679688,0.2124988413423299,-0.0951220235876739,-0.7978361390650272,0.1372782438993454,-0.0811198726296424,0.1702435612678527,-0.3878706058174371,0.0624269378185272,1.074322007149458,0.4331941604614258,-0.231153056025505,-2.141103029251098,4.35587173499167,-0.3102022597253322,-1.675848369259387,-0.0572066567838192,-0.9956859350204468,2.0478432178497314
1774472568862894000,70.38189404296875,0.1478051276355981,-0.2752490197658538,-0.7041086385756731,0.1183096021413803,-0.0454265922307968,0.1494224369525909,-0.5079010068207979,-0.1579518431186675,1.098437626752257,0.4622277021408081,-0.2705601453781128,-2.199712038040161,4.239427375781536,-0.2013186911582946,-1.885616032072157,-0.147465705871582,-1.074937105178833,1.9584050178527832
1774472568872922000,70.39192211914063,0.1627773635789751,-0.4074330921605229,-0.4781657937705516,0.0961499065160751,-0.0372951216995716,0.1471191048622131,-0.5515414111047983,-0.1414244866877794,1.1103881767868995,0.4948551952838897,-0.3073572516441345,-2.235714197158813,4.047726407796144,0.0475450105071067,-1.745646420367807,-0.2230329066514969,-1.12541663646698,1.8676778078079224
1774472568882950100,70.4019501953125,0.2446203650072216,-0.4666241167977452,-0.2083072348713874,0.0673339664936065,-0.0587767101824283,0.1487960964441299,-0.7724620438337325,0.0463794738590717,1.0961726044297218,0.5212894678115845,-0.3849308490753174,-2.2030563354492188,3.767102709254622,0.2578583245038986,-1.4173742509447038,-0.2815584242343902,-1.1834568977355957,1.7704490423202517
1774472568892978200,70.41197827148437,0.2459416767388582,-0.4126116638422012,0.0577811578392982,0.0408427193760871,-0.0845734253525734,0.14787358045578,-1.371594350413978,0.0841372498452663,0.7490332374513149,0.5252788066864014,-0.389844536781311,-2.05121111869812,3.5123052336260674,0.4143611378580331,-1.0575706327043473,-0.3269549608230591,-1.2769967317581177,1.678128957748413
1774472568903006000,70.422005859375,0.1350163732111454,-0.3547618246808648,0.378611194562912,0.0138012515380978,-0.100189670920372,0.1543330699205398,-1.6851812841415403,0.1846037032008171,0.3020791590243578,0.5348502397537231,-0.2741728127002716,-1.873660683631897,3.243143132558465,0.5311339983701706,-0.6851242443814873,-0.3828188180923462,-1.4168589115142822,1.5922235250473022
1774472568913034200,70.4320341796875,0.1642366224765777,-0.2734190278597176,0.6615577830940484,-0.0080059552565217,-0.1543578952550888,0.1579522639513015,-1.588876626640558,0.5218693264186381,0.0246668237447738,0.5494545698165894,-0.0953114181756973,-1.672632098197937,2.9231249967396256,0.5985048223316669,-0.3974237393215298,-0.4455796778202057,-1.6024861335754397,1.5263608694076538
1774472568923062000,70.44206201171875,0.0262689982444047,-0.17469971043244,0.8909463844388723,-0.0236368458718061,-0.2224312275648117,0.1763312667608261,-1.562242156084627,0.926616832756996,-0.2287257535219192,0.5643789172172546,0.0998138636350631,-1.4589587450027466,2.594362997972965,0.6852548850238322,-0.0206045427419245,-0.4793924987316131,-1.7943882942199707,1.4737424850463867
1774472568933089300,70.45208935546874,-0.0645633653253316,-0.0411488797292113,0.992037691694498,-0.0224658008664846,-0.2793860733509063,0.1955152601003646,-1.6210240153990685,1.2298135976344349,-0.4588274715721607,0.5723156929016113,0.3046146333217621,-1.2185592651367188,2.3657103096872567,0.656038142889738,0.5094732245735824,-0.4694706201553345,-1.979746699333191,1.4250417947769165
1774472568943117000,70.46211694335938,-0.0396475352555513,-0.023496172530204,0.967766589269042,-0.0215339604765176,-0.325281411409378,0.1967171430587768,-1.5885218218535184,1.32497493031919,-0.5514782827407121,0.5656774640083313,0.4811507761478424,-1.00384259223938,2.238702470886708,0.5809048682332039,0.955957493531704,-0.4296247065067291,-2.188486099243164,1.3694510459899902
1774472568953145300,70.47214526367188,-0.0214908240571618,0.0319759777143597,0.8914443970888852,-0.0166243519634008,-0.3534367978572845,0.1943033933639526,-1.3577052335321902,1.2530033345639704,-0.4918792618244886,0.564236044883728,0.5201008319854736,-0.8997732996940613,2.20387724122107,0.5930231760501862,1.1887957969389855,-0.3694031834602356,-2.3962960243225098,1.3173878192901611
1774472568963173000,70.48217309570313,-0.0616322803094983,-0.0081521806649863,0.6961065339058637,-0.0126383984461426,-0.355985164642334,0.1968839913606643,-1.0733617838151752,1.0779968962699171,-0.2459878539681434,0.5666730999946594,0.4978852868080139,-0.8371649980545044,2.2112655979067086,0.6411924559354781,1.2963809962585569,-0.3035092055797577,-2.5504672527313232,1.2928128242492676
1774472568973201200,70.492201171875,-0.0852487182185053,-0.0948081353329122,0.4500584741830825,-0.01589379273355,-0.3409061431884765,0.1886436492204666,-1.116386540418863,0.7797960399836301,-0.0192290166050195,0.5613740086555481,0.424330860376358,-0.8315948843955994,2.2494383844345807,0.6178910753250122,1.3470420929595828,-0.2171588540077209,-2.586790084838867,1.2840545177459717
1774472568983229200,70.50222924804687,-0.0429191042721271,-0.1312315939754247,0.1830798546344041,-0.0222156047821044,-0.2977056801319122,0.1618682146072387,-0.9143038791507482,0.529238393881917,0.230509129807353,0.5450294017791748,0.3147290050983429,-0.8612366914749146,2.52848212030828,0.3198790196090936,1.1625631851822138,-0.1176086589694023,-2.5432095527648926,1.2396047115325928
1774472568993257200,70.51225732421875,0.0582063975140452,-0.1698448177471757,-0.1298620591878891,-0.0219433419406414,-0.2599170804023742,0.1371686905622482,-0.8597393452703952,0.235429050552845,0.260804314827919,0.5011086463928223,0.1988668590784073,-0.92012757062912,2.890387679263949,-0.1074549970686435,0.5148787368789315,-0.0371337868273258,-2.4254674911499023,1.1438076496124268
1774472569003285200,70.52228515625,-0.0535799067571759,-0.2656071850650012,-0.3910854762107134,-0.017677491530776,-0.2167999744415283,0.1228411495685577,-0.8303039919495582,0.1024964978784322,0.1914244891315698,0.4414152503013611,0.0828305259346962,-0.98138827085495,3.137585493543744,-0.1979658735990524,-0.3649260758206248,0.0186518132686615,-2.235715627670288,1.0213494300842283
1774472569013312000,70.53231201171874,0.0301543152451515,-0.3659314534708857,-0.6389291871786117,-0.0111122662201523,-0.1948939859867096,0.107592262327671,-0.7047692944414913,0.2152864262342453,0.0900140329241752,0.3812388181686401,-0.0214877407997846,-1.0228451490402222,3.2094206034377217,-0.0221066178679466,-0.9702014152005314,0.0759294852614402,-2.0177762508392334,0.9047933220863342
1774472569023340300,70.54234033203124,-0.0163142982020974,-0.4079543395556509,-0.7309995681107044,-0.0037318477407097,-0.1520567834377288,0.0892606601119041,-0.6196843884825706,0.4084235645025968,-0.1231838965982198,0.3235853910446167,-0.1168906912207603,-1.0524855852127075,3.2004312412962315,0.1279565178275108,-1.1140088515020907,0.1424601227045059,-1.9518314599990845,0.8069413900375366
1774472569033368000,70.5523681640625,0.0794151897594332,-0.367352133923769,-0.7561860318154097,0.0054874485358595,-0.1025098487734794,0.06647589802742,-0.6581609802626073,0.6474678829431534,-0.359929290446639,0.2664435803890228,-0.17743781208992,-1.0480974912643433,3.301874138468504,0.2468722355872392,-1.0424378724370151,0.168130338191986,-1.9680770635604856,0.7412638664245605
1774472569043396400,70.56239624023438,0.1772998099282383,-0.4126650014646351,-0.7459703427493571,0.0152444718405604,-0.0707183629274368,0.0535936504602432,-0.6765057613790035,0.8677841200381516,-0.4821802901089191,0.2230172753334045,-0.2415358275175094,-1.045497179031372,3.1412624284908173,0.1034820017844438,-0.739050626488775,0.1829049289226532,-1.8988560438156128,0.6685343980789185
1774472569053424000,70.57242407226562,0.3077928604960441,-0.4385173817321658,-0.7130261045247316,0.0195505116134881,-0.0678622126579284,0.0451738983392715,-0.6055762220226227,1.036544357419014,-0.534756865042448,0.1864242255687713,-0.2958034574985504,-1.026565670967102,2.763825246143341,0.0861339766204357,-0.2364668691679835,0.1809163391590118,-1.8076118230819704,0.6195822954177856
1774472569063452200,70.5824521484375,0.3663929335027933,-0.4154799127548932,-0.6230833832710981,0.0219886358827352,-0.076401375234127,0.0271972957998514,-0.7417599585127085,1.095318033427,-0.5530810417622327,0.1499865800142288,-0.3216384947299957,-0.9771938920021056,2.4241417481288314,-0.0507096120178699,-0.0475175379782915,0.156981274485588,-1.7467480897903442,0.5963238477706909
1774472569073480200,70.59248022460937,0.3648486266702413,-0.371333897036314,-0.4970388365447521,0.0176299791783094,-0.0763917937874794,0.012419544160366,-0.8283318150937556,1.069308562901616,-0.5052881939738989,0.1044529825448989,-0.3000461757183075,-0.8942462801933289,2.143934229172766,-0.1472808115005493,-0.0993912253394722,0.1288638859987259,-1.711345076560974,0.5910129547119141
1774472569083508200,70.60250830078125,0.4319184218585491,-0.3620851533062756,-0.3240291250258684,0.0104644792154431,-0.0816693753004074,0.0054215556010603,-0.8129530441761016,1.0031465302079916,-0.4656090945363044,0.067374587059021,-0.3255432844161987,-0.8398736119270325,1.989509975658357,-0.2386152793735265,-0.0999147377569228,0.0960089936852455,-1.7127397060394287,0.5840330719947815
1774472569093535200,70.61253515625,0.4474322173327207,-0.372195482301712,-0.1756722087264061,0.0091520762071013,-0.0723031386733055,0.0188783705234527,-0.7913092215143144,0.8881938708603382,-0.3939122240692377,0.029486134648323,-0.359276533126831,-0.7941845655441284,1.966039083699882,-0.3491016069620847,-0.1041322093214839,0.0554312095046043,-1.7431026697158811,0.568088710308075
1774472569103563000,70.62256298828125,0.5032432441428304,-0.3813764214925467,-0.0806517458170652,-0.0038036699406802,-0.0611511543393135,0.0287517756223678,-0.9767154732696712,0.6938625543713569,-0.3112777800023555,-0.0011527328751981,-0.401868999004364,-0.7490623593330383,2.063241566823423,-0.5082523044764995,-0.1229187428560107,0.0045467307791113,-1.746294021606445,0.5490429997444153
1774472569113591300,70.63259130859375,0.5390940174639225,-0.3528095215693116,-0.0118424134850502,-0.0113797076046466,-0.0269696414470672,0.0349068790674209,-0.951252530711144,0.5684796864241362,-0.1642237629950046,-0.0191667731851339,-0.4554682970046997,-0.7213628888130188,1.99503516882062,-0.6355804612725973,-0.1021838517326861,-0.0753861889243125,-1.720544695854187,0.511416494846344
1774472569123619000,70.642619140625,0.4919108260065317,-0.2751518430016935,-0.0154278707563877,-0.0213623009622097,0.0128819020465016,0.026806341484189,-0.9831979671567678,0.3997603655755519,-0.1291454353511333,-0.0413208119571208,-0.4922683835029602,-0.6898640990257263,2.13482562456578,-0.7642021650105715,-0.2639027192346752,-0.147610142827034,-1.7043185234069824,0.4742917418479919
1774472569133647000,70.65264721679688,0.4430386585488915,-0.2491704295270145,0.0241202957779169,-0.0367219150066375,0.0461770892143249,0.0330152660608291,-1.0215227293759583,0.2955734303921461,-0.0437111314326524,-0.0521648973226547,-0.5361897945404053,-0.6530889272689819,2.231725033089518,-0.6441869615763426,-0.152202741540037,-0.1947238594293594,-1.5841004848480225,0.4527145326137543
1774472569143675100,70.66267504882812,0.3657484981194138,-0.1687552689447999,0.0072375500380992,-0.0370638668537139,0.0502538569271564,0.0405970215797424,-1.0222311699062585,0.286964592000842,0.0974795464992523,-0.0509291924536228,-0.5705094337463379,-0.6119987368583679,2.0458491179957985,-0.5071183320105076,-0.1352620916005223,-0.2456665635108947,-1.5949710607528689,0.3908812999725342
1774472569153703200,70.672703125,0.3280658331960439,-0.1461636440388858,-0.0168500125139951,-0.0364915542304515,0.0507502704858779,0.0500999763607978,-1.0482779767673462,0.2879600327789783,0.231195358505845,-0.0319205783307552,-0.5689495205879211,-0.5621086955070496,2.4600372373744843,-0.4788409165531396,-0.3575110503237694,-0.300710380077362,-1.7418081760406494,0.3412066996097564
1774472569163731200,70.68273120117188,0.2533756261318922,-0.0751667385347187,-0.0470043277591466,-0.0259262584149837,0.0358051396906375,0.0473177731037139,-1.0452593595985322,0.3038537674814462,0.2366425179958343,-0.0024710788857191,-0.5381675958633423,-0.4933280348777771,2.727810222171247,-0.5016799403488635,-0.2143400122296065,-0.3714015185832977,-1.849229097366333,0.2950165271759033
1774472569173758200,70.69275830078125,0.2244406235486269,-0.047906245034933,-0.0157604637116193,-0.006215457804501,0.033666655421257,0.0441678166389465,-1.083825748553872,0.331639015507698,0.1722270367085933,0.0237878262996673,-0.4852645099163055,-0.4029817879199981,2.7540120003983377,-0.5312988335430622,-0.1240562224533408,-0.4274338781833648,-1.734862208366394,0.2658397257328033
1774472569183786200,70.7027861328125,0.2765413976639509,-0.0342038828969001,0.0051338557571172,0.0075895702466368,0.01319120824337,0.0469558760523796,-1.137871811518073,0.3674970953524112,0.0376841262280941,0.0375768765807151,-0.4290361106395721,-0.2908507287502289,2.310673774380982,-0.5084738382726908,-0.183885581526719,-0.442914217710495,-1.5782591104507446,0.2110664099454879
1774472569193814300,70.71281420898437,0.3028969051480293,-0.0275821266695857,-0.0145481653124094,0.0223692432045936,-0.0123765096068382,0.0579966455698013,-1.184191079622507,0.3417337085425853,-0.1583160002559423,0.0292240437120199,-0.3378540873527527,-0.1589094847440719,2.481984280766546,-0.4599374786406755,-0.3097383685406297,-0.4688219726085663,-1.7032239437103271,0.15707428753376
1774472569203842000,70.72284204101562,0.289062733323872,-0.022570143726468,-0.0911585267841815,0.0304018706083297,-0.0394944101572036,0.0770995020866394,-1.2371819344453512,0.2992161708086729,-0.3128875532865524,0.022915281355381,-0.236100286245346,-0.0222025010734796,2.752331207704544,-0.6690332335412502,-0.0923682679001241,-0.5110280513763428,-1.6064751148223877,0.1055842712521553
1774472569213870300,70.73287036132812,0.2596092598244547,-0.0401407255999743,-0.1739297489732504,0.0348381996154785,-0.0537716448307037,0.0837051942944526,-1.1810340038310736,0.2765413976639509,-0.3521621635764837,0.0255144834518432,-0.1381064653396606,0.0910169184207916,2.416234920527041,-0.7738385928839445,-0.2443998358580283,-0.5198942422866821,-1.3650531768798828,0.0529583469033241
1774472569223898000,70.74289819335938,0.127540338242054,-0.0642887861676514,-0.251803846770525,0.0314197652041912,-0.0566787496209144,0.0780473053455352,-1.0877262631237503,0.1930126351058483,-0.4202303221523761,0.0151326823979616,-0.0452494993805885,0.1972304433584213,2.191004607905448,-0.6215601192265748,-0.3291446414086967,-0.4718990921974182,-1.0663800239562988,-0.0014834348112344
1774472569233926100,70.75292602539062,0.0023158757269382,-0.0601863192848861,-0.2711485987097025,0.0297092497348785,-0.0357165075838565,0.0650497376918792,-0.9172415400378404,0.1353501352101564,-0.4420236362874508,0.0085477828979492,0.0251943357288837,0.2821912765502929,2.0358859423860904,-0.4568400971472263,-0.4476894069641828,-0.3958536088466644,-0.7091134786605835,-0.0670536532998085
1774472569243954200,70.7629541015625,-0.0609516045689582,-0.1239081192195415,-0.2259492745459079,0.0384460128843784,-0.015807244926691,0.055754505097866,-0.7264666008561849,0.1696247452557087,-0.3830179050892591,-0.0022137842606753,0.0894311144948005,0.3560998439788818,1.7980267420768736,-0.4066261596918106,-0.5761519746176899,-0.2856383025646209,-0.3328228592872619,-0.1364719122648239
1774472569253981200,70.77298120117187,-0.1307885263830423,-0.2037020791634917,-0.014067688319087,0.0312422048300504,-0.0018929573707282,0.0562465637922287,-0.5197008963383734,0.1640121660709381,-0.3810632638901471,-0.0093457624316215,0.1011511236429214,0.3942550718784332,1.5757856743991374,-0.1394429574817419,-0.5693182561401278,-0.1642732769250869,0.0129798166453838,-0.189739391207695
1774472569264009200,70.78300927734375,-0.1649278196111321,-0.1146688739702105,0.1215039806872606,0.0346276126801967,-0.0238001197576522,0.0670052021741867,-0.2135946737550199,0.1619692620664835,-0.3420499348849058,-0.0161016695201396,0.0932617783546447,0.3991081416606903,1.3460147957384585,0.0967512322247028,-0.476959486720711,-0.0449884235858917,0.2593740820884704,-0.2297506928443908
1774472569274037200,70.79303735351563,-0.1933919898122549,-0.2036918500304222,0.3270926042497158,0.0375018939375877,-0.0286342501640319,0.0869395360350608,-0.1200203180007636,0.0569949758976697,-0.3139922996580601,-0.034823652356863,0.0854877531528472,0.3967694044113159,1.2071893856331706,0.2028261731117963,-0.2938905918717384,0.0539072640240192,0.4501296579837799,-0.2522482872009277
1774472569284065300,70.80306518554687,-0.1185708498448133,-0.2477729838192462,0.4339800305634737,0.0433730967342853,-0.0409268662333488,0.0969663336873054,0.251470815423876,0.0277723885446786,-0.2275420966953039,-0.0377648472785949,0.0143169080838561,0.326415091753006,1.0058563736885786,0.0649661009073257,-0.24023013069164,0.1036228835582733,0.6494117379188538,-0.2553765475749969
1774472569294093000,70.81309301757813,-0.0232458510309457,-0.1404071263387799,0.3885854760885238,0.0342333428561687,-0.0388254150748252,0.1109693199396133,0.4336434920854866,-0.0095855744689702,-0.1416921977132558,-0.043506808578968,-0.0539500564336776,0.2526494264602661,0.719979869185388,-0.1435001239180564,-0.3879215322870761,0.1491248607635498,0.775287926197052,-0.2631814777851105
1774472569304121300,70.82312133789063,0.0770019911378622,-0.0601077010907232,0.3823620715290308,0.0285648051649332,-0.0449962243437767,0.125898465514183,0.3836550339490175,-0.0988748002499342,-0.0785503896236419,-0.0476070120930671,-0.1035663485527038,0.201022982597351,0.6772875594064592,-0.1748205603331327,-0.2479233886079862,0.2086011469364166,0.7784969806671143,-0.2589702606201172
1774472569314149000,70.83314916992188,0.0887546805128455,-0.1103280682869255,0.1976508163005113,0.0219430867582559,-0.0458803698420524,0.1363023966550827,0.4239934740781784,-0.1577665496796369,-0.0360942266881465,-0.0453306697309017,-0.1427133232355117,0.1528209447860717,0.6139616269215941,-0.1350713182687759,0.0107289358178153,0.2396722435951233,0.7253421545028687,-0.2484398782253265
1774472569324177200,70.84317724609375,0.0857277339071035,-0.0397664854601025,0.0160661686599254,0.0185669958591461,-0.0415596589446067,0.1416702717542648,0.4595515480630099,-0.1994593270272016,-0.0796218182474374,-0.0432944186031818,-0.1617876887321472,0.1065991297364234,0.4860556702375411,-0.1737351031839847,0.0446575089046731,0.2363159507513046,0.7060741782188416,-0.2262512743473053
1774472569334204200,70.8532041015625,0.0897872384309768,0.0559194556206464,-0.069182257297635,0.0102491630241274,-0.0286358818411827,0.1476874053478241,0.4321417092204093,-0.1616214715421199,-0.212959444591403,-0.0435360968112945,-0.1640123128890991,0.0688121765851974,0.2633469850480556,-0.2344002920269966,0.0101806542852893,0.209408700466156,0.7313345670700073,-0.2069335132837295
1774472569344232200,70.86323217773437,0.1269575699180364,0.0970274188175797,-0.1707669010281562,0.01198953948915,-0.0170639157295227,0.1513780057430267,0.3345329833835363,-0.1068786584854125,-0.3587900572836399,-0.0583821535110473,-0.1696563512086868,0.0413344837725162,0.1694409131214022,-0.2792459804475307,-0.1166055045885965,0.1877861618995666,0.679045557975769,-0.1977919042110443
1774472569354260200,70.87326025390625,0.1251087271809577,0.0903128697402775,-0.2129997766017913,0.0133990319445729,0.0034614789765328,0.1667840927839279,0.2436873219408094,-0.0604629442691802,-0.4776648585110902,-0.0773216187953949,-0.1663297861814499,0.0287204887717962,0.226083422319591,-0.2466238137841224,0.0691904406040906,0.1989615857601165,0.5458092093467712,-0.204908937215805
1774472569364288000,70.8832880859375,0.123375619778037,0.1115707618243992,-0.2373825227081775,0.0212830547243356,0.0198084935545921,0.1816629022359848,0.1083241811186075,0.0140261872649192,-0.4815963527411222,-0.0937234908342361,-0.1270276457071304,0.0425598733127117,0.3966749667808413,-0.1058849712729454,0.4097864138210192,0.2320689260959625,0.2994236946105957,-0.199742242693901
1774472569374316300,70.89331640625,0.1060065518260002,0.0733181880585849,-0.2361111875981092,0.0258023086935281,0.0425980724394321,0.1965191066265106,-0.0314443550556898,0.0603740969419479,-0.4549468307465314,-0.0995061174035072,-0.0746262893080711,0.0748980864882469,0.4570645535528659,0.0360959802538156,0.7619730907842517,0.2035102546215057,0.209569439291954,-0.179723247885704
1774472569384344000,70.90334399414063,0.08865297370404,0.0329682036221027,-0.2241547923445701,0.0319033414125442,0.044030588120222,0.2064377814531326,0.0047094928652048,0.0158422967761754,-0.471242131987214,-0.1008512750267982,-0.0287354979664087,0.0933849513530731,0.0853638690307736,-0.1530471199423074,0.5425789369702338,0.132024884223938,0.2038577497005462,-0.1792571991682052
1774472569394372400,70.91337231445313,0.0209036718189716,-0.0192902452729642,-0.1958949125438928,0.0385987237095832,0.0523066669702529,0.2095577120780944,0.0639193683333694,-0.0497176783710718,-0.4285620971679687,-0.10248414427042,-0.0072824442759156,0.1010797396302223,0.046412499345839,-0.2858282814472913,0.2817948977453633,0.0742183029651641,0.1354416757822036,-0.1751748472452163
1774472569404400000,70.92340014648437,-0.0547030655682086,-0.0547365294463932,-0.1296633217453956,0.043136216700077,0.0560257732868194,0.2106986194849014,0.1641952675528824,-0.097177933204174,-0.2666442730277776,-0.1029232963919639,-0.0169617030769586,0.0933653563261032,0.0803226599931716,-0.2412678397089243,0.3055088046794757,0.0565706975758075,0.0496478155255317,-0.1701555699110031
1774472569414427400,70.93342749023438,-0.0822051127389073,-0.1036092814259231,-0.0559042580515146,0.0474988855421543,0.0651220604777336,0.2082379907369613,0.1553140419609844,-0.0865945798695087,-0.0922130042731761,-0.1039180979132652,-0.0331915467977523,0.084620401263237,-0.004265256229043,-0.1732920355916023,0.4175163139533251,0.0429843142628669,-0.0239853914827108,-0.1661387234926223
1774472569424455200,70.943455078125,-0.0950046808183193,-0.1720835365846753,0.0077051675498485,0.0486570931971073,0.0749374106526374,0.1977984011173248,0.0900081877052784,-0.0741734897136688,-0.0150251351743936,-0.1064435690641403,-0.0544459708034992,0.0737046375870704,-0.0964662778034806,-0.1738976002693176,0.4673939686590805,0.0359083823859691,-0.0899909809231758,-0.1627016067504882
1774472569434483200,70.95348315429688,-0.1384863874092698,-0.215041657692939,0.0566723198145627,0.053269937634468,0.0846134722232818,0.1772417426109314,0.0469302396096289,-0.0968774889528751,-0.0327110139906406,-0.1051978915929794,-0.0641660764813423,0.0714656934142112,-0.1863058309435844,-0.1981441527754068,0.5264060930654406,0.0249207131564617,-0.116207405924797,-0.152783989906311
1774472569444511200,70.96351123046875,-0.1661746048018336,-0.2362723695091903,0.0745183576285839,0.051921047270298,0.1026156470179557,0.1609812676906585,-0.0870893776491284,-0.1696516332626342,-0.0816489401608705,-0.1007128655910492,-0.0631498172879219,0.065004862844944,-0.3423863272324204,-0.2397960135906934,0.4883636183863505,0.0159002244472503,-0.1304922699928283,-0.1451270133256912
1774472569454539000,70.9735390625,-0.1379912973687052,-0.2138819662638008,0.0848164642810821,0.0536484010517597,0.1126314252614975,0.1505007296800613,-0.0914845438681542,-0.1442202548861503,-0.078121350556612,-0.0972914472222328,-0.0655853152275085,0.0518788732588291,-0.3740449095606803,-0.2566115393131971,0.3089691377338022,0.0168070308864116,-0.1327501088380813,-0.1444431096315384
1774472569464567300,70.9835673828125,-0.0908370397448539,-0.1810715835519135,0.1091144547134637,0.0516417101025581,0.1153893917798996,0.1416478455066681,-0.100210432767868,-0.1110585745185613,-0.1239110418289899,-0.0976166203618049,-0.0656590834259986,0.0415641851723194,-0.3704606213331222,-0.2050859347373247,0.2630952022440731,0.0260814912617206,-0.0784279257059097,-0.1448587030172348
1774472569474595000,70.99359497070313,-0.0326844182446598,-0.1595123704336583,0.174066527095437,0.0521344542503356,0.1018755063414573,0.1319064199924469,-0.1038103569559752,-0.0990197616785764,-0.1326408762514591,-0.0965673848986625,-0.0674131736159324,0.0389167629182338,-0.3857245336994528,-0.1867255176603794,0.1444460629986599,0.0444988459348678,-0.0072062122635543,-0.1473681926727295
1774472569484623000,71.003623046875,-0.00354337169528,-0.1369485103175044,0.269528888553381,0.0500856824219226,0.0741458758711814,0.1256599873304367,-0.1144932251423597,-0.0782931999921798,-0.0951490577250719,-0.0931755825877189,-0.0658216699957847,0.0492620766162872,-0.2840948817834258,-0.1742167492210865,0.0478522863579913,0.0759595856070518,0.0654202923178672,-0.1529558300971985
1774472569494650000,71.01365014648438,0.0255775088489055,-0.117277010641992,0.2752379138499498,0.0469014979898929,0.0420931912958622,0.1186213046312332,-0.148214731349796,-0.03571487198174,-0.0673223086446523,-0.0898748487234115,-0.058434672653675,0.0673928037285804,-0.2153562766000628,-0.082270871451497,-0.030800175400637,0.0916509255766868,0.1431268006563186,-0.1531923115253448
1774472569504678100,71.02367822265624,0.0934057211890816,-0.0914139628499746,0.2826595882833004,0.0410129837691783,0.0061908513307571,0.1097950637340545,-0.1663489384554326,0.0254775556057691,-0.1036965213179588,-0.0894652530550956,-0.0479623228311538,0.0817621499300003,-0.2022854903638362,-0.1547112537622451,-0.1668533077809959,0.0937609300017356,0.2002608925104141,-0.1520161777734756
1774472569514706200,71.0337060546875,0.0598652706369757,-0.1083954927891492,0.2679687996298074,0.0376480817794799,-0.0236266367137432,0.0975694581866264,-0.158200849443674,0.0287923792421817,-0.201319860202074,-0.094355896115303,-0.0328220017254352,0.0958663746714592,-0.2249424355909228,-0.2012643306225538,-0.1666205584710463,0.0960192903876304,0.2325703650712967,-0.148959144949913
1774472569524734200,71.04373413085938,-0.0201145672678947,-0.1447040928803384,0.1875947017103433,0.0321001857519149,-0.0349442735314369,0.0837708190083503,-0.1428957282841205,-0.0002098433583974,-0.285877381286025,-0.1073342785239219,-0.0142848026007413,0.1019077524542808,-0.1750546613499522,-0.0953735141307115,-0.0977099942542612,0.0865694209933281,0.2654906213283539,-0.1298916935920715
1774472569534762200,71.05376220703126,-0.0237689981222152,-0.1758741610392928,0.1625876862257718,0.0245361365377903,-0.0373706705868244,0.0644041746854782,-0.0934371392406523,-0.0141360773801803,-0.251139829903841,-0.1159099116921424,0.0005010841414332,0.109320543706417,-0.2287830366671085,-0.0628536387979984,-0.1185938653942197,0.0722362920641899,0.2606939971446991,-0.1197927221655845
1774472569544790300,71.06379028320312,-0.0723842682093381,-0.1976832572653889,0.1463333015173673,0.0172241609543561,-0.0372207351028919,0.0429430939257144,-0.0186579387187957,-0.0405231490463018,-0.1822673692077398,-0.1113745495676994,0.0170510336756706,0.1150913462042808,-0.0820014068603515,-0.0499076479852199,-0.1213309256752952,0.0612608715891838,0.1578483879566192,-0.1095479503273963
1774472569554818000,71.07381811523437,-0.1395014096707105,-0.2275301139965653,0.1587503000199794,0.0146354585886001,-0.035060990601778,0.0285129770636558,0.0390228274859488,-0.0824538268029689,-0.0882528684705495,-0.0976962000131607,0.0256397686898708,0.1144457831978797,0.0497486580312252,-0.0902507642894983,-0.0118497930739074,0.0382719300687313,0.1375191509723663,-0.0975900888442993
1774472569564846300,71.08384643554687,-0.1581999726608395,-0.2506070382013917,0.1898001028001308,0.0095541467890143,-0.0404381789267063,0.0145513545721769,0.0535707005374133,-0.1424637666076421,-0.0386234529048204,-0.0868954882025718,0.0331813059747219,0.1115655750036239,-0.0795502143159508,-0.1586450860798358,-0.1741724351553246,0.0198624748736619,0.118370272219181,-0.0842159837484359
1774472569574873000,71.093873046875,-0.1121355561003088,-0.22216405691877,0.2140302886933088,0.0117971254512667,-0.046889029443264,0.0111944898962974,0.0887450359016656,-0.1579039123237132,-0.0914507877290248,-0.0870561823248863,0.0430997386574745,0.1042029485106468,-0.0607642653033137,-0.1500683963924646,-0.2817681924015283,0.0094646951183676,0.0804439261555671,-0.0655975639820098
1774472569584901000,71.10390112304688,-0.0806201816350221,-0.1811604308791458,0.2139092926621437,0.0079363407567143,-0.06280168145895,0.0057861423119902,0.0934305633693933,-0.1558183382213115,-0.1723620612651109,-0.0902269482612609,0.0481315180659294,0.0993266999721527,-0.0684323157131671,-0.1180769288480281,-0.28626448090747,0.0080391084775328,0.0957181230187416,-0.0537329316139221
1774472569594929200,71.11392919921875,-0.0528980619728565,-0.129301648826152,0.2058177561432123,0.0080078393220901,-0.0693624690175056,0.0013839397579431,0.1075194406069815,-0.0963426514238119,-0.1723375113457441,-0.0924364179372787,0.0528813675045967,0.0913633480668068,-0.113837976104021,-0.1258569151997566,-0.3632700887745246,0.0159124787896871,0.0894048362970352,-0.0506601780652999
1774472569604957200,71.12395727539062,-0.0435246689498424,-0.08278758880198,0.1909486883133649,0.0097735151648521,-0.0830788165330886,-0.0155130187049508,0.0829062467455863,-0.0584819995850324,-0.1546563087046146,-0.0923472046852111,0.0601390115916729,0.0851115733385086,-0.0169184015750885,-0.1009574517428874,-0.2855028123525902,0.0202853810042142,0.007684635464102,-0.0476594045758247
1774472569614985200,71.13398510742188,-0.0737500036045908,-0.0794086138881742,0.1657388437330722,0.0126133365556597,-0.1003162562847137,-0.0343580693006515,0.041446839762479,-0.0509060113728046,-0.1352192023068666,-0.091161347925663,0.0748603790998458,0.0815676525235176,0.0821074975833296,-0.0968751508653163,-0.0233882917089387,0.0038281099405139,-0.0173650570213794,-0.0425919443368911
1774472569625013000,71.14401293945312,-0.1565145037919282,-0.1129283139131963,0.091523268443346,0.0121890949085354,-0.1037112548947334,-0.0507112108170986,0.0160248137362301,-0.0511667081356048,-0.0653062926471233,-0.0824405625462532,0.0944130420684814,0.0877911895513534,0.0276186592876911,-0.1542342839002609,0.0563807529894635,-0.0171639807522296,-0.0360078662633895,-0.0361053422093391
1774472569635041300,71.15404125976562,-0.0978559785962104,-0.1069594686366617,0.034122049832344,0.011835784651339,-0.1048425287008285,-0.0637546926736831,-0.0473959574252367,-0.0484480968266725,0.0704109223097562,-0.0594276413321495,0.1137959957122802,0.0985174179077148,0.0014414309799671,-0.1466185481995344,0.105550076762773,-0.0327679738402366,-0.0188959911465644,-0.0342967882752418
1774472569645069000,71.16406909179688,-0.0727896341398358,-0.074183280455321,0.0084019176423549,0.0062458096072077,-0.1035026907920837,-0.0714749321341514,-0.0727985480986535,-0.0097924952179193,0.1311234574258327,-0.0448793247342109,0.1307637840509414,0.1043758392333984,-0.0740504478558898,-0.0775619631081819,0.0802183959010988,-0.0268326811492443,-0.0158896744251251,-0.0290469173341989
1774472569655096000,71.17409594726563,-0.1211634966865181,-0.0491169359989464,0.0263479086995124,-0.0039884694851934,-0.0837529450654983,-0.0690881982445716,-0.1088901444382965,0.0293891760915517,0.0624158319026231,-0.0399193055927753,0.151541069149971,0.1068108007311821,-0.1068166991651058,-0.0625543635904788,0.1274259180821478,-0.0033800865057855,-0.0039054495282471,-0.0268807020038366
1774472569665124000,71.1841240234375,-0.0367149889349937,-0.0497632710784673,0.010732990938425,-0.0077366023324429,-0.0561349019408226,-0.0635277852416038,-0.1184774724729359,0.0503209049612283,0.0265577520579099,-0.0423086956143379,0.1686614602804184,0.1159515678882598,-0.2547238258704543,-0.0953764367401599,0.1279389821708202,0.0029213954694569,0.172274500131607,-0.0255695339292287
1774472569675152100,71.19415209960937,0.0921980989649891,-0.0720898153074085,-0.0166068514078855,-0.0115707544609904,-0.0392033234238624,-0.0616702288389205,-0.098825554280728,0.0964537105828523,0.0091845924526453,-0.0463945046067237,0.1818534582853317,0.1212716400623321,-0.4756111408516764,-0.2004471690207719,-0.2391676160266622,0.041298609226942,0.2228774726390838,-0.0315611101686954
1774472569685180200,71.20418017578125,0.0444824080660939,-0.0548090101607143,-0.0345049116700887,-0.0069685471244156,-0.015823433175683,-0.0630023404955864,-0.090887308627367,0.1356640234649181,0.050105216383934,-0.0400718934834003,0.1907654702663421,0.1259084641933441,-0.2553089322820305,-0.1456248609870672,0.0485366884255781,0.0881785005331039,0.2494441866874694,-0.0334718041121959
1774472569695208200,71.21420825195312,0.0238175134390592,-0.0835544815212488,-0.1085439613491296,-0.0049006599001586,0.0001277788542211,-0.0670012384653091,-0.0841259977988898,0.0967868880599737,0.1734761599868536,-0.0251149516552686,0.2002099603414535,0.136261984705925,-0.2344830018743872,0.0524134933263063,0.1730327636009082,0.111326165497303,0.2810351550579071,-0.0321370288729667
1774472569705236200,71.224236328125,0.0373319517895579,-0.0694584438905119,-0.1407306592047214,-0.0048492611385881,0.0167032927274703,-0.0733611360192298,-0.042146220203489,0.030502105769515,0.2473404376208782,-0.0052698738873004,0.204783946275711,0.1460421681404113,-0.2407575520992279,0.0544534747213125,0.0607926511475816,0.1203281804919242,0.3080654442310333,-0.0283537432551383
1774472569715265000,71.23426513671875,-0.033325638757646,-0.0557879381954669,-0.1647819813996553,-0.0033266739919781,0.0330061577260494,-0.0812423378229141,0.0167022746063768,-0.0207803377002477,0.2968061870574951,0.0172458067536354,0.1948250234127044,0.1455558538436889,-0.2326888119339942,0.0450432568192481,0.0783948702683672,0.1242957562208175,0.3015297651290893,-0.019385814666748
1774472569725293000,71.24429296875,-0.0447393054366111,-0.1033259344398975,-0.1600911932349205,-0.0119563806802034,0.0475459545850753,-0.0844397246837616,0.0659884296923875,-0.0838590174257755,0.286013574886322,0.029485959559679,0.1778439134359359,0.1407070308923721,-0.2101902721390128,0.0428127212882041,0.0836188154617324,0.1194082349538803,0.2900824546813965,-0.0031565427780151
1774472569735320000,71.25432006835938,-0.027836978213489,-0.1379902744553983,-0.0814051945328712,-0.01851237565279,0.0567287690937519,-0.0875272750854492,0.1172089138418435,-0.1311269645571708,0.1771165623158216,0.0369142293930053,0.1539673954248428,0.1292494386434555,-0.2385208790883421,0.0714145463943481,0.0273851062601432,0.1038108989596366,0.2662716805934906,0.0140797020867466
1774472569745348000,71.26434814453125,-0.0901160319939255,-0.1703156501293182,-0.0124099842399358,-0.0277037434279918,0.0686589255928993,-0.0901739224791526,0.1381552557587623,-0.1826350334763526,0.0959486836701631,0.041787814348936,0.1279448568820953,0.1149993985891342,-0.1953244191795587,0.1426905611008405,-0.079645600981824,0.0924693122506141,0.2403792291879654,0.0285962671041488
1774472569755376000,71.27437622070312,-0.0228305482283234,-0.1742757859319448,-0.0089326635181903,-0.0352082997560501,0.0761823877692222,-0.0917995050549507,0.1948364895321428,-0.1818751550197601,0.0471083726555109,0.0478259772062301,0.0931635051965713,0.1019892692565918,-0.1305573479756712,0.1855593964904546,-0.1246310266666114,0.0891036093235015,0.2148600220680236,0.0417621321976184
1774472569765404000,71.28440380859375,-0.0774713622152805,-0.1754373770572245,0.0450806662201881,-0.0397274196147918,0.0846696123480796,-0.0910410359501838,0.2217413014620542,-0.15197919844985,0.0081663553208112,0.056445300579071,0.0682158097624778,0.0909818857908248,-0.0717977004930377,0.2061252146571874,-0.1657614939562976,0.086829163134098,0.2003270387649536,0.04793681204319
1774472569775432200,71.29443212890625,-0.0554363482788205,-0.1621133467122912,0.0248737444937229,-0.0361308380961418,0.0900895372033119,-0.0943892300128936,0.169300481737405,-0.0302910933673381,-0.0843313111126422,0.0564960204064846,0.059268731623888,0.09161838889122,-0.0176779877707362,0.2002788267165422,-0.200208757155016,0.0859023854136467,0.2092073559761047,0.0535150691866874
1774472569785460000,71.3044599609375,-0.0802466721475124,-0.1244905952826142,0.061912558555603,-0.029557092115283,0.0918378978967666,-0.1101993471384048,0.1288527360148728,0.0803501325219869,-0.2295084283322095,0.0530818477272987,0.0542545318603515,0.098021425306797,0.0093014968305826,0.2060948195189237,-0.254527572645992,0.0776932910084724,0.216102048754692,0.0508645847439765
1774472569795488000,71.31448803710937,-0.1351882226467132,-0.0644971682213246,0.13426175545156,-0.0214301142841577,0.0834632515907287,-0.1190850138664245,0.1056255896843969,0.1274047291636467,-0.3084019323050975,0.0464162230491638,0.0547898262739181,0.1029868870973587,0.0250277660116553,0.1918558662861585,-0.2991287847861647,0.071196511387825,0.2292402237653732,0.0539932623505592
1774472569805516000,71.32451611328125,-0.1672790589123964,-0.0279911458618938,0.1905056207209825,-0.0130520770326256,0.0665508434176445,-0.1237647235393524,0.1223890929587185,0.1391249775737524,-0.2661825007349253,0.0452681332826614,0.0519785918295383,0.107459932565689,0.0183969496950507,0.1403203248381614,-0.3525562409279867,0.0538856014609336,0.2286010235548019,0.0545515716075897
1774472569815543000,71.33454296875,-0.1568050111711025,-0.0056400517135858,0.2142448082268238,-0.0081158019602298,0.049972865730524,-0.124690756201744,0.1383177528440952,0.1672246983766555,-0.1847369741916656,0.0387038215994834,0.0447548367083072,0.1115858182311058,0.0196223998367786,0.0279635272026062,-0.3986057887129485,0.0383138321340084,0.2163965553045272,0.0538732632994651
1774472569825571000,71.34457104492188,-0.0646460751727223,0.0393638960085809,0.2302238831251859,-0.0054063023999333,0.0332314372062683,-0.1142639443278312,0.0772727709032595,0.1543921048104763,-0.1352069273471832,0.0281840730458498,0.044034719467163,0.1195574551820755,0.0354921691417694,-0.039483869126439,-0.3305358400387689,0.0277884844690561,0.2189339399337768,0.0475412085652351
