time,seconds_elapsed,imu1_accel_x,imu1_accel_y,imu1_accel_z,imu1_gyro_x,imu1_gyro_y,imu1_gyro_z,imu2_accel_x,imu2_accel_y,imu2_accel_z,imu2_gyro_x,imu2_gyro_y,imu2_gyro_z,imu3_accel_x,imu3_accel_y,imu3_accel_z,imu3_gyro_x,imu3_gyro_y,imu3_gyro_z
1774472549308543200,50.82754321289063,-0.0152501761019229,-0.2684532221458852,-0.2745370721042156,0.0296587664633989,0.0145097840577363,-0.0302940979599952,0.0470516740322113,-0.6435346351474523,0.8011994780182838,-0.0642374753952026,0.2165963798761367,0.2706338465213775,0.3303597893521189,-0.0414326651066541,-0.4064653431069105,-0.1355621516704559,-0.0349333472549915,0.1431928724050521
1774472549318571300,50.8375712890625,0.0129170569792389,-0.0977675696603953,-0.1944675100892782,0.0229986459016799,-0.0030659134499728,-0.0021186517551541,0.1080227139540016,-0.5485749625146389,0.6607429595798253,-0.0448962710797786,0.1705356687307357,0.2364825159311294,0.4152075255542993,0.0083113167494535,-0.2336364680476486,-0.1086615547537803,0.0279785059392452,0.095881275832653
1774472549328599300,50.84759936523437,0.0611988573282957,0.0510717233285307,-0.0968412485957145,0.000587880029343,0.0032361908815801,0.0296083856374025,0.1555528191529214,-0.3589560615003109,0.5148994874060153,-0.0311036463826894,0.1232507303357124,0.2073028832674026,0.4233262423411011,0.0031821371674537,-0.0947027752622961,-0.0642808377742767,0.118474468588829,0.0391577519476413
1774472549338627300,50.85762744140625,0.1286687577500939,0.1808012421779334,0.0609527736127376,-0.0201493725180625,0.0319980792701244,0.0515829287469387,0.2115666750587523,-0.1380360132932662,0.41339726126194,-0.0230712853372097,0.0804116576910018,0.1866841614246368,0.3661196695193648,-0.0041623803764581,-0.0713419195495545,-0.0095930965617299,0.2268648594617843,-0.0139677841216325
1774472549348655000,50.86765502929688,0.1941615128800272,0.2752583721160888,0.1591208868980407,-0.028400644659996,0.0569508299231529,0.0689560621976852,0.2944961565494537,0.0458054733633995,0.3643225569695234,-0.0100511657074093,0.0459689237177372,0.1718030273914337,0.2392152910932898,0.006243862825632,-0.1023546051897108,0.0439671613276004,0.3328401744365692,-0.0576088316738605
1774472549358683400,50.87768334960938,0.2130366014808416,0.2074411195613443,0.0985772786080837,-0.0197650156915187,0.0674188584089279,0.0859856307506561,0.3173702516585588,0.1359720665007829,0.3147702982932329,0.0015737987123429,0.0295140519738197,0.1627911478281021,0.0918047157332301,0.0254652806460857,-0.1978100985154509,0.0972841754555702,0.4179622530937195,-0.096357561647892
1774472549368710400,50.88771044921875,0.1826718583554029,0.0607224719882011,-0.014196283134818,-0.0123180197551846,0.0647375881671905,0.0929993391036987,0.3525374266296625,0.150060213086009,0.1626081444919109,0.0007395287975668,0.0226707756519317,0.1500993221998214,-0.045597383570671,0.0520505052328109,-0.299448079868406,0.130765214562416,0.4835368394851684,-0.1246806010603904
1774472549378738400,50.89773852539062,0.1307607615932822,-0.0077652271740138,-0.0267500597596168,-0.0043820515275001,0.0605819746851921,0.0900741219520568,0.4020972840905189,0.1393254685819148,0.0161667064249515,-0.0042728064581751,0.0116391647607088,0.1315229684114456,-0.1589864468634128,0.0957780032783746,-0.4173094662696123,0.1379528194665908,0.5332532525062561,-0.1465326398611068
1774472549388766200,50.90776611328125,0.0427984005019068,-0.0224371649965643,0.0104892453104257,0.0020249816589057,0.0490768514573574,0.0739305689930915,0.377587112212181,0.0908352861791849,-0.0506874001860618,-0.0073935976251959,-0.00246252422221,0.1137455776333808,-0.2025987940967082,0.1521148075282573,-0.5300182922132313,0.1334111392498016,0.56679767370224,-0.1592258363962173
1774472549398794500,50.91779443359375,-0.0287947173297405,-0.0120692079782485,0.0828442874252796,0.0149650322273373,0.0379659906029701,0.0606428831815719,0.322613266878575,-0.0122895727306604,-0.0106277769982814,-0.0064391205087304,-0.0141492737457156,0.0958123877644538,-0.2291787579864263,0.2590226921081542,-0.4955738785587251,0.1311016380786895,0.5773574113845825,-0.1525586098432541
1774472549408822300,50.927822265625,-0.068462418590486,-0.1045448087103664,0.0695312168657779,0.0167786441743373,0.0245178285986185,0.0409512035548687,0.2448041971415281,-0.1540127501040697,0.0320230317264795,-0.0009062415920197,-0.0224830824881792,0.0826162099838256,-0.3169996647804975,0.3588134381592273,-0.3462535240545868,0.1169116348028183,0.5428111553192139,-0.1372817903757095
1774472549418850300,50.93785034179688,-0.0952396586179733,-0.1144239592984318,0.108466804459691,0.0201498791575431,0.026943102478981,0.0192111358046531,0.1755360151261091,-0.2420154432058334,0.0338660292446613,0.0076049547642469,-0.0299314111471176,0.0639514476060867,-0.2883917021945119,0.3309463570684194,-0.1916758335441351,0.075753815472126,0.4620978832244873,-0.1236208379268646
1774472549428878300,50.94787841796875,-0.0994704280555248,-0.1284722122646868,0.1398795953333377,0.0189802199602127,0.0362575091421604,-0.0001098318025469,0.1153372747510671,-0.2144119814872741,0.0029454058021306,0.0167812667787075,-0.038706712424755,0.0447454191744327,-0.2225228072285652,0.2007680715382099,-0.1367218619547784,0.0206925924867391,0.3486070036888122,-0.1114590242505073
1774472549438906000,50.95790600585938,-0.1509314429625868,-0.1892223029121756,0.1601771179527044,0.0157563518732786,0.0365879833698272,-0.0195856615900993,0.1632815137088298,-0.141570617160201,-0.0460346059441566,0.0236165355890989,-0.0440263748168945,0.0285368897020816,-0.1615188879504799,0.0919277575910091,-0.0290587750934064,-0.0195195414125919,0.2205590456724167,-0.1016631200909614
1774472549448934400,50.96793432617188,-0.1908259387165307,-0.1773109158441424,0.230451262140274,0.0126612251624464,0.0201408341526985,-0.030767211690545,0.155189831059426,-0.0508972435444593,-0.10673428157866,0.027006471529603,-0.0383402518928051,0.0234385840594768,-0.142575994810462,0.0135755208879709,0.1609112774461507,-0.0329169481992721,0.1049169450998306,-0.0888261497020721
1774472549458962200,50.97796215820313,-0.1606517497271299,-0.0858547212876379,0.2295353163391351,0.0111559461802244,-0.0086894212290644,-0.0219923537224531,0.1055880341529846,0.0256336229503154,-0.2075233910173177,0.0263087227940559,-0.0290215853601694,0.0234361868351697,-0.1572732132047414,-0.0103197339624166,0.360366658950597,-0.0285440366715192,0.0198569186031818,-0.0757692009210586
1774472549468989400,50.98798950195312,-0.1000748236894607,-0.0090431381553411,0.2005547210484743,0.0097047891467809,-0.0389163009822368,-0.0093796225264668,0.1090730997897684,0.0805786805808544,-0.2781348043352365,0.0211176164448261,-0.0241534803062677,0.0269264206290245,-0.2202116076767444,-0.0364279886871576,0.4569697148762643,-0.0199156980961561,-0.0352424383163452,-0.063900277018547
1774472549479017200,50.99801733398437,-0.0094002810299396,0.079387717230618,0.1422580149024724,0.011961723677814,-0.047803308814764,-0.0021364972926676,0.0728894412524998,0.1020470005452632,-0.286990895485878,0.0157044753432273,-0.0146009875461459,0.0326303802430629,-0.1969163645461201,-0.0567939003676176,0.4098609038293361,-0.0132213113829493,-0.0596260726451873,-0.0599713064730167
1774472549489045500,51.00804541015625,0.0366375397846102,0.1429848678722977,0.076088383424282,0.0078860223293304,-0.0340432859957218,-0.0099994800984859,0.053628129813075,0.1004208606481552,-0.249457575905323,0.0068662608973681,0.000621477025561,0.0300036501139402,-0.1890355481684207,-0.0438707059085369,0.2939312161430716,-0.0162511467933654,-0.0622699856758117,-0.0518340729176998
1774472549499073300,51.0180732421875,-0.0240422621056437,0.1545959568195045,0.0220382288068532,0.005928304977715,-0.021436545997858,-0.0151948984712362,0.0538362196058034,0.0093143563121557,-0.2102314809322357,0.0018773614428937,0.01810566149652,0.0242083463817834,-0.2527992875486612,-0.0151776953876018,0.1658116167083382,-0.0225247554481029,-0.0577127858996391,-0.0435284748673439
1774472549509101300,51.028101318359376,-0.048344636452198,0.1263091890119016,-0.0107587099015712,0.0029887077398598,-0.0212083123624324,-0.0163435190916061,0.0601087240040302,-0.0898953749805688,-0.091200612360239,0.0055714696645736,0.0296674482524395,0.0140075357630848,-0.3018377514839172,-0.0288566766500473,0.0737776222638785,-0.0285567212849855,-0.0414417795836925,-0.0309589803218841
1774472549519129300,51.03812939453125,-0.0562044100418686,0.0931061537206172,0.0028974750071763,-0.0044417222961783,-0.0225689653307199,-0.0115255769342184,0.0344032048612833,-0.1296136373847723,0.0504413164705038,0.0189642421901226,0.0336273051798343,0.0029602106660604,-0.3290548442333936,-0.0229939220964908,0.0467903927475214,-0.021049004048109,-0.011394664645195,-0.0229979921132326
1774472549529157400,51.04815747070312,-0.0352662514314055,0.0372813906461,0.0184971951991319,-0.0090074455365538,-0.023224102333188,-0.0105300871655344,0.0519784629099071,-0.1410275963246822,0.1262567281723022,0.0392147488892078,0.0312482863664627,-0.0128573691472411,-0.3283212692618369,-8.12485426664e-05,0.1075039507769048,-0.0145171284675598,0.0240290910005569,-0.0137458369135856
1774472549539185400,51.05818530273437,-0.0131722007840871,-0.005883066689223,0.0051478842824697,-0.0110162682831287,-0.0233455430716276,-0.0154034057632088,0.0362597925134003,-0.0911164412081241,0.1118447564601898,0.0529417470097541,0.0265443436801433,-0.0288384649902582,-0.2879126865059137,0.0304126739203929,0.1398524150654673,-0.0064876973628997,0.0654468387365341,-0.0158436093479394
1774472549549213400,51.06821337890625,-0.0120475806683301,-0.0700992260120809,-0.0010007014751434,-0.0091651044785976,-0.0295523051172494,-0.0197004154324531,-0.0003577273964881,0.0101391166985034,0.0014700725525617,0.05744569003582,0.0215341541916131,-0.0391805432736873,-0.1900578769534826,0.0249018015444278,0.2506051385052502,0.0063624340109527,0.1023415699601173,-0.0162069704383611
1774472549559240400,51.078240478515625,-0.0358034270480275,-0.123975193106383,0.0059545244902372,-0.0073462640866637,-0.0417547635734081,-0.0260470900684595,-0.0436665616385638,0.0961328080654144,-0.1539046135544776,0.0444433391094207,0.0244947895407676,-0.0455164685845375,-0.136102414882183,0.0491261422187089,0.3960660411022603,0.0252453126013278,0.1088351532816886,-0.0167547818273305
1774472549569268200,51.08826831054687,-0.0290782104462385,-0.1391333070106804,0.0256949977487325,-0.0057124150916934,-0.0428016521036624,-0.0327247008681297,-0.1014933121852576,0.1580120488733053,-0.2718611308932304,0.0271508172154426,0.0408600196242332,-0.0366487726569175,-0.1251852995485067,0.0603998159050941,0.4290162706762552,0.0472864732146263,0.087312713265419,-0.0192970614880323
1774472549579296300,51.09829614257813,0.0202729726999998,-0.1343687229573726,0.0531593432575464,-0.0038330317474901,-0.0380480736494064,-0.0346099995076656,-0.1584738211661577,0.1876058076262474,-0.3270382437139749,0.0067696440964937,0.0682215988636016,-0.019288420677185,-0.1460211668282747,0.072919690260291,0.3766258659645914,0.0655251294374466,0.0539443641901016,-0.0083402842283248
1774472549589324300,51.10832421875,0.0766103614717721,-0.1155881807722151,0.0876975726753473,-0.0048780557699501,-0.0305286385118961,-0.030897818505764,-0.1344170921437442,0.1752133590430021,-0.2660352012187242,-0.003075938206166,0.09782325476408,0.0027864128351211,-0.225708451527357,0.0790454796642065,0.2690608326502144,0.0676709562540054,0.0183705110102891,0.0112999873235821
1774472549599352300,51.11835229492188,0.0652624535053968,-0.0791553697794675,0.1035685110241174,-0.0015151411062106,-0.0214685723185539,-0.0283562336117029,-0.0909146350257098,0.1233522389024496,-0.1963520086616277,-0.0051593291573226,0.1250250488519668,0.0249993056058883,-0.3078437139004468,0.0497808067351579,0.1020263961486518,0.0551929846405983,-0.0035403808578848,0.0380194820463657
1774472549609380400,51.12838037109375,0.0239776724368333,-0.0942448023617267,0.059135495057702,-0.0063386582769453,-0.0122159514576196,-0.0326740145683288,-0.0750869512967765,0.0168079269379377,-0.1230769290924072,-0.0032409953419119,0.1487360149621963,0.0461893863976001,-0.3481277934938669,0.0417418771862983,-0.0505745874613523,0.0352270193397998,-0.0100239049643278,0.0629368051886558
1774472549619408400,51.138408447265626,-0.0472416436463594,-0.0912692936822772,0.0054290393114089,-0.0010836005676537,-0.0095441080629825,-0.0332450158894062,-0.0628255817472934,-0.089999419876933,-0.046712651336193,0.0009787834715098,0.1658295094966888,0.05929746478796,-0.3122328887701034,0.0354834013134241,-0.1520112010233104,0.0241434760391712,-0.0053274203091859,0.0806433632969856
1774472549629436200,51.14843627929688,-0.0680523764848709,-0.1145284425862133,-0.0747638568222522,0.003742580069229,-0.0029637035913765,-0.034593641757965,-0.022980478093028,-0.1851736120432615,-0.0119610714286565,0.0021366646979004,0.1687829196453094,0.0614894591271877,-0.2390206453040242,0.0513087469547986,-0.1340637486614286,0.0255711525678634,0.0114358644932508,0.0918370634317398
1774472549639463200,51.158463134765626,-0.0413783045709133,-0.1170737431548535,-0.1104261218339204,0.0045706639066338,0.0054099508561193,-0.0304167028516531,0.0297993643276393,-0.2678016263693571,0.0103057054370641,-0.0056376354768872,0.1494686156511306,0.0483938977122306,-0.1499503229707479,0.0429261185348033,-0.0982341642588377,0.0348733067512512,0.0318175703287124,0.0945084765553474
1774472549649491200,51.1684912109375,-0.0028562662139534,-0.119086105890572,-0.1143909338116645,0.0037227133288979,0.0107591766864061,-0.026562575250864,0.0843212281100452,-0.2822019076436758,0.0418441685169935,-0.010822644457221,0.1176467835903167,0.0279821492731571,-0.0338511239364743,-0.0013806407034397,-0.0642304801091551,0.0401240810751915,0.0570345595479011,0.088184580206871
1774472549659519200,51.178519287109374,0.0073670216366648,-0.1022265948958695,-0.0673947893589735,-0.0009372025961056,0.0157032683491706,-0.0206053778529167,0.0857265648633241,-0.2517483171910047,0.0962432827025651,-0.0176030527800321,0.0880295038223266,0.0065255928784608,0.073210782161355,-0.048784781435132,-0.0156119951516389,0.0470909103751182,0.0753350108861923,0.0792925506830215
1774472549669547300,51.18854736328125,0.0325926483079791,-0.0690437256097793,0.0036135143220424,0.0016476615564897,0.0171744003891944,-0.0156023651361465,0.0508602725349366,-0.2104541837722063,0.0971364321500063,-0.0256995093077421,0.058041114360094,-0.0129778496921062,0.1175403377532958,-0.0888905818521976,0.0344701326176524,0.0510244444012641,0.0783158615231514,0.0710017085075378
1774472549679575300,51.1985751953125,0.0345922976925969,-0.0547030655682086,0.0568792405635118,-0.0064652091823518,0.015440747141838,-0.0119207818061113,0.0538126925997436,-0.1278857906788587,0.0605552987277507,-0.0338772796094417,0.0326271019876003,-0.0266896672546863,0.1560328577548265,-0.1404302149534225,0.0349712140075862,0.0496228225529193,0.0669036880135536,0.0594941824674606
1774472549689603000,51.20860302734375,0.0195779761731624,-0.0341702728882431,0.0957657283186912,-0.0062332479283213,0.0129885077476501,-0.0049267886206507,0.0248116390429437,-0.1057312420159578,0.0421662400782108,-0.0433886535465717,0.0168545264750719,-0.036087118089199,0.1807774229109287,-0.195637138390541,0.0506637270495295,0.0468296334147453,0.0480742268264293,0.050450824201107
1774472549699630800,51.218630859375,0.0191232181429862,-0.0238422094888985,0.1200327390909195,-0.0010717865079641,0.0070112063549458,-0.0036550313234329,0.0216746561914682,-0.1210112287342548,0.0674514879822731,-0.0488955378532409,0.0053259693086147,-0.043739978224039,0.1637836180120706,-0.197270877072215,0.0409105409286916,0.042209580540657,0.0231110900640487,0.0480313450098037
1774472549709659100,51.2286591796875,0.0013701193094253,-0.0224530932180583,0.1220966858834028,0.0032920693047344,0.0032564157154411,-0.0011458010412752,0.0165396313905715,-0.1548053617864847,0.0945569370508194,-0.0491149462759494,-0.0034385726321488,-0.047456357628107,0.1331029408052563,-0.1697141771048307,-0.0162014854773879,0.0381028801202774,0.0035959794186055,0.0455412566661834
1774472549719687000,51.23868701171875,-0.009393851289153,-0.0245128022268414,0.1241284839719533,0.0072697661817073,-0.0053778188303112,0.0028180480003356,0.019300912797451,-0.1581400591671466,0.1485147372096777,-0.0420820713043212,-0.0125433877110481,-0.0471242628991603,0.1066270218119025,-0.1053273373901843,-0.0951006885387003,0.0288459993898868,-0.0109909530729055,0.041699644178152
1774472549729714200,51.24871411132813,-0.0225724818140268,-0.0301547536365687,0.1156406416118144,0.0101680848747491,-0.005429483950138,0.0041371118277311,0.0145347213089466,-0.2026473094135522,0.1316775841772556,-0.0315424278378486,-0.0188719891011714,-0.0499082840979099,0.1028042486533522,-0.0552238745719194,-0.1643637559875845,0.0284489635378122,-0.0195071380585432,0.0363626182079315
1774472549739742000,51.258741943359375,-0.0427367334425449,-0.0341257030941545,0.1107967087119817,0.0093631464987993,-0.0113618336617946,0.0005927504971623,-0.0389531232506036,-0.1922562637805938,0.1303711777538061,-0.0248357877135276,-0.0292098484933376,-0.0526225753128528,0.1082683592781424,-0.0291956993460655,-0.1992731568053364,0.0231106579303741,-0.0250361263751983,0.0272490140050649
1774472549749770200,51.26877026367188,-0.0461538484096527,-0.0323632234662771,0.1137520513862371,0.0101698180660605,-0.0044786273501813,-0.0023692171089351,-0.0310275909483432,-0.1515741247802972,0.0787426973253488,-0.0193434301763772,-0.0431378409266471,-0.0550888180732727,0.1307113694936037,-0.0365653513312339,-0.2196720939725637,0.0183798521757125,-0.0309932064265012,0.0170389600098133
1774472549759798000,51.27879809570312,-0.0311798589006066,-0.0333455125018954,0.1137736786961555,0.0090069463476538,-0.0065858289599418,-0.0055179130285978,-0.0504588521271944,-0.123247024962306,0.0101905546247959,-0.0175841450691223,-0.059277132153511,-0.0580478571355342,0.1638414856791496,-0.0567570754885673,-0.1887862495824694,0.0221471600234508,-0.0389243699610233,0.0004831529222428
1774472549769826000,51.28882592773437,-0.0167997436314821,-0.0406437066860497,0.1099082354396581,0.0080040004104375,-0.0050257490947842,-0.0079768095165491,-0.0669705725975334,-0.0598345832377672,0.0094137250334024,-0.0126305418089032,-0.0710926949977874,-0.0610429495573043,0.1872095017850399,-0.083425302183628,-0.1423699508443474,0.0248417202383279,-0.0475131049752235,-0.0134053463116288
1774472549779854000,51.29885400390625,0.0255742939785122,-0.0551356117665767,0.0943926863998174,0.0058638369664549,-0.0062076146714389,-0.0038283937610685,-0.0796685799986124,-0.0263742121845483,-0.0136859955251216,-0.0105602005496621,-0.0707571357488632,-0.0596429295837879,0.1740238569974899,-0.0870931770414114,-0.1355631934389471,0.0282154120504856,-0.0600925460457801,-0.0250947587192058
1774472549789881900,51.3088818359375,0.0460609094291925,-0.0791984782688319,0.0740039783656597,0.0104077225551009,-0.0049367542378604,-0.0025735120289027,-0.070002926030755,-0.0071007719159126,-0.0132651397645473,-0.001707300893031,-0.0687034726142883,-0.0531102493405342,0.1448278653904795,-0.0976321067124605,-0.1536741657994687,0.0293621309101581,-0.0743959173560142,-0.0324514210224151
1774472549799910100,51.31891015625,0.0523386745244264,-0.0878336201451718,0.0365431394994258,0.0109516596421599,-0.0032492387108504,-0.0033333203755319,-0.0979698142342269,0.0558592498660087,-0.0060416182518005,0.0034096965100616,-0.0628953799605369,-0.0438853241503238,0.105292558337748,-0.1136357315301895,-0.2100299670107662,0.0261317156255245,-0.0800950825214386,-0.0355532020330429
1774472549809938000,51.32893798828125,0.0416863476067781,-0.1025070192724466,0.0080447747677564,0.0090845171362161,-0.0039451229386031,-0.0114900507032871,-0.0974631798863411,0.1115413895994424,-0.0396715006530284,0.0037247776053845,-0.0544032640755176,-0.0313046611845493,0.0725108171984553,-0.1215507424384355,-0.2505395259231329,0.0176294166594743,-0.0801566839218139,-0.0364094041287899
1774472549819965200,51.33896508789063,0.0219321380838751,-0.1147755492150783,-0.0165524908721447,0.0122292749583721,-0.0051586809568107,-0.0159182231873273,-0.1210392857849597,0.1387614049583673,-0.0749883132278919,-0.0002590450458228,-0.0480223298072814,-0.0180503763258457,0.0498486112743616,-0.0821276635885238,-0.2520874860174953,0.0182936079800128,-0.0609022937715053,-0.044851891696453
1774472549829993000,51.34899291992188,0.0007040566161274,-0.1283810268498957,-0.026473580905795,0.0132886804640293,-0.0053046219982206,-0.0141477547585964,-0.149707746386528,0.1201087269365787,-0.0940600934445858,-0.0062477439641952,-0.0412431880831718,-0.0042931213974952,0.1010597430735826,-0.0457516973495483,-0.1961820589222014,0.021159728989005,-0.0309648625552654,-0.0570282861590385
1774472549840021200,51.35902124023438,0.0163996383979916,-0.1324130588449537,-0.0198445181548595,0.0076975142583251,-0.0056178187951445,-0.0125736938789486,-0.1532915962226688,0.052542672663927,-0.0895540141969919,-0.00955112837255,-0.0363546907901763,0.0040076854638755,0.1480558875262737,-0.0446948817729949,-0.1397397484712302,0.0217064749449491,-0.0106697119772434,-0.0615511275827884
1774472549850049000,51.369049072265625,0.0206003049582242,-0.1102051725596189,0.0051817865520715,0.0049736332148313,-0.0039283093065023,-0.0137284407392144,-0.1386170280516147,0.0069569795310497,-0.0331073198318481,-0.0093887997791171,-0.0308651980012655,0.0070768189616501,0.130524322488904,-0.0442822093188762,-0.1377550043947994,0.0192826129496097,-0.0039171958342194,-0.0613189227879047
1774472549860077000,51.3790771484375,0.0069978960633277,-0.0671997051782906,0.0377455010265111,0.0025873007252812,-0.0025051073171198,-0.0142947603017091,-0.1460457167476415,-0.0564683216750621,-0.0198597157239913,-0.0073168603703379,-0.0275266580283641,0.0142162209376692,0.1216395897656679,-0.0251110603809356,-0.1881913524292409,0.0088265091180801,-0.0050543653778731,-0.0607580579817295
1774472549870105000,51.38910498046875,-0.006193593943119,-0.0563031942412257,0.0614934563606977,-0.002333954675123,-0.0041663874872028,-0.0110672758892178,-0.1309235509395599,-0.093656773340702,-0.0194639944046735,-0.0058699045330286,-0.0310412589460611,0.0158013068139553,0.1254366439610719,0.0154021517932415,-0.2176021558307111,-0.0041491761803627,-0.0068055195733904,-0.0584936030209064
1774472549880133000,51.39913305664062,0.0002937222495675,-0.043943186622858,0.0739390964359045,-0.0014169476926326,-0.0090505685657262,-0.0101970843970775,-0.0869080297328531,-0.0998497827619314,0.0125672206282615,-0.0025055333971977,-0.0365286991000175,0.0159147586673498,0.0948451063424348,0.0111848263591527,-0.2003470696471631,-0.0078467084094882,-0.0150852873921394,-0.0555374920368194
1774472549890161200,51.4091611328125,-0.0102884620413184,-0.0342807475253939,0.085273560398817,-0.0020467850845307,-0.0089855883270502,-0.0097472770139575,-0.0918874255806207,-0.079275781288743,0.0185305129468441,0.0025237291119992,-0.041193775832653,0.0159873813390731,0.0897726253837346,-0.0315168357700109,-0.1515044205449521,-0.0098540009930729,-0.0190868005156517,-0.0559143908321857
1774472549900189200,51.41918920898438,0.0030675708770751,-0.0268868378818035,0.0934188729315996,-0.0013561669038608,-0.0076310411095619,-0.00983127951622,-0.0808171655118465,-0.0613023177027702,0.0093400752753019,0.0092652551829814,-0.0435101948678493,0.0146139897406101,0.0785433753609657,-0.0612947189182043,-0.1514306246563792,-0.0069370409473776,-0.0198878794908523,-0.056971400976181
1774472549910216200,51.42921630859375,0.0025473463952541,-0.021828823839873,0.0869715964883565,-0.0006626796675845,-0.0115496162325143,-0.0111724473536014,-0.1056033778525888,-0.0465583375573158,-0.0021393501162528,0.0146679626777768,-0.0355669856071472,0.0195982549339532,0.0631184272140264,-0.0837158095628023,-0.1655883293464779,-0.0046233045868575,-0.0206327065825462,-0.0586736798286438
1774472549920244000,51.43924389648438,-0.0125765729784965,-0.0381393226496875,0.0799047268420457,0.0022192373871803,-0.0149010401219129,-0.0086070476099848,-0.1216163550205528,-0.0094195702522993,-0.0227834942162036,0.0187937337905168,-0.0217758063226938,0.0277709644287824,0.0521224014252424,-0.0762146401524543,-0.1681676783151924,0.0025339405983686,-0.0068788109347224,-0.0586808696389198
1774472549930272000,51.44927197265625,-0.012820026345551,-0.0369990665733814,0.079628247988224,0.0050179534591734,-0.014379059895873,-0.0117141576483845,-0.1121042841792106,0.0356119961291551,-0.0637204847604036,0.0204859133809804,-0.0070650409907102,0.0351412072777748,0.0371563029617071,-0.0578425326377153,-0.161849873470515,0.004517120309174,0.0068623507395386,-0.0547917746007442
1774472549940300000,51.459300048828126,0.0021291209831833,-0.0429721496336162,0.0646843613564968,0.0048355972394347,-0.0129759293049573,-0.0130670368671417,-0.0524659541659057,0.0482785854786634,-0.1439332546383142,0.0181026514619588,0.0043197064660489,0.03753512352705,0.0028194413349032,-0.022862989193201,-0.1686529776141047,0.0005870935274288,0.0158771518617868,-0.0560759529471397
1774472549950328000,51.469328125,-0.0137272043183445,-0.0353825712874531,0.0441828405976295,0.0055266870185732,-0.012043822556734,-0.0137533331289887,-0.01079363508448,0.0298830970883369,-0.1788759732037782,0.0138859366998076,0.0119916629046201,0.0328017845749855,-0.0137882868558168,-0.0341103593945503,-0.1551229033030569,0.0043723722919821,0.0235535763204097,-0.0556221529841423
1774472549960356000,51.47935620117188,-0.0315288184687495,-0.0364870253980159,0.0344534737437963,0.0031400809530168,-0.0087013915181159,-0.0178234372287988,0.0135601771883666,0.0192003750324249,-0.1933236007511615,0.006447727791965,0.0157893318682909,0.0278746671974658,-0.0427168596982955,-0.0315741189152002,-0.0406684027358889,0.011864909902215,0.0323646441102027,-0.0531922876834869
1774472549970384100,51.48938403320312,-0.0300403334766626,-0.0586078179217875,0.0133136550813913,0.0055949827656149,-0.0084188301116228,-0.0164204835891723,0.0310461495183408,0.023155834659934,-0.1738537611275911,0.0018584069330245,0.0112606137990951,0.0220276936888694,-0.0985346085101366,-0.0032663083195686,-0.0043085108488798,0.0187572054564952,0.0354220941662788,-0.045534923672676
1774472549980412000,51.49941186523437,-0.0455459456443786,-0.0655414165772497,0.0214905317962169,0.0067079123109579,-0.0055739120580255,-0.0172320920974016,0.0051548985451459,0.0409288072377443,-0.1605669940531253,-0.0006289854645729,0.0120808677747845,0.0244626216590404,-0.1492296074807644,0.0073971245139837,-0.0029727322004735,0.0191244557499885,0.0395561195909976,-0.0397960804402828
1774472549990440200,51.50944018554687,-0.0359805371806025,-0.065875616967678,0.0311813202053308,0.0045677958987653,-0.0024212622083723,-0.0180675256997346,-0.0545861611902713,0.0185106392025947,-0.1252431672155857,-0.0052591389976441,0.0273174364119768,0.0315414704382419,-0.1632157549962401,0.0045148470759391,-0.0236423030026257,0.0134529694914817,0.0351670272648334,-0.0321733020246028
1774472550000467000,51.51946704101562,-0.0035854572713375,-0.0496942974954843,0.0508662638843059,0.0035294513218104,-0.0024637496098876,-0.0168468598276376,-0.0489653986990451,0.0017792846322059,-0.1037391914159059,-0.0069097662344574,0.0434205085039138,0.0347934551537036,-0.1847346361041069,-0.009421908339858,-0.0585920358307659,0.0006466268678195,0.0261809881776571,-0.0197627041488885
1774472550010495000,51.52949487304687,0.004399404002726,-0.032518121767044,0.0567044685184955,0.0026301015168428,-0.0005670469254255,-0.0136590562760829,0.0055903673529624,-0.0248532862275838,-0.1036918451428413,-0.0094143459573388,0.055458340793848,0.0330660231411457,-0.1981079124182462,-0.071694532379508,-0.0832303641334176,-0.0109941000118851,0.0149297565221786,-0.0086968094110488
1774472550020523000,51.53952294921875,0.0116764092683792,-0.0107202775873243,0.0441658894628286,0.0024883858859539,-0.0043323282152414,-0.00962770357728,0.0409814142078161,-0.0659171180218458,-0.073249945127964,-0.0069650365039706,0.0620219707489013,0.0322412401437759,-0.197543264272809,-0.0935603272289037,-0.0686113255418837,-0.0201580375432968,0.0086217932403087,0.005229658447206
1774472550030551000,51.54955102539063,0.0202379013866186,0.0044328678809106,0.0228793558061122,0.0012739843223243,-0.0014667673967778,-0.0081536434590816,0.1088321306407451,-0.096620299321413,-0.0319277546584606,-0.0029367827810347,0.0616831742227077,0.0237383972853422,-0.2141588835090398,-0.0177121823012828,-0.0057850131422281,-0.0220581442117691,0.0144930081441998,0.0168494954705238
1774472550040579000,51.5595791015625,0.0226455470502376,0.0106757077932357,0.0148269822537899,0.0021645729430019,-0.0008084699511528,-0.0043344008736312,0.1838525925725698,-0.0697352150052785,0.004099252012372,-4.48559876531e-05,0.0509493015706539,0.010934985242784,-0.2062204917252063,0.0335012875854969,0.058627399405092,-0.0153778716921806,0.0273954905569553,0.0203158669173717
1774472550050606800,51.56960693359375,0.0195119251996278,0.014045184226334,0.0105032738357782,-0.0015707769198343,0.0078201722353696,-0.0030813836492598,0.1722391655378043,-0.0369470441251993,0.0331792160242795,0.0020465096458792,0.0372199080884456,0.000113291433081,-0.1760503943890333,0.0334919352352619,0.0639523938201367,-0.0068306000903248,0.0447027757763862,0.0224115289747715
1774472550060635100,51.57963525390625,0.0217518130809068,0.0081513038821518,0.0188724582523107,0.0019529523560777,0.0122726196423172,0.0033203391358256,0.090614921426773,-0.0542477230161428,0.0394464597254991,0.0045983507297933,0.0239246077835559,-0.0034667956642806,-0.1930538438990712,-0.007170914542675,0.0814320825397968,-0.001627049408853,0.0644005835056305,0.02056728862226
1774472550070663000,51.58966284179687,0.0156236855894327,0.0048756432123482,0.025669863307476,0.0033729497808963,0.0208509266376495,0.0031682727858424,0.0154155957967042,-0.0612847820460796,0.0460381130754947,0.0047882720828056,0.0155824637040495,-0.0101863238960504,-0.1836009558990597,-0.0425426721751689,0.0739509330041706,0.0163430329412221,0.0760819613933563,0.002626757370308
1774472550080691200,51.59969116210937,0.0219321380838751,-0.0195477271653711,0.0254202724605798,0.0075947507284581,0.0283000357449054,0.0036597503349184,-0.0016800620414316,-0.0415320338279008,0.0324754516690969,0.0015075241681188,0.0060089314356446,-0.0149429962038993,-0.0892769508212804,-0.044090486139059,0.0665482555322349,0.0343497283756732,0.0848437622189521,-0.0150859262794256
1774472550090718000,51.609718017578125,0.0443593662083148,-0.0480621662490069,0.0296411050260066,0.0095359291881322,0.0302169788628816,0.0056459363549947,-0.0019417817175388,-0.0260515561014413,0.0394376918971538,-0.006236252374947,-0.0063342656940221,-0.0210226736962795,-0.0614569237425923,-0.0518815784066915,-0.0076053604371845,0.0394522696733474,0.0955459922552108,-0.016952721402049
1774472550100746200,51.61974633789063,0.0365250193208456,-0.044796442451328,0.0280710792303085,0.0126090124249458,0.0295252948999404,0.0076472889631986,0.0103368312276899,-0.030619594669342,0.052561377364397,-0.0078104473650455,-0.0093569532036781,-0.0272278394550085,-0.0672708707183599,-0.0102256259381771,-0.1061773783482611,0.0390160456299781,0.1040622517466545,-0.0243131667375564
1774472550110774000,51.62977392578125,0.0146212305486202,-0.0349481253929436,0.0230091196656227,0.0116918198764324,0.0249883346259593,0.0090475808829069,0.0126321025580167,-0.0495902525991201,0.0802104317903518,-0.0020958757959306,-0.0143961273133754,-0.0283960606902837,0.0007484802797436,0.0247720376849174,-0.1080512093961238,0.0458670258522033,0.1210047528147697,-0.0329367481172084
1774472550120802000,51.63980200195312,-0.0159776135936379,-0.0181670864619314,0.0165828860104084,0.0112569257616996,0.0209065079689025,0.0128766726702451,-0.0436731375098228,-0.0416097752392292,0.0829103383988141,0.0083905877545475,-0.0138871977105736,-0.0208952669054269,0.0452320573896169,0.0225350724130868,-0.0609833148814737,0.0429202392697334,0.1228828057646751,-0.0193303916603326
1774472550130830000,51.649830078125,-0.0193137722790241,-0.0167984284572303,0.0182581257462501,0.0103378687053918,0.0188015457242727,0.0142119824886322,-0.0678891487471759,-0.0315735343933105,0.0308709390819072,0.0161079969257116,-0.0082495659589767,-0.0090287560597062,-0.008515607149899,0.0336965178966522,-0.0697321462653577,0.0177428070455789,0.0972865223884582,-0.0070149642415344
1774472550140857900,51.65985791015625,-0.0077092592030763,-0.0110574005872011,0.0211935946762561,0.0060987742617726,0.0193807911127805,0.0176435988396406,-0.0712625707030296,-0.0455763407826423,-0.0710702630013227,0.0204121973365545,-0.0010534380562603,0.0011562367435544,0.075237904074788,0.031997897285223,-0.0901728767476975,-0.0067990208044648,0.0421324633061885,0.0052116084843873
1774472550150886100,51.66988623046875,0.0201467159718275,-0.0117893681235611,0.0229161806851625,0.0053648073226213,0.0210932046175003,0.0215928014367818,-0.0447837291002273,-0.0569043750047683,-0.1374362938344478,0.0177258066833019,0.0096838492900133,0.0015489485813304,0.0970908394426107,0.0647030660569667,-0.0007249532736837,-0.0242409911006689,-0.0306451022624969,0.0098059475421905
1774472550160914000,51.679913818359374,0.0118003279089927,-0.0219711549200117,0.0362368500292301,0.0035961782559752,0.0183982104063034,0.0228798240423202,0.0280617268800735,-0.0341331557482481,-0.1879337244063615,0.0059261377900838,0.0149667616933584,0.0031660199165344,0.091845924526453,0.0174427177101373,0.0580797023944556,-0.0373852849006652,-0.0862495154142379,0.0101968990638852
1774472550170942000,51.68994189453125,0.0040714872226119,-0.0336594007566571,0.0440852254420518,0.0039202850311994,0.0199590884149074,0.0239216536283493,-0.0244891290903091,-0.0189583829700946,-0.2411608722031116,-0.0062160091474652,0.0126634053885936,0.0204214863479137,0.0344528892219066,-0.0704746351957321,0.0272319980576634,-0.033992912620306,-0.0896677002310752,0.0025838203728199
1774472550180969000,51.69996899414063,0.012571896803379,-0.0596900602005422,0.0595236175924539,0.0018051009392365,0.0240439772605896,0.0185614563524723,-0.1502778013594448,0.0306295315414667,-0.1898667382955551,-0.0166326984763145,0.0083994185552001,0.0583848468959331,-0.0026695114701986,-0.1056605148673057,0.022929186297208,-0.0110923899337649,-0.0504145696759223,-0.0089671080932021
1774472550190997200,51.709997314453126,0.0162748429745435,-0.0638207302644848,0.0737865362226963,0.0040096659213304,0.0224410220980644,0.0154652651399374,-0.2430354339033365,0.0992167455554008,-0.052923196414113,-0.0209962893277406,0.005689107812941,0.1015924587845802,-0.0366378320455551,-0.0794032070606946,0.0240042681828141,0.0235939789563417,0.0015741074457764,-0.0321804359555244
1774472550201025000,51.72002490234375,0.0105254856675863,-0.0536995876140892,0.0777145233213901,0.0064831273630261,0.012182998470962,0.0114299114793539,-0.1534229675173759,0.1522849033981561,0.0616670593619346,-0.016901146620512,-0.0018500349251553,0.1294672340154647,0.018851415464282,-0.0543447536498308,-0.0289295957557857,0.044472362846136,0.0606302358210086,-0.067885436117649
1774472550211053000,51.73005297851562,-0.0327817411392927,-0.0286564779028296,0.0923562121361494,0.0065947137773036,0.0011159665882587,0.0108884908258914,0.0639952100485563,0.1211725567758083,0.1939373487353324,0.0002328406553715,-0.0499930679798126,0.1419877558946609,0.1871212389796972,-0.1622340504825115,-0.2027063461244106,0.0398508161306381,0.1427337080240249,-0.0862105041742324
1774472550221081000,51.7400810546875,-0.0488961328551173,0.0031593408137559,0.0918278043478727,0.0053881024941802,-0.010222366079688,0.0088992435485124,0.3208253605484962,-0.128099725690484,0.3340823170065879,0.0325337909162044,-0.1219138577580452,0.1482480615377426,0.2405339724764227,-0.2600333304554224,-0.4013188470639288,0.0134285297244787,0.2694421112537384,-0.0822655633091926
1774472550231109000,51.75010913085937,-0.0366264338687062,0.0194875214107334,0.0836859989464283,0.0070957210846245,-0.0132453218102455,0.0151550099253654,0.547184238808602,-0.3736404204130172,0.6527326716035604,0.0766572430729866,-0.2185056805610656,0.1464621424674987,0.1155745906382799,-0.2292810493171214,-0.5342059531614184,-0.009410198777914,0.3891254961490631,-0.0824015215039253
1774472550241137200,51.76013720703125,-0.027234628406167,0.024596534987539,0.0601730214118957,0.0063380445353686,-0.0159754827618598,0.0134329255670309,0.7938122903764248,-0.7611696654468775,0.9224117822825908,0.1199296116828918,-0.3264595866203308,0.1229384392499923,0.1661778196722269,-0.1224777941554784,-0.5804863505601883,-0.0158185623586177,0.4583922028541565,-0.1082445681095123
1774472550251165200,51.77016528320313,-0.052447687856853,0.0224552851751446,0.0458873064279556,0.0065199383534491,-0.012177282012999,0.0156199131160974,0.9004352205350995,-0.9881465294748544,1.2782201934069397,0.1546238213777542,-0.4472497403621673,0.0861565619707107,0.504672400163114,-0.0968815806061029,-0.544121197976172,-0.0258611384779214,0.4888760149478912,-0.1598267406225204
1774472550261192200,51.78019213867187,-0.0739151310384273,0.0203590435482561,0.036401100680232,0.0083033395931124,-0.0030515473335981,0.0147202480584383,0.7180718436069786,-1.0041904863029718,1.7996745092839002,0.1769909113645553,-0.5982786417007446,0.0428967028856277,0.8945452857136725,-0.2335965744286775,-0.622235972661525,-0.0634987950325012,0.4783727824687958,-0.2423849999904632
1774472550271220000,51.79021997070313,-0.075521397191286,0.018265724530816,0.0296323371976614,0.0062825325876474,0.0056218351237475,0.0142683088779449,0.6167828218221664,-1.0591606783747674,2.219341936856508,0.2010606974363327,-0.7818540334701538,-0.031088788062334,1.3666712147980928,-0.5178308646827936,-0.8568405550889671,-0.1314989030361175,0.4153798818588257,-0.3633570671081543
1774472550281248000,51.800248046875,-0.0679331340193748,0.0041451369807124,-0.01969429602921,0.0156291909515857,0.0130534768104553,0.0118708256632089,0.6683668785870075,-1.1455191114008425,2.5894892544567583,0.2361553013324737,-0.9597803354263306,-0.128706693649292,1.828164106187224,-0.7299199561804532,-1.273624828440696,-0.2360375523567199,0.2732323408126831,-0.4972128570079803
1774472550291276000,51.81027612304688,-0.0768912242397665,-0.0005050269126892,-0.0877519332110881,0.0186643954366445,0.0142455082386732,0.0173119306564331,0.712049952968955,-1.287092651170492,3.004979688605666,0.3025963604450226,-1.1119732856750488,-0.2255485504865646,1.9492577525079249,-0.7006675582110882,-1.78539843891114,-0.3529408574104309,0.0787680149078369,-0.5879849791526794
1774472550301304000,51.82030395507813,-0.0788254071727395,0.0049875791542232,-0.1345633687466383,0.024716205894947,0.0187178459018468,0.0297316890209913,0.7946773827731609,-1.3807956017404794,3.47094358792901,0.4227845668792724,-1.244968056678772,-0.3166401088237762,1.586211791345477,-0.3709042734473943,-1.97007593800053,-0.4648157358169555,-0.2141948938369751,-0.6587483882904053
1774472550311332000,51.83033203125,-0.0601502250581979,0.0514772353895008,-0.1725526154011487,0.0307221673429012,0.0189021360129117,0.0493479967117309,1.0284031365394593,-1.5515589956372977,3.882723477122188,0.5904850959777832,-1.3561683893203735,-0.4055298268795013,1.3377806358784436,0.0159188691437244,-2.050774153307825,-0.5681189894676208,-0.6271225214004517,-0.749660313129425
1774472550321360100,51.84036010742187,-0.0294300926238298,0.1255813131287693,-0.1813181056588888,0.0335013084113597,0.0220001563429832,0.0740753859281539,1.3747037146061658,-1.830197657841444,4.039468282538652,0.7754911184310913,-1.4624348878860474,-0.5080415606498718,1.215746493837237,0.3205354376912117,-2.035332107895613,-0.6118220090866089,-1.0596158504486084,-0.8470553159713745
1774472550331388000,51.85038793945313,-0.0202712191343307,0.1935176620185375,-0.1856441521644592,0.036961555480957,0.0341649428009986,0.1041587218642234,1.6744988543465733,-2.1112994952887294,4.046455657207965,0.96186763048172,-1.585713505744934,-0.6310970187187195,1.175328558731079,0.708655634355545,-1.6498400677777825,-0.5960800647735596,-1.4955500364303589,-0.9580931663513184
1774472550341416200,51.86041625976563,0.0143134797737002,0.2598310858815908,-0.1677893465220928,0.0484278015792369,0.0505641847848892,0.1294861137866974,1.7393313920021056,-2.358640517431497,3.885190159496665,1.1075446605682373,-1.6920911073684692,-0.7659211158752441,1.40931033308506,1.1932739652663469,-1.472505186536163,-0.5525277853012085,-1.966265320777893,-1.1490590572357178
1774472550351443000,51.87044287109375,0.0049491468399763,0.3325092224709689,-0.1601800405621528,0.0566689558327198,0.0656643062829971,0.1563081443309784,1.7040648483097551,-2.4403514169126748,3.52467517811656,1.217254877090454,-1.7882105112075806,-0.9163537621498108,2.3231997862160205,1.4600614461570978,-1.6034198235169053,-0.4814849197864532,-2.438267707824707,-1.3817768096923828
1774472550361471000,51.88047094726563,-0.0293880070477724,0.3822206172317266,-0.1632201389104128,0.0705143362283706,0.0727951750159263,0.1914231181144714,1.8297654039040208,-2.2177853550642728,3.1703783405989405,1.2952165603637695,-1.9330806732177728,-1.117037296295166,3.0262632996529337,1.6903858670473098,-1.5480018876776098,-0.3912658095359802,-2.943566083908081,-1.632598638534546
1774472550371499000,51.8904990234375,-0.0248696528404951,0.4211662878282368,-0.1789332563489675,0.0744488909840583,0.0694941878318786,0.2222071290016174,2.1246061361074444,-1.6342793644219635,2.8683167172312736,1.3291761875152588,-2.1633334159851074,-1.369150996208191,3.487813474187255,1.805683978831768,-1.3635903460480272,-0.3079859614372253,-3.4783973693847656,-1.875869631767273
1774472550381527000,51.90052709960938,-0.0563102085039019,0.526194496141374,-0.1600812563627958,0.0786194950342178,0.0807885602116584,0.2602618336677551,2.542026077014208,-1.0210767391741276,2.35119487760067,1.324926257133484,-2.443267583847046,-1.620779514312744,3.846064017766714,1.786884585815668,-1.2972238768234847,-0.229520171880722,-4.026916027069092,-2.1029417514801025
1774472550391555000,51.91055517578125,-0.0508215479597449,0.6174721192605793,-0.1377531046986579,0.0785007178783416,0.1133206710219383,0.3015230298042297,2.769979092597961,-0.5801905824840069,1.6240917324066162,1.2907322645187378,-2.70667052268982,-1.844037771224976,4.119448997226357,2.0926251899570225,-1.3062453876689075,-0.1105203554034233,-4.560615062713623,-2.304924488067627
1774472550401582800,51.920582763671874,-0.0261246213376522,0.6592902765534818,-0.1090033955544233,0.0770312994718551,0.1428658068180084,0.3368134796619415,2.815270478959381,-0.2286339835852384,0.9239999282568692,1.2485986948013306,-2.94205093383789,-2.021028518676758,4.093101088526844,2.673362300407886,-1.1679994579520077,0.0191670656204223,-4.965582370758057,-2.501457929611206
1774472550411611100,51.93061108398437,-0.0461725531101226,0.6889762436345219,-0.0689578008919954,0.0721119046211242,0.1677202880382537,0.3761555850505829,2.65617969493866,0.1938040777444839,0.4394967481583356,1.2113165855407717,-3.1311957836151123,-2.150444984436035,3.802016201725602,3.101984603330493,-1.2890797333344817,0.1544145196676254,-5.139198780059815,-2.734426259994507
1774472550421639000,51.94063891601562,-0.0600742372125387,0.6741022073686123,-0.0294219093173742,0.0740144252777099,0.1739552021026611,0.4129179716110229,2.2728990472599864,0.4885498251408338,0.1331651923865079,1.1672313213348389,-3.285349607467652,-2.210644245147705,3.9074797327160833,3.19967866936326,-1.6057384757228197,0.320110023021698,-5.049606323242188,-2.99203896522522
1774472550431667200,51.95066723632812,-0.0607619272157549,0.5646800018802285,-0.002113046631217,0.0788491293787956,0.1668663918972015,0.4524621665477752,1.6010054558515547,0.6287526610791683,0.0052992754518985,1.1052716970443726,-3.395120859146118,-2.1970338821411133,4.208899551048875,3.24178996438384,-1.9169896599791945,0.4887701272964477,-4.732533931732178,-3.2638654708862305
1774472550441694000,51.96069384765625,-0.0415191743463277,0.4506763138204813,0.0567857170611619,0.0933589562773704,0.1620032042264938,0.4809940755367279,1.2144754509881135,0.6764128223985433,-0.0902864201247692,1.039345383644104,-3.42695689201355,-2.156496047973633,4.582290380614996,3.325357305386662,-2.363087706098705,0.6213154196739197,-4.29629373550415,-3.5704267024993896
1774472550451722200,51.97072216796875,-0.0274245980203151,0.345410351228714,0.1290723701149225,0.107644148170948,0.1482738107442855,0.5096459984779358,0.9745534729301928,0.8269131804674863,-0.0181897366851568,0.9888340830802916,-3.4353187084198,-2.099290132522583,5.104443200150132,3.391776527711749,-2.810405211010575,0.7303164601325989,-3.773235082626343,-3.869813919067383
1774472550461750000,51.98075,-0.0186719672441482,0.2800371308252215,0.2068430075377225,0.1300012022256851,0.1239964812994003,0.5465103983879089,0.7566352368876338,1.001874026054144,-0.0261462486475706,0.9530808925628662,-3.432629108428955,-2.0396950244903564,5.322638207307458,3.655333356118202,-2.8267662709638475,0.8244778513908386,-3.2359750270843506,-4.134274959564209
1774472550471778000,51.99077807617188,0.0052381929144263,0.2394600596345961,0.2462824530005455,0.1570866107940673,0.1052608788013458,0.591784656047821,0.8363947100400925,1.1236574082046746,-0.2472317165493965,0.9074829816818236,-3.4292802810668945,-1.9916108846664429,5.202895391073823,4.162701863497495,-2.4677099639594555,0.9309086799621582,-2.7934017181396484,-4.388455867767334
1774472550481806000,52.00080615234375,0.0659551119446754,0.249092980376631,0.2706827347636222,0.1808926612138748,0.0879007503390312,0.6404792070388794,0.9506284074634314,1.1986357845604418,-0.6840630448907613,0.8318936824798584,-3.408939838409424,-1.9577118158340447,5.060421103072166,4.739578206866979,-1.8266935952432453,1.0684956312179563,-2.485910654067993,-4.624245643615723
1774472550491834000,52.01083422851563,0.1034960303097963,0.2910311107873916,0.3049462388932705,0.2056669890880584,0.064454011619091,0.6832820773124695,0.7909785282552242,1.2938602456092834,-1.1158037720948455,0.733505129814148,-3.4016308784484863,-1.890857458114624,4.800017185738683,5.225904510739445,-1.0126932339712975,1.2095112800598145,-2.262125253677368,-4.818692684173584
1774472550501862100,52.02086206054688,0.1012628644302487,0.3389261037759483,0.3238964385569095,0.2218102216720581,0.0411152690649032,0.7279152274131775,0.3534054416358471,1.480661751115322,-1.2211954068928956,0.6218364238739014,-3.385855197906494,-1.7832154035568235,4.418959767067432,5.497813572427631,-0.2790437358736992,1.3567962646484375,-2.063370704650879,-5.001692771911621
1774472550511890000,52.03088989257813,0.1089765075474977,0.4522647520557045,0.3191010209739208,0.2386616319417953,0.0197359453886747,0.7727324962615967,0.1155813126400113,1.6408423761993645,-1.2048229487627744,0.4976390600204468,-3.32840347290039,-1.660807490348816,4.470063931360841,5.661726954299211,0.4199748860865831,1.531714677810669,-1.9066171646118164,-5.195741176605225
1774472550521917200,52.04091723632813,0.1589297482401132,0.5554034933604299,0.2929758151143789,0.2482626885175705,-0.0030391938053071,0.8223400115966797,0.144856799224019,1.810854659467936,-1.2725871559560298,0.3624202609062195,-3.280403614044189,-1.5439845323562622,4.938398651468754,5.804674120509624,1.0825582128360869,1.7101645469665527,-1.8038865327835083,-5.377000331878662
1774472550531945000,52.050945068359376,0.2154009925246238,0.6175567288041115,0.2523305009931326,0.2608463764190674,-0.0187124293297529,0.8781045079231262,0.2150643079161643,2.079903071027994,-1.455577578741312,0.2204401046037674,-3.265078067779541,-1.4534529447555542,5.244222842240333,6.151942082303762,1.5856322378918528,1.823574900627136,-1.6836663484573364,-5.575343132019043
1774472550541973000,52.060972900390624,0.2824935840666294,0.6579141658946871,0.1442570797652006,0.2714148163795471,-0.0198210701346397,0.9261055588722228,0.1358235979408025,2.331594689595699,-1.669036789548397,0.0712998807430267,-3.30967378616333,-1.3749136924743652,5.48824670265913,6.489336300337314,1.4327543370366096,1.6938177347183228,-1.4646599292755127,-5.786316394805908
1774472550552001000,52.0710009765625,0.329074717977643,0.6434644925206899,0.0416664738625288,0.2819145917892456,-0.0083686783909797,0.9747939705848694,-0.2189215678662061,2.444960956534743,-1.8105051153779028,-0.0918177887797355,-3.3819966316223145,-1.3039486408233645,5.406392595314979,6.474986287945509,0.110301910932362,1.6362576484680176,-1.1679648160934448,-5.914553642272949
1774472550562029000,52.08102905273437,0.3837868436351418,0.6117345985218883,-0.0809568662434816,0.284635454416275,0.014340067282319,1.0148462057113647,-0.3169681005984545,2.379283492487669,-1.9503852952331304,-0.2722458839416504,-3.4289705753326416,-1.255495548248291,4.706397237277031,6.287918824979663,0.5893249060541391,1.6885000467300415,-1.0229133367538452,-6.032559394836426
1774472550572057000,52.09105712890625,0.4117109156101942,0.5385980506405234,-0.1609656379818916,0.2821035981178283,0.0333278737962245,1.0532007217407229,-0.2778290993869304,2.2449960180729627,-2.0533032333940264,-0.4470163881778717,-3.450833797454834,-1.2222191095352173,4.362810594344139,5.976024374383687,0.886071764139831,1.7963566780090332,-0.9308721423149108,-6.138940334320068
1774472550582085000,52.10108520507813,0.4180979862987995,0.4308541536279022,-0.2123649858295917,0.2802079916000366,0.0576063022017478,1.0759705305099487,-0.1976353264704346,2.0432962186425923,-2.044141437295079,-0.6037375926971436,-3.483018159866333,-1.1960854530334473,3.989420349299908,5.805675991028547,1.007146121238172,1.9259541034698489,-0.8040664792060852,-6.197030544281006
1774472550592113000,52.11111279296875,0.413261067661643,0.2931437190271914,-0.2134317382782697,0.2790029048919678,0.0780087858438491,1.1014878749847412,0.0113116676092147,1.7953005319833757,-2.012719878593087,-0.7593711018562317,-3.531067609786988,-1.1815674304962158,3.1576112134844063,5.817297455239296,1.1078589505702257,2.0189764499664307,-0.6453736424446106,-6.228272914886475
1774472550602141200,52.12114111328125,0.4092752128958702,0.149203157865256,-0.1627536904424429,0.2703389525413513,0.0842047110199928,1.1220145225524902,0.0692623367965221,1.543824601992965,-1.9363491710960865,-0.9036068320274352,-3.586085081100464,-1.1520966291427612,2.398944470769167,5.810362103018164,0.7186664484992623,2.0699942111968994,-0.3778157234191894,-6.27930212020874
1774472550612168200,52.13116821289063,0.4556152315273881,0.0201543147563934,-0.0749444740861654,0.2634631991386413,0.080015555024147,1.138140320777893,-0.0158013802438974,1.4183224915802477,-1.775683392843604,-1.0324136018753052,-3.614350557327272,-1.1302635669708252,2.1049621089607475,5.745619289472699,0.4159232726082205,2.104976177215576,0.0071769845671951,-6.301428318023682
1774472550622196000,52.14119604492188,0.5002268189311028,-0.0361123468667268,0.0428618211269378,0.2483389973640442,0.064884066581726,1.1462626457214355,0.1275707333803176,1.3096020046204329,-1.7767261798948049,-1.1444823741912842,-3.620600461959839,-1.134895086288452,1.4556453832805156,5.667573342239856,0.4071159890353679,2.135805130004883,0.4348231256008148,-6.289576053619385
1774472550632224000,52.15122412109375,0.5361664395794272,-0.0660408905319869,0.2043324860215186,0.2322761416435241,0.0408495739102363,1.1476967334747314,0.3198129686355591,1.1721405763447283,-1.8645444563403724,-1.2278181314468384,-3.6566758155822754,-1.151523470878601,0.7891296855181456,5.619219353437424,0.4086611726507544,2.153571605682373,0.8028929829597473,-6.272188186645508
1774472550642252000,52.161251953125,0.564347116664052,-0.0812497117102146,0.348562093257904,0.2170238494873047,0.0255773663520813,1.1454983949661257,0.2849415617406368,1.0854618253231048,-1.8037912969529628,-1.2892400026321411,-3.701932668685913,-1.177590250968933,0.447704020011425,5.500825613725185,0.3404559436917305,2.1419014930725098,1.0830137729644775,-6.225638389587402
1774472550652280000,52.17128002929688,0.6349445014566183,-0.0725191466353833,0.4371230047643184,0.1969833076000213,0.0084535079076886,1.140468716621399,0.5947831714600325,0.8716460561633109,-2.000574975030124,-1.3398162126541138,-3.725270986557007,-1.2045629024505615,-0.1953635821461677,5.39488511287272,0.2223062418684363,2.094268798828125,1.352140188217163,-6.127331733703613
1774472550662308000,52.18130810546875,0.7137909514173865,-0.1016239528276026,0.4335959996819496,0.1878463327884674,-0.0072305714711546,1.1282671689987185,0.5990507657766342,0.6870733326226472,-2.087950476144254,-1.3875280618667605,-3.712707042694092,-1.2193042039871216,-1.09662385532856,5.35415270498991,0.1615972138836979,2.025393009185791,1.6346229314804075,-6.018768310546875
1774472550672336100,52.19133618164062,0.7578156788438558,-0.1632369439147412,0.3307861980706453,0.1752762049436569,-0.0172941256314516,1.1066447496414185,0.6005202538073062,0.632246348413825,-2.046068313704431,-1.4336320161819458,-3.661776542663574,-1.2269896268844604,-1.5226736774146556,5.390176789051294,0.2473085811778902,1.953749775886536,1.933024287223816,-5.914266109466553
1774472550682364000,52.20136401367188,0.7783055091649294,-0.241203980692476,0.2281751339018344,0.1736161112785339,-0.0156231401488184,1.0757062435150146,0.6926531785815954,0.6968728421032429,-1.878727879993617,-1.4599204063415527,-3.5951294898986816,-1.2323753833770752,-1.7056085706204176,5.451901131558418,0.4906418289840221,1.8914387226104736,2.17707633972168,-5.828042984008789
1774472550692390700,52.211390625,0.7585381478995085,-0.3142290310233831,0.125078332042694,0.1763905882835388,-0.0019896193407475,1.0445717573165894,0.7507295199751853,0.7048205862373114,-1.5710869951888915,-1.461189866065979,-3.5073511600494385,-1.2301353216171265,-1.6560989820420742,5.50963845025599,0.817486011430621,1.834391713142395,2.368422031402588,-5.723753929138184
1774472550702418700,52.22141870117188,0.7405030172541737,-0.381524159400165,0.0290577521800994,0.1771376729011535,0.0129964733496308,1.0073902606964111,1.0004980615258217,0.5330816253066063,-1.4293154486291109,-1.452816605567932,-3.3727903366088867,-1.2369047403335571,-1.9192185880750416,5.57873653640151,1.1887015427842735,1.7720129489898682,2.483830690383911,-5.566648960113525
1774472550712446700,52.23144677734375,0.7191533552333712,-0.4365064803011715,-0.0094581486970186,0.1821691840887069,0.0189808625727891,0.9701355695724488,1.2419587934583425,0.0942483094930648,-1.450987620602548,-1.4417228698730469,-3.1958703994750977,-1.2190728187561035,-2.3347364947527645,5.636028449419141,1.3823783408872783,1.6870768070220947,2.5026638507843018,-5.416212558746338
1774472550722474800,52.241474853515626,0.6675853728204966,-0.5510170949697494,-0.0464823497116565,0.1856404840946197,0.0223718713968992,0.9322591423988342,1.2304793680667876,-0.2507259884059429,-1.306695031132549,-1.4059128761291504,-3.031785726547241,-1.193334937095642,-2.3133377328932285,5.595099642181396,1.2936376888997851,1.574173092842102,2.517674446105957,-5.277398109436035
1774472550732502800,52.25150268554688,0.6057683835938572,-0.6273457168906926,-0.0333767844229936,0.1813810169696808,0.0170846972614526,0.885874330997467,1.2776403476923703,-0.5165595295727252,-1.0325753076575697,-1.3510407209396362,-2.8949573040008545,-1.1720564365386963,-2.3473200819939373,5.49089458681941,1.2701589058957994,1.4465960264205933,2.5423712730407715,-5.161666393280029
1774472550742530800,52.26153076171875,0.5185878205299377,-0.6336588455602526,-0.0104343002527952,0.1663494706153869,0.0153494570404291,0.8336647152900696,1.2723095080584288,-0.5520177964448929,-0.6349743851382285,-1.2924442291259766,-2.7985870838165283,-1.1827775239944458,-2.120561829152704,5.372631195488572,1.283667352896929,1.3295193910598757,2.624169111251831,-5.070570468902588
1774472550752558600,52.27155859375,0.4206163988605141,-0.5717193989977241,0.0288473242998123,0.1443211436271667,0.0085139218717813,0.7800305485725403,1.7201269253164528,-0.5899146886408329,-0.6283773249607533,-1.260257124900818,-2.6670618057250977,-1.2281811237335205,-1.6811007368296385,5.324041644364595,1.4954818652369082,1.2129547595977783,2.703454971313477,-5.01048755645752
1774472550762587000,52.2815869140625,0.3432593106746673,-0.4998663150556385,0.0712684159219265,0.1115837693214416,-0.0037583271041512,0.7173177003860474,1.9029519284069536,-0.8110159386336803,-0.6231899123854935,-1.2167972326278689,-2.546577453613281,-1.2578295469284058,-1.1742127064436674,5.385677724066376,1.5712848558485506,1.1006441116333008,2.728363513946533,-4.928313255310059
1774472550772614700,52.29161474609375,0.2759317413330078,-0.41646512439996,0.08618190741539,0.0733785927295684,-0.019734364002943,0.6426514387130737,1.5934592782557009,-0.8205892381429671,-0.1534660212078131,-1.1474627256393433,-2.4393060207366943,-1.2911282777786257,-1.2016337973326443,5.488744715309143,1.5258027692206204,0.986906349658966,2.704634666442871,-4.846428394317627
1774472550782642000,52.30164184570312,0.2461950669780373,-0.317140534555912,0.0193897601246833,0.0240721032023429,-0.009569295682013,0.5473266839981079,1.7590706962168217,-0.771644297710061,-0.1025840574308764,-1.0691673755645752,-2.3495442867279053,-1.3458541631698608,-1.1517781717956066,5.544865830981731,1.5033371087819336,0.8745153546333313,2.6716301441192627,-4.799506187438965
1774472550792669700,52.31166967773437,0.2043120277553796,-0.2328989475533366,-0.0279980139940977,-0.0277564730495214,0.0030476960819214,0.4495279192924499,1.9753020020857448,-0.7360960144668817,-0.1915855249121785,-0.990644633769989,-2.2978360652923584,-1.4166061878204346,-0.9988391884028912,5.542160079154372,1.806442395983636,0.7758840322494507,2.731351613998413,-4.752274513244629
1774472550802698000,52.32169799804687,0.2605436180651188,-0.2827602721787989,-0.0182470198303461,-0.0756431519985199,0.0070014051161706,0.368008941411972,2.0103075567543507,-0.6148860482901335,-0.2195192049657925,-0.9410869479179382,-2.232939481735229,-1.500030517578125,-0.942532779291272,5.572319070574641,2.5177725102454422,0.7023695707321167,2.798412084579468,-4.6409993171691895
1774472550812725800,52.33172583007813,0.3354077203914523,-0.3552086916655302,0.0330582199931144,-0.120550699532032,0.0111679211258888,0.3027223646640777,2.228503732955456,-0.6476724656045436,-0.5323133808804675,-0.8874950408935547,-2.142567873001098,-1.563182353973389,-1.2683914578318596,5.6832700930655,2.981486292554438,0.6310948133468628,2.7712388038635254,-4.504181861877441
1774472550822753800,52.34175390625,0.4002613008350134,-0.4733732987970113,0.0770499219328165,-0.1645681709051132,0.0091534610837697,0.2508096098899841,2.0474322955340147,-0.9220809428930282,-0.6959203636839986,-0.8176560401916504,-2.012695074081421,-1.586090922355652,-1.3423387375742195,5.778550083693862,3.090481212541461,0.5555031299591064,2.688344717025757,-4.3912353515625
1774472550832781800,52.35178173828125,0.5274377742007375,-0.5650996885970234,0.1858481503039598,-0.2112046480178833,-0.008767481893301,0.197947472333908,1.7949556640684603,-1.09322953671515,-0.8116301980745046,-0.7491667866706848,-1.9046720266342163,-1.600576639175415,-1.1051458922192454,5.774235727626085,3.1325486684203145,0.4541993737220764,2.610431432723999,-4.267170429229736
1774472550842809600,52.3618095703125,0.6171504860907793,-0.4869429744660854,0.2984510316550731,-0.2550352811813354,-0.0358633771538734,0.136481836438179,2.0582176011815667,-1.3033534656196832,-1.076242015426606,-0.6818631291389465,-1.82208788394928,-1.6199729442596436,-1.573290934973955,5.701720526513457,2.9315774755254385,0.3569766879081726,2.475695371627808,-4.176336288452148
1774472550852838000,52.371837890625,0.5696089827150106,-0.4137162640832364,0.30067630648911,-0.2935874760150909,-0.0539710074663162,0.0625695288181305,2.0569962426930664,-1.4598697229772806,-1.1480448304861783,-0.6185031533241272,-1.7425416707992554,-1.6490869522094729,-1.4467651806019246,5.656331817257404,2.7267379167646166,0.3134104311466217,2.273732185363769,-4.0799880027771
1774472550862865700,52.38186572265625,0.4000277843400835,-0.4547318728215992,0.1774152530014514,-0.3185372948646545,-0.0758774876594543,-0.0120009621605277,1.9869842565730207,-1.2714613667964934,-1.259546764858067,-0.5758268237113953,-1.6440632343292236,-1.6805667877197266,-1.1715222252506765,5.650300720399618,2.9938360710397363,0.2584824860095978,2.11765718460083,-3.9583253860473633
1774472550872893000,52.391892822265625,0.2167670201808214,-0.5717407340466976,0.0043394905090332,-0.33729287981987,-0.0936711281538009,-0.0826628804206848,2.0269924418345093,-0.911682298475504,-1.556088163499534,-0.5402147769927979,-1.54498291015625,-1.7101062536239624,-1.432448047566414,5.521114953038096,2.982818125680089,0.2110496014356613,1.867823362350464,-3.871233940124512
1774472550882920700,52.40192065429687,0.0445668714791536,-0.7279140231855213,-0.1940548376351595,-0.3428985774517059,-0.0939050912857055,-0.1584651172161102,1.9343612121492624,-0.3040267859607934,-1.454862270078808,-0.5012282133102417,-1.4293439388275146,-1.719482660293579,-1.3216694590330125,5.233693264919519,2.747957522664964,0.207816794514656,1.7959318161010742,-3.796574592590332
1774472550892949000,52.41194897460937,-0.079947104679048,-0.906601634210348,-0.3680658351510762,-0.3483154475688934,-0.0836346074938774,-0.2502770721912384,1.8590408904880285,0.2427133623421192,-1.4247855501145124,-0.4427774846553802,-1.275540828704834,-1.693179965019226,-1.7795231171369552,4.808951602822542,2.706407660919428,0.1934396028518676,1.707200527191162,-3.703247547149658
1774472550902976800,52.42197680664062,-0.1753185729831457,-1.1046294671297072,-0.4155342732906341,-0.3509766161441803,-0.0601059682667255,-0.3437808752059936,1.8997911262884728,0.7718868742942809,-1.362435769185424,-0.3799545764923095,-1.1346598863601685,-1.6709131002426147,-2.2222955259650945,4.514298794406653,2.5629917081534863,0.164849504828453,1.5600998401641846,-3.635519027709961
1774472550913004800,52.4320048828125,-0.2340180147111415,-1.207471271314472,-0.372059288701415,-0.3499744534492492,-0.0226741805672645,-0.4371361136436462,2.104168035973609,1.199277005073428,-1.553327028223127,-0.3123989999294281,-0.9982832670211792,-1.662011981010437,-2.164844622993469,4.105802164667844,2.4592267977744338,0.1114086434245109,1.4816592931747437,-3.5638232231140137
1774472550923032800,52.44203271484375,-0.248332955789566,-1.2128130707338451,-0.2614706697821617,-0.3597272634506225,0.0040757013484835,-0.536008358001709,2.193215854214132,1.4342892915189265,-1.885666154824197,-0.2433163374662399,-0.8667387962341309,-1.6385612487792969,-2.436714083323628,3.744855221611261,2.467695350912213,0.0390329807996749,1.460491418838501,-3.477771282196045
1774472550933060900,52.452060791015626,-0.1815036913588643,-1.1651751212462782,-0.0437274980455636,-0.3680706620216369,0.0150916008278727,-0.6256210803985596,2.178179320862889,1.4239777408629657,-2.3063037426032125,-0.1974634230136871,-0.696154773235321,-1.6055010557174685,-2.686234641462564,3.4863919169515367,2.325864913772046,-0.0406177230179309,1.466484308242798,-3.358323812484741
1774472550943089000,52.4620888671875,-0.0452715126171708,-1.0386327080003916,0.2171972282916307,-0.3719963133335113,0.0132971396669745,-0.7208377718925476,2.4628958416759965,1.5391285531312229,-2.737040407331288,-0.1982730329036712,-0.4989520013332367,-1.5932403802871704,-3.2032693873316047,3.3401503853708503,2.267020510615408,-0.1179961338639259,1.4073420763015747,-3.219593048095703
1774472550953115600,52.47211572265625,0.0442006685152649,-0.9246741742566228,0.4382219059169292,-0.3760440647602081,-0.0064797610975801,-0.8175227642059326,2.8624650685936213,1.8185604115396736,-3.3403859476923943,-0.2719042897224426,-0.274535983800888,-1.6094543933868408,-3.50332931548804,3.1356115631222723,2.252676927964389,-0.1637274622917175,1.2542567253112793,-3.091824531555176
1774472550963144000,52.48214404296875,0.0578217821106314,-0.8385892974749207,0.5860960071355104,-0.3804859519004822,-0.0288237556815147,-0.922928750514984,3.4071728342860936,2.482932667532563,-3.744990246167778,-0.4074732959270477,-0.034987561404705,-1.6394295692443848,-3.497406062918901,2.927188592916727,2.5018933885902164,-0.1783487498760223,1.0858960151672363,-2.95473313331604
1774472550973171700,52.492171630859374,-0.0022036475241184,-0.7949199593573808,0.6499602842807769,-0.374967873096466,-0.0449627786874771,-1.0256752967834473,3.671251056218147,3.1427707872271538,-3.9650767661601294,-0.6888039708137512,0.3852186501026153,-1.597651720046997,-3.996462084504962,2.7014900782614943,3.0337200453996656,-0.1717950105667114,0.8853653073310852,-2.814185380935669
1774472550983199700,52.50219970703125,-0.1014656935259699,-0.8973451455652713,0.6173667591899633,-0.3668299913406372,-0.0627976357936859,-1.128100872039795,3.590972235366702,3.515727901551127,-4.117735179045797,-0.9399344325065612,0.7736995816230774,-1.6053367853164673,-4.554057681082189,2.2462305283039807,3.3631735335618256,-0.1808630675077438,0.6572765111923218,-2.7017879486083984
1774472550993227800,52.51222778320312,-0.2900970448076725,-1.0614286233067511,0.4947136084675788,-0.3667807281017303,-0.0669282004237175,-1.2389366626739502,4.249918959179521,4.587536464574932,-4.9836687027812,-0.9975002408027648,0.91585111618042,-1.6552561521530151,-4.901130704826116,1.518847981646657,3.570682603792846,-0.2354848980903625,0.4541061222553253,-2.5876410007476807
1774472551003255800,52.522255859375,-0.4959785138368606,-1.230403964743018,0.2769201678484678,-0.3713884949684143,-0.0648376494646072,-1.3410751819610596,4.059628442513943,5.556110863095522,-5.935905714485049,-1.0191348791122437,1.0893118381500244,-1.5636221170425415,-5.589396462103724,0.6152490363836288,3.57243763076663,-0.3366834223270416,0.217554286122322,-2.5001585483551025
1774472551013283800,52.53228393554687,-0.6106508949384093,-1.5146533064357937,-0.054743397578597,-0.3700388073921203,-0.0700566470623016,-1.4325987100601196,3.221955967622995,6.156420689022541,-6.4918836467325685,-1.0685298442840576,1.4203696250915527,-1.3389558792114258,-6.203126910617947,-0.267661925637722,3.5466327429026365,-0.4525064826011657,-0.1722450256347656,-2.3983371257781982
1774472551023312000,52.54231176757813,-0.6014958208411931,-1.825580665565282,-0.5094570040911436,-0.3835995495319366,-0.0537593811750412,-1.5309791564941406,2.6927105594784018,6.578716711533069,-6.826513076227903,-1.167358636856079,1.9125319719314573,-1.026114583015442,-7.050585450986027,-1.1176619671821593,3.713466980656981,-0.5707495212554932,-0.8043444752693176,-2.225807905197144
1774472551033339000,52.5523388671875,-0.4611149979874491,-1.946243373122812,-0.9266863908618688,-0.4237251281738281,-0.0195180550217628,-1.636377215385437,2.886780010160804,6.916852687844633,-7.280600075274705,-1.3074851036071775,2.3956737518310547,-0.7374262809753418,-8.2889435896039,-1.9062614913463591,3.9124855781793593,-0.7272838950157166,-1.3026078939437866,-2.0478992462158203
1774472551043367000,52.56236694335937,-0.3046776510849595,-1.8006769643247127,-1.116388878506422,-0.4767238795757293,0.0451653227210044,-1.7379246950149536,3.7193127840757367,7.284245153778791,-7.768579991573095,-1.4887925386428833,2.829718589782715,-0.5073240995407104,-8.896883764278888,-1.84158180616498,3.4798183837801218,-0.8864112496376038,-1.6183570623397827,-1.8630155324935915
1774472551053394700,52.57239477539063,-0.0899704860433936,-1.4598904735043643,-1.0882114162921903,-0.5267883539199829,0.0893599465489387,-1.8136314153671265,4.626375021535158,7.713753007364272,-8.242490465986728,-1.6980832815170288,3.182854413986206,-0.3454211354255676,-9.625247723188997,-1.453285668411851,3.166301884940266,-0.9921382069587708,-1.709623098373413,-1.652610421180725
1774472551063422700,52.58242260742188,-0.0164934541612863,-1.089737895207107,-0.9677321024775504,-0.5682418942451477,0.0746268332004547,-1.8601208925247192,5.823320368790626,7.943186032372712,-8.77824569441676,-1.918025255203247,3.54817795753479,-0.2865607440471649,-10.5097935929358,-1.3995645996183157,3.2373864687278866,-1.0609374046325684,-1.6941032409667969,-1.49587082862854
1774472551073450800,52.59245068359375,-0.1872843205869197,-0.7967357766076922,-0.7681658079445361,-0.599380612373352,0.0066363303922116,-1.891978740692139,6.114594056162238,8.2515885491997,-9.782825472298263,-2.3334274291992188,4.045327186584473,-0.2526673972606659,-11.166661756908892,-2.0007062001943585,3.389377649876475,-1.0932661294937134,-1.6742160320281982,-1.3179796934127808
1774472551083478800,52.60247875976562,-0.4849564768239855,-0.6294340674720704,-0.6385030707210302,-0.6130567789077759,-0.0520315542817115,-1.920133709907532,6.182426652416587,10.265300945961474,-11.461230394172668,-3.0877339839935303,4.293974876403809,-0.1851168572902679,-11.867697563910484,-2.4981787519812584,4.0062794219031925,-1.108533501625061,-1.6230669021606443,-1.18339204788208
1774472551093506800,52.6125068359375,-0.7401093417614698,-0.6619782004632055,-0.6603741262674331,-0.6130280494689941,-0.0742676183581352,-1.949790120124817,7.0744590785264965,13.061735499286652,-13.677717526119949,-4.227068901062012,4.263604164123535,-0.1533453464508056,-12.020117491865156,-3.023389205521345,4.960385442349314,-1.1138558387756348,-1.6102969646453855,-1.0836200714111328
1774472551103534600,52.62253466796875,-0.8554802265211939,-0.7216942718878387,-0.8248620931565761,-0.621100902557373,-0.0548771172761917,-1.9725804328918457,8.79113557112813,15.193856248807906,-15.322096844273805,-5.529446125030518,4.33987283706665,-0.3015334904193878,-12.297274391078949,-4.209059710046649,6.198786835587025,-1.1531965732574463,-1.5915565490722656,-1.024369478225708
1774472551113563000,52.63256298828125,-0.8607289408296346,-0.743995535545051,-0.9178460818022488,-0.6192563772201538,-0.0087676774710416,-1.9840587377548216,13.71066351791024,16.148427256417275,-13.358275144362448,-6.377974033355713,4.541614532470703,-0.5579938292503357,-12.7554109577775,-6.202045545122027,7.457758723166584,-1.2305433750152588,-1.6157582998275757,-0.9593737125396729
1774472551123589600,52.64258959960937,-0.8175517701432108,-0.8119318844348192,-0.9708727385908364,-0.6176313757896423,0.0108938133344054,-1.992058277130127,14.693846872019767,15.605004269838332,-7.923387106925249,-6.926959991455078,5.290399551391602,-0.3743765652179718,-13.480903160643576,-8.46059896390438,8.940438828366995,-1.3257116079330444,-1.7482911348342896,-0.9369142651557922
1774472551133618000,52.65261791992187,-0.9114701170295476,-0.8509590958349407,-1.011476551657915,-0.5980004072189331,0.0197621397674083,-2.003098249435425,9.706855162295698,15.991443381547928,-2.8014298773944377,-7.3952789306640625,6.889054298400879,0.4207209646701813,-14.906854831928014,-9.455936866188049,10.690320840477945,-1.3985329866409302,-2.254488468170166,-0.811343789100647
1774472551143645700,52.66264575195312,-1.0867162092983722,-0.8619307178348302,-1.0829951429486273,-0.5665042400360107,0.0373324118554592,-2.006088972091675,8.674775967592,18.31715427380204,1.7840414713442323,-7.6839494705200195,7.888092517852783,1.4656052589416504,-18.25193799752593,-10.080570986032486,11.834803010046482,-1.4203912019729614,-3.1091673374176025,-0.2711236774921417
1774472551153674000,52.67267407226562,-1.158489652132988,-0.7742246695920825,-1.1627543238401412,-0.5344594717025757,0.0918467864394187,-1.9969220161437988,8.04095374816358,21.347913131308555,4.690202473801374,-7.916450023651123,7.825826644897461,2.2978591918945312,-25.12690092414617,-10.83307511446476,12.937570190435649,-1.576318621635437,-4.12667179107666,1.1633713245391846
1774472551163701800,52.68270166015625,-1.1287485938638449,-0.513846471221745,-1.182692365497351,-0.5056305527687073,0.1561218649148941,-1.940376043319702,4.423269446960092,25.26110948810577,4.605871162688732,-8.341743469238281,7.398474216461182,3.204012870788574,-34.933102011334896,-11.664188084709645,12.662442751222848,-1.9066084623336792,-5.033201217651367,2.9096567630767822
1774472551173729800,52.692729736328126,-0.97155604467988,-0.1837488399371504,-1.013998179090023,-0.4671449661254883,0.1918399035930633,-1.8154280185699463,0.8735796545743941,29.662292775464056,5.191339977836608,-8.840765953063965,6.976417541503906,4.147777557373047,-37.84368199927807,-10.450407337987423,12.076094815152883,-2.160294532775879,-5.021084308624268,4.780421257019043
1774472551183757800,52.7027578125,-0.7256786653488874,0.2657879484593868,-0.8408399990111589,-0.4295338094234466,0.2095953077077865,-1.6535919904708862,-3.688540044671297,34.60465682343244,8.829021357408166,-9.440987586975098,6.366548538208008,4.91192102432251,-35.126216353249546,-2.6262814002811905,12.680848176485298,-2.3191051483154297,-4.267760276794434,6.89582633972168
1774472551193785900,52.712785888671874,-0.5615422883763909,0.8396791385382414,-0.4547340647786855,-0.3525218367576599,0.1929502785205841,-1.4279465675354004,-9.96041900447607,38.34155202594995,12.997400682020189,-10.237372398376465,2.705866575241089,5.398001194000244,-31.78238640258312,7.120203177091479,12.07410159550905,-2.5182247161865234,-3.6695520877838135,8.496905326843262
1774472551203814000,52.72281396484375,-0.5015343943983316,1.5210546979106965,-0.3139069594621658,-0.2342103123664856,0.1773229092359542,-1.1090083122253418,-19.257410340332985,37.3653981320858,19.85404819974899,-11.036988258361816,-3.435155868530273,3.763840436935425,-24.654581518316267,11.243626923167705,9.694081020918487,-2.724200487136841,-3.4324512481689453,9.930571556091309
1774472551213840600,52.732840576171874,-0.3910214710637927,2.5638603076815603,-0.462799297812581,-0.1192717477679252,0.1418578624725341,-0.7631380558013916,-20.555867266082764,27.136678904068468,22.32233684037924,-12.232892990112305,-6.228651523590088,0.7891190648078918,-17.84783112717867,11.082504633319378,6.302575711363554,-3.0052742958068848,-2.845557928085327,11.310202598571776
1774472551223869000,52.74286889648437,-0.598952273838222,3.925286023041606,-0.5623182411849499,-0.0223262086510658,0.1042829006910324,-0.4285871386528015,1.7241957821905611,12.711348528689143,11.119956119835376,-13.165194511413574,-3.803998708724976,-1.3880963325500488,-9.295400267273187,9.884162278747558,3.313287512886524,-3.343374013900757,-0.9165831208229064,12.596132278442385
1774472551233896700,52.75289672851562,-0.9128726773038506,5.057066531947255,-0.6318500425726175,0.1203912645578384,0.1532397866249084,-0.0979067012667656,29.143676897883413,6.812220931503176,10.95166992970705,-11.857904434204102,0.2390958666801452,-2.2639505863189697,-1.0727800384044646,9.880012173330783,3.03093246050775,-3.4223649501800537,1.2617926597595217,14.381712913513184
1774472551243924700,52.7629248046875,-0.9984662634372712,5.569855895331502,-0.6498731905192137,0.3250613212585449,0.2974191606044769,0.2427642345428466,31.38103263033628,9.000719986328482,52.93752889084816,-3.673261642456055,10.340814590454102,0.0387842021882534,0.0166740714251995,14.516603468453884,4.177409603285789,-3.033645868301392,3.143609046936035,15.512999534606934
1774472551253952800,52.77295288085938,-0.766230163706839,5.599348531797528,-0.531146273329854,0.5657069087028503,0.4829978048801422,0.5990432500839233,47.10766655306816,2.5129607260495423,107.07753621315956,6.071732044219971,14.733769416809082,3.915569067001343,4.134481146663427,25.65341719958782,9.383925522944333,-2.259455680847168,5.251979351043701,16.739896774291992
1774472551263980800,52.78298071289063,-0.3535074407055973,5.316327124464512,-0.1278700085878372,0.8521667718887329,0.6713513731956482,0.94830721616745,48.70876553242206,-12.065961543673277,69.29219885082244,7.745992660522461,7.223484039306641,9.005420684814453,-5.237462846586108,56.54201819491386,10.943571963447331,-3.09907865524292,0.8005248308181763,19.497299194335938
1774472551274008800,52.7930087890625,0.0423544561266899,4.657183416774869,0.5236252301752568,1.1329526901245115,0.8180745244026184,1.195907473564148,23.23733805414438,-13.166017711538077,28.931885912549493,5.370456218719482,6.884440898895264,13.5716552734375,7.328872815534472,143.29197801122663,-10.98572651308775,-1.669213891029358,-2.95694637298584,16.23011016845703
1774472551284036900,52.803036865234375,0.3612091011241078,4.110273464863002,1.1360358282625675,1.3565032482147217,0.9564260840415956,1.3191131353378296,-34.445047276234625,-16.000267323994635,22.452846549820897,0.8844433426856995,16.51923370361328,13.475486755371094,65.7626826624155,135.6951293817997,-15.251726253974438,1.903977870941162,-2.1565868854522705,6.684326171875
1774472551294063900,52.81306396484375,0.6109300041407346,3.542022911019623,1.857725131714344,1.4786773920059204,1.027586817741394,1.2750202417373655,-28.121261603581903,-17.361045973622797,-3.66784183229655,-3.571688413619995,14.60236930847168,10.657849311828612,79.72424986338615,47.93022446093559,-11.316178949159385,3.453871488571167,1.183008909225464,-1.3109595775604248
1774472551304091600,52.823091552734375,0.8869125988781452,2.2476035702228545,2.3430793756842614,1.6028523445129397,0.9886255264282228,1.1803014278411863,-4.63274981726408,-8.753127035251259,-19.38776807408333,-6.077808856964111,6.75618839263916,5.543336868286133,53.05385809924602,1.7034212897092105,-1.5962769660249352,3.8025927543640137,3.838513135910034,-4.676699638366699
1774472551314120000,52.83311987304688,1.1277823791801929,0.3502395249508321,1.760766978740692,1.6605632305145264,0.8290529251098633,1.0331144332885742,10.86701946964264,-3.788532450774312,-15.93475878677368,-6.592761516571045,0.5584517121315002,-0.5215214490890503,9.23241452652812,-13.411527426600456,4.3288864051714535,4.531460285186768,1.6338765621185305,-4.4058051109313965
1774472551324147700,52.84314770507813,0.5491819884970783,-1.8537809241332115,0.8600625858753919,1.5693707466125488,0.7910714745521545,0.7648560404777527,13.172083879709245,-2.805983302915096,-2.426110271722824,-4.2305097579956055,-3.918835639953613,-4.342130661010742,-21.599769585049152,-7.97797268359363,-2.2708470831662417,5.572720050811768,-1.9650644063949585,-1.8606938123703003
1774472551334175700,52.85317578125,-0.1138663254156708,-4.256719579105079,-0.0471463665783405,1.3631504774093628,1.038664698600769,0.4011651873588562,4.777535304817557,1.192346036766469,16.21928650701642,-1.3132504224777222,-5.846994876861572,-5.377645969390869,-26.59380536806584,4.997978383162617,-7.743197128513455,5.867491245269775,-3.063180446624756,-1.9154760837554927
1774472551344203800,52.86320385742187,0.5285328759610652,-5.980242868861556,-1.072682423248887,0.8773961663246155,1.5423728227615356,0.06386399269104,0.062265025255084,1.9625936194211244,16.298085902965067,0.3159546256065368,-5.415861129760742,-5.631823539733887,-10.957392399007082,13.12388186659813,-15.807825182253122,2.2429680824279785,2.905538320541382,1.8382573127746584
1774472551354231800,52.87323168945313,2.359465862339735,-6.3757420698612925,-1.538006855624914,-0.1402512341737747,2.137997627258301,-0.2992580235004425,4.07186891540587,1.103919565294683,8.17773128582835,0.8303171396255493,-4.885755062103272,-5.959829807281494,-6.307257147178054,6.639019496804475,-21.289879460012912,1.9046196937561035,0.3156186938285827,1.9128845930099487
1774472551364259800,52.883259765625,3.7524317943453775,-5.616940302589535,-1.1114473304510115,-1.2814679145812988,2.1512715816497803,-0.9643881320953368,3.33509660911262,-1.0643132388323544,3.906661402070522,0.713034451007843,-4.5602192878723145,-5.942348003387451,-0.6517752247482538,0.0176373634994029,-18.756501968878503,1.1323286294937134,0.843696653842926,1.9547781944274905
1774472551374288000,52.89328784179688,3.016350392925739,-5.702076500344276,-0.8579898712545633,-2.016068696975708,1.162329912185669,-1.873494863510132,2.008844498464465,-2.5890584618240595,0.1961824973136186,0.3478308916091919,-3.99130129814148,-5.639157772064209,-2.411393617975712,-4.0432501391649245,-10.845782620346544,0.1635807454586029,2.123867988586426,2.184347152709961
1774472551384315000,52.90331494140625,0.9951415029287336,-6.6945619358062745,-0.7193646598964929,-2.064638137817383,-0.0276173613965511,-2.2737460136413574,0.1247644437879323,-2.837425319883227,-2.0204960655525324,0.0509409122169017,-3.05336856842041,-4.937504768371582,-1.1291221033513543,-5.339263178893924,-6.12225655361414,-0.6281536221504211,1.8380215167999268,2.211186408996582
1774472551394343000,52.91334301757813,1.0350830526947974,-7.313165543314814,-0.1297515845507383,-1.7451897859573364,-1.214582920074463,-2.259876251220703,-2.637213713183999,-2.4904940426975486,-2.394175941193104,-0.0921577811241149,-1.988755226135254,-3.877653121948242,2.591439219480753,-3.4900054312735795,-4.956120770642161,-0.9224094748497008,0.1215481013059616,1.8915163278579712
1774472551404370700,52.92337060546875,1.235991994008422,-6.504567771738767,1.753133707383275,-1.5306869745254517,-2.141530990600586,-2.132962226867676,-4.156458585193753,-1.451365367873758,-1.753251196283102,0.0680721029639244,-0.9110183715820312,-2.763543605804444,4.019313967782259,-0.9693512281119824,-3.655277534277737,-0.623400092124939,-1.5618664026260376,1.4610285758972168
1774472551414399000,52.93339892578125,1.1510048493355511,-3.78389193149209,4.907718851044773,-1.4398561716079712,-2.5518295764923096,-2.060922861099243,-3.976830332317948,0.4297043260056525,-0.1838461628317833,0.4122023582458496,-0.1024607494473457,-1.8145300149917605,3.590217033085227,0.8822481141984462,-1.1295999499961733,0.0449969992041587,-2.068518877029419,1.1702018976211548
1774472551424426800,52.9434267578125,1.664519896645844,-1.0009287080280482,7.180278583347797,-1.398386001586914,-2.48198676109314,-2.070640563964844,-3.428248355540633,2.7018860918417573,0.6695481973260641,0.7661287188529968,0.4945904016494751,-1.1572420597076416,1.886502313387394,1.926165046212077,1.0709664131112395,0.6367951035499573,-1.903447270393372,0.9955448508262634
1774472551434454800,52.95345483398437,1.810391133609414,0.995942151787132,8.28491740282774,-1.3578734397888184,-2.0010199546813965,-2.107508420944214,-2.560044548785686,4.655881102004647,0.5963564121261239,0.8963525295257568,0.8779504895210266,-0.7839515209197998,1.2161901459515094,1.6772896541088818,0.270753023520857,0.8532729148864746,-1.714240312576294,0.8603678345680237
1774472551444482800,52.96348291015625,1.6029700339227917,2.178890391741693,8.5266592897892,-1.4018127918243408,-1.4893414974212646,-2.0236804485321045,-2.4930700306653977,6.0023038940221065,0.0414665673762559,0.7872457504272461,1.087401032447815,-0.5510886907577515,1.2751508689641953,1.1564712980479002,-2.177720471179485,0.7548224925994873,-1.5643666982650757,0.8402670621871948
1774472551454510600,52.97351049804688,0.8069312996685505,3.1417937588885425,8.04259859276116,-1.4708949327468872,-1.2348763942718506,-1.7240537405014038,-2.1592150926738976,6.158733642140031,-0.1554129722908139,0.5239396691322327,1.1851645708084106,-0.3732596039772033,0.7343792736768722,0.901006590682268,-3.6464302109554407,0.5535631775856018,-1.1562727689743042,0.8755300045013428
1774472551464537900,52.98353784179688,-0.5351911648064851,3.992100089903176,5.502804804843664,-1.4171961545944214,-1.1257922649383545,-1.3245396614074707,-1.6311936733663082,5.323135050913691,-0.2746048766434192,0.255644828081131,1.2914022207260132,-0.2146454602479934,0.1622895800620317,1.1327104832321404,-3.323041721920669,0.4922827482223511,-0.4343703389167785,0.8386950492858887
1774472551474565600,52.99356567382812,-1.740833905519545,3.085490564647317,0.2690051569402217,-1.0657544136047363,-0.5575416088104248,-1.164175033569336,-1.411615687417984,3.734101480145752,-0.033379707032442,0.0749160051345825,1.4616791009902954,-0.0469545647501945,0.3395814989447593,2.1860960853368043,-1.9267478145360943,0.5422879457473755,0.209531769156456,0.9207342267036438
1774472551484594000,53.00359399414062,-1.0568272669911385,1.458018834413588,-3.110767629244924,-0.6152547001838684,0.1100033223628997,-1.0960485935211182,-0.8817033397972583,2.1305612451195715,0.0891109466046094,-0.0141209308058023,1.6249562501907349,0.1051225811243057,-0.3209107007443905,2.9113614937096832,-1.3728740149609744,0.5374724268913269,0.3877760767936706,1.083620309829712
1774472551494621700,53.01362158203125,0.5803460653066634,0.5866328904911875,-4.709273669496178,-0.1962529569864273,0.4461616277694702,-0.8697248697280884,-0.5904577094763517,0.8920994999967515,0.5822551137983799,0.0136270578950643,1.7350884675979614,0.2861691117286682,-0.4458884950220584,2.527150579443574,-1.4299873565413057,0.4359177649021148,0.2914137542247772,1.0881222486495972
1774472551504650000,53.02364990234375,2.259037987428904,0.5508144120045005,-6.447021007177233,-0.5614728927612305,0.6301822662353516,-0.3017091453075409,-0.6187614284187555,0.1022652098732069,1.5150944743320345,0.1064733788371086,1.806352972984314,0.4610114991664886,0.8686416136503219,1.8692849288657307,-1.2250373231433331,0.256025493144989,0.1481442302465438,1.0636610984802246
1774472551514677800,53.033677734375,2.1900196885213257,4.237608343660831,-11.155817706811428,-0.0950183346867561,0.2713255584239959,-0.0064764330163598,0.1755254937320947,-0.2474086805514991,1.9833526220723985,0.2022663652896881,1.9056702852249143,0.5459108352661133,0.9093167383879422,1.022580713996291,-1.0359858467534184,0.1150031015276908,0.1474116593599319,1.0360429286956787
1774472551524705800,53.04370581054688,0.9250207957372067,6.560524052238464,-12.837746711158752,0.737612247467041,0.172017827630043,-0.0825412943959236,0.7301216162323951,-0.3919678485358133,2.274824170103669,0.2937794923782348,1.984972357749939,0.56708163022995,0.6323486397445202,0.9634890580803156,-0.770828451282531,0.1219883039593696,0.2587901353836059,1.0178784132003784
1774472551534733800,53.05373388671875,0.808530551558733,1.974231304114312,-5.477210929381847,0.718562662601471,0.5395556092262268,0.0957293733954429,0.6929507002234458,-0.5422483898416162,2.4611758860155937,0.3518787026405334,2.057373523712158,0.5564253926277161,0.3586526946395635,1.7346894114151596,-0.5168196418136358,0.2581031322479248,0.4341742992401123,0.9848885536193848
1774472551544760800,53.0637607421875,1.4339964460521937,2.737830973187089,-0.384239555838704,0.5628843307495117,0.3784577846527099,-0.0566829517483711,1.0416489870816468,-0.5358782702878118,2.509293143452704,0.3882452249526977,2.126420259475708,0.4891012609004974,0.0955173065155744,2.467772507801652,-0.6068932959705591,0.4370209574699402,0.682111382484436,0.9405288100242616
1774472551554788900,53.073788818359375,-1.6272241852134466,4.287489103639126,0.816523888400197,0.4650275409221649,0.1155688986182212,-0.0155413746833801,1.3726795153021811,-0.5548788849644363,2.420846798236668,0.4230230450630188,2.1933610439300537,0.378848135471344,-0.2149637701511383,2.775591964043677,-0.9775462250053882,0.6100537776947021,0.9557631611824036,0.8874753713607788
1774472551564816600,53.083816650390624,-1.7363512071475389,3.510340947815776,2.26730604955852,0.3213026523590088,-0.0122779486700892,0.1843064129352569,1.4549550629287955,-0.5308178450930864,2.4568437020301817,0.4856041371822357,2.242961883544922,0.2615633010864258,-0.6993032841205596,2.728768253548443,-1.2573919249117371,0.7442944049835205,1.160335898399353,0.8172405958175659
1774472551574845000,53.09384497070312,0.1639417311832308,2.653924024966359,1.842968876609206,0.2226154953241348,0.0030554672703146,0.4027652442455292,1.283624098277092,-0.4249787587884813,2.561061909134686,0.5657753348350525,2.2735514640808105,0.1577972024679184,-1.2499170589864252,2.4299784914582965,-1.3912377930387854,0.8350704908370972,1.243465542793274,0.7621037364006042
1774472551584872700,53.10387280273437,1.428986801196635,1.795604629496485,1.181343288975954,0.1172118484973907,0.0840879902243614,0.5938198566436768,1.1501701520770788,-0.1764402887557633,2.576670104894042,0.6452277898788452,2.250684976577759,0.0664835274219513,-1.8580957185924047,2.2117881604760883,-1.202564940702915,0.8919377326965332,1.159103512763977,0.774090051651001
1774472551594900700,53.11390063476563,1.883864950621128,1.295671971206367,1.0273170948684216,0.0348535925149917,0.0246907100081443,0.7067991495132446,1.0107318707704545,0.1289465335118584,2.5731623890340325,0.7025405168533325,2.205599784851074,0.0014548852341249,-2.767172803005576,2.37818108420372,-0.7767803454242647,0.9290506839752196,0.9855763912200928,0.8529214859008789
1774472551604928800,53.1239287109375,1.046167341288924,0.8993579466924071,1.1562252143323422,-0.0133126396685838,-0.1922077685594558,0.7326986789703369,1.166912028041482,0.3462448292914777,2.379866699203104,0.715884804725647,2.2026891708374023,-0.0768297985196113,-3.547406065362692,2.921124470572173,-0.2239591236419975,0.9557440876960754,0.8161298632621765,0.990845024585724
1774472551614956800,53.133956787109376,-0.0571674098551273,0.2326321133106947,1.167538050985336,-0.0324176251888275,-0.4028733968734741,0.6739240288734436,1.5035989745885132,0.3932724648609757,2.0188092815093697,0.7102449536323547,2.2744712829589844,-0.1658341884613037,-3.8499662859022616,3.4877620362609623,0.0515656443253159,0.9875531792640686,0.7105385661125183,1.1572250127792358
1774472551624984800,53.14398486328125,-0.7387707866340876,-0.3691926472239196,1.233613574439287,-0.0280452221632003,-0.4682959318161011,0.5727404952049255,1.8090677760511635,0.3076510408725589,1.7218607633717358,0.7097064852714539,2.3909130096435547,-0.2653194963932037,-3.720198919260502,3.787970140716433,0.0009866729497909,1.0261996984481812,0.706291913986206,1.2935866117477417
1774472551635011800,53.15401171875,-0.6784627406656741,-0.8290588141940534,1.2268944953173395,-0.0191457364708185,-0.3954009413719177,0.4629144072532654,2.179880279561877,0.1582549907837063,1.536194983897358,0.7417827844619751,2.521347761154175,-0.373708963394165,-3.362314870905876,3.62318406766355,-0.3376800492376089,1.0575165748596191,0.8409575819969177,1.3545525074005127
1774472551645039900,53.16403979492188,-0.2579670455753803,-1.100052222342044,0.9838286662757396,0.0082933893427252,-0.2978090643882751,0.3805578947067261,2.205887996521592,0.0238398348687216,1.5832970729425548,0.8174746036529541,2.6258254051208496,-0.4520796835422516,-2.9636838016211984,3.276099645742774,-0.6570660246327519,1.091819405555725,1.0494595766067505,1.3179081678390503
1774472551655067600,53.174067626953125,-0.1086801549494266,-1.2331233067043126,0.4920160399466752,0.0553237497806549,-0.2272552698850631,0.3656173348426819,1.7854823178023098,-0.0661226870639249,1.6013512005493045,0.91072279214859,2.677584886550904,-0.497589647769928,-2.5505571739941835,3.0611563338577747,-0.7924979929074645,1.1211670637130735,1.2133727073669434,1.2542402744293213
1774472551665095700,53.184095703125,-0.1570335592299699,-1.2223030758738518,-0.2069827082693576,0.1105325669050216,-0.1741756796836853,0.3852066993713379,1.5464754087626933,-0.0850678086936473,1.4743277257882057,0.9908794164657592,2.723294496536255,-0.5330229997634888,-2.6291724455475807,3.081167440751195,-0.743590754136443,1.1642063856124878,1.3152178525924685,1.246631383895874
1774472551675123700,53.19412377929687,-0.2105316329225897,-1.0445398862175643,-0.7835954322665929,0.1639518439769745,-0.1237900182604789,0.376453161239624,1.2822305980920792,-0.0687115710459649,1.2853197962790728,1.045671820640564,2.729234218597412,-0.5454575419425964,-3.2392122228503224,3.369636884357035,-0.235635971301794,1.2374045848846436,1.330922245979309,1.3351672887802124
1774472551685151700,53.20415185546875,-0.2499763390824198,-0.6113774556472897,-1.299804833227396,0.194841518998146,-0.0306539628654718,0.3588750958442688,1.3291641987025735,-0.0070317983329296,1.1814563939616085,1.0644021034240725,2.733651876449585,-0.5794615745544434,-3.795844235092401,3.711525198939442,0.3866583074182271,1.343551516532898,1.2579880952835083,1.4755442142486572
1774472551695180500,53.2141806640625,-0.028996961903572,-0.2234055814124643,-1.7591694804161786,0.2538659572601318,0.0225725080817937,0.2676402628421783,1.811224661824107,0.118942605766654,0.9390191451471298,1.051595687866211,2.740952968597412,-0.6514766812324524,-4.170604599446058,3.848772107681632,0.8475269294291734,1.465848684310913,1.1970345973968506,1.6580203771591189
1774472551705208600,53.22420849609375,-0.2714306305214762,0.3094707305803895,-1.7129700392991305,0.2764114141464233,0.0665009617805481,0.23859703540802,2.461326984924078,0.3599273176852613,0.7172785012722015,1.0189306735992432,2.755728006362915,-0.7915387153625488,-4.55212612849772,3.980253292503953,1.2799287508904933,1.5958309173583984,1.1895571947097778,1.819207668304444
1774472551715236600,53.23423657226562,-0.2307704110920429,0.5687102803096175,-1.3625187712937592,0.2832088768482208,0.0426371693611145,0.2371759712696075,3.0523341449767347,0.4357737090472132,0.8584452868718654,1.0064252614974976,2.7868003845214844,-0.9634891152381896,-4.372337132102251,4.041260426652431,1.552251946337521,1.687442660331726,1.2184016704559326,1.9322236776351929
1774472551725263600,53.244263671875,-0.0864893659293651,0.6873869286164641,-0.6831985370159149,0.2720664441585541,-0.002590665128082,0.2552047073841095,3.266645588698983,0.5727592634394765,0.8585432673536241,1.0306051969528198,2.813586950302124,-1.1712872982025146,-3.968017495787144,4.055367862460017,1.4083473332718013,1.7178767919540403,1.2420737743377686,1.991142630577088
1774472551735291400,53.25429150390625,-0.0659387453317642,0.6561528553105891,0.0225128605812788,0.2407021522521972,-0.0595189295709133,0.2983801364898681,3.163812990733981,0.5542397833433002,1.0660635896310209,1.0678634643554688,2.790136814117432,-1.383882761001587,-3.4114953736603257,4.089738918617368,1.056579721970856,1.6893693208694458,1.2252434492111206,2.0023350715637207
1774472551745319700,53.26431958007812,-0.0098550390601158,0.6584950345225632,0.6315875922441482,0.1904913634061813,-0.1151366159319877,0.3636066019535064,2.834376453706622,0.5873059674471617,1.0558014310747383,1.1176320314407349,2.7284438610076904,-1.6003035306930542,-2.83301860935688,4.092842145329714,0.7733250904038548,1.6175726652145386,1.1233288049697876,2.007326602935791
1774472551755347500,53.27434741210938,0.0855856950879097,0.6007065701596439,1.0343892252117397,0.1243770569562912,-0.1683311313390731,0.4408547878265381,2.363691371080279,0.6510275481861084,1.156215131329745,1.1499316692352295,2.607215642929077,-1.8140292167663568,-2.4607477237313984,4.107826363971829,0.7197045593753456,1.5451771020889282,0.930595874786377,2.0578322410583496
1774472551765375500,53.28437548828125,0.1305430271893739,0.4639074051849544,1.0965268246948718,0.0619616955518722,-0.2099020332098007,0.4825148284435272,1.8723194742560385,0.7865399612858891,1.1425644993789494,1.174421787261963,2.487377166748047,-2.029236555099488,-2.44067699560523,4.151438711205125,1.0088877042084932,1.4891124963760376,0.6846106052398682,2.1533849239349365
1774472551775403500,53.29440356445313,0.073788874310255,0.213775291018933,0.9430424823790788,0.0175470933318138,-0.2089733928442001,0.495229035615921,1.2720470577299594,0.8657808173917233,1.2455575486026704,1.1955077648162842,2.3670430183410645,-2.224026679992676,-2.439834115040302,4.212222265730798,1.4706158656582236,1.441445231437683,0.3964346945285797,2.279428005218506
1774472551785431600,53.304431640625,0.0426239207178354,-0.0876022956073284,0.678832158499956,-0.0232793539762496,-0.1840812563896179,0.4586228728294372,0.7053256131500005,0.8253118827506899,1.352615801438689,1.2166955471038818,2.244976758956909,-2.383830547332764,-2.326764200699329,4.255744304332137,1.8112091719940304,1.402351975440979,0.0891650095582008,2.4253361225128174
1774472551795459600,53.31445947265625,-0.0420218631714582,-0.2780751831024885,0.3507189790308475,-0.0351783595979213,-0.1259497702121734,0.4046917259693146,0.6096171679764986,0.5979074409604073,1.2086620885342358,1.2193078994750977,2.13610577583313,-2.537264585494995,-2.1978829692423343,4.304679892414808,2.0549857796534896,1.388331413269043,-0.1882921606302261,2.585764169692993
1774472551805486300,53.324486328125,-0.0388151760846376,-0.5133515273116529,0.1254483343988656,-0.0325609743595123,-0.0908815637230873,0.3466510474681854,1.0362772309154271,0.2572951376631855,0.8958125291705131,1.225063443183899,2.068859815597534,-2.7265045642852783,-1.88656544175148,4.346191760237515,2.1780966110154987,1.4091682434082031,-0.4369578957557678,2.7093207836151123
1774472551815514600,53.3345146484375,-0.1286898005381226,-0.6455019896976649,-0.0127612818956375,-0.0098609877750277,-0.0665019229054451,0.2973524630069732,1.0357038149416449,0.1204201309733092,0.7439432208359241,1.2507537603378296,1.9634448289871216,-2.904231309890747,-1.0691104099810125,4.077413690051436,1.94405404638499,1.4222545623779297,-0.677646279335022,2.7764196395874023
1774472551825542400,53.34454248046875,-0.1538303792744874,-0.6856339474692941,-0.0695949297517538,0.0315590314567089,-0.0570981837809085,0.2698234319686889,0.4353583331793546,0.3693257720842957,0.9281579247191548,1.2754662036895752,1.7430975437164309,-3.012442111968994,-0.1267594169974327,3.619085692434013,1.0568883495286103,1.3521559238433838,-0.9494953751564026,2.817221164703369
1774472551835570700,53.35457080078125,-0.1182052314028143,-0.6711806208334863,-0.0605284107208251,0.0797542557120323,-0.0685718804597854,0.2617992758750915,0.1052022497057914,0.9095306733995676,1.040712875275314,1.282572865486145,1.564998984336853,-3.1055266857147217,0.4064800292193889,3.4262872846007344,-0.1206532090768218,1.2049336433410645,-1.162583351135254,2.91642165184021
1774472551845598500,53.36459838867187,-0.0689040248781442,-0.5317939235836268,0.0073626377224922,0.122072659432888,-0.0831224247813224,0.2714773118495941,-0.1432207224547863,1.6272092799052595,1.1946893850222229,1.271238923072815,1.4944329261779783,-3.214824676513672,0.4141553861528634,3.666272975544631,-0.6803384714096784,1.0514487028121948,-1.2299774885177612,3.0476465225219727
1774472551855626500,53.37462646484375,0.010775953297317,-0.2892966882102191,0.0602729746550321,0.1613119393587112,-0.1023847982287406,0.2951948940753937,-0.549197478327155,2.461205696631968,1.4422367433920502,1.222315549850464,1.4885809421539309,-3.338355302810669,0.93289459785223,3.788013687597215,-0.6513447243764996,0.907346248626709,-1.2458168268203735,3.174011468887329
1774472551865654500,53.38465454101563,0.0240048527047038,-0.0025160744741559,0.0952455038368702,0.1908984035253524,-0.1181418672204017,0.3247436583042145,-0.7872574619054794,3.0921327791407704,1.4013435919895767,1.1144194602966309,1.4754966497421265,-3.4483609199523926,1.3669851030528544,3.6428830398678778,-0.8783937768578529,0.7516030073165894,-1.2437647581100464,3.301968574523926
1774472551875682600,53.3946826171875,-0.0139475690707564,0.2141211818471551,0.069581485748291,0.2133645713329315,-0.1224934756755828,0.3468321561813354,-1.241444998717308,3.272513019427657,1.2150137956485152,0.9948386549949646,1.3167582750320437,-3.459118127822876,1.325457160878181,3.618312662234902,-0.9378159799024464,0.6233024597167969,-1.1905293464660645,3.423279047012329
1774472551885710600,53.40471069335938,-0.0558364535123109,0.3171320589885115,-0.0246902046203613,0.2310930639505386,-0.1144861355423927,0.3674225211143493,-1.9621435375660656,2.9102666842103004,0.8774491894841193,0.8959386944770813,1.0910871028900146,-3.385250329971313,1.3270143271923065,3.727546651674807,-0.3074725425004959,0.5381010174751282,-1.1454704999923706,3.5325095653533936
1774472551895737600,53.41473754882813,-0.0779173524171114,0.3450200367368757,-0.1139998886674642,0.2439718544483184,-0.1040638536214828,0.3815018534660339,-1.6087831041157246,2.0775182217180728,0.0959603741079568,0.8457551002502441,1.0446075201034546,-3.322164297103882,1.2709785517156122,3.96813556920886,0.5352732901319861,0.4797642827033996,-1.1112582683563232,3.6885132789611816
1774472551905765600,53.424765625,-0.0877785289570689,0.2668731133475899,-0.124088151961565,0.2523249387741089,-0.0928728058934211,0.3916157484054565,-1.3401122936964034,1.3542621073409915,-0.2657254046171903,0.8817729949951172,1.183571219444275,-3.2513060569763184,1.420440798908472,4.185432166221737,1.153830720411241,0.4767543971538543,-1.0581071376800537,3.8038034439086914
1774472551915793700,53.43479370117188,-0.0514738743886351,0.1461754806071519,-0.0564057778328657,0.2566390037536621,-0.0721430256962776,0.3886721432209015,-1.371331607824564,1.255896717917919,-0.1705214018344879,0.9625895619392396,1.4244630336761477,-3.1705222129821777,2.630007142806053,3.789195006336272,1.1244038426578045,0.4536560475826263,-1.1121631860733032,3.81057071685791
1774472551925821400,53.444821533203125,-0.0121188923388719,0.0149887486867606,0.0798024355113506,0.2503901124000549,-0.0695714503526687,0.3735440373420715,-1.010374143373966,1.7699273135349154,0.0785568193644285,1.0425493717193604,1.672790288925171,-3.100410223007202,3.651246379065513,3.035537031693756,-0.2496609895229339,0.3658944964408874,-1.2554525136947632,3.779943227767944
1774472551935849500,53.45484936523437,-0.0239677355647087,-0.1413667651511728,0.2002776576727628,0.2297122925519943,-0.0792126208543777,0.3554739654064178,-1.138787757319212,2.596050804929435,0.5950397765696048,1.095317244529724,1.726768136024475,-2.959114789962769,3.8076948318839072,2.886851906353235,-1.59656630436033,0.2637088894844055,-1.300206184387207,3.739776611328125
1774472551945877500,53.46487744140625,-0.046964580270648,-0.3053244245558977,0.2757704132914543,0.2029497325420379,-0.0994056090712547,0.3319023251533508,-1.9476193376511333,3.249166046109796,0.8492904319703578,1.0828454494476318,1.661605715751648,-2.769134521484375,3.551769521269202,3.364446622237563,-1.5938202205225824,0.1504880487918853,-1.2385478019714355,3.7111976146698
1774472551955905500,53.47490551757812,-0.0325438407301902,-0.4489072583213448,0.2660807939261198,0.162464365363121,-0.122546873986721,0.2976008057594299,-2.372693008181453,3.3376416174203154,0.495099392914772,0.9975471496582032,1.6331111192703247,-2.570214033126831,3.119815443575382,4.054829517799615,-0.84371000148952,0.0216823350638151,-1.128926396369934,3.777900457382202
1774472551965933600,53.48493359375,-0.0407014282226562,-0.5499379214309156,0.2135048035144806,0.1222755163908004,-0.1389101296663284,0.247679203748703,-2.5225702659159897,2.8702169978946444,-0.1511556071072816,0.8500469326972961,1.6739813089370728,-2.3873865604400635,2.775022347462177,4.5466427286505695,0.0450175378561019,-0.0748066529631614,-1.0014065504074097,3.889405488967896
1774472551975960600,53.494960693359374,-0.0551551932498812,-0.6001116730064153,0.1153513032764196,0.0747657939791679,-0.1467233151197433,0.1947917491197586,-2.457698273032904,2.406003741630912,-0.713486123251915,0.6922266483306885,1.7915852069854736,-2.245696783065796,2.994941694194078,4.2228795610845085,0.7816749855980276,-0.128901794552803,-0.9179047346115112,3.982461214065552
1774472551985988600,53.50498852539062,-0.0258063491687178,-0.5585492440402507,0.0193020818412303,0.0410852394998073,-0.1587519198656082,0.1583980470895767,-2.2541683355659243,2.2599644546240567,-0.843277455291152,0.5726280808448792,1.912312388420105,-2.146355152130127,3.4428058732032776,3.4855519589960573,0.8627560627430677,-0.1599457263946533,-0.9391836524009703,4.002638816833496
1774472551996016400,53.51501635742188,0.0098030166119337,-0.5085230842418968,-0.0665863955855369,0.0249685868620872,-0.1725968867540359,0.1461232751607895,-1.6647843928009272,2.235146824231744,-0.6352338397920131,0.5033804178237915,1.968996524810791,-2.084775924682617,4.340706899085641,2.963375174063444,0.2845724361672997,-0.1817543655633926,-1.0457597970962524,3.973946332931519
1774472552006044700,53.52504467773438,-0.0063461541563272,-0.4933233231529593,-0.1415162566244602,0.0251634661108255,-0.1726783215999603,0.1602058261632919,-1.5019161360681057,2.0841472844690085,-0.1650637209504842,0.4959156215190887,1.8623312711715696,-2.000661611557007,4.858448331919313,2.970559532609582,-0.4771376197665929,-0.2210378646850586,-1.072486162185669,3.92612361907959
1774472552016072400,53.53507250976563,-0.0169800686344504,-0.4372511611886322,-0.1894207480937242,0.0336602851748466,-0.1633865535259246,0.1849159598350525,-2.043725842231512,1.660271299290657,0.0842336959570646,0.5011129975318909,1.749866247177124,-1.8974348306655884,5.063859845349192,3.407854386809468,-0.8590101542130112,-0.2896840274333954,-0.9524951577186584,3.826985120773315
1774472552026100700,53.54510083007813,0.0526204140752553,-0.3106239922687411,-0.1959329064667224,0.0486879833042621,-0.1341692954301834,0.2223520129919052,-1.8777461754798888,0.9185545223325492,0.0547673629760742,0.5020586848258972,1.596759796142578,-1.9419705867767327,5.319551347208023,3.6958658575147374,-0.8754173913955688,-0.3829540610313415,-0.7163966298103333,3.771742343902588
1774472552036128500,53.55512841796875,0.1306836047038435,-0.1110991987898945,-0.1957861914724111,0.0667335614562034,-0.0899392515420913,0.2606008648872375,-1.1960966214716433,0.2904121021062135,0.4127542871832847,0.4930146038532257,1.3680689334869385,-2.1399805545806885,5.408894933524728,3.4946453660339114,-0.6790919784799218,-0.437936782836914,-0.4697656035423279,3.712613105773926
1774472552046156500,53.56515649414062,0.1953618285804987,0.0933731340937316,-0.2598456989288329,0.082166813313961,-0.0498883351683616,0.2998786270618438,-0.8100035467207432,0.1669996574491262,1.0478940189510584,0.4676778316497803,1.0756226778030396,-2.3876376152038574,5.889902088201046,2.5668980679422617,-0.4323337246611714,-0.4561333358287811,-0.3984775841236114,3.6128902435302734
1774472552056184600,53.5751845703125,0.2309171260863542,0.2460314008489251,-0.3830179050892591,0.0994991958141326,-0.0286858454346656,0.3354725837707519,-0.4262061816915869,0.3100087829798459,1.6975702255934475,0.4455228447914123,0.6889565587043762,-2.696751832962036,6.155473179039359,1.6845973467737436,-0.6913400501564144,-0.4655178487300873,-0.4761828780174255,3.4752414226531982
1774472552066212600,53.58521264648437,0.1924029787749052,0.3046830579124391,-0.528553918749094,0.1194521859288215,-0.0153097659349441,0.3615282773971557,0.1179702536031603,0.4845581251561641,2.2989719384104013,0.4607196152210235,0.2607293128967285,-3.026280164718628,6.144588212409615,1.7222691980421545,-0.8480491997376084,-0.4501074552536011,-0.5950254201889038,3.322875738143921
1774472552076239600,53.59523950195312,0.183725459061563,0.2664808991596102,-0.6108411568135023,0.1382256150245666,0.0029496643692255,0.3759998977184295,0.2598562203228473,0.5513976187199354,2.6479291684657333,0.5432937145233154,-0.2396633923053741,-3.2954015731811523,5.997851006266474,2.3126456589758395,-0.5380769493758678,-0.4319459497928619,-0.6982036828994751,3.194514513015747
1774472552086267400,53.60526733398437,0.2400456044375896,0.2034456201843917,-0.5268535445719957,0.149231806397438,0.0220536645501852,0.3997539579868316,-0.3338368178129196,0.3643693187206983,2.583024442356825,0.6551843285560608,-0.6691087484359741,-3.425461530685425,5.641902309888601,2.773063030087948,-0.1018318964898586,-0.4438569247722626,-0.8051778078079224,3.088003635406494
1774472552096295700,53.61529565429687,0.3468804237812757,0.1785384118124842,-0.3101192576169967,0.1541930139064788,0.0296729672700166,0.4203114509582519,-1.0284192108914256,0.0696586426377296,1.9391683201700447,0.7601184844970703,-0.8694926500320435,-3.422683000564575,5.310469046086072,2.927375055399537,0.3426286115556955,-0.4766424000263214,-0.9676713943481444,3.009798288345337
1774472552106323500,53.62532348632813,0.4588040906965732,0.1358287125073373,-0.0501841268390417,0.1545713096857071,0.0141983097419142,0.4470357298851013,-1.3575643637567758,0.0145142630428075,1.3405576993763446,0.8596365451812744,-0.7966650724411011,-3.281283378601074,5.136814606922864,2.7815917889803647,0.9396969713434576,-0.4598628878593445,-1.1548173427581787,2.945411443710327
1774472552116351500,53.6353515625,0.4676134200960397,0.0357202788092195,0.1488245338112115,0.1529465168714523,-0.0161092616617679,0.471759170293808,-1.3577812213778495,0.4855050506174564,0.9764157596707344,0.9654384851455688,-0.6590002775192261,-3.0937790870666504,5.473516166517138,2.0221020394444467,1.5510706275984645,-0.402849942445755,-1.397483229637146,2.830383539199829
1774472552126379500,53.64537963867188,0.4198363543987274,-0.0944828489013016,0.2448889528155326,0.1572743207216262,-0.0619899705052375,0.4917079508304596,-1.249361763191223,1.2297796953648328,0.7492226225435733,1.052931785583496,-0.4920651018619537,-2.870129108428955,6.016833354634046,0.9415326623380184,1.2995534888148308,-0.3162319660186767,-1.7282049655914309,2.6404550075531006
1774472552136407600,53.655407470703125,0.3569493978530168,-0.2289668688014149,0.2822749728798866,0.1590594351291656,-0.0967942923307418,0.4969386756420135,-1.235851708754897,1.8571160599052905,0.6059504621624946,1.130133867263794,-0.3546973764896393,-2.6505701541900635,6.513310465642809,0.4215314678788185,0.6188825705803931,-0.2333698123693466,-2.041491746902466,2.403299331665039
1774472552146435600,53.665435546875,0.3290419847518205,-0.3145233377948403,0.277093186327815,0.163230687379837,-0.1246346458792686,0.492857426404953,-1.0295046680405735,2.2881430858820675,0.560376459467411,1.2017271518707275,-0.2319165915250778,-2.469921588897705,6.62957362306714,0.4978583362340927,0.0854987474568188,-0.1792487949132919,-2.228725910186768,2.1593143939971924
1774472552156462300,53.67546240234375,0.3049760495096444,-0.3246121856108308,0.2570475926429033,0.1714345514774322,-0.1364316642284393,0.4774233102798462,-0.9231181769862772,2.4639631786465643,0.5363654692828655,1.2544467449188232,-0.1337079107761383,-2.3181042671203613,6.403831853792071,0.8117126887261867,-0.1319118313245475,-0.1635946035385131,-2.304595232009888,1.9423706531524656
1774472552166490600,53.68549072265625,0.2888660417079925,-0.2862432919889688,0.2215922483801841,0.1790119409561157,-0.1361065208911895,0.4562385380268097,-0.92127547172904,2.3500801943570373,0.3603530688166618,1.2597312927246094,-0.0489203184843063,-2.1889655590057373,5.847207440334558,1.0520072994887828,-0.0173654146902263,-0.1694644689559936,-2.4007444381713867,1.7671679258346558
1774472552176518400,53.69551831054687,0.2449047349065542,-0.246962982610613,0.1582663158953189,0.1953293979167938,-0.135902002453804,0.441007912158966,-0.9769996970385312,2.103568608775735,0.1281681147515773,1.2211337089538574,0.0112585183233022,-2.095858335494995,5.268514402931928,1.1430056672751905,0.4113365293398499,-0.1806524842977523,-2.591599702835083,1.624595046043396
1774472552186546700,53.705546630859374,0.2136129400640726,-0.2679299289241433,0.0537999792486429,0.213009774684906,-0.131073459982872,0.430029422044754,-0.94829484994933,1.830081922507286,-0.0624555793911218,1.1592615842819214,0.0415674187242984,-2.03010892868042,4.741241756165027,1.1252554910510777,0.948922480328381,-0.1877093166112899,-2.8443033695220947,1.508689284324646
1774472552196574500,53.71557446289062,0.2035866360902786,-0.3249270967788994,-0.0754366415172815,0.2362136244773864,-0.1163515150547027,0.4204676151275635,-0.9363871161431072,1.5126386056125165,-0.2606026547759771,1.0827592611312866,0.0214759912341833,-1.9802157878875728,4.294899379895627,1.053640453648567,1.3757912175819278,-0.1920901536941528,-3.0911035537719727,1.4187018871307373
1774472552206602500,53.7256025390625,0.1868967825740575,-0.3764079854302108,-0.1965332104474306,0.2542204260826111,-0.0902181416749954,0.4062456786632538,-1.0445312645196914,1.2092518711209297,-0.4504337372362613,0.993453323841095,-0.0484863147139549,-1.92523455619812,3.964603595690429,0.942393078559637,1.635510513652116,-0.1931900382041931,-3.274454593658448,1.354631781578064
1774472552216630500,53.73563061523438,0.1760235063821077,-0.3435271678306162,-0.2294955688506364,0.258032739162445,-0.0742106810212135,0.3981949388980865,-1.0958008485078812,0.7856219696581364,-0.869780846813321,0.9008517265319824,-0.1152612641453743,-1.87303626537323,3.7381165610060094,0.7570628146499395,1.7215245171546936,-0.1806176453828811,-3.365566730499268,1.307733178138733
1774472552226658600,53.745658447265626,0.1705097113966941,-0.1981217948131263,-0.1811000789940357,0.2529622912406921,-0.0535860359668731,0.3941000699996948,-0.8786861839331686,0.6163660577148199,-1.1489905869036912,0.8195779323577881,-0.1685457974672317,-1.8746639490127563,3.5772505840063094,0.5233148490518331,1.6657050147771837,-0.1425616145133972,-3.4737114906311035,1.2615289688110352
1774472552236686600,53.7556865234375,0.2208963750705122,-0.0485661702483892,-0.1020148518413305,0.2414595782756805,-0.0391620881855487,0.3899234533309936,-0.6965997242502868,0.788558023110032,-1.0971312203288075,0.7717313170433044,-0.1898583620786667,-1.8334150314331048,3.902108268810808,0.1525304025918245,1.5592532034017146,-0.0753168836236,-3.686671257019043,1.186739802360535
1774472552246713600,53.76571362304688,0.2733539997994899,0.0224449099116027,-0.0555365937829017,0.2240194678306579,-0.0244416091591119,0.3867979347705841,-0.9576888473689557,1.163528815343976,-0.9767471835821866,0.7152352929115295,-0.2230836898088455,-1.7660818099975586,4.561672832261026,-0.5116670813560485,1.3379428407028318,-0.0439634844660759,-3.737931728363037,1.0789265632629397
1774472552256741600,53.77574169921875,0.284202726072073,0.0036421558946371,-0.0550812512308359,0.2055115550756454,-0.0200929325073957,0.3827768266201019,-0.9602822248630224,1.6371803465604782,-0.8263818500697613,0.6530768871307373,-0.284534752368927,-1.685393452644348,4.720082356019318,-1.170032205888629,0.8590070854730903,-0.0782396867871284,-3.644077301025391,0.9705116748809814
1774472552266769700,53.78576977539063,0.2442342882990837,-0.0632809242993593,-0.0900719005912542,0.1877881586551666,-0.0162913501262664,0.3706574738025665,-1.1568592744521795,1.8040531627595424,-0.9271545928955076,0.5949824452400208,-0.3621411323547363,-1.5961008071899414,4.617479475156963,-1.456400001040101,0.2665611247889697,-0.1430825889110565,-3.441756248474121,0.8709784150123596
1774472552276797400,53.79579736328125,0.1966770028322935,-0.1992860162869095,-0.1483896495252847,0.1757842153310775,-0.0040274928323924,0.3559413850307464,-1.0983042096309363,1.9246242465108632,-1.0341425569742917,0.5271399021148682,-0.437993437051773,-1.530882477760315,4.468177094700932,-1.303144206783175,0.0249769856724888,-0.209674596786499,-3.3492672443389893,0.7718163132667542
1774472552286825700,53.80582568359375,0.1552276788517832,-0.3493894839927554,-0.22544190954566,0.1602087765932083,0.024405974894762,0.3287909626960754,-1.0887887777887284,1.8250328224241728,-1.1607657803714275,0.4448996484279632,-0.4882496893405914,-1.4714736938476562,4.5514527592808,-0.9304261619120836,0.0484232546463608,-0.2085278332233429,-3.19251012802124,0.69771808385849
1774472552296853500,53.815853515625,0.1859080637976527,-0.4478713394023478,-0.3074234426617622,0.1429791897535324,0.0653717815876007,0.2899833917617798,-1.1765472868710756,1.662456826636195,-1.1144804145365952,0.3575564622879028,-0.5427221059799194,-1.4163365364074707,4.256740037371218,-0.5848831242144108,0.616778876299411,-0.1959640830755233,-2.9805350303649902,0.6163268685340881
1774472552306881500,53.82588159179687,0.1768345305040478,-0.5229486460879444,-0.3973895447909831,0.1327915340662002,0.0914385393261909,0.2549053132534027,-1.0763513940852134,1.4675480025202037,-1.031178446471691,0.2741055190563202,-0.6063231825828552,-1.3808773756027222,4.01037896617651,-0.477745522531867,0.7592682888049632,-0.190069168806076,-2.749056100845337,0.5341606140136719
1774472552316909600,53.83590966796875,0.1460103531733155,-0.5443620209947229,-0.4802262334316968,0.1218818947672844,0.1081024706363678,0.2190450429916381,-1.0311685095995664,1.177762507879734,-0.984807155919075,0.1884998828172683,-0.6541096568107605,-1.3377032279968262,3.7543639314517376,-0.5009048643231392,0.7005358946554362,-0.1813821494579315,-2.5354182720184326,0.4516962766647339
1774472552326937300,53.845937255859376,0.1049576272949576,-0.6178261933952569,-0.463944376194477,0.1114611625671386,0.1355396062135696,0.1901927292346954,-1.177942467556521,0.9635258829593658,-0.9727654204696417,0.106631115078926,-0.6600466370582581,-1.268770694732666,3.539483163408935,-0.5813064347714185,0.6698703419525176,-0.1774260252714157,-2.322103500366211,0.3769538402557373
1774472552336964600,53.85596459960937,0.0781421010836958,-0.606655541691929,-0.4524591055840253,0.0995219424366951,0.1560017466545105,0.1788346171379089,-1.2763450471848248,0.879600230038166,-1.0078484242886303,0.0333741120994091,-0.641241729259491,-1.1774429082870483,3.3217350232362746,-0.7503489962249994,0.603451119627431,-0.1801303923130035,-2.114417552947998,0.3164535760879516
1774472552346992400,53.86599243164063,0.0662362669736146,-0.4927255033902823,-0.3356903367251158,0.0899961665272712,0.1636695563793182,0.1799631416797638,-1.4188625898063183,0.7876099286049604,-1.1152502298653124,-0.0269073396921157,-0.5856213569641113,-1.0555225610733032,3.1290219555988905,-0.975420318892598,0.5245189641445875,-0.1929718852043151,-1.949516654014588,0.2484974414110183
1774472552357020700,53.87602075195313,0.0365817179441452,-0.3148055157370865,-0.1576467226922512,0.0832069665193557,0.1422798484563827,0.1837845146656036,-1.5924001245915889,0.7529875280350447,-1.1637532717496155,-0.078557439148426,-0.4701691269874573,-0.909132719039917,3.024131256060302,-1.0821329731613396,0.4817621377620846,-0.2008664906024933,-1.7420711517333984,0.1799851208925247
1774472552367048400,53.88604833984375,-0.0141620886042714,-0.0958532604716718,0.0895411547154188,0.0819620192050933,0.1057566478848457,0.1923457682132721,-1.6780629765689372,0.8254396007835865,-1.1347259147077795,-0.0937142893671989,-0.3323931694030761,-0.7484210729598999,2.8818679804608225,-1.0834586688071488,0.5689300605401396,-0.1496965140104293,-1.501125693321228,0.1295533627271652
1774472552377076700,53.89607666015625,-0.0588359275892376,0.0448867510832846,0.3539268351614475,0.0908247530460357,0.0640888288617134,0.2130816578865051,-1.738856029575318,0.9843775323301552,-0.9269874196350574,-0.0712182223796844,-0.1931440383195877,-0.5689913630485535,2.724997502838075,-1.0329431180566548,0.809903666542843,-0.0809899196028709,-1.3232781887054443,0.0554490983486175
1774472552387104500,53.9061044921875,-0.0615247282817959,0.1562475234188139,0.6051040744662285,0.1000367254018783,0.0083270743489265,0.2358561009168625,-1.8001649231493473,1.1043991655051708,-0.8567273039728402,-0.0445874072611331,-0.0593758523464202,-0.3732077777385711,2.808355585004389,-0.9399906935930252,0.7538630687605589,-0.0281892903149127,-1.20621919631958,-0.0230747368186712
1774472552397132500,53.91613256835937,-0.0856277806639671,0.2363607784450054,0.7269003160983324,0.1212360188364982,-0.044584609568119,0.2512787282466888,-1.8107598207913336,1.1704565687805413,-0.8755863182216882,-0.0264901835471391,0.0366512425243854,-0.1982556134462356,2.781152520780265,-0.7842541884362697,0.656913902810961,0.0134962452575564,-1.1468901634216309,-0.0882110148668289
1774472552407160600,53.92616064453125,-0.0730430243790149,0.2330234507158398,0.7792734774142503,0.1456155329942703,-0.0816077664494514,0.2618038654327392,-1.6409183640450238,1.1472019499212502,-0.9131967946916818,-0.0375412367284297,0.0973987430334091,-0.0555011257529258,2.6260151505604385,-0.6823883896768093,0.5912277074681594,0.0643109530210495,-1.0599957704544067,-0.1240038946270942
1774472552417188600,53.93618872070312,-0.0119102180242538,0.2378406417392194,0.7767331452816725,0.1681858301162719,-0.090847335755825,0.2829192578792572,-1.4958511369407177,1.0866372988432644,-0.92675887157619,-0.0692100748419761,0.1287424862384796,0.0498645976185798,2.327560611774027,-0.5215957701742648,0.5718232246983797,0.1208490282297134,-0.9241895079612732,-0.1487852334976196
1774472552427215600,53.94621557617187,0.0816594615548849,0.1728270484283566,0.7207914778292178,0.175817996263504,-0.1191111728549003,0.2915064394474029,-1.4030126942455767,1.0461755245953797,-0.8503256202369928,-0.1242056861519813,0.1464109569787979,0.1276848316192627,2.0778806252896787,-0.410797307896614,0.4069794301088899,0.1815445870161056,-0.772685706615448,-0.1693229973316192
1774472552437243400,53.95624340820312,0.0179153036579489,0.2692151464290916,0.5994979250222444,0.1835595369338989,-0.1577994525432586,0.3009068667888641,-1.3846271427273749,0.9679133042633532,-0.8014204272925853,-0.1830864995718002,0.1649227291345596,0.199557676911354,1.909557025760412,-0.4067933329522609,0.1231601138638332,0.2294771075248718,-0.618017852306366,-0.1863119751214981
1774472552447271700,53.96627172851562,-0.0275046775192022,0.0606450228378176,0.4541267465353011,0.1813309639692306,-0.184636190533638,0.3022748231887817,-1.409530697837472,0.916486483886838,-0.7494500015586614,-0.2337089329957962,0.1856479793787002,0.2728308439254761,1.7563453629061578,-0.4446387872219085,-0.1386688678367063,0.2672745585441589,-0.4922694861888885,-0.1956674009561538
1774472552457299500,53.97629956054688,0.002711597046256,-0.0666448477745056,0.3168266463011503,0.1709579527378082,-0.1816707551479339,0.3020026683807373,-1.2464970214098692,0.8697405148029327,-0.7197872692227363,-0.2622909545898437,0.1883885115385055,0.3355928063392639,1.644739383637905,-0.4313648796290159,-0.2755593643566593,0.2791099846363067,-0.3752553164958954,-0.2015173733234405
1774472552467327500,53.986327392578126,0.0233440507084131,-0.0980453636884689,0.164705993553996,0.1588926613330841,-0.1809233576059341,0.2945822775363922,-1.030870987957716,0.7874784111797809,-0.6882680953651666,-0.2791639566421509,0.1662209033966064,0.3797104656696319,1.5386185577824711,-0.3796726863145828,-0.3575766629058867,0.2511334717273712,-0.2561715245246887,-0.2013184428215026
1774472552477355500,53.99635546875,0.0503095067843794,-0.2202083928063511,0.0745259564131498,0.1434601694345474,-0.1921310126781463,0.281449407339096,-0.7791830226518214,0.696025869885087,-0.6220750830113887,-0.2936631739139557,0.1243068948388099,0.4039708375930786,1.4322998712673782,-0.4423971457749605,-0.5318731262996792,0.1703902631998062,-0.014695530757308,-0.1805843561887741
1774472552487383600,54.006383544921874,0.0246910814031958,-0.318089798104763,0.0432230556547641,0.12582328915596,-0.2066187560558319,0.274983286857605,-0.6593827040772885,0.588920416906476,-0.4951058226555586,-0.3146582245826721,0.0950850918889045,0.4287430047988891,1.112992514066398,-0.5442243660897016,-0.8715417920712382,0.0990798696875572,0.2365082055330276,-0.1878854185342788
1774472552497411600,54.01641162109375,0.0133002110779285,-0.3962899129860103,0.072556117644906,0.109156422317028,-0.2255056202411651,0.2698950469493866,-0.5934096911497414,0.5019242704987525,-0.3744102357417345,-0.3274137377738952,0.0621510483324527,0.4460469782352447,1.1790320894241333,-0.6061912851810455,-0.9800472480408848,0.1188935041427612,0.1638931781053543,-0.2403994798660278
1774472552507439600,54.02643969726562,-0.0001236263796687,-0.3955531231440603,0.1289367610365152,0.0942439138889312,-0.2451894730329513,0.2669857740402221,-0.5246212554752826,0.3532277469813824,-0.2054711346626281,-0.325377494096756,0.0342725440859794,0.4654531478881836,1.7789795117795466,-0.4455857126832008,-0.1738807952649891,0.1715186387300491,0.0260170772671699,-0.2504907250404358
1774472552517466600,54.036466552734375,0.0391381244286894,-0.2978140489257871,0.1774567540556192,0.0799808204174041,-0.2575883269309997,0.2709072828292846,-0.5174018256157636,0.1677998679161071,0.030287586236,-0.2982138991355896,0.0175742842257022,0.4841939508914947,1.5591396600246428,-0.2586281398326158,0.4242210722889751,0.1474411189556121,0.0351584032177925,-0.2620881199836731
1774472552527494400,54.04649438476562,0.0683209642931819,-0.1999804282918572,0.2031692874610424,0.0723756626248359,-0.264247179031372,0.2728475332260132,-0.4219084844976663,-0.0067255088627338,0.2209469362139701,-0.2610220313072204,0.0087022306397557,0.4893141388893127,1.2828510680779814,-0.3225309954226016,-0.0793667840404435,0.078947015106678,0.0722367912530899,-0.2749522626399994
1774472552537522400,54.0565224609375,0.0932522841930389,-0.0949151028387248,0.1642524045675993,0.0638708546757698,-0.2576217651367187,0.2802409827709198,-0.3216951291203498,-0.0734703098803758,0.3254775702685117,-0.2291847169399261,0.0025392621755599,0.4874893426895141,1.2046011227056383,-0.3731780635982751,-0.2777793236947618,0.0332752652466297,0.2329575419425964,-0.2714782655239105
1774472552547550500,54.06655053710937,0.0765326200604438,-0.0118988198474049,0.0949450595855712,0.0594098381698131,-0.2439845651388168,0.2837830185890198,-0.3114684802688658,-0.0316343246698379,0.2868190460503101,-0.2182220816612243,-0.0032901312224566,0.4848935604095459,0.7258139821663498,-0.199421333104372,-0.3155872406993061,0.0185461211949586,0.7162208557128906,-0.2724806666374206
1774472552557578500,54.07657861328125,0.0663882426649332,0.1116574171945452,-0.0170078334242105,0.0510315336287021,-0.2305609136819839,0.2869338095188141,-0.2992192395485937,0.0776502259135246,0.1137228252917528,-0.2252407670021057,-0.0004484132805373,0.4804268479347229,0.1306669458299875,-0.1231032325774431,-1.0078539772465824,0.0760651975870132,0.7752004265785217,-0.294750839471817
1774472552567606500,54.0866064453125,0.0494578583911061,0.1844042351059615,-0.1249894847154617,0.0545769967138767,-0.216120183467865,0.2805406153202057,-0.2347754820149391,0.1897656160086393,-0.0370639485031366,-0.2333034873008728,0.0060566239990293,0.4833739101886749,0.6372936949312686,-0.1301414606511592,-0.3781321058090776,0.1211474537849426,0.7161770462989807,-0.3162127435207367
1774472552577634600,54.096634521484376,0.016426818665862,0.1906827308535575,-0.2533949153542518,0.0636730268597602,-0.1958958655595779,0.2665422260761261,-0.123248778527975,0.2139297509282827,-0.0076823711961507,-0.2266080677509308,0.0190257728099823,0.4767212569713592,0.4418596778973936,-0.0316916078150272,0.0476798524005338,0.1293900907039642,0.6977075934410095,-0.3353593051433563
1774472552587662300,54.10666235351562,0.0289668590262532,0.2363267300449311,-0.4003413803339004,0.072344496846199,-0.1313731968402862,0.2670350670814514,0.1311491763889789,0.178900523123145,0.1406499951839447,-0.1988368928432464,0.025430142879486,0.4622275233268738,0.2522740946307778,0.0871761791497468,0.0733111372632905,0.1173976063728332,0.6888464093208313,-0.3332836329936981
1774472552597690600,54.11669067382813,0.0863379747599363,0.2431185821421444,-0.4646434643745422,0.077311560511589,-0.0943411439657211,0.2652938961982727,0.2896079461164772,0.1115448967307806,0.2810579983055591,-0.1626750081777572,0.0284131541848182,0.4399616718292236,0.1135886775180697,0.1894026279151439,0.069135787807405,0.0951459780335426,0.6755703091621399,-0.3387520313262939
1774472552607717600,54.12671752929688,0.0658089814722538,0.1399605516150593,-0.4580027111858129,0.0811427757143974,-0.0655113384127616,0.2600778639316559,0.3110252665460109,0.0497656091660261,0.3067623484045267,-0.1361576467752456,0.0141271594911813,0.4072791039943695,0.1822457418978214,0.2269704342871904,0.0473567213933914,0.0817521438002586,0.6234930157661438,-0.3479172885417938
1774472552617745700,54.13674560546875,0.0089829324007034,0.0539854188181459,-0.477491840031743,0.0808636769652366,-0.0349241383373737,0.2563606202602386,0.3071393650233745,-0.0075894322156906,0.2020095960319042,-0.1202026456594467,-0.0175868384540081,0.3692405521869659,0.2011807439923286,0.2910311107873916,0.1470100682677701,0.0755281150341034,0.5318481922149658,-0.3494501411914825
1774472552627773400,54.1467734375,0.0099196287289261,-0.0880563229851424,-0.345481078377366,0.0764228701591491,-0.0210706535726785,0.2342598289251327,0.259551830548793,-0.0803659146130084,0.0577209520846605,-0.1112967655062675,-0.0432549193501472,0.3278340101242065,0.0786167328581213,0.3780716808587313,0.2036152411302551,0.072828471660614,0.4146105051040649,-0.3382126688957214
1774472552637801700,54.1568017578125,0.0332645562201738,-0.2352441955052316,-0.235303962868452,0.0760508328676223,-0.0110065676271915,0.2129659950733184,0.2033960819542407,-0.115218032285571,-0.0099152448147535,-0.105620265007019,-0.0544655881822109,0.2917847633361816,-0.067651102207601,0.3785334531515836,0.3034196503804996,0.0729221329092979,0.2979200482368469,-0.3204643130302429
1774472552647829500,54.16682958984375,0.0390463544920086,-0.2314129467792809,-0.2019984901160001,0.0690692141652107,-0.0053899744525551,0.1880000531673431,0.2053992384701967,-0.1078635778695344,-0.0496294155657291,-0.0939356461167335,-0.0656876191496849,0.2562361061573028,-0.2296516361951827,0.3083393884629011,0.403911968829669,0.0716486126184463,0.1978645473718643,-0.3022235333919525
1774472552657857500,54.176857421875,0.0661129328548908,-0.2617432031132281,-0.0516775802671909,0.0553150549530983,-0.0146452579647302,0.1597186028957367,0.2189363270439207,-0.0937491277992725,-0.0044511341899633,-0.0822165459394455,-0.0686513781547546,0.2287283986806869,-0.3535635548070073,0.2175046868056058,0.4506412790397182,0.0732408836483955,0.1155722215771675,-0.2932382524013519
1774472552667885600,54.18688549804688,0.0771317549973726,-0.3535160624034703,0.0012163900524377,0.0504759028553962,-0.022008940577507,0.1317727118730545,0.2100784823276102,-0.031637831801176,-0.019890110862255,-0.0751716867089271,-0.0568184182047843,0.2115020155906677,-0.4048141418337821,0.1444867968678474,0.4399283079760149,0.0768044590950012,0.0691796913743019,-0.2773663401603699
1774472552677913300,54.196913330078125,0.0857829712256789,-0.422813616643846,-0.0219464588701725,0.0445546321570873,-0.0220174621790647,0.09487035125494,0.1467301918804645,0.0796925453960895,-0.093244685408473,-0.0681912750005722,-0.0403512828052043,0.2104136347770691,-0.5488166623160242,0.1339198101460933,0.3793031223498284,0.0701813697814941,-0.071179412305355,-0.2677761018276214
1774472552687941600,54.20694165039063,0.0688178078994155,-0.443037781766057,-0.0296580561608076,0.0383512638509273,-0.0226160921156406,0.0610024258494377,0.0826410199381411,0.1581681162178516,-0.1520563553392887,-0.0544546879827976,-0.0255579594522714,0.2125023454427719,-0.4053177074417471,0.099770287784934,0.1500397182872518,0.0666617378592491,-0.1331889927387237,-0.2400491535663604
1774472552697967900,54.2169677734375,0.0369096347242593,-0.450907053836435,-0.0025853403180837,0.0295377988368272,-0.0284068677574396,0.0260034296661615,0.0869097832985222,0.2101408800393343,-0.1601286026358604,-0.0438607446849346,-0.0086413566023111,0.209888070821762,-0.5591527628913522,0.116409872418642,0.2634915080852806,0.0602303817868232,-0.0921806246042251,-0.2139464914798736
1774472552707996000,54.226995849609374,0.0019271686702966,-0.4370302119143306,0.0237900409102439,0.0167291667312383,-0.0270944461226463,-0.0125941485166549,0.0226636672288179,0.22463994551301,-0.2245674647986889,-0.0440756604075431,0.0243613347411155,0.2096750140190124,-0.7016881334304809,0.1456324597716331,0.1413586914425715,0.0611742064356803,0.0247744917869567,-0.1925237625837326
1774472552718023700,54.23702368164062,-0.0482850152194499,-0.3618985446929931,0.0524497336834669,0.005367322359234,-0.0310772024095058,-0.0368944257497787,0.0047628304876387,0.2152408335268497,-0.3540443240612745,-0.0550641417503356,0.0553935356438159,0.2160170227289199,-0.711218178319931,0.1876180825859308,0.031996509045735,0.0757291316986084,0.1161120384931564,-0.1704407632350921
1774472552728052000,54.24705200195312,-0.0445727166980505,-0.2643441793918609,0.0650204614430666,-0.0045493696816265,-0.0332215651869773,-0.0693699866533279,0.0021488485969603,0.2132879458934068,-0.4231687136918306,-0.069542683660984,0.0813971683382988,0.2254108041524887,-0.6676186905682087,0.2129389863252639,-0.072301046905294,0.0848392769694328,0.2074499428272247,-0.1553728729486465
1774472552738079700,54.25707983398438,-0.0630547143280506,-0.195546683628112,0.065502692002058,-0.0127814663574099,-0.0310998260974884,-0.0921107232570648,0.0301714125104248,0.181069683855772,-0.3584960427731275,-0.0730506405234336,0.1108651086688041,0.2404641658067703,-0.6657555270448327,0.1436187818616628,-0.1520238413091748,0.0886433273553848,0.3087738156318664,-0.14358851313591
1774472552748108000,54.26710791015625,-0.0668573214814066,-0.1441521580860018,0.0518324785679578,-0.0188165586441755,-0.0313445925712585,-0.1064106673002243,0.0779262663759291,0.0870522605091333,-0.2591226453512907,-0.0650086924433708,0.1420730799436569,0.2586055994033813,-0.6873214621648192,0.0834358235776424,-0.1848904477203264,0.0921728089451789,0.3975169956684112,-0.1232233121991157
1774472552758135800,54.2771357421875,-0.0485933505162596,-0.132005939348787,0.0689262367099523,-0.0216443035751581,-0.030555235221982,-0.1185040771961212,0.0642940468646585,-0.022538579544425,-0.1732896975040435,-0.0474222414195537,0.169726550579071,0.26790851354599,-0.6428720795854925,0.0540004702568054,-0.1354625095434486,0.099014826118946,0.4547317624092102,-0.1058148443698883
1774472552768163800,54.287163818359375,-0.0407213019669055,-0.0960363619536161,0.0938590179145336,-0.0205068495124578,-0.0393002703785896,-0.1279985159635543,0.0843394944190979,-0.1067763671547174,-0.1276817925393581,-0.0376156829297542,0.1798865050077438,0.2634394764900207,-0.5479831341013311,0.0711556031972169,0.0055721741091459,0.1008651852607727,0.4791745245456695,-0.0935224890708923
1774472552778192000,54.29719189453125,-0.058395198084414,-0.0378242653511464,0.0832417623102664,-0.0241718925535678,-0.034682348370552,-0.1275495141744613,0.1229370822302997,-0.1333306120812893,-0.1066360819011926,-0.030630050227046,0.1784673482179641,0.2501301765441894,-0.491231319309771,0.0714887806743383,0.1178338042745366,0.1012971103191375,0.4777393639087677,-0.0762567818164825
1774472552788218600,54.307218505859375,-0.0512681226834654,0.020645605404675,0.0881967543691396,-0.023410303518176,-0.0288766995072364,-0.1252481639385223,0.1974834969095885,-0.1458428876519203,-0.1385357795089483,-0.0321270115673542,0.1696589291095733,0.2276488095521927,-0.4656292605414986,0.0145686235785484,0.1727843052651733,0.0868425369262695,0.4504177272319793,-0.0535392239689827
1774472552798247000,54.31724682617188,-0.0111216979950666,0.0865916572600603,0.099104517352581,-0.0284066591411829,-0.0281821489334106,-0.125276118516922,0.2405430325657129,-0.1290723701149225,-0.1491758314669132,-0.0331953726708889,0.1577401906251907,0.2095312774181366,-0.4740814470663666,-0.054448798546195,0.2031429839760065,0.0805816799402237,0.4265548586845398,-0.034964170306921
1774472552808274700,54.32727465820312,-0.0259995336532592,0.1579097575426101,0.0557224717438221,-0.0302491914480924,-0.0223644524812698,-0.1258674710988998,0.2401040566265583,-0.0593301408469676,-0.1546066243439912,-0.0397699177265167,0.1499001234769821,0.1921834498643875,-0.4627881918966769,-0.0747141724616289,0.2746371714778244,0.0860201194882392,0.3877933621406555,-0.0200693756341934
1774472552818303000,54.33730297851562,-0.0442623355746269,0.1404356217809021,0.023008535143733,-0.0330170132219791,-0.0064853550866246,-0.1284243762493133,0.2550982121407985,-0.0009819967746734,-0.1783592558532953,-0.0497031323611736,0.1464558392763137,0.183474913239479,-0.399879608041048,-0.0577209520846605,0.2973737212797627,0.0863209888339042,0.3474226593971252,-0.0028081685304641
1774472552828330800,54.34733081054687,-0.0187114224717021,0.1302076577551663,0.0081681088864803,-0.03450608253479,-0.0021423064172267,-0.1284713894128799,0.2514556178547442,-0.0042296003937721,-0.1522983474016189,-0.0515090227127075,0.1456608921289444,0.1789869517087936,-0.373937357532978,-0.083951371884346,0.2223230103401467,0.0809387415647506,0.3084592819213867,0.012948689982295
1774472552838358800,54.35735888671875,0.0046279520615935,0.0830753197021782,-0.002075637230277,-0.0326112434267997,-0.0048573995009064,-0.1316456049680709,0.2679525791473686,-0.0007090250521898,-0.0865904882162809,-0.0517214834690094,0.1551103591918945,0.176665797829628,-0.3305187793061137,-0.0689905341178178,0.1762404370684176,0.0802742391824722,0.2903772294521332,0.0108471028506755
1774472552848386800,54.36738671875,-0.0534460512444376,0.0233615863651037,-0.0031453122884035,-0.0312240179628133,-0.0025598756037652,-0.14202581346035,0.2875567126750946,-0.0153314246445894,-0.0522866520762443,-0.0518964529037475,0.1605389416217804,0.1697937697172165,-0.217435420961678,-0.0298807590007781,0.2322789159588515,0.0868636965751648,0.2895516455173492,0.0095890257507562
1774472552858414800,54.37741479492188,-0.0326861718103289,-0.0244379834249615,0.008170446974039,-0.0300192032009363,0.0024655091110616,-0.1457678228616714,0.2505534083180129,-0.0499964953124523,-0.0240980839461088,-0.0520169846713542,0.1514002978801727,0.1584721356630325,-0.1734708992898464,0.0237140530645847,0.2886217480907216,0.0960206463932991,0.2918016314506531,0.0097133349627256
1774472552868443000,54.38744287109375,0.0504150129854679,-0.043452772757411,0.0431283631086349,-0.0303708054125309,0.0033488115295767,-0.1551249772310257,0.2392185059636831,-0.0868108529686927,0.0241512754380702,-0.0493575520813465,0.1241417825222015,0.1445256918668747,-0.1130070782378315,0.0291050984531641,0.2956956685323268,0.1002404242753982,0.2852899432182312,0.000880695413798
1774472552878470000,54.39746997070313,0.0805512080520391,-0.0525862195447087,0.0823141260713338,-0.0311322025954723,-0.0026030866429209,-0.1613543778657913,0.2231488301724195,-0.0623047727435827,0.0697282007426023,-0.0551665686070919,0.1119846105575561,0.1194626912474632,-0.0488452794507145,0.0137999772936105,0.2682930996807292,0.1091554462909698,0.284043401479721,-0.0140787800773978
1774472552888498000,54.407497802734376,0.0422036494791507,-0.0545478750064969,0.0912128873199224,-0.0283621083945035,-0.0189130920916795,-0.1727914661169052,0.2211871747106313,-0.0389484470754861,-0.0557516978383064,-0.0668410658836364,0.0990975722670555,0.098134770989418,-0.0186871648132801,0.0253366858303546,0.3103557697866111,0.1191918328404426,0.2725963294506073,-0.0087295537814497
1774472552898526000,54.41752587890625,0.0038557986453175,-0.0604782879687845,0.0910182415306568,-0.0294204484671354,-0.0346989817917346,-0.1766344010829925,0.1667671638675034,-0.0031260230660438,-0.1750970391869545,-0.0821241289377212,0.0900266915559768,0.0896102488040924,-0.1038090417817235,0.0374918185263872,0.3152961487982422,0.1185940876603126,0.2378894239664077,-0.0015370221808552
1774472552908553700,54.4275537109375,-0.0019677929416298,-0.0006986497886478,0.0921487068653106,-0.0355112813413143,-0.0396943800151348,-0.1834251880645752,0.1354011347450316,0.0024357027143239,-0.188124863064289,-0.090170070528984,0.0908687859773635,0.0908084064722061,-0.1070940548017621,-0.0437181456953287,0.2021257332248613,0.1039557605981826,0.2010541707277298,-0.0006288844160735
1774472552918581800,54.43758178710937,-0.002348024430871,0.0393444606557488,0.0671183105051517,-0.0340486727654933,-0.0393481701612472,-0.1864193826913833,0.11345292230919,0.0155021050363779,-0.1279880820095539,-0.0864403769373893,0.0933518707752227,0.0958091914653778,-0.0694435385823249,-0.1180365968376398,0.1251653892716392,0.0980996191501617,0.1912719458341598,-0.0071850740350782
1774472552928609800,54.44760986328125,0.0179784320220351,0.0457321158662438,0.0342418768197298,-0.0372226946055889,-0.0345095209777355,-0.184416264295578,0.020464695879817,0.0542407087534666,-0.0880167216271162,-0.0802626460790634,0.1111441850662231,0.1149269565939903,0.0021028174981474,-0.0893991158962249,0.2282414771363139,0.096249520778656,0.1823828518390655,-0.0074204974807798
1774472552938637800,54.45763793945312,0.0162932554140687,0.0229553436517715,0.0023421792119741,-0.0388594716787338,-0.0293328687548637,-0.1845078766345977,-0.0316064137496054,0.0567407088756561,-0.1575613824963569,-0.0841809287667274,0.1361470967531204,0.1382183283567428,0.0766463095679879,-0.0146370126396417,0.2966896480057388,0.1000539511442184,0.1695678085088729,-0.0097356894984841
1774472552948665900,54.46766577148438,0.0124216746777296,0.0372299527198076,-0.025278233641386,-0.0406239591538906,-0.0192096531391143,-0.1880082041025161,-0.0149415485441684,0.0487684148222208,-0.2455769350796937,-0.0935075804591178,0.1551423668861389,0.1573123931884765,0.0601505173191428,0.0180418526470661,0.2928300865007564,0.1080101430416107,0.1457093358039856,-0.0090275555849075
1774472552958693600,54.477693603515625,-0.0067833765298128,0.0719243956126272,-0.0282359144032001,-0.0410953387618064,-0.0130580179393291,-0.1849330514669418,0.0211884801097214,0.0281862300425767,-0.2592342890322208,-0.0963301733136177,0.1642572730779647,0.1704356521368026,0.0144692548573017,-0.0304635273247957,0.2409851868426427,0.1104318425059318,0.1262435466051101,-0.0126616582274436
1774472552968721000,54.48772094726562,-0.0215685654684901,0.1091647235959768,0.0076215809196233,-0.0412712916731834,-0.0092734675854444,-0.1720593571662902,0.0388262820005416,0.0337929640084505,-0.1772568475693464,-0.0971626788377761,0.1689020991325378,0.1750586330890655,-0.0088861940279603,-0.1229629473239183,0.1355601977642625,0.1107144057750701,0.1292326748371124,-0.0183485727757215
1774472552978748700,54.49774877929688,0.0384215005919337,0.1198965454906225,0.0585930587440729,-0.0416249595582485,-0.0150458700954914,-0.1641359180212021,0.0892152837619185,0.0478840332031249,-0.1317220078408718,-0.0995966345071792,0.1634090840816497,0.1754405349493026,0.0104921679198741,-0.147624510371685,0.0811343782348558,0.1106101274490356,0.1536732316017151,-0.0143570071086287
1774472552988777000,54.50777685546875,0.0559428364962339,0.1548085766568779,0.099113869702816,-0.0400408655405044,-0.0081419367343187,-0.1530638337135315,0.0868909324675798,0.0654319648534059,-0.113269236305356,-0.1027567386627197,0.1438532322645187,0.173416256904602,0.0108043026089668,-0.1373380941569805,0.0130927058070898,0.1098591163754463,0.1612246185541153,-0.0135008012875914
1774472552998804700,54.5178046875,0.0823424753829836,0.1743674097381532,0.1144528931319713,-0.0385766588151454,-0.0120679680258035,-0.1428841650485992,0.0496254700429737,0.0985012907624244,-0.0306131649285554,-0.1032530590891838,0.1256520897150039,0.1721597760915756,0.0506830162718892,-0.1246259121000766,-0.0366470747979357,0.1027837023139,0.1671277433633804,-0.0223423074930906
1774472553008833000,54.5278330078125,0.0998424762383103,0.1661440635330975,0.1002934348762035,-0.0370792634785175,-0.0137950731441378,-0.1303826123476028,0.0015524901390075,0.118601244983077,0.0513818121910095,-0.1065487191081047,0.1185228154063224,0.1698366999626159,0.1050198788762092,-0.1369067170023918,-0.0439262720206752,0.095305286347866,0.1737547516822815,-0.0277735590934753
1774472553018860800,54.53786083984375,0.0699658088907599,0.1599457934148609,0.0539782584249973,-0.0356384925544261,-0.0138438073918223,-0.1264552474021911,-0.0005927051961421,0.0650894350260496,0.0512619852036237,-0.1054054051637649,0.1155023649334907,0.1666398048400879,0.068031625957787,-0.102577161899209,-0.0407232747282832,0.0943221449851989,0.1800342202186584,-0.0195542108267545
1774472553028888800,54.54788891601562,0.0050748190462589,0.1516337460130453,0.0155120419085025,-0.0327517688274383,-0.0140438033267855,-0.1250010430812835,0.0116759708769619,-0.0164823482453823,0.0793400786966085,-0.09925377368927,0.1202387958765029,0.1623129546642303,0.011333587180078,-0.0062917936205863,-0.0126711193941533,0.0861781984567642,0.1771321594715118,-0.0124004278331995
1774472553038916900,54.55791674804688,-0.0313315423309802,0.1386849787212908,0.0027379005312919,-0.0257668271660804,-0.0078191962093114,-0.1240753158926963,0.0539316428042948,-0.0831160901039838,0.0840484025180339,-0.0895178839564323,0.1209858357906341,0.1574538052082061,-0.0004433598533272,0.0934381621539592,-0.0661191068673506,0.0655162557959556,0.1601684093475341,-0.0068782847374677
1774472553048945000,54.56794482421875,-0.0230275321051478,0.0997923534862697,0.0098000940024852,-0.0202340278774499,0.002861202461645,-0.1228810250759124,0.0923702406615018,-0.1081102461069822,0.1402045895040035,-0.0747226923704147,0.1076625734567642,0.1537650674581527,0.0338961321219801,0.1275093585819006,-0.1317480190649628,0.0481931902468204,0.1402050852775573,-0.0066351378336548
1774472553058972000,54.57797192382812,0.0167763627558946,0.0421181631527841,0.0177764797091484,-0.0170315783470869,0.0116384495049715,-0.1216072365641594,0.1112520512640476,-0.0940793826669454,0.1826975773185491,-0.0633759424090385,0.0881305560469627,0.1523109227418899,0.0776771139204502,0.0967898106694221,-0.0919958178585395,0.042861022055149,0.1156268715858459,-0.0078350314870476
1774472553068999700,54.58799975585937,0.0424538248479366,0.0226937701061367,0.0504910008311271,-0.0124843269586563,0.0218609534204006,-0.1226614490151405,0.1116097786605358,-0.0889548792600631,0.1462806945472955,-0.0543510243296623,0.0745297893881797,0.1461488902568817,0.0956035234943032,0.0254120891541242,-0.055602900484763,0.0477902665734291,0.0980414897203445,-0.015382963232696
1774472553079028000,54.59802807617187,0.0546662406891584,0.0331736630663275,0.0660895519793033,-0.0100573878735303,0.0267446581274271,-0.116851232945919,0.069933952447772,-0.0955816039234399,0.0797282012313604,-0.042924053966999,0.0703930184245109,0.1440530866384506,0.0853027864933013,-0.010263035339117,-0.0871811110531911,0.0513254627585411,0.0898061394691467,-0.023254195228219
1774472553089055700,54.6080556640625,0.1071206505477428,0.0451512472383677,0.0845446616023778,-0.0111948940902948,0.0325539819896221,-0.1132358014583587,0.062409548292309,-0.0656079059422016,0.0025683891832828,-0.034834437072277,0.0660576596856117,0.1395382285118103,0.0249967863515019,0.0046714989423751,-0.2189134576249867,0.0507355704903602,0.0973375588655471,-0.0265266876667737
1774472553099083800,54.618083740234376,0.1593000428572297,0.0372248381532728,0.0961123497992754,-0.0130167622119188,0.0263522770255804,-0.107389897108078,0.0645006753526628,-0.0383627561420202,-0.0591413402765989,-0.026666484773159,0.0578872859477996,0.1365037262439727,-0.0511208231672644,-0.0146785136938095,-0.3328780557833611,0.0479316301643848,0.1248687729239463,-0.0286382734775543
1774472553109111800,54.62811181640625,0.1396811501517891,0.0346451969236135,0.0732189654678106,-0.0188480746001005,0.0108481012284755,-0.1070260033011436,0.0679220281034708,-0.0168868373930454,-0.0892114843696355,-0.0201302897185087,0.0568214915692806,0.1369822919368744,-0.143168992267549,-0.021796236744523,-0.3534907452991232,0.0455614179372787,0.1580863893032074,-0.0253705754876136
1774472553119139800,54.63813989257813,0.052346857830882,0.0427775038443505,0.0088216043591499,-0.0233930256217718,-0.0108167137950658,-0.0975997447967529,0.0586306142754852,0.0378524685323238,-0.1073117892056703,-0.0157478749752044,0.0645298659801483,0.1415682584047317,-0.1780836537823081,-0.0172445647895336,-0.3319121698932722,0.0447985120117664,0.1814365983009338,-0.0286040119826793
1774472553129168000,54.64816796875,-0.0189496151417493,0.0733319243229925,-0.0431032286673784,-0.0281425658613443,-0.0218648016452789,-0.0869979858398437,-0.0152406776212155,0.1125496898591518,-0.1267149933338165,-0.0160285718739032,0.0799711421132087,0.1553807556629181,-0.1484367035374045,-0.0225642985075712,-0.3004237199675291,0.0480909794569015,0.2050801366567611,-0.025899838656187
1774472553139196000,54.65819580078125,-0.0124853875637054,0.1099003443941473,-0.0600683919936418,-0.0348377525806427,-0.0206250995397567,-0.0784971714019775,-0.0907404475025832,0.2086696384429931,-0.1730570577919483,-0.0160759110003709,0.1015955209732055,0.1752208173274994,-0.172005795173347,-0.038228900629282,-0.2089241977259516,0.040362425148487,0.2106730192899704,-0.0183971151709556
1774472553149223000,54.668222900390624,0.0275415023982524,0.1434320271179079,-0.0785877990245819,-0.0413706675171852,-0.0064410376362502,-0.0726471468806266,-0.1439266787670552,0.3025146278321743,-0.2752665554225444,-0.029142977669835,0.1249282658100128,0.1980204135179519,-0.2240495784044265,-0.0711503425002098,-0.2171550696503371,0.020686725154519,0.2058212757110595,-0.0019315890967845
1774472553159250700,54.67825073242187,0.0549248916253447,0.1349925539441406,-0.1039303300738334,-0.0437949448823928,0.0028898799791932,-0.0729422271251678,-0.1113262855440378,0.3721463824629783,-0.3498877889037132,-0.0447040759027004,0.1471753567457199,0.2120373696088791,-0.2813946829140186,-0.0585620790839195,-0.2519031424265355,-0.0114687513560056,0.1916697919368744,0.0256419144570827
1774472553169279000,54.68827905273437,0.0525523172751069,0.1015906350798904,-0.1080693295747041,-0.0431823320686817,0.0080151949077844,-0.0715332850813865,-0.0062333414316177,0.3413812418431043,-0.3998077118486166,-0.0645195916295051,0.1566902995109558,0.2160882949829101,-0.363112888918817,-0.0264426012456417,-0.2681579655263573,-0.0460035614669323,0.1738271415233612,0.0588986724615097
1774472553179306800,54.698306640625,0.0373591320574283,0.0477251893796026,-0.0882528684705495,-0.0389636158943176,0.0128730665892362,-0.0723708495497703,0.0558159952461719,0.2759066068917513,-0.3322492563605308,-0.078513316810131,0.1649216711521148,0.2193441838026046,-0.3685416359692812,-0.0010316811352968,-0.2706794102953747,-0.0809116214513778,0.1643579304218292,0.0809645801782608
1774472553189334800,54.70833471679688,0.0487827356085181,0.041692192825675,-0.0682224723547697,-0.0367998778820037,0.0158959198743104,-0.0711149647831916,0.0985346085101366,0.1968032595604658,-0.1363607735574245,-0.0777282118797302,0.1669155806303024,0.224960520863533,-0.2770069693490862,0.0375777432441711,-0.2444511093875393,-0.1158834546804428,0.1469544321298599,0.0972831025719642
1774472553199362800,54.71836279296875,0.0513084546938538,0.0365299877569079,-0.0336585239738225,-0.0320498570799827,0.0167417395859956,-0.0649990141391754,0.0887438668578863,0.0202718036562204,0.0614659838318824,-0.0588596798479557,0.1749678701162338,0.2326793670654297,-0.1470344355240464,0.062490650704503,-0.2261234986016526,-0.1463930755853653,0.1328778266906738,0.1106490194797515
1774472553209390800,54.72839086914063,0.0808095667272806,0.0397096407063305,0.0071393503606319,-0.0282156895846128,0.0131587255746126,-0.0690319016575813,0.0575498333014547,-0.1578565660506486,0.201526780951023,-0.0291720926761627,0.1854996085166931,0.2347936481237411,-0.0755319185853004,0.0658224254757165,-0.1462463904188946,-0.1607879847288131,0.1230371743440628,0.1145098060369491
1774472553219419000,54.7384189453125,0.0625754063785076,0.0656216422066092,0.0484071802943944,-0.0268244538456201,0.01469137519598,-0.0664206743240356,0.0589800122350454,-0.2761854238331317,0.2687561506152153,0.0037973953876644,0.194340631365776,0.229174867272377,0.0115825935050845,0.1111748943746089,-0.0425935986448079,-0.1645581573247909,0.120813563466072,0.1094288155436515
1774472553229447000,54.74844702148437,0.0093412443190813,0.0644967298299074,0.0764583857804536,-0.0217467863112688,0.0092117190361022,-0.0679508000612258,0.0822295165278017,-0.3346294294953346,0.2638812380552292,0.029183181002736,0.1949249356985092,0.2124470174312591,0.0235094704031944,0.1466314076811075,0.046175439186953,-0.1482143402099609,0.1251427978277206,0.1021115183830261
1774472553239474000,54.758473876953126,-0.0036082536250352,0.0174561617136001,0.0720996060490608,-0.0241934321820735,0.0032813919242471,-0.0631041079759597,0.1350385850429535,-0.3269569951713085,0.2020364840388298,0.0480021759867668,0.182661697268486,0.1920889019966125,-0.0049582069292664,0.1187871229439973,0.1115496825037524,-0.1257748156785965,0.136662408709526,0.0955576002597808
1774472553249502000,54.768501953125,-0.0214689044862985,-0.0039912615932524,0.0663414809137582,-0.0257128570228815,-0.0073581077158451,-0.0670855268836021,0.1808927198536694,-0.2603787828922271,0.1312111357092857,0.0570803582668304,0.1642203778028488,0.1721293181180954,-0.0681251494601368,0.0680646514445543,0.1155269886368885,-0.0960510000586509,0.1597224473953247,0.0870421454310417
