time,seconds_elapsed,imu1_accel_x,imu1_accel_y,imu1_accel_z,imu1_gyro_x,imu1_gyro_y,imu1_gyro_z,imu2_accel_x,imu2_accel_y,imu2_accel_z,imu2_gyro_x,imu2_gyro_y,imu2_gyro_z,imu3_accel_x,imu3_accel_y,imu3_accel_z,imu3_gyro_x,imu3_gyro_y,imu3_gyro_z
1774470211321450800,114.10145068359375,-0.1833176089130342,0.3894119900405406,0.3713292208611965,-0.0020629414357244,-0.026102989912033,0.0102316085249185,-0.1740843550130724,-0.2876619266152381,-0.7580985874384641,0.0177732482552528,0.0682657361030578,-0.0785873383283615,0.5474579411834478,0.2638929284930229,0.0759936908781528,0.1336714327335357,0.0243884027004241,-0.0110033955425024
1774470211331477800,114.11147778320311,-0.2386250701151788,0.4092421143438667,0.3624912498891353,0.0137967122718691,-0.0399396829307079,0.0130562493577599,-0.2118503143057227,-0.3764052089512348,-0.7476993584990501,0.0028767541516572,0.0832405239343643,-0.064538761973381,0.6021700668409466,0.0881418093115091,-0.222819744348526,0.1370754837989807,0.0065766489133238,-0.0227021276950836
1774470211341504500,114.12150439453124,-0.2724059052944183,0.4550570496553555,0.3330716786593198,0.0220373310148715,-0.0492889769375324,0.0205775499343872,-0.2297214865610003,-0.4529612098872661,-0.7462322085559367,-0.0231913309544324,0.0934859663248062,-0.0502572990953922,0.6243085411518812,-0.0507689409896731,-0.3363409095883369,0.1105216369032859,0.0006093210540711,-0.024255521595478
1774470211351530500,114.13153051757811,-0.2770943553715944,0.4973338739685713,0.2645774036258459,0.0336918532848358,-0.0585620738565921,0.0387848690152168,-0.2405935937091708,-0.4953150814920664,-0.7148667639553546,-0.0561482794582843,0.1020063012838363,-0.0347542278468608,0.6208823660954833,-0.0617848405227065,-0.3435749524950981,0.0781716853380203,0.0213923640549182,-0.0260749943554401
1774470211361557800,114.14155786132812,-0.2894061399340629,0.5333167127041146,0.1401087279140949,0.0417620278894901,-0.0679883360862732,0.0650260597467422,-0.1862067544832825,-0.5112240137636661,-0.6613520313888788,-0.0970118194818496,0.1060998514294624,-0.0207273587584495,0.6242404443517326,-0.0556099512800574,-0.3724111708790064,0.050548892468214,0.0487710684537887,-0.0275789480656385
1774470211371584800,114.15158471679688,-0.311634922876954,0.5370317146392539,0.0352244581162929,0.0584161877632141,-0.0729498714208602,0.0920984297990799,-0.133480249685049,-0.4970739078581332,-0.5950608193576336,-0.1384007334709167,0.0998860001564025,-0.0122909788042306,0.5970420563027262,-0.0782639738976955,-0.3921376156121492,0.0327062457799911,0.0810973197221756,-0.0360134430229663
1774470211381610800,114.16161083984376,-0.3224344031803309,0.5314926025494933,-0.0506271944314241,0.0755001008510589,-0.063280738890171,0.1071271747350692,-0.0529857402563095,-0.4902016840010881,-0.4785480710864067,-0.1685541123151779,0.0860756486654281,-0.011451818048954,0.5317196893036366,-0.0982180899068713,-0.3912830446094274,0.0293220188468694,0.1026594042778015,-0.0541514456272125
1774470211391637500,114.17163745117188,-0.286826644834876,0.5351904706867412,-0.1050964512437582,0.0872401148080825,-0.0338948592543602,0.1211565360426902,-0.0008200842112302,-0.4775210661262273,-0.3390682887256145,-0.1877331435680389,0.06646379083395,-0.0107168490067124,0.3877367503046989,-0.0983425930693745,-0.3856336405456066,0.0362113490700721,0.1118329316377639,-0.0707296282052993
1774470211401664800,114.18166479492189,-0.2250648929268121,0.4880853494342416,-0.1157248127639293,0.0995175540447235,-0.0073977396823465,0.1275550425052642,-0.0005438976183533,-0.423895274400711,-0.203746210566163,-0.2009293735027313,0.0417160987854003,-0.0052104974165558,0.2657031927853822,-0.1140922431260347,-0.3689250823289156,0.0278166327625513,0.1282945871353149,-0.0847795531153678
1774470211411690800,114.19169067382812,-0.1836965252280235,0.409116405604966,-0.1313683720976114,0.1006146967411041,0.0260132327675819,0.1238786429166793,-0.0244683785632252,-0.3471259229749441,-0.0708978290438652,-0.2080051302909851,0.0240779817104339,0.0033430433832108,0.1880085432082414,-0.1415273625403642,-0.3250046920597553,-0.0041487575508654,0.1502246558666229,-0.0886166393756866
1774470211421717800,114.2017177734375,-0.1510679288238287,0.3266177167469635,-0.1726438008159398,0.1041718795895576,0.0488671511411666,0.1164984852075576,-0.0056757075488567,-0.2738566886246204,0.0299433028429746,-0.2042894959449768,0.0168123450130224,0.0078160883858799,0.1585986165896058,-0.0970072528123855,-0.2062123084187507,-0.0431538894772529,0.1718546152114868,-0.0854513570666313
1774470211431744500,114.21174462890625,-0.0869488001346588,0.2383739814309403,-0.2246685870856046,0.1025993153452873,0.0691081061959266,0.1088546812534332,0.0090077745810151,-0.2029477536648511,0.2490723759800195,-0.1838812232017517,0.0111864749342203,0.0037736983504146,0.1045996076375246,-0.0454427775308489,-0.133939099368453,-0.0622932277619838,0.1879667341709137,-0.0799146443605423
1774470211441770500,114.2217705078125,-0.0458346994578838,0.1691877420779317,-0.2840893288254738,0.0981475785374641,0.0804068371653556,0.1023914590477943,0.0491188356950879,-0.0887567263394594,0.4780237549513578,-0.1548810005187988,0.0069595053791999,-0.0133341820910573,0.0271221079424023,-0.0924067732796073,-0.1345826579689979,-0.0638903379440307,0.1985645741224289,-0.0759187489748001
1774470211451797800,114.2317978515625,-0.0342161578565835,0.1442796751894988,-0.3231874135047197,0.0916236266493797,0.0910483300685882,0.1039031520485878,0.1131724979326128,0.0536363131195306,0.6675427027225495,-0.1198978573083877,0.0083954948931932,-0.0420713685452938,-0.0433335302919149,-0.1970224552690982,-0.128733931940794,-0.052801463752985,0.2048632204532623,-0.071214273571968
1774470211461824800,114.24182470703126,0.0084878423601388,0.1678543745823204,-0.3279039206326007,0.0834935307502746,0.1062919944524765,0.1109112650156021,0.1636564845010638,0.1253553954184055,0.7612415616393089,-0.077839620411396,0.0150946760550141,-0.0788951590657234,-0.1916235188350081,-0.2082023131921887,-0.0968622913837432,-0.0285944454371929,0.2069364041090011,-0.0570336803793907
1774470211471850800,114.25185083007813,0.0390614059306681,0.217646469896473,-0.2958656913369893,0.0720420107245445,0.1154514104127883,0.1184538453817367,0.1555994347736239,0.1655903751730918,0.786032888546586,-0.0257490370422601,0.0278524402529001,-0.1142719909548759,-0.3343561655119061,-0.164532682813704,-0.0344587344408035,0.0030918447300791,0.20218026638031,-0.0385430864989757
1774470211481877500,114.26187744140626,0.0618250264026224,0.3018051643885672,-0.2326853048026561,0.0580244660377502,0.122219830751419,0.1216882616281509,0.0734939830169081,0.197808052688837,0.7576882530719041,0.0311805568635463,0.0458386316895484,-0.1343290507793426,-0.4232441170156001,-0.1232405952215194,0.0236667067915201,0.0296959206461906,0.1857529729604721,-0.0226339697837829
1774470211491904800,114.27190478515624,0.0977479881770908,0.3650891574278473,-0.1190963350236415,0.0430816672742366,0.129662275314331,0.1173048838973045,-0.0172185535654425,0.1661667137563228,0.6223994926601648,0.0819357708096504,0.0654336214065551,-0.138539433479309,-0.4707441193372011,-0.1155471181094646,0.0888964270710945,0.0490499101579189,0.1553577929735183,-0.0083855260163545
1774470211501930800,114.2819306640625,0.1198269873857498,0.3633442865218967,-0.0050263037294149,0.0349044315516948,0.131813570857048,0.1112067848443985,-0.0868482623696327,0.0906920783162116,0.4481137698560953,0.1187672838568687,0.0829178094863891,-0.131278857588768,-0.4641951360851526,-0.1002604093894362,0.1062117190092802,0.061546966433525,0.1178307682275772,-0.0026492117904126
1774470211511957800,114.29195776367187,0.0829454097121954,0.3153715521220118,0.0785088885694742,0.0345581769943237,0.1278666853904724,0.0981777086853981,-0.1646449110165238,0.0008569090902805,0.2539315064489841,0.1444024592638015,0.0915730223059654,-0.1076428219676017,-0.4284340868741274,-0.1050271853998303,0.1027630398601293,0.0574731305241584,0.0754694640636444,-0.0034622745588421
1774470211521984500,114.30198461914064,0.0211801506727933,0.2283198213358409,0.1682224772423505,0.0397505424916744,0.1229560822248458,0.0845417901873588,-0.2574585115313529,-0.0472521650403738,0.1400894386917352,0.1549136936664581,0.0957967936992645,-0.0765919610857963,-0.3600593465670943,-0.1068672603085637,0.1011281321346759,0.045381560921669,0.0245056971907615,-0.005385463591665
1774470211532010500,114.31201049804687,0.0106264618240296,0.109988588933181,0.2385942365854978,0.051369123160839,0.116589181125164,0.0713910982012748,-0.2876265630409121,-0.0945394013941288,0.0825397515207529,0.1537409871816635,0.0920250192284584,-0.045797511935234,-0.2947521771371364,-0.0825318604752421,0.0792015470087528,0.028852118179202,-0.0301301181316375,-0.0079807136207818
1774470211542037800,114.32203784179688,0.0319341843992471,-0.0029106267496943,0.3077431761354208,0.0600006952881813,0.1039940267801284,0.06348417699337,-0.3408025651723146,-0.19233809684515,-0.0185708449572324,0.1459307372570037,0.0886390730738639,-0.0213433019816875,-0.211126091684401,-0.0127007838800549,0.0291997909992933,0.0263507198542356,-0.0593158826231956,-0.007801198400557
1774470211552063700,114.33206372070312,0.0293931216143071,-0.095753526424244,0.3460790442705154,0.0694506242871284,0.0890194475650787,0.0632803440093994,-0.387516385552287,-0.2680196530342102,-0.1436532686531543,0.1308961808681488,0.0841319635510444,-0.0059156566858291,-0.1068506014347076,0.0490355413258075,-0.0546615645140409,0.0343932025134563,-0.0529562532901763,-0.0005086646415293
1774470211562090800,114.3420908203125,0.0074715049244463,-0.1421770220881328,0.3752975399702787,0.0726892948150634,0.062086097896099,0.0654305815696716,-0.4752051903992891,-0.3012830402106046,-0.2543248896807432,0.1095280349254608,0.0793308168649673,0.0077492892742156,0.0201934777230024,0.0482709866940975,-0.1643564494639635,0.033354677259922,-0.033538244664669,0.0159409288316965
1774470211572117500,114.35211743164062,-0.0261496096484363,-0.1402018130250275,0.3917027313262224,0.0706122070550918,0.0375052690505981,0.0607921667397022,-0.5543269501700997,-0.2448205637544393,-0.2906739679127931,0.0844358950853347,0.0784265398979187,0.0216393880546093,0.1296796883583068,0.0938765535712242,-0.2890197709649801,0.0277098398655653,-0.0052520120516419,0.0357958599925041
1774470211582143500,114.3621435546875,-0.0532296320147812,-0.1030643608942627,0.3739934716343879,0.0594684742391109,0.0139626581221818,0.0557926185429096,-0.5738602104187012,-0.1650409245967865,-0.2202431718587875,0.0638264864683151,0.0813823789358139,0.0351099222898483,0.1861857116952538,0.1427419990271329,-0.3870896845728159,0.0170429814606905,0.0266788844019174,0.057734876871109
1774470211592170800,114.37217065429688,-0.0664269672401249,-0.0528326320538297,0.3444634257674217,0.0503738634288311,-0.0097190681844949,0.0381493493914604,-0.5331126049667596,-0.0819330177992582,-0.1438730488836765,0.0507256016135215,0.082127533853054,0.0524865165352821,0.214917592921853,0.2411559037670493,-0.4570680606842041,0.0046403738670051,0.0566362515091896,0.0713548138737678
1774470211602197800,114.38219775390624,-0.1112159570373594,-0.036968799299281,0.3088935152143239,0.0459242537617683,-0.0247717872262001,0.0140424156561493,-0.4989554838210344,-0.0199497320950031,-0.1298065296083688,0.045288760215044,0.0764699131250381,0.0771045088768005,0.1678463374063372,0.3270888048574328,-0.3960293623536824,-0.0075410841964185,0.0732685998082161,0.0761152654886245
1774470211612223700,114.3922236328125,-0.1844305385909974,-0.0536640961755998,0.2499257779389619,0.0391834042966365,-0.0438435226678848,-0.0151630491018295,-0.4917562199667096,0.0333422976315021,-0.0796685799986124,0.0432959124445915,0.0619450770318508,0.1038799211382865,0.0640714901551604,0.364448229175806,-0.3162117292732,-0.0154080614447593,0.0526008643209934,0.0803411677479744
1774470211622250500,114.40225048828124,-0.2274520803242921,-0.0762119550050236,0.1710942332863807,0.0357463285326957,-0.0591247379779815,-0.038807924836874,-0.434175260874629,0.0448287372857332,-0.0095867435127496,0.0376833006739616,0.0446422547101974,0.1247622966766357,0.0132493576735258,0.34573476087749,-0.3155833682417869,-0.0232549160718917,0.0253422800451517,0.0768977105617523
1774470211632277800,114.41227783203124,-0.2455325114160776,-0.0972995502898469,0.0904874956548213,0.03395851328969,-0.0696784257888794,-0.0582691505551338,-0.3493295704990625,0.0015454758763313,0.0230541278511285,0.0323702357709407,0.026178304105997,0.1433045864105224,-0.0226043382570147,0.3571688858225941,-0.2852127798974513,-0.0342716127634048,0.0004001781344413,0.0704555287957191
1774470211642303700,114.4223037109375,-0.2328137534879147,-0.1167243269289843,0.035873277413845,0.0337308123707771,-0.0725386589765548,-0.0709042474627494,-0.2739689168274402,-0.0614104542523622,0.0223006791353225,0.0241410676389932,0.0093987919390201,0.154838740825653,-0.0731967536360025,0.4091533400818705,-0.2443570378959178,-0.0433779172599315,-0.031590674072504,0.0696289241313934
1774470211652330800,114.43233081054689,-0.1740337938696146,-0.105468261964526,0.0348088630527257,0.034290425479412,-0.0689131319522857,-0.0747254565358161,-0.2093199190452694,-0.1131312891393899,0.0457049355983734,0.0138617027550935,-0.0121557647362351,0.1678172796964645,-0.1277452131643891,0.4090136393502354,-0.204811209449172,-0.0513735264539718,-0.0608638748526573,0.0695181339979171
1774470211662357500,114.442357421875,-0.0800419433556497,-0.064656359104719,0.0255704945862293,0.0369631722569465,-0.0572317093610763,-0.0662225112318992,-0.1573997621938586,-0.1425350782781839,0.0784814160406589,-0.0019010140094906,-0.0398036390542984,0.1746243089437484,-0.1273810560271144,0.3199517925843596,-0.1900964553982019,-0.059599757194519,-0.076017290353775,0.0660106986761093
1774470211672383500,114.45238354492189,0.0280522283993661,-0.0290403443875722,0.0023749124377965,0.0440724417567253,-0.0386834070086479,-0.0502273812890052,-0.0998854385972023,-0.1591319928139448,0.0752905110448598,-0.0221962798386812,-0.0701136291027069,0.1769594550132751,-0.0874509044378995,0.2409633038043975,-0.1573228975653648,-0.0760644823312759,-0.0748702734708786,0.0639241114258766
1774470211682410800,114.46241064453125,0.1392744690470397,0.0253843791632913,-0.0218622877180576,0.0514222346246242,-0.0126632582396268,-0.0352494977414608,-0.0363455711007118,-0.1525549525111913,0.0716787502884864,-0.0477479770779609,-0.0986155718564987,0.1788287311792373,-0.0918053002551197,0.2069037978142499,-0.1028682538002729,-0.0942136198282241,-0.0681315809488296,0.0623317696154117
1774470211692437800,114.47243774414062,0.2523040513776242,0.0538504490605555,-0.0559545269340276,0.0657070949673652,0.0050113396719098,-0.0251638498157262,0.024597557900846,-0.1919511433541774,0.0043096798926591,-0.071037583053112,-0.1184143126010894,0.1775131225585937,-0.1131558390587568,0.2179199896082282,-0.0510053800940513,-0.1127217859029769,-0.0461253486573696,0.0645067691802978
1774470211702463700,114.48246362304688,0.333477921372652,0.0806890273538418,-0.1007294882059097,0.078270822763443,0.0191082507371902,-0.0104078073054552,0.0165320326060056,-0.2329226206898689,-0.0767506467252969,-0.0945485010743141,-0.1281761229038238,0.1809874922037124,-0.0880298733696341,0.2240434409245848,-0.0146487030774354,-0.1214095950126648,-0.0165496915578842,0.0620934814214706
1774470211712490500,114.49249047851562,0.339279154997319,0.0840284739748574,-0.1878279259443283,0.0835429579019546,0.0243307203054428,-0.0060111861675977,-0.0163818104803562,-0.1707552105903625,-0.0469324315667152,-0.1198546141386032,-0.1267637312412262,0.1895313709974289,-0.0446054499238729,0.1585807886719703,-0.0318845000386238,-0.1306169480085373,0.0103655457496643,0.0572579801082611
1774470211722517800,114.50251782226565,0.3627775194846093,0.0892889883189462,-0.266761177405715,0.0828926116228103,0.0317071452736854,-0.0099223041906952,0.018357202206552,-0.0556073209315538,0.0601700988024473,-0.1400546878576278,-0.113529697060585,0.2012271732091903,0.0150485160499811,0.0678141838148236,-0.0592249269068241,-0.1422240138053894,0.0296090748161077,0.0512575171887874
1774470211732543700,114.51254370117188,0.3920452611535787,0.080186228930857,-0.3153361154824495,0.0771033614873886,0.0473225824534893,-0.0157833881676197,0.0986520974099636,0.0805903710186481,0.152908003732562,-0.1544596552848816,-0.0899721905589103,0.2058088481426239,0.0241714414432644,0.0495513818934559,-0.0236819043606519,-0.1538092941045761,0.0538249313831329,0.0489874370396137
1774470211742570800,114.52257080078124,0.3949273924611509,0.0488592805766034,-0.34092297668159,0.0600918903946876,0.0553762465715408,-0.023142235353589,0.1770060876786708,0.1843798313170671,0.1994102271884679,-0.1503032743930816,-0.0597991049289703,0.2060693055391311,-0.0131529115617275,0.0756450235709547,0.0924316154599189,-0.1521251052618026,0.0628096014261245,0.0455409809947013
1774470211752597500,114.53259741210935,0.3699579325079917,0.0064127074533607,-0.3289338482022285,0.0421753861010074,0.0629817992448806,-0.03888675943017,0.1986161542013287,0.2249801372528076,0.2310048043698072,-0.1275670081377029,-0.0405937284231185,0.1961082518100738,0.0004629413366317,0.0705517920851707,0.2561404146701097,-0.1451175361871719,0.065325491130352,0.0402524769306182
1774470211762623700,114.54262377929687,0.3121929951511323,-0.0491472763382829,-0.263161691609025,0.0244941301643848,0.0633983239531517,-0.0466671846807003,0.2204439551278948,0.1780114653289318,0.2229208666354417,-0.0965286642313003,-0.026227306574583,0.1768301576375961,-0.0049532384932041,0.0043017888471484,0.3551479013890027,-0.1399466544389724,0.0662300586700439,0.0317142531275749
1774470211772650800,114.55265063476564,0.2391645838193595,-0.1177812338370829,-0.1565197644889354,0.0138821955770254,0.0592351295053958,-0.0512001477181911,0.1991328715518117,0.1325415075302124,0.1701250959932804,-0.0580302774906158,-0.0143107259646058,0.1428088098764419,-0.0283715234816074,-0.0540124529555439,0.3854734815478324,-0.126067578792572,0.0460701957345008,0.013430587016046
1774470211782677800,114.562677734375,0.2130821941882371,-0.2060805352652445,-0.0261842425704002,0.0057598212733864,0.0507404468953609,-0.0579262264072895,0.1751961156472563,0.0962935515850782,0.2308206799745559,-0.0192455984652042,0.0028099378105252,0.0991851612925529,-0.0127796943351626,-0.1035702645897865,0.2792605934947729,-0.1123383417725563,0.0232730880379676,-0.0007523261010646
1774470211792703700,114.57270385742189,0.1729663107685744,-0.2837404788551852,0.0650526101469993,-0.0033691544085741,0.0411261469125747,-0.0653658583760261,0.1271086688265204,0.1381985103785991,0.3359165466964244,0.0238565932959318,0.0212201848626136,0.0444910004734993,0.0091714407101273,-0.1929196961253881,0.1685924795985221,-0.0951857194304466,0.0087245050817728,-0.0065004928037524
1774470211802730800,114.58273071289062,0.0926625016063451,-0.3457613566234707,0.1429956815272569,-0.0102968355640769,0.0269314981997013,-0.0768597945570945,0.0768807028457522,0.1938292121857404,0.3900707462102175,0.0687644109129905,0.0476896092295646,-0.0111434999853372,0.0731289490967988,-0.1861202452436089,0.0620779782503843,-0.0787435695528984,0.0179824940860271,0.0102844880893826
1774470211812757800,114.5927578125,0.0386256448619067,-0.3551146932391449,0.1947527567714452,-0.0164664238691329,0.0177722387015819,-0.0972014591097831,0.0268409529134631,0.3153618344455957,0.3898755158990621,0.1190871819853782,0.076826736330986,-0.0631286352872848,0.0783931532353162,-0.1650067300662398,0.0102770638644695,-0.0582015477120876,0.0488115139305591,0.0324358642101287
1774470211822783700,114.60278369140624,-0.0051256724506616,-0.3223111421268433,0.2058048966616392,-0.028115089982748,-0.00050157494843,-0.1128520593047142,-0.0315057298541069,0.3799661163032055,0.3397849125623702,0.1708100140094757,0.1025126576423645,-0.1066734492778778,0.1037280855000019,-0.1227171558693051,-0.0332312384724617,-0.0288764089345932,0.089893952012062,0.0577057674527168
1774470211832810800,114.61281079101562,-0.0525298131823539,-0.2551088066000491,0.1935731915980577,-0.0374540351331234,-0.0115604614838957,-0.1306469440460205,-0.0875403362870216,0.3774754685312509,0.2181435692310333,0.2143570333719253,0.1293071955442428,-0.1302853226661682,0.0899389218613505,-0.0502352725043892,-0.0735322692006826,0.007617418654263,0.1241912096738815,0.0814124345779419
1774470211842836700,114.62283666992188,-0.0471346761405468,-0.1780679812891408,0.1585848803251981,-0.0500233583152294,-0.023727111518383,-0.1409097015857696,-0.1357376732230186,0.3551724513083696,0.0886696325778961,0.25164395570755,0.1491280347108841,-0.1329756528139114,0.0806254423320293,0.0296115866705775,-0.0980477017760276,0.0383835770189762,0.123602956533432,0.0980263501405716
1774470211852863700,114.63286376953126,-0.008950929827243,-0.1118581365315709,0.1143260518819093,-0.0585174746811389,-0.0343282222747802,-0.1524398475885391,-0.1936181997835636,0.3205523888260126,-7.01426267623e-05,0.2727866470813751,0.1601211428642273,-0.111755684018135,0.0843012082353234,0.0760015819236636,-0.1182517008930444,0.0647629871964454,0.0912031978368759,0.1045207381248474
1774470211862890800,114.64289086914064,0.0208183316230773,-0.0599854081516154,0.0834603734970092,-0.0633449852466583,-0.0406348519027233,-0.1513413041830063,-0.2139095849230885,0.2484919457435608,-0.0808838010072708,0.2786788940429687,0.1597965061664581,-0.0765857174992561,0.0727051707267761,0.0895551832407712,-0.1017728597790002,0.08449537307024,0.0349944271147251,0.1045029312372207
1774470211872916700,114.65291674804688,-0.0124519236855208,-0.0089573595680296,0.0717021311640739,-0.0661062598228454,-0.0498553141951561,-0.1495484560728073,-0.2149205155313014,0.1297708737730979,-0.1923836895525455,0.271018922328949,0.1471450626850128,-0.0367380268871784,0.052227615365386,0.117745212675631,-0.0495814847707748,0.0953943580389022,-0.0354512445628643,0.1001776903867721
1774470211882943700,114.66294384765624,-0.0441710040293633,0.0452149783906526,0.0831155055820941,-0.0709513500332832,-0.0618688315153121,-0.1447361260652542,-0.2035711462602019,0.0254401462048292,-0.3280664177179336,0.2456003874540329,0.1277939975261688,-0.0002660386962816,0.0468920995563268,0.1728589048713445,-0.004295066845417,0.1000932306051254,-0.1050124615430831,0.0960852429270744
1774470211892970800,114.672970703125,-0.0606599281460046,0.0627974333650432,0.0950543651789426,-0.0700291469693183,-0.0809254273772239,-0.1495618820190429,-0.229373403775692,-0.0967091466486454,-0.4135574202597141,0.2070710957050323,0.1031544804573059,0.0215172749012708,0.0795876237168908,0.2141284883707761,0.0084364044338464,0.0978119671344757,-0.1592293679714203,0.0901868715882301
1774470211902996700,114.68299682617187,-0.0868755887679755,0.1181093880792148,0.1082592991888523,-0.0745589137077331,-0.0972660556435585,-0.149366408586502,-0.2231201885998248,-0.1971878749638795,-0.4707113861113786,0.1669631004333496,0.0807389244437217,0.0322508811950683,0.1563683733195066,0.2309483980074524,-0.0371393518269062,0.0925152525305748,-0.1772817820310592,0.089813694357872
1774470211913023700,114.69302368164062,-0.0619844547480344,0.1288969404827803,0.1220937632739543,-0.0761429145932197,-0.1106315776705741,-0.146188884973526,-0.249854758529365,-0.2552285605221986,-0.4980781164646148,0.1237291768193245,0.066294752061367,0.0351837389171123,0.2658233120337128,0.2667301977455615,-0.1016384197443723,0.0809203833341598,-0.1595901399850845,0.0951365530490875
1774470211923050800,114.70305078125,-0.1134065989494323,0.143595291388221,0.1388245333224534,-0.0783365666866302,-0.1290207058191299,-0.1416780203580856,-0.2790785149261355,-0.2461667176663875,-0.5138362420886755,0.0840906947851181,0.0683147609233856,0.0400895476341247,0.361361661337316,0.3011781185314059,-0.1734013411849737,0.064870685338974,-0.1168630421161651,0.1079856157302856
1774470211933076700,114.71307666015625,-0.188231246048212,0.1404956083398312,0.1550344943672418,-0.0821616202592849,-0.1506007760763168,-0.1390862464904785,-0.3210778740048408,-0.1834112785458564,-0.4965840785145759,0.0488658584654331,0.0758864283561706,0.052809327840805,0.4131216591909527,0.2999225655123591,-0.228709386909008,0.0468266978859901,-0.0612402632832527,0.1233461946249008
1774470211943103700,114.72310375976562,-0.2193903544217348,0.103485874241963,0.14125555986166,-0.081568531692028,-0.1681760400533676,-0.1318549513816833,-0.3467468605294823,-0.1183984158873557,-0.4156032468736171,0.0265943743288517,0.0866341516375541,0.0776417031884193,0.4656438735887408,0.2776855992630124,-0.2644312731534242,0.0293280407786369,-0.0054733115248382,0.1387132704257965
1774470211953130800,114.733130859375,-0.1645434964686632,0.048522075378336,0.1200549509227275,-0.0724673047661781,-0.1636926382780075,-0.1244171932339668,-0.2952650950953364,-0.079167644739151,-0.366913742506504,0.0046434933319687,0.0886606201529502,0.1086170226335525,0.4902987146347761,0.2667459798365831,-0.2613736391484737,0.0143128717318177,0.0353952944278717,0.1442220211029052
1774470211963156700,114.74315673828124,-0.0925409210532903,-0.0114017753117717,0.1027536875098943,-0.0615494064986705,-0.1499190330505371,-0.1184027045965194,-0.2158487362921237,-0.0868605373293161,-0.3610001345485448,-0.0186551716178655,0.0748364180326461,0.1359423846006393,0.4605608712360262,0.2460857613846659,-0.1947293758958578,-0.0030405006837099,0.0559618808329105,0.1454861313104629
1774470211973183700,114.75318383789065,-0.0607164806388318,-0.0568794232266023,0.0852262141257524,-0.0494556948542594,-0.1227530092000961,-0.1132533252239227,-0.1468053029432892,-0.1016571244448423,-0.3132610627740621,-0.0424895174801349,0.0555490739643573,0.1513882428407669,0.3777499015584588,0.2223673244059085,-0.1361982764720916,-0.0223026126623153,0.0542334876954555,0.1390804201364517
1774470211983210800,114.76321069335935,-0.0365682739406824,-0.0577675311727449,0.0300116919040679,-0.0360304340720176,-0.0842311829328537,-0.1126916632056236,-0.0497875287368893,-0.1642623414397239,-0.2191086148709058,-0.0604232437908649,0.0344003774225711,0.1507094055414199,0.3199661133706569,0.2091287803873419,-0.0863502497196197,-0.043080024421215,0.0462369509041309,0.1231805756688118
1774470211993236700,114.77323681640624,0.0251268424719572,-0.035033867447637,-0.0551934794336557,-0.0228699650615453,-0.0357874669134616,-0.1083663329482078,0.0544607812449336,-0.2460673489451408,-0.1812625760793685,-0.0762807205319404,0.0180688798427581,0.1314027607440948,0.2192193817690014,0.2151440951541066,-0.0870370629400014,-0.0626577138900756,0.0383958034217357,0.1042883768677711
1774470212003263700,114.783263671875,0.1139776768356561,0.0042112244868651,-0.1772024870336055,-0.0070260213688015,0.0111400950700044,-0.0948598384857177,0.1003720530703663,-0.265002351039648,-0.2137088016539812,-0.1002497002482414,0.006708635482937,0.1051967293024063,0.1021677043154835,0.1982166334897279,-0.0716138683587312,-0.0892761051654815,0.0271759927272796,0.0836314037442207
1774470212013290800,114.79329077148438,0.1853893006205558,0.0368463236970827,-0.2910094834774732,0.0079507241025567,0.0476786829531192,-0.0744458213448524,0.1085027525559067,-0.2763935136258602,-0.240673380947113,-0.130964308977127,-0.0029151462949812,0.0731289312243461,0.0192091428607702,0.1181546702593565,-0.1052501805007457,-0.1094143986701965,0.0222336985170841,0.0647533237934112
1774470212023316700,114.80331665039064,0.2403150690287351,0.0906988733831793,-0.3540110063135623,0.021428981795907,0.0769904926419258,-0.0569081082940101,0.1408756206333637,-0.254105109450221,-0.2749865694373846,-0.1599509567022323,-0.0059793796390295,0.0435558594763278,0.0193599495083093,0.0334200390428304,-0.1208165829449892,-0.1228055134415626,0.0360928326845169,0.0420785136520862
1774470212033343700,114.81334375,0.246309341007471,0.1549628904357552,-0.3688490944832563,0.0304241515696048,0.102216713130474,-0.0449184626340866,0.1165136250540614,-0.2362245848447084,-0.3282031958401203,-0.1854677051305771,-0.0064810905605554,0.0188480708748102,0.0679731737688183,0.0237613993376493,-0.141188339844346,-0.1341756284236908,0.064086377620697,0.016747323796153
1774470212043370800,114.82337084960938,0.2388971650548279,0.2038254863474518,-0.3956581909537315,0.0332495011389255,0.1235177442431449,-0.029881989583373,0.1181593464344739,-0.2424175942659377,-0.2883668600142002,-0.1988295763731002,-0.0097525175660848,0.0010821234900504,0.1139873214468359,0.0083721070259809,-0.1275666417270898,-0.1320121884346008,0.0937187895178794,-0.0068666185252368
1774470212053396700,114.83339672851562,0.2218361401386558,0.2287241095541045,-0.4066793511837721,0.0270547531545162,0.1381509155035019,-0.0217747222632169,0.1037675407275557,-0.2111632088243961,-0.2902086884886026,-0.1987281143665313,-0.0094195818528532,-0.0128137310966849,0.1671358510494232,-0.0531844776988029,-0.1219727672427892,-0.1224338635802269,0.1297271400690078,-0.0273010525852441
1774470212063423700,114.843423828125,0.1992342860996723,0.2035115067611448,-0.3897948518782854,0.0260496772825717,0.1525285243988037,-0.0221840497106313,0.0706228114947676,-0.0711602793723344,-0.2502215460151434,-0.1929117739200592,-0.0036831321194767,-0.0342138260602951,0.2567585465684533,-0.1134989534080028,-0.1219412030607461,-0.1188870593905448,0.1739438623189926,-0.0337991639971733
1774470212073450800,114.85345068359376,0.1672318587698042,0.1426237246760167,-0.3221007873117923,0.0145051516592502,0.1661115884780883,-0.0281796921044588,0.0760237937554717,0.1065156703919172,-0.0700520258694887,-0.1839574724435806,0.0169290136545896,-0.0690838247537612,0.3404731870874762,-0.140429338170588,-0.1816220570415258,-0.1166830286383628,0.2143352329730987,-0.0365408882498741
1774470212083476700,114.86347680664062,0.1449329332001507,0.0757720840167254,-0.2240466557949781,0.0022151956800371,0.1693755537271499,-0.0432057827711105,0.119179337131977,0.3097241208195686,0.2657341724455356,-0.1693955808877945,0.0402071699500083,-0.1239204481244087,0.3753723587721586,-0.1607718689754605,-0.2053565683722495,-0.0888218805193901,0.2481586188077926,-0.0354569181799888
1774470212093503700,114.87350366210936,0.0910745017625391,0.0176741883784532,-0.1131371343582868,-0.0140839628875255,0.1607477962970733,-0.0492583476006984,0.2284296931847929,0.4810667759090661,0.5989385375738143,-0.1446692049503326,0.0766694694757461,-0.192388504743576,0.3301101985052228,-0.1137926756575703,-0.1540875689059495,-0.0524135455489158,0.2758125960826874,-0.0328185260295867
1774470212103530800,114.88353076171876,0.0161358728952705,-0.0450460332982242,0.0235784439861774,-0.0252452716231346,0.1512126177549362,-0.0518152490258216,0.2791106636300683,0.6002630641758442,0.8086211524516344,-0.1038900762796402,0.1122554242610931,-0.2590996325016022,0.1747682456240057,-0.0120177700519561,-0.0575479336053132,-0.0040675858035683,0.2874980568885803,-0.0218009985983371
1774470212113556700,114.893556640625,0.0030542730040848,-0.0942602921918034,0.1810463029801845,-0.0314502529799938,0.1429367065429687,-0.0554167553782463,0.2848419007584452,0.6411901178479195,0.9298165055811404,-0.0455850102007389,0.1380746662616729,-0.3034286797046661,-0.072086162045598,0.0880877410367131,0.1311754798740148,0.0462616309523582,0.2905114293098449,-0.0067916894331574
1774470212123583700,114.90358374023438,-0.0074281041741371,-0.1303335126245394,0.311691036978364,-0.0357270240783691,0.1288621723651886,-0.0584615468978881,0.2389201075389981,0.6664712740987538,1.025116954475641,0.032284490764141,0.150418147444725,-0.3178552687168121,-0.2561699330255389,0.135621353366971,0.3022019086211919,0.0929188281297683,0.2679307460784912,0.0070864632725715
1774470212133610800,114.91361083984376,-0.0484470739133656,-0.1486740924898535,0.4247147740900516,-0.0412906669080257,0.1100608482956886,-0.0663635656237602,0.1718731087043881,0.6909890447616577,1.0596586910247805,0.112415425479412,0.1512075364589691,-0.295460432767868,-0.3732502520516514,0.1077455044478178,0.3956389017313718,0.1296981424093246,0.2134802639484405,0.0166536029428243
1774470212143636700,114.92363671875,-0.115011111536622,-0.1265293345686048,0.5054197113990784,-0.041462704539299,0.0848886519670486,-0.0759256407618522,0.0856850638091564,0.6348959861397743,0.9329717547416686,0.1799310743808746,0.1428654640913009,-0.2521185278892517,-0.4458350112691521,0.0441080217957496,0.4356055859386921,0.1566830575466156,0.140208289027214,0.0292283818125724
1774470212153663700,114.93366381835938,-0.1315950204603374,-0.0958888980406336,0.5234656556993723,-0.0423809997737407,0.0586127303540706,-0.092573769390583,0.0214677354425191,0.4863946929335594,0.7439490660548209,0.2396202981472015,0.1455064862966537,-0.203444242477417,-0.5153501537829637,-0.0014548749834299,0.4882768534183502,0.1913172006607055,0.0747150331735611,0.0431058444082737
1774470212163690800,114.94369067382812,-0.1720323909193277,-0.0617279409700073,0.4928571669459343,-0.0422939173877239,0.0237205252051353,-0.11598402261734,-0.0158656776517629,0.2591524559676647,0.5502548784255981,0.2857473194599151,0.1510258913040161,-0.1561675518751144,-0.4711930321484804,0.0482750783473253,0.4762643440634012,0.2203573733568191,0.017429906874895,0.0637440159916877
1774470212173716700,114.953716796875,-0.2254791728161275,-0.0259448808565735,0.430154334795475,-0.0422027632594108,-0.0149347130209207,-0.1386986672878265,-0.1511404095381498,0.1103337673753499,0.3350625602155924,0.3053121268749237,0.1511708498001098,-0.1123536229133606,-0.3513140223145484,0.0402338107109069,0.4653635953426361,0.2204436659812927,-0.0576669760048389,0.0828697681427002
1774470212183743700,114.96374365234377,-0.2424303076170385,0.0216320774250663,0.3536784133583307,-0.0482699796557426,-0.0597061812877655,-0.1582502722740173,-0.2970683451250195,0.044207975038886,0.1796650777548551,0.3110118210315704,0.1513868272304535,-0.0805573463439941,-0.3233963800802826,-0.0269148949325084,0.4223854543596506,0.2018058001995086,-0.1373724192380905,0.0890449061989784
1774470212193769700,114.97376977539062,-0.2385287701338529,0.0694254914689809,0.2796481315076351,-0.0572825297713279,-0.0911721885204315,-0.1716798692941665,-0.331657720208168,-0.0348059404432773,0.0030897827088832,0.3091575801372528,0.1616521775722503,-0.0648126006126403,-0.2783230203837156,-0.0276820799127221,0.3380015362769365,0.1773257553577423,-0.1955393105745315,0.0951265022158622
1774470212203796700,114.98379663085936,-0.2576091720484197,0.088682784320414,0.2554804894566536,-0.0719376429915428,-0.1303765922784805,-0.1695421487092971,-0.383353712914884,-0.0882289030730724,-0.221098327383399,0.2991747260093689,0.176677718758583,-0.0620442405343055,-0.2068690187618136,0.122319973245263,0.2310615029931068,0.1542968600988388,-0.2150853872299194,0.1114934012293815
1774470212213823700,114.99382373046876,-0.2993539718441665,0.0980828644209541,0.2427420039147138,-0.0766379237174987,-0.1676490753889084,-0.1621021628379821,-0.4285398853361606,-0.1131020630449056,-0.3369055577337742,0.289779394865036,0.1948216408491134,-0.0706457793712616,-0.0354363473013043,0.1791293634429573,0.0784428375959396,0.1423209011554718,-0.1972973346710205,0.1240318268537521
1774470212223849700,115.003849609375,-0.3240964911736548,0.1080686902538873,0.259759774211049,-0.0807892605662345,-0.1998157948255539,-0.1456560790538787,-0.3651689446657896,-0.1031102458626031,-0.3468149573296308,0.2821196317672729,0.2215794920921325,-0.0842318907380104,0.1937052935451269,0.1476888077795505,-0.1518289763242006,0.135247066617012,-0.16298508644104,0.1379387527704239
1774470212233876700,115.01387670898436,-0.3654429393015801,0.1126758735220879,0.2663946821808814,-0.0789829939603805,-0.2313059866428375,-0.1214992627501487,-0.2517471481472254,-0.0084188687771558,-0.3848708394795656,0.2772039473056793,0.2379523068666458,-0.1014255136251449,0.334759193354845,0.142189918102324,-0.3047989393770695,0.1329402327537536,-0.1198679879307746,0.1561497151851654
1774470212243903700,115.02390380859374,-0.4376568193800747,0.1135303897258825,0.2891466122150421,-0.0740396380424499,-0.2633115947246551,-0.0996429696679115,-0.1420510941535234,0.214154791855812,-0.3823953892767429,0.2684943675994873,0.2451348453760147,-0.1289559453725814,0.419566597546637,0.1891328710630536,-0.376332143715024,0.1473547518253326,-0.069879226386547,0.1756219118833542
1774470212253929700,115.0339296875,-0.5001829797893762,0.1322800070498138,0.3099234427839517,-0.0659144073724746,-0.2847407162189483,-0.0803325548768043,0.0040852234870195,0.3781289640039205,-0.3723468734711408,0.2544173300266266,0.2436967343091964,-0.1632408052682876,0.469466646747291,0.2581567229285836,-0.3768120361864566,0.1636644750833511,-0.017583530396223,0.1829940676689148
1774470212263956700,115.04395678710938,-0.5045817992702126,0.1587229005564004,0.3075391779959202,-0.0575643293559551,-0.2959784567356109,-0.0705033615231514,0.1723459869131445,0.3795540283709764,-0.3750730835646391,0.225454643368721,0.2336068153381347,-0.1998571306467056,0.5017553436726332,0.2600608029842376,-0.3114057902961969,0.1786457598209381,0.0157587081193923,0.1753067821264267
1774470212273983700,115.05398364257812,-0.4326384066961705,0.174319186682254,0.2755728448927402,-0.0437855198979377,-0.2786886990070343,-0.0626158043742179,0.3186526926845311,0.2953986583471298,-0.3122089233726263,0.1805457174777984,0.2061913758516311,-0.2327910512685775,0.4635422251343727,0.3091016050070524,-0.1381459034085273,0.1853846311569214,0.0215433593839406,0.1498757153749466
1774470212284009700,115.064009765625,-0.2857055318504571,0.1927988644910044,0.2009101103574037,-0.0258928071707487,-0.2190160602331161,-0.0549221970140934,0.4289449590057134,0.2342068152815103,-0.1681932511478662,0.1235237047076225,0.1520392000675201,-0.259376585483551,0.365832084749639,0.3989323903188109,0.0457113653391599,0.1843031793832779,0.0046251015737652,0.1127867549657821
1774470212294036700,115.07403662109375,-0.0480174503244459,0.189108777801413,0.0473567944586277,-0.0095847528427839,-0.1292978078126907,-0.0385248661041259,0.4754144492357969,0.1457686533719301,-0.141617378911376,0.0659611225128173,0.0880496650934219,-0.2817043364048004,0.2438835751652717,0.4086497744739055,0.1805266630202531,0.1945704668760299,-0.0214477777481079,0.0772215723991394
1774470212304063700,115.08406372070311,0.2663485780168325,0.1468404290555976,-0.2043348241090774,0.0124220121651887,-0.0199630595743656,-0.0143747869879007,0.4480439194902777,-0.0062035308152437,-0.1532815132200717,0.0144140440970659,0.0280470475554466,-0.2991126179695129,0.142734400242567,0.4015808590009808,0.2399035656183958,0.2179251462221145,-0.0070492578670382,0.0438224375247955
1774470212314089700,115.09408984375,0.4862100570816546,0.09430625022538,-0.4539613268405199,0.0342798829078674,0.0850083753466606,0.0091206291690468,0.3014268325954675,-0.0922685338526964,-0.1415945825576782,-0.0200210139155387,-0.0049606785178184,-0.3012249767780304,0.0775862207666039,0.3644590428307652,0.2657657366275787,0.2260635048151016,0.0222146213054656,0.0120096486061811
1774470212324116700,115.10411669921876,0.5374573561728,0.016247644440364,-0.6641314329743385,0.0564472377300262,0.1695341765880584,0.0230606794357299,0.1364315007060766,-0.1495008256375789,-0.1513420695900917,-0.0526916086673736,-0.023530101403594,-0.2917699515819549,0.0677101389184594,0.2953051348447799,0.2841694083243608,0.2043478190898895,0.0369594767689704,-0.0017024357803165
1774470212334143700,115.11414379882812,0.5684984641898423,-0.0515502275604754,-0.8068453749507665,0.0764495506882667,0.2412716001272201,0.0319707281887531,-0.0373562094479799,-0.1918266401916742,-0.1957850224286317,-0.0717657580971717,-0.0066424920223653,-0.2672962546348572,0.0972822703614831,0.1479705473303794,0.2405330956935882,0.1851163059473037,0.0654373466968536,0.0027093635872006
1774470212344169700,115.12416967773436,0.6160083303183317,-0.0667955630904994,-0.9434124847352504,0.0900074392557144,0.2902250289916992,0.0402816534042358,-0.2050058552384376,-0.2789841146409511,-0.2734083603352308,-0.0890627205371856,0.0197603534907102,-0.2309172004461288,0.1562573141604661,0.1253960196897387,0.2310258471578359,0.1607728749513626,0.1162345558404922,0.0124475955963134
1774470212354196700,115.13419677734376,0.6611942104786634,-0.0718524446212686,-1.061464279142022,0.0948664546012878,0.3289105594158172,0.0520632117986679,-0.4060784626811742,-0.3284364200741052,-0.3490028227627277,-0.0947414264082908,0.0728964284062385,-0.171894297003746,0.3095633772999048,0.0734311469137668,0.1337076287001371,0.1406542956829071,0.1743910610675811,0.0181968286633491
1774470212364223700,115.1442236328125,0.6888667919106781,-0.0228068750917911,-1.064571597507596,0.0909550711512565,0.339801549911499,0.0647033751010894,-0.5563637166947126,-0.3734235627919435,-0.3617296178668737,-0.1075078248977661,0.1238879710435867,-0.1032198965549469,0.3634031040370464,0.0016030512824654,0.0872089123755693,0.1187218204140663,0.2014897763729095,0.0176580399274826
1774470212374249700,115.15424975585935,0.5063860722132026,-0.0218710372800938,-0.9421884958982468,0.0713131129741668,0.3167589008808136,0.0618431381881237,-0.6721154174655676,-0.3497223692089319,-0.3089513828814029,-0.1180439814925193,0.1712252795696258,-0.0344055294990539,0.3884197641327977,-0.09056465254426,-0.0842763660550117,0.1105802729725837,0.2118926048278808,0.0204149447381496
1774470212384276700,115.16427685546876,0.2147626946210861,0.055507221557945,-0.5820400097429752,0.0431118346750736,0.2725821137428283,0.0598566867411136,-0.6999325219348073,-0.4071265104293823,-0.2870470095872879,-0.1276832967996597,0.2113330066204071,0.0328198485076427,0.3186526926845311,-0.0968003320634365,-0.172451493114233,0.1089236289262771,0.2173489928245544,0.0110771218314766
1774470212394303700,115.1743037109375,-0.0456641651965677,0.142265485822875,-0.1055108772635459,0.0037304125726222,0.2161153703927993,0.0590757578611373,-0.690259269182384,-0.5374754763513803,-0.276899125060439,-0.13040491938591,0.2373675853013992,0.0917861387133598,0.2508680272251367,-0.0460606171682477,-0.2698521291583776,0.1023975536227226,0.205390065908432,-0.0037899753078818
1774470212404329700,115.18432983398438,-0.287303176305443,0.1045988404525443,0.3954992009997368,-0.0288485698401927,0.1613194942474365,0.0559063255786895,-0.6326224882498384,-0.5583019912809133,-0.2058154180556535,-0.1432789266109466,0.2379854470491409,0.1322238445281982,0.1283896485477685,-0.0639569238647818,-0.2856897497594356,0.0862520784139633,0.1775235533714294,-0.0155313732102513
1774470212414356700,115.19435668945312,-0.485434907990694,-0.0068455733121372,0.7779974661290645,-0.0500001199543476,0.1201651096343994,0.0448059104382991,-0.5135659007146954,-0.5567459940105677,-0.1071919622182846,-0.1553127914667129,0.2182361930608749,0.1439535617828369,0.0682265640079975,-0.0937979353770613,-0.350205184289813,0.0695721730589866,0.1533830761909485,-0.0188709758222103
1774470212424383700,115.2043837890625,-0.6903792423002422,-0.1202998838608153,1.002718075662851,-0.0604895129799842,0.0765763521194458,0.0309806428849697,-0.3733265321582555,-0.4654378296226262,0.0302080912590026,-0.1596308499574661,0.1842324137687683,0.1320332437753677,0.0126589905649423,-0.1039978423520922,-0.4926584295034408,0.0634847208857536,0.1459383964538574,-0.0104634957388043
1774470212434409700,115.21440966796877,-0.7739332854300737,-0.2605356539543718,1.136659513118863,-0.068479336798191,0.0508837960660457,0.0153783410787582,-0.2366027705073356,-0.3706055827617645,0.2128501389980316,-0.1551229506731033,0.1506754159927368,0.1042395085096359,-0.0575280598610639,-0.0484673860490322,-0.595582212883234,0.0582129992544651,0.1597442179918289,0.00118676899001
1774470212444436700,115.22443676757813,-0.6662633304364979,-0.3795208567537367,1.1893155830293891,-0.0702665820717811,0.0795631110668182,-0.0142876747995615,-0.1754901301577687,-0.3694318628072738,0.313257555642724,-0.1375554054975509,0.1129370853304863,0.0749977305531501,-0.1487494227483868,0.0407066889196634,-0.6168278300076723,0.0492110326886177,0.1828879565000534,0.0094224996864795
1774470212454463700,115.23446362304688,-0.3587519172303378,-0.467112704032287,1.0795195757925509,-0.0590671151876449,0.1191544383764267,-0.0361930653452873,-0.1253226621925831,-0.3542003914058208,0.3349409796625375,-0.1194563508033752,0.0636045336723327,0.0541684329509735,-0.2950897385284304,0.1229743455007672,-0.5493377635806799,0.0280098728835582,0.1936452537775039,0.015360283665359
1774470212464489700,115.24448974609376,-0.1309358258992433,-0.55929549583029,0.8451426646411418,-0.0501878708600997,0.1540021747350692,-0.0561420060694217,-0.1408130767911672,-0.2552566175729036,0.3903355346262455,-0.1002099514007568,0.0015696643386036,0.0383306145668029,-0.4120739037036895,0.1451283096417784,-0.4466939661860465,0.0044068060815334,0.1750361621379852,0.0114372111856937
1774470212474516700,115.25451684570312,-0.1773230446733534,-0.640347091152519,0.632794629946351,-0.0399792119860649,0.176957681775093,-0.0845342278480529,-0.1507318287372589,-0.1962450411558151,0.4353156630814075,-0.0855524614453315,-0.061136920005083,0.0279040113091468,-0.4867316698029637,0.0509559879943728,-0.4100315842211246,-0.0090951537713408,0.1483297199010849,0.0007728487253189
1774470212484542700,115.26454272460936,-0.3217961052767932,-0.6362326415710151,0.3176765411287546,-0.0259520784020423,0.1898804008960724,-0.1463352739810943,-0.1938967244639992,-0.1281897420614957,0.4380670076161623,-0.0805281475186348,-0.1057360768318176,0.0204287841916084,-0.5543982618406414,0.0668760261818766,-0.4025584718614816,-0.0202346146106719,0.1307592093944549,-0.0007883552461862
1774470212494569700,115.27456982421874,-0.158650346776843,-0.5760694839660078,-0.0984410850077867,0.0055777383968234,0.194154292345047,-0.1836129575967788,-0.2260948204964399,-0.0333908129483461,0.508354011285305,-0.0749225541949272,-0.1379733085632324,0.0169209949672222,-0.5796826329618692,0.1663333024948835,-0.3729150287479162,-0.0294512826949358,0.1222839727997779,0.0018577612936496
1774470212504596700,115.2845966796875,0.157162154045701,-0.4671826274633407,-0.5681874254792928,0.0410230793058872,0.1675634235143661,-0.1985692828893661,-0.2167772493138909,0.0002402384966611,0.5568026926338673,-0.0590953864157199,-0.1677290648221969,0.0130791189149022,-0.5215598220780492,0.227319978377223,-0.3356418214082717,-0.0295714996755123,0.1189149692654609,0.0018281526863574
1774470212514622700,115.29462280273438,0.2618365804851055,-0.2683607580894604,-0.9434773666650056,0.0540654845535755,0.1375718414783477,-0.1876399368047714,-0.1823611849710345,-0.0196814365476369,0.3860322844743728,-0.0417343452572822,-0.18795807659626,0.0098626818507909,-0.5313540708616376,0.2499745855167508,-0.2170645418226718,-0.0300039965659379,0.1055869162082672,-0.0053189727477729
1774470212524649700,115.30464965820312,0.3681435765624046,0.1010564003390259,-1.161454931679368,0.0284261684864759,0.1192104145884513,-0.1669341325759887,-0.1961494718268513,-0.035793197914958,0.1303577337503433,-0.0234892927110195,-0.201693594455719,0.0059451721608638,-0.6042237845003604,0.2749517903849482,-0.1141957035005092,-0.0364039577543735,0.0702086314558982,-0.021521070972085
1774470212534676700,115.3146767578125,0.5169985055118799,0.5316354085536673,-1.2204571557462214,-0.0314692705869674,0.1175742074847221,-0.1510761380195617,-0.2721665435805916,-0.052580082064867,-0.0362105465441942,-0.0122822821140289,-0.2115548998117447,0.0027553543914109,-0.6274032922968268,0.2392930325046181,-0.1160176582306623,-0.0511149913072586,0.0203230995684862,-0.0459414608776569
1774470212544702700,115.32470263671875,0.6748702691316604,0.7788716186150908,-1.086256190571189,-0.0832797363400459,0.1589432209730148,-0.1503533571958542,-0.382583605325222,-0.1197802256345748,-0.1492091492146253,-0.0152237433940172,-0.2143799811601638,-0.0079380357638001,-0.5037877262830734,0.1787722205683589,-0.1356435651987791,-0.0700134187936782,-0.0392748713493347,-0.0783045962452888
1774470212554729700,115.33472973632811,0.7724380784362554,0.7081650012943893,-0.7686714193791151,-0.1039799600839614,0.2119089663028717,-0.1647954136133194,-0.4454097715944051,-0.2056090818285942,-0.2626590027838945,-0.0351766347885131,-0.21254862844944,-0.0370046570897102,-0.3497381512999534,0.1435769885465502,-0.1805313391953706,-0.0820423811674118,-0.0811730548739433,-0.1158804669976234
1774470212564756700,115.3447568359375,0.6562493014223874,0.4777312017455696,-0.3491729186326265,-0.1084495410323143,0.2411315739154815,-0.1757796257734298,-0.4626616429075598,-0.248823369655013,-0.329691973093152,-0.0615685619413852,-0.2055471837520599,-0.0755413994193077,-0.1814142595097422,0.1739636512428522,-0.3224976776748895,-0.0847723856568336,-0.08126200735569,-0.1452056020498275
1774470212574782700,115.35478271484376,0.4057843020401895,0.322248306023702,0.06161971308887,-0.1006144061684608,0.2435777634382248,-0.1748530268669128,-0.502844892475009,-0.1877782415837049,-0.2368728196203708,-0.0825393050909042,-0.1985959857702255,-0.1214756593108177,-0.0479682043552398,0.2275911965340376,-0.4647480937927961,-0.0780116841197013,-0.0476766154170036,-0.1683282256126403
1774470212584809700,115.36480981445312,0.2438204468011856,0.1768646699139848,0.3628893092960119,-0.0792582482099533,0.2396725118160247,-0.1674483716487884,-0.5487088180273771,-0.0538888265758752,-0.0573351676374673,-0.1045476719737052,-0.1973360478878021,-0.1689853817224502,0.0646808542251587,0.2742109088897705,-0.5525438661456108,-0.0621991567313671,-0.0026417952030897,-0.193891167640686
1774470212594836700,115.37483666992188,0.2079115135520696,-0.0101787728554569,0.5304582910656929,-0.0529939606785774,0.2175626754760742,-0.1645785570144653,-0.5540712218433618,0.0750561177670955,0.146138071206212,-0.1191782653331756,-0.2049834877252578,-0.2111538350582122,0.0428629901707172,0.282751650480926,-0.6306839214026928,-0.0340119898319244,0.0302756763994693,-0.2219363898038864
1774470212604862700,115.38486279296876,0.1544955651849508,-0.1639392834978178,0.6109089613527059,-0.0315477922558784,0.1717067658901214,-0.1647820174694061,-0.5386766688346862,0.1642220094293356,0.3688338969141245,-0.1244523823261261,-0.220939815044403,-0.2439104467630386,-0.0884334857344627,0.3720867612302303,-0.6390408308595419,0.0015064787585288,0.0657315626740455,-0.2470489740371704
1774470212614889700,115.3948896484375,-0.0335689459942281,-0.2662425055601634,0.6523048015803098,-0.0255410782992839,0.1046706885099411,-0.1723829507827758,-0.4922662153154611,0.2447597734779119,0.4772445872724056,-0.1196154505014419,-0.2384145110845565,-0.2690537571907043,-0.263424726459384,0.4774424479320645,-0.5601408971458673,0.0295975003391504,0.0858317762613296,-0.2798311412334442
1774470212624916700,115.40491674804689,-0.2555487323872745,-0.2246883329656906,0.6507610792696475,-0.0237216055393219,0.0536999180912971,-0.1915467977523803,-0.514840450695157,0.2666349206775427,0.5496271019160747,-0.1017538905143737,-0.2620697617530823,-0.281857967376709,-0.4546782429382204,0.5861974216833711,-0.4107131367444991,0.0411181114614009,0.0678257048130035,-0.3083656132221222
1774470212634942700,115.41494262695312,-0.2479530165612697,-0.1581670019729994,0.621878683656454,-0.0209617689251899,0.0475469194352626,-0.2243117392063141,-0.5727823520541191,0.2961024227023124,0.5993330898493529,-0.0880816504359245,-0.2877534925937652,-0.2925983071327209,-0.6483955191820859,0.6221773743420839,-0.3215145118564367,0.0496839024126529,0.0200549848377704,-0.3443555831909179
1774470212644969700,115.4249697265625,-0.0673170479476451,-0.1971458807193674,0.5424544338077306,-0.0251565128564834,0.0618281178176403,-0.2490514367818832,-0.54885261041224,0.3427542837619781,0.6091472123771906,-0.0742292180657386,-0.3115057051181793,-0.3122673630714416,-0.7952695034474134,0.6312085297986865,-0.2141518692463636,0.0541833825409412,-0.050529159605503,-0.3751616477966308
1774470212654996700,115.43499682617188,-0.0775403357982635,-0.2879089601788669,0.4982160636305808,-0.0330446399748325,0.0584660544991493,-0.273895651102066,-0.5035673615306615,0.3251169202625751,0.6525549769490957,-0.0608261190354824,-0.3409908711910248,-0.3388179838657379,-0.8630816414356232,0.6331088104620576,-0.2140121685147285,0.0713184252381324,-0.1125722900032997,-0.4094367921352386
1774470212665022700,115.44502270507812,-0.3816680979155004,-0.3018115575967356,0.5143512058734894,-0.0525618828833103,0.0310698486864566,-0.297892302274704,-0.4920514035210013,0.3128366998821497,0.646901481232047,-0.0501412488520145,-0.3731312155723572,-0.3632953464984894,-0.8570289172679185,0.6536597233206033,-0.2326490644454956,0.0932836309075355,-0.1585242599248886,-0.4434912800788879
1774470212675049700,115.4550498046875,-0.443625226265192,-0.3017482465695589,0.4391583099842071,-0.0622499287128448,0.0140421297401189,-0.3151908814907074,-0.5163227982074022,0.3128273475319147,0.5168617273896933,-0.0491860210895538,-0.4060624539852142,-0.3852287828922272,-0.8313213522985577,0.673944094197452,-0.2166150444895029,0.1063456311821937,-0.2021018266677856,-0.4676072597503662
1774470212685076700,115.46507666015626,-0.163591748701781,-0.2517828222488053,0.3116764239311218,-0.0737638399004936,0.0022411309182643,-0.3133277297019958,-0.6001087503969669,0.2378290974318981,0.3892775500059127,-0.0517634265124797,-0.440179169178009,-0.4014479517936706,-0.8373144552335142,0.6698655927121638,-0.2132195568323135,0.1199376657605171,-0.2390047311782837,-0.48919478058815
1774470212695102700,115.47510278320313,0.0536947653084993,-0.2036905531224794,0.1643026734501123,-0.0620615035295486,0.0090524898841977,-0.3009530305862427,-0.7145598899632692,0.0867518162578344,0.3050315790891647,-0.0591967888176441,-0.4665747582912445,-0.4132010638713836,-0.7745037787944078,0.6774740218892693,-0.2173866133838891,0.1458366513252258,-0.2584034502506256,-0.5257109999656677
1774470212705129700,115.48512963867188,0.0794072987139224,-0.1269678721163421,0.0230576349824666,-0.0438420213758945,0.0299553759396076,-0.2819268703460693,-0.8602367733985186,-0.0157546184927225,0.2019423760145902,-0.0887213945388794,-0.4856459200382232,-0.4155116379261017,-0.7165776595264672,0.6808131031841039,-0.2897580221116542,0.1549656391143798,-0.2711288928985595,-0.5566216707229614
1774470212715156700,115.49515673828124,0.0939940424710512,-0.0044855479162186,-0.0688233608573675,-0.0342244580388069,0.0610846020281314,-0.253810316324234,-1.0573597664326428,-0.049430093601346,0.0843260504156351,-0.1343096941709518,-0.4954370856285095,-0.4108276069164276,-0.6150964761704206,0.6712272364541888,-0.3732563895314931,0.1438748985528946,-0.2653178572654724,-0.5572981238365173
1774470212725182700,115.5051826171875,0.0811217014163732,0.1090442938203923,-0.1358481478601694,-0.023071140050888,0.0948678702116012,-0.2335908114910125,-1.2287915611103175,-0.062871174454689,0.0414811804234981,-0.182343527674675,-0.4904588460922241,-0.4036549031734466,-0.4880874683260917,0.7135387302219868,-0.43271863232553,0.1441610753536224,-0.2268940955400467,-0.5439745187759399
1774470212735209700,115.51520971679687,-0.044920507222414,0.1355748108115047,-0.1869616645038127,-0.0101864682510495,0.1050429046154022,-0.2104081809520721,-1.3555401644527911,0.0107569563359022,0.0826946498215198,-0.2194051146507263,-0.463125616312027,-0.3982437252998352,-0.3214350168794393,0.8067185337007046,-0.5331961915969848,0.1621991991996765,-0.1584942638874054,-0.5181612968444824
1774470212745236700,115.52523681640623,-0.1681383060902357,0.098179858522024,-0.1486088452339172,0.001892298925668,0.1018881201744079,-0.1842820346355438,-1.433096866863966,0.111432084006071,0.16199439650774,-0.234840527176857,-0.4199051558971405,-0.3974325060844421,-0.2315636072963476,0.8310475037932396,-0.6327081207066774,0.1851602494716644,-0.0767948627471923,-0.4962622821331024
1774470212755262700,115.5352626953125,-0.1720306373536586,-0.0040178756055422,0.0140671037971973,0.0137427235022187,0.0742100402712822,-0.1512891054153442,-1.475256969462335,0.2768225526928901,0.3052683104544877,-0.2264077365398407,-0.3701395392417907,-0.3990252614021301,-0.2056894535884261,0.868053876890242,-0.6545008503198624,0.2046047747135162,-0.0098381992429494,-0.4815459251403808
1774470212765293300,115.54529321289064,-0.1457422037564218,-0.1698055999816395,0.2165834803074598,0.0236057396978139,0.037950299680233,-0.1216292157769203,-1.5141273828655482,0.4799953472852706,0.5336497805833816,-0.1937896013259887,-0.3323074877262115,-0.4119082987308502,-0.2867287374183535,0.8930793048143386,-0.6459276677638291,0.2126394659280777,0.0195521563291549,-0.4803284704685211
1774470212775320600,115.55532055664062,-0.1069246895842254,-0.3770272863723337,0.4306663759708404,0.0461146980524063,-0.0096855871379375,-0.0946801602840423,-1.5560890402823686,0.6179243930727243,0.6948994962036609,-0.1533325612545013,-0.313038557767868,-0.4286211133003235,-0.4422489694759249,0.923209362401068,-0.6282166545063257,0.2243874818086624,0.0082046939060091,-0.4916751086711883
1774470212785346600,115.5653466796875,-0.0129985977828502,-0.4487593742832541,0.5311100329726934,0.070625364780426,-0.0257894564419984,-0.0696789398789405,-1.6581465622216462,0.7220119595348835,0.7341197459578513,-0.1140418797731399,-0.3099535405635834,-0.4389134347438812,-0.6465951917618513,0.9807067348629236,-0.5796516533017159,0.2335410416126251,-0.0233769547194242,-0.5108723044395447
1774470212795373300,115.57537329101562,0.1535680750764906,-0.4378493462774902,0.5376397270023823,0.1050733253359794,-0.0246231816709041,-0.0435662865638732,-1.8392618387848136,0.7828074967592954,0.6692085901081561,-0.0880018696188926,-0.3175452053546905,-0.4390643537044525,-0.8515048931494354,1.1510866824001074,-0.6228291162490844,0.2359924763441085,-0.0657332018017768,-0.5275964140892029
1774470212805400300,115.585400390625,0.2611692026175558,-0.3639615416374057,0.4240647857487201,0.1334508955478668,-0.0115222930908203,-0.0013408008962869,-1.999465844744444,0.7349269706875086,0.5366203208267688,-0.0818180069327354,-0.3355535268783569,-0.4318868517875671,-0.9481497423902152,1.3163482640102504,-0.6607388679265975,0.235583484172821,-0.1058031246066093,-0.5517632365226746
1774470212815426600,115.59542651367188,0.3373069781415164,-0.2537644793190062,0.2324988423198461,0.1546815782785415,-0.0007759644649922,0.0480933263897895,-2.0562892634674905,0.5153823024868965,0.303141819819808,-0.098768226802349,-0.3581048846244812,-0.4296599328517914,-0.9944143576979636,1.5128151312232017,-0.7030828026592731,0.2363395541906356,-0.1392159461975097,-0.6026519536972046
1774470212825453600,115.60545361328126,0.3326334333725273,-0.1646796900689602,0.0007137012273073,0.1674205362796783,-0.0042971959337592,0.0916466638445854,-2.0524097916856405,0.3110872258663177,0.0477934323102235,-0.1269676387310028,-0.386766642332077,-0.4370054602622986,-1.0741048572674392,1.7050377849951386,-0.7828606882512569,0.2302614152431488,-0.2082285583019256,-0.668535053730011
1774470212835480600,115.61548046875,0.230303962624073,-0.1188848111648112,-0.2606201904326677,0.1683912575244903,-0.0228738095611333,0.1265346109867096,-2.054466431954503,0.2496194884687662,-0.0772650259882211,-0.164815679192543,-0.4334282875061035,-0.4487957954406738,-1.2441150947093962,1.825815497234464,-0.8574661396414041,0.1877999752759933,-0.3077945411205292,-0.728971004486084
1774470212845506300,115.62550634765626,0.0859586200535297,-0.0071977842832915,-0.4279693919718265,0.1457626521587371,-0.0406405553221702,0.1564429700374603,-2.0541034438610075,0.2974029839068651,-0.1020335565418004,-0.2117618769407272,-0.4961116313934326,-0.4740236401557922,-1.2464628268793223,1.8590701165825128,-0.94406598020792,0.1364647299051284,-0.3917956352233886,-0.7926253080368042
1774470212855533300,115.635533203125,0.0880757583379745,0.0869835609207861,-0.4680991577863693,0.1144667044281959,-0.032102920114994,0.1771714091300964,-2.050119342660904,0.4284703272312879,-0.1808493191033601,-0.2459233254194259,-0.561374843120575,-0.5190454125404358,-1.0279498398140072,1.8917621336117385,-1.0440390970885751,0.0960890725255012,-0.4445211589336395,-0.8448312282562256
1774470212865560600,115.645560546875,0.1925567080318927,-0.0111244014088064,-0.376294734314084,0.0701735392212867,-0.0101478192955255,0.1814316660165786,-2.0932517974227665,0.5640642080694437,-0.2887491373300552,-0.2811420261859894,-0.6250225305557251,-0.5604759454727173,-0.9285296806409956,1.9250678986251355,-1.2205074246287346,0.0849028453230857,-0.4481571018695831,-0.8864601254463196
1774470212875586600,115.65558666992187,0.2103438552655279,-0.2207078484947793,-0.2254500928521156,0.0193660538643598,-0.0012934380210936,0.1705226302146911,-2.2038573674768207,0.6893348478138447,-0.3915495865911245,-0.3190120756626129,-0.6711605191230774,-0.6082851886749268,-0.7751739331409334,1.962898447586596,-1.3580565311878918,0.0836618170142173,-0.4162588119506836,-0.9212069511413574
1774470212885613600,115.66561352539064,0.2146767699033021,-0.4919305170876905,-0.1001315223127603,-0.0256762560456991,-0.0131458360701799,0.1383934617042541,-2.339123916056752,0.7968839529067278,-0.5703723683029412,-0.3746210038661957,-0.697570264339447,-0.6523045301437378,-0.5391013239875435,2.04662828567475,-1.4683727629065513,0.0881045833230018,-0.3700807690620422,-0.9499103426933287
1774470212895639300,115.67563940429687,0.3585675005741417,-0.7435105285070837,0.0199134917378425,-0.0690065994858741,-0.0291169751435518,0.0929386541247367,-2.44341898778975,0.8555506614089011,-0.7810767274439334,-0.4482762515544891,-0.7104080319404602,-0.6836470365524292,-0.3688867961451411,2.168456968271732,-1.545633112719655,0.0950855240225792,-0.326905608177185,-0.972618818283081
1774470212905666300,115.68566625976564,0.6786154470093548,-0.9536691633988172,0.0968599532961845,-0.0916700959205627,-0.0379759818315506,0.0605381056666374,-2.544973820903897,0.9114479051977395,-0.7817910131931305,-0.5124936103820801,-0.7246101498603821,-0.7096070051193237,-0.2666226457178592,2.3009034909948705,-1.5501029516100882,0.1121993288397789,-0.2825452983379364,-1.0110620260238647
1774470212915693600,115.69569360351562,1.0589088955707848,-1.1350966477163136,0.0517179122775793,-0.0865586549043655,-0.0480292737483978,0.039482619613409,-2.564338446587324,0.9983324079245328,-0.8357114039510488,-0.5903099179267883,-0.7270236015319824,-0.727997899055481,-0.0998202644065022,2.362964518110454,-1.5489070198237895,0.1308153569698333,-0.2106769531965255,-1.0721770524978638
1774470212925719600,115.70571948242188,1.3830121087461709,-1.2922285527542232,-0.0251046306401491,-0.0862593203783035,-0.0421519428491592,0.0260051600635051,-2.549003222550452,1.1656956379890442,-1.096569494792819,-0.6947468519210815,-0.718167781829834,-0.7442178726196289,-0.039381285534799,2.428805356025696,-1.4812410123080015,0.142810121178627,-0.1464775651693344,-1.1365081071853638
1774470212935746300,115.71574633789062,1.6568904246807097,-1.429017050204426,-0.1367629246175289,-0.0885784775018692,-0.0182340219616889,0.0174646619707345,-2.55106687708199,1.5643331370145082,-1.236789866387844,-0.8084546327590942,-0.7231879830360413,-0.7542310357093811,-0.0628472090572118,2.561703129647672,-1.49211662658751,0.1521487683057785,-0.115873321890831,-1.1908578872680664
1774470212945773300,115.72577319335936,1.8213297301225364,-1.529234643365443,-0.342642640081048,-0.0868673920631408,0.0320704281330108,0.0182026233524084,-2.566115977653861,1.9596312624841927,-1.093560960626602,-0.8948683142662048,-0.7498376965522766,-0.7564193606376648,0.0633744478017091,2.634509714922309,-1.452048820093274,0.1727898269891739,-0.0826358199119567,-1.2485361099243164
1774470212955799600,115.73579956054688,1.8880607948757704,-1.609385746183991,-0.5775368531048297,-0.080464206635952,0.0995748415589332,0.0194633603096008,-2.6586785260170696,2.4678327135562896,-0.885400440749526,-0.9544191360473632,-0.7770161032676697,-0.7599500417709351,0.3125029378831386,2.826087056528032,-1.234966158092022,0.1914473921060562,-0.0158187001943588,-1.312006950378418
1774470212965826600,115.74582666015624,1.8767681242279708,-1.6724634029962122,-0.7457716053068637,-0.0658130943775177,0.1659405529499054,0.0214841701090335,-2.603585876609385,2.931259787878394,-0.7456301510095595,-1.0389337539672852,-0.8140233755111694,-0.745310366153717,0.4977744573429226,3.195944743531942,-1.0127163225859404,0.1904845982789993,0.0544777885079383,-1.35276460647583
1774470212975853600,115.755853515625,1.683504729231447,-1.8293427945777767,-0.8465320731729269,-0.0391545444726944,0.2172506898641586,0.0076816352084279,-2.4651678782612083,3.3593817400634287,-0.858980635857582,-1.1511144638061523,-0.8362501859664917,-0.7339748740196228,0.5188555315554142,3.518745788067579,-0.8641910639822482,0.1816908419132232,0.127006322145462,-1.3865809440612793
1774470212985879300,115.76587939453124,1.3419824714824558,-1.9504900707818569,-0.7717237926870584,-0.0215475875884294,0.2380390614271164,-0.0197324119508266,-2.357726909717917,3.7015304591476914,-1.3605413337409495,-1.3068406581878662,-0.8412510752677917,-0.7209871411323547,0.5749915525361895,3.8788817070022223,-0.6635194385558366,0.1753179877996444,0.195147767663002,-1.430102825164795
1774470212995906300,115.77590625,0.9994546899527312,-1.83165954708755,-0.4398977301746606,0.0098997084423899,0.2245628088712692,-0.0435686782002449,-2.306258588287234,4.110684091490507,-1.6569073758155106,-1.4916393756866455,-0.8744180202484131,-0.6906729936599731,0.5939622104659676,4.259463909377158,-0.1976017164617776,0.1676004081964492,0.2479931265115738,-1.4948612451553345
1774470213005933600,115.78593359375,0.8107279154725372,-1.6906513861157,-0.0791740744799375,0.0418158322572708,0.1786909252405166,-0.0653610602021217,-2.297364503213763,4.817324878892302,-1.5422674356788395,-1.6953904628753662,-0.9032485485076904,-0.631287157535553,0.8025329185791313,4.536555926661193,0.1975461868822574,0.1458418220281601,0.3060647845268249,-1.5696645975112915
1774470213015959600,115.79595947265624,0.7100877129852772,-1.5229983793243764,0.3132844436496496,0.0809612497687339,0.1214888542890548,-0.0729318112134933,-2.420736615860462,5.613866301971673,-1.4609762229144572,-1.8944315910339355,-0.9595919847488404,-0.5497108101844788,1.2455946657426655,4.874003336186707,0.5357131428539753,0.1238816604018211,0.3974959254264831,-1.6396114826202393
1774470213025986600,115.80598657226562,0.6468325076490641,-1.3451536488644775,0.6536708292365073,0.0995463877916336,0.0576973557472229,-0.0715669393539428,-2.5105063186347483,6.168780404379963,-1.2813906401365995,-2.0919129848480225,-0.9945284128189088,-0.4569752812385559,1.4927382656171917,5.479179599106312,0.886799201631546,0.0992464497685432,0.5910948514938354,-1.6892765760421753
1774470213036013300,115.81601342773438,0.6178831842795014,-1.1255670412182808,0.8933271420955657,0.1097012534737587,0.0047455597668886,-0.0553172156214714,-2.415123452153802,6.770407742646336,-1.074631219229102,-2.2769625186920166,-0.9684285521507264,-0.3402083218097687,1.4096788741365074,6.21416326841712,1.058860818645358,0.1033959165215492,0.8239718079566956,-1.7445390224456787
1774470213046039600,115.82603955078125,0.7536318172879517,-0.8715830739296972,0.9873778831899166,0.111591562628746,-0.0192662980407476,-0.0134683027863502,-2.215277756157517,7.370096221804618,-1.129611348173022,-2.448207378387451,-0.965988278388977,-0.2040944397449493,1.565590151338279,6.869496477907895,1.3916273768782614,0.0453423745930194,1.1165717840194702,-1.7923029661178589
1774470213056066600,115.83606665039062,1.0034139489725231,-0.6218189162932336,0.940291137844324,0.1118841245770454,-0.0227678623050451,0.033381849527359,-2.113337723118067,7.934221804672479,-1.1485182932168243,-2.622295379638672,-0.9470622539520264,-0.0592602677643299,1.5118069770939648,7.423858207130432,1.922579004418849,-0.1098586618900299,1.4946900606155396,-1.8015366792678835
1774470213066093600,115.84609350585936,1.1677946560949086,-0.5063320404710248,0.8650164088904857,0.1186922267079353,-0.0043355911038815,0.0708743631839752,-2.0884154633075,8.734354530242085,-1.2061819621562957,-2.7834694385528564,-0.958004355430603,0.0931132957339286,1.065635573477298,8.19311940909624,1.9503280120879407,-0.2910762727260589,1.890782117843628,-1.8364630937576287
1774470213076119300,115.85611938476562,1.2571209990158676,-0.5035347379026934,0.7917325614929199,0.1402314901351928,0.0203553978353738,0.1134939640760421,-1.99102476413548,9.030590223935246,-1.205914835652709,-2.97689151763916,-0.9856643676757812,0.2248837053775787,1.0695961476713418,8.804694140881299,2.205076095616817,-0.4575672447681427,2.2845568656921387,-1.9219468832015991
1774470213086146300,115.86614624023436,1.3219688803710044,-0.6323387028723955,0.7179413490951061,0.1729337871074676,0.0485729202628135,0.1604590862989425,-2.015284468384087,9.281299845728276,-1.438895324009657,-3.225027561187744,-1.0555888414382937,0.3232513070106506,1.115252129561454,8.778802159255742,3.19248086681366,-0.6571628451347351,2.575226068496704,-2.0471622943878174
1774470213096173600,115.87617358398435,1.3317328801468014,-0.8651129280675202,0.6639730275422334,0.2132986336946487,0.0760100856423378,0.2210712283849716,-2.244528985083103,9.55780266494751,-1.3972642137214542,-3.529503345489502,-1.2193752527236938,0.3986566066741943,1.0630273637402805,8.844222433671355,3.609374153497815,-0.901576578617096,2.6912648677825928,-2.1755192279815674
1774470213106199600,115.88619946289064,1.306625765288621,-1.1254282903347164,0.6093780985236168,0.2624842822551727,0.0837598890066146,0.2848795056343078,-2.463646367782354,9.740472185215353,-1.222655250312388,-3.907758235931397,-1.4622961282730105,0.4449870884418487,1.2828092747628688,8.771625399494171,4.763994855242967,-1.1029011011123655,2.68200421333313,-2.2632436752319336
1774470213116226600,115.8962265625,1.244362931990623,-1.3401406430080531,0.5827887822836637,0.309019535779953,0.0642014741897583,0.3566414713859558,-2.509400403219461,9.583641455081104,-1.4884993128731845,-4.387828350067139,-1.700888752937317,0.4875371158123016,1.3419190508574246,9.391395712694523,5.931303773647547,-1.3261826038360596,2.676888465881348,-2.2620344161987305
1774470213126253300,115.90625341796876,1.1886796232134105,-1.5322123440019786,0.5776023195564747,0.3568315505981445,0.0101217254996299,0.4290083646774292,-2.71974732722491,9.224535755977032,-2.0425942078530785,-4.918285846710205,-1.9351798295974727,0.5485405921936035,1.1670914762616156,10.799342356210946,6.72192808163762,-1.6717785596847534,2.558243751525879,-2.2928109169006348
1774470213136279600,115.91627954101564,1.111718840868771,-1.6132622953563929,0.6300187354922294,0.3944499790668487,-0.0444311611354351,0.5078593492507935,-3.311697905607521,8.65327432987988,-1.853663289102912,-5.387335777282715,-2.196918487548828,0.6324208378791809,1.6848901922404764,12.030298694139718,7.105110237377882,-2.093234777450561,2.467606782913208,-2.289077043533325
1774470213146306600,115.926306640625,0.8962364536710083,-1.6099644228547811,0.5807844567239284,0.4202269911766052,-0.1074825674295425,0.5749944448471069,-4.00147231388241,7.936461692553758,-0.6637497401803731,-5.756921768188477,-2.4168529510498047,0.7486864924430847,1.9589619849205016,12.751966954803466,7.675459224805236,-2.5303614139556885,2.432260274887085,-2.309799194335937
1774470213156333600,115.93633349609377,0.6247209213450551,-1.4958597586385904,0.4751192656815052,0.4357959330081939,-0.1782915592193603,0.6515856385231018,-4.57157726342082,7.510943785387277,0.9445119704097508,-6.061099052429199,-2.6087985038757324,0.9198837876319884,2.468407883095741,12.861183700847626,7.83725897552371,-2.997465133666992,2.4171833992004395,-2.3352060317993164
1774470213166359600,115.94635961914062,0.6860840293243528,-1.3687832385160028,0.2742424730718135,0.4388963878154754,-0.2052725702524185,0.7398470640182495,-4.943341368567944,7.37682523779869,2.399908639626205,-6.383328914642334,-2.7690491676330566,1.130744695663452,2.7507144201576708,11.172316421669722,7.227244917184114,-3.4392125606536865,2.4039294719696045,-2.188633680343628
1774470213176386300,115.95638623046877,0.9103256231695414,-1.2227549112945797,-0.0807896929830312,0.4491907954216003,-0.1430633217096328,0.826042115688324,-4.678758411984146,7.233981531962752,3.055125821521878,-6.774221897125244,-2.8437271118164062,1.333177089691162,1.7453963911294936,8.835776092365384,6.847731805345416,-3.744804859161377,2.427748680114746,-1.886716365814209
1774470213186413600,115.96641357421876,0.852380506940186,-1.1786826183993369,-0.6248661750346421,0.4746282398700714,-0.0590824000537395,0.8992366790771484,-3.996663744556904,6.972147874087095,3.393938381920755,-7.183065891265869,-2.7529799938201904,1.52564799785614,0.2992167553305626,8.67785172177553,7.260296707436442,-3.878532886505127,2.434572458267212,-1.6726608276367188
1774470213196439600,115.976439453125,0.5911182192116975,-1.1644327784463762,-1.0827192486166954,0.5021933317184448,0.0002963989973068,0.9520081877708436,-3.383537983937561,6.912389863216877,4.252557490989566,-7.52911901473999,-2.4799273014068604,1.7991509437561035,0.2608577985808253,9.155411366346478,7.296192196682095,-3.852760791778565,2.331838607788086,-1.499672532081604
1774470213206466600,115.98646655273436,0.6299798647865653,-0.9559376197874544,-1.6020535035997627,0.523166835308075,0.0949603244662284,1.0064653158187866,-2.537971833187341,7.439877029517293,5.612085848295688,-7.7905731201171875,-2.0515806674957275,2.162513971328736,-0.394845997788012,8.06463915965557,6.333450157576799,-3.636791944503784,2.133418560028076,-1.2629063129425049
1774470213216493300,115.99649340820312,0.6646840984210372,-0.8153100556310265,-2.356107784083485,0.5274203419685364,0.185339868068695,1.0659399032592771,-1.4160695980869231,8.116683819669484,7.3110817227780815,-7.911663055419922,-1.6232386827468872,2.6094443798065186,-2.0537939395204186,6.33266514467895,5.1307361637920135,-3.232564926147461,2.075324296951294,-1.1271929740905762
1774470213226519600,116.00651953125,0.3796384917840361,-0.6045509706281125,-3.1074381925612684,0.4950078129768371,0.2286801487207412,1.1290905475616455,-1.2139946817338465,8.655151814189553,9.80302947141528,-7.838121891021728,-1.256685495376587,3.124361038208008,-3.712019119936228,4.458541835871339,4.383714850685,-2.619255304336548,2.066545009613037,-0.9233524203300476
1774470213236546600,116.01654663085938,0.033105566266179,-0.1847766486149281,-3.758131467291713,0.4339776039123535,0.2354635447263717,1.200368046760559,-1.4678162980675695,9.32669089307189,13.028890045261385,-7.610621929168701,-1.081197738647461,3.590528011322021,-4.53680376394242,3.0440479626685377,4.411954856741428,-1.8673878908157349,2.1555662155151367,-0.701111912727356
1774470213246573600,116.02657348632812,-0.2692249371707439,0.1772919919479638,-4.386951348388195,0.3611904680728912,0.2033040076494217,1.2677851915359497,-0.973682608379796,9.18116423176229,16.607880166411398,-7.194198131561279,-1.146811604499817,3.886212587356568,-4.66823117275089,2.2279612966418263,4.511586028316617,-1.1919467449188232,2.0985119342803955,-0.4831647276878357
1774470213256599600,116.036599609375,-0.5935948384582996,0.413538350233063,-4.853439563846588,0.2807166576385498,0.2037706524133682,1.3408582210540771,0.5876314365418628,7.5464821317583315,18.16896394624114,-6.75067138671875,-1.1893647909164429,3.929507970809937,-4.183441869187355,0.5852291611731052,4.570685283017158,-0.5390967130661011,1.7755717039108276,0.0116918738931417
1774470213266626300,116.04662622070312,-0.806744691055268,0.5417005101678892,-4.930856565526128,0.2129538506269455,0.2538846731185913,1.3871588706970217,2.774896090734005,6.4709688689976925,17.640833221340177,-6.349711894989014,-1.2630741596221924,3.7546889781951904,-5.633080705529451,-1.3138234217077494,5.997815934953093,0.4804495871067047,1.273499608039856,0.3917441964149475
1774470213276653600,116.05665356445311,-0.9679413613140584,0.65865475512892,-4.54004113842845,0.1560017019510269,0.317671000957489,1.4403644800186155,3.7237148184269664,6.514815609508752,17.65099221178293,-5.828637599945068,-1.6158561706542969,3.4918859004974365,-7.343672325259447,-2.9113614937096832,8.858794564381242,1.7165125608444214,0.4807937145233154,0.2929697036743164
1774470213286679600,116.06667944335938,-0.9721871821902692,0.734813427310437,-3.551528698250652,0.0906083211302757,0.366388738155365,1.4919967651367188,3.308270561507344,6.102047878322005,18.6134355602026,-5.0637526512146,-2.118902444839477,3.2227253913879395,-9.823051684224604,-4.345029438459873,8.724001478531957,3.1811842918396,-0.841850221157074,-0.05137724801898
1774470213296706600,116.07670654296876,-0.9793955061338842,0.8461785104949027,-2.207568496954441,0.0476085431873798,0.3863442540168762,1.5127373933792114,4.237534109380841,3.564035713124275,19.21810241229534,-4.067440509796143,-2.129574775695801,2.89370059967041,-12.423807013583184,-5.235579517057538,3.138136113163829,4.762553215026856,-2.11303973197937,-0.6422426700592041
1774470213306733300,116.0867333984375,-1.0114799126587808,0.8293873885612935,-1.2303045960217711,0.0403879135847091,0.3764657974243164,1.5311845541000366,6.241057705083489,-0.5661480286061763,19.44507927632332,-2.836486577987671,-1.6624153852462769,2.63916015625,-9.666904844701287,-6.635057607436179,-4.487687266334891,5.452630996704102,-1.7074825763702393,-0.6631492376327515
1774470213316759600,116.09675952148436,-1.1490595604866742,0.7247991060353816,-0.5183651176899671,0.0692482441663742,0.2985897064208984,1.518921136856079,8.068922536063194,-4.989442025485634,19.837805505478386,-1.4290659427642822,-1.1735464334487915,2.4863109588623047,-12.333114935266972,-12.49030105471015,-8.646257144594191,4.682684898376465,1.3537105321884155,0.3178676664829254
1774470213326786600,116.10678662109376,-1.2915209890067576,0.6044385962948202,0.0148158763378858,0.0992389023303985,0.2107309699058532,1.4530739784240725,10.348328773260116,-8.929479042935371,19.528509254682064,-0.0765372663736343,-0.601406455039978,2.253391742706299,-18.92183047824502,-22.670739943683145,-7.4881222972482435,2.745764970779419,3.8750252723693848,0.9790438413619996
1774470213336813600,116.1168134765625,-1.2502429299399256,0.5917337938267737,0.4858335519194602,0.1239016056060791,0.0986199453473091,1.3819575309753418,13.063795354425906,-12.09087035948038,17.282963201510906,0.9047959446907043,-0.3222896754741668,1.9030416011810305,-14.834758733010291,-34.68888876582384,-8.41830179092288,0.8657563924789429,3.4337315559387207,1.1733760833740234
1774470213346839600,116.12683959960935,-1.332128163074702,0.5352451600160449,1.0056284101516009,0.1340743452310562,-0.0316158160567283,1.282119631767273,14.26960789874792,-13.92273273566365,13.738554564398529,1.3373218774795532,-0.3606890141963959,1.4116894006729126,-7.032958024358749,-36.279704836094375,-8.216665704378485,-0.1466254740953445,1.747195601463318,0.8845351338386536
1774470213356866300,116.1368662109375,-1.4913132012501358,0.3715521428968757,1.6813076575785877,0.1402866244316101,-0.1521791517734527,1.1563644409179688,14.034936388564107,-14.356548515576124,10.230164166128636,1.3318729400634766,-0.5043768286705017,0.7252820730209351,-2.9783091238230464,-27.115876939058303,-1.7810960655421018,-0.5932508707046509,0.258261889219284,0.6022112965583801
1774470213366892500,116.146892578125,-1.2672282592713833,0.252783615055494,2.344138529348373,0.1434211581945419,-0.2056357264518737,1.0397793054580688,12.47036301305294,-13.396110077238085,7.220102644214034,1.077278733253479,-0.7675235271453857,-0.0692115649580955,-2.436084114857018,-20.968663638842106,3.630007776203752,-0.8654981851577759,-1.1918843984603882,0.2380609065294265
1774470213376919600,116.15691943359376,-0.8199069549672305,0.1689317762891762,2.8243010498940944,0.1317297220230102,-0.2203482538461685,0.9425418376922609,10.956886203050614,-11.07960774283409,5.426929187387228,0.8513045907020569,-1.112595796585083,-0.831138551235199,-0.9320029097095132,-18.28538317101001,4.32291639085114,-1.3199288845062256,-2.6269569396972656,-0.2183835953474044
1774470213386946600,116.16694653320312,-0.6982718952462077,0.2743830140536651,3.3548540335059163,0.1064435467123985,-0.237699806690216,0.8841149806976318,9.607155017137528,-8.324857783550023,4.437190420284867,0.6891183853149414,-1.411471605300903,-1.4852547645568848,0.8171744612634182,-17.42419070432186,1.7692858007609844,-1.944290041923523,-3.4463298320770264,-0.5854788422584534
1774470213396972500,116.17697265625,-0.6163368316203356,0.4305583490191027,3.7731355596780776,0.1049154326319694,-0.2269361466169357,0.8845721483230591,8.52697551613152,-5.758650035959482,3.668990710070729,0.6121174693107605,-1.6514482498168943,-2.02644419670105,1.948856478230655,-17.064535554641484,-0.7111971355319022,-2.408697366714477,-3.4949300289154053,-0.854706346988678
1774470213406999600,116.18699951171877,-0.6263266029760242,0.5346600901370868,3.899163155269623,0.1509212851524353,-0.2246266603469848,0.9393443465232848,7.594535091787576,-3.431233508831262,3.1086569207012653,0.6952102184295654,-1.8693792819976809,-2.45269513130188,2.631523684848845,-15.91633465681076,-1.948841572922468,-2.594157218933105,-3.049202442169189,-1.068248987197876
1774470213417026600,116.19702661132813,-0.8910182806313037,0.8293288633070885,3.878899534919858,0.1886207461357116,-0.2211965322494506,1.014670968055725,6.536220801109075,-1.2531395281642674,2.9476375067055223,0.925496518611908,-2.0174031257629395,-2.741384983062744,2.602995509500801,-14.199787928068638,-3.106874128937721,-2.5813534259796143,-2.3859212398529053,-1.2138261795043943
1774470213427052500,116.20705249023436,-1.1711810836628078,1.288256726513803,3.781028358754516,0.2201176881790161,-0.2110339105129242,1.0821768045425415,5.25417023575902,0.5618412713229656,3.0381419534951446,1.1990686655044556,-2.041584253311157,-2.8661766052246094,2.0368603403761982,-12.418875986921789,-4.424109404915571,-2.4927637577056885,-1.6444145441055298,-1.2658406496047974
1774470213437079600,116.21707958984376,-1.4584668704420327,1.753824466126412,3.5245956831395624,0.268718272447586,-0.1828339844942093,1.1013330221176147,3.7962966550350186,1.950222213625908,3.2086317911475897,1.4264174699783323,-1.917946219444275,-2.850205659866333,1.4334826513111592,-10.892429805231094,-5.387865004977583,-2.3999485969543457,-0.9080600738525392,-1.2381248474121094
1774470213447106300,116.22710620117188,-1.5038012191623449,1.9845820177368816,2.870446130475402,0.3232550323009491,-0.1162283271551132,1.0970525741577148,2.491280224639177,2.9918010580807923,3.6251883932232856,1.6180872917175293,-1.7207465171813965,-2.711665391921997,0.7915054747387766,-9.514245847293736,-5.585527511715888,-2.338472843170166,-0.2589112520217895,-1.179437279701233
1774470213457132500,116.23713256835936,-1.202738543704152,1.9930648916609583,1.9633201801300049,0.4116919338703155,-0.0231209564954042,1.0894075632095337,1.5816918297030031,3.7170121059179295,3.913394509717822,1.8071272373199463,-1.4798012971878052,-2.4610846042633057,0.3759408063098788,-8.511995973664522,-5.106296719062328,-2.2613179683685303,0.4118378162384033,-1.0661420822143557
1774470213467159600,116.24715966796876,-0.7562778017520904,1.9964085030004384,0.88246497181952,0.5358160734176636,0.103860430419445,1.1056782007217407,1.0389387052096426,4.095470155745744,4.052982720889151,2.0653765201568604,-1.2137900590896606,-2.1353471279144287,0.3903656375035643,-7.4489377033293245,-4.083782056039572,-2.137882232666016,0.7987246513366699,-0.9754453301429749
1774470213477186600,116.2571865234375,-0.4930119191162287,1.933577514425665,-0.0991068554401397,0.6339816451072693,0.1514279842376709,1.1484287977218628,0.6773752376899123,4.040215301513672,3.782054779192805,2.343196392059326,-0.9068112373352052,-1.7445120811462402,0.670967708735168,-5.93206131401658,-2.872916319981217,-2.038214921951294,1.029179930686951,-0.8869825601577759
1774470213487212500,116.26721264648438,-0.7632298128470778,2.0768974594712257,-0.7233902621507644,0.6980799436569214,0.0800219848752021,1.2058219909667969,0.6037992754779755,3.556103751081228,3.0174069162413475,2.6008758544921875,-0.5462666153907776,-1.366344332695007,0.6711421885192393,-5.646627000322938,-1.723966649609804,-1.877695679664612,1.1876120567321775,-0.8107088804244995
1774470213497239300,116.2772392578125,-1.172771129333228,2.453314358860254,-1.1450550010204317,0.6771370768547058,-0.0558622181415557,1.28559672832489,0.5595943691790104,2.950723782283068,2.0600655671358106,2.7914023399353027,-0.110537938773632,-1.030733585357666,0.6258838276445865,-5.249167312905192,-0.3824403974622488,-1.6787633895874023,1.1363097429275513,-0.7408706545829773
1774470213507266600,116.2872666015625,-1.1904957327246666,2.982614127540588,-1.3775596885591743,0.6350015997886658,-0.1665980517864227,1.38259756565094,0.2475359601929783,2.212206093627214,1.1585592102378606,2.87750244140625,0.3847655355930328,-0.7085453867912292,0.7171633504599333,-4.751746783566475,0.5215589452952146,-1.489342212677002,0.92453134059906,-0.6780587434768677
1774470213517292500,116.29729248046876,-0.7813415158599615,3.349543067616224,-1.4626707518726587,0.5986063480377197,-0.1785773783922195,1.4572961330413818,-0.0546925441741943,1.4831617512375117,0.548602727304399,2.8993024826049805,0.8913213014602661,-0.3883907794952392,0.778988815253973,-4.450674171236157,1.2596581162780522,-1.3106677532196045,0.6278442740440369,-0.6097760796546936
1774470213527319600,116.30731958007811,-0.2437915129676461,2.9008482830017805,-1.3390847042143343,0.6158572435379028,-0.1175326704978942,1.4775071144104004,-0.1743044275045394,0.9948737919032572,0.4637704809322953,2.9037094116210938,1.3942028284072876,-0.0766549929976463,0.7911281658589839,-4.085557249018549,1.9998487065821884,-1.1190409660339355,0.2643345892429352,-0.5471848845481873
1774470213537346300,116.31734619140624,0.0354869084447622,1.8509366406179963,-1.123660330814123,0.6626784801483154,-0.0680285990238189,1.4485925436019895,-0.2157330009579658,0.7604927890986204,0.5134180166766047,2.902296781539917,1.8755658864974976,0.2208276987075805,0.8282482284635305,-3.69431570546329,2.5488351725071667,-0.9036195278167723,-0.1293645054101944,-0.5008703470230103
1774470213547372500,116.32737255859377,-0.1877586601004004,1.2415611724428832,-0.8789695309191942,0.6881303191184998,-0.0764412581920623,1.380642294883728,-0.1405108789741992,0.6681248865246773,0.8408183717012405,2.907618522644043,2.3255279064178467,0.4920751750469208,0.7482529007285833,-3.439863974532485,2.8026708173662422,-0.6666529774665833,-0.4980445206165313,-0.4553248882293701
1774470213557399600,116.33739965820313,-0.6121665601983666,0.9559962181068956,-0.6727338416248559,0.697638750076294,-0.1210993230342865,1.2865052223205566,0.3941828577041625,0.6532131485968827,1.2021838324308394,2.9424846172332764,2.75282621383667,0.7068541049957275,0.5918339662656188,-3.261579537481069,2.855004815715551,-0.4312441945075989,-0.818342924118042,-0.4199325442314148
1774470213567426600,116.34742651367188,-0.9989863417886196,0.6447934030368924,-0.4795335749924183,0.7124789357185364,-0.1637708842754364,1.1877189874649048,1.082530886437744,0.6964198376387357,1.467495103289187,2.9967739582061768,3.0872702598571777,0.8506227135658264,0.3933151349589228,-3.168714206779003,2.693281637364626,-0.1697708964347839,-1.110090970993042,-0.4099626839160919
1774470213577452500,116.35745263671876,-1.2867314166426658,0.4448369766751304,-0.1101169097542762,0.7104467153549194,-0.2179424613714218,1.0924874544143677,1.8092625679709016,0.8193553124338387,1.4749346056401729,3.046773910522461,3.32589077949524,0.8933690786361694,0.4070627975434064,-3.065594608566165,2.429628947368264,0.1119097769260406,-1.307960867881775,-0.4468162953853607
1774470213587479300,116.36747924804688,-1.514887261322141,0.1999744004098698,0.325613179346919,0.6798144578933716,-0.289410263299942,1.0158225297927856,2.4804782601177693,0.8802934729993342,1.446253431687504,3.0866267681121826,3.47204852104187,0.8285967707633972,0.4566740929305553,-2.815608040350676,2.014249572378397,0.3823587894439697,-1.394802212715149,-0.4900385439395904
1774470213597506600,116.37750659179687,-1.5796137082546948,-0.1677744412139058,0.5886638117969035,0.6414623856544495,-0.3667699098587036,0.9684986472129822,2.929952212411165,0.8258785767227411,1.6078667199231684,3.1266887187957764,3.515197515487671,0.6800187826156616,0.3412821653828025,-2.501647889396548,1.4116723860412834,0.602761447429657,-1.3748137950897217,-0.4941911995410919
1774470213607532500,116.38753247070312,-1.489977276471257,-0.5938920678392052,0.6673088939666748,0.5865805149078369,-0.408542662858963,0.9307222366333008,3.119765174692869,0.6285451558083296,2.137161227906496,3.1730568408966064,3.4439520835876465,0.4793959558010101,0.0233045954808592,-2.2318518743395805,0.7658464250862598,0.7652338743209839,-1.2639976739883425,-0.4280350804328918
1774470213617559600,116.3975595703125,-1.2421864647343754,-0.9607499885052442,0.6474614532023668,0.5137228965759277,-0.4047918915748596,0.8783167004585266,3.17871654535532,0.5086451031863689,2.942107345107197,3.209439992904663,3.296887159347534,0.2394308894872665,-0.4061699403569102,-2.085778100541234,0.3278834623664617,0.8873240947723389,-1.1194679737091064,-0.277426928281784
1774470213627586300,116.40758642578125,-0.984692443498224,-1.177440582448989,0.5835340476930141,0.4314831793308258,-0.3848104476928711,0.8264084458351135,3.1420740371346474,0.3373807740300893,3.5737048742234703,3.2447941303253174,3.074519157409668,-0.0296724755316972,-0.7033890921294689,-2.025707954981923,0.245779764175415,1.0286283493041992,-1.0031331777572632,-0.0627834796905517
1774470213637612500,116.41761254882812,-0.8647861072659492,-1.2803059136398136,0.6333370662599802,0.3573299646377563,-0.3466150164604187,0.788203239440918,3.146369103980064,0.0365846405535936,3.876683612436056,3.238438129425049,2.792875528335572,-0.3305558562278747,-0.664257397441566,-1.8351988271296025,0.6524626224905252,1.2087528705596924,-0.9544671177864076,0.1617811918258667
1774470213647639600,116.4276396484375,-0.913776640406251,-1.3312179163619875,0.8475041330754757,0.301547646522522,-0.3305308520793915,0.7302275896072388,3.226303641438484,-0.4203209230452776,3.645571840560436,3.167586088180542,2.483386993408203,-0.6692183017730713,-0.2459901920557022,-1.4556202488392591,1.194111000612378,1.418513536453247,-0.9766134023666382,0.3584855198860168
1774470213657666600,116.43766650390624,-1.078295440825075,-1.3216840720802543,1.109111580979824,0.2592066824436188,-0.3208888471126556,0.6439777612686157,3.3970588520288465,-0.727024234738946,3.1424706352367995,3.0490450859069824,2.176042318344116,-1.0416014194488523,0.2353974863708019,-0.9886223302930592,1.649163045299053,1.6288052797317505,-1.0519672632217407,0.5179204344749451
1774470213667692500,116.44769262695311,-1.0978770702600478,-1.2257052855327724,1.4629577521204948,0.220404177904129,-0.3062587678432464,0.5416436791419983,3.3599344055101272,-0.6612801351964473,2.601334882812202,2.9151854515075684,1.8654130697250368,-1.4131073951721191,0.6403498676314949,-0.5370914454698562,1.932254595258832,1.8065545558929443,-1.154339075088501,0.66114741563797
1774470213677719300,116.45771923828126,-1.0759037233829498,-1.055819624318555,1.7763403954476118,0.1867523491382599,-0.2891525626182556,0.4270155727863312,3.002057663679123,-0.1928232500135898,2.193688586292416,2.7769343852996826,1.5434582233428955,-1.7701263427734375,0.6023536067143083,-0.1985182467848062,2.0236475153207776,1.9545294046401973,-1.2948538064956665,0.8059282898902893
1774470213687746600,116.46774658203124,-1.0930237850099802,-0.8888573762703686,1.8520827419131995,0.14619080722332,-0.2633111178874969,0.3269526362419128,2.699115165823698,0.3871908068597317,2.0931679185315963,2.6914713382720947,1.2547180652618408,-2.111943244934082,0.4359443163737654,0.0101794487088918,2.0507354287326334,2.077210187911988,-1.455776333808899,0.9352508783340454
1774470213697772500,116.4777724609375,-1.196507540360093,-0.6617900574799627,1.6870885790675878,0.0971125140786171,-0.2311237305402755,0.2536584734916687,2.368786940653622,0.7584405327439308,1.836934857141972,2.60858154296875,1.0047534704208374,-2.3827788829803467,0.2615755914613604,0.1153869591116905,2.060529677516222,2.150394916534424,-1.6202033758163452,1.028104305267334
1774470213707799600,116.48779956054688,-1.318518301525712,-0.3555227991160005,1.2632143474549054,0.0499636456370353,-0.1886207461357116,0.2003238648176193,2.061786691839993,1.0469161138296126,1.474643513739109,2.534708499908448,0.8167648315429688,-2.5682482719421387,0.348265448398888,0.0674152476251125,2.107676628616452,2.178624391555786,-1.7679805755615234,1.1127924919128418
1774470213717826300,116.49782641601564,-1.4346983107112348,-0.0461748181324452,0.6935586029887199,0.0087538147345185,-0.1391234546899795,0.1515104323625564,1.5556697919569908,1.5320535001784563,1.3323811149224638,2.4913907051086426,0.681473433971405,-2.6235547065734863,0.4478118643000722,0.0431581737250089,2.200134547561407,2.190013885498047,-1.8300694227218628,1.1788649559020996
1774470213727852500,116.5078525390625,-1.5182365717500448,0.289904883236438,0.1761427488476037,-0.0308830775320529,-0.0908331573009491,0.1002930477261543,1.058512443599105,2.150169616430998,1.5592479427047072,2.5010223388671875,0.5947126746177673,-2.5475432872772217,0.5764265537753701,0.0493769021093845,2.340222817209362,2.1948397159576416,-1.8350512981414795,1.244856357574463
1774470213737879600,116.51787963867189,-1.5501187337011098,0.6582032850343733,-0.1929629507452249,-0.0693786591291427,-0.0721180886030197,0.0465928651392459,0.5090829100817441,2.8175685267686843,1.9246822603084144,2.563666820526123,0.5703529715538025,-2.378962993621826,0.8120970118686557,0.1558352893561124,2.2967390647917982,2.2190985679626465,-1.8159257173538208,1.3514832258224487
1774470213747906600,116.52790649414062,-1.428978910151124,0.9491901913538576,-0.3855681740939617,-0.0952238291501998,-0.0706765204668045,0.0039508640766143,-0.122195177821815,3.4986458338469264,2.086502177032083,2.6457324028015137,0.6161643862724304,-2.1157805919647217,0.6299133754216134,0.5126134222954511,2.14805715432167,2.27415418624878,-1.817341923713684,1.5389426946640017
1774470213757928700,116.5379287109375,-1.2554453208886087,1.0765222936727106,-0.3536351587384939,-0.1138839870691299,-0.0761944949626922,-0.0388184003531932,-0.6276023220002651,4.029871017631888,1.6821543375357983,2.720919370651245,0.7447977066040039,-1.7903845310211182,0.2278080541551113,1.0675248943552371,2.03449799515903,2.363054752349853,-1.8092811107635496,1.734584927558899
1774470213767955700,116.54795581054688,-1.1107188700459898,1.0144966301314533,-0.1567120721906423,-0.1248106658458709,-0.0866418033838272,-0.074596107006073,-1.0470286342933774,4.106885868251323,0.6550462092429399,2.743602752685547,0.9138581156730652,-1.4359124898910522,-0.2623860310614109,1.493536137996614,1.990472975471616,2.431239604949951,-1.8221551179885864,1.88405442237854
1774470213777982700,116.55798266601562,-0.9741980836212636,0.8175353304650634,0.1408767896771431,-0.1243065819144249,-0.0907010212540626,-0.1068075001239776,-1.4545491124764085,3.834499836701154,-0.4986842656642198,2.7026517391204834,1.103951096534729,-1.066735863685608,-0.529092847931385,1.638316072592139,1.7242758616894482,2.4524779319763184,-1.897952675819397,2.0164690017700195
1774470213788008700,116.5680087890625,-0.8958382481336593,0.6049586015809327,0.3969242653667926,-0.1263710707426071,-0.07513377815485,-0.1541864722967147,-1.86741182847023,3.486226497256756,-1.367369426195323,2.6210713386535645,1.3244613409042358,-0.7178270816802979,-0.4014438616830855,1.7822209779188036,1.420614401909709,2.435401678085327,-1.9824138879776,2.0903265476226807
1774470213798035700,116.57803564453124,-0.8628354115895926,0.3875825826562941,0.5521995827525854,-0.1341089457273483,-0.040682602673769,-0.2067609876394271,-1.910023766489327,3.003374006974697,-2.0215549269557,2.490036964416504,1.5440411567687988,-0.4065664112567901,0.0417150257119908,1.6975269709736107,1.4985124651044606,2.388871431350708,-2.112259864807129,2.1186468601226807
1774470213808062700,116.58806274414064,-0.8607371241360903,0.2348340803343802,0.5991407821476459,-0.1513606458902359,0.0031048227101564,-0.2557951211929321,-1.7003884978845714,2.4454718286663293,-2.555266082337498,2.3434834480285645,1.7308387756347656,-0.1561661809682846,0.4748644141376018,1.523825477798283,1.7360481325477362,2.351923704147339,-2.304567575454712,2.12146520614624
1774470213818088700,116.59808862304688,-0.9047323332071304,0.1614220034472644,0.5097159472882747,-0.1704187542200088,0.0498520880937576,-0.2899757325649261,-1.3810621437221764,2.029512023440004,-2.779844653052092,2.1889891624450684,1.89417564868927,0.0047724908217787,0.6435685374170541,1.4414540685817598,1.8644050478696823,2.34065580368042,-2.5229039192199707,2.0888113975524902
1774470213828115700,116.60811572265624,-0.997137499051541,0.2143951034177094,0.3769078977763652,-0.1886624693870544,0.0722095891833305,-0.3189682364463806,-1.0606120462268591,1.612732134002447,-2.812719917693734,2.029968976974488,1.9607242345809937,0.1125117316842079,0.7574526907503605,1.5646128307387233,1.7846861989885567,2.371161460876465,-2.722761869430542,2.0138871669769287
1774470213838141700,116.6181416015625,-1.1225522234417498,0.3303529942851513,0.2698269947171211,-0.1961181461811065,0.0938316509127616,-0.3257732391357422,-0.8701514336913824,1.3868003951132295,-2.4812381385743616,1.8799173831939693,1.9244613647460933,0.1633836925029754,0.7495400179296732,1.812558540776372,1.5555992109388113,2.442817687988281,-2.8506155014038086,1.9368256330490112
1774470213848168700,116.62816870117187,-1.2098843238055703,0.5000877027213573,0.1772539249598979,-0.2047262787818908,0.0947847962379455,-0.3132497370243072,-0.7299187871366739,1.165453645926714,-1.877536916643381,1.7580304145812988,1.8089057207107544,0.1516570001840591,0.916229367320612,2.191423125578463,1.367749073162675,2.5157387256622314,-2.8203318119049072,1.90738308429718
1774470213858195700,116.63819580078123,-1.2735935565195975,0.7578836295135318,0.1430091255307197,-0.1985802799463272,0.0956443548202514,-0.2763653993606567,-0.5948711420044303,0.7790069354325533,-1.2111156191661954,1.6640183925628662,1.675023913383484,0.071589782834053,1.0795184067487715,2.553670922100544,1.0597621513992548,2.5174238681793213,-2.689404249191284,1.9152052402496336
1774470213868221700,116.6482216796875,-1.2836432413689791,0.9509338201507924,0.1353150638967752,-0.1897487044334411,0.0943183675408363,-0.2413123100996017,-0.4198410305738448,0.4288835842072963,-0.8003983907684683,1.5753004550933838,1.53715181350708,-0.050488993525505,1.2193664379000664,2.67589211114645,0.4500216493040323,2.446336030960083,-2.5059802532196045,1.9305119514465328
1774470213878248700,116.65824877929688,-1.2666215255498885,1.1006924199417232,0.1871469579428434,-0.1620353162288665,0.102759763598442,-0.2082183510065078,-0.1843938598424196,0.0710164869874715,-0.6949085562929511,1.4804890155792236,1.3679460287094116,-0.1850699931383133,1.272096157568693,2.6409254271835088,-0.184133747601509,2.3727290630340576,-2.291325092315674,1.916760921478272
1774470213888275700,116.66827563476562,-1.235589696817845,1.2127616328075528,0.2427782442718744,-0.1401704996824264,0.1177166104316711,-0.1861687153577804,-0.149131407803297,-0.1710954023301601,-0.7466518952727318,1.393547773361206,1.146800875663757,-0.3156516849994659,1.0676362457752226,2.403077332790196,-0.816799782732129,2.263936996459961,-2.070639133453369,1.8997035026550293
1774470213898301700,116.6783017578125,-1.2652514062404632,1.3111482111491262,0.2830336822926998,-0.1242302507162094,0.1343796104192733,-0.1664055585861206,-0.2357698268145322,-0.2972381487339735,-0.8935162349268794,1.2758429050445557,0.8665217161178589,-0.4375990927219391,0.6446908194452524,2.0541765090972186,-1.372601773890853,2.067662239074707,-1.8661837577819824,1.866568207740784
1774470213908328700,116.68832861328124,-1.2228818986751138,1.3950477067157625,0.2956558479785919,-0.1059588342905044,0.1483380496501922,-0.141643226146698,-0.3528752802819013,-0.4517044878244399,-1.1698565570607782,1.139007568359375,0.6084036231040955,-0.5561134219169617,0.3446563179910182,1.812898586385697,-1.399811852377653,1.8795980215072632,-1.7078111171722412,1.7792948484420776
1774470213918355700,116.69835571289065,-1.1698083340048788,1.458510563453287,0.345275911194086,-0.1044135987758636,0.1569051742553711,-0.1139740571379661,-0.3763186997115612,-0.5620446849405765,-1.4995035219684243,1.008410096168518,0.3757557570934295,-0.6727451086044312,0.161100954799354,2.023869341377914,-0.6172697285562754,1.7627885341644287,-1.5741726160049438,1.633798599243164
1774470213928381700,116.70838159179688,-1.1506057670153678,1.477874604614824,0.4413263016730546,-0.1124030798673629,0.1590452939271927,-0.08741195499897,-0.3110477706387639,-0.6694558428674936,-1.4641481309488416,0.904836654663086,0.1715139150619506,-0.7674519419670105,0.2760390010997652,2.3510440709531304,0.2784966233849525,1.6704730987548828,-1.4284236431121826,1.5085457563400269
1774470213938408700,116.71840869140624,-1.1900912435770037,1.4258100708566606,0.5785369700580835,-0.1363357603549957,0.1640245020389557,-0.0651309639215469,-0.2864396913439035,-0.6310866569846868,-1.1216586356028917,0.8440782427787781,-0.0089670931920409,-0.8349736928939819,0.4662152437359094,2.1599597735613583,0.6237818869292736,1.549797296524048,-1.2934166193008425,1.4007737636566162
1774470213948435700,116.72843579101564,-1.257384179996699,1.2806553115993735,0.7028577617317437,-0.1631599217653274,0.172476053237915,-0.0401843339204788,-0.3432183941423893,-0.4017144222527742,-0.7443062089294195,0.8021814227104187,-0.1793300360441208,-0.8617895841598511,0.5282642881527543,1.4761873821802436,0.5298007039397955,1.403411626815796,-1.242678165435791,1.3042484521865845
1774470213958461700,116.73846166992188,-1.3297193483673035,1.1054948517873882,0.7133446689546108,-0.1899722516536712,0.1862309128046035,-0.0239174198359251,-0.4064706768691539,-0.0756359634816646,-0.3694397538527846,0.7751744389533997,-0.3251363039016723,-0.8601866960525513,0.5633095903098583,0.9799335585333406,0.2878098106533289,1.2629543542861938,-1.2188776731491089,1.2247813940048218
1774470213968488700,116.74848876953124,-1.4393183717273177,0.9804927998512982,0.6814817962259053,-0.2060526758432388,0.2113264203071594,-0.008875086903572,-0.3535544947177171,0.1752548600971698,-0.2519000006213784,0.7560817003250122,-0.4441665410995483,-0.8372797966003418,0.3883782630786299,0.9849171921648084,0.3265443227171897,1.1180598735809326,-1.1845970153808594,1.1643496751785278
1774470213978515700,116.758515625,-1.5488244561068714,0.9277977131046354,0.6121691905468702,-0.2220799177885055,0.2194268852472305,-0.0035430556163191,-0.2219260103791952,0.22402444396317,-0.5048462954252958,0.7266334295272827,-0.5217560529708862,-0.8012919425964355,0.1561696358770131,1.2429922281593084,0.6332581558048724,0.9658749103546144,-1.196053147315979,1.0683413743972778
1774470213988541700,116.76854174804689,-1.6507089595668016,0.9389975909024476,0.5688040960729122,-0.230500042438507,0.2180923819541931,-0.00183996418491,-0.1453834534466266,-0.0129033207148313,-0.9513424009516834,0.6929100751876831,-0.5641538500785828,-0.7515430450439453,-0.2042483148694038,1.3016519223988054,0.8866559937685727,0.8617801070213318,-1.321053147315979,0.923237442970276
1774470213998568700,116.77856860351562,-1.7348513239786028,0.9673286362431944,0.6041513037860393,-0.2385179847478866,0.2005598694086074,-0.0130713144317269,-0.0993970705583691,-0.3260509862422943,-1.380085699905455,0.6558821797370911,-0.5911787748336792,-0.7077011466026306,-0.4849135144650935,1.2157849992167205,0.944950361827016,0.8059826493263245,-1.4871917963027954,0.7826001644134521
1774470214008595700,116.788595703125,-1.8013430270180104,1.0174320990614591,0.7028957556545734,-0.2354708015918731,0.1762707680463791,-0.0248376913368701,-0.0856897399842739,-0.5556260500699282,-1.714419361324608,0.5925042629241943,-0.6284864544868469,-0.6763893365859985,-0.4824234512150287,0.8821673771124333,0.8512766373515128,0.7694283723831177,-1.5597347021102903,0.6443758606910706
1774470214018621700,116.79862158203125,-1.8555898732513187,1.0863467914640903,0.8121130862206221,-0.2309323102235794,0.145029529929161,-0.0433616675436496,0.0692418785303831,-0.6241963129490613,-1.958420425389707,0.5090546011924744,-0.6842371225357056,-0.6690735816955566,-0.2181201883554458,0.3696351668270304,0.7020657345712185,0.7488471865653992,-1.586347579956055,0.5092454552650452
1774470214028648700,116.80864868164062,-1.8990689494937656,1.13489367249012,0.940084217095375,-0.2143948823213577,0.116382710635662,-0.0551677271723747,0.2415302900373935,-0.6388824254274368,-1.864254241222143,0.4324879348278045,-0.7631750702857971,-0.667856752872467,0.1714279952853918,0.0331815175792202,0.3538572770565748,0.7570708394050598,-1.5725228786468506,0.3552177250385284
1774470214038675700,116.81867578125,-1.92692434014678,1.1502207132205369,1.0480956790030005,-0.2005239278078079,0.0882031992077827,-0.0665245130658149,0.7444710441023111,0.061550739505887,0.0260340204447507,0.2535242140293121,-1.0889054536819458,-0.6624981760978699,0.4273781480804085,-0.144446099531278,-0.0769862090468406,0.7256975173950195,-1.5022563934326172,0.2187323123216629
1774470214048701700,116.82870166015626,-1.9374889887809752,1.1450872958548366,1.1339642826855183,-0.1883490234613418,0.0625630915164947,-0.0781966149806976,0.7908990332782269,0.4176707007974386,0.3532441135942936,0.2362039536237716,-1.1532950401306152,-0.6642173528671265,0.4502653949320316,-0.2387361658068373,-0.3542424769818783,0.6903237700462341,-1.3790042400360107,0.1159566864371299
1774470214058728700,116.83872875976564,-1.866412003777921,1.140351499504596,1.223915187245607,-0.1873349696397781,0.0442747361958026,-0.0729115083813667,0.9102619102835656,0.7022393375724554,0.4973550628870725,0.2039440274238586,-1.2243974208831787,-0.657829761505127,0.4650014840319752,-0.0732660194799304,-0.2701408829718828,0.6391718983650208,-1.2348259687423706,0.0569695271551609
1774470214068755700,116.84875561523438,-1.8169480079069733,1.1412922874860465,1.2708961341291665,-0.1865756958723068,0.0153333656489849,-0.0644202828407287,0.8257441366881132,0.8329279107123613,0.5584241563558578,0.1813820600509643,-1.2851587533950806,-0.654323160648346,0.545107578665018,0.0664531976599246,-0.1256616848886013,0.5589885711669922,-1.0609211921691897,0.0321763679385185
1774470214078781700,116.85878173828124,-1.866321110624075,1.1278951919049025,1.2946177859783172,-0.1873928308486938,-0.0153145715594291,-0.0574124231934547,0.7832692690521478,1.0914730484366415,0.5780442181050777,0.1905371993780136,-1.3290112018585205,-0.6441243290901184,0.599065963345766,0.0083501143898814,-0.0201245041400194,0.5151603817939758,-0.8693195581436157,0.0194664299488067
1774470214088808700,116.86880859375,-1.9196458735764024,1.1602753665059804,1.3259329616963862,-0.1927851885557174,-0.046043187379837,-0.0472601875662803,0.6050199033141136,1.2861585851907729,0.7173164951950312,0.2351727783679962,-1.355889916419983,-0.6214520931243896,0.5031985282182693,-0.0698732352364808,0.2583148360997438,0.500546932220459,-0.6934158205986023,0.0310346037149429
1774470214098835700,116.87883569335938,-1.911458183206617,1.211925912635773,1.329937521162629,-0.2009124308824539,-0.071663849055767,-0.0375771075487136,0.3776347507461905,1.4093185163915156,0.8491513157606124,0.2938677966594696,-1.3394142389297483,-0.5744632482528687,0.3192477359682321,-0.0137509505201131,0.4698702591121196,0.5085400938987732,-0.533319890499115,0.033354215323925
1774470214108861700,116.88886181640623,-1.93139096416682,1.2875298735439775,1.3507055839031934,-0.2083852738142013,-0.0936735421419143,-0.0322630330920219,0.127404144641757,1.3930951113432646,0.9071189360827208,0.35907182097435,-1.2628158330917358,-0.5095332264900208,0.1156704522281885,0.0921647081520408,0.639240152823925,0.502385675907135,-0.4142841100692749,0.0274918116629123
1774470214118888700,116.898888671875,-1.930558897256851,1.3371255329705771,1.361204181563854,-0.2077018469572067,-0.1162352561950683,-0.0287199579179286,-0.0461193616181612,1.268289751023054,1.0488280849307774,0.4195452630519867,-1.1594116687774658,-0.4401768445968628,-0.0965893196612596,0.1175607960194349,0.6939250982135534,0.4825880527496338,-0.3276541233062744,-0.0012820465490221
1774470214128915700,116.90891577148436,-1.9813827833041548,1.3200973874107005,1.404438927656412,-0.2056775838136673,-0.1608637124300003,-0.036467894911766,-0.1942982910022139,1.1118524041205644,1.105267765033245,0.4560315608978271,-1.0530662536621094,-0.3962345123291015,-0.473853191268444,0.0198807585120201,0.7071200953513384,0.4750672280788421,-0.226068690419197,-0.0511584021151065
1774470214138941700,116.91894165039062,-2.1198858295872807,1.208889102223143,1.5503636483728884,-0.1912364959716797,-0.2227024435997009,-0.0523257777094841,-0.2786620430797338,1.0189303747951983,1.0324176328778267,0.4574601054191589,-0.9566875100135804,-0.3866798877716064,-0.9575018003642558,-0.0222607124511152,0.7756833439677954,0.4636782109737396,-0.1757892668247223,-0.0672396346926689
1774470214148968700,116.92896875,-2.271492541462928,1.080464309296757,1.747507099673152,-0.1740865260362625,-0.2666363418102264,-0.07615627348423,-0.2871370259582996,1.0248013126552105,0.9052712623894216,0.426803320646286,-0.8617756962776184,-0.4200532734394073,-1.4708622416347263,-0.0333032807953655,0.7307967390149831,0.4249088764190674,-0.2325858473777771,-0.0347787365317344
1774470214158995700,116.93899560546876,-2.3445627461098133,1.025174310686067,1.8620511782199145,-0.1437009572982788,-0.2720418572425842,-0.0965718999505043,-0.2742091553241014,1.1073048238188028,0.8372656476557254,0.381113588809967,-0.7634813785552979,-0.472307950258255,-1.4081886355787514,-0.087841657321155,0.814791365519166,0.3924497365951538,-0.3546473085880279,-0.0170953460037708
1774470214169021700,116.94902172851565,-2.373236613538861,0.9381314755924044,1.9572820690095425,-0.1035322472453117,-0.2669144868850708,-0.1030873209238052,-0.2619295194655656,1.203025543951988,0.8591045544981956,0.3424658179283142,-0.6564947366714478,-0.5320705771446228,-0.9679887075871229,-0.3534659396514296,1.1611772837817669,0.3686688244342804,-0.512333333492279,-0.0338233485817909
1774470214179048700,116.95904858398436,-2.564754626172781,0.9056092621721328,2.087946676751971,-0.0684209391474723,-0.2723885476589203,-0.1194770336151123,-0.264580910757184,1.2850216901153326,0.965882675218582,0.3171503245830536,-0.5551920533180237,-0.5784623026847839,-0.6429501132577657,-0.6423826155681163,1.5807850901216267,0.4192116260528564,-0.6503207683563232,-0.023476967588067
1774470214189075700,116.96907568359374,-2.898888381105661,0.982695497527346,2.2571792078197,-0.060048758983612,-0.2850505411624908,-0.1608191579580307,-0.4104109389275312,1.31454939789474,1.0057979214996098,0.3112070262432098,-0.4684975445270538,-0.5999573469161987,-0.7582084775537252,-0.5316103837102651,1.974364136713743,0.4977924823760986,-0.7028308510780334,-0.0215654075145721
1774470214199101700,116.97910180664064,-3.112875415179133,1.1446944971449673,2.410643091869354,-0.0733945444226265,-0.2691705822944641,-0.2076029032468795,-0.6510124236822128,1.3383797708153724,0.849247177350521,0.3076370656490326,-0.3829650580883026,-0.5977085828781128,-0.8877373592644929,-0.2188834278129041,2.063453456008434,0.5582025051116943,-0.6559711694717407,-0.0352340824902057
1774470214209128700,116.98912866210938,-2.9219968694925305,1.242226504483819,2.411816227301955,-0.0936574712395668,-0.210688367486,-0.2466123551130294,-0.913925693488121,1.3032260398477316,0.6453495756149291,0.2840512692928314,-0.2938600778579712,-0.5697810649871826,-0.9661194065839052,0.0141376848153769,1.7859774078428745,0.592587411403656,-0.5622209906578064,-0.0276198387145996
1774470214219155700,116.99915576171875,-2.500602179735899,1.195462634417042,2.273394429561496,-0.1223936975002288,-0.1589120179414749,-0.2949120700359344,-1.1586924812287092,1.3788520664572714,0.5306675499022007,0.243158683180809,-0.1923795342445373,-0.5215759873390198,-1.0445821179240942,0.2519106681458652,1.3051286585986617,0.6018860936164856,-0.3957212567329407,-0.0177371129393577
1774470214229181700,117.009181640625,-2.1734043615460394,1.032287430626899,2.033157101944089,-0.1666924655437469,-0.1269186586141586,-0.3364874720573425,-1.3485031054228545,1.640119907143712,0.8344915067672729,0.2073904722929,-0.0957481041550636,-0.4492092132568359,-0.9615689036726952,0.3307457199297845,0.8327899635463952,0.5840540528297424,-0.1788390278816223,0.0135141983628273
1774470214239208700,117.01920874023438,-1.7840362106472252,0.8912078118540346,1.8150562028110029,-0.2256305664777755,-0.0802009031176567,-0.3577900826931,-1.4476114221677183,1.991181416001916,1.4366197802931069,0.2026428580284118,-0.0062496429309248,-0.36723393201828,-0.8658493525832891,0.3525222290605306,0.5361719925373792,0.5708386301994324,0.0281748846173286,0.0551127716898918
1774470214249235700,117.02923559570311,-1.2679567196764052,0.8018867296300828,1.557884107005596,-0.2999979853630066,-0.0140839368104934,-0.364726573228836,-1.3385945826098322,2.2513865958929062,1.9499433966845272,0.2287064045667648,0.0923838466405868,-0.2905461192131042,-0.6081278062015771,0.3780075295813381,0.4567606021702289,0.5870197415351868,0.1688070595264434,0.0815416276454925
1774470214259261700,117.03926171875,-0.8331872923009097,0.6714891753260046,1.1800368825525045,-0.3657642900943756,0.0493439584970474,-0.383794367313385,-1.0808762510985137,2.3209131365835667,2.147934989246726,0.3011281490325928,0.198543295264244,-0.2315309941768646,-0.4027601319134235,0.4125640253081917,0.4346259272515773,0.6243037581443787,0.2615923881530761,0.0867893919348716
1774470214269288700,117.04928881835936,-0.7584824721895158,0.6066870693413541,0.5051829800337553,-0.3883337676525116,0.0756389424204826,-0.4227526783943176,-0.9014914515897632,2.1828765387684106,2.034533650994301,0.3927426040172577,0.2801637351512909,-0.1868709623813629,-0.4705494735479354,0.4678779162511229,0.3988835827410221,0.6211751103401184,0.3591017425060272,0.1251876056194305
1774470214279315700,117.05931567382812,-1.0303870038330554,0.527414758651331,-0.5722574513971805,-0.3499010801315307,0.0467670634388923,-0.4538411498069763,-0.900894947001338,1.925055623665452,1.6405904472649095,0.4671134948730469,0.3136601746082306,-0.1613640040159225,-1.007528106293082,0.6765704971782863,0.4570288977175951,0.5299181938171387,0.4809812903404236,0.2053527384996414
1774470214289341700,117.069341796875,-1.3969843738667669,0.3264235093491152,-1.9216063599944115,-0.243352010846138,-0.0064072078093886,-0.4669710993766784,-1.0006403926059604,1.5586311259806156,1.0984691909343005,0.5025567412376404,0.30719855427742,-0.1596902459859848,-1.5595669455260035,0.963738795057684,0.8342892621934413,0.4224469363689422,0.6021190285682678,0.2733587920665741
1774470214299368700,117.07936865234376,-1.5872218451708555,0.0602180615634424,-3.2277965103447435,-0.1028339341282844,-0.0751067921519279,-0.437573105096817,-1.091472463914752,1.1341560058653355,0.5519733727812767,0.500053882598877,0.2705683708190918,-0.1774825602769851,-1.8108347857236864,1.1868975621022284,1.5855045198589564,0.3815604746341705,0.6030501127243042,0.3109999001026153
1774470214309395700,117.08939575195312,-1.4058049553126095,-0.0442457999983569,-4.132214955297112,0.0454207845032215,-0.1408828645944595,-0.3517050743103027,-1.1241706184238194,0.6962351287215948,0.1408271053165197,0.4776221215724945,0.2137862294912338,-0.2072580158710479,-1.92778241828084,1.1372457885742189,2.1495038459986446,0.4110209345817566,0.4255788028240204,0.3296943604946136
1774470214319421700,117.09942163085938,-0.908696999054402,0.0582944137242157,-4.4879912177175285,0.1588304340839386,-0.1427079737186432,-0.2096691578626632,-1.1432938365668055,0.3718219728142022,-0.1059159509330987,0.4417168498039245,0.1343774199485778,-0.2472437769174575,-1.9330168118029831,0.8574665780328213,2.251627418911457,0.479018360376358,0.1383837759494781,0.3494946956634521
1774470214329448700,117.10944873046876,-0.0949115957073867,0.3755567388957366,-4.259418024408817,0.2412965446710586,-0.0324901156127452,-0.0217581167817115,-1.1338409485667944,0.1170996082484722,-0.2726771234512329,0.4045555889606476,0.0549911148846149,-0.2948262095451355,-1.746098986440897,0.7149830838114023,2.0917735415637493,0.5360130071640015,-0.1282370537519455,0.3398220539093017
1774470214339475700,117.11947583007812,0.6953793886750936,0.7470812996659427,-3.782125506341457,0.3419947028160095,0.109061986207962,0.1746560633182525,-1.1382780542314053,-0.1145838260352611,-0.4495785817116499,0.363281100988388,-0.0172495264559984,-0.3461764752864837,-1.35839555388391,0.8180915761083364,1.7456167558819051,0.5559057593345642,-0.3388422131538391,0.3067344129085541
1774470214349501700,117.12950170898438,1.0869747141040862,0.9414735525619238,-3.441248122367263,0.4847976863384247,0.2153125256299972,0.3519341647624969,-1.1996814942210912,-0.3176379626840352,-0.6233668763875961,0.3197087049484253,-0.0794116929173469,-0.3998997211456299,-1.0195324323415755,1.0637205336362123,1.1770084746420382,0.552610456943512,-0.4976486265659332,0.2670294344425201
1774470214359528700,117.13952880859377,1.1474169078461824,0.9384243941243736,-3.0733506295204163,0.6163166761398315,0.2687892913818359,0.4955630600452423,-1.3385983820021152,-0.4122983601093292,-0.8215507766515016,0.2535214126110077,-0.144385889172554,-0.4501543641090393,-0.7700316018164157,1.2545306902617217,0.5466437021911144,0.5405332446098328,-0.5457906126976013,0.2069011032581329
1774470214369555700,117.1495556640625,1.2440652642183003,0.8062246127039193,-2.5216607498556374,0.6942170858383179,0.2962603271007538,0.6039801239967346,-1.6242214962661266,-0.5066349324077367,-0.8904688300549983,0.1652138978242874,-0.2360200881958007,-0.4897754490375519,-0.6136123750925063,1.3018171959631144,0.0008294365614652,0.499454915523529,-0.48934406042099,0.1514972001314163
1774470214379581700,117.15958178710936,1.4645090732157229,0.6101410457201302,-1.8985241750925776,0.7071613669395447,0.3044783771038055,0.6967377662658691,-1.9242337858885523,-0.4037222549438476,-1.1376999620825052,0.0343600027263164,-0.3128160536289215,-0.5301218032836914,-0.4760702827960252,1.4102926221206784,-1.011985670223832,0.3085405826568603,-0.0290230959653854,-0.0716840922832489
1774470214389608700,117.16960864257813,1.725385722627491,0.3634710547067225,-1.315471188914776,0.6558563709259033,0.2943248152732849,0.7654076814651489,-2.1637977442890404,-0.2622843242526054,-1.1785112804204223,-0.1004429310560226,-0.3655853271484375,-0.5626623630523682,-0.5942354744493961,1.242501375902444,-1.0367805042624474,0.2742412984371185,0.0964324027299881,-0.138615146279335
1774470214399635700,117.1796357421875,1.9062509699523449,0.0329602395113557,-0.833223094266653,0.5547642707824707,0.2628889381885528,0.8077602982521057,-2.2729309037029743,-0.1237432840466499,-1.077641506960988,-0.1979265958070755,-0.3766454458236694,-0.5770791172981262,-0.8205658572673797,1.5355300902478397,-0.8711012817621231,0.2492770850658416,0.1095665767788887,-0.1620602756738662
1774470214409661700,117.18966162109376,2.077898745468259,-0.3598705094641074,-0.4586065222978591,0.4304977357387543,0.2564014792442322,0.8287763595581055,-2.2961457750737666,0.0016775778234004,-0.9156196379244328,-0.2489939928054809,-0.3452204167842865,-0.5635764002799988,-0.7682230910897254,2.307820138515532,-0.5430266807377339,0.2538623809814453,0.0108150504529476,-0.1751904785633087
1774470214419688700,117.19968872070312,2.0988000791996715,-0.7775118745692073,-0.2369903085201978,0.2830434739589691,0.284072607755661,0.8342762589454651,-2.299699668163061,0.0797194334030151,-0.7128080778598785,-0.2525863349437713,-0.282491534948349,-0.5134458541870117,-0.1702607050716877,2.9602929901391266,-0.2363058333873748,0.2952140867710113,-0.1306456625461578,-0.2265801578760147
1774470214429715700,117.2097158203125,1.802468523916602,-1.2520352201841771,-0.2086106017321348,0.1571148335933685,0.3301253020763397,0.8206291198730469,-2.329696162497997,0.1636193673610687,-0.4119365410596132,-0.2228603363037109,-0.2061929851770401,-0.4262683689594269,0.5640665461570025,2.9314956424608827,-0.3153513130515814,0.3448731601238251,-0.2652234733104706,-0.2609469592571258
1774470214439741700,117.21974169921874,1.2093003864377736,-1.822998393987119,-0.517311809244752,0.0755353271961212,0.3475411832332611,0.8079884648323059,-2.414990181162953,0.3206365599781274,-0.0330780937373638,-0.1853324025869369,-0.1296361535787582,-0.3067568838596344,0.7207213352024555,2.384070580633729,-0.8068933057457208,0.3804194629192352,-0.3643588423728943,-0.2417525053024292
1774470214449768700,117.22976879882812,0.6259693139709532,-2.4046679629825056,-1.050841178318858,0.0457297563552856,0.2944383025169372,0.8374896049499512,-2.460532035154104,0.5291799416929484,0.3590723813563585,-0.1574616879224777,-0.0589358434081077,-0.1675648838281631,0.5552151311814785,1.8038538407951592,-1.3831570701748133,0.3879547417163849,-0.3801352083683014,-0.1937559396028518
1774470214459795700,117.23979565429688,0.3441083287194371,-2.86621594555974,-1.5734212833553551,0.0642588511109352,0.1966114789247512,0.9125162959098816,-2.404955109360814,0.7336117964357137,0.6900935572266578,-0.1429032534360885,0.007055421359837,-0.0248860344290733,0.4531844972491264,1.416433024571836,-1.720831858715415,0.3565725684165954,-0.2717101871967315,-0.1462041288614273
1774470214469821700,117.24982177734375,0.721844786274433,-3.0325019017815587,-1.9834423461824653,0.1240984871983528,0.0908312499523162,1.017613410949707,-2.250983860310912,0.8672866919100284,0.8342308100044726,-0.1327487379312515,0.0873110964894294,0.1126021295785904,0.358666723164916,1.2425846702717245,-1.778904108455777,0.2724352777004242,-0.0249494984745979,-0.1050875335931778
1774470214479848700,117.2598486328125,1.4025488761261105,-3.084371497489512,-2.304617250820994,0.2406783998012542,0.0477845296263694,1.0985474586486816,-1.9909417620271443,0.898254077103734,0.9102192401856184,-0.1056087240576744,0.1802476942539215,0.2320893853902816,0.0012982231169939,1.259997285104543,-1.6080261482685805,0.1278392225503921,0.3011386096477508,-0.0370259210467338
1774470214489875700,117.26987573242188,2.1511939910426734,-2.9158073672026394,-2.444461774840951,0.3474400043487549,0.0732619315385818,1.136101007461548,-1.7528806094050406,0.9014087417423724,0.9851011704295872,-0.0557380430400371,0.2716284394264221,0.3259061276912689,-0.7081377479612827,1.4825478571228683,-1.2238707635819912,-0.0041679632849991,0.5951980352401733,0.0430705286562442
1774470214499901700,117.27990161132811,2.634595055118203,-2.394936842563004,-2.227934408634901,0.4066462814807892,0.134580910205841,1.1176061630249023,-1.5462994676738977,0.9156178843587636,1.049226144337654,0.0056004133075475,0.3362479209899902,0.3910861909389496,-1.2100970897734165,1.7286607987754046,-0.6506897675991058,-0.0514822155237197,0.7498171329498291,0.1129034087061882
1774470214509928700,117.2899287109375,2.9357819414779542,-1.8067115683138368,-1.8402514343440528,0.3518725335597992,0.2053091526031494,1.0535675287246704,-1.3931979871958493,0.9322533773392438,1.0630424882441758,0.0649820938706398,0.368209034204483,0.4255772531032562,-1.2769465202093124,1.602680111065507,-0.077886372756958,-0.0640437230467796,0.7600204348564148,0.1451344341039657
1774470214519955700,117.29995581054688,2.8333365892648694,-1.2156596923366187,-1.3067957150280476,0.1921578794717788,0.2847701609134674,0.9334657788276672,-1.215468845939636,0.9006482787638902,1.0130138442277907,0.113488107919693,0.3718077540397644,0.426196426153183,-1.1425900722116231,1.02126334778741,0.132422849586606,-0.1060833185911178,0.6632028222084045,0.166819766163826
1774470214529981700,117.30998168945312,2.498887777033448,-0.7382434017591178,-0.6539987460166216,-0.0061189834959805,0.3752550482749939,0.7788794040679932,-1.0462655409663917,0.8413473640114069,0.921398805847764,0.1560726016759872,0.3593825101852417,0.410879522562027,-1.1738362743467092,0.5754718833990394,0.162895144739747,-0.1424592584371566,0.5058202147483826,0.1949335634708404
1774470214540008700,117.3200087890625,2.090018368459493,-0.5167152315910906,0.0235159001439809,-0.2126031070947647,0.4189703464508056,0.6309676766395569,-0.89206983551085,0.7656301519870757,0.8951713086575269,0.1946711242198944,0.3378178477287292,0.3818231225013733,-1.3076970477819445,0.4846439037434756,0.382143460342288,-0.1461892873048782,0.3089553415775299,0.2120923101902008
1774470214550035700,117.33003564453124,1.805923778937012,-0.4563983447290957,0.7552595646202563,-0.3924391865730285,0.4054385423660278,0.5254479050636292,-0.7385317171812057,0.709086426988244,0.9333207143098116,0.2406486570835113,0.3110184967517853,0.3429039716720581,-1.3542413568139076,0.6096482937671244,0.7318143916249275,-0.1397422701120376,0.0669158920645713,0.2116129100322723
1774470214560061700,117.34006176757812,1.6835232878014443,-0.569241756837815,1.3994488642841576,-0.5081774592399597,0.3363146483898163,0.46785569190979,-0.5942465803653001,0.6396200920522213,0.9864058232873678,0.289311021566391,0.2710468471050262,0.3052021265029907,-1.3082400686174631,0.6945787398166954,0.9175655112951994,-0.1366173177957534,-0.2150787860155105,0.1988366544246673
1774470214570088700,117.35008862304689,1.6187429187245663,-0.8157819839917123,1.831726767104864,-0.5330809354782104,0.2422235608100891,0.4289482533931732,-0.4852770870804786,0.6155664317697286,1.052228833284974,0.326227068901062,0.2210295498371124,0.2765336632728576,-1.1476128688097,0.6874765065960585,0.9243857127040624,-0.1367998719215393,-0.4669516980648041,0.1840520799160003
1774470214580115700,117.36011572265625,1.6564494029149412,-1.1191260483853518,2.0400246496260164,-0.4754611253738403,0.1592767536640167,0.4139674603939056,-0.3898889599025249,0.7183896773844957,1.0888087976634502,0.3553069233894348,0.1715544015169143,0.2481789588928222,-1.0305027391672137,0.645016836529225,0.8433505205273628,-0.142630860209465,-0.6306101083755493,0.1768985539674759
1774470214590141700,117.3701416015625,1.798298544755578,-1.3408417770147325,2.0708219389498232,-0.3395214080810547,0.070895217359066,0.4085817337036133,-0.3523334284901618,0.9354331764191388,1.0410375771850346,0.3680101037025451,0.1259697824716568,0.2240660041570663,-0.9580769699037076,0.5474634941413998,0.6579454378157854,-0.1518230885267257,-0.688978910446167,0.1763607263565063
1774470214600168700,117.38016870117188,1.901557405308634,-1.393404761814326,1.8910837959587568,-0.1482252329587936,-0.0185376405715942,0.4051949977874756,-0.2913841620087623,1.1698223625302313,0.9228080881237984,0.3612193167209625,0.0820539891719818,0.202233150601387,-0.8390694822072983,0.5235448584154248,0.4372071759164333,-0.169945627450943,-0.6393112540245056,0.1943072229623794
1774470214610194700,117.39019458007812,1.9763247692622243,-1.250539428668469,1.5400181954473255,0.063438557088375,-0.1028772890567779,0.3934190273284912,-0.1491530351132154,1.377937289699912,0.7585235348522663,0.3562057912349701,0.0412114709615707,0.1755073368549347,-0.7563432682037353,0.5912514902025461,0.1867442223608493,-0.1938444375991821,-0.5130420923233032,0.2231333255767822
1774470214620221700,117.4002216796875,2.004986215601116,-0.9141445969358086,1.0532739584237336,0.2246626913547516,-0.2191097289323806,0.3839617967605591,0.0068131871461868,1.503323664778471,0.5007482124567032,0.3571000695228576,0.0001604401622898,0.1484163403511047,-0.7397586286276578,0.7324078274734318,-0.0152367320984601,-0.2182898521423339,-0.3470283150672912,0.2575554847717285
1774470214630248700,117.41024877929688,2.0825205600500105,-0.567770222980529,0.5242974303483963,0.3287959992885589,-0.2950843870639801,0.4055317938327789,0.1152361524641513,1.4644985518217086,0.2694453019231557,0.3766504228115082,-0.0350123234093189,0.1235599890351295,-0.7373159116506576,0.8737238853506744,-0.0858265181064605,-0.2305661141872406,-0.1838486492633819,0.2776250839233398
1774470214640274700,117.42027465820313,2.2295693163603545,-0.2512359289557673,0.03826981716156,0.4074037075042724,-0.2677661478519439,0.4201860725879669,0.2151765361189842,1.3920616766422986,0.1261205345720052,0.4051718115806579,-0.0653941929340362,0.0986836701631546,-0.7705828059583902,0.9378070659436284,-0.0244160638540983,-0.2266326248645782,-0.0388227477669715,0.275514006614685
1774470214650301700,117.4303017578125,2.222715212681889,-0.0303241188541054,-0.3735574183046817,0.4365967512130737,-0.1810754388570785,0.4280482530593872,0.26296587677598,1.359382226833701,-0.0130260703116655,0.4079415500164032,-0.0874384045600891,0.0855622068047523,-0.8636620716720819,0.8409726854801177,0.1805710866838693,-0.1983702033758163,0.0440642833709716,0.2615072727203369
1774470214660328700,117.44032861328124,2.126518107208609,0.0699931992211844,-0.6919570130109787,0.429071307182312,-0.0914514511823654,0.4425204992294311,0.3565934240221977,1.4349106382876633,-0.0870388165056705,0.3881404101848602,-0.1165755167603492,0.0605601817369461,-0.8857283575296402,0.6673937957711518,0.4263450056403875,-0.144912838935852,0.0397883094847202,0.2440268099308014
1774470214670354700,117.45035473632812,1.9204183192536235,0.0998702044954523,-0.9220008633941412,0.3970723748207092,-0.0318142175674438,0.4596736431121826,0.4548328489780426,1.4775187769144773,-0.2333873155921697,0.3558290600776672,-0.1627855449914932,0.0237068012356758,-0.7108189498692751,0.5862750169642269,0.6409352663040161,-0.0702150389552116,-0.0227106641978025,0.2149357795715332
1774470214680381700,117.46038159179687,1.645021853841096,0.0289191291606985,-1.0416349585562945,0.3641631603240967,0.002373045310378,0.4709518849849701,0.5952864448070526,1.3764052578270434,-0.4119955777704715,0.3235949575901031,-0.2189281731843948,-0.0286512114107608,-0.4420324041157961,0.614683511455357,0.8341536531150341,0.0063644219189882,-0.1033322736620903,0.1684753447771072
1774470214690408700,117.47040869140623,1.442767197006941,-0.0849910719293169,-1.017998646903038,0.3291255533695221,0.0145961558446288,0.4757543504238128,0.702189653211832,1.2183359258085489,-0.600250204694271,0.2930885851383209,-0.2794487476348877,-0.0980398058891296,-0.2511743166953325,0.7191635843664407,0.9159721046239138,0.0723430439829826,-0.1624052375555038,0.118210345506668
1774470214700434700,117.4804345703125,1.3313450498729944,-0.2049730489473789,-0.8556196349918842,0.3073906898498535,0.0121905226260423,0.4751253128051758,0.7230728667646646,0.99777828117311,-0.8740694839179516,0.2724810540676117,-0.3252907991409302,-0.183336853981018,-0.206562437030673,0.8154827087841927,0.9415770860016346,0.1316348612308502,-0.2028069943189621,0.071127250790596
1774470214710461700,117.49046166992188,1.252069853106141,-0.2756838492528535,-0.6803109988808631,0.294087678194046,-0.0097981337457895,0.4762701988220215,0.6373650066018104,0.7022171257406473,-1.2652636812001463,0.2498103380203247,-0.3502614796161651,-0.2785620391368866,-0.1643991195619106,0.7848159139722585,0.9329197322934866,0.1858054250478744,-0.2202328592538833,0.0160541497170925
1774470214720488700,117.50048876953124,1.1810668101221322,-0.3397133086308836,-0.4544336205273866,0.2947472035884857,-0.0424214750528335,0.4824476838111877,0.4770604628771543,0.3919084830313921,-1.6414041017353531,0.2063613831996917,-0.3601990640163421,-0.3766638338565826,0.0237140530645847,0.6906596666768193,0.9555383913367986,0.244266077876091,-0.2305406183004379,-0.0545049719512462
1774470214730514700,117.5105146484375,1.228158816164732,-0.3892528539560735,-0.2558791333854198,0.3013864755630493,-0.073899507522583,0.5004435181617737,0.2506920861363411,0.1165501576721668,-2.05566528635025,0.1277082562446594,-0.3597340285778045,-0.453914612531662,0.2451817982822656,0.5408547435261308,0.9607833062529564,0.2979984283447265,-0.2417542487382888,-0.1343460828065872
1774470214740541700,117.52054174804688,1.3665730151206257,-0.440801035689935,-0.0514537083834409,0.3006025850772857,-0.10661032050848,0.522201418876648,0.050868017449975,-0.072322893410921,-2.304706098148227,0.0253147836774587,-0.345348984003067,-0.5203639268875122,0.493055319866538,0.4979639885656535,0.8625660931289195,0.3379290699958801,-0.259588360786438,-0.2223350554704666
1774470214750568700,117.53056860351562,1.4038164118438958,-0.4161596751799806,0.0892372033327817,0.2804048955440521,-0.1355961561203003,0.5358842015266418,-0.2238800670564174,-0.2065782191216945,-2.533198627436161,-0.1017893105745315,-0.328135073184967,-0.5733193159103394,0.730703800034523,0.5410539193600415,0.7286176414102316,0.3710945844650268,-0.2751296758651733,-0.3092584908008575
1774470214760595000,117.54059497070313,1.2284203897103667,-0.4506933745531365,0.2260977431058883,0.2495808154344558,-0.1615696400403976,0.5409053564071655,-0.4510597601801157,-0.3190115891247987,-2.659504455447197,-0.2330357432365417,-0.3004091680049896,-0.6154199242591858,1.0122966358691454,0.6439359094247221,0.6217991886794567,0.4138812124729156,-0.2739629447460174,-0.3977060616016388
1774470214770621700,117.55062158203124,1.042495374777913,-0.5479650869879872,0.2374380522876977,0.2147197723388672,-0.1932791024446487,0.5378626585006714,-0.6334452028095722,-0.4044938238382339,-2.570181911918521,-0.3606934249401092,-0.2668376863002777,-0.6446107625961304,1.2759224378585814,0.7492088862791657,0.5304121138364076,0.4644107818603515,-0.247542142868042,-0.4894220232963562
1774470214780648700,117.56064868164064,0.9345128467038272,-0.7554530413657427,0.1437614052027463,0.1952295750379562,-0.2137733250856399,0.5560178160667419,-0.754419022142887,-0.4008621893376112,-2.2673574874848126,-0.4670576751232147,-0.2319009900093078,-0.6615015864372253,1.5492665007859467,0.8234893434986472,0.3593687339544296,0.5138025879859924,-0.2023791819810867,-0.5775449872016907
1774470214790674700,117.5706748046875,0.8926580106623471,-0.8731445510927587,0.0036257892817258,0.1833681166172027,-0.2299307137727737,0.5713517665863037,-0.8458440909087658,-0.3307774302423,-1.8329343893289565,-0.5534197688102722,-0.1994803100824356,-0.6696880459785461,1.675553039574623,0.8870610674381255,0.0820949303627014,0.5519136786460876,-0.1417644470930099,-0.6489510536193848
1774470214800702000,117.58070190429687,0.7919279379345476,-0.8773771471612155,-0.2062093858093023,0.1807067841291427,-0.2208555489778518,0.5942532420158386,-0.864378110986948,-0.1586661288678646,-1.3962743259012698,-0.6246039271354675,-0.1735696196556091,-0.6623052358627319,1.6948755796819923,0.9410846263095736,-0.2264496252834796,0.5710841417312622,-0.0536154210567474,-0.6951502561569214
1774470214810728700,117.59072875976562,0.6742747874565422,-0.8896164510093629,-0.4349339702874422,0.1797618865966797,-0.2033862769603729,0.6230934262275696,-0.8086416107177734,-0.0121750064402818,-0.956222281947732,-0.6772347688674927,-0.1513949483633041,-0.642160177230835,1.6629355500638483,0.9915092839062212,-0.4460135827064514,0.5777288675308228,0.0764300152659416,-0.717575192451477
1774470214820754700,117.60075463867187,0.4757762682855129,-0.7740390108268708,-0.6461170528560877,0.1660607010126114,-0.1962736397981643,0.6474674940109253,-0.7364210086375474,0.1283323654025793,-0.4847743982553482,-0.7110968828201294,-0.1421790719032287,-0.6088908910751343,1.5731874745994805,1.0565037341251968,-0.5265682978898286,0.588387668132782,0.2173429280519485,-0.7302337288856506
1774470214830781700,117.61078173828125,0.2529649995043874,-0.4293282592348754,-0.8032038035780191,0.1256722509860992,-0.2025437951087951,0.6858883500099182,-0.6423690984994173,0.2257306633591651,-0.0279646962463855,-0.720607340335846,-0.152079239487648,-0.5647516846656799,1.3913456373274329,1.1263616987273095,-0.573328880020976,0.5924602150917053,0.3386971950531006,-0.7443211674690247
1774470214840809000,117.62080908203124,0.1306672380909323,-0.0050694487513974,-0.923875425094366,0.0626621320843696,-0.2273048013448715,0.7338156700134277,-0.5506354021757841,0.296257905524969,0.3661386664807796,-0.7123640775680542,-0.1775827407836914,-0.5109292268753052,1.108516537696123,1.0440312060430643,-0.6394722080141305,0.5768895149230957,0.4546211361885071,-0.7497696876525879
1774470214850835000,117.6308349609375,0.0385493647553026,0.3926153891917318,-0.922913302063942,-0.0031624189577996,-0.2411953061819076,0.7734805345535278,-0.5332067129909992,0.3151069829016923,0.6565326484084129,-0.6856594681739807,-0.2118029594421386,-0.4515162706375122,0.7362696174681186,0.8565735747158527,-0.6639367871850729,0.5475785732269287,0.5640044808387756,-0.7371980547904968
1774470214860861700,117.64086181640624,-0.0730687433421611,0.5288096470758319,-0.8464823888123035,-0.0687077939510345,-0.2403718829154968,0.7925284504890442,-0.5247118563681841,0.2380979775011539,0.8795458695024252,-0.6525214910507202,-0.2483266144990921,-0.3866366147994995,0.2963374005019664,0.7384314716771244,-0.5608475841104984,0.5144211649894714,0.6293419003486633,-0.7055434584617615
1774470214870888700,117.650888671875,-0.2881102549046277,0.6030102074595168,-0.7105693590223788,-0.1229747608304023,-0.2379273623228073,0.7836142778396606,-0.5510451520204543,0.1128548102855682,0.9803981073051692,-0.6120689511299133,-0.280582994222641,-0.320989578962326,-0.0294189867079257,0.6510515866488218,-0.3535252686232328,0.482634425163269,0.6399905681610107,-0.6742963194847107
1774470214880914700,117.66091479492188,-0.4359584910295903,0.5755586118344217,-0.580652939298749,-0.1618925780057907,-0.237232968211174,0.7899671792984009,-0.5529471862494946,-0.0143266315162181,1.0389771375238894,-0.5690341591835022,-0.3028137385845184,-0.2602727115154266,-0.2363718843609094,0.5584592276692391,-0.0986088427901268,0.4542291760444641,0.5937636494636536,-0.6356209516525269
1774470214890942000,117.67094189453124,-0.4442541718184947,0.5518642498509958,-0.5193576358586549,-0.2037342935800552,-0.2590506374835968,0.8155050277709961,-0.5507125590652228,-0.1255138008505106,1.068991752037406,-0.5232418179512024,-0.3257337212562561,-0.2095496207475662,-0.4529822526752948,0.4688321482360362,0.1148714108049869,0.4184005558490753,0.4940934777259826,-0.5962211489677429
1774470214900968700,117.68096875,-0.3375084920629859,0.5176225922269746,-0.5196306075811385,-0.2450173050165176,-0.27497598528862,0.8490924835205078,-0.5203010541886091,-0.2144984907269477,1.038105030864477,-0.4703362286090851,-0.3440677225589752,-0.1659552752971649,-0.5486053576529025,0.3774807292282581,0.2771317647725344,0.3777551054954529,0.3661333620548248,-0.5497673749923706
1774470214910994700,117.69099462890624,-0.2009843446373939,0.4332508760387077,-0.5175666607886552,-0.2761552333831787,-0.275199681520462,0.8756396770477295,-0.5097013342410326,-0.3164326785475015,0.9398036465883256,-0.4103266894817352,-0.3597975969314575,-0.1323656439781189,-0.5960919159710407,0.2700254398986697,0.3100362555086612,0.3339178264141083,0.2208738476037979,-0.5064837336540222
1774470214921021700,117.70102172851564,-0.0685151716910302,0.2818048711501061,-0.4205091390937566,-0.287134051322937,-0.2587137818336487,0.8814631700515747,-0.4780751928776502,-0.4085825544565916,0.8354185584843158,-0.342606782913208,-0.359760582447052,-0.1036301404237747,-0.5891513030529022,0.1526610432341694,0.2672457460522651,0.2916041910648346,0.0803915560245513,-0.4657509624958038
1774470214931049000,117.71104907226562,0.0230424374133348,0.0342974429318681,-0.1879243720561265,-0.2672894895076751,-0.2220337837934494,0.8530363440513611,-0.4602320776730775,-0.472327589136362,0.765236184233427,-0.265874832868576,-0.3400919735431671,-0.0765949338674545,-0.5580021315515041,0.0139633511617779,0.1575917776346206,0.246320828795433,-0.021387604996562,-0.4338379502296448
1774470214941075000,117.72107495117189,0.1222166590012609,-0.4611518593991175,0.2586626266241073,-0.2324546575546264,-0.1666614711284637,0.8005154132843018,-0.4490133490443229,-0.5374567716509103,0.6597621318489313,-0.1918786317110061,-0.3028572499752044,-0.0484216175973415,-0.5410527503162622,-0.133353408434987,-0.0162456168800592,0.1788389980792999,-0.0649140402674675,-0.4018387198448181
1774470214951101700,117.73110180664062,0.2314550323553383,-1.0654586094751954,0.8184925581246614,-0.1874102056026458,-0.1229787021875381,0.7215489745140076,-0.4437637579530477,-0.528346998000145,0.5373322684884071,-0.1266563683748245,-0.2559612393379211,-0.0160542055964469,-0.5467676208317279,-0.301181625662744,-0.1935743606418371,0.090136706829071,-0.0501125492155551,-0.3725772798061371
1774470214961128700,117.74112866210938,0.3135971628606319,-1.6067252948030828,1.3941285460442303,-0.1393428146839141,-0.1182344481348991,0.614308774471283,-0.4441676625788212,-0.4486258110314607,0.3829723123818636,-0.0810004696249961,-0.2125900685787201,0.0171106699854135,-0.543738628399372,-0.5229650127008557,-0.327744930678606,-0.0091304974630475,0.0059778811410069,-0.3345763683319092
1774470214971154700,117.75115478515625,0.3494168103910982,-1.997942288438976,1.803151245483756,-0.0843866318464279,-0.1344283372163772,0.4742589890956878,-0.4159977991491556,-0.3775152160197496,0.1839683279067278,-0.0506533756852149,-0.1768376678228378,0.0474253557622432,-0.4860112465739249,-0.7143281270340085,-0.3573562250882387,-0.0893296897411346,0.0660421103239059,-0.2945096790790558
1774470214981182000,117.76118188476562,0.3463163601577281,-2.3233665210850534,2.0205203232109548,-0.0281045641750097,-0.1538884043693542,0.311162382364273,-0.3589741816788911,-0.2947182748675346,0.0068196168869733,-0.0266612209379673,-0.1465077251195907,0.0799662470817565,-0.3541267416477203,-0.832770820454508,-0.3191857766479253,-0.1440264880657196,0.0993417426943779,-0.2566064894199371
1774470214991208700,117.77120874023436,0.4292204149462282,-2.4751757697954773,2.051868816676736,0.0147755239158868,-0.172972097992897,0.1447558403015136,-0.3012240034997463,-0.3065349693894386,-0.1180354277938604,-0.0005359512288123,-0.1171592324972152,0.1159466132521629,-0.1895107644647359,-0.8055000978216529,-0.2612918060839176,-0.1950234323740005,0.1082543656229972,-0.230461910367012
1774470215001234700,117.78123461914062,0.5271605646945536,-2.420226766642183,1.9739146393805744,0.0349576473236084,-0.1991130113601684,-0.0042226165533065,-0.2689420285761356,-0.2827712319642305,-0.1894564039289951,0.0135540347546339,-0.0850830525159835,0.1503280252218246,-0.0170750534415245,-0.7123062658175826,-0.1892646807491779,-0.2442362606525421,0.1019259020686149,-0.2201352417469024
1774470215011261700,117.79126171875,0.5458773939937352,-2.1539386135756966,1.7926731060892342,0.0353070572018623,-0.2444378733634948,-0.1073026657104492,-0.2641419348180294,-0.2650730781883001,-0.2229997770905494,0.0213080048561096,-0.0560298338532447,0.1684824079275131,0.0408352837353944,-0.602280395347625,-0.1225800854861736,-0.2863040864467621,0.0847405716776847,-0.2117613404989242
1774470215021289000,117.8012890625,0.4721617310501634,-1.7524030550211669,1.4653215586423871,0.0191855654120445,-0.301611453294754,-0.177735835313797,-0.2036374894946813,-0.176375388559699,-0.1655810228228569,0.0100446958094835,-0.0324739068746566,0.1617675125598907,0.0201917241573333,-0.5329718813218176,-0.0629015695929527,-0.3049275875091553,0.0431238859891891,-0.2016807347536087
1774470215031315000,117.81131494140624,0.3453118592903018,-1.26771925765872,0.9797463653981684,-0.017255000770092,-0.3389351367950439,-0.2142032980918884,-0.0688660309553146,-0.1389946291923522,-0.134791332283616,0.0034108720719814,-0.0205924212932586,0.1374058872461319,0.1609755748540162,-0.470033632980287,-0.0152741414994001,-0.305978387594223,0.0058789011090993,-0.2040245085954666
1774470215041341700,117.821341796875,0.2435487902529537,-0.7068807336375117,0.371402870619297,-0.0643311887979507,-0.3437272012233734,-0.2304424196481704,0.0447007269918918,-0.1221510464191436,-0.0203548057645559,0.0050183562561869,-0.0154535872861742,0.1046119853854179,0.3410942415952682,-0.3988067181125283,-0.0131552496492862,-0.3070569634437561,0.0030335797928273,-0.2118187844753265
1774470215051368700,117.83136865234376,0.137625240535289,-0.148107270653639,-0.2992050648927688,-0.1187805831432342,-0.3371928632259369,-0.2267443537712097,0.1213128420293331,-0.0701736064225435,0.1137315931200981,0.0167530365288257,-0.0182370413094759,0.0708952844142913,0.3549064938485622,-0.3055927201032638,-0.0705833562672138,-0.317453920841217,0.0404989458620548,-0.2003764808177948
1774470215061394700,117.84139477539064,0.0579011309571564,0.4433597071968019,-0.940563525044918,-0.1612144857645034,-0.3089243173599243,-0.2127808928489685,0.1738525920838117,0.0427063383042812,0.1975754129767417,0.0283463094383478,-0.0298588089644908,0.03953842446208,0.2029261263549327,-0.2609849320918321,-0.1297404786348343,-0.3292522728443146,0.0997345671057701,-0.172357901930809
1774470215071422000,117.851421875,-0.0325403335988521,0.9253106455292552,-1.5571610534280538,-0.1983972787857055,-0.2746475636959076,-0.2006041258573532,0.2245002447813749,0.2231915002703666,0.2032213099092245,0.0377250611782074,-0.0557507760822773,0.0052660657092928,0.187203656566143,-0.2915948821499943,-0.1471878725200891,-0.3277909755706787,0.151671215891838,-0.1387164294719696
1774470215081448700,117.86144873046877,-0.1057704049825668,1.307943716019392,-2.016923760023713,-0.2295908331871032,-0.2456190884113311,-0.1820496916770935,0.3063531830817461,0.3673410280078649,0.169144852784276,0.047913521528244,-0.0846103802323341,-0.0307699646800756,0.2925777557075023,-0.2731441564410924,-0.0893786576300859,-0.3100109100341797,0.1834136992692947,-0.1048495545983314
1774470215091474700,117.871474609375,-0.0710230628587305,1.615126627923548,-2.287982342362404,-0.2487871497869491,-0.2098427265882492,-0.1430056095123291,0.3701291974216699,0.3586018412351608,0.0249123229384422,0.0648547410964965,-0.1077585145831108,-0.0648331865668296,0.4042185140281915,-0.1626375167168676,-0.0563408959031105,-0.2910238206386566,0.1988241970539093,-0.0822448283433914
1774470215101501700,117.88150170898436,0.0941559550344943,1.7343639788530767,-2.2068910360842944,-0.2473848015069961,-0.1876825541257858,-0.0995751693844795,0.3805681738495826,0.2491629768729209,-0.0650613779753446,0.091158777475357,-0.1126866936683654,-0.0914261788129806,0.3895066825866699,-0.029497751032561,-0.0305085355103015,-0.2729734480381012,0.2224437743425369,-0.0708291828632354
1774470215111529000,117.89152905273436,0.2591208917856216,1.664021883995831,-1.7841490233719348,-0.2283088415861129,-0.181019052863121,-0.0501841828227043,0.354265273335576,0.1677197884172201,-0.0902425809830427,0.1127019971609115,-0.0974019169807434,-0.1104819998145103,0.255815420499444,-0.0082798986978828,0.0176315182805061,-0.2677763402462005,0.2556967437267303,-0.0604862011969089
1774470215121555000,117.90155493164062,0.4694293834768235,1.389663237198442,-1.106049270799756,-0.1746223866939544,-0.1523788273334503,-0.0055176215246319,0.3063198653340339,0.125438397526741,-0.2035170779854059,0.1188568249344825,-0.0700544491410255,-0.125399962067604,0.043346389773488,-0.1085452765233814,0.0951987420856952,-0.2827914953231811,0.2593615055084228,-0.0300782285630702
1774470215131581700,117.91158178710936,0.6646335372775792,1.0359241796940564,-0.3426502388656139,-0.1183972135186195,-0.0923413336277008,0.0482188425958156,0.2342342878103256,0.1535503932893276,-0.2872732195585966,0.1146386936306953,-0.048177532851696,-0.1288216561079025,-0.0197983409255743,-0.2164076853491365,0.1683610089302062,-0.2971365451812744,0.201238602399826,-0.0144056510180234
1774470215141608700,117.92160864257812,0.7983740453340112,0.6868437616504728,0.421047483754158,-0.0468090027570724,-0.0103771183639764,0.0908365249633789,0.1288432375341653,0.1741033519744872,-0.4175783463388681,0.1013234183192253,-0.0362726710736751,-0.1242391616106033,0.1408709444582462,-0.3090444679923355,0.3700678226232528,-0.2711193263530731,0.0979375019669532,-0.0192904211580753
1774470215151634700,117.931634765625,0.8117179494231939,0.3157628895271569,1.0361661717563866,0.0355140976607799,0.0573768988251686,0.1220461130142211,0.0449620082765817,0.1963549312710762,-0.5162579162776469,0.0889751836657524,-0.02718261256814,-0.1150473430752754,0.3350590530842542,-0.285403626294434,0.6460802279770373,-0.2161930948495865,-0.0308098718523979,-0.0220267511904239
1774470215161662000,117.94166186523438,0.7355204065360128,0.0405236057040281,1.438967804723978,0.1151731237769126,0.115380510687828,0.1477014869451522,0.0196019415706396,0.1750268965601921,-0.5709522140175104,0.0820925086736679,-0.0153480553999543,-0.1005906388163566,0.3929635450422764,-0.1846959115289151,0.7631400887370109,-0.1758696436882019,-0.1417491734027862,-0.0241128038614988
1774470215171688700,117.95168872070312,0.6453877156682312,-0.090488774296455,1.6391402484565971,0.1670762598514557,0.1392911672592163,0.1644008308649063,0.0281955823928117,0.0651566550433635,-0.5728986719101667,0.0759774819016456,0.0024586501531302,-0.0854626297950744,0.5175654917448759,-0.1100324463412165,0.6952654069066048,-0.1584837734699249,-0.2073002755641937,-0.030205488204956
1774470215181714700,117.96171459960938,0.4563350702345371,-0.1028240858649835,1.555058528190851,0.1802444905042648,0.1338393092155456,0.1921696960926056,0.0513572622716426,-0.0547077417433261,-0.5125555546283722,0.0648135095834732,0.0235250536352396,-0.0745695084333419,0.6980956618964672,-0.0611867284990847,0.528346998000145,-0.16163270175457,-0.222349002957344,-0.0352513827383518
1774470215191741700,117.97174169921875,0.2545516841739416,-0.0418295920023694,1.186523906484246,0.1771584302186966,0.1113446503877639,0.2120717763900756,0.0558504820376634,-0.1211462532907724,-0.501280127376318,0.0331885814666748,0.0439999848604202,-0.0649646297097206,0.765413294366002,-0.0622162176772952,0.3279571121245622,-0.1759876161813736,-0.1946166604757309,-0.0208366140723228
1774470215201769000,117.98176904296876,0.0317361776091158,0.0356156311246566,0.6154360833883286,0.1682695895433426,0.1025170981884002,0.2261514365673065,0.067675359866023,-0.144250650024414,-0.537917959421873,-0.0117874145507812,0.056999672204256,-0.0532235503196716,0.7761924625337123,-0.0497363830715417,0.1297866558641195,-0.1921167820692062,-0.1279215216636657,0.0022495305165648
1774470215211795000,117.991794921875,-0.129157125788927,0.1913737453250214,0.0230512052416801,0.1439674496650695,0.1129042282700538,0.2298449873924255,0.0642956542998552,-0.1570405734926462,-0.542709285351634,-0.0596558898687362,0.057644635438919,-0.0322568118572235,0.8347720772743225,-0.0816017400182783,-0.0604781418383121,-0.2043547481298446,-0.0259311981499195,0.0113134756684303
1774470215221821700,118.00182177734376,-0.199314950120449,0.349830542291142,-0.4646183299332856,0.1140963435173034,0.1341597139835357,0.2297621071338653,-0.0312362652629613,-0.1566635568737983,-0.5017302092313766,-0.1045874133706092,0.0582062937319278,0.0016564157558605,0.8727689227133989,-0.072151336236298,-0.185560565534234,-0.2089052945375442,0.0848006457090377,0.0144626637920737
1774470215231848700,118.0118486328125,-0.2393639057837426,0.4504413725534453,-0.802312407696247,0.0883821919560432,0.1420589238405227,0.2274486124515533,-0.1306909112274646,-0.1416892751038074,-0.4135790475696325,-0.1409209072589874,0.0668700039386749,0.045754924416542,0.7775128974825143,0.0306441445887088,-0.2374275308936834,-0.2159363180398941,0.1918948888778686,0.0129731865599751
1774470215241874700,118.02187475585936,-0.2347287933290004,0.5155630293486639,-0.9808522808134555,0.0694895982742309,0.1355224549770355,0.2262146770954132,-0.1927168670296669,-0.1296171445161104,-0.3175269035249948,-0.1713134348392486,0.0880466625094413,0.0983763262629509,0.6119073247402906,0.126756055996567,-0.2408341244667768,-0.2411332726478576,0.2789525687694549,0.012657867744565
1774470215251902000,118.03190185546876,-0.1724526621580124,0.542471202279441,-0.9295984789162872,0.0640184059739112,0.1244974955916404,0.235213503241539,-0.2344604977816343,-0.1632031877756118,-0.1763356410712003,-0.1862408816814422,0.1105598360300064,0.156479999423027,0.4750631515800952,0.1458935949258506,-0.1553700099319219,-0.2625395357608795,0.3272340595722198,0.0029795616865158
1774470215261928700,118.0419287109375,-0.1752021069966256,0.5457202306706458,-0.676579411137104,0.0759268105030059,0.1069099307060241,0.2415529787540435,-0.2797749727576971,-0.1604068350553512,-0.0573047724992036,-0.1867841780185699,0.1399227827787399,0.2170360088348388,0.3759393450051546,0.1361992993853986,0.009636427873373,-0.2744180560111999,0.3279826641082763,-0.0075726816430687
1774470215271954700,118.05195458984376,-0.1881860917322337,0.5166247037634253,-0.3701262748122215,0.0958219543099403,0.0844477713108062,0.2449940592050552,-0.3353022141903639,-0.1455699159294367,-0.0011281272470951,-0.1840725839138031,0.166200652718544,0.2781146168708801,0.2312473809540271,0.0927614319361746,0.1557733300358056,-0.2866937220096588,0.29737189412117,-0.0101331509649753
1774470215281981700,118.06198168945312,-0.2382277413606643,0.4712368712902068,-0.0635007045298814,0.1127824783325195,0.0618206299841403,0.2491044998168945,-0.3803846339762211,-0.1274409695208072,0.090614921426773,-0.1679234355688095,0.1859165728092193,0.3385840654373169,0.084100424966216,0.0338755277253687,0.276865807312727,-0.3101452589035034,0.2352645695209503,-0.0159620121121406
1774470215292009000,118.07200903320312,-0.1808399667531252,0.4053877404706552,0.2350537874996662,0.1235006302595138,0.0472512766718864,0.2653921246528625,-0.4152133707731962,-0.0683446374297142,0.2320470068991184,-0.1418617367744445,0.1932713836431503,0.3883503079414367,-0.0008697685718536,-0.0133789754025638,0.3195551944822072,-0.3350638747215271,0.1516871452331543,-0.0283224266022443
1774470215302035000,118.08203491210938,-0.0905833572447299,0.3475503954647109,0.4014525564461946,0.1333267390727996,0.0463666021823883,0.2811784744262695,-0.4388683871269225,-0.021367197677493,0.3653016311347484,-0.1017441600561142,0.188658520579338,0.4271059334278106,-0.0827267985254526,-0.0754271430365741,0.3502034307241439,-0.3434682786464691,0.053965114057064,-0.0266741961240768
1774470215312061700,118.09206176757812,-0.0333982656024396,0.2793273568543605,0.4879425068974494,0.1269945502281189,0.0636153593659401,0.2938553988933563,-0.4238344841241836,0.0180097039431333,0.4703063124418258,-0.0567613393068313,0.1743657290935516,0.446769505739212,-0.1965197664439678,-0.102545305456221,0.3572136017471551,-0.3430061042308807,-0.0440457388758659,-0.0083299716934561
1774470215322088700,118.10208862304688,0.0134971949547529,0.1907576957859098,0.4687608365654945,0.1163040101528167,0.0864202976226806,0.275810182094574,-0.3725228145599365,0.0450520246475934,0.4853706105828285,-0.0116668315604329,0.1546221077442169,0.4410130977630615,-0.1859609630286693,-0.1228672318644821,0.237903916233778,-0.3579509854316711,-0.1166275292634964,0.0241382233798503
1774470215332114700,118.11211474609377,0.0140672499276697,0.074612945143436,0.3351952466845512,0.0994472727179527,0.1066930741071701,0.2556441724300384,-0.2725169644534587,-0.0344885450571775,0.4099532582879066,0.0261472258716821,0.1384585052728653,0.420086920261383,0.0180634799569845,-0.1253708852484822,0.0662304217547178,-0.3826169371604919,-0.1398378610610962,0.0573622584342956
1774470215342142000,118.12214184570313,-0.0758937376350164,0.0029403323347913,0.2186012498706579,0.0770675465464592,0.1089519038796424,0.2415968179702758,-0.1516197174876928,-0.0819698426783084,0.3059130380988121,0.0552108362317085,0.127289742231369,0.3862035274505615,0.191194772028923,-0.1148350243173539,-0.1088075807213783,-0.4184881448745727,-0.1239877939224243,0.0889425575733184
1774470215352168700,118.13216870117188,-0.124385527472943,-0.0519823034013854,0.138840315413475,0.0510615147650241,0.1045433059334755,0.225593090057373,-0.028047698354721,-0.0564659835875034,0.2991612257510423,0.0674524307250976,0.1191083043813705,0.350623071193695,0.2035270148575305,-0.1048186572156846,-0.3551934940963983,-0.4646331667900085,-0.0608619563281536,0.1276088207960128
1774470215362194700,118.14219458007813,-0.0764706607401371,-0.0952948137381579,0.0821948836058378,0.0311912558972835,0.10032569617033,0.201784610748291,0.0760085961863398,-0.0056049804002046,0.3184820122927427,0.0725561156868934,0.1063008904457092,0.322010338306427,0.0256762930482625,-0.0892393952898681,-0.4953209267109632,-0.5108224749565125,0.0166354961693286,0.1686084568500518
1774470215372221700,118.1522216796875,-0.0402338107109069,-0.1468689701634924,0.0768856712818145,0.0120995854958891,0.0969115197658538,0.168684184551239,0.1122059909880161,0.0724713619709014,0.30423838288486,0.0660414323210716,0.0865613371133804,0.3109020292758941,-0.1211573592066764,-0.0901373670428991,-0.4916027829706668,-0.5391795039176941,0.0902324244379997,0.1988354623317718
1774470215382249000,118.1622490234375,-0.0552243129633367,-0.1744126371193677,0.0861824919372797,-0.0013451906852424,0.0860871225595474,0.1277781277894973,0.1725280654817819,0.1785211684167385,0.2090752966344356,0.0578934848308563,0.0704822316765785,0.3098487555980682,-0.1646270830988883,-0.1032677745118737,-0.3640548459440469,-0.5490907430648804,0.1361168324947357,0.2279805690050125
1774470215392275000,118.17227490234374,-0.0445925904422998,-0.1979986250911839,0.0792991621643304,-0.0149345025420188,0.0610198490321636,0.0810516327619552,0.247072142073512,0.2540273680388927,0.0763619396686553,0.0456865802407264,0.0712332725524902,0.3154692053794861,-0.22264438778162,-0.1229819442853331,-0.1554354763835668,-0.5524929761886597,0.1418946087360382,0.2590536475181579
1774470215402301700,118.1823017578125,0.0167928754992783,-0.1643096146475523,0.100434304651618,-0.0227206349372863,0.0279441252350807,0.0397209674119949,0.3016065730765461,0.2633054839938878,-0.0117436292856931,0.0424076989293098,0.0836297571659088,0.3286574482917785,-0.1838181057810783,-0.0814455265432596,0.0646837768346071,-0.549335777759552,0.1024574637413024,0.2652857303619385
1774470215412328700,118.19232861328123,0.0664252136744558,-0.1397997715627774,0.1249433074861764,-0.0282062143087387,-0.0050612278282642,0.0192220825701951,0.3280804462432861,0.2621522223055362,-0.0316021759659051,0.044462326914072,0.0970510616898536,0.3377992510795593,-0.0480681575983762,-0.0282457051448523,0.3087508918732404,-0.533843457698822,0.0216660518199205,0.2546044290065765
1774470215422354700,118.20235473632812,0.1160169275783002,-0.0907160071810707,0.1358896489143371,-0.026411822065711,-0.0144422631710767,-0.0008786795660853,0.3239601514428853,0.2107657339394092,-0.076636664956808,0.0436497963964939,0.1067404448986053,0.3413460552692413,0.0284399125427007,0.0135125386543571,0.5150099620431662,-0.5149086117744446,-0.0854292437434196,0.2486623972654342
1774470215432382000,118.2123818359375,0.2120828078873455,-0.0305083163145929,0.0868190362751483,-0.0254757199436426,-0.0076685124076902,-0.0140892900526523,0.382106050941348,0.0818751501321792,-0.157848382744193,0.0393514521420002,0.1123940646648407,0.3316441774368286,0.0674316142380237,-0.0418278019040822,0.5701245310217142,-0.5003459453582764,-0.1811717003583908,0.2386383712291717
1774470215442408700,118.22240869140624,0.289768689636141,0.0173968647078378,0.0008142389923334,-0.01565782725811,0.0027835655491799,-0.0257030017673969,0.4162035508543252,-0.1015665235519409,-0.2323614796757697,0.0347540378570556,0.1228531002998352,0.3126691579818725,0.1950654759824275,-0.2313740030083805,0.5836708258152008,-0.4783536195755005,-0.2370924800634384,0.2187400311231613
1774470215452434700,118.2324345703125,0.3797995275646448,0.0666227546737063,-0.0455915383517742,-0.005866183899343,0.0166359972208738,-0.0304903015494346,0.4257607760116457,-0.2200713224232196,-0.2990484130263328,0.0294960439205169,0.1373731642961502,0.284976601600647,0.2645423323124647,-0.404229766074568,0.6294733765691518,-0.4572353065013885,-0.2493484169244766,0.2001424431800842
1774470215462461700,118.24246166992188,0.4045720036409795,0.1025322450452484,-0.0737350982964038,-0.0005556432297453,0.0202216301113367,-0.0309364311397075,0.4575374317616224,-0.3167833916813135,-0.3404384080350399,0.0184860024601221,0.1572829633951187,0.2546908557415008,0.1968950294971466,-0.4786893061880022,0.5934720888614654,-0.4444553256034851,-0.2339281886816024,0.1886074841022491
1774470215472489000,118.25248901367188,0.3992595764465629,0.1149304840484634,-0.1076081418037414,0.0095425313338637,0.0224008951336145,-0.036208689212799,0.4611971233129501,-0.3360305284649133,-0.3093658089011907,3.90810891985e-05,0.1658477336168289,0.2237481325864792,0.1759282293140888,-0.4626593048200011,0.4665086737245321,-0.4406112432479858,-0.209936186671257,0.1725031584501266
1774470215482515000,118.26251489257812,0.4159118744313717,0.1179012434875592,-0.1099228484869003,0.0195017345249652,0.0252198781818151,-0.0359930507838726,0.4595931952476501,-0.2961410011470318,-0.291170226997137,-0.0185314081609249,0.1665513515472412,0.1962890774011612,0.3212374484807253,-0.5107434637051076,0.2700403452068567,-0.4376665949821472,-0.1609705090522766,0.1540325433015823
1774470215492541700,118.27254174804688,0.4187460749439894,0.1194613506774418,-0.1120990234822034,0.0307075176388025,0.0219867993146181,-0.0354742668569088,0.4264887980252504,-0.2292933242768049,-0.2897954315125942,-0.0397969782352447,0.15888512134552,0.1740712970495224,0.4302975426584482,-0.5909850943513214,0.0815069013416767,-0.4244062602519989,-0.0855008587241172,0.1364583522081375
1774470215502568700,118.28256860351564,0.421005544308573,0.1353193473462481,-0.1247504152625799,0.0399269945919513,0.0280933901667594,-0.0474277772009372,0.4080331038802862,-0.1745014113813638,-0.2916360909432172,-0.0549740679562091,0.1560357958078384,0.1565290540456771,0.4673176520198583,-0.6464255342833698,-0.0497369675934314,-0.4145331382751465,0.0039166403003036,0.1207534298300743
1774470215512594700,118.2925947265625,0.3904360723912716,0.1551065914890728,-0.1244733518868684,0.0404622927308082,0.029825510457158,-0.0580183714628219,0.3701952483952045,-0.1206014788895845,-0.2956698765039444,-0.0590027719736099,0.1613090336322784,0.1475615948438644,0.397337522342801,-0.6069049133431166,-0.1642962437093257,-0.4081971943378448,0.0847280621528625,0.1060845926403999
1774470215522622000,118.3026220703125,0.3480200953356921,0.1894581940272822,-0.1097048218220472,0.0345279648900032,0.0313217639923095,-0.0751246809959411,0.276252059328556,-0.1356353818923235,-0.2718745748966932,-0.0462747253477573,0.1701467335224151,0.146523505449295,0.3414887938708066,-0.4977675161454826,-0.1450859318047762,-0.4065169990062713,0.1362141668796539,0.0901951044797897
1774470215532648000,118.31264794921876,0.2908212674289941,0.2132260596383363,-0.0557657263636589,0.0273728463798761,0.0375660769641399,-0.0929697304964065,0.1627080977350473,-0.1676630897939205,-0.2559545367091894,-0.0293773859739303,0.184142455458641,0.1525176614522934,0.2510959907621145,-0.3681348817992955,-0.0476081388711929,-0.4087498486042022,0.1632819771766662,0.0660260319709777
1774470215542674700,118.3226748046875,0.2120243556983768,0.1987033940933644,0.0042833764076232,0.011454070918262,0.0497614592313766,-0.1143054515123367,0.0551806199520826,-0.144845693308115,-0.1640355469465255,-0.0168554671108722,0.200678288936615,0.1623889356851577,0.2055143892824649,-0.345282852391526,0.0524503182053565,-0.4049817621707916,0.1671856343746185,0.0450278110802173
1774470215552701700,118.33270166015625,0.1564998907446861,0.1778637639539316,0.0400455946624279,0.0005761233041994,0.0609938725829124,-0.1316559463739395,-0.0045256607308983,-0.1414303319066762,-0.1613771413922309,-0.0117791211232543,0.2232453376054763,0.1731322556734085,0.1667524046897888,-0.4091621079102158,0.1501134045779704,-0.4020057618618011,0.1467297673225402,0.0307046938687562
1774470215562727700,118.34272778320312,0.1270218673259019,0.1663158581697382,0.036391748329997,-0.0131004657596349,0.0744452178478241,-0.1463843882083892,-0.0133615858763456,-0.1382499483048915,-0.1789618979215622,-0.0045712757855653,0.2490883916616439,0.1911416202783584,0.2032172182559967,-0.5057732010118663,0.2080325095832347,-0.403619110584259,0.1249797269701957,0.0213561989367008
1774470215572755000,118.3527548828125,0.0972054057329893,0.1175225646345876,0.0483440519303083,-0.0185684692114591,0.0868110731244087,-0.1456453502178192,-0.0610287614583969,-0.0983697733372449,-0.1269756900966167,0.0022702335845679,0.2710653245449066,0.2179670184850692,0.2580360191583633,-0.5209361372217536,0.2494347795516252,-0.4187062680721283,0.1164961084723472,0.0058794282376766
1774470215582781700,118.36278173828126,0.08696516674757,0.0786310719107277,0.0459749847114086,-0.0229386799037456,0.0871241316199302,-0.1428863406181335,-0.0870157278910279,-0.0005254851788282,-0.0642687662929296,0.0121529586613178,0.2842887341976166,0.2464458048343658,0.2747761415570974,-0.4700198236506432,0.2564151399582624,-0.4339797794818878,0.1022979989647865,0.0027757801581174
1774470215592808700,118.37280859375,-0.0061760582864284,0.0382091661656391,0.0202080907702446,-0.0185170322656631,0.0794555619359016,-0.1422801911830902,-0.1142433420345187,0.1011848307579755,-0.0072369655162096,0.017627827823162,0.2933605015277862,0.2714489102363586,0.1760907263994217,-0.4016031438980251,0.2284340770989656,-0.4346036612987518,0.0770984962582588,0.00374740594998
1774470215602834700,118.38283471679688,-0.1209985153831541,0.0120554054984706,0.0176554836779832,-0.0219043474644422,0.0654070153832435,-0.1470466256141662,-0.118992874649167,0.1782435205191373,0.0628717589765787,0.0336549989879131,0.293418824672699,0.2884041965007782,0.1173275717854499,-0.3716594026636332,0.1592348686665296,-0.4297638833522796,0.0522410906851291,-0.0002159103751182
1774470215612862000,118.39286206054688,-0.1645582556463778,-0.0186275458638207,0.0604933394074439,-0.012741208076477,0.0524565912783145,-0.1578295230865478,-0.1253138943642378,0.1765373011231422,0.1299357089459896,0.0589397959411144,0.2940145432949066,0.2964097261428833,0.1106616841554641,-0.3358811100568622,0.0750742379456758,-0.4243326187133789,0.044822659343481,0.0027457249816507
1774470215622888000,118.40288793945312,-0.192477797576785,-0.0364645783874788,0.0613514175415039,-0.0164991952478885,0.0408915504813194,-0.1683343648910522,-0.0822965904146432,0.1007815106540918,0.1792798778295516,0.0961348265409469,0.302915871143341,0.290008544921875,0.0463309585422277,-0.2064459710441529,0.0153624043047428,-0.4222990274429321,0.0454415790736675,0.0081759104505181
1774470215632914700,118.41291479492187,-0.1815279490172862,-0.0017874702219502,0.0964864438086748,-0.018840380012989,0.0343516245484352,-0.179746001958847,-0.0263674901828169,-0.022001403927803,0.19569500605762,0.1353683471679687,0.3145805895328522,0.2749820351600647,0.0160825352728366,-0.1335706313822418,-0.0712584790498018,-0.4309076964855194,0.0652426928281784,0.0179898962378501
1774470215642941700,118.42294165039064,-0.1646750138938426,-0.0044947712606459,0.1414852769643068,-0.0202379543334245,0.0423631779849529,-0.2005795985460281,-0.0237529237702488,-0.1032739119917154,0.1486310570657253,0.160170093178749,0.3116239607334137,0.2579561769962311,-0.0383791227549314,-0.143405687100254,-0.0980477017760276,-0.4434775412082672,0.0834989324212074,0.0380328446626663
1774470215652967700,118.4329677734375,-0.1532715763479471,-0.0145223995418462,0.2055950533032417,-0.021507216617465,0.0374589674174785,-0.2203106880187988,-0.0266956992238759,-0.0911257935583591,0.0702127693891525,0.1761497259140014,0.3025216460227966,0.2424400299787521,-0.0579553453624248,-0.1767971941683441,-0.1153442890137434,-0.445307046175003,0.0722593516111373,0.0627665072679519
1774470215662995000,118.44299487304689,-0.1939930244453251,-0.0060404172419803,0.2194330245196819,-0.0234372168779373,0.0389488227665424,-0.2428759336471557,0.0008846738800406,-0.1001157402217388,-0.0472083258986473,0.1777422875165939,0.290013313293457,0.2293982654809951,0.0485848749488592,-0.2257709953695535,-0.1517968276202678,-0.4187479019165039,0.0404649339616298,0.0785151124000549
1774470215673021700,118.45302172851562,-0.2341530392676591,-0.0378377299042069,0.2323527118474244,-0.0198739077895879,0.04004418104887,-0.2709733247756958,-0.0128045365154743,-0.0603641600698232,-0.1245826574802398,0.1674146503210067,0.2757031917572021,0.2252079397439956,0.2216378410875797,-0.2605279455719516,-0.1925479402035474,-0.4015125632286072,0.038245391100645,0.0713326036930084
1774470215683047700,118.46304760742188,-0.2238749524898827,-0.0255369348099222,0.2371884614408016,-0.0176777932792902,0.0411507077515125,-0.2861558794975281,-0.0453410707220435,0.005803717842698,-0.1908288613259792,0.1456462442874908,0.2613053619861603,0.2205609828233719,0.2388987724900245,-0.2645129600875079,-0.2615980955541134,-0.3934487998485565,0.0557197220623493,0.073274053633213
1774470215693074700,118.47307470703124,-0.2032476133942604,0.0202461942909285,0.2004723034620285,-0.0149203548207879,0.0335359312593936,-0.2954463064670563,-0.0345300461113452,0.0063940849512815,-0.2560024675041437,0.1269923597574234,0.249875009059906,0.2155828028917312,0.0452647906154394,-0.1991874512832611,-0.3245645470768213,-0.3794634044170379,0.0765355825424194,0.0828663930296897
1774470215703102000,118.48310205078126,-0.1893570352077484,0.0889649987952783,0.1553565659284591,-0.0142970653250813,0.0289426371455192,-0.2891022264957428,-0.0519634114712476,-0.0595037438482046,-0.2593342422753572,0.1186276227235794,0.2396199703216552,0.2066199332475662,0.0037953006297349,-0.1054584164239466,-0.329535321226716,-0.3721604943275451,0.0983908101916313,0.0802439823746681
1774470215713128000,118.4931279296875,-0.1953017689563334,0.1493163359161466,0.1262742638289928,-0.0081518208608031,0.0121008064597845,-0.2797574698925018,-0.0649088177621364,-0.1224012217879295,-0.1645282988995313,0.1235536336898803,0.2362341880798339,0.1955859810113906,0.0487532172530889,-0.0034994594883173,-0.2647714648932218,-0.3640424311161041,0.1204022243618965,0.0617087744176387
1774470215723154700,118.50315478515626,-0.2137086555235087,0.2097145626523532,0.0983878935158252,-0.002671145601198,-0.0074916626326739,-0.2707638740539551,-0.102784082648158,-0.1045002389162778,-0.0489975474029779,0.1303279101848602,0.2296369969844818,0.1879842579364776,-0.0159732296794652,0.0447945062225684,-0.2012660841882228,-0.360392302274704,0.1087668761610984,0.0381403304636478
1774470215733181700,118.513181640625,-0.2367253739736974,0.2618477959988639,0.113935006737709,0.0022170862648636,-0.0241414792835712,-0.255043476819992,-0.0996159740060567,-0.0975683938264846,-0.0187900406658649,0.1307485252618789,0.223036453127861,0.1746169477701187,-0.1081494090735912,0.0264005522022023,-0.1763198589801788,-0.3604756593704223,0.0809320509433746,0.0325463637709617
1774470215743207700,118.52320776367188,-0.2150602162629366,0.301591960029304,0.1102495962232351,0.0037557128816843,-0.0338766314089298,-0.2481776624917984,-0.0824216780990362,-0.0736883365452289,-0.0530669887989759,0.1286094784736633,0.2066497653722763,0.1629411280155182,-0.0549620087653398,-0.0254325474202632,-0.0648603024452924,-0.3554694652557373,0.0561601258814334,0.0201831720769405
1774470215753235000,118.53323486328124,-0.1539184959493577,0.3423618138456717,0.1243552784651517,0.000741546973586,-0.0397350527346134,-0.237833946943283,-0.0726753601104021,-0.052453240814805,-0.0141389999896287,0.1256186366081237,0.1923315674066543,0.1569227129220962,0.1340671096622943,-0.0457007526136003,0.1074573351562023,-0.3464791476726532,0.0249232426285743,0.0038974583148956
1774470215763261400,118.54326147460938,-0.0819306797116994,0.343190556287393,0.1334106915801763,0.0005192115786485,-0.0354094356298446,-0.2299396246671676,-0.0591957008123397,-0.0275076001286506,-0.0076660045832395,0.1206675469875335,0.1784879118204116,0.1530872285366058,0.1975415107071399,-0.0351003568125888,0.1776291880130767,-0.3448876440525055,-0.0231438837945461,0.0021964972838759
1774470215773287400,118.55328735351564,-0.0097492405980825,0.3040778220282867,0.1216495266377925,-0.0076060928404331,-0.0243887435644865,-0.2299531996250152,-0.0131461895599961,-0.0028512977778911,-0.0537426961034536,0.1108129024505615,0.1668960452079773,0.1460755616426468,0.1848942105799913,0.0262932741691358,0.1325058516949415,-0.3559163212776184,-0.0624960996210575,0.0027906191535294
1774470215783314400,118.563314453125,0.0245336988843977,0.2576364253815263,0.1111100124448537,-0.0152548849582672,-0.0226039104163646,-0.2230754196643829,0.0178568514689803,0.0251841256171464,-0.1043926868885755,0.0961980074644088,0.1495173126459121,0.1323560327291488,0.2374608486413955,-0.0045847887733019,0.0925929435014724,-0.3630498647689819,-0.0654431581497192,0.0010281391441822
1774470215793341400,118.57334155273438,0.0350178296282887,0.2299548934580758,0.083787121233344,-0.0203857310116291,-0.0198291633278131,-0.2179640233516693,0.0383428823977708,0.0566255580633878,-0.116008890402317,0.0826027318835258,0.1280142366886139,0.1148698329925537,0.2785679350554942,-0.0472054946207441,0.0391401702553033,-0.3559143245220184,-0.0539638213813304,-0.0020912894979119
1774470215803367400,118.58336743164062,0.0243665256239473,0.206741264196299,0.0471159714400768,-0.0293168276548385,-0.0148912034928798,-0.2054229080677032,0.0717974082320928,0.0421025271922349,-0.1221025311022996,0.0768865272402763,0.1033893153071403,0.0954806953668594,0.2139244902312755,0.000396853830479,-0.0327010771185159,-0.3361406326293945,-0.0364090614020824,-0.0055984063073992
1774470215813394400,118.59339453125,0.0095804599024355,0.1912897751023061,0.0403396091729402,-0.036265280097723,-0.0131225995719432,-0.1967362165451049,0.0953442880362272,0.0469376922637224,-0.062597033688426,0.0788732841610908,0.081312172114849,0.0752405747771263,0.0973000982791185,0.0636517851720564,-0.1500643047392368,-0.3200898468494415,-0.0107898097485303,-0.0172321777790784
1774470215823421400,118.60342138671876,-0.0068079264491796,0.2001948564938269,0.005302198061347,-0.0424815602600574,-0.0158523581922054,-0.1844737827777862,0.0866717367589473,0.0717623369187116,-0.0352834948271513,0.0831734836101532,0.0655417293310165,0.0555030889809131,0.0618184505313634,0.0923801318678539,-0.2499105803698301,-0.3210539221763611,0.0312716253101825,-0.0349296815693378
1774470215833447400,118.61344750976562,-0.0373322440505027,0.203215245494619,-0.0508913983255624,-0.0415390655398368,-0.0216519236564636,-0.1784997880458831,0.08575286834836,0.042816812941432,-0.0580535450398921,0.0893156602978706,0.0545068979263305,0.0360126756131649,-0.0295651171803474,0.051384492771863,-0.2575730778217315,-0.3290503025054931,0.0689919143915176,-0.0478756390511989
1774470215843474400,118.62347436523436,-0.0599302986972033,0.2140027065666392,-0.0958101519823074,-0.037541463971138,-0.0252802241593599,-0.1726557463407516,0.0598024345338344,0.0018441665619611,-0.0713666155993938,0.0918493866920471,0.0464044958353042,0.020788449794054,-0.0967804583191871,0.0110104379066266,-0.1808726999789476,-0.3289416432380676,0.0808232724666595,-0.0647915080189704
1774470215853501400,118.63350146484376,-0.0827460877478122,0.22995982536152,-0.1180003564804792,-0.0334617681801319,-0.0199552327394485,-0.1724986135959625,0.0176318105414509,-0.0030149639070034,-0.0726350281000137,0.0878456383943557,0.0462320782244205,0.0087972190231084,-0.1075830073624849,-0.0208360864754766,-0.0433253469854593,-0.3120218217372894,0.060470525175333,-0.0829435437917709
1774470215863527400,118.64352734375,-0.0649812984764575,0.2426360593222081,-0.1045902552872896,-0.024411704391241,-0.0089506655931472,-0.1657595783472061,-0.0190139125496149,0.0392255104511976,-0.1107949551463127,0.0717478916049003,0.0457292720675468,0.0024306662380695,-0.0734440063953399,-0.0401611610332271,0.0549509028494358,-0.2959043681621551,0.0304380524903535,-0.0925799310207367
1774470215873554400,118.65355444335935,-0.0615774813823401,0.2537923719729297,-0.0797206024467945,-0.0138802342116832,0.0058107036165893,-0.1606974303722381,-0.0320598566055297,0.1032692358165979,-0.1518096871018409,0.0487609729170799,0.0463033951818943,-0.0025874355342239,0.0281026434123516,-0.0493812038251664,0.1322422323226928,-0.2778195738792419,0.0002088253386318,-0.0905358046293258
1774470215883581400,118.66358154296876,-0.022549685460329,0.2686159932258539,-0.0237362648963928,-0.0122098587453365,0.0137065257877111,-0.1487570703029632,-0.0265232652664184,0.1488444075554609,-0.2205073757529258,0.0285347960889339,0.0489018410444259,0.0039522228762507,0.2041553758889436,-0.0138032195634674,0.1885018796831369,-0.2406370639801025,-0.0339374281466007,-0.0905328765511512
1774470215893607400,118.673607421875,-0.0010924714118242,0.2517402434824034,0.0176584062874317,-0.0085826329886913,0.0268540196120739,-0.1411923468112945,-0.0318763167321681,0.1125935290008783,-0.2723363471895456,0.0116093065589666,0.0526007302105426,0.0160574615001678,0.4262801237106323,0.087237416950846,0.1565992594659328,-0.2105887681245803,-0.0431968793272972,-0.1023117527365684
1774470215903634400,118.68363452148438,-0.0290127439945936,0.1927462027220055,0.0648556262701749,-0.0104532781988382,0.0318210013210773,-0.1372392475605011,-0.0004985971719026,0.0851595786303281,-0.224347100046277,-0.0001767794601619,0.0555443242192268,0.0286864377558231,0.4879688103824853,0.108415357400244,-0.0369236632496118,-0.20691679418087,0.0089717824012041,-0.1229581832885742
1774470215913661400,118.69366137695312,-0.0794711577303707,0.1427865688212216,0.0897971753031015,-0.0109776547178626,0.025101576000452,-0.1345606446266174,0.0083545713692903,0.0981073230087757,-0.1889408556222915,-0.015347696840763,0.0589474663138389,0.0368633270263671,0.3186240511119365,0.0338677645440213,-0.2087514715075492,-0.2204280942678451,0.1116768643260002,-0.1191357150673866
1774470215923687400,118.7036875,-0.1441565420001745,0.1083459362926893,0.1068184527307748,-0.013125417754054,0.0160276088863611,-0.1350423097610473,-0.0183954883903265,0.0848000976681709,-0.2176514017999172,-0.0455162525177001,0.0531353801488876,0.0362798273563385,0.0688251144230365,0.0129195959961973,-0.2611877611875534,-0.2234718203544616,0.20440174639225,-0.1075216680765152
1774470215933714400,118.71371435546877,-0.1810188304513692,0.0852159667263738,0.1163666177988052,-0.0149960219860076,0.0053320876322686,-0.1392096281051635,-0.0526250902503728,0.0766413411319255,-0.2442787119626998,-0.0774211287498474,0.0361766666173934,0.0273890830576419,0.0310936419218778,0.1022815947524271,-0.2065185978889465,-0.2101017981767654,0.2360216528177261,-0.1037309169769287
1774470215943741400,118.72374145507813,-0.2312748534828424,0.0953689658197574,0.1272048226773738,-0.0210391897708177,0.0059965006075799,-0.1399307250976562,-0.0355476987212896,0.0443359853327274,-0.2407154665231704,-0.0985442623496055,0.0246473103761672,0.0157569274306297,0.1817377923756837,0.2255228292947635,-0.1359931092888116,-0.1785111129283905,0.2204256355762481,-0.1052734181284904
1774470215953767400,118.73376733398436,-0.2281885779052972,0.0966714815193787,0.1562877092987299,-0.0193142611533403,0.0048438846133649,-0.1397909075021743,-0.0437131772592663,-0.0242681798160076,-0.142253338727355,-0.1044126600027084,0.014947310090065,0.0025053736753761,0.3344131563961505,0.3030216092399321,-0.0759270553827285,-0.1514939814805984,0.1870009750127792,-0.121994711458683
1774470215963794400,118.74379443359376,-0.25056349132061,0.1099706331513822,0.1553226636588573,-0.0187301598489284,-0.0001545608974993,-0.1405748724937439,-0.0451104768365621,-0.080540102136135,-0.0455646503448486,-0.1038856208324432,0.0125089203938841,-0.0086255744099617,0.3960007207810878,0.2781927998664789,-0.0560071339040994,-0.1447207629680633,0.1657622754573822,-0.1450656801462173
1774470215973821400,118.75382153320312,-0.2726069808244705,0.1146436847300268,0.1621142234951257,-0.017138123512268,-0.0068928906694054,-0.1400515586137771,-0.0110848731160163,-0.0920452464908361,0.0197644386559724,-0.1003730073571205,0.011851199902594,-0.0242321025580167,0.3090595194309949,0.1246127420912496,-0.0544470449805259,-0.1309191882610321,0.1635166704654693,-0.1406600326299667
1774470215983847400,118.76384741210936,-0.2766279069036245,0.1204596227334812,0.1717436371058225,-0.0102544967085123,-0.0194908026605844,-0.1383458971977234,0.0155339614793658,-0.1007727428257465,0.0109942722231149,-0.0993610024452209,0.0092442315071821,-0.0369588211178779,0.1447550924152136,0.0149873969798907,0.0219236625164747,-0.1095153540372848,0.1623715162277221,-0.1232046112418174
1774470215993874400,118.77387451171874,-0.2679629544109106,0.1282496920878067,0.1487345174401998,-0.0009850985370576,-0.0205957479774951,-0.1330174505710601,-0.0215539524212479,-0.0522550878942012,-0.0025672201395034,-0.1033539846539497,-0.0020937854424118,-0.0495016574859619,0.183074593937397,0.005391958704032,0.0703729283869266,-0.0852454453706741,0.1621124148368835,-0.118977352976799
1774470216003901400,118.7839013671875,-0.2169283482223749,0.1270626742603257,0.120059627097845,0.0039871893823146,-0.0202814303338527,-0.132817342877388,-0.0693400782078504,0.0176274266272783,-0.0535270075261592,-0.1135701313614845,-0.0168817862868309,-0.0547725856304168,0.3102700642645359,0.0289770881593227,0.0032861820638179,-0.0720191225409507,0.1612516790628433,-0.1128824427723884
1774470216013927400,118.79392749023438,-0.1746042872339487,0.1549698498995043,0.1028302598774433,0.0053645763546228,-0.0139124803245067,-0.1280694454908371,-0.0946183118492364,0.0708610041648149,-0.0678629913926124,-0.1241378933191299,-0.0277964230626821,-0.0566325150430202,0.3168564569175243,0.0894246887288987,-0.133655606251955,-0.0639946609735488,0.175917312502861,-0.1077075228095054
1774470216023954400,118.80395434570312,-0.1788759732037782,0.1593965255016461,0.0973538742929697,0.0033593161497265,-0.0122744347900152,-0.1278676986694336,-0.1070443704411387,0.07659574842453,-0.0819990687727928,-0.1298807263374328,-0.0359326489269733,-0.0558897592127323,0.2855728453814983,0.1106947827074676,-0.2660264333903789,-0.0572526082396507,0.2246877700090408,-0.1025103628635406
1774470216033981400,118.8139814453125,-0.2001671830356121,0.1625065472809597,0.090525489577651,-0.0025286667514592,-0.012128759175539,-0.1225413680076599,-0.1346072078883647,0.039198622444272,-0.0693470924705266,-0.1288000047206878,-0.0394028797745704,-0.0526486560702323,0.1922200234234333,0.0634829862101003,-0.3465887473583221,-0.0561706535518169,0.2790661752223968,-0.0910280123353004
1774470216044007400,118.82400732421875,-0.2043802706860005,0.1491207585451193,0.0719528910547494,-0.0050067766569554,-0.0219948161393404,-0.1206613555550575,-0.1565519131928682,0.006361351725459,-0.043952538973093,-0.1283376812934875,-0.0330275371670722,-0.049056053161621,0.1113397295475006,0.0341550753191113,-0.3315302944362163,-0.0474807582795619,0.3084272742271423,-0.0811370313167572
1774470216054034400,118.83403442382811,-0.2338442655794322,0.1266242189109791,0.0668739803552627,-0.0060302293859422,-0.0308772586286067,-0.1217535138130188,-0.2025324508622288,-0.059741644257307,-0.0302776493638753,-0.1229929402470588,-0.0219853799790143,-0.0452044047415256,0.0603144757091999,0.0447255326395854,-0.2616197228640318,-0.0421760529279708,0.3090485334396362,-0.0776831060647964
1774470216064061400,118.8440615234375,-0.2476115096472203,0.090314422376547,0.0606260258764028,-0.0060472404584288,-0.0284815691411495,-0.1231654658913612,-0.2195487598538398,-0.0898264013975858,0.0227747263878583,-0.1182088330388069,-0.0069289333187043,-0.0388205423951149,0.0692623367965221,0.0684599343724548,-0.1820622020244598,-0.0365240201354026,0.2843205332756042,-0.0754077062010765
1774470216074087400,118.85408740234377,-0.2579119543872774,0.0653956103318138,0.0489595534801483,-0.0068674944341182,-0.026887934654951,-0.1280488967895507,-0.2523380997776985,-0.0858358704566955,0.0570189412951469,-0.1163445264101028,0.000846353766974,-0.0337590649724006,0.0869020383834838,0.1162536589436233,-0.0857704040050506,-0.028282456099987,0.2397215515375137,-0.0693690031766891
1774470216084114400,118.86411450195313,-0.2491201606445014,0.0540956194606609,0.042339258557558,-0.0052996473386883,-0.0213117618113756,-0.1225422546267509,-0.243157598978281,-0.0467120668143033,0.0372018956691026,-0.1155043020844459,0.0038192407228052,-0.0297558009624481,0.1259334875673055,0.1095748752994462,-0.0515302807509899,-0.0150763718411326,0.1916046291589737,-0.0565629303455352
1774470216094141400,118.87414135742188,-0.20363982758224,0.039766841653129,0.0427665440589189,-0.0053758136928081,-0.0112727098166942,-0.1173706576228141,-0.2322755549579858,-0.025093524724245,-0.0011760580420494,-0.1123782023787498,0.0045872922055423,-0.0244265105575323,0.1918260556697845,0.0542758165994659,-0.0273006793797016,-0.0018500555306673,0.1535712331533432,-0.0439315289258956
1774470216104167400,118.88416748046876,-0.1762934093646705,0.0298592093226732,0.0610240852832794,-0.0032934497576206,-0.007232317700982,-0.1078949570655822,-0.2000298203915357,-0.0193681328147649,-0.0096738372743129,-0.0947632566094398,0.0083964113146066,-0.0194642432034015,0.24097733232975,0.0079491689061746,-0.0358487274944782,0.0038195480592548,0.128257617354393,-0.0315843150019645
1774470216114194400,118.8941943359375,-0.1689734417401254,0.0198748995933914,0.0824661017626523,-0.0029568260069936,-0.0012780227698385,-0.1033702418208122,-0.1620323904305696,-0.0616360797017812,0.0693979458749294,-0.0703204572200775,0.0180558878928422,-0.0145510723814368,0.183742117935419,0.0061146834880113,-0.0641103608608245,-0.0058799060061573,0.1077191233634948,-0.0219490639865398
1774470216124221400,118.90422143554687,-0.1655101495437324,0.0342103491703048,0.0878133080095052,-0.0026791710406541,0.0045262440107762,-0.1013015806674957,-0.1215074878185987,-0.0843026695400476,0.1385229200273752,-0.0471440255641937,0.0297650080174207,-0.0120988339185714,0.0727726830050349,0.0423315867077559,-0.1128051259249448,-0.023573150858283,0.0929348543286323,-0.0136988563463091
1774470216134247400,118.91424731445312,-0.1388584355920553,0.0719608460323419,0.1055044475227594,-0.0046307351440191,0.0088416300714015,-0.0928029045462608,-0.0773527042716741,-0.0628887101113796,0.1555477045863866,-0.0414767786860466,0.0268753692507743,-0.0151442410424351,-0.005714285993576,-0.0093961893767118,-0.1192769522875547,-0.0324559956789016,0.0887228623032569,-0.0019759265705943
1774470216144274400,118.9242744140625,-0.0915980872452259,0.120834538726788,0.1135755257755517,-0.0045038117095828,0.0081797139719128,-0.0876716971397399,-0.0382300696730613,-0.0485842904269695,0.0753700060218572,-0.051924891769886,0.0148541256785392,-0.0221217218786478,-0.0623889438956975,-0.0648009734734892,-0.0546785156488418,-0.0278425998985767,0.0786798149347305,0.0106160314753651
1774470216154301400,118.93430151367188,-0.0962291080467402,0.1523993418243713,0.1307949561238288,-0.0032222988083958,0.005812962539494,-0.079783409833908,-0.0216074361741542,-0.05742343044281,-0.0460211619406938,-0.0700376778841018,-0.00313335750252,-0.0304279811680316,0.0045230303823947,-0.1128447272829711,-0.007806874358654,-0.0118547528982162,0.0601488687098026,0.0148154087364673
1774470216164327400,118.94432739257812,-0.1465844997994601,0.1513486271950416,0.1455903741955757,-0.0026328673120588,0.0004637190140783,-0.0710424706339836,-0.0270084184348583,-0.0563052400678396,-0.1160205808401107,-0.0872896388173103,-0.0139125017449259,-0.0331388115882873,0.1338406074300408,-0.1132876487448811,-0.0472258615553379,-0.0076432302594184,0.0462783277034759,0.0128768933936953
1774470216174354400,118.9543544921875,-0.182088943900913,0.1242310036315117,0.1359147833555936,0.0004161857068538,-0.0061667528934776,-0.0651710033416748,-0.0392860084667801,-0.0572685321420431,-0.1262649114787578,-0.1009173542261123,-0.0169732589274644,-0.0331259965896606,0.1201300619855523,-0.0558038298843428,-0.0946779330819845,-0.0084547959268093,0.0456539653241634,0.0139745716005563
1774470216184381400,118.96438134765626,-0.1898791593857109,0.0956575552364811,0.1182306581050157,0.0009873567614704,-0.0098623754456639,-0.0573363378643989,-0.0614022709459066,-0.008071662774682,-0.0958820481747388,-0.1051097065210342,-0.0123185850679874,-0.0326673984527587,0.0245429051041603,0.031932065507397,-0.0845464151680469,-0.0016725236782804,0.043417178094387,0.0136430077254772
1774470216194407400,118.97440747070311,-0.1718798307061195,0.0635577228135895,0.1015828901648521,0.0079533876851201,-0.0034846365451812,-0.0581102594733238,-0.0838502495974302,0.0248684837967157,-0.0046411038041114,-0.1011777594685554,-0.0080351298674941,-0.0338490903377532,-0.0012982231169939,0.1043412854949012,-0.0615244360208511,0.0069807777181267,0.0337636470794677,-0.0011847210116684
1774470216204434400,118.98443432617188,-0.1758371900297701,0.0517399734123377,0.0796340932071208,0.0134329516440629,-0.0020994045771658,-0.0597122535109519,-0.1264350073486566,0.0179500827103853,0.0442021298199892,-0.0893293544650077,-0.0071650748141109,-0.0347010344266891,0.0569686724126338,0.1009515334587544,-0.0944242505818605,0.0116674089804291,0.0268548745661973,-0.0080199902877211
1774470216214461400,118.99446142578124,-0.1990652131430804,0.0418789841020479,0.0709434217512607,0.0139192435890436,0.0007704179733991,-0.0590531155467033,-0.1353892981767654,-0.0126677583932876,0.0360293447583913,-0.0758480578660965,-6.09515118412e-05,-0.0392016284167766,0.0577905101895332,0.0341726840410381,-0.1010620811611413,0.0243743062019348,0.0216309800744056,-0.0058008255437016
1774470216224487400,119.0044873046875,-0.2016429546765983,0.0563631899333093,0.0755430245012044,0.0152541417628526,0.0009893346577882,-0.0558931678533554,-0.1518593714624643,-0.0458031352758407,0.0359375748217105,-0.0600930675864219,0.008627344854176,-0.0435545668005943,0.0643847938880324,-0.029879663022235,-0.0287543853193521,0.0372927710413932,0.0143299251794815,-0.0076783541589975
1774470216234514400,119.01451440429688,-0.1949712218277156,0.0610745002962648,0.0659305620253086,0.0166352558881044,0.0037803275045007,-0.0505492687225341,-0.1710018788278103,-0.0368435837507247,0.0388327117413282,-0.048986405134201,0.0147727848961949,-0.0384284518659114,0.1251677638918161,-0.0815500828962773,-0.0163619367361068,0.0369868725538253,0.0110423704609274,-0.0127502679824829
1774470216244541400,119.02454150390624,-0.1785194148510694,0.0350460419426206,0.0458311923265457,0.0196953043341636,0.0003733276389539,-0.0397489145398139,-0.1543546954095363,-0.0158586633890867,0.0808808783978223,-0.0406720153987407,0.0141381537541747,-0.0332288965582847,0.1352747318863868,-0.1104126778304576,-0.0513432337462902,0.023304883390665,0.0147329783067107,-0.0081800185143947
1774470216254567400,119.0345673828125,-0.1514542977929115,0.0010662227257154,0.0424929878145456,0.0238069556653499,0.002517705084756,-0.0396945849061012,-0.1493424202054739,0.0175344876468181,0.0827946030646562,-0.0420265942811965,0.006011254619807,-0.0247604269534349,0.074913494426012,-0.087606679521501,-0.0274848037749528,0.0143551789224147,0.0142529010772705,-0.0042973761446774
1774470216264594400,119.04459448242189,-0.1453181331254542,-0.0276233719954267,0.0418143579006195,0.026066530495882,0.0028817250858992,-0.035407617688179,-0.1569119786769151,0.0312473711788654,0.075294018176198,-0.0463169515132904,-0.0082861920818686,-0.016054818406701,0.0309282222270965,-0.0482353308588266,-0.0045306291669607,0.0147213637828826,0.0036841458640992,-0.0081504378467798
1774470216274621400,119.05462133789062,-0.1184796644300222,-0.0255401177142746,0.0436965183854103,0.0233418513089418,0.0003815493546426,-0.0331276841461658,-0.1645063793286681,0.0563221912026405,0.0685223320841789,-0.0504868775606155,-0.0248799733817577,-0.0103842206299304,-0.0014800094246864,-0.0225915518406778,-0.0001034603744745,0.0149958273395895,-0.015526670962572,-0.0031008650548756
1774470216284647400,119.0646474609375,-0.0655978229396045,-0.006880845554918,0.0560790300965309,0.0232617706060409,0.0010227635502815,-0.0297675635665655,-0.1842144116222858,0.0753641608029603,0.0120668698906898,-0.0590132549405097,-0.0423029065132141,-0.0078851096332073,-0.0364355874717235,0.038639600322023,-0.0155137954741716,0.0222548060119152,-0.0307298582047224,-0.0030009965412318
1774470216294674400,119.07467431640625,-0.0298708221286535,0.0172891711162403,0.0580021071135997,0.0216891728341579,-0.001231069676578,-0.0290818009525537,-0.2131698724716901,0.0524473955959081,-0.0703963092625141,-0.0680422857403755,-0.0542852357029914,-0.0126097556203603,0.0053998132169246,0.1094066425930708,-0.0275952784121036,0.0332840718328952,-0.0445934161543846,-0.0126140359789133
1774470216304701400,119.08470141601562,0.0060464405573904,0.0502277285187505,0.0569791938066482,0.0230018869042396,-0.0060371947474777,-0.0266385227441787,-0.1843552813977003,-0.0171732531189918,-0.0798234782993793,-0.0727696642279625,-0.0588150061666965,-0.0217241588979959,0.0107636783376336,0.1769699569193646,-0.1020481695890426,0.034083817154169,-0.0406261049211025,-0.0242121033370494
1774470216314727400,119.0947275390625,0.0321903511174023,0.0869276751482393,0.063497781920433,0.0191506892442703,-0.0054244012571871,-0.0278981961309909,-0.1566308236479759,-0.0788829825788736,-0.0327431626945734,-0.0705525800585746,-0.0569105818867683,-0.0365558378398418,-0.0204997671931982,0.2078038884591311,-0.2082201411098241,0.0178927145898342,-0.0113173946738243,-0.0395401753485202
1774470216324754400,119.10475439453126,0.0492385165520012,0.1258774921969045,0.047268531653285,0.0172695387154817,-0.0091918259859085,-0.0264340080320835,-0.11616174287647,-0.1117068092942237,0.0008142389923334,-0.0710495263338089,-0.0555435791611671,-0.0472881086170673,-0.1311404085606336,0.1887057682247832,-0.2337953118711709,0.0072400690987706,0.0326796248555183,-0.0508998893201351
1774470216334781400,119.11478149414064,0.0695282942563295,0.1631588554435409,0.002916764229536,0.0179960485547781,-0.0077510545961558,-0.0256435833871364,-0.1115285301178693,-0.137960025447607,-0.0163666129112243,-0.0740935653448104,-0.0553226508200168,-0.0507354997098445,-0.1961006642490625,0.1641240289475768,-0.1904682113200426,0.0037782762665301,0.0589040964841842,-0.0550803504884243
1774470216344807400,119.12480737304688,0.0957699661023914,0.1556721712162718,-0.0435766913980245,0.0190297756344079,-0.0046720020473003,-0.0202819220721721,-0.1359042619615793,-0.1409153681218624,-0.048745618468523,-0.0791839286684989,-0.060232188552618,-0.0416365414857864,-0.1480769303143024,0.0750807772843167,-0.1334077689707279,-0.004769139457494,0.0701154693961143,-0.0605044104158878
1774470216354834400,119.13483447265624,0.1123201188869774,0.1255083300909493,-0.0596300005763769,0.0243180152028799,0.0033473090734332,-0.0182834863662719,-0.1547597690790891,-0.1117079783380031,-0.0998614731997251,-0.0876918286085128,-0.0658119022846221,-0.0275770332664251,-0.0420499202221631,-0.0205746590603142,-0.0653442865699529,-0.0111052310094237,0.0683839991688728,-0.0685734450817108
1774470216364861400,119.144861328125,0.1166175238199532,0.0815590059882495,-0.0838771376043558,0.0282809138298034,0.0125784212723374,-0.0167931802570819,-0.1426110661238432,-0.0428536378204822,-0.112439215222001,-0.0973178297281265,-0.0724524930119514,-0.0123157892376184,0.0375882646381855,-0.041127983071655,0.0003290858238935,-0.0151678835973143,0.0486598312854766,-0.075739212334156
1774470216374887400,119.15488745117187,0.0650539253212511,0.0453222198911011,-0.0929600232481956,0.0284995604306459,0.012454317882657,-0.0116785783320665,-0.133830962818861,0.0174970782458782,-0.1189841068208217,-0.1055903881788253,-0.0803358778357505,0.0020072723273187,0.0729930477574467,-0.0376596859065815,0.0450526091694831,-0.0112699382007122,0.0169307235628366,-0.0817870497703552
1774470216384914400,119.16491455078123,0.0316128434903919,0.0072885404398199,-0.0884311476469039,0.0312030054628849,0.0149952545762062,-0.0091240927577018,-0.1298088676959276,0.0415478159189224,-0.1087830308020114,-0.1080357059836387,-0.0879930034279823,0.010359744541347,0.0820063752964139,0.0048356399955227,0.0540238511323928,-0.0005946567980572,-0.0161041915416717,-0.0888529494404792
1774470216394941700,119.17494165039062,0.027939561805129,-0.0142659417043905,-0.0869482156127691,0.032819278538227,0.0198986660689115,-0.009594140574336,-0.1002139398992061,0.0058610009878873,-0.0698059421539306,-0.1030146852135658,-0.0933639332652092,0.0104027381166815,0.135479606808722,0.0549330383991822,0.0338899946421384,0.0176159106194973,-0.0375278107821941,-0.0958823561668396
1774470216404967400,119.18496752929688,0.0268896143607795,-0.02400839636866,-0.0509925206124782,0.0283901002258062,0.0243634711951017,-0.0114995343610644,-0.0863712925076484,-0.0443207877635955,-0.0070522565990686,-0.096880629658699,-0.0896389707922935,0.0043802657164633,0.0936237478539347,0.0938122561633586,-0.0545838231027126,0.0226687267422676,-0.0521024912595748,-0.1075536534190177
1774470216414994400,119.19499438476562,0.0199621531851589,-0.0173229911874514,-0.0135550626218318,0.0247447658330202,0.0271954759955406,-0.0150492619723081,-0.0674099869281053,-0.0904682064324617,0.0633148265689611,-0.092849463224411,-0.0850793644785881,-0.0054257265292108,0.053885611705482,0.0639101621136069,-0.1653022058814764,0.0131475431844592,-0.0382203236222267,-0.118664912879467
1774470216425021400,119.205021484375,0.0197656076997518,-0.0091631021400447,0.0305389306485652,0.0230013485997915,0.028969582170248,-0.0177018530666828,-0.0675301061764359,-0.1351782857745885,0.1046235730350017,-0.0900848358869552,-0.08350171148777,-0.014796856790781,0.0001750643059611,0.0059249696021899,-0.2576864750683307,0.0042155673727393,-0.0057763629592955,-0.1201147362589836
1774470216435047400,119.21504736328124,0.015142770204693,-0.0096809337353799,0.059663318324089,0.0178300216794013,0.0314793437719345,-0.0180659070611,-0.0640977936401963,-0.1762590687036514,0.1099544126689434,-0.0903636068105697,-0.087510235607624,-0.0193666331470012,-0.0109375735998153,-0.0434962100403383,-0.2573077048838138,0.0053916359320282,0.0391649901866912,-0.1154231131076812
1774470216445074400,119.22507446289065,0.0192081199474632,-0.0043373898834921,0.0626999095410108,0.0161939263343811,0.0341837219893932,-0.0212411992251873,-0.0847042360782623,-0.1831032355099916,0.0962643254905939,-0.0870453119277954,-0.0889976099133491,-0.0178156085312366,0.0210454183772206,-0.079229348331131,-0.1705664100199937,0.011500128544867,0.07366544008255,-0.1067707687616348
1774470216455101400,119.23510131835936,0.0349405266083776,0.0202815669984091,0.0691273122400045,0.0157473143190145,0.0379891134798526,-0.0207554381340742,-0.1002212464228272,-0.1792412993848323,0.0680044456899166,-0.0815882831811904,-0.0863260328769683,-0.0116228898987174,0.0600666384279727,-0.0953571840504184,-0.0728185679733753,0.0102523565292358,0.0983023419976234,-0.1012833714485168
1774470216465127400,119.24512744140624,0.0377924089081585,0.0400512663513887,0.0597656096547841,0.0155293932184576,0.0400778427720069,-0.0209071431308984,-0.0938490810424089,-0.1425029295742511,0.0465577530354261,-0.0778278931975364,-0.0801746621727943,-0.0001816836884245,0.0988341759786009,-0.1310556528866291,-0.0297860664546489,-0.0100409304723143,0.1131156384944915,-0.0875787436962127
1774470216475154400,119.25515454101564,0.0364414326906204,0.0523772255696821,0.0478618213713169,0.0157589577138423,0.041145771741867,-0.015067895874381,-0.0679497928932309,-0.0526280128598213,0.0117693482488393,-0.0784332826733589,-0.0734002217650413,0.0108337542042136,0.1234977848529815,-0.1576188483046367,-0.0214800104022026,-0.0421411134302616,0.1170817986130714,-0.0753947496414184
1774470216485180400,119.26518041992188,0.02847849098742,0.0669922273069154,0.0484071802943944,0.015637207776308,0.0348015427589416,-0.0103424089029431,-0.0548164628148078,0.0356938291937112,-0.0402794034183025,-0.0824794173240661,-0.0678675025701522,0.0259631723165512,0.1117605853080749,-0.1600911201696842,0.03067921590209,-0.0488916933536529,0.1021691635251045,-0.063005194067955
1774470216495207400,119.27520751953124,0.0271755916953086,0.0703818606120534,0.056200026127696,0.0167450830340385,0.0298762936145067,-0.0036086058244109,-0.0503705893218517,0.0630634821563959,-0.0883095670938491,-0.0818428397178649,-0.0555191077291965,0.0361090935766696,0.1014531263053417,-0.11344598111175,0.1037532199412584,-0.0429312549531459,0.0710306614637374,-0.0535387769341468
1774470216505234400,119.285234375,0.0273731600940227,0.0616171923382207,0.0289332490175962,0.0164740178734064,0.0246325768530368,0.0004796385765075,-0.0181546653717756,0.0030821839243173,-0.1016407578319311,-0.0759111791849136,-0.0367203876376152,0.0425313040614128,0.1071010690644383,-0.0969437225895002,0.1370844116568565,-0.0371697731316089,0.0391518250107765,-0.05814790725708
1774470216515260400,119.29526049804689,0.0145990187168121,0.054747215237189,0.0110439565837383,0.0142111284658312,0.0187262184917926,0.0027017798274755,-0.0138081606000661,-0.1019528925210237,-0.0879752205729484,-0.0669339224696159,-0.0152121074497699,0.0482297353446483,0.0703010321944952,-0.1139087763179093,0.1306032329440117,-0.0329888947308063,0.0021062106825411,-0.0681024864315986
1774470216525287400,119.30528735351562,-0.0061000704407691,0.0407355405548121,0.0120616091936826,0.0148951383307576,0.0167068671435117,0.0045954482629895,-0.0171978030383586,-0.2093921074986457,-0.0501478864818811,-0.0567987225949764,0.0066766799427568,0.0513626784086227,0.0200315651595592,-0.1162557047702372,0.0877402427732944,-0.0345412492752075,-0.0220510568469762,-0.0777077078819274
1774470216535314400,119.315314453125,0.0062280807346105,0.0285589723451063,0.0264285727202892,0.0141076417639851,0.0169161930680274,0.0062261018902063,-0.0051321021914482,-0.2289431956648826,0.0138888246208429,-0.0540480576455593,0.0251637529581785,0.0523721054196357,-0.0127370242372155,-0.1481914235394447,0.0542284337937831,-0.0328883752226829,-0.0268646273761987,-0.0840095281600952
1774470216545341400,119.32534155273436,0.0079131112121045,0.0206734615259803,0.0388520009636878,0.0180729385465383,0.0162813570350408,0.0078245354816317,-0.0054939212411642,-0.1736585308164358,0.046369536986947,-0.0579338744282722,0.0327953062951564,0.0564347580075264,-0.0269376912862062,-0.2145671720489859,0.0849158330023288,-0.0252781249582767,-0.0260979030281305,-0.0861943811178207
1774470216555367400,119.33536743164062,0.001235533144325,0.0130628951907157,0.070099956664443,0.0141178769990801,0.0226423162966966,0.0068218559026718,-0.0533206712990999,-0.1048497830063104,0.0802186150968074,-0.0567534044384956,0.0295254215598106,0.0574535094201564,0.064083472853899,-0.2505031394354999,0.0524094016730785,-0.0083646466955542,-0.0284012798219919,-0.0838444381952285
1774470216565394400,119.34539453125,0.0085552085079252,0.0149696421274915,0.0918266353040933,0.0122719695791602,0.0224966295063495,0.0125362165272235,-0.082679452252388,-0.0574117400050163,0.0613788900703191,-0.0535597391426563,0.0243985708802938,0.0603350475430488,0.1935474726349115,-0.2631879220288247,-0.0262725053757429,0.0061370646581053,-0.0225769467651844,-0.0844926536083221
1774470216575420400,119.35542041015626,-0.0038987610042095,0.015955474827066,0.1185246726155281,0.0099877761676907,0.0234082303941249,0.014501629397273,-0.0943666751757264,-0.051005964615941,0.0971902081638574,-0.0428844057023525,0.0247914139181375,0.0577168501913547,0.2363788986235857,-0.2480142817618325,-0.1088823995232582,0.0142601113766431,0.0039725536480546,-0.0767175406217575
1774470216585447400,119.36544750976564,-0.0156371295928955,0.0349752691281959,0.1291039342969656,0.0045176432467997,0.0189317222684621,0.0173879638314247,-0.1189776770800352,-0.0538309589087963,0.1316694008708,-0.0286479461938142,0.035266425460577,0.0534877479076385,0.1853562751337885,-0.1926022276740521,-0.1408960788995027,0.0181539207696914,0.0435758903622627,-0.0609444379806518
1774470216595474400,119.37547436523438,-0.0240865396387875,0.050078894632589,0.1355798523128032,0.0048236404545605,0.0098897581920027,0.0234357360750436,-0.1092062246501445,-0.036468320697546,0.1451426304280758,-0.0207657981663942,0.0462089516222476,0.0448710545897483,0.1116734915465116,-0.1392461928006261,-0.1798141308367252,0.023965498432517,0.0866053476929664,-0.0391907580196857
1774470216605500400,119.38550048828124,-0.0560490733496844,0.0544139464285224,0.1097521680951118,0.0029004239477217,-0.0002648388035595,0.0226649343967437,-0.0850397516429424,-0.0382914444714784,0.1178407820045948,-0.0176219381392002,0.0518790893256664,0.0340700708329677,0.0974053122192621,-0.098398561040312,-0.2080681654185056,0.0136950174346566,0.1296857148408889,-0.0222890060395002
1774470216615527400,119.39552734375,-0.0695756405293941,0.0451668283999897,0.0924316154599189,0.0023560735862702,-0.0060952971689403,0.0197250694036483,-0.0449289827898144,-0.0481160883933305,0.0906289499521255,-0.0097048776224255,0.0513886287808418,0.0241168234497308,0.1210766951858997,-0.1263545990562066,-0.2626806300938129,0.0110342670232057,0.1391000896692276,-0.0156356133520603
1774470216625554700,119.4055546875,-0.0921944457031786,0.0196661659132689,0.0713753834277391,0.0028885817155241,-0.0142213767394423,0.0151766324415802,-0.0709796621084213,-0.0748246470987796,0.089969609260559,-0.0016850346000865,0.0426012650132179,0.0199452489614486,0.0897778860807418,-0.1486003696665167,-0.2861322328299284,0.0303126238286495,0.1289326697587967,-0.0200103875249624
1774470216635580400,119.41558032226564,-0.0850968886576592,0.0117086310375481,0.0902098477572202,0.0071208770386874,-0.0194646082818508,0.0179053097963333,-0.0909212108969688,-0.0945394013941288,0.1032061074525117,0.0086744921281933,0.0307994224131107,0.0223984103649854,-0.0231733703166246,-0.1321375663718208,-0.2439998950213193,0.0554151497781276,0.1077068671584129,-0.0211019404232502
1774470216645607400,119.425607421875,-0.0305387845180928,-0.0159925189018249,0.1012818613916635,0.008248989470303,-0.0183274075388908,0.0178566463291645,-0.1101812071621417,-0.1227501813560724,0.142197224625945,0.0260907672345638,0.0170793496072292,0.028445916250348,-0.1622661991864442,-0.097669735309109,-0.164441205137968,0.0707496255636215,0.0775801241397857,-0.0279787555336952
1774470216655634400,119.43563452148436,0.0064659811437129,-0.0209664896558038,0.1153255843132734,0.0085856132209301,-0.0177473705261945,0.0208255369216203,-0.126613286525011,-0.1443342366546392,0.1634849273264408,0.0410747192800045,0.0024039726704359,0.0313916839659214,-0.2083361687049269,-0.0782816556848585,-0.1295645375460386,0.0760991275310516,0.0349242500960826,-0.0367192775011062
1774470216665660400,119.44566040039062,0.0323135391056537,-0.011197740639653,0.1042459718942642,0.005907620768994,-0.0207334160804748,0.023057471960783,-0.1353869600892067,-0.1549275268614292,0.1894032124370336,0.0556368827819824,-0.0048528746701776,0.0277346335351467,-0.2391279050707817,-0.0488452429180964,-0.0283528187811374,0.0827735438942909,-0.0170305576175451,-0.0450999811291694
1774470216675687400,119.4556875,-0.0060268590740859,0.0112532884854823,0.0998036055326461,0.0042034639045596,-0.0236703492701053,0.0228100661188364,-0.1304974344819784,-0.1699707822144031,0.1584364117652177,0.0647067204117775,-0.0117046553641557,0.0183330290019512,-0.2121282544642686,-0.0427531731206923,0.0576058012723922,0.0821693390607833,-0.0703824311494827,-0.0432899817824363
1774470216685714400,119.46571435546876,0.0056312838852405,0.0461655753800645,0.0584030891299247,0.0010171841131523,-0.0216764248907566,0.0274999868124723,-0.1209440087169408,-0.18609014236629,0.0929343042850494,0.0758954584598541,-0.0205596648156642,0.0038912382442504,-0.1008683121547102,-0.079650423287414,0.0662754299402236,0.0800465270876884,-0.1211998015642166,-0.0295379497110843
1774470216695740400,119.47574047851562,0.0259036720633506,0.0580298901696689,0.015673369950056,-0.0008787201950326,-0.0224625878036022,0.0339381769299507,-0.117851595659554,-0.1999374659329652,0.0172884039312601,0.0826565697789192,-0.0229402389377355,-0.0044033755548298,0.0317959449723362,-0.1204061024479568,0.0236807353168725,0.0788256600499153,-0.1608095318078994,-0.0189412906765937
1774470216705767400,119.48576733398436,0.0340308644175529,0.047068570368085,-0.0122632692456245,-0.0015222106594592,-0.0234556924551725,0.0349962562322616,-0.1148293252289295,-0.1790735416024923,-0.0767448015064001,0.0816608145833015,-0.0228339787572622,-0.0055663781240582,0.1818500205785036,-0.1515054434582591,-0.0286141000658273,0.0703070089221,-0.163609579205513,-0.0025591207668185
1774470216715794700,119.49579467773438,0.030992519634962,0.0322248379088938,-0.0299760360687971,-0.0024716276675462,-0.0234471689909696,0.0345341973006725,-0.1022188499808311,-0.1376736097216606,-0.1721066251993179,0.0762136429548263,-0.0220283009111881,0.0043935202993452,0.230231189648807,-0.167847981374152,-0.1182715746372938,0.0453406274318695,-0.1283501982688903,0.0219553429633378
1774470216725820400,119.5058203125,0.0439453785799443,0.0075617404911667,-0.0411316363334655,-0.0031612741295248,-0.0212973747402429,0.0283962339162826,-0.0984513141408562,-0.1007557916909456,-0.2253220825582742,0.0674678236246109,-0.021128686144948,0.0253728386014699,0.2045098884150385,-0.1680609300050884,-0.171541392531991,0.023551708087325,-0.0917269438505172,0.0360429361462593
1774470216735847400,119.51584741210938,0.054058922445774,0.0110714839114807,-0.0140028063893318,-0.0057762321084737,-0.0184272862970829,0.0240012183785438,-0.1011135190874338,-0.0637877047777175,-0.2276291904568672,0.0557253658771514,-0.0205866210162639,0.0524151884019374,0.2111845438733696,-0.1103436677148565,-0.1770037495911121,0.0144976349547505,-0.0714799389243125,0.0405441410839557
1774470216745874400,119.52587451171875,0.0639459640793502,0.0077619575046934,0.0322135858625173,-0.0058176261372864,-0.0158033370971679,0.0228358209133148,-0.1084615437626838,-0.0327332258224487,-0.2322287932068109,0.0400196388363838,-0.0153660271316766,0.0811903774738311,0.219016844934225,-0.0403483404686674,-0.1653735175520181,0.0111290030181407,-0.0670692101120948,0.043477613478899
1774470216755900400,119.535900390625,0.0476233364403247,-0.0076519395252689,0.046328620454669,-0.0009416445391252,-0.0076625859364867,0.0202405676245689,-0.0991170845732092,-0.0499386276453733,-0.2709966230183839,0.0253284201025962,-0.0087338993325829,0.1100408434867858,0.1947708769500255,0.0097420802049338,-0.1791816781520843,0.0012544990750029,-0.0671053826808929,0.0479113571345806
1774470216765927700,119.545927734375,0.0271231308557093,-0.0100025577720254,0.0476128150463104,-0.0023523296695202,-0.0035196845419704,0.0197166986763477,-0.0824549958467483,-0.1045294650107622,-0.2665893279701471,0.0051187574863433,-0.0045170495286583,0.1318244338035583,0.2146075040593743,0.0374644921280443,-0.1636304732769727,-0.0083595123142004,-0.0734857842326164,0.0468889698386192
1774470216775954700,119.55595458984376,0.008345803540945,-0.0142383869771845,0.0543634583503007,0.000580875959713,0.0018748147413134,0.0213500149548053,-0.0559907672911882,-0.1520598624706268,-0.2483592592746019,-0.0132791772484779,-0.0050835576839745,0.1436884999275207,0.2755430342763662,0.0487906631866469,-0.0783691878378391,-0.0084658060222864,-0.0914912298321724,0.0393858179450035
1774470216785980700,119.56598071289062,0.007583002474904,-0.0250713128924369,0.0515945781588554,0.0002747634425759,0.0038087400607764,0.0151712074875831,0.0119400286406278,-0.1819260084241628,-0.2010743610084056,-0.0333343781530857,-0.008433548733592,0.1458411216735839,0.2917366287082433,0.017829378940165,-0.0028138883769512,-0.0061943968757987,-0.1129816100001335,0.0304945893585681
1774470216796007700,119.57600756835936,-0.0157416128806769,-0.0258340591595508,0.0587497106105089,0.0007791661191731,0.0010880548506975,0.0132534652948379,0.0650473494499921,-0.2155155588150024,-0.1514449454426765,-0.0478043407201767,-0.0138930026441812,0.1374976634979248,0.264618320158124,-0.0027481661969795,0.0554600214153528,-0.0153504936024546,-0.122606448829174,0.0246875844895839
1774470216806034700,119.58603466796876,-0.0518165503464639,0.0015686375562101,0.0556149197161197,-0.0023118439130485,0.0017639668658375,0.0150834387168288,0.1196554302111268,-0.2452490182995796,-0.0961170259743928,-0.0586737655103206,-0.0222412124276161,0.12506203353405,0.2643435948699713,-0.0148508380534127,0.1008592520654201,-0.0338466800749301,-0.122887410223484,0.0204672738909721
1774470216816060700,119.59606079101565,-0.050628217344731,0.0302669453067705,0.0550531941801309,-0.0036149290390312,-0.0025314455851912,0.0132804801687598,0.1817258096769452,-0.2235363681852817,-0.076273092341423,-0.0682889372110366,-0.0273829791694879,0.1062416210770607,0.2598053669184446,0.0061274699043482,0.1313011520802974,-0.051590509712696,-0.126685082912445,0.0180131420493125
1774470216826087700,119.60608764648435,-0.0289122062295675,0.0580991651467513,0.0665367112249136,-0.0059551279991865,-0.0029364363290369,0.01277313567698,0.2171969360306858,-0.1947732150375843,-0.0630412703245878,-0.0819227248430252,-0.0371008515357971,0.0886615663766861,0.2735436771526932,0.0138554703405126,0.1490121653378009,-0.0649459958076477,-0.1324779987335205,0.0118276849389076
1774470216836114700,119.61611474609376,-0.0212250127278268,0.0717291653014719,0.0805132141292095,-0.0115778595209121,-0.002130031120032,0.013712165877223,0.243698281726241,-0.1309860947817564,-0.0707294867396354,-0.0975995808839798,-0.0489898659288883,0.067024327814579,0.309065072388947,-0.0735706284496933,0.1352010821282863,-0.0839718729257583,-0.1139036789536476,0.0037407481577247
1774470216846140700,119.626140625,-0.0284438580654561,0.0664511335670016,0.082388360351324,-0.0125502161681652,-0.0034159449860453,0.0116524863988161,0.2594412097811698,-0.0252548527657985,-0.0301899710804224,-0.1126110255718231,-0.0548088736832141,0.0420460104942321,0.2900713258445263,-0.2058001839539036,0.1828483839660883,-0.0959113612771034,-0.0792234614491462,-0.000685691833496
1774470216856167700,119.63616772460938,-0.0250818342864513,0.0508276123743504,0.0745464146792888,-0.0129134710878133,-0.0064319744706153,0.0128959156572818,0.2701052271366119,0.0383662632733583,0.0268786545753479,-0.1182081252336502,-0.0572196170687675,0.0184663608670234,0.1702536908090114,-0.2592588754842058,0.246221662724018,-0.0992671549320221,-0.05838043987751,-0.0069351606070995
1774470216866194700,119.64619458007812,-0.035840690318495,0.0417187337727285,0.0755249043226242,-0.0124127166345715,-0.0183488987386226,0.016963105648756,0.2463677931964397,0.079715926271677,0.0926443814277648,-0.1146472170948982,-0.0494128242135047,-0.0037827515043318,0.1094023317441344,-0.242078717700392,0.2623854465395212,-0.095616228878498,-0.0609226934611797,-0.019766004756093
1774470216876220700,119.656220703125,-0.051296033603698,0.0175726094338111,0.0857692349612712,-0.0080680353567004,-0.0251849666237831,0.0191839151084423,0.2141200128033757,0.127570148858428,0.1173211420446634,-0.1041791439056396,-0.0367546156048774,-0.0240159127861261,0.1205646540105342,-0.1655982662186026,0.2676011353611946,-0.0876072570681572,-0.0609455369412899,-0.0331205204129219
1774470216886247700,119.66624755859377,-0.0343733942449092,-0.0027035233376547,0.099790746051073,-0.0028017149306833,-0.0271095559000968,0.0181412789970636,0.1901063922703266,0.186216983616352,0.1113297926753759,-0.0901000797748565,-0.0194656401872634,-0.0444341041147708,0.1189811842113733,-0.1332670453257858,0.240300455981493,-0.0861052349209785,-0.0441412590444088,-0.0406546033918857
1774470216896274700,119.67627465820313,-0.0356100964330136,-0.0014106157165952,0.0753793583720922,-0.0003891572123393,-0.0282949283719062,0.016334855929017,0.1556184317350387,0.2421919688165187,0.13965163179636,-0.0798622369766235,-0.0032860827632248,-0.0597103498876094,0.0369365227311849,-0.1639383701823651,0.2532669050604105,-0.074695810675621,-0.0319590233266353,-0.0448310747742652
