time,seconds_elapsed,imu1_accel_x,imu1_accel_y,imu1_accel_z,imu1_gyro_x,imu1_gyro_y,imu1_gyro_z,imu2_accel_x,imu2_accel_y,imu2_accel_z,imu2_gyro_x,imu2_gyro_y,imu2_gyro_z,imu3_accel_x,imu3_accel_y,imu3_accel_z,imu3_gyro_x,imu3_gyro_y,imu3_gyro_z
1774469924073844800,112.17542944335938,-0.2416602000273764,-0.0109985830720514,0.134828741684556,0.0064726523123681,0.0030436443630605,0.0604900047183036,-0.1338788936138153,0.0023579613029956,-0.1312128892749547,-0.0483890324831008,0.0829986482858657,0.1553827822208404,0.1621463721990585,0.0940711993604898,0.0288859027445316,0.0321121588349342,0.0678308233618736,-0.0274055711925029
1774469924083870800,112.18545532226562,-0.2487448975913226,-0.0093226126838475,0.1276695175796747,0.0006459223222918,-0.002441668882966,0.0522722899913787,-0.0798961051441729,-0.0005862754553556,-0.1186035830706357,-0.0534096211194992,0.0981016978621482,0.1672918945550918,0.1763750962987542,0.0734890145808458,0.0432569579243659,0.033922228962183,0.0700853541493415,-0.0328436568379402
1774469924093897100,112.19548168945312,-0.2418910861738026,0.0056364715170115,0.1027104328900575,-0.0039875921793282,-0.0015190616250038,0.0453224442899227,-0.0539876107752323,0.0059013329982757,-0.0964148398771882,-0.0576324835419654,0.1035346239805221,0.1733835190534591,0.1829880846977233,0.0562350974410772,0.0447322911739349,0.0395625382661819,0.0729690194129943,-0.0397401787340641
1774469924103923800,112.20550830078125,-0.2425701544791459,0.03817417476736,0.0940028102993965,-0.008866237476468,-0.0011060051620006,0.0365832820534706,-0.0206159409187734,-0.0196598092377185,-0.0979828198462724,-0.0665897578001022,0.1070670410990715,0.1723757833242416,0.1988316966481506,0.0428068760693073,0.0401525621682405,0.0432804822921752,0.0795112624764442,-0.047656200826168
1774469924113949800,112.21553442382812,-0.2608561911456287,0.0509509464930742,0.0788619397908449,-0.0153437256813049,-0.007056217174977,0.0296115949749946,-0.0262296891473233,-0.0912538038522005,-0.1517714009180664,-0.0800080299377441,0.1107170209288597,0.1674576699733734,0.1886193685829639,0.0345610257714986,-0.0066845923304557,0.0431883372366428,0.0843502283096313,-0.0543127730488777
1774469924123976800,112.2255615234375,-0.281239200091362,0.0608881839439272,0.071979779061675,-0.0146704781800508,-0.0120629593729972,0.0189749281853437,-0.0218739781558513,-0.1475105286031961,-0.1689355939477682,-0.0900619998574256,0.1109300777316093,0.157454565167427,0.1756672402903437,0.0359562795221805,-0.0789747525155544,0.0408662781119346,0.0845594182610511,-0.0571220517158508
1774469924134002800,112.23558740234375,-0.3064852850288152,0.0727914607707411,0.0760895524680614,-0.0161423031240701,-0.0150446072220802,0.0074912197887897,-0.0029155951857566,-0.1404682088762521,-0.1768307311117649,-0.0937244743108749,0.1065514311194419,0.1422576010227203,0.1562238502822816,0.0770610278487205,-0.1198310790389776,0.0365445017814636,0.088740587234497,-0.0600107833743095
1774469924144028800,112.24561328125,-0.271016058371216,0.0872596196494996,0.0820183579951524,-0.0115262446925044,-0.0116991437971591,0.0026280209422111,0.0490204898871481,-0.1426151577770709,-0.1324608435094356,-0.0906567797064781,0.098364345729351,0.1217009276151657,0.1711532699972391,0.0906143369048833,-0.1455634861886501,0.0307943616062402,0.0935232862830162,-0.0584141314029693
1774469924154055800,112.25564038085938,-0.2270259638667106,0.0955005745764821,0.0862707547426223,-0.0093201994895935,-0.0086980834603309,-0.0062164780683815,0.1240085108540952,-0.1198076981633901,-0.1087263321787118,-0.082682617008686,0.0874878913164138,0.1010410487651825,0.1951367876529693,0.0540565843582153,-0.0823830996543169,0.0311901066452264,0.0993111357092857,-0.0564327351748943
1774469924164081800,112.26566625976562,-0.200723063352704,0.0896742065105587,0.0735609107732772,-0.0089963590726256,-0.0057635470293462,-0.0066098268143832,0.1722339048407971,-0.0931558380812406,-0.0786672940015792,-0.0684794485569,0.0723283737897872,0.077417217195034,0.2406027999289333,0.0266997908771038,0.0231686941415071,0.0322609171271324,0.0996180698275566,-0.0553199760615825
1774469924174108800,112.275693359375,-0.184180509352684,0.092055621754378,0.0642781186431646,-0.0082142520695924,-0.0047959280200302,-0.0040499567985534,0.1977097068808972,-0.0559492662370204,-0.0638973026320338,-0.0514152124524116,0.0562722012400627,0.0501647889614105,0.2511936059176922,0.0467062215954065,0.0799240160644054,0.0339150056242942,0.0908552035689354,-0.0583125725388526
1774469924184134800,112.28571923828125,-0.1799894874036312,0.1229669659119099,0.0561088407129049,-0.0079471366479992,-0.0008105072192847,-0.002330619841814,0.2233902377128601,0.0044482115805149,-0.0712529260918498,-0.039395298808813,0.0446493662893772,0.0256072469055652,0.2293783722117543,0.0694967300742864,0.0886848301470279,0.0311981737613677,0.0805204957723617,-0.0659549608826637
1774469924194160700,112.29574536132812,-0.1791014525227248,0.1545871159259229,0.0352349795103073,-0.0060154572129249,0.0031663549598306,-0.0016568154096603,0.1684009025491774,0.0168137721568346,-0.1052934351205825,-0.0332828909158706,0.03510707244277,0.009631035849452,0.2264132387958466,0.0643950230211019,0.0285258372604846,0.0307539589703083,0.0825737938284874,-0.0726879611611366
1774469924204188000,112.30577270507813,-0.1863390025608241,0.176290121429041,0.004912321960926,-0.0092842215672135,0.0020821820944547,-0.0034366059117019,0.1052408281505107,0.0573562104254961,-0.1240580490842461,-0.0326501242816448,0.0295181609690189,0.0026080142706632,0.2113043708607554,0.0505412697136402,-0.0210866271704435,0.0288093835115432,0.1051484644412994,-0.0794848427176475
1774469924214214000,112.31579858398436,-0.1822967414326965,0.1812349574200809,0.0090291096299886,-0.0034094871953129,0.0015031518414616,-0.0070750005543231,0.0535724541030824,0.1061632036924362,-0.1298869013682007,-0.0316054746508598,0.0216689426451921,0.0018706812988966,0.1604068350553512,0.0523351673930883,-0.0798170485585928,0.0252636522054672,0.1366275548934936,-0.0814659669995307
1774469924224240700,112.32582543945313,-0.189442521534115,0.1885956954464316,0.0489250666886568,-0.0029932353645563,6.13168813288e-05,-0.0087008606642484,0.0025623978339135,0.1394207456499338,-0.1480278304755687,-0.0326699391007423,0.0180185474455356,0.0077807684428989,0.1058802950978279,0.0643289720475673,-0.11630173586905,0.0209086500108242,0.1644190847873687,-0.0822379738092422
1774469924234266700,112.33585131835936,-0.193946554955095,0.1703689146865159,0.0557376693129539,-0.0050891279242932,0.0017397031188011,-0.012139176018536,-0.0302000540830194,0.1545797363370656,-0.1724114533647894,-0.0331645533442497,0.0194610692560672,0.0157199762761592,0.0825286456048488,0.0746563047945499,-0.0719978992402553,0.0161812715232372,0.1734658479690551,-0.0751089602708816
1774469924244292700,112.34587719726562,-0.1879302172750234,0.1374696115821599,0.0529775569498538,-0.0062915449962019,0.0011623296886682,-0.0136798145249485,-0.0502691747739911,0.1366115334481001,-0.1941425159186124,-0.0281572751700878,0.0244859214872121,0.0247014872729778,0.0512114240601658,0.0667477236270904,-0.0128016139060258,0.0163639932870864,0.1718088090419769,-0.0692454725503921
1774469924254319700,112.355904296875,-0.174421770273894,0.1080344043917953,0.0353805254608392,-0.0087256776168942,0.0014437926001846,-0.0147275626659393,-0.0510755227208137,0.1245703825205564,-0.2009554108038544,-0.0232802294194698,0.0369860678911209,0.0346952825784683,0.0087011928498744,0.0802560244977474,0.0641945320129394,0.0153850149363279,0.1584623754024505,-0.0646531209349632
1774469924264346000,112.3659306640625,-0.165263627436757,0.0874837837941944,0.0350081850171089,-0.006275035906583,0.0012187552638351,-0.0153014734387397,-0.0539690522052347,0.1082359183132648,-0.1992807555899023,-0.0215427838265895,0.0471324473619461,0.0428602695465087,-0.0043595103837549,0.067900985315442,0.113444592872262,0.0162747763097286,0.1432783603668213,-0.0582074671983718
1774469924274373000,112.37595751953126,-0.1664496223509311,0.0943870603766292,0.0500491022825241,-0.0068311570212244,0.0020186221227049,-0.0167453624308109,-0.0588321281969547,0.1162888763874769,-0.1592947821602225,-0.0216372460126876,0.0524637512862682,0.0530190654098987,0.018019640815258,0.0440197589904069,0.1152776535183191,0.0185858681797981,0.1263230741024017,-0.05702955275774
1774469924284399000,112.38598364257813,-0.1668804149836301,0.127083242124319,0.06943418623209,-0.0052207428961992,-0.0002642394974827,-0.0192332863807678,-0.0633165801346302,0.1356640234649181,-0.1281023560389876,-0.0192121732980012,0.0528621599078178,0.0617209449410438,0.0234831669181585,0.0295335529983043,0.0732733260035514,0.0158989764750003,0.1070151925086975,-0.0556106232106685
1774469924294425700,112.39601025390624,-0.1565782166779041,0.1516169410087168,0.0743272189706563,-0.0028141911607235,-0.0017533912323415,-0.0247391685843467,-0.0445404218636453,0.1183452243953943,-0.121853817038238,-0.021171148866415,0.0529274493455886,0.0633020475506782,-0.026516543264687,0.0434866750270128,-0.0006634323447942,0.0107505545020103,0.0925132185220718,-0.0517727397382259
1774469924304451700,112.40603637695312,-0.1624864178083837,0.1578024247106164,0.0489466939985752,-0.0025097916368395,0.0076102833263576,-0.0245815105736255,-0.0609914981879293,0.0843330646783113,-0.1373600137278437,-0.0212403908371925,0.051132746040821,0.0586265996098518,-0.0454065371736884,0.038219548279047,-0.0835837076157331,0.0066383951343595,0.0829558968544006,-0.0486224852502346
1774469924314477700,112.41606225585936,-0.1865278031311929,0.1446146610312163,0.0208224232763051,-0.004373924806714,0.0071556521579623,-0.0264374203979969,-0.0651766749180853,0.0398936189711093,-0.1696308827355503,-0.0218646489083766,0.0474499091506004,0.0523876138031482,-0.0125353641852736,0.0330564664274454,-0.1384153679996728,0.0056450362317264,0.080733485519886,-0.0476725362241268
1774469924324504900,112.42608959960936,-0.2015289729081094,0.1368234956983476,0.0054278702676296,-0.0024745585396885,0.0030269536655396,-0.0258651059120893,-0.0635261312320828,-0.0144733465105295,-0.1731777615621685,-0.0201855264604091,0.0422327779233455,0.0432740077376365,0.0130935825899243,0.0628495471447706,-0.1525590441644191,0.0055521852336823,0.0838028639554977,-0.0421749278903007
1774469924334530900,112.43611547851565,-0.2064617531351745,0.1246594490434974,0.0024894787281751,-0.0014232743997126,0.0007277294062077,-0.024746548384428,-0.0535316837012767,-0.0305845233559608,-0.1459177064538002,-0.0181810278445482,0.0335321128368377,0.0305489506572484,0.033144729232788,0.0692220047861337,-0.1523819340318441,0.0038999600801616,0.0872093141078949,-0.041636437177658
1774469924344557900,112.446142578125,-0.220632901828736,0.1488632583864033,0.030559973436594,-0.003434760030359,-0.0012169107794761,-0.0219861809164285,-0.0232253927648067,-0.0219879599243402,-0.1321782271757721,-0.015783118084073,0.022196901962161,0.0209613051265478,0.0587498567409813,0.0733323627144098,-0.1609095238804817,-0.0001023812801577,0.089495949447155,-0.0366458930075168
1774469924354583900,112.45616845703124,-0.1983824915759265,0.1661565576884895,0.052199558314681,-0.0017564478330314,-0.002219351939857,-0.0208056345582008,-0.0141721716068685,-0.0269277544140815,-0.1343248838156461,-0.0152260791510343,0.0161015875637531,0.013927724212408,0.0472512882575392,0.0770312172323465,-0.1452080968797206,-0.0037937890738248,0.0863057523965835,-0.0276017971336841
1774469924364609900,112.46619458007812,-0.1738541995190083,0.1777406855635344,0.0750619629859924,-0.0076066139154136,-0.0030846130102872,-0.0196905694901943,-0.0295123640798032,-0.0487871195226907,-0.1473778421342372,-0.0162790939211845,0.011410697363317,0.0061004273593425,0.0452127681672573,0.0815320357829332,-0.0974579191893339,-0.0060336645692586,0.0786750614643096,-0.0229309685528278
1774469924374636600,112.47622119140624,-0.1716926375709474,0.1778955838643014,0.1080716676622629,-0.0090129375457763,-0.0001929546706378,-0.0196571983397007,-0.0353963075518608,-0.0229325472980737,-0.1510530235156416,-0.0136395553126931,0.0070886453613638,0.0028206682763993,0.0344061274707317,0.0815904879719019,-0.0521568882167339,-0.0033710361458361,0.0677899271249771,-0.0202646106481552
1774469924384662900,112.48624755859376,-0.1377981128841638,0.1641539856944233,0.1160486378908157,-0.0109080430120229,0.001250478439033,-0.0154166482388973,-0.0343897608578205,-0.0068973582983016,-0.1660202910229563,-0.0105351088568568,0.0061014113016426,0.003425205592066,0.0403308413445949,0.1171188974708318,-0.0244037888944149,0.0009176170569844,0.0592812374234199,-0.0197307877242565
1774469924394689900,112.4962744140625,-0.1019664826549589,0.152960318441689,0.1013876598536968,-0.0134960506111383,0.0043678553774952,-0.0139708966016769,-0.0245556184552609,0.0067003744214773,-0.171228088799119,-0.0059966593980789,0.0118929734453558,0.0059449365362524,0.0394049586713314,0.1421066237330436,0.0134603700757026,0.0029591964557766,0.0501636415719985,-0.0195246562361717
1774469924404715900,112.50630053710935,-0.0871064749144017,0.1570092285063117,0.0753086312234401,-0.0147746345028281,0.006592926569283,-0.0155887678265571,-0.0328173969745635,0.0283177474677562,-0.1599003468379378,-0.0033284381497651,0.014397676102817,0.0118853831663727,0.0416490843363106,0.1232072774738073,0.0091536127924919,0.0044332481920719,0.0396967083215713,-0.0196839533746242
1774469924414741900,112.51632641601564,-0.0905633373700082,0.1561388754125684,0.0309095175266265,-0.013414585031569,0.0123471282422542,-0.0096106277778744,-0.0163173669420182,0.037770050945878,-0.1484583308473229,-0.0004106950946152,0.0189917515963315,0.0171699132770299,0.0444990669399499,0.1062526355415582,-0.0084463413059711,0.0095590343698859,0.0375858843326568,-0.0187521148473024
1774469924424768900,112.526353515625,-0.1298141283929348,0.160654891532287,-0.0069306760460138,-0.0077151535078883,0.0123231597244739,-0.007050797343254,-0.027823095818609,0.0322977570146322,-0.1564542980372905,-0.0015388100873678,0.0255095716565847,0.0225993003696203,0.0420396910890936,0.0995510920763015,-0.0172445647895336,0.0092628858983516,0.0408180989325046,-0.0202425122261047
1774469924434794900,112.53637939453124,-0.1695207003593444,0.1389298933930695,-0.0236339735656976,-0.0041206954047083,0.0148774031549692,-0.0065290569327771,-0.0429074138343334,0.0286222833722829,-0.1474856864228844,-0.005277793854475,0.025546658784151,0.0291814561933279,0.0388110844314098,0.0946083749771118,-0.0366138666480779,0.0113465432077646,0.0438924506306648,-0.0221325568854808
1774469924444821900,112.54640649414064,-0.1916091980487108,0.1358234518103301,-0.0185766901761293,0.0002705911174416,0.0092727802693843,-0.0066630141809582,-0.0341734877586364,0.0309106865704059,-0.0979977251544594,-0.0115101234987378,0.0210144910961389,0.0374788008630275,0.0391293566003441,0.0710942283987998,-0.0436830743819475,0.0166445616632699,0.0418985113501548,-0.021231161430478
1774469924454847800,112.55643237304687,-0.1843346770010888,0.1322605716969817,-0.0001443769067525,0.003794722026214,0.0075067155994474,-0.0055249626748263,-0.0044445583187043,0.0539162991046905,-0.03934212256819,-0.0086242444813251,0.0127235976979136,0.0394047386944294,0.050571372590959,0.0602466711699962,-0.0463771357715129,0.0224787481129169,0.0370784550905227,-0.0224381051957607
1774469924464873800,112.56645849609374,-0.1700407787106931,0.1194683101411908,0.0176993228197097,0.0024239928461611,0.0104415193200111,-0.0046210857108235,0.0352935778297483,0.0813128400743007,-0.0056309916242957,-0.0052851727232337,0.0037306356243789,0.0390097945928573,0.0554965540334582,0.0550298133045434,-0.0339624753564596,0.0248710364103317,0.0275081507861614,-0.0215715151280164
1774469924474900800,112.5764853515625,-0.1747030714333057,0.1284906247042119,0.0346411052703857,0.0041411467827856,0.0129002686589956,-0.0001157373189926,0.0659200406312942,0.0806043995440006,-0.0095788524672389,-0.000598149606958,-0.0050949212163686,0.0345193035900592,0.0639125002011656,0.0478232429265975,-0.0289537072837352,0.0273648202419281,0.0193077437579631,-0.0184673350304365
1774469924484926800,112.58651147460938,-0.1776589986294507,0.1392729346770793,0.06400690048635,0.0087074032053351,0.0096853002905845,0.0042851362377405,0.0542399781011044,0.0564893644630908,-0.0650716071084141,0.0015331783797591,-0.0068107955157756,0.0265524592250585,0.0686442048981785,0.0498994646787643,-0.0328489611566066,0.0257007274776697,0.012650622986257,-0.0159251280128955
1774469924494953800,112.59653833007812,-0.166095402085781,0.1570541636265814,0.0953401963829994,0.0055901762098073,0.0099287461489439,0.0057725682854652,0.0354056599020957,0.0380436071902513,-0.0815717832714319,-0.0017039099475368,-0.0085702240467071,0.0171043798327446,0.0617383710324764,0.0342442149072885,-0.0126332716017961,0.0315943025052547,0.0130090834572911,-0.0163373872637748
1774469924504979800,112.606564453125,-0.1633569170325994,0.1605431747861206,0.1126221705734729,0.0060154828242957,0.0081835770979523,0.0065070679411292,-0.0191711489379405,0.0159276369720697,-0.1130228603288531,-0.0048882514238357,-0.0122925238683819,0.0132228229194879,0.0776996180132031,0.025416180807352,-0.0084235449522733,0.0323170982301235,0.0131906941533088,-0.0198326520621776
1774469924515005800,112.61659033203124,-0.1508178995855152,0.1647282784510403,0.1228337679862976,0.0068549998104572,0.0125021245330572,0.0142568871378898,-0.0834698719777166,-0.0445931749641895,-0.1668205014899373,-0.0066061788238584,-0.014487775042653,0.009844260290265,0.0801598706468939,0.0104705406099557,-0.052511108481884,0.0245957970619201,0.0124652478843927,-0.0197623446583747
1774469924525032800,112.62661743164062,-0.1563141589142382,0.1675124292768537,0.1113198558032512,0.0032573358621448,0.0132081285119056,0.0160582493990659,-0.1325438456177711,-0.0844382786184549,-0.1891629739403724,-0.0032873474992811,-0.0157431904226541,0.0078021488152444,0.0696034053191542,0.0216775788009166,-0.07957973267138,0.0172040909528732,0.015589140355587,-0.0189879816025495
1774469924535058800,112.63664331054687,-0.1612345180511474,0.1670364092629402,0.0876870512813329,0.0041151423938572,0.0106629785150289,0.0162188988178968,-0.1333222826443612,-0.0858411311537027,-0.1628133116751909,0.0011133069638162,-0.0119448220357298,0.0070303082466125,0.0733256407126784,0.0208399589329957,-0.1110410388618707,0.0115531310439109,0.0165220461785793,-0.0153807289898395
1774469924545085800,112.64667041015625,-0.1509697291463613,0.1919613724872469,0.0745604432046413,0.0002615485573187,0.0061329407617449,0.0202410724014043,-0.1534757206179201,-0.0598988806456327,-0.1536713893204927,0.0049410685896873,-0.005811296403408,0.0067850309424102,0.1014206853404641,0.0383434669196605,-0.1098024369776248,0.0020635677501559,0.0190715882927179,-0.0135637428611516
1774469924555112000,112.65669653320312,-0.1290871292926371,0.1918125386010855,0.0562274986565113,0.0013756407424807,0.0042085396125912,0.0245072692632675,-0.1467068110048771,-0.0490109914064407,-0.1389212716951966,0.0040881047025322,0.0028380881994962,0.0107893208041787,0.1032011390164494,0.0302419935286045,-0.0897983443468809,-0.0027162740007042,0.0206476468592882,-0.0123448148369789
1774469924565138000,112.66672265625,-0.1369289288341999,0.1557015799738466,0.0222311210304498,0.0036933897063136,0.0015749395824968,0.0258188769221305,-0.1106817040301859,-0.0205173028498888,-0.1010997828230261,0.0006518280133605,0.0096653681248426,0.0105325924232602,0.1108966619551181,0.0403904625773429,-0.055496846294403,-0.0072066448628902,0.0151021629571914,-0.0107806082814931
1774469924575164800,112.67674926757812,-0.1447368261061608,0.118112219357118,0.0087397712945938,0.0048261247575283,0.0052833906374871,0.0227874778211116,-0.0658325084783136,0.051738955065608,-0.0519920530438423,-0.0010751064401119,0.0117814093828201,0.0121617820113897,0.123981768977642,0.0718365711987018,-0.0624707769602537,-0.0131172640249133,0.0068974955938756,-0.0086290407925844
1774469924585190800,112.686775390625,-0.1618243006378412,0.0897285670462995,0.0129015671491622,0.0047917696647346,0.0029701688326895,0.020402617752552,-0.047177053977549,0.1072469072759151,-0.022363222977519,0.0006556820590049,0.0131659870967268,0.0122661776840686,0.0795969760671257,0.1044002856731414,-0.0907248115420341,-0.0141151808202266,0.0054991021752357,-0.007944343611598
1774469924595217800,112.69680224609375,-0.1637526383519172,0.0733607850912958,0.0425128615587949,0.0039724647067487,0.0045040939003229,0.0188578404486179,-0.0425568468309938,0.108612350410223,-0.0745277099788188,-0.0031862719915807,0.0163370184600353,0.0166641995310783,0.0287935482859611,0.0989519571393728,-0.0885538972437381,-0.0121175423264503,0.0102813402190804,-0.0107718212530016
1774469924605243800,112.70682836914062,-0.1375776020012795,0.0907526493970304,0.052179100048542,0.0025314283557236,0.0038865068927407,0.0146306045353412,-0.0842402718283236,0.1207429331868886,-0.1124754555791616,-0.0087951552122831,0.0164035987108945,0.0179355926811695,0.0346624403193593,0.0872533360391855,-0.0405044443458318,-9.225361282e-05,0.0198550075292587,-0.0154809141531586
1774469924615269700,112.71685424804689,-0.1509803966708481,0.0987799615733325,0.0667681818932294,-6.59527722746e-05,0.0052700191736221,0.0186983179301023,-0.0956149216711521,0.1495937646180391,-0.0958925695687532,-0.0099650043994188,0.0126418117433786,0.028293065726757,0.0427373179644346,0.0775508571922779,0.0131616793900728,0.0178409405052661,0.0200757831335067,-0.0228176563978195
1774469924625297000,112.72688159179688,-0.1673386801451444,0.0984723569288849,0.0654880789548158,0.0008592293597757,0.0052718832157552,0.016131829470396,-0.1035761098086833,0.144347680658102,-0.0941655996456742,-0.015119818970561,0.0089037986472249,0.0351666808128356,0.0648226007834076,0.0871913767188787,0.0189835174113512,0.0301450509577989,0.0095816366374492,-0.0269057787954807
1774469924635323000,112.73690747070312,-0.1502799933165311,0.0954063934870064,0.0670896689325571,0.0008914934005588,0.003912457730621,0.0158994924277067,-0.0762285225473344,0.1197059913545846,-0.1167407118082046,-0.0188409443944692,0.0068495161831378,0.0390878245234489,0.0935071357369422,0.1326800392180681,0.0008703530937433,0.0390381440520286,0.0011178446002304,-0.0322004072368145
1774469924645349700,112.74693432617188,-0.1492985810637474,0.1013239469677209,0.0665823039323091,-0.0016196010401472,0.0059817340224981,0.012938056141138,-0.0231504278324544,0.0705979693144559,-0.1349780870273709,-0.0176539737731218,0.0109004508703947,0.0372529067099094,0.1212367080532014,0.1590536668807268,-0.0712806908816099,0.0404449515044689,0.0085171312093734,-0.0334903597831726
1774469924655375700,112.75696020507812,-0.1720997570671141,0.1080001367960125,0.0774251849859953,-0.0005595989059656,0.0030207398813217,0.0142235206440091,0.0144061264932155,0.0048024318456649,-0.1558469797939062,-0.0132485721260309,0.0173221323639154,0.0297811422497034,0.1216198621518909,0.1388116738408804,-0.1206090776741504,0.0374217331409454,0.0262886714190244,-0.0319486558437347
1774469924665401700,112.766986328125,-0.193030901414901,0.1059148549545556,0.0922054054886102,-0.0026571045164018,-0.0017942553386092,0.0104665989056229,0.0073402797602117,-0.0192675950497388,-0.1487073371723294,-0.0037557343021035,0.0200563985854387,0.0205221306532621,0.0944166517972946,0.1470546015292406,-0.1036450833916664,0.0350305251777172,0.0382882095873355,-0.0303457900881767
1774469924675429000,112.777013671875,-0.2147415057025849,0.1102269460000097,0.0935544820100068,-0.0024552615359425,-0.0062351329252123,0.0114668169990181,-0.010464403130114,-0.0600701455593109,-0.0916404650822281,0.0016984196845442,0.0151801509782671,0.0190139822661876,0.1414881995737552,0.1580360142707824,-0.1056798040896654,0.0310648158192634,0.0459503903985023,-0.029115941375494
1774469924685455000,112.78703955078124,-0.2087717836432158,0.1112657875284552,0.0788029030799865,-0.0017481921240687,-0.0097353253513574,0.0105730602517724,-0.0465492774680256,-0.0582329932600259,-0.0594599047064781,0.0020845776889473,0.0055618779733777,0.017811831086874,0.1656456124916672,0.1307850192517042,-0.116204705235362,0.0279370378702878,0.0466080829501152,-0.0260339919477701
1774469924695482000,112.79706665039062,-0.2301817975491285,0.106640027423948,0.0606494067519903,0.0015236205654218,-0.0123800225555896,0.0081607066094875,-0.0629638211742043,-0.0351665904492139,-0.0213768422886729,-0.0024365144781768,-0.0038612005300819,0.018678804859519,0.1362671039246022,0.1104220301806926,-0.0931616833001375,0.018285209313035,0.0384646691381931,-0.0225662887096405
1774469924705507900,112.80709252929688,-0.2261094335436821,0.1087783546268939,0.0623334143161773,0.0043979701586067,-0.0152330677956342,0.0092952139675617,-0.0425436950884759,-0.0118891752362251,-0.0275467630952596,-0.0061990283429622,-0.0114855635911226,0.016594348475337,0.1082730354532599,0.1007131215929985,-0.0893470934480428,0.0137747544795274,0.0272337980568408,-0.0199814736843109
1774469924715533900,112.81711840820311,-0.2015285345166921,0.1059763028182089,0.0528442859590053,0.0060335765592753,-0.0198819413781166,0.0048353131860494,-0.0230593885481357,0.0122901572525501,-0.0616632599696517,-0.014605563133955,-0.0107059851288795,0.0141455885022878,0.0634931057453155,0.1074427221089601,-0.0713075788885354,0.0144884819164872,0.0226949714124202,-0.0160964541137218
1774469924725560700,112.82714526367188,-0.1853121437311172,0.1010931338865309,0.0619394465625286,0.0092043364420533,-0.0172153171151876,0.004201746545732,-0.0198620538115501,0.0157762458026409,-0.1185816634997725,-0.0152409933507442,-0.0074430806562304,0.0084900995716452,0.0636038726434111,0.1368102708905935,-0.0408235932976007,0.0137073555961251,0.0242286324501037,-0.01296959631145
1774469924735586900,112.83717163085936,-0.1754286092288792,0.1062350998848676,0.0566249735414981,0.0098392181098461,-0.0172641146928071,0.0035411901772022,-0.0026584055542945,0.0249193372011184,-0.1616460214614868,-0.0181796662509441,-0.0024793918710201,0.0033130305819213,0.0409860903829336,0.1254945116281509,-0.0205272397220134,0.012625578790903,0.0239343531429767,-0.0092286542057991
1774469924745613900,112.84719848632812,-0.1552887613892555,0.0922046748362481,0.0560901360124349,0.0081190830096602,-0.0163972564041614,0.0001366045325994,-0.0159939802065491,0.0339794264912605,-0.1700315724909305,-0.0170986875891685,0.0009158721659332,0.0051506119780242,0.0322857743158936,0.0880716666847467,-0.0202168585985898,0.0143706314265728,0.0189542584121227,-0.0076099387370049
1774469924755639900,112.857224609375,-0.1302541272453963,0.0919835063662379,0.053900517013669,0.0066808317787945,-0.0166485384106636,-0.0065375454723834,-0.0472961503125727,0.0525245524853467,-0.1793383300185203,-0.0139596201479434,-0.0013739137211814,0.008734693750739,0.0528363949134945,0.0459364062666892,-0.0311889189898967,0.0146497311070561,0.0115368207916617,-0.0099521894007921
1774469924765665900,112.86725048828124,-0.1311696346551179,0.0929828926671296,0.0701022947520017,0.003792633768171,-0.0165686421096324,-0.0022024516947567,-0.0363829805016517,0.0271598096042871,-0.1684057248547673,-0.0097438357770442,-0.0013747126795351,0.0106353918090462,0.0811497584670782,0.0266921920925378,-0.0355704950749874,0.01686941832304,0.0093171438202261,-0.0138627765700221
1774469924775692900,112.87727758789065,-0.1464227333664894,0.0986303970348089,0.0869160669088363,0.0002490291371941,-0.0202563554048538,0.0026577562093734,-0.0297765679739415,0.0302811564952135,-0.1391737851515412,-0.0015957235591486,-0.001562267076224,0.0095004653558135,0.1012234092026948,0.0123176297813653,-0.0497287842869758,0.018741887062788,0.0113802952691912,-0.0190524794161319
1774469924785718600,112.88730322265624,-0.1625232426874339,0.0999904333416372,0.0927162776201963,-4.04565362259e-05,-0.0266388840973377,0.0105287283658981,-0.0125203127466142,0.0322597630918026,-0.1119903024107217,0.0065823113545775,-0.0021819847170263,0.008238392882049,0.0971264952778816,0.0544072974920272,-0.0686702161222696,0.0195196624845266,0.0156324245035648,-0.0213519781827926
1774469924795745900,112.89733056640624,-0.1617605877518654,0.1121621518462896,0.0653401949167251,0.0022352570667862,-0.0244203209877014,0.013910362496972,-0.0022667758882045,0.0340805487781763,-0.1096256191059946,0.0131493704393506,-0.0031352227088063,0.0077502555213868,0.0981871102467179,0.0787473735004663,-0.088168112796545,0.0173696931451559,0.0167384352535009,-0.0233469512313604
1774469924805771900,112.9073564453125,-0.1705810230672359,0.1351364193942398,0.0419920525550842,0.0022597580682486,-0.0228730253875255,0.0162030775099992,-0.0241138660371303,0.0357867681741714,-0.1007771267399191,0.0184125732630491,-0.0036641263868659,-0.0008277861634269,0.1167722759902477,0.0981108301401138,-0.1142459723830223,0.0155191887170076,0.0168928559869527,-0.0282572023570537
1774469924815797900,112.91738256835936,-0.1601794560402631,0.1525694924931973,0.0325122765481472,0.0020432407036423,-0.0156532283872365,0.0192933492362499,-0.0381387381277978,0.0075409168988466,-0.1137704638257622,0.0231158733367919,-0.0043845265172421,-0.0081159453839063,0.1091790443822741,0.0946241570681333,-0.1062485438883304,0.0129803977906703,0.0208393950015306,-0.0295981056988239
1774469924825824900,112.92740942382812,-0.1346224054574966,0.1654872801247984,0.0259404969424009,0.0040805586613714,-0.0074664042331278,0.0221293494105339,-0.0502840800821781,0.0012877017229795,-0.1029340125128626,0.0223763138055801,-0.0054838792420923,-0.0164532363414764,0.0901087254703044,0.0807774180233478,-0.0814636467218399,0.0085646044462919,0.0214358754456043,-0.0254162345081567
1774469924835850900,112.937435546875,-0.1169049624592065,0.1734056520339101,0.0149310271501541,0.0034451035317033,-0.0019334792159497,0.0276228561997413,-0.0975019044615328,-0.0189601365357637,-0.1116641391962766,0.0171397402882576,-0.0102059300988912,-0.0215590484440326,0.0991875194609165,0.0709393300980329,-0.0598959580361843,0.0044116713106632,0.0176632441580295,-0.0189631301909685
1774469924845877900,112.94746240234376,-0.1066359357707202,0.1485494431968778,0.0189998840242624,0.0024424232542514,-0.0006072246469557,0.0289877243340015,-0.1484991012491285,-0.0311637845486402,-0.1390352534636855,0.0114339180290699,-0.0125979809090495,-0.0209201574325561,0.0650280602276325,0.0667979925096035,-0.0175245507746934,0.004121377132833,0.0063978866674005,-0.0139367207884788
1774469924855903800,112.95748852539064,-0.1007131215929985,0.1155796321395784,0.0167874686717987,0.002620190847665,-0.0029021864756941,0.0254156552255153,-0.2052289964698254,-0.0764145466387271,-0.143120476950705,0.0034221115056425,-0.0086267748847603,-0.0187966078519821,0.0490270657584071,0.0603536386758089,0.0740460639417171,0.0103555712848901,-0.0120908431708812,-0.0110405329614877
1774469924865929800,112.96751440429688,-0.108407183226943,0.0917928791649639,0.0288064077675342,0.0005064400029368,-0.0074956072494387,0.0243722312152385,-0.2121544118188321,-0.0884621273070573,-0.1268710606783628,-0.0022541501093655,-0.0062424461357295,-0.0153771108016371,0.0557511133164167,0.055692661127448,0.1069733510315418,0.0078830625861883,-0.0294721983373165,-0.0071850763633847
1774469924875956800,112.97754150390624,-0.0991121161371469,0.0670472910955548,0.0368476754039526,0.0004266097676008,-0.0139783648774027,0.0247642025351524,-0.1655108801960945,-0.0932896935939788,-0.0755786803364753,-0.0052531515248119,-0.0095981741324067,-0.0158788301050663,0.0514005168914794,0.0772995127797126,0.081722589918971,0.0028699287213385,-0.0397794283926487,0.0017530247569084
1774469924885982800,112.9875673828125,-0.0587444499135017,0.0452950396232306,0.0256616800010204,-0.0049577690660953,-0.0207297466695308,0.0184605009853839,-0.1121498768866062,-0.0586906738996505,-0.0179003983497619,-0.0052997567690908,-0.0161570087075233,-0.0167092029005289,0.0520640953667461,0.1131014785230159,0.0409071799278259,-0.0055715423077344,-0.0393047183752059,0.0074067404493689
1774469924896009800,112.99759448242187,-0.068984688898921,0.0229869078338146,0.0182867673188447,-0.0059855375438928,-0.0238309074193239,0.0196003466844558,-0.0284815597273409,-0.0285480490922927,-0.0002618658065795,-0.0028774866368621,-0.0293498802930116,-0.022236194461584,0.0630909546852111,0.1214034429222345,0.0105541272401809,-0.0104605741798877,-0.0348071753978729,0.0152995511889457
1774469924906036400,113.00762084960938,-0.0652097004048526,0.0145325293518602,0.0262052853584289,-0.0016816033748909,-0.0268274955451488,0.0127032911404967,-0.0007702537201344,-0.0012333411872386,0.013804653468728,0.001886375946924,-0.0433290787041187,-0.0231789536774158,0.0888048032648861,0.1368161161094903,-0.0030798458367586,-0.0188246853649616,-0.0298586543649435,0.020182367414236
1774469924916062400,113.01764697265624,-0.0412678299337625,0.0148251556228846,0.0483493126273155,-0.0034585813991725,-0.0242536067962646,0.0078681819140911,-0.0166867847763001,0.033898177948594,-0.0277440392330288,0.0064925267361104,-0.0526411086320877,-0.0233445074409246,0.1111453760191798,0.1276005439966916,-0.0404606052041053,-0.0221938490867614,-0.0237016920000314,0.020180769264698
1774469924926089400,113.027673828125,-0.0457797544002532,0.0324674875583499,0.080322075471282,-0.0048205219209194,-0.021042900159955,0.0057768011465668,-0.0637993952155113,0.0627414105951786,-0.0593827478170394,0.0093032270669937,-0.0571551658213138,-0.022481644526124,0.1145230357587337,0.1219207447946071,-0.0450327354252338,-0.0190988462418317,-0.0172228049486875,0.0165423136204481
1774469924936115400,113.03769995117187,-0.0463562391139566,0.043257323250547,0.0999450598299503,-0.0076547651551663,-0.0131352376192808,0.0006306050345301,-0.1180769288480281,0.0555804329246282,-0.1172188507139682,0.0024569483939558,-0.056841392070055,-0.0212453305721282,0.1098924533486366,0.1461070915460586,-0.0195943427860736,-0.0118507873266935,-0.0128618795424699,0.0074630640447139
1774469924946142400,113.04772680664064,-0.0577104306906461,0.0490357605215162,0.1030441948890686,-0.0076419818215072,-0.0155499260872602,-0.0015800846740603,-0.138775871875137,0.0150958623230457,-0.155519063013792,-0.006530687212944,-0.0547540076076984,-0.0210064444690942,0.099188396243751,0.1449485691606998,0.0124608376443386,-0.0072484728880226,-0.0151388756930828,-0.0052052410319447
1774469924956168400,113.0577529296875,-0.0747375533372163,0.0639457448836416,0.0869961464077234,-0.0107062943279743,-0.0132148349657654,0.0011775707826018,-0.1641116809226572,-0.0170481654345989,-0.1712862487271428,-0.0146661419421434,-0.0510435216128826,-0.0199286434799432,0.1059198964558541,0.094809450507164,0.0661526803433895,-0.0085962982848286,-0.0214886516332626,-0.0142578585073351
1774469924966195400,113.06777978515623,-0.1022334630280733,0.0759082776170223,0.0730693278640508,-0.007175475358963,-0.0167584381997585,-0.0017252746038138,-0.1511572145424783,-0.0118827454954385,-0.1534896030128002,-0.0163993276655673,-0.0474160276353359,-0.0178353991359472,0.0977539795264601,0.0748433517992496,0.1096989766031503,-0.0123539520427584,-0.0327573716640472,-0.0170966517180204
1774469924976221400,113.07780590820312,-0.1264287237383425,0.0829147223129868,0.0702653763592243,-0.0061391601338982,-0.0224770735949277,-0.0055479286238551,-0.0707189653456211,0.0424386272788047,-0.1167392505034804,-0.0132382484152913,-0.0501899123191833,-0.014216617681086,0.104212654146552,0.0750111095815897,0.1086088432788848,-0.0212350618094205,-0.0477570965886116,-0.0168423205614089
1774469924986247300,113.08783178710938,-0.1298971305012702,0.0932417627990245,0.0515086534410715,-0.003844313789159,-0.0230291467159986,-0.0033742566592991,0.065710635664314,0.0663163464725017,-0.102543551890552,-0.0113303596153855,-0.0563484728336334,-0.0088351685553789,0.1357192607834935,0.0619669190913438,0.0896568900495767,-0.0360080152750015,-0.0729687362909317,-0.0152059867978096
1774469924996274400,113.09785888671875,-0.135351742645353,0.1150366843692958,0.0242214180648326,-0.0021095951087772,-0.0218671169131994,-0.0027664825320243,0.1945185096241533,0.0588765518605709,-0.1596858273044228,-0.0147467255592346,-0.0595115572214126,-0.0067916503176093,0.1921077952206134,0.0582937835365533,0.0943219592511653,-0.0386525355279445,-0.098637618124485,-0.004436430055648
1774469925006300300,113.107884765625,-0.1221783728174865,0.1134503650259226,-0.0032511107504367,-0.0020920182578265,-0.0147903002798557,0.0021089660003781,0.2791384284198284,0.0294938055098056,-0.2526101947173476,-0.0169270560145378,-0.0537029393017292,-0.0115467244759202,0.1998655697405338,0.0832908621490001,0.119089905282855,-0.0404352508485317,-0.1057955920696258,0.0036791136953979
1774469925016327400,113.117912109375,-0.1224994214653968,0.1112707559645175,-0.0231757084041833,0.0027415514923632,-0.0100399609655141,0.0011917613446712,0.3197523244895041,0.0176905549913644,-0.3134694448277354,-0.0126309851184487,-0.0452512353658676,-0.0226748753339052,0.2239692066445946,0.1109825866729021,0.0823527045160532,-0.0432030707597732,-0.0850096270442009,0.0055763497948646
1774469925026353400,113.12793823242188,-0.1260543374679982,0.111781408900395,-0.0105067809671163,0.0016448618844151,-0.0065757213160395,0.0103176161646842,0.2879541875600814,-0.0118500122696161,-0.3232908738791942,-0.0015224074013531,-0.0440413616597652,-0.0368407592177391,0.1831293928645551,0.1035498063236474,0.0051800329864025,-0.0511914901435375,-0.0670426040887832,-0.0029300530441105
1774469925036379400,113.13796411132812,-0.1123221647135913,0.0957369406156241,0.0032452655315399,0.004108362365514,-0.0133561920374631,0.0134252458810806,0.2579671917058527,-0.0531213493347167,-0.2888058359533548,0.0152832195162773,-0.056039024144411,-0.0514902994036674,0.1198120820775628,0.0730190589815378,-0.0587467880010604,-0.0566624216735363,-0.0770736709237098,-0.0036102239973843
1774469925046406200,113.14799096679688,-0.1060452764011919,0.0878716140680015,0.0234726455241441,0.0080035021528601,-0.0097867585718631,0.0164079871028661,0.2051836960233747,-0.0990326211601495,-0.2504495095521211,0.0272437427192926,-0.0783192887902259,-0.0620441362261772,0.0690235596045851,0.0770540135860443,-0.0749655168741941,-0.068699724972248,-0.1117204278707504,-0.0100890733301639
1774469925056432200,113.15801684570312,-0.0992925872705876,0.0975738006539642,0.0261567700415849,0.0075089680030941,-0.0066865109838545,0.0184888076037168,0.2199871512711048,-0.107487730294466,-0.1727490147560834,0.0386423990130424,-0.1062485501170158,-0.0645499601960182,0.0550879732325673,0.1159089371591806,-0.0203308403670787,-0.0779462233185768,-0.1291175335645675,-0.0154311088845133
1774469925066459200,113.1680439453125,-0.1136369005739688,0.1042294591508805,0.0362958867400884,0.0085193710401654,-0.0054934150539338,0.021475275978446,0.2477612933814525,-0.1054278751552104,-0.0677644994542002,0.0470393486320972,-0.1419844478368759,-0.0708177089691162,0.0341274566598236,0.0700619627416133,0.0806283649414777,-0.0889175608754158,-0.1459685862064361,-0.0122692249715328
1774469925076485200,113.17806982421877,-0.1246070612691342,0.1072110322449356,0.0401455479055643,0.0076983063481748,-0.0034393463283777,0.0195385925471782,0.3398701066277921,-0.1071399397701025,0.0057563715696334,0.0483329370617866,-0.1718131005764007,-0.0709224939346313,0.0251110603809356,0.0055377603828907,0.1842512365013361,-0.1057234406471252,-0.1688054502010345,-0.0054605887271463
1774469925086511400,113.18809594726562,-0.1471849499106407,0.1033223542433232,0.0445931749641895,0.00632358295843,-0.0063350014388561,0.0201122388243675,0.4003622769914567,-0.1229296295762062,0.0829369341447949,0.0334836840629577,-0.1946062892675399,-0.0684774443507194,0.0872642958246171,-0.0858750334233045,0.2389589782446622,-0.1217430159449577,-0.1698430627584457,0.0001905928365886
1774469925096538400,113.198123046875,-0.1339684715934097,0.0902536868989467,0.0554740499407052,0.0057014529593288,-0.0053342478349804,0.0164947733283042,0.463857720824331,-0.116303489434719,0.1674219745144247,0.0157756842672824,-0.2072711884975433,-0.073523998260498,0.1235483459964394,-0.1716191339433193,0.2671171512365341,-0.1338566690683365,-0.1729011833667755,0.0142049454152584
1774469925106564400,113.20814916992188,-0.1420877729021012,0.0850861480679363,0.0655909548074007,0.0020417370833456,-0.0072682350873947,0.0195653978735208,0.4932077339492738,-0.1415010590553283,0.1525999606966972,-0.0023780183400958,-0.2109245061874389,-0.0873229056596756,0.0723645405955612,-0.1663748035490512,0.2344108134210109,-0.1365973502397537,-0.1824378669261932,0.0285701286047697
1774469925116591200,113.21817578125,-0.1693627333186566,0.0659783466897904,0.0604138444304466,-0.0012470526853576,-0.0079890331253409,0.0185910239815711,0.5199602779269218,-0.2104232041120529,0.1260012921065092,-0.0080310795456171,-0.224578708410263,-0.1102514117956161,0.0198055013187229,-0.1432277367174625,0.1097556752264499,-0.1507315337657928,-0.194239929318428,0.0379654951393604
1774469925126617200,113.22820190429688,-0.169071056895703,0.0519382039647549,0.0661859980911016,-0.0018766239518299,-0.0118452906608581,0.0225538089871406,0.5457116820380091,-0.2788356460809707,0.068167819558084,-0.0014546699821949,-0.2497136294841766,-0.1403600424528122,-0.0264250655889511,-0.1888444095104932,-0.0627665450364351,-0.1748497784137725,-0.2096194624900818,0.0504687242209911
1774469925136643200,113.23822778320311,-0.1273410162776708,0.0552868568055331,0.0608650953292846,-0.0062862737104296,-0.0068595581687986,0.0236912779510021,0.5258966822385788,-0.2765963427215814,0.0322501184806227,0.0156117584556341,-0.2807601690292358,-0.1751298606395721,-0.0155257781729102,-0.2635463070124387,-0.1583101550370454,-0.2035780996084213,-0.2380061000585556,0.0723724216222763
1774469925146670400,113.24825512695313,-0.123363490948826,0.0720073977209627,0.056522682210803,-0.0035035365726798,-0.0031103598885238,0.0268548466265201,0.3863873815223574,-0.2359440143376588,0.025895488756895,0.0315358638763427,-0.3069760501384735,-0.2113829404115677,0.0197252756893634,-0.2911234652459621,-0.1714151358038187,-0.2259330749511718,-0.2706879079341888,0.0869144350290298
1774469925156696400,113.25828100585936,-0.1402555890388786,0.0777513482004404,0.0556079054534435,-0.0004151484463363,-0.0005734027363359,0.0239423662424087,0.2147448667034506,-0.2337771916925907,-0.008633096049726,0.0272248350083827,-0.3381859362125397,-0.2376937121152877,0.1352196406982839,-0.2876584194839,-0.1130658226877451,-0.2329134941101074,-0.3329845666885376,0.0921976119279861
1774469925166723400,113.26830810546876,-0.1219856267243623,0.097441333380714,0.058734513041377,0.0024938224814832,-0.0019563823007047,0.0252465158700943,0.1544223538182675,-0.1383604229420423,0.0595268324628472,0.0142006436362862,-0.378096342086792,-0.2379320710897445,0.3254685101792216,-0.3599176000088453,0.0369990665733814,-0.2257797420024871,-0.4224794209003448,0.0836376398801803
1774469925176749400,113.278333984375,-0.0996329251408576,0.1102980384748429,0.0513297897428274,0.0018241046927869,0.0014361604116857,0.022774051874876,0.1026569491371512,-0.0360293447583913,0.1395560624673962,0.0117686931043863,-0.4136882722377777,-0.2385198771953582,0.4690229946330189,-0.5212473951280117,0.1261678808450698,-0.2264372706413269,-0.5484991073608398,0.0601261891424655
1774469925186775400,113.28836010742188,-0.0989202468268573,0.1057115874674171,0.0421095414549112,0.0036931112408638,-0.000584646128118,0.0222520716488361,0.0512685610748827,0.1024333695143461,0.171532040181756,0.0226841904222965,-0.4398098886013031,-0.2559840679168701,0.527123301424086,-0.6034539691716432,0.1239542964488267,-0.2133826613426208,-0.6860741376876831,0.0545624494552612
1774469925196802400,113.29838696289065,-0.1148328323602676,0.0886588919881731,0.016982698982954,0.0052850414067506,0.002959695411846,0.02088063955307,0.0978593395970761,0.2108990049302578,0.1904109281748533,0.0523043237626552,-0.4829663336277008,-0.2851994037628174,0.5237573321223259,-0.4554401672214269,0.1786094312220811,-0.1901609599590301,-0.8172094821929932,0.0452778711915016
1774469925206828400,113.3084130859375,-0.1448882172755897,0.0659255935892462,0.0124964934796094,0.0021941768936812,0.0038622405845671,0.0190438590943813,0.3492002450309693,0.3257628169506788,0.2364662846460938,0.0810238495469093,-0.5562586784362793,-0.3029176890850067,0.5956039863236248,-0.3837660931080579,0.1454693781644105,-0.1843045353889465,-0.9827589392662048,0.0220270026475191
1774469925216855400,113.31843994140624,-0.1215723697483539,0.0625455957621335,0.0136702134341001,0.0053351344540715,0.0090623861178755,0.0176292490214109,0.6979144601106644,0.3865811505287885,0.3696256318137049,0.097950093448162,-0.6494725346565247,-0.3036479353904724,0.6606804157376289,-0.5951748011261224,0.0637263299793005,-0.1990685611963272,-1.173805594444275,0.0055566830560564
1774469925226881400,113.32846606445312,-0.1217062252610921,0.0666851797848939,0.0417418771862983,0.0027707763947546,0.0103678675368428,0.0147349257022142,1.0038542400859296,0.2992453969031572,0.4846458034396171,0.0903052240610122,-0.7305369973182678,-0.2928133904933929,0.7788891542717814,-0.9960638784706592,0.1322054074436426,-0.2082049399614334,-1.2963268756866455,-0.0321371220052242
1774469925236907400,113.33849194335936,-0.1219597616307437,0.0690294778887182,0.0557037670433521,0.0020054141059517,0.0141589995473623,0.0168704316020011,1.111098809274286,0.0006365443378686,0.441228686517477,0.0550137609243392,-0.7780300974845886,-0.2949515879154205,0.7661039069786667,-1.272864803853631,0.3287158215373754,-0.1249161809682846,-1.4906953573226929,-0.0748353153467178
1774469925246934400,113.34851904296876,-0.1123063826225698,0.0542859361346811,0.0659025049746036,-0.0011986350873485,0.015414947643876,0.0088471267372369,0.8698059812545775,-0.4815729718655347,0.2705959332630038,-9.98254399746e-05,-0.7660195231437683,-0.3335080444812774,0.768043058347702,-0.9033551996350287,0.5111193843454123,-0.0643486529588699,-1.82869291305542,-0.0549462921917438
1774469925256960100,113.35854467773436,-0.1266026190005242,0.0594869388438761,0.0815051477760076,-0.0032517884392291,0.0174966175109148,0.0069022243842482,0.4508439254723489,-0.9283563699007034,0.0048968321308493,-0.0557267293334007,-0.7497989535331726,-0.404742419719696,0.7491546718738973,-0.4354980339109897,0.2197124259829521,0.0146241942420601,-2.081129789352417,0.018440306186676
1774469925266987400,113.36857202148435,-0.1188905833184719,0.0444958520695567,0.0935211642622947,-0.0036552574019879,0.0156859345734119,0.0013892147690057,0.1982335846245288,-1.168216096377373,-0.1779141424342989,-0.0703826397657394,-0.7643488645553589,-0.5008215308189392,0.9337177508033812,0.235656429567933,-0.2147270387858152,0.1647192388772964,-2.216747999191284,0.1206747516989708
1774469925277013400,113.37859790039064,-0.1348041917651891,0.0489451596286147,0.0893839183270931,-0.0028221134562045,0.0161107685416936,-0.0049737035296857,0.077762307985872,-1.0180115063846111,-0.087763331387937,-0.0455192849040031,-0.793340265750885,-0.6025564670562744,1.4138731109559537,0.9770558111399412,-0.9071358872175216,0.1245049759745597,-2.355611085891724,0.1924293637275695
1774469925287039400,113.3886240234375,-0.1382804895736277,0.0626589199434965,0.0819721807658672,-0.0039683375507593,0.0085492553189396,-0.0088752340525388,-0.0763397278368473,-0.855634832561016,0.0713309597641229,-0.0378192886710166,-0.8331444263458252,-0.673493504524231,1.7329378915727138,0.5409118805408477,-2.113400266960263,-0.0198881179094314,-2.3964905738830566,0.2708798050880432
1774469925297066400,113.39865087890624,-0.145430361328274,0.0801010531317442,0.0888666164547204,-0.0022288698237389,0.0052045020274817,-0.0104627180844545,0.0784871151290833,-0.7043009462773799,0.2820689289137721,-0.0489560142159462,-0.9195512533187866,-0.7000383734703064,1.3845160835683346,-0.0510293454915285,-2.0543892750650645,-0.1068792045116424,-2.255834579467773,0.3327913582324981
1774469925307092400,113.40867700195312,-0.1367738844029605,0.0811105955004692,0.0880254894554615,-0.0041354270651936,0.0041086114943027,-0.0111652594059705,0.4242728755414485,-0.2976771246731281,0.4555211235031485,-0.0599822998046875,-0.9675986170768738,-0.7325830459594727,0.7200352526344358,-0.2538099258959293,-0.9673556703805924,-0.198429673910141,-1.9999884366989136,0.3827340602874756
1774469925317119400,113.41870385742187,-0.0906511617839336,0.0878722716551274,0.0662222384482622,-0.0033051436766982,0.0059262500144541,-0.0063271080143749,0.4539116424798965,0.1926689362347126,0.5001505388244987,-0.0633905231952667,-1.0168839693069458,-0.7568119764328003,0.1014859325964003,-0.4223141426891088,-0.1414659877419471,-0.2873044013977051,-1.6479393243789673,0.4160840213298797
1774469925327145400,113.42872998046874,-0.0645364773184061,0.0930185485024005,0.0381862305313348,-0.0054234219714999,0.0154435886070132,-0.0080933161079883,0.503684996560961,0.4980412915855646,0.5661489053890109,-0.0765039250254631,-1.049828052520752,-0.7458203434944153,0.0976970617074519,-0.5601455733209848,0.414083489960432,-0.137735903263092,-1.138264775276184,0.2965294420719147
1774469925337171400,113.438755859375,-0.0732834090061485,0.1172845363613218,0.0180909524857997,-0.007721796631813,0.0242469925433397,-0.0055926218628883,0.4211445143878459,0.514888966012001,0.3424190604582429,-0.1124647334218025,-1.0879724025726318,-0.730620801448822,-0.0846515560429543,-1.1165636505514382,0.8842816658526659,0.062794804573059,-0.864659309387207,0.3409997224807739
1774469925347198400,113.44878295898438,-0.0823410140782594,0.1191018149163573,0.0103273327469825,-0.0076839802786707,0.0276784747838974,-0.0031955107115209,0.512888878235966,0.6296855580151081,0.1696636159613728,-0.1217847317457199,-1.1307345628738403,-0.7355239391326904,0.2761959452271461,-0.0503735119313001,0.2001402950286865,0.0264448560774326,-0.6930157542228699,0.3549518883228302
1774469925357224400,113.45880883789064,-0.1087421142697334,0.1241257805582135,0.0116635497868061,-0.0091037908568978,0.0274500045925378,-0.0043218089267611,0.6640950464867055,1.0007225179314614,0.2347068737581372,-0.0916025936603546,-1.1904363632202148,-0.7423903942108154,1.1073498320043087,0.1367921507120132,-1.2295926483601332,-0.0780312195420265,-0.394698292016983,0.3228450715541839
1774469925367251400,113.4688359375,-0.1120855794787406,0.1327886872243136,0.0136737205654382,-0.0057633877731859,0.0210269931703805,-0.0074845794588327,0.7057857780076563,1.304431323984265,0.3679235040709376,-0.0684298947453498,-1.2758324146270752,-0.7121845483779907,0.8641806156534702,-0.3895487681627273,-1.4497674311578272,0.0319562666118145,-0.2528253197669983,0.3249817192554474
1774469925377277500,113.47886206054687,-0.0927190540991723,0.126394236946851,0.0320756386965513,-0.0039331167936325,0.0148198762908577,-0.0054642437025904,0.8007258691571653,1.2288742709577083,0.4439642489612102,-0.0968587175011634,-1.361994385719299,-0.6535133123397827,0.4634849419891834,0.1608779596984386,-1.0028425788253543,0.161557137966156,-0.3997335433959961,0.3980474174022674
1774469925387303500,113.48888818359374,-0.0690500092200934,0.1178679622724652,0.0675052639961242,-0.0019900747574865,0.0071518365293741,-0.0066213873215019,0.8494153735242783,0.6425403634130954,0.3226449771910906,-0.1913434118032455,-1.3962429761886597,-0.5913335680961609,0.7395872906487435,0.6384457875758409,-0.8841746983468532,0.0738381594419479,-0.6853638291358948,0.4541656374931335
1774469925397330400,113.49891479492187,-0.0316898542493581,0.106869817591831,0.0858329478472471,0.0016764188185334,0.0019249385222792,-0.0031319088302552,0.6947790116291492,-0.2268932773977518,0.0669470455914735,-0.3154921531677246,-1.3917832374572754,-0.5470067262649536,1.2796294756829738,-0.2008236011177301,-0.5643874486744404,0.3107196688652038,-0.9842573404312134,0.3989497721195221
1774469925407356300,113.50894091796874,0.0018266309052705,0.0927737799610942,0.0883399622321128,0.0009150209953077,0.005467209033668,-0.0004682149738073,0.58739759125337,-0.7901888391822576,-0.0308408362045884,-0.3819931447505951,-1.392309308052063,-0.5350092053413391,1.1610568722724914,0.3272702989041805,0.2795464246988296,0.4704780280590057,-1.0951508283615112,0.4990394413471222
1774469925417383400,113.5189677734375,-0.007990560362488,0.1030490171946585,0.087817399662733,0.0007624615682289,0.0077307485044002,0.0080468663945794,0.539843520656973,-0.7778893295794725,0.0480856932550668,-0.3306355774402618,-1.435234785079956,-0.573491632938385,0.2361339474191889,1.0208499446809292,-0.1976806269168853,0.5625686049461365,-1.175052285194397,0.6472043991088867
1774469925427409300,113.52899389648438,0.0023638065218925,0.1259277154136449,0.0655564680159092,-0.0028189574368298,0.0117638390511274,0.0134978247806429,0.5076524388872087,-0.3963987801879644,0.19690730445683,-0.2049327939748764,-1.532090187072754,-0.6238871812820435,1.5181787040829655,1.4350935936391354,-1.2479665094405412,0.5498533248901367,-1.243139147758484,0.7233676314353943
1774469925437435200,113.53901977539064,0.0033304595969617,0.1600930198658257,0.0424468105852603,-0.0011181831359863,0.0167143587023019,0.0159503761678934,0.4525612507842481,-0.1796896276742219,0.0857657278299331,-0.1196376085281372,-1.6397311687469482,-0.6479355096817017,2.37913268584013,0.2241144603341817,-2.353760928696394,0.3072504997253418,-1.2042109966278076,0.8643588423728943
1774469925447462400,113.54904711914062,-0.0157796068035066,0.1669869440980255,0.0223263980984687,-0.0010790347587317,0.0175937358289957,0.0196455121040344,0.2908532700024545,-0.3097767277896404,-0.2307566748276352,-0.1274265646934509,-1.720611333847046,-0.6416190266609192,1.5828385155200957,-0.4947463416934013,-2.6414316231399773,0.0579625703394413,-0.9451435804367064,1.0131169557571411
1774469925457488400,113.55907299804689,-0.02148468657732,0.1573433558315038,0.0031061493217945,-0.0001698437845334,0.014542257413268,0.0178398564457893,0.0962906289756298,-0.54570086838305,-0.5452653995752335,-0.1976727247238159,-1.790157914161682,-0.614121675491333,0.9193663501720876,-0.3153536511391401,-1.4673673852562903,0.0236456077545881,-0.6387516856193542,1.059893250465393
1774469925467515200,113.56909985351562,-0.0275907483674585,0.162427965619415,-0.0085720135122537,-0.0001751700183376,0.0084806364029645,0.0191474687308073,-0.0334510187029838,-0.5854530330568551,-0.6404436833947896,-0.2756980061531067,-1.860406994819641,-0.5588549375534058,1.028472110122442,-0.7798837182670831,-0.5007558112412691,-0.0110842073336243,-0.5595501065254211,0.96418559551239
1774469925477541200,113.57912573242189,-0.0369417834281921,0.1577622388307005,-0.0235725987672805,0.0041671660728752,0.0020670918747782,0.0188549775630235,-0.1434266202904283,-0.4654799151986837,-0.601701280285418,-0.3209536969661712,-1.919067621231079,-0.4858006834983825,0.4813550182659178,-1.5028940411895513,-0.5986462766289711,-0.0824193730950355,-0.6760514378547668,0.9541704654693604
1774469925487567200,113.58915185546876,-0.0266653040856122,0.1537270650304854,-0.01096621517241,0.0028291940689086,-0.0012275045737624,0.0235930085182189,-0.2910137212611735,-0.3294903130412102,-0.6607143180072307,-0.3324311375617981,-1.9434800148010247,-0.4098023176193237,-0.1551402197640389,-1.0992279003471137,-0.6624082624435425,-0.0850633308291435,-0.7993177771568298,0.94669771194458
1774469925497594400,113.59917895507812,0.0003111117757856,0.1619437622990459,0.0101882165372371,0.0016370834782719,-0.002797941211611,0.031606413424015,-0.501081536064297,-0.330846403825283,-0.821454915061593,-0.3316371738910675,-1.924365520477295,-0.3345938920974731,0.1049707059722393,-0.554908257189393,-0.5375812748134136,-0.0611593313515186,-0.8839306831359863,0.9625065326690674
1774469925507620400,113.609205078125,-0.0050784723080694,0.1515560776669532,0.0309019187420606,0.0003947188379243,-0.0046352562494575,0.0364333912730217,-0.676698945863545,-0.3648182315319776,-1.003249698321521,-0.3359482884407043,-1.8905057907104488,-0.2445462942123413,0.5534533822059631,-0.1054039097577333,-0.4181406563967466,-0.0388777069747448,-0.8995345234870911,0.9919971823692322
1774469925517647400,113.61923217773438,0.0128946990169584,0.1467822143286466,0.0439677365422248,0.002004309091717,-0.0015505719929933,0.0444193445146083,-0.7998986245527863,-0.3793213886588811,-1.2257125920563936,-0.3555901050567627,-1.857798933982849,-0.1414535194635391,0.5382615852277726,-0.1619499728441238,-0.3830301800489425,0.006174724549055,-0.8356168270111084,1.01226544380188
1774469925527673200,113.6292578125,0.0010914484985172,0.1486770881645381,0.0662631549805402,0.0020077710505574,0.003714763559401,0.0531648993492126,-0.8246833755888044,-0.4552098655968904,-1.4717846171766518,-0.3906093537807464,-1.8401058912277224,-0.0273442547768354,0.3227600549381226,-0.6986153018563985,-0.5908113452196121,0.00247573107481,-0.73322594165802,1.0175021886825562
1774469925537700200,113.63928491210936,-0.0137666595458984,0.1523300577141344,0.0790916568934917,0.0030719030182808,0.0054932804778218,0.0582051873207092,-0.7893104489125311,-0.5136877735286951,-1.6560089656710624,-0.4345855116844177,-1.82244610786438,0.097876101732254,0.0787817872267216,-1.1282377217322588,-0.9617419221520424,-0.023964399471879,-0.6329134702682495,0.987317144870758
1774469925547726200,113.64931079101562,-0.0459608100555837,0.1473300574697554,0.0853425339818,0.0039693880826234,0.0054029989987611,0.0614031106233596,-0.8446002283275127,-0.4948398651957512,-1.7289754176825285,-0.4863666594028473,-1.7896857261657717,0.2276173084974289,-0.2536860072553157,-1.1922434531748294,-1.065492804005742,0.0044102817773818,-0.5468992590904236,0.9568606615066528
1774469925557752400,113.6593369140625,-0.0825847597062587,0.1330742992326617,0.0898281549632549,0.00595971243456,0.0024038918782025,0.0626377537846565,-0.9073908848918972,-0.3875549639970064,-1.743745116791129,-0.5411573052406311,-1.7431234121322632,0.349949449300766,-0.5966483808100224,-0.839015706193447,-0.6659761840581894,0.0385149903595447,-0.4705653190612793,0.9689636826515198
1774469925567779400,113.66936401367188,-0.1203922200530767,0.1079327706482261,0.0790881497621536,0.0079107442870736,0.0018004197627305,0.0606326572597026,-0.8657178351581096,-0.2298667402505874,-1.692347230248153,-0.5886252522468567,-1.7023110389709473,0.4562053382396698,-0.4764484684586524,-0.7272580434948206,-0.2523252402961254,0.0887384191155433,-0.4139589965343475,0.9367324709892272
1774469925577805400,113.67939013671877,-0.1329723001629114,0.0901623553536832,0.0764443572551012,0.010161941871047,0.0008596144616603,0.0597171895205974,-0.8016440069153904,-0.1193336509108543,-1.7444126407891511,-0.6342656016349792,-1.665588617324829,0.5554628372192383,-0.3050830170154571,-1.3472142346560954,-0.1826023002505302,0.1797386258840561,-0.4140934944152832,0.9157049655914308
1774469925587832200,113.68941674804688,-0.1303863753229379,0.0638565322302281,0.078453358989954,0.0082761570811271,0.0010795914568006,0.0618533082306385,-0.732030810854584,-0.0751648388385772,-1.858630263860524,-0.6695525050163269,-1.6301437616348269,0.6428885459899902,-0.2206581093352287,-1.0915291625380514,-0.1408575004547834,0.2486056983470916,-0.3798472881317138,0.932921826839447
1774469925597858200,113.69944287109377,-0.1215881518393754,0.0459607369903475,0.0940460649192333,0.0090881949290633,0.0031053097918629,0.0664373040199279,-0.5976293546713888,-0.1262690031319856,-1.9945918089672925,-0.6984119415283203,-1.5928210020065308,0.7210218906402588,-0.3012438772439956,-0.754572166877985,-0.1517436361283063,0.3330912888050079,-0.344942569732666,0.9448298811912536
1774469925607884100,113.70946875,-0.1087761626698076,0.0428752651304006,0.1009329018235206,0.0067190467379987,0.0075930026359856,0.0657542049884796,-0.4577520974256098,-0.2282961299329996,-2.182758173085749,-0.7230011820793152,-1.549492359161377,0.7902896404266357,-0.3604957652229815,-0.8304016071051359,-0.2316501165360212,0.3874562978744507,-0.2967870533466339,0.9491896629333496
1774469925617911400,113.71949609375,-0.0874912364482879,0.0519710102558136,0.0933370398670434,0.0048962053842842,0.0164216477423906,0.066316470503807,-0.3753193134106695,-0.3001145809531211,-2.35830997030288,-0.734998345375061,-1.4970982074737549,0.8503445386886597,-0.5014588449440897,-1.0406962164014577,-0.3564589839875698,0.429909735918045,-0.1952114403247833,0.9452521800994872
1774469925627937400,113.72952197265624,-0.0917715441159904,0.057462228083238,0.0882896933495998,0.0046181716024875,0.0273778922855854,0.066522866487503,-0.3863926422193646,-0.3460726145297289,-2.516274380642176,-0.7276996374130249,-1.4470622539520264,0.9029520750045776,-0.7027016943871974,-1.1594687262982128,-0.1605009430795907,0.4969021379947662,-0.1053308472037315,0.9483969211578368
1774469925637964400,113.73954907226565,-0.0940570247046649,0.0401848570026457,0.0841413414984941,-0.0002650931710377,0.0334190055727958,0.0651419311761856,-0.4239081338822841,-0.3989484646707772,-2.6267875962376595,-0.7014872431755066,-1.4197863340377808,0.9388172030448914,-0.8091642463523894,-1.1860475211441517,0.1026876365363597,0.5930664539337158,-0.0936512872576713,0.9482997059822084
1774469925647990400,113.74957495117188,-0.0957850175410509,0.0275822728000581,0.0734288088262081,-0.0016994717298075,0.044708676636219,0.0584821738302707,-0.4280547321677208,-0.4757464576691388,-2.726969095171988,-0.6473768949508667,-1.4201394319534302,0.9636037945747375,-0.7131563067756593,-1.0273924981921911,0.1376572431087493,0.697904109954834,-0.1085305586457252,0.9338425993919371
1774469925658016400,113.75960107421876,-0.0980574925176799,0.0179422647301107,0.0877256297260522,-0.0036555777769535,0.0532227456569671,0.045168399810791,-0.4748737664878368,-0.4910293669968843,-2.745889776480198,-0.5858127474784851,-1.4452581405639648,0.9716977477073668,-0.4993405376158654,-0.7927706723690032,0.065952189335227,0.8047072887420654,-0.094381183385849,0.9312561750411988
1774469925668043400,113.7696279296875,-0.0791501090824604,0.0019523031115531,0.0737695850878953,-0.0049575977027416,0.0599970296025276,0.02932152710855,-0.4667126718640327,-0.481179004111886,-2.633692845581472,-0.5307303071022034,-1.496179223060608,0.97213476896286,-0.541055819056183,-0.6997042661368846,0.0707218879550695,0.8971880674362183,-0.0518317595124244,0.9266819357872008
1774469925678069400,113.77965405273436,-0.0495766624651849,-0.0206614605609327,0.0753659143686294,-0.0061074011027812,0.076748251914978,0.0126609168946743,-0.4041074548691511,-0.4770002571225166,-2.503425420463085,-0.4883603453636169,-1.5752331018447876,0.9568313360214232,-0.8015548673272133,-0.7478402282744646,0.0555418544799089,0.9785255789756776,0.01636753231287,0.9312939643859864
1774469925688096400,113.78968090820312,-0.0659492667257785,-0.0224706288747489,0.0782587132006883,-0.0044381320476531,0.0895599275827407,-0.0040363045409321,-0.3210571234777569,-0.4589455449938774,-2.373660684169829,-0.4580415785312652,-1.6712278127670288,0.93390154838562,-1.0327541713558137,-0.8253414011061191,0.120332014298439,1.0660094022750854,0.0959372445940971,0.93709534406662
1774469925698122400,113.79970703125,-0.0725460346423089,-0.0283617327399551,0.069613049930334,-0.0081212585791945,0.0989191308617591,-0.0145091218873858,-0.3323986017033457,-0.3709919517308473,-2.1553375205881893,-0.4382201135158539,-1.770742416381836,0.9046796560287476,-1.2210009072341024,-0.8652063785046339,0.3285328661859035,1.1646989583969116,0.1275457739830017,0.9628254771232604
1774469925708148400,113.80973291015626,-0.0571428599357604,-0.0313718012761324,0.0274812966436147,-0.0097308736294507,0.1001857295632362,-0.0305386874824762,-0.4198118044793605,-0.2127899332433938,-1.8698583448395127,-0.42476686835289,-1.874739050865173,0.8698514103889465,-1.374023769517988,-0.8465291505634784,0.6159510471731424,1.2942049503326416,0.0855656266212463,1.0129765272140503
1774469925718175400,113.81976000976564,-0.061934039735049,-0.0050134442478418,0.0134346511125564,-0.0137396631762385,0.1028725281357765,-0.0464531891047954,-0.5353139144033193,-0.0493336474895477,-1.5765034672796725,-0.4135581254959106,-1.991631865501404,0.83420330286026,-1.4844352783046662,-0.6654992141962051,0.8226140219688415,1.4203839302062988,0.0067006372846663,1.0735280513763428
1774469925728201400,113.82978588867188,-0.0301494929395616,0.0163302994888275,-0.0055652329117059,-0.0174260102212429,0.097076691687107,-0.0541164353489875,-0.5850082118988037,0.0772562581598758,-1.4156180549271404,-0.4062592089176178,-2.1118831634521484,0.7975097298622131,-1.6024728980556129,-0.612046440950036,0.8060977714538574,1.521682620048523,-0.0396646670997142,1.136349320411682
1774469925738228400,113.83981298828124,0.0996248879648745,0.0178867351505905,-0.0327788185298442,-0.0227420125156641,0.0966394618153572,-0.0628233924508094,-0.6028107028320432,0.0917506474584341,-1.4886863598778843,-0.4060992896556854,-2.2091782093048096,0.7623787522315979,-1.7944766483798622,-0.7524532750278711,0.7322393390387296,1.607297658920288,-0.0502233020961284,1.1892898082733154
1774469925748254400,113.8498388671875,0.2038788970351219,-0.0009930296253412,-0.081683426952362,-0.0263492632657289,0.1092769652605056,-0.0871955752372741,-0.6501596062451601,-0.0079997665822505,-1.8286279243066903,-0.4171149432659149,-2.253291130065918,0.7384880781173706,-2.019879979480803,-0.96732235263288,0.8656769186258315,1.7019397020339966,-0.0581121891736984,1.2524865865707395
1774469925758280400,113.85986499023436,0.2432341713458299,-0.0206475781660527,-0.1137748477399349,-0.0337754115462303,0.1256162226200103,-0.1178618222475051,-0.8052548908889293,-0.1227735622316598,-2.257345504297316,-0.4350310564041137,-2.2377426624298096,0.7274681925773621,-2.203288773808628,-0.901379515647888,1.1724082873702049,1.8031299114227293,-0.099020205438137,1.2973127365112305
1774469925768307400,113.86989184570312,0.2387503039300441,-0.0720909112859517,-0.1433335351794958,-0.0372234061360359,0.143853560090065,-0.1579242944717407,-0.9914876565963028,-0.1420879190325737,-2.541506144793332,-0.4501847326755523,-2.1814005374908447,0.7261038422584534,-2.3173113126993177,-0.8040215497016906,1.393686647495627,1.869854211807251,-0.1648052632808685,1.318795919418335
1774469925778333400,113.87991796875,0.1806144874341785,-0.1658271065384149,-0.2053326029747724,-0.0396931916475296,0.1585079431533813,-0.2035284042358398,-1.1838576098844409,0.0203758485525846,-2.636732651668787,-0.4548568725585937,-2.1153578758239746,0.7414425611495972,-2.3302175560235976,-0.8960872544586658,1.3741969341278075,1.929860234260559,-0.2451235502958297,1.317110300064087
1774469925788360600,113.88994506835938,0.0893823108918964,-0.2718501711077988,-0.2753741074502468,-0.0315263420343399,0.174611285328865,-0.262540340423584,-1.3985183054357766,0.343388490012288,-2.665436475844681,-0.4555612802505493,-2.051100015640259,0.7702294588088989,-2.284600298708677,-0.9688888712972402,1.2992384315162897,1.9595372676849363,-0.3208944201469421,1.3016788959503174
1774469925798386500,113.89997119140624,-0.0138585756130516,-0.3863987066339701,-0.3330991511881351,-0.0196582078933715,0.1777701079845428,-0.323045402765274,-1.5960490024879574,0.6655851389139891,-2.7597382690906525,-0.45503631234169,-1.988467812538147,0.8137181997299194,-2.3778897000417114,-0.9140537037819624,1.1506798551648854,1.9641839265823364,-0.3663077056407928,1.2712112665176392
1774469925808412300,113.90999682617188,-0.1111462528020143,-0.4402051156233996,-0.3294920666068792,-0.0075360303744673,0.1690322905778885,-0.3797747194766998,-1.7960256313875316,0.9018588235974312,-2.981230856488645,-0.4616822302341461,-1.9128143787384035,0.8747221827507019,-2.501348906449973,-0.8683475991398095,1.0805518414497377,1.95915949344635,-0.3765034973621368,1.231591820716858
1774469925818439300,113.92002392578124,-0.1705079578310251,-0.4381725138172507,-0.273296132132411,0.0039113434031605,0.1553728133440017,-0.4271913170814514,-1.9681112137988208,1.1295271770209074,-3.170964616054296,-0.4797458350658417,-1.831959247589112,0.9500789046287536,-2.4518872486665844,-0.7730483192890882,1.102903081728518,1.947888731956482,-0.3463333547115326,1.1754523515701294
1774469925828465300,113.9300498046875,-0.1125824230849742,-0.3640290539156645,-0.1949795512646436,0.0124710090458393,0.1418937593698501,-0.4614065289497375,-2.0425223116606475,1.37825819221735,-3.2737390540912745,-0.4954739511013031,-1.745763063430786,1.0342999696731567,-2.551403269429505,-0.6693874538064003,1.456537948206067,1.9926484823226929,-0.2557947337627411,1.0552406311035156
1774469925838492300,113.94007690429687,-0.0117294546298682,-0.2009959620099514,-0.0971241571903228,0.0128326546400785,0.1400044858455658,-0.4986404776573181,-2.0656980200648305,1.541435076507926,-3.338357364474237,-0.5045145153999329,-1.6495072841644287,1.115165948867798,-2.5704770954728127,-0.4001280298441648,1.6183695553675292,2.029362201690674,-0.2683620750904083,0.9891876578330994
1774469925848518400,113.95010302734374,0.058877282512933,-0.012681056266278,0.0215068984091281,0.0047986968420445,0.1381013989448547,-0.5235410332679749,-2.0727070220440624,1.5930962901622057,-3.414223629580438,-0.5143862962722778,-1.5330108404159546,1.1763054132461548,-2.6603458747074007,-0.1186988601386547,1.7069021175622938,2.062450885772705,-0.2792240381240845,0.9278523921966552
1774469925858544400,113.96012915039064,0.1660591617286205,0.1595874084312468,0.1340788001000881,-0.0097549855709075,0.1399066299200058,-0.5539883375167847,-2.132548327283561,1.589466409227252,-3.4352702170014378,-0.5197798609733582,-1.4111913442611694,1.2319799661636353,-2.7374586327433583,0.0953553939521312,1.7502806560397146,2.0759644508361816,-0.2721166908740997,0.8688620924949646
1774469925868571200,113.97015576171874,0.3095885117411613,0.2716233035493642,0.2149216845750808,-0.0251954607665538,0.144032672047615,-0.588854193687439,-2.198181659927964,1.498472717615962,-3.43558352073431,-0.5106867551803589,-1.2917970418930054,1.266621470451355,-2.7828429580852387,0.1949339585572481,1.7396040714636445,2.068993091583252,-0.235497161746025,0.8080570697784424
1774469925878597200,113.98018188476564,0.4095345944844186,0.301314019870758,0.2555471249520779,-0.0399960353970527,0.1518469899892807,-0.6297253966331482,-2.260657113063336,1.3979256002396343,-3.354915992826223,-0.488935261964798,-1.1868075132369995,1.2754313945770264,-2.8938951028630138,0.3224859872370958,1.8084090198814868,2.0513012409210205,-0.1858581304550171,0.7642330527305603
1774469925888624200,113.99020874023438,0.4154559473574161,0.2373886601880192,0.2498667412281036,-0.0531376712024211,0.1603254377841949,-0.6790234446525574,-2.3634289207518098,1.2873013254851102,-3.333642026390135,-0.4591680467128753,-1.1053155660629272,1.260001301765442,-3.0414114766851066,0.4349737177759408,1.9227964465618133,2.0177459716796875,-0.1474872976541519,0.7282886505126953
1774469925898650200,114.00023486328124,0.3024398090302944,0.0556640195548534,0.2181827321976423,-0.0654478222131729,0.1496537327766418,-0.734310507774353,-2.463846274268627,1.17827338001132,-3.3452167288497088,-0.4258018732070923,-1.0513794422149658,1.2225806713104248,-3.135824329090118,0.5161170465022326,2.105651552529633,1.9668620824813845,-0.1280691772699356,0.694237232208252
1774469925908675400,114.01026000976564,0.1927174515515565,-0.1783008767295628,0.1712958933383226,-0.0707248747348785,0.1227206587791442,-0.7950342893600464,-2.509772743663192,1.056082001581788,-3.374868063008785,-0.3928116858005523,-1.0268133878707886,1.167554259300232,-3.19657398134619,0.6364268489688635,2.342488131792843,1.9118214845657349,-0.117025040090084,0.6571327447891235
1774469925918702700,114.02028735351564,0.2178795114673674,-0.3804850256107747,0.1342325293570757,-0.0810770094394683,0.1017789542675018,-0.8564650416374207,-2.487662618663907,0.917957725483179,-3.4410321415290235,-0.3634606301784515,-1.0158398151397705,1.0899958610534668,-3.2469115451812742,0.8167156115800142,2.621696410578489,1.8752211332321167,-0.1275714933872223,0.6261608600616455
1774469925928728700,114.03031323242188,0.3479484914042055,-0.4748004089906811,0.0775093561381101,-0.0965305343270301,0.098842017352581,-0.9039236307144164,-2.4966145714044568,0.7959872963279485,-3.508575983969867,-0.3405734300613403,-1.001559853553772,0.991998851299286,-3.258936621756852,1.063759696602821,2.894764871434868,1.858254671096801,-0.1683487594127655,0.5919783711433411
1774469925938755700,114.04034033203123,0.4498967077501118,-0.528691171795316,0.0121779290497303,-0.1104904115200042,0.1030893996357917,-0.956125259399414,-2.461749009728432,0.6680506522446871,-3.591313596150279,-0.3162685632705688,-0.9853671789169312,0.874921441078186,-3.1890847946345806,1.3875298784315586,3.0650910429582,1.8262187242507928,-0.2113770544528961,0.5694394707679749
1774469925948781700,114.0503662109375,0.5193376159839331,-0.4942445661837235,-0.0307598799228668,-0.1246259286999702,0.1255683451890945,-1.0049282312393188,-2.464353639268875,0.5095855989068746,-3.7127892275258896,-0.2933435440063476,-0.9491287469863892,0.7393582463264465,-3.194935858750343,1.583503701430559,3.009084201315045,1.788013219833374,-0.2305323779582977,0.5523435473442078
1774469925958807700,114.06039233398438,0.5467056615114212,-0.4363089849676936,-0.0652227060168981,-0.1454213708639145,0.1437336206436157,-1.0718233585357666,-2.4910505075365306,0.2565478264272213,-3.988035909204185,-0.2789551317691803,-0.8938047885894775,0.5840960144996643,-3.213646696700156,1.7277140194445848,2.9687860931962726,1.753419041633606,-0.2379825711250305,0.5348436832427979
1774469925968834400,114.0704189453125,0.5860685346066952,-0.4097972274759784,-0.1011760629296302,-0.1631630808115005,0.1599054038524627,-1.1519900560379028,-2.4818314282923937,-0.0899444748193025,-4.373385179850459,-0.2713797688484192,-0.8211766481399536,0.4108233451843261,-3.179435507279634,1.7741303181827068,2.9874440319150684,1.714916110038757,-0.2342794388532638,0.537743330001831
1774469925978860600,114.0804453125,0.7193630524612963,-0.38070937241856,-0.1061637882143259,-0.1857158690690994,0.1622061729431152,-1.226897120475769,-2.456900400653481,-0.5006014974623918,-4.8050282918989655,-0.2653766572475433,-0.7214037775993347,0.2368996739387512,-3.245955559630692,1.9764210692435504,3.1262413849696515,1.6734791994094849,-0.1999261975288391,0.5363025665283203
1774469925988887700,114.09047216796876,0.8490266664676368,-0.4006216585800051,-0.1070090068668127,-0.1985387206077575,0.168744757771492,-1.308869242668152,-2.4539257687568665,-0.8666004632115364,-5.101728095972538,-0.2555610537528991,-0.5876323580741882,0.0712784975767135,-3.42300431740731,2.241286057639122,3.264836785711348,1.615628957748413,-0.161757230758667,0.523474931716919
1774469925998913600,114.10049829101564,0.9114721628561616,-0.4731152323827147,-0.159521284392476,-0.2101424932479858,0.1864027827978134,-1.3916358947753906,-2.449623103126884,-1.0892962889194489,-5.193381128275394,-0.2308513820171356,-0.4174876511096954,-0.0970975160598754,-3.519329725435376,2.294072475931048,3.43364349258244,1.548059105873108,-0.1362906992435455,0.5080505013465881
1774469926008939600,114.11052416992187,0.9034406859613956,-0.6149349289331585,-0.186304661899805,-0.2127846181392669,0.1897101700305938,-1.4893674850463867,-2.375124619242549,-1.269561670655012,-5.150601140213013,-0.1905902475118637,-0.2312783598899841,-0.2760965526103973,-3.610992110088467,2.307392560753226,3.752984459792077,1.4728370904922483,-0.0929866358637809,0.4860208630561828
1774469926018966600,114.12055126953123,0.874003432944417,-0.753038235308975,-0.17693302244246,-0.2042060494422912,0.1740195602178573,-1.5819870233535769,-2.3092051631331443,-1.4552461548298596,-5.076572611927986,-0.1398268342018127,-0.031149523332715,-0.444828450679779,-3.7263112646609535,2.4616245065659283,4.146566721254587,1.3882783651351929,-0.0454244650900363,0.4430381655693054
1774469926028992600,114.1305771484375,0.9248232273384928,-0.775083332248032,-0.0616021774321794,-0.1997865289449691,0.1469383984804153,-1.6646640300750732,-2.450743047067523,-1.762980563136935,-5.216557421201467,-0.0895000100135803,0.1968309134244918,-0.6169583797454834,-3.7974239054992793,2.607552149891853,4.471807560157775,1.3145122528076172,0.0015891161747276,0.3964182138442993
1774469926039019600,114.14060424804688,1.099160826460272,-0.571539877712354,0.1682113713264465,-0.2042033225297927,0.1417001783847808,-1.7232609987258911,-2.766471376737952,-2.164678618776798,-5.507770318296552,-0.029749346897006,0.4292804598808288,-0.813706636428833,-3.8374662852913137,2.724585122644901,4.821321839573979,1.2562916278839111,0.0460922047495842,0.3511382639408111
1774469926049045600,114.15063012695312,1.186086099588871,-0.3355796063596382,0.391311686182022,-0.2179931700229644,0.1538324803113937,-1.7619396448135376,-3.2694331735908984,-2.5223510702073573,-5.6725452854335305,0.046637836843729,0.6455557942390442,-1.0165449380874634,-3.899386442631483,2.7874101198703047,5.213433736222982,1.1851348876953125,0.103151760995388,0.279869943857193
1774469926059071600,114.16065625,1.1193788541026413,-0.1847185617521405,0.5641518863528967,-0.2309648245573043,0.1483292579650879,-1.80411159992218,-3.529913663291931,-2.799983185717464,-5.660362095686793,0.1226091831922531,0.8454909920692444,-1.1975651979446411,-3.9367973048761487,2.7142764945983884,5.55506982960999,1.0821789503097534,0.1802749335765838,0.204412579536438
1774469926069098600,114.17068310546875,1.051665354183316,-0.0544954872321337,0.6648778674274682,-0.2445589303970337,0.1326376497745514,-1.8435863256454468,-3.342924526259303,-3.0121552793234585,-5.787657519257069,0.1791867166757583,1.0667251348495483,-1.3455215692520142,-3.967001012220978,2.4733330645382403,5.911786003229022,0.9621116518974304,0.2942691743373871,0.1250951141119003
1774469926079124600,114.18070922851562,1.016298857247829,0.0126047030944377,0.6668062051415443,-0.2617668211460113,0.1133458241820335,-1.8885719776153564,-3.4686505085557697,-3.500218197730184,-6.424487103807926,0.2212215960025787,1.3632724285125732,-1.4857312440872192,-3.960734353041649,2.3224691338539123,6.4355345675230025,0.8369467854499817,0.4397010505199432,0.0346778258681297
1774469926089151600,114.19073608398438,0.9406190546244382,0.0246995935032144,0.5846463928490877,-0.280130922794342,0.0983346477150917,-1.9356635808944704,-4.284980335688591,-4.466911020287872,-7.332853409603238,0.2574352622032165,1.7386412620544434,-1.629506230354309,-3.8216847787916657,2.403136661761999,7.046580891519785,0.6597294211387634,0.5987021327018738,-0.0618391260504722
1774469926099177600,114.20076220703125,0.8113163828849792,-0.0334970498017966,0.3759153796076774,-0.2964376211166382,0.0887331292033195,-1.9938544034957888,-5.483889676493406,-5.74656738397777,-8.059816854065657,0.29517462849617,2.1827375888824463,-1.7968297004699707,-3.782775786943733,2.401523965868354,7.382416189673543,0.4486673474311828,0.7375549674034119,-0.1529408097267151
1774469926109203600,114.2107880859375,0.7479249839484691,-0.1720365921704098,0.2345031678795814,-0.3169250786304474,0.0954331085085868,-2.028018951416016,-6.62836074014604,-6.978152667459845,-8.335208497172594,0.3390936255455017,2.673105478286743,-1.9673614501953125,-3.680143095465004,2.289956857305765,7.695784804475307,0.2422763556241989,0.8842507004737854,-0.2673116028308868
1774469926119230600,114.22081518554688,0.698746819281578,-0.2700585384506732,0.2284498591899871,-0.3494081199169159,0.1133955046534538,-2.0373330116271973,-7.212391631445288,-7.639806896665692,-7.660769020673632,0.3791689276695251,3.177699089050293,-2.1075692176818848,-3.745496442124247,2.2950825297564266,8.420436464864014,0.0314344130456447,1.0202432870864868,-0.4037038683891296
1774469926129256600,114.23084106445312,0.4868552961826324,-0.2969849776905029,0.2214864499181509,-0.3688385188579559,0.127920925617218,-2.0383100509643555,-6.541182807430625,-7.42369220291376,-6.85846479628384,0.4209496676921844,3.758797407150269,-2.2273545265197754,-4.0375981047526,2.333040212228894,9.40168271343112,-0.1790794134140014,1.0760679244995115,-0.535620927810669
1774469926139283600,114.2408681640625,0.3282747997716069,-0.2986150631103664,0.2076829654932022,-0.3866955637931824,0.1398082375526428,-2.009763240814209,-5.965697626158595,-7.156797754517197,-8.013318137741088,0.5683602094650269,4.478806495666504,-2.413487672805786,-3.9251878233641375,2.3526707953721284,10.419150614458324,-0.4808533191680908,1.0229171514511108,-0.5945065021514893
1774469926149309800,114.25089428710938,0.369395184058696,-0.2364086727073416,0.2707984700977802,-0.3987868428230285,0.1695403009653091,-1.9394862651824951,-6.052102236413956,-7.016418392968178,-10.576060839569568,0.8414053320884705,5.3713154792785645,-2.6256637573242188,-3.214119282647967,2.275420966953039,11.31096501390338,-0.866536557674408,0.9766823053359984,-0.6427997350692749
1774469926159336600,114.26092114257813,0.4040338051110506,-0.0683805124606937,0.356885684967041,-0.403172880411148,0.22246615588665,-1.8454787731170648,-5.405097294807434,-5.576175746002793,-12.261048062443733,1.1469883918762207,6.449320316314697,-2.822937726974488,-2.6287889991879463,1.7417898910701275,12.463333552807567,-1.1308512687683103,0.9908621311187744,-0.6515889763832092
1774469926169362500,114.27094702148436,0.2686171805359423,0.1473382042435929,0.3580050443857908,-0.3844087719917297,0.3007407188415527,-1.7342294454574585,-5.0784033344864845,-3.2452339673578736,-12.57899757529497,1.3775672912597656,7.531933307647705,-3.024139404296875,-2.0279639172151684,1.5286042365074155,14.84080152030587,-1.3150269985198977,1.002792239189148,-0.6921606659889221
1774469926179388400,114.28097314453125,0.0994695512726902,0.3822115571424365,0.2582312494695186,-0.3565186560153961,0.3986027240753174,-1.6164344549179075,-5.342603721493482,-2.161670084610581,-12.30370646995306,1.4432165622711182,8.4670991897583,-3.237507104873657,-1.3362144094750283,1.6509259633183475,16.610650800168514,-1.684597134590149,1.1443424224853516,-0.9251112341880798
1774469926189415500,114.29100024414062,-0.0918576149642467,0.5818034245081245,0.0785790311962366,-0.3261154890060425,0.4963316917419433,-1.4972881078720093,-4.7892988078475,-3.1221114455580707,-12.61005322329402,1.3074907064437866,9.32522201538086,-3.4994707107543945,-1.8401447590991853,1.0311334382861852,17.240166846835614,-2.214637041091919,1.5530558824539185,-1.240691900253296
1774469926199441400,114.30102612304688,-0.3507283313810825,0.7387928523354231,-0.1575952847659587,-0.2984015047550201,0.5757529139518738,-1.393383502960205,-3.3623417589128017,-5.662208015814423,-14.197295526731011,0.9610967636108398,10.104710578918455,-3.793659210205078,-3.25007147051692,0.6149339790850877,18.91120387029052,-3.035728454589844,2.2866570949554443,-1.5931586027145386
1774469926209468800,114.31105346679688,-0.5460822689160705,0.7844594286847859,-0.4223188188642263,-0.2688800990581512,0.6103596091270447,-1.285801649093628,-0.949546603576094,-8.686617212033271,-15.893796661788224,0.4686846733093261,10.803318977355955,-4.171472549438477,-4.650406762246787,0.2640893278479576,20.86143426722288,-4.029651165008545,3.0585622787475586,-1.915419101715088
1774469926219494800,114.32107934570313,-0.5703437267303466,0.8165104443967341,-0.6292062500655651,-0.2484262585639953,0.6247901320457458,-1.1585463285446167,2.4642355658471584,-10.994615921986105,-16.65360731384158,-0.0695101171731948,11.262786865234377,-4.717613220214844,-7.024504668790102,0.2795557770490646,22.98497891157865,-5.030519485473633,3.659161329269409,-1.9722062349319456
1774469926229520700,114.33110522460936,-0.523076364120841,0.8673559577539562,-0.7596364645302295,-0.2550449967384338,0.6162281036376953,-1.0264607667922974,5.130038829177618,-13.051672370433806,-16.825724460434913,-0.6122809648513794,11.389444351196287,-5.379654407501221,-8.448155661916733,1.3860393476128576,26.22662040740252,-6.086394309997559,3.853020429611206,-1.878508448600769
1774469926239547400,114.34113208007813,-0.4233744653970003,0.8579625448562205,-0.8242419154316186,-0.2914518713951111,0.5772473812103271,-0.9006307721138,6.659139324769377,-14.881455017733574,-16.113664570593834,-1.0429325103759766,11.175708770751951,-6.080111503601074,-6.207998316046595,1.9820336484283207,28.69160299222469,-7.075657844543457,3.633897066116333,-1.702941656112671
1774469926249573400,114.35115795898436,-0.1807891133487224,0.7405364080671221,-0.7710469163388013,-0.3471441566944122,0.5398153066635132,-0.8094391226768494,8.366683247366547,-14.865609798347949,-13.677719864207504,-1.1440706253051758,10.685392379760742,-6.7366790771484375,-4.380626821541786,1.879075378257036,29.67360444307327,-8.010255813598633,3.587301254272461,-1.4146161079406738
1774469926259600400,114.36118505859376,0.0692319416582584,0.5084922507122158,-0.6901888342946767,-0.3992160260677337,0.5359433889389038,-0.7585693001747131,8.633736685717105,-13.78571729758978,-10.404971282458304,-0.8582788705825806,10.118612289428713,-7.202414035797119,-5.089603942936659,1.2428490202963351,30.08517565795183,-8.95720100402832,3.883036613464356,-1.15914785861969
1774469926269626700,114.37121142578124,0.2622492529392242,0.071149392652139,-0.5339560700535774,-0.4685612916946411,0.5251642465591431,-0.7418710589408875,7.836656333455443,-12.402183210796116,-8.50134890744388,-0.3689952194690704,9.717580795288086,-7.519801139831543,-6.065741470187902,-0.834056622481346,30.41136692944765,-9.760516166687012,4.282425403594971,-0.9209952354431152
1774469926279652700,114.3812373046875,0.3714332657575607,-0.4268307798633352,-0.3816238203823566,-0.5421242117881775,0.5402948260307312,-0.7697013020515442,8.556793731290101,-10.262954675096273,-9.76090064073801,0.0738812685012817,9.127552032470703,-7.763046264648437,-6.8867574093103405,-4.5704316005170345,31.049688213860986,-10.549756050109863,4.676578044891357,-0.5342051386833191
1774469926289679700,114.39126440429688,0.4401405990198254,-0.966652052155882,-0.4115963493198156,-0.6090907454490662,0.5347959399223328,-0.829033613204956,11.054612417787313,-8.683850669929384,-13.907433459722997,0.3961791396141052,8.287169456481934,-8.083514213562012,-6.805272719800472,-10.498804581409692,31.195708796167374,-11.272934913635254,5.247361660003662,-0.2122278809547424
1774469926299705700,114.40129028320312,0.5366682516217232,-1.4419839376747607,-0.7397481072336435,-0.6503816843032837,0.4897162318229675,-0.8879683017730713,12.06886544842124,-9.87804116551876,-19.31696259949804,0.5486264824867249,7.760432720184326,-8.33202075958252,-6.70553574976325,-16.743809562814235,33.5068475577116,-11.34439182281494,5.328974723815918,0.200005754828453
1774469926309732400,114.41131713867188,0.6089911450326443,-1.85839046375528,-1.1882114211797714,-0.6475382447242737,0.4715489447116852,-0.9039174914360046,10.590991866719722,-13.571394163429735,-22.26013669705391,0.4973337948322296,8.05898666381836,-8.0712890625,-7.882254886069893,-21.517527355170248,36.2123328430891,-11.008474349975586,4.562438011169434,0.5975432395935059
1774469926319758400,114.42134301757812,0.6559343902543187,-2.2678186752557754,-1.7981167584478854,-0.5916345715522766,0.4933356642723083,-0.8845418691635132,9.433771796131133,-15.682748019254207,-20.39408329745531,0.5252735614776611,8.138204574584961,-7.638358116149902,-7.14772889739871,-26.477160517847537,35.0558445939064,-10.790912628173828,3.315687417984009,0.6689222455024719
1774469926329784700,114.43136938476565,0.6751715901657939,-2.4091019999071954,-2.4197440976917743,-0.513899564743042,0.5262613892555237,-0.8568774461746216,11.343140605843066,-13.291436235320568,-15.36188641834855,0.7191884517669678,7.477287292480469,-7.225101947784424,-7.053996720734238,-32.462543087685106,31.409003171801565,-10.39545440673828,2.7598886489868164,0.8183194398880005
1774469926339811700,114.44139624023435,0.7090428801074624,-2.1919148546181617,-2.753056599369645,-0.4483250677585602,0.5746135115623474,-0.8254161477088928,11.449834555411336,-12.08813128990531,-12.221658301341533,0.7271329164505005,6.6715898513793945,-6.617832183837891,-8.78367707181573,-33.30102103374004,28.25802803533077,-10.154808044433594,2.8306188583374023,1.0863323211669922
1774469926349837700,114.45142236328124,0.7396250653758645,-1.69274470513314,-2.651362650045753,-0.4102698266506195,0.622377336025238,-0.7964739799499512,12.168324186038973,-12.189226688814164,-11.162503468185662,0.5622038841247559,6.238713264465332,-5.892770767211914,-10.384321293139458,-33.471673368477816,24.72593527443409,-10.42194366455078,1.593969702720642,1.6804739236831665
1774469926359864400,114.46144897460935,0.8198354971662163,-1.0963492031056434,-2.0624089153915643,-0.410914659500122,0.672136664390564,-0.7645142078399658,15.007138914453982,-11.49474337219596,-10.78566454399228,0.5713670253753662,5.982041358947754,-5.156187057495117,-7.439212428128719,-33.025961399066446,22.52409509199857,-10.38750171661377,0.1819066256284713,2.150660514831543
1774469926369890400,114.47147509765624,0.9538207737639546,-0.6930383785068989,-1.2885878581643104,-0.4347076117992401,0.7125605344772339,-0.7446011900901794,16.47462320408821,-9.537309327495098,-10.627134024202824,0.8349664211273193,5.864313125610352,-4.429936408996582,-4.692887182840705,-34.83133908842802,26.740740142607688,-10.17361831665039,-0.7541210055351257,2.632187366485596
1774469926379916400,114.4815009765625,0.9507190083563328,-0.532493742416054,-0.6092196930915117,-0.4714518785476684,0.759029746055603,-0.7696632742881775,16.1911593136847,-7.232835284537076,-10.916716689747572,1.097248077392578,5.734778881072998,-3.6433801651000977,-4.32491194858253,-42.02306962463855,28.16913394634724,-9.355119705200195,-1.3321678638458252,2.707933187484741
1774469926389943700,114.4915283203125,0.8605886555761099,-0.4869980656541883,-0.0263724586188793,-0.5212881565093994,0.808349609375,-0.8093496561050415,14.280567684179545,-5.444598115068674,-11.508089175981285,1.0817407369613647,5.611708641052246,-2.6579504013061523,-2.5688059473901985,-45.47166460263729,29.04916906067133,-7.5778656005859375,-3.280747413635254,2.1220943927764893
1774469926399969600,114.50155419921876,0.775368871191144,-0.5079714417085052,0.4489455445051193,-0.5747453570365906,0.8383604884147644,-0.8447933197021484,12.117646138203144,-4.3190930331707,-10.80101642690301,0.792194664478302,5.4876227378845215,-1.5273710489273071,1.4113853857934475,-48.867362687706944,23.798233569049835,-5.862438201904297,-5.146798610687256,1.4538354873657229
1774469926409996600,114.51158129882812,0.6884118877500295,-0.599870338531211,0.8079816855043173,-0.6212233304977417,0.8549980521202087,-0.8657081723213196,10.901063193541765,-3.6043761990800496,-8.523416362345218,0.4936191439628601,5.2439284324646,-0.445782721042633,0.2698486220270395,-50.86562324831485,8.849883528172969,-4.32609224319458,-5.2228851318359375,0.4150334894657135
1774469926420022600,114.52160717773438,0.5963116962015629,-0.7132198004659265,1.0366203452646732,-0.6617661714553833,0.869320273399353,-0.8811872005462646,10.44069492226839,-2.888402058404684,-5.864779337382316,0.4132112860679626,4.88936710357666,0.3526639938354492,0.0767465550720691,-48.2261795841217,-5.399470102575421,-3.786830186843872,-4.428982257843018,-0.3873845040798187
1774469926430048600,114.53163330078124,0.4881207860738039,-0.8542118870858103,1.041301781079173,-0.7071205973625183,0.8561128377914429,-0.8974071741104126,10.293390729892254,-2.4469816487073897,-4.430257406151294,0.4965069890022278,4.495051383972168,0.7563027739524841,1.3780556553825736,-45.27071065313816,-18.23554683469533,-4.012906551361084,-2.973973274230957,-0.5441038012504578
1774469926440075600,114.54166015625,0.5063292274594307,-1.040384008647129,0.8718161520332097,-0.740118145942688,0.8500680923461914,-0.9169667363166808,9.9592780177474,-2.862986754380166,-3.829291746664047,0.6733106374740601,4.130086898803711,0.8802877068519592,0.166298815703392,-39.93152404661178,-24.604050769996643,-3.782832622528076,-1.1358550786972046,-0.5639541745185852
1774469926450101600,114.55168627929687,0.4589128117680549,-1.1848877566497773,0.6303256094843149,-0.7601150274276733,0.8481772541999817,-0.9363875985145568,9.404226552695036,-3.7074762158095833,-3.023316140285134,0.8291966915130615,3.64692735671997,0.8468058705329895,0.9110752724930644,-33.84439258239269,-22.56506072411537,-2.959555149078369,0.4397466480731964,-0.5654441714286804
1774469926460128600,114.56171313476564,0.4012684320509433,-1.2987985787943004,0.4094008851021528,-0.7689366936683655,0.8423655033111572,-0.9561229348182678,8.641261236003041,-4.127067071014642,-1.8830787686795,0.9202811121940612,2.9241247177124023,0.7703238129615784,2.0931363543495536,-30.59071928799152,-18.669395347833632,-2.378623008728028,1.1896854639053345,-0.6028091907501221
1774469926470154600,114.5717392578125,0.4990063372254371,-1.4237056459233164,0.2744657604336738,-0.773601770401001,0.8359494209289551,-0.9964938163757324,7.970825734448432,-3.806003810057044,-0.6978127533018589,0.9535045623779296,2.110936164855957,0.6335792541503906,3.425586735115945,-29.37627218631506,-17.384124066871404,-2.231066942214966,1.1190096139907837,-0.7505136728286743
1774469926480180600,114.58176513671874,0.8167267174959182,-1.5904877150990069,0.2300339135110378,-0.7584519982337952,0.8665491342544556,-1.0387409925460815,7.683982138478756,-3.1059558450490234,0.0182096104294061,0.9808858036994934,1.3258377313613892,0.4227584600448608,4.888608200122416,-28.1039246843338,-17.15703146750927,-2.1109983921051025,0.5892734527587891,-0.9412518739700316
1774469926490207600,114.59179223632812,1.0191910715579986,-1.6978699391923844,0.285810161268711,-0.7353799939155579,0.916656255722046,-1.068129301071167,7.172366495048999,-2.5956290723860262,0.1046907930523157,0.9957598447799684,0.6313023567199707,0.2001988887786865,5.221406030276418,-25.244036772751805,-16.3279011955142,-1.9303873777389529,0.067111425101757,-1.0870931148529053
1774469926500233600,114.60181811523438,1.204603460793197,-1.8217597921028728,0.4110381309151649,-0.6931281685829163,0.9805580973625184,-1.095558762550354,6.23370909588635,-2.2759309623017905,-0.2723328400582075,0.9898062944412231,0.1123143658041954,0.0260087586939334,4.580400621345639,-21.359624611890315,-15.800863526546957,-1.6931902170181274,-0.2003413736820221,-1.1832480430603027
1774469926510260600,114.61184521484375,1.28290046017766,-1.9284470196694128,0.5967535947501659,-0.632546067237854,1.0077308416366575,-1.1157479286193848,5.128302799165248,-2.0799305435568094,-0.7324088503867388,0.9581533074378968,-0.1862875074148178,-0.0546946078538894,4.304183925591409,-17.10932045278549,-15.866804609966277,-1.4193823337554932,-0.1062409728765487,-1.2158252000808716
1774469926520286600,114.62187109375,1.28526894287467,-1.82099260712266,0.8653717981994151,-0.5536714196205139,1.003146409988403,-1.1414190530776978,4.02569051707685,-2.003027336618304,-1.3026666523993014,0.9045966863632202,-0.3521990180015564,-0.0298738349229097,3.905861483864486,-13.191866438543796,-16.071003824996946,-1.0988496541976929,0.3242040574550628,-1.252841591835022
1774469926530312600,114.63189721679689,1.3827110799729825,-1.5502312541648744,1.1391507454127072,-0.4744570255279541,0.96819806098938,-1.1527141332626345,3.4653771859735247,-1.8335481373131275,-1.6245044048607349,0.8639907240867615,-0.4507908225059509,0.0475370660424232,3.5210812452778217,-10.079559763163328,-16.088354772770405,-0.7654743194580078,0.8767860531806946,-1.271772384643555
1774469926540339600,114.64192407226562,1.6086065785050392,-1.1864561019450426,1.4220552483677864,-0.4165091514587402,0.922775387763977,-1.113318920135498,3.328910029432177,-1.433501356011629,-1.6978502115786074,0.8532230854034424,-0.5207920670509338,0.1498931944370269,3.0694150436371563,-7.836983081191778,-15.864835940241813,-0.4706931710243225,1.42270028591156,-1.2223445177078247
1774469926550365500,114.6519501953125,1.7655425225794317,-0.8384072189062833,1.704516683730483,-0.3971820473670959,0.8792343139648438,-1.0335594415664673,3.215018861836195,-0.8716536549478768,-1.5829764626860618,0.8353412747383118,-0.5479975938796997,0.2762681841850281,2.393017418807745,-6.267523102682828,-14.899278259193895,-0.2640068531036377,1.8703398704528809,-1.155992865562439
1774469926560392800,114.66197729492188,1.7169950570315122,-0.6295938611436634,1.9747271248072384,-0.4188427031040191,0.8292909264564514,-0.9557861685752868,3.033362318003177,-0.4951940854609012,-1.7730781787812708,0.7662158608436584,-0.4749675393104553,0.4282717108726501,2.1851386384814977,-5.275108978891373,-13.191472470790147,-0.1222783997654914,2.0921719074249268,-1.1189991235733032
1774469926570418800,114.67200341796875,1.698787200167775,-0.5330011074163019,2.138553997439146,-0.4432753324508667,0.7826828956604004,-0.8695226907730103,2.612304312855005,-0.3818763338387012,-1.881727938592434,0.6859692335128784,-0.3367870151996612,0.6238808631896973,2.8031588931441305,-4.559522083967924,-11.184835711503029,0.0159447155892848,2.108289957046509,-1.0931789875030518
1774469926580444800,114.682029296875,1.6730583001494406,-0.4329308868367225,2.205354328036308,-0.4604061245918274,0.7557138800621033,-0.7629536390304565,2.2964351134091614,-0.4555629168182611,-1.6723381691813468,0.6126872301101685,-0.1783560067415237,0.8246893882751465,3.4528152260422704,-4.113341912522912,-9.074781247839333,0.2050523608922958,2.0080270767211914,-1.0901674032211304
1774469926590471400,114.69205615234377,1.6419301714360712,-0.4030246280685067,2.1142478237003086,-0.4515103697776794,0.7420907616615295,-0.626861035823822,2.1275649859130383,-0.6001835691988467,-1.3141630289256572,0.5650236010551453,-0.0475657619535923,1.0050829648971558,3.737213474686444,-4.006625458861887,-6.892123904779553,0.4948000311851501,1.676730990409851,-1.085818886756897
1774469926600497400,114.70208203125,1.5912842723041771,-0.3640965661939233,1.8671049544781448,-0.4108732342720032,0.7248634696006775,-0.4810192584991455,1.9802514411866663,-0.6356541110306978,-0.9523749588698148,0.5244356989860535,0.0285244211554527,1.1365286111831665,3.920990371674299,-3.87075334560424,-5.063838802561164,0.8149873614311218,1.1979981660842896,-1.0266482830047607
1774469926610524400,114.71210913085936,1.6347475664556026,-0.3423301400657743,1.5320517466127872,-0.3181701898574829,0.7031837105751038,-0.3225584924221039,1.82255912578702,-0.576096591168642,-0.8091559899806976,0.4810264408588409,0.0615249834954738,1.233172059059143,3.512884787079692,-3.7375375920742746,-3.8868490326195952,1.0382550954818726,0.8090721964836121,-0.943675935268402
1774469926620550800,114.72213525390625,1.728672050821781,-0.3880741655655205,1.1599579711198806,-0.1915495544672012,0.6788627505302429,-0.1378534287214279,1.5687340023219585,-0.6823644242793321,-0.7125994035452604,0.4323655962944031,0.0891738906502723,1.3082268238067627,3.0659552585721013,-3.570890693585574,-3.459143844541907,1.105701565742493,0.5966209173202515,-0.8724855184555054
1774469926630576700,114.73216137695312,1.6644120523571968,-0.4199464637096971,0.847710469302535,-0.0368044488132,0.6389627456665039,0.0762308984994888,1.290358374968171,-1.008791258096695,-0.6595353373557329,0.3784805238246918,0.1194148883223533,1.3687748908996582,2.97750073004961,-3.409033075200021,-3.6946325163275,1.0665611028671265,0.5833897590637207,-0.8160310387611389
1774469926640603400,114.74218798828124,1.575251421391964,-0.4405192961391061,0.6095259825617074,0.1355142593383789,0.5699930787086487,0.2829017639160156,1.1576695679217577,-1.4195207614541052,-0.6975292601853609,0.3332054316997528,0.1382172554731369,1.3982620239257812,3.0340882941901683,-3.1232141461029648,-3.897175780844688,0.989222764968872,0.7205477952957153,-0.7650612592697144
1774469926650629400,114.75221411132812,1.703084020578861,-0.4863027768664061,0.3690098380029201,0.3000981211662292,0.5216886401176453,0.4746405780315399,1.098316630721092,-1.769735882616043,-0.6451900011390447,0.3109486103057861,0.1410974711179733,1.3926725387573242,2.85802796292901,-2.6125813762307164,-3.704091249546408,0.9135900139808656,0.918639063835144,-0.7187139987945557
1774469926660656400,114.76224096679688,1.8257284034729,-0.552797987037152,0.0977256302148103,0.4650757014751434,0.4893097877502441,0.6629176735877991,1.0897159756362438,-2.005114079764485,-0.5463993720412254,0.2944296896457672,0.1100807636976242,1.3516972064971924,2.505570031276345,-2.11975606572777,-3.2793285446614027,0.8438975214958191,1.085192084312439,-0.6728106737136841
1774469926670682400,114.77226708984377,1.7282050178319217,-0.6930872591499239,-0.1704033284127712,0.621167004108429,0.4559555649757385,0.8513270020484924,1.175982054203749,-2.057337603476644,-0.5783078374773264,0.2674095332622528,0.0235562529414892,1.2772282361984253,2.417808161193132,-1.7192703084871173,-2.7055256173878908,0.7798157334327698,1.232398271560669,-0.6150693297386169
1774469926680708400,114.78229296875,1.5687854402482508,-1.153410303042084,-0.5097597864300012,0.7722348570823669,0.4186946153640747,1.0004171133041382,1.3131640810161829,-1.8695441643238069,-0.5990782383054495,0.2626193165779114,-0.092358686029911,1.186360478401184,2.475341481751204,-1.4459955114036798,-2.135944107201696,0.6894890666007996,1.3708690404891968,-0.5366050004959106
1774469926690735700,114.7923203125,1.4147329426556825,-2.0648779358536005,-0.8062222746163606,0.8961522579193115,0.3894696235656738,1.1278035640716553,1.3532739730864762,-1.6068950984120367,-0.5848749409079551,0.2706266641616821,-0.1774975508451461,1.0944159030914309,2.53021698127687,-1.255891457220912,-1.6779565935850145,0.5879227519035339,1.4952507019042969,-0.4817023277282715
1774469926700761700,114.80234619140624,1.32501175519824,-2.9742621865198013,-1.0513345147937536,0.9984358549118042,0.3620761632919311,1.2385900020599363,1.3975585204929113,-1.5469564702779053,-0.9132552468806504,0.2598205804824829,-0.2071384787559509,0.9950491189956664,2.577965989923477,-1.301362291802466,-1.324821785584092,0.5243629217147827,1.5646815299987793,-0.4736218452453613
1774469926710788400,114.812373046875,1.2748983555078506,-3.734270699232817,-1.3390923029989004,1.092634201049805,0.3393633961677551,1.339658260345459,1.5594401042759418,-1.635453668898344,-1.3663736931562422,0.2455969154834747,-0.2339690327644348,0.9049458503723145,2.48243465488255,-1.495098857268691,-0.9634159928441048,0.5335596203804016,1.5306609869003296,-0.4840406775474548
1774469926720814400,114.82239892578124,1.2218617618471384,-4.29026879748553,-1.646343311703205,1.1935874223709106,0.3013521432876587,1.435421109199524,1.8106278649747367,-1.742726879659295,-1.599050814652443,0.2588890492916107,-0.2988753020763397,0.8390317559242249,2.370987373307347,-1.6257421299621462,-0.616927198728919,0.5729139447212219,1.4130098819732666,-0.4899642765522003
1774469926730840400,114.83242504882811,1.245669922935963,-4.567606021702289,-1.8639444446206093,1.286506414413452,0.2353581935167312,1.5056015253067017,2.19897251804471,-1.8466782525211567,-1.7448644762098788,0.2898491024971008,-0.398642897605896,0.799645721912384,2.221867071419954,-1.613496980895102,-0.3453302717298269,0.6067419648170471,1.3158516883850098,-0.4940181374549866
1774469926740867700,114.84245239257812,1.4536878194719551,-4.517115020871162,-1.94533268801868,1.3628405332565308,0.2194491326808929,1.536426305770874,2.6769424969822166,-1.896671240702272,-1.8044021223276847,0.3334147036075592,-0.5295897722244263,0.7819509506225586,1.9547364761799573,-1.556177595348656,-0.2274900742471218,0.6101248860359192,1.3099490404129028,-0.4930867552757263
1774469926750893700,114.85247827148436,0.8096855668127536,-4.153594135673344,-2.06499074857831,1.442761778831482,0.2264553755521774,1.5589313507080078,3.109837654918432,-1.7942150748342274,-1.761369036287069,0.3934841752052307,-0.6857253313064575,0.7876708507537842,1.7163813090473412,-1.50895787127316,-0.3389309260815382,0.6079932451248169,1.2597771883010864,-0.4934103190898895
1774469926760920700,114.86250537109376,-0.7385644504070281,-3.4902599905565377,-2.3024182794719934,1.504368782043457,0.045143011957407,1.600615382194519,3.5598382614344355,-1.536346813458204,-1.6858903091937305,0.4675357639789581,-0.8758135437965393,0.8060306906700134,1.544511999735236,-1.5587766719311476,-0.0936672947347164,0.5778465867042542,1.2041701078414917,-0.4641517698764801
1774469926770946700,114.87253125,-1.4646885214358567,-2.678868204347789,-2.5835522656232115,1.5233144760131836,-0.0497547388076782,1.7171982526779177,4.017077587032318,-1.3230442545175551,-1.6742051320970055,0.5518106818199158,-1.0901775360107422,0.8406341671943665,1.1212982778578997,-1.7300313564762473,-0.0155757547944784,0.5535524487495422,1.1073788404464722,-0.4418810904026031
1774469926780972600,114.88255712890626,-2.5464965004265308,-1.5377780153051015,-3.369930022084713,1.5798723697662354,-0.0125797595828771,1.9397720098495483,4.301716366434097,-1.2752975839585066,-1.7183426722481845,0.6191794276237488,-1.271794319152832,0.8812385201454163,1.0643372042298316,-1.839496816584468,-0.0238356336176395,0.5610365271568298,0.9488374590873718,-0.4299807250499725
1774469926790999400,114.892583984375,-4.5461078911215065,0.3027966596439481,-4.572175813835859,1.6589850187301636,-0.1584184467792511,2.2423088550567627,4.4763446190655225,-1.3415765210300683,-1.887033936046064,0.6548495292663574,-1.404504895210266,0.917413055896759,1.077947211909294,-2.057640385815501,0.0263514158308506,0.6051003932952881,0.8357601761817932,-0.4230400025844574
1774469926801025600,114.9026103515625,-5.910348663902282,3.08507438506186,-5.725865956732631,1.6404266357421875,-0.5559460520744324,2.6060287952423096,4.401452167427539,-1.216530337691307,-1.9168179566740988,0.6957690119743347,-1.499297857284546,0.9627437591552734,0.8096849822908639,-2.3914760345846413,0.1782137099027633,0.630018413066864,0.7406790852546692,-0.4265536665916443
1774469926811052600,114.91263720703124,-4.991115511655807,6.373916607999801,-6.583892652866244,1.4798403978347778,-0.7430331110954285,2.9811925888061523,4.110443852993845,-0.8813169708281755,-1.758189237207174,0.760600209236145,-1.5787498950958252,1.0307124853134155,0.6449176139384508,-2.8417741627424955,-0.0673766691803932,0.5875955820083618,0.6072350144386292,-0.443574994802475
1774469926821078600,114.92266333007812,-2.875446130719781,8.27036806847155,-6.482225591549277,1.4660946130752563,-0.4921401441097259,3.3194479942321777,3.6511926030516624,-0.5366688361436128,-1.4940642535239457,0.8419361114501953,-1.6413363218307495,1.1423245668411257,0.6847720699429511,-3.43682416844517,-0.5904074405938387,0.4908726811408996,0.3869714736938476,-0.4618884921073913
1774469926831105600,114.93269018554687,-2.015737765109539,7.366684367534518,-4.106184441983699,1.673811912536621,-0.257416307926178,3.5905542373657227,3.1566146036624905,-0.2968821749031544,-1.312155196234584,0.8981719613075256,-1.6717538833618164,1.283573865890503,0.688377400958538,-3.93452906768322,-1.0386825384914875,0.3472878336906433,0.1172702386975288,-0.473196268081665
1774469926841131600,114.94271630859376,-2.0558523333549497,5.37614124943614,-0.9417933591008186,1.9745135307312007,-0.2372555434703827,3.7758877277374254,2.6271809794694185,-0.1520861659556627,-1.2615025751009583,0.909759283065796,-1.692436456680298,1.4408648014068604,0.468687186807394,-4.383806620621681,-1.452394272530079,0.1764836460351944,-0.1773855984210968,-0.5175219774246216
1774469926851157600,114.9527421875,-2.4943904656142,4.688819787271321,1.2586334494054316,2.176551818847656,-0.4310290217399597,3.797284841537476,2.2389596605181694,-0.0022270283997058,-1.2972577790930866,0.8890097737312317,-1.7144513130187988,1.5992190837860107,0.2858861491143703,-4.937097505742311,-1.8437509668976064,0.0063672983087599,-0.4384251832962036,-0.6009956002235413
1774469926861184600,114.96276928710938,-2.5449644685536623,4.057932452251017,2.681723886039853,2.293027400970459,-0.5875675082206726,3.677047491073608,2.056195447704196,0.0484089338600635,-1.463841256956756,0.8626137971878052,-1.750972032546997,1.7529528141021729,0.2055266642421483,-5.461139500024914,-2.1714882987916466,-0.1457628756761551,-0.6265416145324707,-0.6954171061515808
1774469926871210600,114.97279516601564,-2.854215126642585,2.9663828314468264,3.16004691619873,2.3561105728149414,-0.5806273221969604,3.498378038406372,1.956991561630368,-0.1312333475410938,-1.701915269060433,0.8502793312072754,-1.8304561376571653,1.9111837148666384,0.2559709033221006,-5.714457843011617,-2.4298592489928006,-0.2698933482170105,-0.6968722343444824,-0.7665509581565857
1774469926881237600,114.982822265625,-3.254923586723208,1.815128829655796,2.7751725695878267,2.3828370571136475,-0.4456733465194702,3.2858095169067383,2.128392084386945,-0.6157534787744283,-2.069620746466517,0.843015193939209,-1.919790744781494,2.034453630447388,0.1532487799942493,-5.56842323217988,-2.626011935690045,-0.3571244776248932,-0.6847822666168213,-0.8118312954902649
1774469926891263600,114.99284814453124,-3.3467116435825823,0.8006341722857206,2.152420025706291,2.338379144668579,-0.2905511260032654,3.1066126823425293,2.592635151267052,-1.2073241179287433,-2.569660810653865,0.8615944385528564,-2.006976842880249,2.086279392242432,-0.0743131904453039,-5.245256276941299,-2.789181805717945,-0.4021779894828796,-0.6364709734916687,-0.8739668130874634
1774469926901289600,115.00287426757812,-2.970779312840104,0.0625062866650521,1.8437521359413864,2.2063426971435547,-0.1207326278090477,2.956932544708252,2.7284587492078543,-1.561478332105279,-2.764511182580888,0.9420925974845886,-2.108528852462769,2.0958445072174072,-0.116937695685029,-4.94450398260653,-3.0316280415564774,-0.4199821352958679,-0.5714202523231506,-0.9652438163757324
1774469926911316100,115.01290063476564,-3.017911650893092,-0.3844772370520979,1.9981740513682364,2.021990299224853,-0.0358614102005958,2.7054951190948486,2.659666660271585,-1.5564625497698783,-2.548677351596951,1.0686757564544678,-2.209922313690185,2.0802323818206787,-0.1066910269588232,-4.615039388528466,-3.323475144901872,-0.424077033996582,-0.4812333583831787,-1.0632694959640503
1774469926921342400,115.02292700195312,-2.841937244349718,-0.4969534232836216,2.326637359449267,1.813098430633545,-0.0107033587992191,2.415822744369507,2.52805366576314,-1.4103408451765775,-2.357095626077056,1.1899356842041016,-2.3177411556243896,2.057363510131836,-0.330473478859663,-4.337291537684202,-3.562062367224693,-0.4394122958183288,-0.3822903037071228,-1.134236216545105
1774469926931369100,115.03295361328124,-2.294948089721798,-0.2903679707035422,2.726408830940723,1.554787278175354,-0.0036297352053225,2.118365526199341,2.324015486513078,-1.259759238564968,-2.2132708002492785,1.2749576568603516,-2.477973222732544,2.0437216758728027,-0.6552379324227571,-4.337978350904583,-3.734034552389383,-0.4506322145462036,-0.2916067242622375,-1.1800308227539062
1774469926941395000,115.04297973632812,-1.6124609158456324,-0.0639694910854101,3.018282822293043,1.2671518325805664,0.0541885271668434,1.82127046585083,2.136223508664965,-1.04576460570693,-2.281635311423242,1.2902339696884155,-2.65398383140564,2.050265073776245,-0.9644564418077468,-4.637423946554959,-3.687922789555788,-0.4358117282390594,-0.2162835299968719,-1.227625012397766
1774469926951421000,115.05300561523435,-1.2167436881810425,-0.0742589029747992,3.0778637230306862,0.9707965850830078,0.1508359760046005,1.5027843713760376,1.887743837881088,-1.0106249032646415,-2.409880583064258,1.26851487159729,-2.782057523727417,2.079520463943481,-1.245716100165248,-5.189323961839079,-3.446234094086289,-0.38809934258461,-0.1552095264196396,-1.2906396389007568
1774469926961448000,115.06303271484374,-1.3148232464000582,-0.4586034535579383,2.758570978876948,0.7027914524078369,0.1782891601324081,1.2180848121643066,2.0420739833712576,-1.1468588355720042,-2.602333538460732,1.2234268188476562,-2.826408863067627,2.086473226547241,-1.3856202454179525,-5.827213284575939,-3.0321891825705767,-0.3106594383716583,-0.1127744913101196,-1.3480210304260254
1774469926971474000,115.07305859375,-1.208029635849595,-0.8013538648623972,2.416027707517147,0.5185640454292297,0.2059687227010727,1.016307711601257,2.328206800723076,-1.3499205710053443,-2.735112654139101,1.2077306509017944,-2.904097318649292,2.089829444885254,-1.2165110484689474,-6.244734347769618,-2.446118894398212,-0.2026871740818023,-0.0945286452770233,-1.394804835319519
1774469926981501400,115.0830859375,-0.8808733187139034,-0.5794097343046217,2.1723194889187813,0.3751200139522552,0.1987228691577911,0.8853075504302979,2.12494135941118,-1.4250626134902238,-2.3299267563834785,1.2677377462387085,-3.0462660789489746,2.105730533599853,-1.0739999355882406,-6.252602596926689,-1.8371160589277744,-0.0592314340174198,-0.1093295663595199,-1.4493567943572998
1774469926991527400,115.09311181640624,-0.4313064274400472,0.4904443336505442,1.916756581875681,0.2009058743715286,0.1213079690933227,0.8462104797363281,1.7906433538272977,-1.4404180035322904,-1.913585550624132,1.385284185409546,-3.2485992908477783,2.1248130798339844,-1.0800590894967317,-6.06727408658266,-1.2878969532907008,0.1221956089138984,-0.1960570067167282,-1.5055508613586426
1774469927001553300,115.10313793945312,0.3917752120405435,2.097130684682727,0.8817214599758386,0.1533426940441131,0.1004652455449104,0.9010431170463562,1.640789184707403,-1.6276853729844092,-1.9121344750329847,1.5527461767196655,-3.4624197483062744,2.132585048675537,-1.029513143607974,-5.715466143271327,-0.8517869249612092,0.3287567496299743,-0.3318029046058655,-1.5700831413269043
1774469927011580000,115.11316455078124,1.4116332230746744,2.8488220354273914,-0.8526981945872306,0.3280963897705078,0.1667638421058654,1.0402551889419556,1.9341539991393684,-2.119340178403258,-2.2416186505943534,1.69653058052063,-3.615360736846924,2.072448253631592,-0.9919728097647428,-5.407744594445824,-0.5220481901168823,0.5406213402748108,-0.4593773782253265,-1.6378190517425537
1774469927021606000,115.12319067382812,2.3016049172624946,3.4219121382564306,-2.098571531140804,0.5372439026832581,0.2912160456180572,1.2555471658706665,2.553438866910338,-2.0616180572748184,-2.99154445297122,1.6865601539611816,-3.645226240158081,1.965592741966248,-0.915445450401306,-5.376842091181874,-0.3994336178392171,0.7466602325439453,-0.5524680614471436,-1.6790919303894043
1774469927031633000,115.13321752929689,2.9814275481045245,4.51560695439577,-2.6525486449599263,0.6578598022460938,0.4532864391803741,1.5676038265228271,2.139073052877188,-1.7983949908673762,-3.2793431577086447,1.5241057872772217,-3.5841104984283447,1.8963606357574463,-0.8175222517877817,-5.47097524986267,-0.4151759613722562,0.9419476985931396,-0.6117348074913025,-1.658461093902588
1774469927041659200,115.14324389648438,2.7707594293206927,5.354919013187289,-2.387335866039991,0.6496028304100037,0.5286164283752441,1.9497636556625368,1.1458517043560743,-1.8556874884068968,-3.1817811936229465,1.3034157752990725,-3.515281915664673,1.8953313827514648,-0.6216629950791597,-5.33082151376307,-0.3790717978119849,1.117979884147644,-0.616758406162262,-1.5906347036361694
1774469927051685200,115.15326977539064,1.8210341081768275,4.970478381818532,-1.4039064282149076,0.573451578617096,0.5079324841499329,2.260272264480591,0.538524108621478,-2.151390098136664,-2.8613302193447945,1.1463098526000977,-3.503678560256958,1.9286893606185915,-0.5544833097755909,-4.905193716481327,-0.2578694304198026,1.258292555809021,-0.583063542842865,-1.52290940284729
1774469927061712000,115.16329663085938,1.422002056875825,3.624766368418932,-0.2665630244851112,0.5960478186607361,0.6025894284248352,2.465375661849976,0.3929974473118782,-2.400820786035061,-2.542000358051061,1.1307157278060913,-3.5688655376434326,1.9678051471710205,-0.7633195369571447,-4.600067737106978,-0.0972176806926727,1.3772610425949097,-0.5825990438461304,-1.4805340766906738
1774469927071738000,115.17332250976564,0.6233569395154714,1.7493625182814896,0.9255886587530374,0.7938266396522522,0.7191432118415833,2.5719690322875977,0.472092611336708,-2.323406706964969,-2.406292057053,1.2543936967849731,-3.6588833332061768,1.9843000173568728,-1.2247002001434564,-4.682865555042028,0.3241588888853788,1.5261192321777344,-0.6634894013404846,-1.4518725872039795
1774469927081765000,115.183349609375,-0.8247796755701303,-0.1173604511417448,1.420856978493929,1.1097770929336548,0.6092183589935303,2.53268837928772,0.9756658180862664,-1.6555091994553803,-2.16409760401845,1.4728822708129885,-3.672493934631348,1.920546293258667,-1.7401842094391584,-5.077597863322496,0.972384312197566,1.7441554069519043,-0.8453134298324585,-1.4362449645996094
1774469927091791000,115.19337548828123,-1.911837830173969,-1.0452380245495587,1.930360744336248,1.3239448070526123,0.4212082624435425,2.309612274169922,2.0227713170081376,-0.6408604475021362,-1.9610913981646296,1.6323394775390625,-3.5746068954467773,1.7657732963562012,-1.4206120638221502,-5.266268085309863,1.781933100888133,2.011073112487793,-1.033576726913452,-1.4474462270736694
1774469927101817200,115.20340185546875,-2.2395956203341485,-1.4622864287301898,2.5014497364759443,1.3648350238800049,0.2846080064773559,2.0067052841186523,2.50503870087862,0.0976695161134004,-2.0456439508125186,1.553960919380188,-3.3799874782562256,1.587568283081055,0.0673491966515779,-4.644833053767681,2.6182868943959474,2.279470443725586,-1.0760183334350586,-1.5293235778808594
1774469927111844200,115.2134287109375,-2.4301503408938645,-2.022469849843532,2.72190158264935,1.3144912719726562,0.1711387038230896,1.7196866273880005,1.6772108897842466,-0.0094376904308795,-2.3321599222630263,1.2815728187561035,-3.132608413696289,1.444208741188049,0.8056383372485637,-3.577381516909599,2.944594485747814,2.5131847858428955,-0.984937846660614,-1.590098261833191
1774469927121870200,115.22345483398438,-2.549545366603136,-2.6777210801392792,2.6839257799983023,1.259100079536438,0.1287511140108108,1.5458587408065796,0.5750672481209039,-0.4517097485214471,-2.4000049396075305,0.9425861239433287,-2.8954062461853027,1.3674668073654177,0.3570522737056016,-2.701224120801687,2.794604415288567,2.7224483489990234,-0.9143194556236268,-1.5647218227386477
1774469927131896900,115.2334814453125,-2.666445068365335,-3.0949963518783448,2.5752666678369045,1.2545322179794312,0.0799902379512786,1.4414055347442627,-0.4268068509984761,-1.0510486835896968,-2.208975002751499,0.678528368473053,-2.7354562282562256,1.355669617652893,-0.366874579539895,-2.389150075855106,2.6622207286685704,2.917750597000122,-0.9546157121658324,-1.4778190851211548
1774469927141922900,115.24350756835938,-2.489996614569425,-2.993664806126058,2.4057453829556703,1.3031604290008545,0.0611790269613266,1.367810845375061,-0.8701806597858667,-1.4590543149411677,-1.7715894015282392,0.5893360376358032,-2.700789451599121,1.3476415872573853,-0.9548089080184696,-2.755426835632324,2.6682296136945483,3.102177381515503,-1.1157679557800293,-1.3565673828125
1774469927151948900,115.25353344726562,-2.1700363464176653,-2.432270255657285,2.355329785448313,1.3576358556747437,0.0744290500879287,1.2734196186065674,-0.4991611989935859,-1.4660399360448122,-1.2480566719420254,0.6905760765075684,-2.7182652950286865,1.3050590753555298,-1.0751029283940792,-3.207214617826045,2.9124259080708024,3.276774406433105,-1.3420889377593994,-1.1855506896972656
1774469927161976200,115.26356079101562,-2.364509117203951,-1.9795722267508504,2.213770274204016,1.3683229684829712,0.0589268207550048,1.143204689025879,-0.0970984747597947,-1.2936568319916724,-0.8799583958260715,0.912560760974884,-2.7246978282928467,1.2504700422286987,-0.4989940622657537,-3.0358816073477266,3.318976664438844,3.4099650382995605,-1.5280689001083374,-1.0128998756408691
1774469927172002200,115.27358666992188,-2.540206460371613,-1.46471044100672,1.8765338770806788,1.3237477540969849,0.0129739781841635,0.9921435713768004,-0.0034136078357696,-1.1348165156006813,-0.8072543941430746,1.1341909170150757,-2.6964831352233887,1.2188328504562378,0.9681962128579616,-2.0309739126861093,3.5677404128611085,3.47603178024292,-1.5204551219940186,-0.943648874759674
1774469927182029200,115.28361376953124,-2.5937089179784056,-0.9690095750674604,1.4983862083762882,1.2306541204452517,-0.0618589222431182,0.8514411449432373,0.0858919845581054,-0.9042582859545946,-0.6386905561171472,1.248991847038269,-2.6359670162200928,1.1803324222564695,2.585385326269269,-0.5018249017775058,3.334509749135375,3.4696249961853027,-1.3315261602401731,-0.9114814400672911
1774469927192055100,115.2936396484375,-2.4396949988305567,-0.6408522641956805,1.148565639489889,1.0968904495239258,-0.0922312140464782,0.7270557880401611,0.4269453096210956,-0.3446341061592102,-0.2051489169709384,1.2273494005203247,-2.5807011127471924,1.1111706495285034,2.8125246873825787,0.6098115215048193,2.648112123817205,3.4070401191711426,-1.0652146339416504,-0.8075244426727295
1774469927202081100,115.30366577148438,-2.317790036126971,-0.5742543243028223,0.8523661861538887,0.9395706653594972,-0.1069201454520225,0.6306785345077515,0.6639350336194038,0.2894137387186288,0.2464104632943868,1.1163017749786377,-2.537858486175537,1.003739595413208,2.0274603516072034,1.0323562580794097,2.1216694981336595,3.32861328125,-0.8029969334602356,-0.637694239616394
1774469927212108100,115.31369262695311,-2.102909268084168,-0.8129716758113354,0.6640232964247464,0.7831488847732544,-0.1194164976477623,0.5855411887168884,0.5728208939662203,0.7052379348665475,0.591355096707493,0.9847878813743592,-2.485559463500977,0.8798474073410034,1.122200195133686,0.8043313463032246,2.073787218496203,3.2639172077178955,-0.625292181968689,-0.4869295358657837
1774469927222134100,115.32371875,-1.6942524793475866,-1.0537671487681568,0.7988421012371778,0.6225680112838745,-0.1411959379911422,0.5103774070739746,0.2156592781346291,0.8772451913446188,0.8753601082503795,0.8931013345718384,-2.436321258544922,0.7540948390960693,0.5545283179610967,0.0012675357177853,2.368608369216323,3.2496728897094727,-0.5821097493171692,-0.3918477296829223
1774469927232161100,115.33374584960936,-1.1924112109571694,-1.3844336659818888,1.0780676234185695,0.4831901490688324,-0.1208794936537742,0.4142955839633941,-0.1538379780590534,0.8150006243556738,1.0055597288295626,0.869882345199585,-2.417552947998047,0.6427379250526428,0.1995154411286115,-0.8613669464722276,2.9637288098067045,3.293623924255371,-0.6820675134658813,-0.3330533802509308
1774469927242187100,115.34377172851562,-1.004136125767231,-1.7503814860656857,1.397545661011338,0.3855371177196502,-0.1341065764427185,0.2687544226646423,-0.3529446922563016,0.6943944692909717,0.902284063272178,0.8957234025001526,-2.409022808074951,0.523794412612915,-0.1884668083697557,-1.24425771805048,3.5603929727077483,3.3482108116149902,-0.9199284315109252,-0.3024806380271911
1774469927252213100,115.35379760742188,-0.8710767318427562,-1.9019623328477144,1.7654437383800743,0.3143454790115356,-0.1882017701864242,0.1364395022392273,-0.3784241475582122,0.6304822613507509,0.6809437438264488,0.9460821747779846,-2.332703351974488,0.4001097381114959,-0.5374146860748529,-1.2067086163789034,3.939977396216989,3.3555691242218018,-1.2832012176513672,-0.3258038163185119
1774469927262240100,115.36382470703126,-0.3675158000528812,-1.8331325422495603,2.000286513477564,0.2565225660800934,-0.184207409620285,0.059063758701086,-0.4034966294944286,0.565833555829525,0.4753144959926605,0.9618918895721436,-2.18367600440979,0.2991302609443664,-0.3772761465668678,-0.8160966028988361,4.016249319514632,3.2977819442749023,-1.7238565683364868,-0.3821391761302948
1774469927272266100,115.3738505859375,-0.2580985630005598,-1.7047396788313984,1.990094205287099,0.2174121737480163,-0.1283406913280487,-0.0220167152583599,-0.4790191957294941,0.5194435605764389,0.3261617531403899,0.90976482629776,-1.9996215105056765,0.2287413030862808,0.1994452985018491,-0.1781990968555211,3.8779350738018734,3.2019970417022705,-2.1212615966796875,-0.4483315050601959
1774469927282293100,115.38387768554688,-0.5568401020348072,-1.5895662163399158,1.7835919740110635,0.2116582989692688,-0.0490384362637996,-0.1402574479579925,-0.4611505076922476,0.519928129222989,0.2570242117673158,0.8090311884880066,-1.805878758430481,0.1707864701747894,0.5402817659437656,0.3974281232357025,3.5356232731103896,3.0819900035858154,-2.360040664672852,-0.4744186103343963
1774469927292319100,115.39390356445313,-0.9546534251958132,-1.352609517828375,1.4907055907458069,0.227929413318634,0.0571290142834186,-0.2775236964225769,-0.4408114840187132,0.4815981063067913,0.1292632165119052,0.696031928062439,-1.6101661920547483,0.1171274930238723,0.5410626871883869,0.9408762442559004,3.029972675564885,2.949451208114624,-2.4329209327697754,-0.4504142105579376
1774469927302345100,115.4039296875,-1.347837919512391,-0.955999140716344,1.190276537016034,0.2474811673164367,0.1391367018222808,-0.3677211701869964,-0.522512154366821,0.3603974924802779,-0.0523418893948197,0.6136090159416199,-1.416132926940918,0.0821795389056205,0.5541080467224121,1.437382581359148,2.3616946443051097,2.8242015838623047,-2.3496346473693848,-0.4045170247554779
1774469927312372100,115.41395678710936,-1.62979140535295,-0.4420973225781693,0.8803717989325522,0.2494013011455536,0.189611867070198,-0.4049676060676574,-0.6928945861220359,0.2112228300571441,-0.1936614544034004,0.5787221193313599,-1.2104511260986328,0.0715556591749191,0.6795031896293163,1.7532172940135,1.674838753825426,2.7061448097229004,-2.126457452774048,-0.3392187058925628
1774469927322398100,115.42398266601562,-1.752003826570511,-0.0022692601062357,0.6567313858509063,0.2318625599145889,0.1927670240402221,-0.3974000811576843,-0.8622681330956519,0.1430705003291368,-0.189786658796668,0.5796605944633484,-0.9717139005661012,0.0819281786680221,0.9852578222960232,1.9545716410070657,1.012989294308424,2.5772042274475098,-1.798197627067566,-0.2430320829153061
1774469927332425400,115.43401000976564,-1.848226651006937,0.3548617413913831,0.5388607932299375,0.2009653747081756,0.156758964061737,-0.3810682594776153,-1.110091239666939,0.181666480705142,-0.1022983449578285,0.5927004814147949,-0.7150701284408569,0.1126072630286216,1.0921464176535605,2.1977783398240804,0.439499670767784,2.419155597686768,-1.4234187602996826,-0.1626142114400863
1774469927342451000,115.44403564453124,-1.6673983746916057,0.6103644061472266,0.53087388612926,0.1571494936943054,0.1140345185995101,-0.3511975109577179,-1.4905062687814234,0.1537912163078784,-0.1087947212398052,0.5888392329216003,-0.4676049947738647,0.1662214249372482,0.9041066025242208,2.42433960878849,-0.0244242471605539,2.216207265853882,-1.0554838180541992,-0.1305162012577057
1774469927352477000,115.4540615234375,-1.3335592187911272,0.7931730426248162,0.5678945800125599,0.1146078780293464,0.0836068391799926,-0.3177386224269867,-1.8538183335341512,0.0188560916393995,-0.2756047013357282,0.5661943554878235,-0.253594696521759,0.2444861382246017,0.6213523216947913,2.502787707081437,-0.1077788221955299,2.0086374282836914,-0.7260081768035889,-0.1405864059925079
1774469927362504000,115.46408862304688,-1.1657003141641615,0.9095996469825506,0.7317623691767454,0.0581643246114254,0.0551038533449173,-0.2861649990081787,-2.0160627592802047,-0.1360766959190368,-0.3903361191481351,0.5382735133171082,-0.0660434290766716,0.3425110280513763,0.3823962660595774,2.4331308180093765,0.2642155845761299,1.8451287746429443,-0.466564267873764,-0.17732834815979
1774469927372530000,115.47411450195312,-0.998992333137989,0.7591237657677382,1.0340367585122583,0.0036161309108138,0.0329476855695247,-0.2490738034248352,-2.008937437444925,-0.2974287028700113,-0.4660571305647492,0.51446133852005,0.0980115532875061,0.4465495645999908,0.2649433143287897,2.1652274848312136,0.9366343689024448,1.730170965194702,-0.2999702394008636,-0.2376220524311065
1774469927382557000,115.4841416015625,-0.9347650678992272,0.5607220580346882,1.33374042057693,-0.0492831654846668,0.030692670494318,-0.2169520407915115,-1.9085843813359733,-0.4942968443602323,-0.5523468822687864,0.5001922249794006,0.2472205758094787,0.549996554851532,0.3089253716573119,1.812331161761284,1.6259370680123566,1.6583970785140991,-0.2396537065505981,-0.3094035983085632
1774469927392583300,115.49416796875,-0.7934113083600998,0.1288317480257712,1.451271405979991,-0.0679165124893188,0.0717745944857597,-0.2081963717937469,-1.8162147251963607,-0.7132388704925775,-0.6635153469026088,0.5003035068511963,0.3875830173492431,0.6492562890052795,0.4659399339258671,1.5603390989422796,2.165325684508681,1.6157137155532837,-0.2510254085063934,-0.3768289685249328
1774469927402609300,115.50419384765624,-0.7493535554468631,-0.245203407325875,1.5070616822630163,-0.0686421021819114,0.1079308167099952,-0.2337918132543563,-1.8437692332066595,-0.9529220713585614,-0.8079147577479481,0.5104331374168396,0.511634886264801,0.7465943098068237,0.8138871101558208,1.5707804134577512,2.4358996982008216,1.5728367567062378,-0.2844737470149994,-0.4361732006072998
1774469927412636000,115.514220703125,-0.8501637076735497,-0.4734667857667431,1.4111919090479612,-0.0672729685902595,0.1246887594461441,-0.2889581322669983,-1.883604253858328,-1.2136866386979817,-0.9266296922385692,0.5352787971496582,0.6110445857048035,0.8332900404930115,1.151130229280889,1.754979627510905,2.337834460768104,1.507442593574524,-0.3163903951644897,-0.4826357364654541
1774469927422662000,115.52424658203124,-0.8847294096201658,-0.5284500199832022,1.1801222227483987,-0.0760738402605056,0.1155128106474876,-0.3506805598735809,-1.9407599732756613,-1.399017487129569,-1.0085925206542017,0.5733758807182312,0.6765199899673462,0.8985515832901001,1.3013552775397896,1.703116169282794,2.0245260517209767,1.442936658859253,-0.3297590911388397,-0.4888283610343933
1774469927432689000,115.53427368164064,-0.897334624171257,-0.5484522859830409,0.9070897099882363,-0.092036560177803,0.0756301060318946,-0.4127577841281891,-1.9821490915015336,-1.508853241854906,-1.0607347958236932,0.6196379065513611,0.708808958530426,0.9385682940483092,1.4464429629102349,1.5698445939123629,1.9382909528136247,1.3825000524520874,-0.3321895003318786,-0.4681632816791534
1774469927442715000,115.54429956054688,-0.7712813096165657,-0.4962466632537543,0.5943079551637173,-0.1090847626328468,0.0374862477183342,-0.4688262939453125,-1.8594342737197875,-1.541879897665977,-1.0363713389396667,0.676139771938324,0.7077555060386658,0.947776973247528,1.4226643201768396,1.4881792871385813,1.95112266959697,1.3223648071289062,-0.3361882865428924,-0.464705616235733
1774469927452742200,115.55432690429689,-0.5630167448431254,-0.3689361882448196,0.3107698304802179,-0.1284419596195221,0.0136251244693994,-0.5088176727294922,-1.6037141302883624,-1.4981062223911286,-1.063042195983231,0.7377282977104187,0.6764662861824036,0.910053014755249,1.345008833566308,1.1466191815972329,1.9595497216805813,1.2533104419708252,-0.3515427410602569,-0.4902602434158325
1774469927462768200,115.56435278320312,-0.5313666380822658,-0.1977502946196123,0.1016109472155571,-0.1595422327518463,-0.0103632118552923,-0.532416820526123,-1.2778081054747104,-1.4886697010040282,-1.2619319064289332,0.8047197461128235,0.6265032291412354,0.8363335728645325,1.2735168380215762,0.6500386102139949,1.9219658409565683,1.1815036535263062,-0.3676720559597015,-0.5351380705833435
1774469927472794200,115.57437890625,-0.5916378591716289,0.0543384517732076,0.017238135048747,-0.2000995129346847,-0.0449560768902301,-0.5442913174629211,-1.0085013352394103,-1.5890367856383325,-1.6445090820133683,0.8574309349060059,0.5754304528236389,0.729678750038147,1.0663812772780656,0.1931003133893012,1.8467630081951616,1.1219985485076904,-0.3645769357681274,-0.5816571116447449
1774469927482821000,115.58440551757812,-0.643497810268402,0.2757946709498763,-0.0194026196062564,-0.2313234210014343,-0.080875314772129,-0.5341585874557495,-0.8766320278823375,-1.885803225207329,-2.193690778249502,0.8818709850311279,0.5323860049247742,0.603540301322937,0.8089990458533167,-0.046956981486082,1.8719374892011285,1.1006087064743042,-0.33009934425354,-0.6240317821502686
1774469927492847000,115.594431640625,-0.7022405066162347,0.397909367414005,-0.0540758735805749,-0.2513000667095184,-0.0977664142847061,-0.5183596611022949,-0.877403304515779,-2.263153606054187,-2.706056071002781,0.8781140446662903,0.4861002266407013,0.4744435846805572,0.5489695147901773,-0.126866969025135,1.9126459316864608,1.100840449333191,-0.2914427816867828,-0.6441839337348938
1774469927502874200,115.60445874023438,-0.9770704241871834,0.4477249532015994,-0.0903507175326347,-0.2663165926933288,-0.1070873290300369,-0.5075188279151917,-0.8472787998870015,-2.542271576207876,-2.93351458106786,0.848060131072998,0.4115787744522095,0.3565845489501953,0.3608390987679362,-0.1847048254877328,1.9531793098658323,1.1100486516952517,-0.2009745687246322,-0.6579862236976624
1774469927512900200,115.61448486328123,-1.313742173165083,0.4381878575168549,-0.0728963093847036,-0.2794747352600097,-0.1422727555036544,-0.5079593658447266,-0.932342809188366,-2.590375389641524,-2.8249700351968405,0.7995008230209351,0.3040629625320434,0.2725783288478851,0.1992035987004637,-0.2538993577450513,2.051888690420985,1.1139522790908811,-0.1264936774969101,-0.653381884098053
1774469927522926200,115.6245107421875,-1.3106845391601325,0.3366392349477857,0.0294499663680791,-0.2786983251571655,-0.2053994536399841,-0.5119448900222778,-1.1610603794038294,-2.6428280459344387,-2.687588101898134,0.7383784651756287,0.1810132414102554,0.2307130098342895,0.1686205366492271,-0.2754027490228414,2.1300299147218467,1.1046180725097656,-0.0884437412023544,-0.6218292117118835
1774469927532953200,115.63453784179688,-1.0622732574373484,0.1850367425895296,0.1938227824449539,-0.2811034321784973,-0.2750493884086609,-0.5260268449783325,-1.42672908539772,-2.7141601747423407,-2.5680989681646227,0.6917169094085693,0.0571088790893554,0.2189642041921615,0.1228141865029931,-0.2324643555283546,2.2378812176316973,1.07515287399292,-0.0635663568973541,-0.5856528282165527
1774469927542979200,115.64456372070312,-1.0455307969510554,0.0594412822043988,0.3894862243205308,-0.2863360643386841,-0.3332763612270355,-0.5664040446281433,-1.5624084525622426,-2.825966352757811,-2.4822809256255627,0.6577123999595642,-0.070994384586811,0.2074478417634964,0.0695563513070344,-0.1678799474149942,2.399306582079828,1.0462639331817627,-0.0173932276666164,-0.5556116700172424
1774469927553005900,115.65459057617188,-0.8884130665689707,-0.0945447716889903,0.5997668050915003,-0.2911356091499328,-0.3834063708782196,-0.6117600798606873,-1.593024393969774,-2.9312001666456458,-2.4008041271612046,0.6471500396728516,-0.1940047293901443,0.1827318519353866,0.1095557687401771,-0.1955307554066181,2.717643632943928,1.0407721996307373,0.0444016978144645,-0.5260370373725891
1774469927563031900,115.66461645507812,-0.8827034567505121,-0.1879544384008273,0.8696201032936572,-0.296402245759964,-0.4296099543571472,-0.6698557138442993,-1.6084467117682095,-2.90739492816627,-2.2476222749233243,0.6547189950942993,-0.3099256157875061,0.1491848677396774,0.1144029165104031,-0.339746334117651,3.1391660407334565,1.0603656768798828,0.106941357254982,-0.4868932664394378
1774469927573058200,115.67464282226562,-0.6991694286078214,-0.334744982166402,1.069271153500676,-0.3005780875682831,-0.4450757205486297,-0.7034800052642822,-1.6332754480764269,-2.666168004989624,-1.97402482175678,0.6639031767845154,-0.4138011634349823,0.1190733015537262,0.2001382492020726,-0.6189180802851915,3.5834812950894235,1.0521197319030762,0.1441361308097839,-0.4674335420131683
1774469927583085200,115.68466967773438,-0.5583472917273641,-0.4915740318002179,1.1630372324347495,-0.3056877553462982,-0.4321454763412475,-0.717660665512085,-1.709497540882975,-2.2529285646379,-1.6673852229490875,0.6556433439254761,-0.5056021213531494,0.0963741689920425,0.4932853292301297,-1.3025789741158484,3.82563088606894,0.9992135763168336,0.1294560432434082,-0.4697688817977905
1774469927593111100,115.69469580078125,-0.4963455935835838,-0.5578136597746983,1.1494546972841024,-0.3146144151687622,-0.4241338968276977,-0.7347487807273865,-1.860397273533046,-1.8974819725632663,-1.5380027639716862,0.6129760146141052,-0.5625146627426147,0.0869553685188293,0.8454571374177933,-2.081784646990895,4.017606579342484,0.9353035688400269,0.0562313608825206,-0.4725857079029083
1774469927603138200,115.70472265625,-0.5223939348146319,-0.4748396084899082,1.1222820281982422,-0.3213751018047333,-0.4243919551372528,-0.7458930611610413,-2.050923644781113,-1.6865239309221505,-1.6322478585943578,0.5591588020324707,-0.5791048407554626,0.0858283787965774,1.0575380456089971,-2.5291157420367,4.236212213127315,0.8829542398452759,-0.0650705248117446,-0.4583988785743713
1774469927613164100,115.71474877929688,-0.5481070527419447,-0.2765572345538996,1.0793605858385562,-0.3283363580703735,-0.4416460394859314,-0.7440506815910339,-2.19992353515923,-1.5406307743877172,-1.823266689534485,0.5147873163223267,-0.5449793934822083,0.0916471183300018,1.091664479355514,-2.56865397169888,4.326871850478649,0.839161217212677,-0.2135590612888336,-0.4356434941291809
1774469927623190100,115.72477465820312,-0.476934206148982,-0.0400244833757402,0.969527169200778,-0.3321688175201416,-0.4650946855545044,-0.7286160588264465,-2.3621613850340246,-1.4327993452221155,-2.002097070030868,0.4994642734527588,-0.4536603093147278,0.1105838418006897,1.1233246691189709,-2.4914421372026205,4.293518446931243,0.802420437335968,-0.3608477115631103,-0.4160927236080169
1774469927633217100,115.7348017578125,-0.497143465963006,0.2104192951219156,0.7954594730615615,-0.3287224173545837,-0.4851408302783966,-0.7153063416481018,-2.4839091113492846,-1.2442600561380386,-2.1145126121163367,0.5061115026473999,-0.3285066485404968,0.13429556787014,1.1925003505453466,-2.4571336248874664,4.228186143060029,0.7636610865592957,-0.4793703556060791,-0.4049905240535736
1774469927643243100,115.74482763671875,-0.7451596108883619,0.4850102163052186,0.5994751286685467,-0.3159297406673431,-0.5253755450248718,-0.7073349356651306,-2.590832485759258,-1.0020499671429397,-2.13623403005898,0.521547257900238,-0.1836672872304916,0.1667323112487793,1.204491817112267,-2.472496029192209,4.144126342365145,0.7206295728683472,-0.5578990578651428,-0.4014087617397308
1774469927653270100,115.75485473632811,-0.9426035064399242,0.665068713824451,0.4326140029072761,-0.2990988492965698,-0.5700679421424866,-0.6927072405815125,-2.67727158280611,-0.7017243737876415,-2.0694752005159853,0.531571626663208,-0.0415556877851486,0.2103583514690399,1.174056931360066,-2.32213770994246,4.010172629949451,0.6633148789405823,-0.5935609340667725,-0.4047281146049499
1774469927663296100,115.76488061523438,-0.8907020542889833,0.711998661173135,0.327470789912343,-0.2751794159412384,-0.6119613647460938,-0.6740442514419556,-2.6638614816129205,-0.3738064246296882,-1.8309803326517344,0.5209906101226807,0.081675186753273,0.2548123300075531,1.1723800841890275,-1.903623544058204,3.781906602893769,0.5966595411300659,-0.5806569457054138,-0.4156020581722259
1774469927673322100,115.77490673828125,-0.8142056745857,0.651387832865864,0.2897106758385896,-0.2507103085517883,-0.6187034249305725,-0.6704117059707642,-2.5321979259610177,-0.0623766689360141,-1.4764035091489554,0.4860529005527496,0.1590336263179779,0.2976772487163543,1.1178419999241829,-1.3176350889503956,3.4429636941134927,0.5423683524131775,-0.5390280485153198,-0.4196631014347076
1774469927683349100,115.78493359375,-0.9203250391364096,0.6198585760056972,0.310741773429513,-0.2262511849403381,-0.6261741518974304,-0.680021345615387,-2.2967288356587288,0.247530991756916,-1.0274532884687184,0.4339545667171478,0.1959576457738876,0.3327851593494415,1.0176467647254466,-0.7820078708142042,3.125052759706974,0.4831269085407257,-0.4763967990875244,-0.4164809882640838
1774469927693375100,115.79495971679688,-0.9984697705686092,0.6248690976440906,0.437950103238225,-0.2174443900585174,-0.6336592435836792,-0.6728609204292297,-2.03095462346375,0.553546905708313,-0.5745645592957734,0.3821518123149872,0.2175761312246322,0.3538917601108551,0.8983540303468703,-0.4329413351655006,2.9036133638009427,0.422392725944519,-0.3688189387321472,-0.4102060496807098
1774469927703402100,115.80498657226562,-0.9808356219395996,0.7140220567595214,0.612417612349987,-0.221589058637619,-0.6539698243141174,-0.6472525000572205,-1.8218226282060144,0.788489049527049,-0.2660790403604507,0.3297801911830902,0.2438748627901077,0.3560414910316467,0.7907505647182465,-0.2727536958187818,2.8790400635585187,0.3850450217723846,-0.2379110902547836,-0.3949834406375885
1774469927713428100,115.8150126953125,-1.0093652585923671,0.8886025977917015,0.7887205201953649,-0.2298499196767807,-0.6818533539772034,-0.5999779105186462,-1.6722604277700184,0.9680079968094824,-0.1237152269959449,0.2762352228164673,0.2809053361415863,0.3400188386440277,0.7663400538221001,-0.1222708734065294,2.9766680786177515,0.3771210610866546,-0.1161223426461219,-0.3770960569381714
1774469927723454100,115.82503857421877,-0.9578907996818424,1.0971889418654144,0.9552806171834468,-0.2416578084230423,-0.6959680318832397,-0.5396714806556702,-1.566080857464671,1.076690489846468,-0.1077028343498706,0.225644826889038,0.3266580402851105,0.3067409694194793,0.8154793477833271,0.1125198792427778,3.082926851639152,0.3875721395015716,-0.0334217399358749,-0.3630594313144684
1774469927733481100,115.83506567382813,-0.9349746189966798,1.2723875417307018,1.1466226887285709,-0.2573797702789306,-0.7085698246955872,-0.4616616368293762,-1.5060685795724391,1.1386842969447373,-0.0870943460851907,0.1720308661460876,0.3667844235897064,0.2694676220417022,0.8203741340875625,0.3704600368112325,3.141489807505905,0.4051196873188019,0.0005854927003383,-0.3493942022323608
1774469927743507000,115.84509155273436,-0.9270154766857625,1.3856316435948013,1.327656716749072,-0.2640852332115173,-0.7143822908401489,-0.3783920705318451,-1.5232964854881166,1.185198795360327,-0.0409533571571111,0.1186559423804283,0.4001590609550476,0.2265088260173797,0.733896750856936,0.6830529910653829,3.1444644394025203,0.3930281102657318,0.0071204993873834,-0.3383795619010925
1774469927753534100,115.85511865234376,-0.998912253639102,1.3905502491660415,1.4263339486002922,-0.262128084897995,-0.7113569378852844,-0.3192493915557861,-1.5896961263298988,1.2185913618743418,-0.0254606044709682,0.0700537860393524,0.4267975986003876,0.1914720088243484,0.6301727570101618,0.934138460433483,3.090795685318112,0.3505871593952179,-0.0060080857947468,-0.3266605734825134
1774469927763560000,115.86514453125,-1.1512521020948887,1.4180762617342173,1.5117536394715307,-0.2489602714776992,-0.7167395353317261,-0.2717801928520202,-1.6790189621195195,1.2648428254395725,-0.0538046554237604,0.0205210763961076,0.44417804479599,0.1639320403337478,0.5866857897222042,1.1016863994151354,2.899566134236753,0.2836155593395233,-0.0100617483258247,-0.3186058402061462
1774469927773586000,115.87517065429688,-1.2033160513311625,1.5113519268028437,1.5664368312954902,-0.2257665246725082,-0.724589467048645,-0.2183220386505127,-1.7212354710802436,1.282352178645134,-0.1435679284572601,-0.0299210585653781,0.447920560836792,0.1430813521146774,0.5943884730540215,1.2566238631486892,2.6104852807343004,0.1983579397201538,0.009845114313066,-0.3196330070495605
1774469927783613000,115.88519775390624,-1.244324353545904,1.5924338807307183,1.5358675055086612,-0.2021866589784622,-0.7349013090133667,-0.1637667119503021,-1.719249557960033,1.3027467318981885,-0.2662012054353952,-0.0786310881376266,0.4421717226505279,0.1184303537011146,0.5814120871029794,1.494345993074775,2.267349304178357,0.1076520234346389,0.0528396405279636,-0.3173713684082031
1774469927793639000,115.8952236328125,-1.3343921624839306,1.6274935036741196,1.4513205058187246,-0.1761787682771682,-0.7325811386108398,-0.1130276322364807,-1.645837992529571,1.2660498631417751,-0.4190501724570989,-0.1274377703666687,0.4326114952564239,0.0827951282262802,0.5114342955134809,1.8167869721263643,1.944645290276408,0.0181903149932622,0.114785298705101,-0.3083488643169403
1774469927803666400,115.9052509765625,-1.3905138626784086,1.5991079516671598,1.395560040152073,-0.1480427682399749,-0.7351555228233337,-0.0605629757046699,-1.5546283200800417,1.216461364108324,-0.6248275965899228,-0.1689795553684234,0.4296953380107879,0.044533684849739,0.4207024697087705,2.103862623286247,1.696178478974104,-0.0895880386233329,0.1942546814680099,-0.2946576476097107
1774469927813692300,115.91527685546876,-1.4499147306740283,1.5217277748666702,1.4265572359621523,-0.1295657455921173,-0.7520545721054077,-0.009060638025403,-1.4833447065889835,1.1506728409022091,-0.8236199841409921,-0.2032802700996399,0.4300436973571777,-0.0021382123231887,0.3658228785298764,2.1777344997048376,1.4444754622295497,-0.1936747580766677,0.280493676662445,-0.284586638212204
1774469927823718200,115.925302734375,-1.610533162653446,1.389229960347712,1.4727508318603038,-0.1169651895761489,-0.7641120553016663,0.0289241075515747,-1.398742469580471,1.08149876691103,-0.9393757765650748,-0.2250727117061615,0.4362529218196869,-0.0472686327993869,0.359926513967663,2.172040087455511,1.3061314059004188,-0.2802295684814453,0.3522361516952514,-0.2746346294879913
1774469927833745000,115.93532958984376,-1.7720470821678638,1.2350113124080002,1.529261823633313,-0.103536732494831,-0.7743175625801086,0.0485252365469932,-1.263795069952309,1.018886535653472,-0.9744932671755552,-0.2411573976278305,0.4384396374225616,-0.0970236659049987,0.3145791596353053,2.162851403349638,1.214549685268104,-0.3452019095420837,0.4000420272350311,-0.258109986782074
1774469927843771000,115.94535546875,-1.8437199872374528,1.1723138140197842,1.641241020128131,-0.1017854660749435,-0.7714648246765137,0.065915822982788,-1.1450012250065802,0.9360714743226766,-0.9360001626521348,-0.2542053163051605,0.4316952526569366,-0.1444886475801468,0.2419486615799367,2.210078433948755,1.1657529211342337,-0.3964014649391174,0.4223569631576538,-0.2305691540241241
1774469927853798000,115.95538256835935,-1.8782371738672248,1.2390483128391203,1.727140603470802,-0.1154280379414558,-0.7417476773262024,0.0849779322743415,-1.053257007288933,0.8180535821855067,-0.9385276353031397,-0.2631897330284118,0.4215395748615265,-0.1824951469898224,0.178202165595442,2.2228905692487952,1.1484589642450214,-0.4335874617099762,0.4282808899879455,-0.1950143575668335
1774469927863824200,115.96540893554688,-1.9028014140203595,1.3214039399646222,1.8159353237330915,-0.1333881914615631,-0.7168904542922974,0.1090590730309486,-1.0109177487313747,0.6431009199053048,-1.006360816079378,-0.2744103074073791,0.4098968803882599,-0.2130057364702224,0.1655411292038857,2.140484088718891,1.2041840663373469,-0.4495224952697754,0.4378493428230285,-0.1519294679164886
1774469927873850200,115.97543481445312,-2.065673470145464,1.4549568164944648,1.877435209834576,-0.1598634719848632,-0.7008052468299866,0.1197122558951377,-1.001746892543137,0.4542337140411138,-1.1423153469234704,-0.284759908914566,0.4067788422107696,-0.2352199703454971,0.1733015340723097,2.0387638359099625,1.2526920766577123,-0.4499802887439728,0.449951022863388,-0.1019041240215301
1774469927883877200,115.9854619140625,-2.221957087790966,1.5355542017757893,1.8928870459884404,-0.1894513368606567,-0.6935709118843079,0.1390965729951858,-0.979635306239128,0.2425286534249782,-1.328933897078037,-0.2900454998016357,0.4149953722953796,-0.2542647421360016,0.1705694787599146,1.9344266786009072,1.261083765166998,-0.429602175951004,0.4529985189437866,-0.0521899163722991
1774469927893903200,115.99548779296876,-2.2459455738827585,1.552893459111452,1.9190899932593104,-0.221390888094902,-0.6892421841621399,0.1573890298604965,-0.9090966658964752,0.0215834707766771,-1.5080179600745438,-0.2876164317131042,0.4341640174388885,-0.2735825181007385,0.1321742816530167,1.874994830945134,1.2589730566233397,-0.4001942276954651,0.4351667761802673,0.0058198580518364
1774469927903930000,116.0055146484375,-2.297124849238992,1.4501936937458813,1.8947838195204727,-0.2513425350189209,-0.6767204403877258,0.1586881130933761,-0.8063713276982307,-0.1365524967372417,-1.5705243928700685,-0.2695883810520172,0.4477233588695526,-0.2936071455478668,0.0539477171562612,1.8197674492418765,1.2564447071895002,-0.3772231340408325,0.4048691093921661,0.0730630755424499
1774469927913960600,116.01554516601564,-2.4103508309245107,1.328839204531908,1.8874001390099524,-0.2740374505519867,-0.6396945118904114,0.1486618518829345,-0.6906560134150087,-0.2435012978494167,-1.5261439838737247,-0.2414267659187317,0.4619883000850677,-0.3142668902873993,-0.0026690730787813,1.743928072142601,1.255076341445744,-0.3652666211128235,0.3772150874137878,0.1365749388933181
1774469927923986500,116.02557104492188,-2.558912622146308,1.169817028767988,1.923613608163595,-0.2879683077335357,-0.6041733622550964,0.1265831887722015,-0.6354423679761588,-0.2772515917599201,-1.447792916214466,-0.2132737189531326,0.4669836461544037,-0.3349804282188415,0.0908732801020145,1.5193237824648618,1.2289613647192716,-0.3570283353328705,0.3472502529621124,0.1838839948177337
1774469927934013500,116.03559814453124,-2.70341958501935,1.016811044553667,1.9707009380310767,-0.3014593422412872,-0.5545022487640381,0.0838413089513778,-0.5913445753134787,-0.2838672105073929,-1.3526912047624586,-0.1840710788965225,0.458218902349472,-0.3524102866649627,0.147702836304903,1.2311813788563013,1.1553031310513615,-0.3352316915988922,0.3052828311920166,0.2290706485509872
1774469927944039500,116.0456240234375,-2.760529419468343,0.9154796449318529,1.9463889190733432,-0.3189597427845001,-0.5024474263191223,0.025953397154808,-0.4719081946805119,-0.3145972798138857,-1.2877204276800154,-0.1635208129882812,0.4426167011260986,-0.3702915012836456,0.0499403812110424,1.0365209765434265,1.1399258214384316,-0.3065373599529266,0.2626795768737793,0.2874118387699127
1774469927954066400,116.05565087890623,-2.6941470220223067,0.8603457136657089,1.8131950851142404,-0.3379637897014618,-0.4347754418849945,-0.0351499058306217,-0.3520388294577598,-0.3285954100281,-1.2742787623047829,-0.1594994366168975,0.4276023209095001,-0.3869847357273102,-0.0620484598949551,0.8177139749675989,1.2035919456630944,-0.2783219516277313,0.2255327403545379,0.3423885405063629
1774469927964092400,116.06567700195312,-2.658595816169679,0.7996979143489151,1.6194395226866003,-0.363273411989212,-0.3680135011672973,-0.0956215411424636,-0.2223264078736305,-0.4113280537724494,-1.3122726851344109,-0.1724666804075241,0.4075640141963959,-0.4055717289447784,-0.0897033595398068,0.4748895485788583,1.217160744549334,-0.2385018318891525,0.1756573021411895,0.3814482092857361
1774469927974118400,116.075703125,-2.7111615774482485,0.7538198872059583,1.489964416989684,-0.3768227696418762,-0.2895336151123047,-0.1654118001461029,-0.1282940792188048,-0.4945347447693348,-1.3521283101826906,-0.1973608434200287,0.3987023532390594,-0.4230734705924988,-0.1210240882158279,0.1753326015084982,1.240825697775185,-0.1763724088668823,0.0991590693593025,0.412801593542099
1774469927984145400,116.08573022460938,-2.815086646825075,0.7343918408975004,1.3715192393511533,-0.382279098033905,-0.2189732044935226,-0.238444834947586,-0.1373775493845343,-0.5752484499067068,-1.403683725374937,-0.2201729714870453,0.3980657160282135,-0.4399507343769073,-0.1765758795678615,-0.0330132118076086,1.298469200709462,-0.107613630592823,0.0095243928954005,0.4510859549045563
1774469927994171400,116.09575610351564,-2.948537378154695,0.6805398392006754,1.2702753718823194,-0.3981944024562835,-0.1419934779405594,-0.3244657218456268,-0.1734320285841822,-0.6844114199370145,-1.3927812230885028,-0.2305662184953689,0.3975346684455871,-0.4462866485118866,-0.1428290927886963,-0.1233744507342576,1.3916013656541704,-0.0448589026927948,-0.0712436884641647,0.4852391481399536
1774469928004198400,116.105783203125,-3.035793344542384,0.6116741370389238,1.1468284404337403,-0.4178460836410522,-0.0608646497130394,-0.4034460783004761,-0.2175577321670949,-0.7544096697926521,-1.2116595167845488,-0.2201424092054367,0.3830601871013641,-0.4494962096214294,-0.0905222747072577,-0.1903711806863546,1.3697010840132833,0.000937121163588,-0.1506087332963943,0.5150238871574402
1774469928014224400,116.11580908203123,-3.1730192104965447,0.4969280331140384,0.9744950207412242,-0.4300159215927124,-0.0127280103042721,-0.4562933146953583,-0.2495019995689392,-0.721656570225954,-0.9221639450013636,-0.1945427805185318,0.3509810864925384,-0.4405381381511688,-0.1686833727523684,-0.3008995938509702,1.1926616785869002,0.0258925389498472,-0.2222275286912918,0.5447234511375427
1774469928024250400,116.1258349609375,-3.355523018808663,0.2920531107788905,0.8424807519555091,-0.4271515905857086,-0.0189695712178945,-0.5128679871559143,-0.3364041840828955,-0.6371060634046792,-0.5815893433660269,-0.1528043150901794,0.3015533685684204,-0.4209919571876526,-0.2281508762434125,-0.4176297842651605,1.021924295914173,0.0380455516278743,-0.2451832592487335,0.5676673054695129
1774469928034277400,116.13586206054688,-3.311785291630029,0.0212562115836888,0.7932599171906709,-0.4185242652893066,-0.0720208063721656,-0.5764623880386353,-0.4523826793469488,-0.5471615885853767,-0.2648211492538452,-0.1013906449079513,0.2378017902374267,-0.3934167623519897,-0.2230567679747939,-0.5238917721569538,0.9585767361193894,0.0477258749306201,-0.2057540714740753,0.5802254676818848
1774469928044303400,116.14588818359375,-3.083957071469724,-0.3264342134062201,0.6842904239058494,-0.3893628418445587,-0.1660662740468979,-0.6250917911529541,-0.6043000646069645,-0.5707184052616358,-0.0114554599940776,-0.0390685945749282,0.1738786250352859,-0.3583387732505798,-0.2167664356589317,-0.6005161621540784,0.8635571499928831,0.0606310255825519,-0.1396979987621307,0.5817534923553467
1774469928054330400,116.1559150390625,-2.823565721356869,-0.7185792816724628,0.4282032007277012,-0.3342370092868805,-0.274336040019989,-0.6739341616630554,-0.7576280473172664,-0.647035921266675,0.1610194139957428,0.0286300256848335,0.1138341799378395,-0.3218148350715637,-0.2596855399310588,-0.6991121454626321,0.6848167858675122,0.0613580681383609,-0.080084204673767,0.5763027667999268
1774469928064356400,116.16594116210938,-2.535654203894734,-1.0236943743266165,0.0342553208231925,-0.2417030930519104,-0.3679523169994354,-0.729148268699646,-0.9270762669622896,-0.6923749461621046,0.3903782047241926,0.1030507609248161,0.058450911194086,-0.2811444103717804,-0.3344695627585053,-0.8125017932772636,0.5178416783377527,0.0538413263857364,-0.0218678973615169,0.5673080086708069
1774469928074382400,116.17596704101562,-2.266406178109348,-1.2135941381089388,-0.4855512278467416,-0.1115637198090553,-0.4423615932464599,-0.7845350503921509,-1.053205423232168,-0.6078712010920048,0.6451619440883398,0.1729970872402191,0.0193557050079107,-0.2395689934492111,-0.3834007669270038,-0.9564467383533716,0.4404197082221507,0.0485735908150672,0.0301454998552799,0.5501365065574646
1774469928084409400,116.185994140625,-2.0436504389077426,-1.2595584552958607,-1.108499586561322,0.0474413633346557,-0.499731957912445,-0.8033328056335449,-1.1469102734982968,-0.3965168536096811,0.9379273313224316,0.232161283493042,-0.007037463132292,-0.193658173084259,-0.4035243942841887,-1.0751578734517098,0.4243009325921535,0.0518430843949317,0.0658337324857711,0.5370655059814453
1774469928094435400,116.19602001953125,-1.9403174902051683,-1.3981889273509382,-1.736995642530918,0.2339401245117187,-0.6044072508811951,-0.7827998399734497,-1.2259496156826617,-0.1619628323256969,1.1912813301444054,0.2736221551895141,-0.0319026000797748,-0.1418192088603973,-0.3673980188921094,-1.0522808557331562,0.4527630569666623,0.0529823824763298,0.0744842141866684,0.5262981057167053
1774469928104462400,116.20604711914062,-1.7219126396894453,-1.4128326619923115,-2.257409509444237,0.4313102662563324,-0.7718514204025269,-0.723037838935852,-1.308192868474871,0.0558306082934141,1.426662449902296,0.2946177124977112,-0.0562192723155021,-0.0889376103878021,-0.3006082096889615,-0.9608604631423948,0.4261591276794672,0.0490788705646991,0.0536892749369144,0.5091301202774048
1774469928114488400,116.21607299804688,-1.258105041617155,-1.047555288515985,-2.596047005537152,0.6078128218650818,-0.93839430809021,-0.6224127411842346,-1.3229060150906442,0.237817991515994,1.5718676241725682,0.2891222834587097,-0.0876909047365188,-0.0438545569777488,-0.2914914217755198,-0.8694424086391925,0.4519546631932258,0.0498013868927955,-0.0034432529937475,0.4918778836727142
1774469928124514400,116.22609912109375,-0.5830155767768621,-0.3905094664210453,-2.7078648739904163,0.7237337827682495,-1.0186691284179688,-0.4951195418834686,-1.2452386919118463,0.4279530253589153,1.7223931166827675,0.2671240568161011,-0.1167451962828636,-0.0194016769528388,-0.3117839759588241,-0.8326116843700408,0.4936839731588959,0.0661165416240692,-0.0799735262989997,0.4602499604225158
1774469928134541700,116.23612622070311,0.0665361267030239,0.3650494464719668,-2.754783277031779,0.7593035101890564,-1.002896070480347,-0.3524942100048065,-1.1842318500243127,0.6036275721728801,1.8302929349094628,0.2289710640907287,-0.1397093683481216,0.0029896488413214,-0.2643532394811511,-0.823282715010643,0.5758125135302543,0.0975865870714187,-0.1743817925453186,0.4101361930370331
1774469928144567700,116.24615234375,0.6410550932914019,1.0439264304943383,-2.832949635773897,0.7178747057914734,-0.929916501045227,-0.2431701719760894,-1.117894753024727,0.7854542118757962,1.8200316531360148,0.1672663688659668,-0.1663747131824493,0.0169388093054294,-0.2050879805639386,-0.6948691010653972,0.6277481602117418,0.1346585154533386,-0.2946884334087372,0.3432987034320831
1774469928154594400,116.25617895507813,1.21485115243271,1.5218158915415405,-2.872577881807089,0.5955091118812561,-0.8499116897583008,-0.1694482862949371,-1.0931551563046873,0.8940753301143646,1.649891359573603,0.0835610926151275,-0.1943946331739425,0.0426441729068756,-0.1082625140592455,-0.4373170660316944,0.5617164758995175,0.1600014120340347,-0.415408730506897,0.269157350063324
1774469928164620400,116.266205078125,1.8708086313016712,1.824445670185983,-2.9761674356192347,0.4107407629489898,-0.7098156809806824,-0.0801793187856674,-1.0774842705726624,0.929058380690217,1.332127140161395,-0.0151864010840654,-0.2062607705593109,0.0971970111131668,-0.0341664734959602,-0.0706137514054775,0.4090335130944847,0.168450653553009,-0.4960310757160187,0.1862495988607406
1774469928174647400,116.27623193359376,2.6270120526432987,2.071967601853609,-3.003403817591071,0.1591103821992874,-0.4984503984451294,0.026837408542633,-1.0826140346765518,1.039022145709395,0.90534841927886,-0.1236239299178123,-0.1783761382102966,0.1837619990110397,-0.0168964820042252,0.3329804932445288,0.1870680474877357,0.1676173508167266,-0.5188825726509094,0.1019357815384864
1774469928184673400,116.28625805664062,3.3780484466105696,2.163664473298192,-2.856417020601034,-0.1113413050770759,-0.2268672585487365,0.1015727967023849,-1.0825870005391538,1.150779808408022,0.4246510612040758,-0.2383573204278946,-0.1263820379972458,0.2842757403850555,-0.0142167414009571,0.6876864960849285,-0.0445914213985204,0.1544613987207412,-0.4788466095924377,0.0220453850924968
1774469928194699400,116.29628393554688,4.073346002221108,1.901126758806408,-2.7700492352247235,-0.3912730813026428,0.0955208986997604,0.1984303593635559,-1.1725554407559335,1.175865734347701,-0.1651765336751937,-0.3404647707939148,-0.0017844518879428,0.42911097407341,-0.0401122301578521,0.9684966571092604,-0.3010784575492143,0.1261570453643798,-0.3861875236034393,-0.0489752627909183
1774469928204726600,116.30631127929688,4.278475191578269,1.196041822544485,-2.6354817748248576,-0.6235163807868958,0.3654830753803253,0.3368558883666992,-1.2151767311252653,1.0229285045206546,-0.9056254826545714,-0.4174925088882446,0.1822582632303238,0.5920066833496094,-0.0386240374267101,1.1994143677175044,-0.5338827125564217,0.0833957716822624,-0.2534537315368652,-0.1178549900650978
1774469928214752600,116.31633715820313,3.767683724012971,0.3031644517767243,-2.428860885605216,-0.7755637168884277,0.5090155005455017,0.5179737210273743,-1.132573412849009,0.712215957185626,-1.619766854944825,-0.455540269613266,0.4045683145523071,0.7514514327049255,-0.0254036135867238,1.4389327334105968,-0.7309022452160716,0.036382719874382,-0.0893726497888565,-0.1897299736738205
1774469928224779400,116.32636401367188,2.5653952621638774,-0.7117433712378144,-2.3312696954250334,-0.8058775663375854,0.4512263238430023,0.7029570937156677,-0.9762754744172096,0.3046627457767725,-2.0454063426643607,-0.4412054419517517,0.6546871066093445,0.900044322013855,0.0145852824524044,1.7001795313090085,-0.8774611721828579,-0.0157802067697048,0.1058548465371131,-0.2647614181041717
1774469928234805400,116.33638989257813,1.3535745634682477,-1.6843695293672385,-2.142841465499997,-0.7464110255241394,0.2345720380544662,0.8701612949371338,-0.7356887488402426,-0.0953524713426828,-2.1644085696637627,-0.3795825541019439,0.9021198153495787,1.029921531677246,0.0526680526092648,1.8628133947640657,-0.9400324869081378,-0.0740264654159545,0.299111396074295,-0.3414641618728637
1774469928244831400,116.346416015625,0.8641735283255576,-2.287944640700519,-1.7157564551472664,-0.6592876315116882,-0.0677326694130897,0.9708263278007508,-0.4207435323715209,-0.3940706295013427,-2.0720587872684,-0.2958231270313263,1.110343098640442,1.128997802734375,0.1250853463053703,1.7646230696469545,-0.9504507128089664,-0.1281557083129882,0.4857863187789917,-0.4041825234889984
1774469928254858600,116.35644311523436,1.1125186129443347,-2.644676304149628,-1.5310311713933944,-0.5574129223823547,-0.3022841811180115,1.0031951665878296,-0.0550176844753324,-0.6149176124721765,-1.7575047620743511,-0.2134425044059753,1.2690898180007937,1.1962378025054932,0.2422425299599766,1.458889479768276,-0.9335118529677392,-0.1751796752214431,0.6357774138450623,-0.446841835975647
1774469928264884600,116.36646923828124,1.5722691907107829,-2.6907304915770887,-1.5187573807537555,-0.481848806142807,-0.4195805490016937,0.93304705619812,0.2518766197457909,-0.7575070512861013,-1.3231903849899769,-0.1468027681112289,1.3784576654434204,1.2273013591766355,0.4228507337838411,1.1588467950075865,-0.8498205933243036,-0.209066167473793,0.7595120668411255,-0.4780087769031524
1774469928274911600,116.37649609375,2.010464062490314,-2.5928753897637127,-1.63238375993371,-0.4545681774616241,-0.3819948136806488,0.8196459412574768,0.5482311175130308,-0.8223480645090341,-0.8028039906054735,-0.1009396687150001,1.4208765029907229,1.2129709720611572,0.5292608979746699,0.9491904836148024,-0.751526515571773,-0.22305628657341,0.8728250861167908,-0.489210307598114
1774469928284937600,116.38652221679688,2.2654041614599523,-2.5497403046533464,-1.7388409781366585,-0.4912154674530029,-0.2590466439723968,0.6746726036071777,0.877285815615952,-0.8493786947757005,-0.2199111634254455,-0.0668359994888305,1.390492558479309,1.1504013538360596,0.5272860907703638,0.6838415110945701,-0.6043649465367198,-0.2070404887199401,0.9886422753334044,-0.481261134147644
1774469928294963600,116.39654809570312,2.4723370392382145,-2.5466966991737485,-1.8625790014863013,-0.5529619455337524,-0.0975046306848526,0.5035967230796814,1.2040927347920831,-0.8937941750854254,0.4176519960969686,-0.0471184849739074,1.2882215976715088,1.032344937324524,0.5343851091206073,0.3793634742349386,-0.3126917384535074,-0.1434119790792465,1.105225920677185,-0.4546532332897186
1774469928304990400,116.40657495117188,2.7571687108635903,-2.5028648639708755,-1.8527742313086983,-0.5990071296691895,0.0541832596063613,0.3676989376544952,1.4853589690208435,-0.9053630323261022,0.9686509708881378,-0.0335040427744388,1.1249771118164062,0.8646877408027649,0.5221110262200236,0.0874094033837318,0.0553565610408782,-0.0688177794218063,1.1974468231201172,-0.4169459640979767
1774469928315016600,116.41660107421876,2.9160791698813435,-2.4539421353697777,-1.6384101806163789,-0.6224355101585388,0.1825577467679977,0.2809984087944031,1.6954044258616865,-0.8719587753742932,1.3887059364736078,-0.031000405550003,0.902866542339325,0.6570962071418762,0.567051407186687,-0.2915098342150449,0.3376441011413931,-0.0036598164588212,1.2624788284301758,-0.3747159540653229
1774469928325043600,116.42662817382812,2.7987270481765267,-2.2200711279138923,-1.1583224788725377,-0.6106950640678406,0.2536982893943786,0.2442795485258102,1.804581570547819,-0.8146358826965093,1.6363023946821689,-0.0360165759921073,0.6498448848724365,0.4243972599506378,0.6095327045634389,-0.7800982378005981,0.4286149963989853,0.057398147881031,1.2792840003967283,-0.3313293755054474
1774469928335069500,116.43665405273435,2.488979546481371,-1.8395345182463525,-0.5520680653274059,-0.5858938097953796,0.2864644825458526,0.2294630408287048,1.7823334983825685,-0.6618535511702299,1.7092478039056065,-0.0407538115978241,0.3892793655395508,0.1961635500192642,0.5666293823823333,-1.0618296053230762,0.4167649841293692,0.1239175200462341,1.2361576557159424,-0.2913207113742828
1774469928345095400,116.44668017578124,2.016593359025568,-1.3803288610115647,0.1172258649766445,-0.5550920367240906,0.2896667718887329,0.2139392495155334,1.6758020458996294,-0.4033183503180742,1.672811631911993,-0.0471876002848148,0.1559428721666336,-0.0078120771795511,0.4269926558941602,-1.0732225214749571,0.4034644807904958,0.1821313649415969,1.1532291173934937,-0.2560814619064331
1774469928355122400,116.45670678710935,1.523892405554652,-0.9736034787289798,0.74990008341372,-0.5080089569091797,0.2555932104587555,0.1676575094461441,1.4315233339369295,-0.03191021900177,1.4711264455288648,-0.0487271733582019,-0.0298986211419105,-0.160929188132286,0.2839414447873831,-0.9033627984195948,0.3421963576182723,0.2187519520521164,1.0497663021087646,-0.2308069765567779
1774469928365148300,116.46673291015624,1.219419044870138,-0.5418636283077299,1.3061170851141213,-0.4704818427562713,0.1770026236772537,0.1036303341388702,1.0924888013504446,0.371822557336092,1.185830663523078,-0.0546718649566173,-0.1547980606555938,-0.2467692792415619,0.2075590468525886,-0.7264671853780746,0.2457017305031418,0.2368694692850113,0.941451907157898,-0.2157250046730041
1774469928375175400,116.47676000976564,1.2574499387092888,-0.1444419348128139,1.732368567252159,-0.4602190852165222,0.0941692665219307,0.0436202585697174,0.6942202817678451,0.7021516592890024,0.9310463396370412,-0.061318315565586,-0.218705415725708,-0.2823075652122497,0.195019883275032,-0.54607379334867,0.1712079227939248,0.233355164527893,0.825415849685669,-0.2100178450345993
1774469928385201400,116.4867861328125,1.3992993728108702,0.1539316476918757,2.011962338224053,-0.4766482412815094,0.0637053027749061,0.0058058639988303,0.4117639609716832,0.9203852448910474,0.6919196036100387,-0.0721729695796966,-0.2179635465145111,-0.2657947540283203,0.234916132594645,-0.3457990582853555,0.0591506926268339,0.2147575318813324,0.7088877558708191,-0.2081476002931594
1774469928395227400,116.49681201171876,1.4147365959174931,0.2075472102843225,2.0241239006608724,-0.4825346171855926,0.0736889615654945,-0.0415347553789615,0.0595040361091494,1.005598015013337,0.4465414059728383,-0.0850602686405181,-0.1627935022115707,-0.2106580138206482,0.3088365243300795,-0.1181844808757305,-0.1351417531564831,0.169618010520935,0.6270714402198792,-0.212732508778572
1774469928405254400,116.50683911132812,1.52656790837422,0.0640963323354721,1.8146733409732576,-0.4734901487827301,0.1270958185195922,-0.0919463187456131,-0.2111184928998351,1.052141155001521,0.2039507932275533,-0.0921374186873436,-0.075700469315052,-0.1282131224870681,0.3935989203363657,0.0430932917952537,-0.379239555594325,0.1038974374532699,0.5799781680107117,-0.2167097926139831
1774469928415280400,116.51686499023438,1.7065047888077796,-0.0038758185200393,1.728954959416389,-0.4393388330936432,0.2084601819515228,-0.1217138022184372,-0.4168973783373833,1.0453776522159577,0.0061906713336706,-0.0979833230376243,0.0268978085368871,-0.0338064692914485,0.486511012789607,0.1239823534995317,-0.5917927574723959,0.0350105166435241,0.5581809878349304,-0.2157193571329116
1774469928425307200,116.52689184570312,1.5969982660368085,-0.0805422940932214,1.6224550711154937,-0.3940242826938629,0.2594622671604156,-0.1265011876821518,-0.5133469972670078,1.0148515810489651,-0.1511713891983032,-0.1069273650646209,0.1253535449504852,0.0615054778754711,0.5672068900093435,0.1899935795456171,-0.6927198140770197,-0.0383036620914936,0.5389386415481567,-0.2077747583389282
1774469928435333400,116.53691796875,1.3812066667594014,-0.0895870396837592,1.6125117692500353,-0.3374078869819641,0.2540086507797241,-0.1092292517423629,-0.5084599558778107,0.9349620517760516,-0.3264554753899574,-0.1177941262722015,0.2126394510269165,0.1458262205123901,0.6353527899965643,0.309277546095848,-0.6954106605961918,-0.0995457172393798,0.5219178199768066,-0.1931287050247192
1774469928445359400,116.54694409179687,1.2944542659796774,-0.0646798313118517,1.616392994597554,-0.2853673696517944,0.2218446880578994,-0.0812550634145736,-0.4501344620287418,0.8043500510036945,-0.5116857860565185,-0.1214978769421577,0.286050409078598,0.2115059792995453,0.6481222551986575,0.5123141470879315,-0.6753145057678223,-0.1516563445329666,0.5006411075592041,-0.173961192369461
1774469928455386400,116.55697119140623,1.1845350707545876,0.0502526620306074,1.54646254928112,-0.2178996354341507,0.1888622492551803,-0.0524724200367927,-0.295960530013591,0.6305833836376666,-0.6715519383639097,-0.117976114153862,0.342311292886734,0.2441478222608566,0.5753223919257521,0.7181769114166497,-0.6115712246537208,-0.1920607686042785,0.4753549098968506,-0.147625982761383
1774469928465412400,116.5669970703125,1.091684206969291,0.0836637871146202,1.464606103849411,-0.1524523049592971,0.1645959913730621,-0.0275565907359123,-0.1149241639055311,0.4449766408741474,-0.777533940270543,-0.1018978282809257,0.389355331659317,0.2387349605560302,0.4775494154378771,0.8507382926911116,-0.5413803748354316,-0.2242241203784942,0.435049444437027,-0.1264754235744476
1774469928475439400,116.57702416992188,1.022615200787783,0.0721006289623677,1.395716692018509,-0.0783855244517326,0.1700283139944076,-0.0204078666865825,0.0473649777650833,0.2608510765790939,-0.796333333286643,-0.0762891322374343,0.419012039899826,0.2079453617334365,0.3755445004686713,0.9057207597225904,-0.4903428460374474,-0.2416595667600631,0.381888210773468,-0.1023668870329856
1774469928485465400,116.58705004882812,1.0145506984062491,0.0430798477917909,1.3833464552670716,-0.0166345071047544,0.1860697120428085,-0.0327205695211887,0.2119771555557847,0.0917962401658296,-0.7354933723986148,-0.0486774966120719,0.4193189144134521,0.1524698585271835,0.2466606386631727,0.899074745836854,-0.4689078438207507,-0.2564628720283508,0.316201776266098,-0.0815302282571792
1774469928495491700,116.597076171875,0.9327274245917796,-0.0583341155469417,1.329406190764904,0.0590906143188476,0.202132299542427,-0.0445511303842067,0.3668693188428878,-0.0535340217888355,-0.6358417425572872,-0.0187678020447492,0.3868810832500458,0.0788251906633377,0.1229077100053429,0.862296628537774,-0.4653343692481517,-0.2592402994632721,0.2436306625604629,-0.0604374557733535
1774469928505518400,116.60710302734375,0.8327201131805777,-0.1217708149299025,1.4072434636831284,0.1024672389030456,0.1909082680940628,-0.058282122015953,0.4864464231207966,-0.1570773983716964,-0.4275204791605472,0.0153643991798162,0.3270900249481201,-0.0077659464441239,0.029366379737854,0.7962006468176841,-0.4931958973810076,-0.2522274553775787,0.1748263239860534,-0.0336610525846481
1774469928515544400,116.61712890625,0.8354623976260424,-0.2258003675945103,1.399147835510969,0.1339985430240631,0.1802103519439697,-0.0669642984867096,0.5781866953156888,-0.2116033538073301,-0.2324643555283546,0.0480283349752426,0.2485318183898925,-0.100888967514038,-0.0270472891405224,0.689337770423293,-0.4797966098427772,-0.232141375541687,0.1294378042221069,0.0022812348324805
1774469928525571400,116.62715600585938,0.7833440878540276,-0.3163246881283819,1.323549865952134,0.1505442708730697,0.1829604655504226,-0.0605512112379074,0.6243346985064446,-0.2415139234244823,-0.0951771147757768,0.0801665335893631,0.1593446135520935,-0.1960588693618774,-0.0860413299009203,0.5511451052635907,-0.4341638626977801,-0.1939221918582916,0.1067081913352012,0.0331572107970714
1774469928535597400,116.63718212890625,0.6646747460708021,-0.4038163629680871,1.0973065768957138,0.1541736274957656,0.1655684262514114,-0.0479704402387142,0.5888027818761765,-0.2669447172790765,0.0011783961296081,0.1054910644888877,0.0678847357630729,-0.2854180335998535,-0.0755517923295497,0.4084937071293592,-0.3390297102808952,-0.1370288133621215,0.0881779119372367,0.0682456865906715
1774469928545623400,116.6472080078125,0.7222948681294917,-0.5008541570492089,0.7356149529516697,0.1595468670129776,0.1410232931375503,-0.0345812104642391,0.5206216644451022,-0.265754046189785,0.0810918907999992,0.1239457130432128,-0.0156196020543575,-0.3580933213233948,-0.080803136986494,0.3000865239024162,-0.2654065479263663,-0.0811665579676628,0.0591833852231502,0.1063009724020958
1774469928555650700,116.6572353515625,0.8383923135980963,-0.6264813551463186,0.3120025871455669,0.1654987633228302,0.1161008924245834,-0.033048827201128,0.3739912796773016,-0.2555482939958572,0.160733582791686,0.1370836198329925,-0.091611310839653,-0.4119400382041931,-0.1183738659679889,0.2505436175763607,-0.1795905512139201,-0.0216126814484596,0.0211153626441955,0.1460502445697784
1774469928565676600,116.66726123046875,0.9218718301869928,-0.7329689684875309,-0.1145364797621965,0.1745709925889969,0.0967007726430893,-0.037110585719347,0.2144751098513603,-0.2314338434368371,0.20429273853302,0.1452906429767608,-0.1553325951099395,-0.4349158704280853,-0.1790624356865882,0.177304193842411,-0.1093798276513814,0.0333269052207469,-0.0095781870186328,0.1872317343950271
1774469928575703400,116.6772880859375,0.9026824149399996,-0.8635530583396553,-0.510185318365693,0.1992422491312027,0.0735477805137634,-0.0571966767311096,0.0825004424236714,-0.1922106710731983,0.2280892091840505,0.147983893752098,-0.207845076918602,-0.434718519449234,-0.2221869994029402,0.0667781187653541,-0.0148576696529984,0.09437907487154,-0.0467527210712432,0.232879102230072
1774469928585729400,116.68731396484375,0.8538710377588867,-1.0099148552991448,-0.9173819714218376,0.2448349297046661,0.0459251776337623,-0.0837269723415374,-0.0142740245461463,-0.1527612887382507,0.2224322063356638,0.1490895003080368,-0.2372031360864639,-0.405716598033905,-0.226958159327507,-0.0208148244917392,0.064627954994142,0.1509668081998825,-0.1044729202985763,0.2708105444908142
1774469928595755400,116.69734008789062,0.858194600046426,-1.1064493760332466,-1.1567951231747866,0.2973977625370025,0.0103770401328802,-0.1165938377380371,-0.0740052935399115,-0.1108861405611038,0.1791770019769668,0.1467815935611724,-0.2492510080337524,-0.3556044399738312,-0.2126969942629337,-0.1190355447471141,0.0748605951949954,0.2016361206769943,-0.171591505408287,0.2957848906517029
1774469928605782600,116.7073671875,0.8945388559728861,-1.0826184185907244,-1.1976859364897012,0.3498028814792633,-0.0261424109339714,-0.1409088224172592,-0.1449528069444,-0.0712280839115381,0.1316641401737928,0.1429317742586136,-0.239380657672882,-0.2932158708572387,-0.2109647636428475,-0.1653232486695051,0.0877291368573904,0.2468958497047424,-0.2577501535415649,0.3120688796043396
1774469928615808600,116.71739331054688,1.052284947386384,-0.9991463546559214,-1.1046493408739566,0.3897119462490082,-0.0779614076018333,-0.1482929736375808,-0.1813816724143922,-0.0494961445748806,0.0943313116014003,0.1334501206874847,-0.2150356322526931,-0.225874662399292,-0.2003793644815683,-0.2054483383089304,0.0032765374526381,0.2843873202800751,-0.3538529574871063,0.3195118606090545
1774469928625835400,116.727419921875,1.2689110977917908,-0.8415377720169722,-0.9310305575460196,0.4232728481292724,-0.124962106347084,-0.1505727767944336,-0.2088264364399016,-0.0451385338872671,0.0421235699802637,0.1182205453515052,-0.1771396547555923,-0.1605979204177856,-0.1912333504736423,-0.1966968765765428,-0.1292483112037181,0.3104903101921081,-0.4482890963554382,0.3191058337688446
1774469928635861400,116.73744604492188,1.4515297646552323,-0.6446142470777034,-0.7286912911683321,0.4414337575435638,-0.160845011472702,-0.1275710612535476,-0.2384991056479513,-0.0768231274396181,0.0213303727984428,0.1039230972528457,-0.134497120976448,-0.1048909872770309,-0.1479205707088112,-0.1775941166996955,-0.2887313094124197,0.3161332607269287,-0.529973566532135,0.3081320226192474
1774469928645888400,116.74747290039062,1.453109727323055,-0.4398287565916776,-0.5848188268065452,0.4361008107662201,-0.184121772646904,-0.1057274490594863,-0.2548490596853196,-0.1246048693120479,0.0522001428365707,0.0888926014304161,-0.1020845025777816,-0.0664227902889251,-0.0941328664198517,-0.2127443405359983,-0.3800754218965768,0.3169682919979095,-0.5896124243736267,0.2902939617633819
1774469928655914400,116.7574990234375,1.2719449125297366,-0.2622292330645024,-0.5122574484646321,0.4109155535697937,-0.2097272723913192,-0.0809105187654495,-0.2510204413078725,-0.1741319935470819,0.1111696336776018,0.0695921406149864,-0.0831917747855186,-0.0427323766052722,-0.0335500951632857,-0.2688572729021311,-0.3689078389331698,0.3107548654079437,-0.6326637268066406,0.2661654651165008
1774469928665940400,116.76752490234377,1.108128415161371,-0.129915762136504,-0.4717185173273086,0.3762238621711731,-0.2337234765291214,-0.0582500360906124,-0.2447965983569622,-0.2215413949757814,0.1495744753956794,0.0445486009120941,-0.0801022201776504,-0.0301417876034975,0.0141316934660077,-0.2916156326770782,-0.3566454464703798,0.3021340668201446,-0.6595935821533203,0.2375933974981308
1774469928675967600,116.77755224609376,1.05768242251575,0.0530645776461809,-0.511377158498764,0.333645224571228,-0.2489240169525146,-0.0088798254728317,-0.185811471555382,-0.2590969263881444,0.1811421645700931,0.0244033858180046,-0.0843259915709495,-0.0297444444149732,0.0797428142786026,-0.3034562925964594,-0.3380599884659052,0.2852341532707214,-0.6637507677078247,0.2075579911470413
1774469928685993600,116.787578125,1.0807092239685356,0.3543661033615469,-0.6582534808516503,0.2806016206741333,-0.2472788095474243,0.0745735913515091,-0.1571335124731063,-0.2539268302738666,0.1887906334966421,0.004969235509634,-0.0966068282723426,-0.0409464798867702,0.1638473308980464,-0.321748905134201,-0.3145233377948403,0.273407369852066,-0.6327776908874512,0.177951768040657
1774469928696020400,116.79760498046876,1.1115712490916252,0.6571339022371917,-0.8694868323028088,0.2222743928432464,-0.2250989228487014,0.1901241540908813,-0.113718733638525,-0.2530003630787134,0.1566033511191606,-0.0059060491621494,-0.1101327538490295,-0.0580522306263446,0.2408741642162203,-0.267458512020111,-0.3341428150221705,0.2571032345294952,-0.5777741074562073,0.1449570655822754
1774469928706046400,116.807630859375,1.05577980376482,1.0178878069397062,-1.1334569176852702,0.1640872359275818,-0.1759577691555023,0.3433709144592285,-0.0639946255266666,-0.1837707595080137,0.1035305171012878,-0.0114890374243259,-0.1254476755857467,-0.0802023261785507,0.2666480724200606,-0.2137567324489355,-0.402761008696258,0.234744518995285,-0.4918039441108703,0.1161183565855026
1774469928716072400,116.81765698242188,0.863147107887268,1.3232906304940582,-1.4115022901713847,0.1102825924754142,-0.1170414537191391,0.5204721689224243,-0.0314693433664739,-0.1046206504255533,0.0157142864823341,-0.0137575175613164,-0.1414082646369934,-0.1048157960176467,0.252555249659717,-0.1347387253135442,-0.4807753917470574,0.2056835740804672,-0.3893670439720154,0.0882752686738967
1774469928726099600,116.82768408203124,0.6394836061909794,1.6168638269796969,-1.6263403881162404,0.062904953956604,-0.0753321200609207,0.6890707612037659,-0.0284814135968685,-0.0618324790567159,-0.0561006574064493,-0.0102745573967695,-0.1551477909088134,-0.1257808059453964,0.2978025046184658,-0.0993441713273525,-0.5439858811587095,0.1756078153848648,-0.2708007097244262,0.0580108873546123
1774469928736125500,116.83771020507812,0.6160960086017847,1.86314131154418,-1.813295038357377,0.0512581504881382,-0.0569885373115539,0.8454241156578064,-0.0535867748893797,-0.0385340210556983,-0.1328922206640243,-0.0054963137954473,-0.1696601659059524,-0.1461324244737625,0.3065218176469206,-0.0462111315548419,-0.5389274287253618,0.1548583358526229,-0.1456797868013382,0.031704980880022
1774469928746151500,116.84773608398436,0.770007782549411,2.0515645730331538,-2.0033441474825144,0.0872531309723854,-0.0329299233853817,0.9778373837471008,-0.098109514965862,-0.0224327810823917,-0.2002507696658372,0.0015322847757488,-0.1791795790195465,-0.165335401892662,0.2967439354762435,0.0399678532510995,-0.4644046871826052,0.1414531171321869,-0.0424278676509857,0.005866372026503
1774469928756178500,116.85776318359376,0.7855798840820789,2.1849587518699467,-2.0080062940746544,0.1358765959739685,-0.005412011872977,1.0946708917617798,-0.1089338374495506,-0.0308522343814373,-0.2595499308526516,0.0106458887457847,-0.1863812953233719,-0.1855828911066055,0.2985249736741185,0.0664379270255565,-0.4112985354170203,0.1248895898461341,0.0433999598026275,-0.0181452203541994
1774469928766204400,116.8677890625,0.5786721407450736,2.217680433385074,-1.828028497108817,0.1825228184461593,0.0308823157101869,1.207019329071045,-0.1272026307202875,-0.0464244820445775,-0.299396788072586,0.0209421850740909,-0.1916694790124893,-0.1999533027410507,0.2852732779130339,0.0741273124843835,-0.3229474672690033,0.1066614910960197,0.097941942512989,-0.0355402342975139
1774469928776231400,116.87781591796876,0.1422458860732615,1.95375301810056,-1.350792093142867,0.2080324441194534,0.0278630908578634,1.3159916400909424,-0.1558978331983089,-0.0872591812580823,-0.3112999918341636,0.0302520636469125,-0.1930647045373916,-0.2128131687641143,0.2893146622583269,0.1067605850636959,-0.2052943167909979,0.095248244702816,0.1290189027786255,-0.044650375843048
1774469928786257400,116.88784204101565,-0.2093757408857345,1.224706995210424,-0.6462696130692959,0.2548592686653137,-0.0598406307399272,1.3768142461776731,-0.1769686782777309,-0.1444897194772958,-0.3094546562284231,0.0363333448767662,-0.1970281898975372,-0.2210835665464401,0.2713961437299847,0.1422743815153837,-0.0672857760265469,0.0985964685678482,0.1394961327314376,-0.0464421063661575
1774469928796284400,116.897869140625,-0.3053682636976242,0.0726494950167834,0.3057324208348989,0.3278082907199859,-0.1474216133356094,1.377017617225647,-0.2029180891789495,-0.1757084490835666,-0.281200037124753,0.0408588573336601,-0.2000902891159057,-0.2244934737682342,0.2715171397611499,0.2043050134927034,0.0789072402372956,0.1038479506969451,0.1394263654947281,-0.0386896431446075
1774469928806310400,116.90789501953124,-0.3403201884828508,-1.192023965205252,1.361469554501772,0.4107460975646972,-0.2050669342279434,1.3425490856170654,-0.2219628352582454,-0.1726858863919973,-0.1974029790192842,0.0396956168115139,-0.2048416137695312,-0.2197940945625305,0.2567971250131726,0.2140992622762918,0.1924383423492312,0.1011800616979599,0.1368447989225387,-0.0221737418323755
