time,seconds_elapsed,imu1_accel_x,imu1_accel_y,imu1_accel_z,imu1_gyro_x,imu1_gyro_y,imu1_gyro_z,imu2_accel_x,imu2_accel_y,imu2_accel_z,imu2_gyro_x,imu2_gyro_y,imu2_gyro_z,imu3_accel_x,imu3_accel_y,imu3_accel_z,imu3_gyro_x,imu3_gyro_y,imu3_gyro_z
1774469956870209600,144.97179418945314,-0.1158187746576964,0.1045745279951952,0.1231137539714574,0.0096496595069766,0.0222174637019634,0.0021566497161984,-0.1485689516149461,-0.0315197583794593,-0.1392740306556224,0.0040585529059171,-0.0265930797904729,-0.0197933688759803,0.1606061570197343,0.0381564199149608,0.0151823715627193,0.0094576906412839,-0.0424077436327934,0.0184766743332147
1774469956880235600,144.9818203125,-0.077713792669028,0.1042849156651645,0.1290571725457906,0.012203961610794,0.0252520404756069,0.00329324696213,-0.1369170922659337,-0.0131084878981113,-0.1627548594862222,0.0003250672016292,-0.0193540751934051,-0.0196303837001323,0.1483633460402488,0.0378039532154798,-0.0142838152877986,0.0074355299584567,-0.0379614196717739,0.0218363478779792
1774469956890262600,144.99184716796876,-0.0610854600816965,0.1051964775521308,0.1138695402860641,0.0132905319333076,0.0269687138497829,0.0116630308330059,-0.129034083931148,-0.0218733936339616,-0.1867956602871417,-0.0057201124727725,-0.0130502022802829,-0.020504904910922,0.1189665711641311,0.0539928714722394,-0.0088658818922936,0.003748117480427,-0.0325171202421188,0.0260537303984165
1774469956900288600,145.0018732910156,-0.0632471681602299,0.1205728738496079,0.1029851581782102,0.0127381170168519,0.0297211576253175,0.0199081785976886,-0.1067792897641658,-0.0124164139807224,-0.1806166793912649,-0.0075654163956642,-0.0114272721111774,-0.0241417177021503,0.1221846564278006,0.0650169543117284,-0.0404249493688344,-0.0022198592778295,-0.0280339550226926,0.0296673625707626
1774469956910314600,145.01189916992186,-0.0694008684843778,0.1235283991869539,0.0777250447154045,0.0139900688081979,0.0271757077425718,0.0281213670969009,-0.0834112736582756,-0.0176245040178298,-0.1380319216400384,-0.0089900121092796,-0.0085913660004735,-0.0284415930509567,0.1257519935205578,0.0573679008632898,-0.0630171587966382,-0.0112160174176096,-0.0301056262105703,0.0359255224466323
1774469956920341600,145.02192626953126,-0.0567962384551763,0.117858902183175,0.0556178423255682,0.0092257764190435,0.0266694668680429,0.037230297923088,-0.0765231215797364,-0.0036065000593662,-0.137314713281393,-0.0074328617192804,-0.0051758615300059,-0.0319732129573822,0.1011257940471172,0.0547673629760742,-0.092001553479582,-0.0160512756556272,-0.0462106503546237,0.0385123491287231
1774469956930367600,145.0319521484375,-0.0506342086941003,0.1074039792674593,0.0220317990660667,0.0128458105027675,0.0222864355891942,0.0391246043145656,-0.0610088877141475,0.0173573775142431,-0.1191407586872577,-0.0010626183357089,-0.0073046800680458,-0.0317169986665248,0.0978685458168387,0.0783089820832014,-0.0876926042392849,-0.0224439278244972,-0.0664818361401557,0.0355525128543376
1774469956940394900,145.0419794921875,-0.0754793116152286,0.1110545924631878,0.0154319624096155,0.0104301888495683,0.0207171496003866,0.0376641005277633,-0.0605401011586189,0.0142997435092926,-0.0997632735222577,-2.39855144172e-05,-0.0095193656161427,-0.0292719509452581,0.0944812414661049,0.0808107357710599,-0.0759105426393449,-0.0205051209777593,-0.0796471685171127,0.0322410054504871
1774469956950420800,145.05200537109374,-0.10178732669577,0.1217553616324439,0.0326408713638782,0.0091220447793602,0.0201309882104396,0.033374547958374,-0.0486170236527919,0.0334498496592044,-0.0880827726006507,0.0025597701314836,-0.0129815712571144,-0.0291067734360694,0.0818055920273065,0.0587146392971277,-0.0744191350378096,-0.015876280143857,-0.0799065604805946,0.0252486113458871
1774469956960446800,145.06203149414063,-0.1103523259453475,0.1207755202822387,0.0533510664373636,0.0135083785280585,0.0119018806144595,0.0315645672380924,-0.0638077246524393,0.0634130262464284,-0.0779196905046701,0.0055177435278892,-0.0121506648138165,-0.027199950069189,0.093692136915028,0.0138853174895048,-0.0538261366032063,-0.0119368098676204,-0.0710605159401893,0.0208678916096687
1774469956970473800,145.07205834960936,-0.117808633300662,0.1104516581339761,0.0623269845753908,0.0112380338832736,0.0090160788968205,0.0299656055867671,-0.0482148725926876,0.068193830782175,-0.0695551822632551,0.0082396073266863,-0.0103821363300085,-0.0261896699666976,0.1069251279756426,0.0010562310546636,-0.0808931533575058,-0.0039907367900013,-0.0541872605681419,0.018048670142889
1774469956980499800,145.08208447265625,-0.1172005844049155,0.0910936813870444,0.0680593907475471,0.0097079677507281,0.0037925858050584,0.0243907645344734,-0.0354947994902729,0.0755301650196313,-0.0799456433743238,0.0100297844037413,-0.006740796379745,-0.0276240482926368,0.1173170503914356,0.0435375284314155,-0.1042613155938684,0.0033332975581288,-0.0312413573265075,0.0195661522448062
1774469956990526800,145.092111328125,-0.0949244551889598,0.060770969038736,0.0941968715667724,0.0141565119847655,0.0027387728914618,0.024575587362051,-0.0346057416960597,0.0531575896918773,-0.0871457840114832,0.0115460036322474,-0.0052981777116656,-0.0292332097887992,0.0926361981213092,0.0839075327426195,-0.08908201277107,0.0123651418834924,-0.0025548518169671,0.0194106232374906
1774469957000552800,145.10213745117187,-0.0900111103147268,0.0483025143435224,0.094898882356286,0.0145820695906877,0.0041272835806012,0.0261757858097553,-0.0308101488053798,0.0366343249142169,-0.0918061770379543,0.0087030800059437,-0.0046552908606827,-0.0296230968087911,0.0774599640384316,0.0875870980381965,-0.0793790955327451,0.0228176806122064,0.0187510456889867,0.0231738556176424
1774469957010579800,145.11216430664064,-0.0835392839521169,0.039884485816583,0.0833235953748226,0.0142843285575509,0.007238121703267,0.031928215175867,-0.0358519423648715,0.0134971949547529,-0.0634796617418527,0.0046970704570412,-0.0088689280673861,-0.025853045284748,0.0576338583230972,0.0916951178789138,-0.0369189870744943,0.0292497482150793,0.0223218128085136,0.0308389663696289
1774469957020605800,145.1221904296875,-0.0932505306273698,0.0449345174814574,0.0757382548123598,0.0115490388125181,0.0056462362408638,0.0280668474733829,-0.0132910048581659,0.0058726914256811,-0.0705459468662738,-0.0012340550310909,-0.0117113199084997,-0.022009041160345,0.0173889416962862,0.0735275930255651,0.0001804711334407,0.036014225333929,0.0146805737167596,0.0302663575857877
1774469957030631800,145.13221630859374,-0.1005045934088528,0.0545538480895571,0.0632037674099206,0.0118145560845732,0.0054523581638932,0.032615527510643,-0.0010815116263926,-0.0233662625402212,-0.0846101280540227,-0.0038219627458602,-0.0109466491267085,-0.0229356959462165,-0.0031339141115546,0.053100306546688,0.0437659303598105,0.0428825207054615,-0.0017668425571173,0.0294253304600715
1774469957040658800,145.14224340820311,-0.0903643076665699,0.0707794268285855,0.0403173973411321,0.0115970280021429,0.008563607931137,0.0321549884974956,0.0054288931809365,-0.0223994633346796,-0.1017488943815231,-0.00141446525231,-0.0080893440172076,-0.0217047836631536,0.0105479897603392,0.0651566550433635,0.050408144853264,0.0447117686271667,-0.0171673670411109,0.025854954496026
1774469957050684800,145.15226928710936,-0.0878022020936012,0.0810821548572741,0.0452279657363891,0.0079548880457878,0.0088520282879471,0.025758609175682,0.0002573357619345,-0.0049725277155637,-0.1111731408089399,0.0002760211937129,-0.0062000271864235,-0.0204666294157505,0.0089078213378787,0.0793511846125125,0.0437364120043814,0.0470633395016193,-0.0380066037178039,0.0279697719961404
1774469957060712000,145.16229663085937,-0.0883756180673837,0.0681443108183331,0.0384404975533485,0.0091195721179246,0.0127208083868026,0.0267134513705968,0.0096342359162867,-0.0109849198728799,-0.1196376022934913,0.0060380366630852,-0.0062924390658736,-0.0193401128053665,0.0244730547383427,0.0848468594193458,0.0361252063482999,0.0505246296525001,-0.0507577173411846,0.03132339194417
1774469957070738000,145.17232250976562,-0.1064202471934258,0.0650163697898387,0.0441962846010923,0.0117782056331634,0.013555709272623,0.0173388589173555,-0.0051354631923139,-0.023340543577075,-0.1139057806432247,0.0092136077582836,-0.0083080828189849,-0.0172053091228008,0.0455015219807624,0.1055178915262222,0.0059321665279567,0.0491693504154682,-0.0638562068343162,0.0343223772943019
1774469957080764000,145.1823486328125,-0.0881610985338687,0.048295098222047,0.0559247163176536,0.0099468687549233,0.0144567443057894,0.0111043388023972,-0.0045851358331739,-0.0377665438145399,-0.1521785204142332,0.0094042895361781,-0.0091395210474729,-0.0154478875920176,0.0456456066265702,0.1100058505952358,-0.0157950966335833,0.0463954210281372,-0.0613659881055355,0.0316627770662307
1774469957090790800,145.19237524414064,-0.0931580300383269,0.0391645375115796,0.0639461102098226,0.0102499360218644,0.0109469648450613,0.0090912552550435,-0.0236835117958486,-0.043972997239232,-0.1593593718290329,0.0102062709629535,-0.0137978913262486,-0.0147808762267231,0.045619887663424,0.0872334622949361,-0.0028949907891452,0.0455274954438209,-0.0553706809878349,0.0312065780162811
1774469957100816700,145.2024013671875,-0.100160163885355,0.0263137324352748,0.0732002607673406,0.0098161129280924,0.0078020775690674,0.0058411750942468,-0.0469055435597896,-0.0659849225610494,-0.1738695432186126,0.0089236926287412,-0.0222515631467103,-0.0166621319949626,0.0427761886700987,0.0848556272476911,-0.0170138247735798,0.0396760217845439,-0.0495521128177642,0.0273795202374458
1774469957110843800,145.2124284667969,-0.0819768569409847,0.0406929526552557,0.0809942756444215,0.0082296673208475,0.0011079558171331,0.0051415618509054,-0.0510967116393148,-0.0884802474856376,-0.1812368571162223,0.0027112222742289,-0.0339725911617279,-0.0215931162238121,0.0247214765414595,0.0725613783419132,-0.0318625804677605,0.0337478257715702,-0.039518117904663,0.0252013206481933
1774469957120870000,145.22245458984375,-0.0698934743069112,0.0527195818671025,0.0804290429770946,0.0046569923870265,-0.0012552244588732,0.0033724922686815,-0.0459317300915718,-0.1318704764008522,-0.1824479864716529,-0.0026486555580049,-0.0450902208685874,-0.0296790059655904,0.015389876833558,0.052335751914978,-0.0307359145253896,0.0285197515040636,-0.0386328026652336,0.024647444486618
1774469957130896000,145.23248046875,-0.0682727412372827,0.0629288229260593,0.0505588053703308,0.005249279551208,-0.0040286402218043,0.0079978704452514,-0.0429952382482588,-0.1415980896890163,-0.167248079252243,-0.0057490430772304,-0.0599324069917202,-0.0328304171562194,0.0344654564425349,0.0381716174840927,-0.0478767266795039,0.0257884133607149,-0.0369483530521392,0.0223334245383739
1774469957140923000,145.24250756835937,-0.0950694166176021,0.063952466885373,0.0598877747297286,0.0035392357967793,-0.0043352614156901,0.0059668216854333,-0.0538261366032063,-0.1233463936835527,-0.1315939975470304,-0.0043391655199229,-0.0733805745840072,-0.0388331823050975,0.0432987512394785,0.0270692087113857,-0.0390482541881501,0.0270855408161878,-0.0349443219602108,0.018669169396162
1774469957150948700,145.252533203125,-0.0829896872453391,0.057723217106983,0.052494157347083,0.0023496018256992,-0.0029797120951116,0.0031811548396945,-0.0544632654629647,-0.0966121160149574,-0.1238818157345056,-0.0038864004891365,-0.0786208733916282,-0.0413828939199447,0.0580059065058827,-0.000842880564928,-0.0412440106667578,0.0240111891180276,-0.0346859954297542,0.0165913701057434
1774469957160975700,145.2625603027344,-0.0750111095815897,0.0565838012808933,0.0521089574217796,0.0062044481746852,0.0012187915854156,0.001370957121253,-0.0943979470968246,-0.0509890134811401,-0.1187526361525058,-0.0047258287668228,-0.0754426568746566,-0.0405631735920906,0.0658449295684695,-0.0043050037175416,-0.0181685477666556,0.0185053683817386,-0.0385502427816391,0.0163468942046165
1774469957171001700,145.27258642578124,-0.0745627812922,0.0500756797621957,0.064122635820508,0.0046502272598445,0.0006960132159292,-0.0012748935259878,-0.0988543419837951,-0.0080646485120058,-0.116193599319458,-0.0073778638616204,-0.0658735930919647,-0.0317129120230674,0.0600838818237185,-0.0137836106806993,-0.0136347037293016,0.0146813355386257,-0.0436877459287643,0.0157775096595287
1774469957181029000,145.28261352539062,-0.0780652364552021,0.0420320009729824,0.0674345368474721,0.0043160123750567,0.0003511602990329,-0.0012429002672433,-0.1312543903291225,0.0255734171956777,-0.0888455736666917,-0.0082953227683901,-0.0577568113803863,-0.0214086063206195,0.0810471748754382,-0.0245072492688894,0.0156533500753343,0.0142378956079483,-0.0487755425274372,0.0146513544023036
1774469957191055000,145.2926396484375,-0.0714035866089165,0.0511761518173851,0.0672346303611993,0.003629449289292,0.0014553070068359,-0.00390659365803,-0.1545627852022647,0.0688911653965711,-0.0677542703211307,-0.011326196603477,-0.0535633042454719,-0.0065109468996524,0.0563394345983862,-0.0245960965961217,0.0003460369586944,0.015074661001563,-0.0503870211541652,0.0167706981301307
1774469957201080900,145.30266552734375,-0.0620602964632213,0.0638716750004328,0.0682879388064146,0.0048590707592666,0.0023973854258656,-0.000902924221009,-0.1664965302325785,0.0448129551947116,-0.0583539892911911,-0.013500134460628,-0.0538019239902496,0.0071199107915163,0.0354708340927958,-0.0471767617166042,0.0074574763990938,0.0189989525824785,-0.0504141747951507,0.0170955881476402
1774469957211107700,145.3126923828125,-0.0725302525512874,0.07016788906781,0.0613186843156814,0.0022374549880623,-9.82629135251e-05,0.0012710141018033,-0.2117616131089627,0.0510223312288522,-0.0712882896661758,-0.0147626800462603,-0.0561088174581527,0.022991769015789,0.0336626156270504,-0.0804565155059099,0.0269512814201414,0.0197552889585495,-0.0537378005683422,0.0176955983042716
1774469957221133700,145.32271826171876,-0.0744825556628406,0.076758629102353,0.0460334369003772,0.0036734752357006,-0.0034353141672909,-0.0008800812065601,-0.2729951033592224,0.055455929762125,-0.1313449912220239,-0.0228882506489753,-0.0492407903075218,0.0336542688310146,0.0538914569243788,-0.1059878471255302,0.0350102308437228,0.0231197066605091,-0.0556817427277565,0.0139447730034589
1774469957231160900,145.33274560546874,-0.0840593623034656,0.0796400936896447,0.0352227045506238,0.0032774633727967,-0.0051365415565669,-0.0003343992866575,-0.2898832559265196,0.0739770903587341,-0.2014478704959154,-0.0308141652494668,-0.0365473516285419,0.0443773008882999,0.0785094730913639,-0.1156727903157472,0.0167826463662087,0.0245583467185497,-0.0577174574136734,0.0102946441620588
1774469957241186900,145.342771484375,-0.0881942701511084,0.0722064365575555,0.035697920846939,0.0022352172527462,-0.0062792534008622,-0.0010588904842734,-0.2742984410427511,0.060955696222186,-0.2537415368348359,-0.0346051752567291,-0.0223867911845445,0.0520424097776412,0.1073033136382698,-0.1013642789781093,0.0063882397323846,0.0224923640489578,-0.0630130693316459,0.0097250398248434
1774469957251212900,145.35279760742188,-0.0889237534694373,0.065121300602192,0.0398708226174116,0.0043918448500335,-0.0056361006572842,-0.0041068783029913,-0.2511981359623372,0.0654915860861539,-0.2422504210054874,-0.0342120565474033,0.0004526351694948,0.0571806952357292,0.105673082087934,-0.0580740033060312,0.0102697573408484,0.0268900413066148,-0.068600907921791,0.0083907954394817
1774469957261239900,145.3628244628906,-0.0834451759278774,0.0664067921017762,0.0539905333846807,0.0003114414867013,-0.0106758680194616,-0.0003243102692067,-0.2057084505498409,0.0969867945462465,-0.20822773989439,-0.0286870617419481,0.0261976793408393,0.0587767288088798,0.1166048104688525,-0.0079617726594209,0.0397660470686852,0.0353810675442218,-0.0807781219482421,0.0064900070428848
1774469957271265900,145.3728505859375,-0.0560271537788212,0.0825418064805213,0.0727811585724353,-0.0012616876047104,-0.0105059575289487,-0.0023728138767182,-0.1775707358241081,0.1189484509855508,-0.1911491793215274,-0.0236140917986631,0.0467711985111236,0.0570758134126663,0.1271124682188034,0.0437368503957986,0.0342807475253939,0.038148358464241,-0.0871108546853065,0.0055419215932488
1774469957281292600,145.38287719726563,-0.0537543865412473,0.08459619999337,0.0816156224131584,-0.0038954988121986,-0.0106999222189188,0.0025239223614335,-0.1031225208222866,0.0984568670988082,-0.1843909372329711,-0.0239256806671619,0.0626641362905502,0.0552960224449634,0.1220744740515947,0.0799503195494413,0.0083913962483406,0.0385144986212253,-0.0877005755901336,0.0034856554120779
1774469957291318600,145.3929033203125,-0.0426190984122455,0.0766860935891047,0.0632283173292875,-0.0073091383092105,-0.012613670900464,0.0047298185527324,-0.0278266029499471,0.0569949758976697,-0.1789297492176294,-0.0264005362987518,0.0720851197838783,0.0480410084128379,0.1127881747901439,0.1107838492304086,0.0032160394370555,0.0297654811292886,-0.0843100994825363,-0.0013666241429746
1774469957301344900,145.40292944335937,-0.0531289481192827,0.0762456837446894,0.0550543632239103,-0.0089893108233809,-0.0122370366007089,0.0036848811432719,0.0081438512280583,0.0034732290685176,-0.1786310585319995,-0.0339713729918003,0.0729170963168144,0.0433242842555046,0.0754018624648451,0.0937058731794357,3.18564429879e-05,0.0216769035905599,-0.0823848098516464,-0.004730031825602
1774469957311371900,145.41295654296874,-0.0377034154504537,0.0788370793442241,0.0387649072021245,-0.0102559104561805,-0.0159859675914049,0.0046500097960233,0.0201287419237196,-0.0227951846539974,-0.1687128911077976,-0.035047598183155,0.0678926780819892,0.0357617698609828,0.06569470744282,0.0786971046179532,-0.0218548350639641,0.0119771379977464,-0.0824820175766944,-0.0107423849403858
1774469957321397900,145.422982421875,-0.0440986694455146,0.0734787854477763,0.0407078579634428,-0.0065065445378422,-0.0163530185818672,0.0063571687787771,0.0069137249112129,0.0068657941162586,-0.1005962172150611,-0.0357615910470485,0.0554738231003284,0.0280732233077287,0.075064593334496,0.0739525404393672,-0.0139862936459481,0.0082791456952691,-0.0740998834371566,-0.0174986496567726
1774469957331424900,145.43300952148437,-0.0384865286521613,0.0806689435470383,0.0434632941514253,-0.0039951833896338,-0.0125545505434274,0.0057539632543921,0.033390082295984,0.0225724818140268,-0.0289963773816823,-0.0262866355478763,0.0372789539396762,0.025923803448677,0.1007040615037083,0.1099713638037443,0.0003587503097951,0.0157122947275638,-0.0513383857905864,-0.0118202557787299
1774469957341450900,145.4430354003906,-0.0492120669364929,0.0859156668277923,0.0514385108143091,-0.0035390206612646,-0.0144422836601734,0.007836190983653,0.0402817415058612,0.0157850136309862,0.0242670107722282,-0.0216106567531824,0.0226680561900138,0.0235938038676977,0.0817658445388078,0.1657394282549619,0.0387238445393741,0.0294810310006141,-0.0153499403968453,-0.0042376476339995
1774469957351477900,145.4530625,-0.0553099454201757,0.0890727700186893,0.0510831215053796,-0.005332127213478,-0.0139093846082687,0.0109845791012048,0.0039572131931781,0.0055640638679265,0.002232289096713,-0.0203605070710182,0.0158502981066703,0.0247133485972881,0.0585606177791953,0.202474290934205,0.0576749209858477,0.0439401306211948,0.0231439210474491,0.0048096431419253
1774469957361503800,145.46308837890626,-0.0601486176230013,0.0911573942730203,0.0368242945283651,-0.0051870644092559,-0.0130438283085823,0.0131182568147778,-0.0118904904104769,-0.0107791681677103,-0.0114303255528211,-0.0275039039552211,0.0197345186024904,0.0274137947708368,0.0738517104133963,0.2300461884707212,0.0743865479424595,0.0524043440818786,0.0535732023417949,0.0112268142402172
1774469957371529800,145.47311450195312,-0.0491068529963493,0.0763491258528549,0.0311158537536859,-0.0034157959744334,-0.0136558227241039,0.0163300298154354,-0.0567639436207711,-0.0126765262216329,-0.0601192453980445,-0.0374015234410762,0.0315022766590118,0.0349084287881851,0.0685284695640206,0.2506803956985473,0.0969526000156998,0.0559032037854194,0.0713756382465362,0.0167502090334892
1774469957381556800,145.48314135742189,-0.0996077906996011,0.0662995871339458,0.0520715480208396,-0.0005032279295846,-0.0153100276365876,0.020277390256524,-0.0851284528397023,-0.0345107568889856,-0.1229278760105371,-0.0462083294987678,0.0488471761345863,0.0447940826416015,0.0997223569899797,0.2458919923782348,0.1109188737869262,0.0603113584220409,0.0796383544802665,0.0241001155227422
1774469957391582800,145.49316748046874,-0.1233661212973296,0.0634472664427477,0.0665437254875898,0.0030648754909634,-0.017114583402872,0.0183460656553506,-0.1186389466449618,-0.0183545718580484,-0.1582838515520095,-0.0488334409892559,0.0650238171219825,0.057765856385231,0.0684162413612008,0.1984697314679622,0.0928336203895509,0.0560119487345218,0.0842661336064338,0.0323335416615009
1774469957401609800,145.5031943359375,-0.1125872453905642,0.066607721501356,0.0726192460089922,0.0031692197080701,-0.0174135342240333,0.0142744295299053,-0.1478387376442551,0.0571311694979667,-0.1393435887604951,-0.0463865287601947,0.0747139900922775,0.0691495388746261,0.034394437032938,0.1271568918824195,0.0700384357355535,0.0433930680155754,0.0790111795067787,0.0389276593923568
1774469957411636100,145.513220703125,-0.0876898277603089,0.0640518082071561,0.0733072282731533,0.0057468931190669,-0.017320591956377,0.0078863054513931,-0.1597149072684347,0.1068774894416332,-0.1044143141984939,-0.0417251847684383,0.074856624007225,0.0794889777898788,0.0365340794101357,0.0162824417591094,0.0826174929320812,0.0284378211945295,0.0618436522781848,0.0453456118702888
1774469957421662100,145.52324658203125,-0.0700818364858627,0.0541780735797248,0.0658902300149202,0.0084013408049941,-0.0122278956696391,-0.0040419921278953,-0.1439084124580025,0.093677231606841,-0.0651899727910757,-0.0365959368646144,0.0717705488204956,0.0889189690351486,0.0723179249748587,-0.0391746570467948,0.1453131646893918,0.0161244831979274,0.0315517000854015,0.0418914631009101
1774469957431688800,145.5332734375,-0.0629419016033411,0.0391540891828015,0.0594020370393991,0.0104421218857169,-0.0041776932775974,-0.0034118881449103,-0.1338977444447577,0.0546323384195566,-0.0944973158180713,-0.0324162691831588,0.0718563422560691,0.0878043249249458,0.0672980509862303,-0.0231137490838766,0.1847135933160781,0.0051514599472284,-0.0022672498598694,0.0379883348941803
1774469957441714800,145.54329931640626,-0.0520202562250196,0.0432011360839009,0.0390472312748432,0.0097242286428809,0.0039274049922823,-0.0061462875455617,-0.1087621341444552,0.00434533572793,-0.208186823362112,-0.0309358183294534,0.081424281001091,0.0894608050584793,0.0614633534833788,0.0294938055098056,0.2236199548155069,-0.002744186669588,-0.0308081712573766,0.031921200454235
1774469957451741800,145.55332641601564,-0.052437312593311,0.0513451517087407,0.0319546426653861,0.0061302930116653,0.0022671902552247,-0.0096661876887083,-0.0974934288941323,-0.0067412909537553,-0.3058990095734596,-0.030345981940627,0.1030254587531089,0.0927333757281303,0.0559130258798599,0.0775087716162204,0.1905843850456178,-0.0121153183281421,-0.0490082129836082,0.0245876535773277
1774469957461767800,145.56335229492188,-0.0647159255385398,0.0512365128356497,0.0259089327603578,0.0021331822499632,0.0004075965844094,-0.0075206249020993,-0.0701962566457688,0.0256277777314186,-0.4024222782611846,-0.0339396521449089,0.1248947978019714,0.0948231592774391,0.0600575783386826,0.0853045400589704,0.120855015259236,-0.0258539356291294,-0.0534765496850013,0.0179119873791933
1774469957471793800,145.57337841796874,-0.0660619333200156,0.0561476748859509,0.0243716401904821,0.0026674126274883,-0.0041493386961519,-0.0022659418173134,-0.008800853832066,0.0689677377641201,-0.452752535572648,-0.0393140614032745,0.1488493233919143,0.0974001735448837,0.0689601389795541,0.0759820004403591,0.045903380779922,-0.0365643724799156,-0.0480064153671264,0.0140232406556606
1774469957481820800,145.5834052734375,-0.0619493834346532,0.0665572334231343,0.03069792060256,0.0025317501276731,-0.0070961876772344,-0.0005028313025832,0.0233446352303028,0.0936246246367693,-0.4937561616122722,-0.0429804362356662,0.1715549081563949,0.1053449213504791,0.0770455380186438,0.04824760581851,-0.0053849079087376,-0.0400098226964473,-0.0355144143104553,0.0078722219914197
1774469957491846800,145.59343139648436,-0.0518166964769363,0.0696954675167799,0.0331745398491621,0.0032819625921547,-0.0109066385775804,0.0004926584661006,0.0417838166318833,0.1404261233001947,-0.4807534721761942,-0.0420697480440139,0.2001138776540756,0.1170061826705932,0.118489309041202,0.0502653753817081,-0.0188517077252268,-0.0427105352282524,-0.017462708055973,0.0025839828886091
1774469957501873800,145.60345825195313,-0.0331926600277423,0.0645255814650561,0.0282721547603607,0.0037446054629981,-0.0152674205601215,-0.0013290168717503,0.0656429772555828,0.1749865645498037,-0.4075736696749925,-0.0433294177055358,0.2177642434835434,0.1227439641952514,0.1194856266021728,0.0401017087638378,-0.0504644050851464,-0.0513580627739429,-0.0023821222130209,-0.0004678978584706
1774469957511899800,145.613484375,-0.0272888428114354,0.069968101312546,0.0359866746604442,0.0034710988402366,-0.0141893737018108,-0.001404118258506,0.0971077905774116,0.2042085673809051,-0.2448059507071971,-0.0483473092317581,0.2175023406744003,0.126161053776741,0.1031128762111067,0.0396235698580741,-0.0936697789527475,-0.0619611740112304,0.0142850056290626,0.0008716720622032
1774469957521925700,145.62351025390626,-0.0322714535295963,0.0597417447220068,0.0545966825842857,0.0066017881035804,-0.0143431574106216,-0.0051394617184996,0.155334354096651,0.1874935794234275,-0.0884744022667407,-0.0518512278795242,0.1926009804010391,0.1264071315526962,0.0542410010144114,0.0714735831052064,-0.0964876128524541,-0.0661088526248931,0.0237427912652492,0.0083566457033157
1774469957531953000,145.63353759765624,-0.0573271304614841,0.0501518502709455,0.0651303515583276,0.0051687411032617,-0.0133820232003927,-0.0084529668092727,0.232341459801048,0.11527589995265,-0.002301262679696,-0.0555195994675159,0.1540857851505279,0.1186608970165252,0.043303427414596,0.1424725344359874,-0.0435953960984945,-0.0606714747846126,0.0243095122277736,0.0143940327689051
1774469957541979000,145.6435634765625,-0.0825635707877576,0.0418633390083443,0.0779120917201042,0.0013549111317843,-0.0146105363965034,-0.0093703232705593,0.3073611910805106,0.0371779302716255,-0.0139455232441425,-0.0567579679191112,0.118206612765789,0.1052060723304748,0.0021641922965645,0.1421989781916141,0.0280988440200686,-0.0572151988744735,0.0210485458374023,0.0186919085681438
1774469957552005700,145.65359033203126,-0.0737426970809698,0.0436414454636163,0.0747919138729572,-0.0003806710010394,-0.0130539182573556,-0.0123709067702293,0.3528149283967912,-0.0361532633990049,-0.0713753834277391,-0.0570148453116416,0.0772675722837448,0.0838072150945663,-0.0238844411954283,0.068839142948389,0.0793573220923543,-0.0537693351507186,0.0210141912102699,0.0298713259398937
1774469957562031700,145.6636162109375,-0.0826157393664121,0.0499261608894448,0.0621791005373001,-0.0050290198996663,-0.0118826031684875,-0.013161078095436,0.3977950568519532,-0.0725865127831697,-0.1427197871953248,-0.0606564506888389,0.0410658903419971,0.0539766177535057,-0.0115425537556409,0.0084580317437648,0.1337871236771345,-0.0481135323643684,0.0122948251664638,0.0432590767741203
1774469957572058700,145.67364331054688,-0.0943190366417169,0.0554353618981316,0.0459486812263727,-0.0076687447726726,-0.010644232854247,-0.0216254033148288,0.4029566773988306,-0.104740477412939,-0.2038759744256734,-0.0656826496124267,0.0126399500295519,0.0261963997036218,0.0293590732142329,-0.0330769246935844,0.1838359336987137,-0.0380206853151321,0.0011223317123949,0.0580942146480083
1774469957582084700,145.68366943359376,-0.0891682297497987,0.0719368349690921,0.0285515562236309,-0.0076997722499072,-0.0124401524662971,-0.0198898501694202,0.3249962164923548,-0.1142155772447586,-0.3035246816575527,-0.074129395186901,-0.0137511771172285,0.0026228968054056,0.0222968797430396,-0.0306967515587806,0.2137177156127989,-0.0249886754900217,-0.0139553314074873,0.0676992163062095
1774469957592111000,145.69369555664062,-0.0750723382495343,0.0646461482379585,0.0114794253915548,-0.0069136074744164,-0.0103202760219573,-0.0179318934679031,0.2877437596797943,-0.1046563062608242,-0.3350625602155924,-0.0823101624846458,-0.0396065674722194,-0.0216895695775747,0.0341363706186413,-0.0555295795202255,0.2084047038964927,-0.0117343887686729,-0.0335364900529384,0.0716867670416832
1774469957602138000,145.70372265625,-0.0620567893318831,0.0501697695201262,-0.0042424598753452,-0.0071220132522284,-0.0109095443040132,-0.0210670307278633,0.220133135613054,-0.0614233137339353,-0.3221837894201279,-0.0925854369997978,-0.0546856522560119,-0.0371686629951,0.0615124533221125,-0.0383849679738283,0.1283490242764353,0.0017040665261447,-0.0660037100315094,0.0720668882131576
1774469957612163900,145.71374853515624,-0.0558991434849798,0.0526610018139705,0.0075187050670385,-0.004953933879733,-0.0080525055527687,-0.0181969404220581,0.1413726103700697,-0.0198112004071474,-0.240770411580801,-0.0969990417361259,-0.0726018100976944,-0.0522909648716449,0.0472302454695105,0.009852700972557,-0.0021871347807347,0.0061400937847793,-0.1041556224226951,0.075932465493679
1774469957622190700,145.723775390625,-0.0376530004374682,0.0585224685927387,0.0364472779095172,-0.0035141184926033,-0.007562122773379,-0.011699934490025,0.1639032988689839,0.0603822802484035,-0.1531383053570985,-0.1048617586493492,-0.1053602918982505,-0.0682249218225479,-0.0009764438167214,0.036830139747262,-0.1556613940939307,-0.0061228671111166,-0.1434560716152191,0.0855899304151535
1774469957632216700,145.73380126953126,-0.0265209271788597,0.0634498328591696,0.0578051232367754,-0.0002264460781589,-0.0110846869647502,-0.00827297847718,0.2182313936449587,0.1567892290800809,-0.0446744235068559,-0.1035579517483711,-0.149576261639595,-0.0773890241980552,-0.0573205545902252,0.0014870236873626,-0.2921906560860574,-0.039738617837429,-0.1668474078178405,0.0961821228265762
1774469957642242700,145.7438271484375,-0.0105943131200969,0.0716207547572441,0.066295303684473,0.0003961056936532,-0.0098165217787027,-0.005428057629615,0.3077132193885743,0.2103133139967918,-0.0131225164234638,-0.1115197390317916,-0.2161536961793899,-0.1031569689512252,-0.0826820826008915,-0.066873395833373,-0.3553945696264505,-0.0806734636425972,-0.169717401266098,0.1027270182967186
1774469957652269900,145.7538544921875,-0.0151015614114701,0.0890345477669965,0.0599877279728651,0.0043551609851419,-0.0103456918150186,-0.0040738401003181,0.3939126624606549,0.202366154384613,-0.0195458274692297,-0.1113951429724693,-0.2662283480167389,-0.1266263127326965,-0.0734428373515605,-0.1732569642782211,-0.3026617812179029,-0.1058701574802398,-0.1667237430810928,0.1012798547744751
1774469957662295900,145.76388061523437,-0.0318769012540578,0.1033114401236642,0.0529097524106502,0.002576888538897,-0.0059378640726208,-0.0022735917009413,0.3957856167256832,0.2096978124469518,-0.0928074630349874,-0.1079229190945625,-0.3006902039051056,-0.152030199766159,-0.09961918887645,-0.234470434653759,-0.1442664321154356,-0.110410526394844,-0.1624279022216797,0.1037264689803123
1774469957672322900,145.77390747070314,-0.0494563970863819,0.1149940599371213,0.0513514170527458,0.001498308381997,-0.0069309566169977,-0.0012999400496482,0.350769394043833,0.2032213099092245,-0.1936380735278129,-0.1195175126194953,-0.3418076336383819,-0.1890628039836883,-0.0994067151695489,-0.2338403200566768,-0.0116446989558637,-0.0997317880392074,-0.1654447317123413,0.1015820950269699
1774469957682348900,145.78393359375,-0.0498000959575176,0.1154689291735645,0.0414069461435079,0.0021894108504056,-0.0064217327162623,-0.0013185488060116,0.2391547930777073,0.1722422342777252,-0.2329641217440366,-0.1547311544418335,-0.377775490283966,-0.2224417924880981,-0.0812745538905262,-0.2149398047536611,0.0193612646825611,-0.0899990499019622,-0.1708805114030838,0.0956283286213874
1774469957692374900,145.79395947265624,-0.0525159307874739,0.1130207323038484,0.0401133992016315,0.0008668850641697,-0.0035662911832332,-0.0034472132101655,0.0740809891246259,0.1211409925937652,-0.1670323906749486,-0.1717572212219238,-0.3985170423984527,-0.2364415526390075,-0.0364686129584908,-0.2142208428293466,-0.0337261823825538,-0.0806337743997573,-0.1685153543949127,0.0909411683678627
1774469957702401900,145.8039865722656,-0.0348563554562628,0.0999224735388066,0.0399877269953489,-0.0023744604550302,-0.0036155870184302,-0.0052384892478585,-0.092753248629719,0.0394470442473888,-0.1115431431651115,-0.171271726489067,-0.4092911183834076,-0.2349200993776321,-0.0084352353900671,-0.2098679083168506,-0.1328774614863097,-0.0729261115193367,-0.1624726355075836,0.0842832550406456
1774469957712427900,145.81401245117186,-0.0460274455510079,0.1052547105453908,0.0398766678363084,-0.0004881435306742,-0.0029029250144958,-0.0004802192561328,-0.1236791327692568,0.0522457355439662,-0.1574415555089712,-0.1805105209350586,-0.439052015542984,-0.243845909833908,-0.0010594459250569,-0.1839338411152362,-0.2299826217152178,-0.0649901553988456,-0.1651946455240249,0.0793364346027374
1774469957722454900,145.82403955078124,-0.0533257858656346,0.1023779221332166,0.0378238269597291,-0.0052060126326978,-0.0032080947421491,-0.0017007943242788,-0.1571018021605909,0.0604728811413049,-0.1394657538354397,-0.1931693255901336,-0.4565916061401367,-0.248463824391365,-0.0227919697836041,-0.120059627097845,-0.3282029035791755,-0.0657004937529563,-0.1779767572879791,0.0849760621786117
1774469957732480900,145.8340654296875,-0.043581367573142,0.1008025077763479,0.0529804795593023,-0.0032030493021011,-0.0044075823388993,0.0011072428897023,-0.1959504421234131,0.1012140568524599,-0.2103305573925376,-0.1950848698616027,-0.4670670926570892,-0.2441245764493942,-0.0590402179896831,-0.0600789133876562,-0.381268723334372,-0.0978658869862556,-0.184144377708435,0.0961650684475898
1774469957742507900,145.8440925292969,-0.0595816313900053,0.0952726019063498,0.0571124647974967,-0.0027444008737802,-0.0095398798584938,0.0004488350823521,-0.1259935471914708,0.1048889459729194,-0.3377335329905152,-0.206294372677803,-0.4665714800357818,-0.2369175404310226,-0.1035284712746739,-0.0516629672199487,-0.3645046355381607,-0.1514787226915359,-0.1704670786857605,0.1059189364314079
1774469957752533900,145.85411840820314,-0.0661193625956773,0.0730684876138344,0.0744330174326896,-0.0015334618510678,-0.0107726566493511,0.0040446352213621,-0.0498271300949156,0.1254810676246881,-0.3895937763482332,-0.2097015976905822,-0.4512708485126495,-0.2290412336587906,-0.1176870527476072,-0.0594698415786027,-0.2526243693731725,-0.1996933966875076,-0.1696814447641372,0.1131094768643379
1774469957762559800,145.86414453125,-0.0688940880060196,0.0569107956124003,0.0814741681158542,0.0006756857037544,-0.0147096943110227,0.0020965114235877,-0.057341305117309,0.1380441965997219,-0.4749570608571171,-0.2025893479585647,-0.4218514263629913,-0.2146095633506775,-0.1494236687481403,-0.0600000029325485,-0.060551937726885,-0.2221605330705642,-0.1921955496072769,0.12264946103096
1774469957772586900,145.87417138671876,-0.0699392131447792,0.037638350857608,0.0822422298789024,0.0020091305486857,-0.0103024281561374,-0.0002324236556887,0.026305823123455,0.1388654498547315,-0.6553326249688863,-0.1955315619707107,-0.412944495677948,-0.2188148498535156,-0.1807511194258928,0.0079033204704523,0.1745679007463157,-0.2261451482772827,-0.2337890714406967,0.1278655230998993
1774469957782612800,145.8841975097656,-0.0941715909950435,0.0188561464383266,0.0866004250884056,0.002011245349422,-0.0110649541020393,-0.0023334794677793,0.0763593093201518,0.1601408775955438,-0.7049363215714692,-0.2013052999973297,-0.3951119780540466,-0.207840234041214,-0.1759270602703094,0.0548024342894554,0.3260721751607954,-0.2267068475484848,-0.2812138497829437,0.1265844106674194
1774469957792639800,145.89422436523438,-0.133028998786211,0.0243759784388821,0.0843652133822441,-0.0014793599257245,-0.009587432257831,-0.0039572087116539,0.1562332026325166,0.2001408795505762,-0.6626148909315467,-0.193300187587738,-0.3895526826381683,-0.1912819296121597,-0.1409866797924041,0.0252513456344604,0.329567908322066,-0.2246937602758407,-0.3264282047748565,0.1149682402610778
1774469957802665800,145.90425048828126,-0.1520417422920465,0.0313354604542721,0.0721563046723604,-0.0033024251461029,-0.0198737420141696,-0.0046783657744526,0.3019369740746915,0.1607850207179784,-0.5642129688903689,-0.1827807128429412,-0.3908933103084564,-0.1794396489858627,-0.0883443461462855,-0.0072919105738401,0.2989005289882421,-0.2335493862628936,-0.3786105215549469,0.1045786663889885
1774469957812691800,145.9142763671875,-0.167854228451848,0.0257507556571159,0.0802525173664093,-0.0070321825332939,-0.0232948381453752,-0.0080161057412624,0.3880734349131584,0.0946305868089199,-0.4959542561784386,-0.1717889755964279,-0.3850720524787903,-0.166124165058136,-0.016411913357675,-0.0116167880356311,0.2271829079940915,-0.2544099390506744,-0.4223545491695404,0.0949803665280342
1774469957822718800,145.92430346679689,-0.1349612820230424,0.0265078393684234,0.0589279897868633,-0.0060257092118263,-0.0265024434775114,-0.009518701583147,0.4583421722732484,0.0643558600544929,-0.4188520195364952,-0.1574838012456894,-0.3790954053401947,-0.1635371744632721,0.0121145084246993,-0.0490846411645412,0.1598683442644775,-0.2855521738529205,-0.4467976689338684,0.0864092111587524
1774469957832744800,145.93432934570313,-0.0749624481342732,0.0271985798452515,0.0143353993445634,-0.0048645711503922,-0.0164239760488271,-0.0119224712252616,0.4714413078211247,0.095672789338231,-0.4055240436688065,-0.1392747312784195,-0.3728918433189392,-0.1748217791318893,0.0067787003546953,-0.1023006830453872,0.1157030393235385,-0.3221725225448608,-0.4552502632141113,0.0780852362513542
1774469957842771800,145.9443564453125,-0.0249912333935499,0.0386711371046025,-0.0258019652545452,-0.0046025523915886,0.0005109841004014,-0.018861174583435,0.3691932317458093,0.1125005900204181,-0.3950543798416853,-0.1254915446043014,-0.384037435054779,-0.1900569349527359,-0.0311208221897482,-0.1205436112225055,0.1444458803355693,-0.350640058517456,-0.44032022356987,0.0798380374908447
1774469957852797800,145.95438232421876,-0.0033645079970359,0.0537243201965466,-0.0772135880619287,-0.0041934908367693,0.0114251505583524,-0.0208825133740901,0.3142693630337715,0.1264484513521194,-0.3388762732848525,-0.1127352342009544,-0.4051089584827423,-0.2019613087177276,-0.0922892843797802,-0.1011146881312131,0.2091049611203372,-0.3776703178882599,-0.4168588519096374,0.0847837924957275
1774469957862823800,145.9644084472656,0.0204740482300519,0.0365925224659498,-0.0844908855885267,-0.0061941286548972,0.0196697879582643,-0.0245159324258565,0.292460851329565,0.1183656826615333,-0.2812514750510454,-0.1114843413233757,-0.4420619010925293,-0.2057584375143051,-0.1201367839872837,-0.0523754994034767,0.2900841853260993,-0.3930611312389374,-0.393070787191391,0.0930925384163856
1774469957872850800,145.97443530273438,0.0406185722447931,0.0250655498719308,-0.0807943691581487,-0.0053152851760387,0.0253729466348886,-0.0216860584914684,0.3055129328653216,0.0744587363958358,-0.2585626733809709,-0.1225821003317833,-0.4827074110507965,-0.2085098773241043,-0.1676300643071532,-0.0843581991195678,0.3400914942935109,-0.4162170588970184,-0.3639051616191864,0.1023848354816436
1774469957882877000,145.98446166992187,0.0420662868350744,0.0243847097346093,-0.0759714790463447,-0.0043758931569755,0.0265727341175079,-0.0257826596498489,0.3187513307534158,0.0396942970067262,-0.2966565494537353,-0.1373043209314346,-0.5168779492378235,-0.2099591791629791,-0.1995262547835707,-0.2349643556505441,0.339345352101326,-0.452564001083374,-0.3295257091522217,0.1143411844968795
1774469957892903800,145.99448828125,0.0463151764512062,0.0360821800573263,-0.0587467880010604,-0.002859222702682,0.024198792874813,-0.0236806273460388,0.325043416634947,0.0412625692367553,-0.3310229294359684,-0.1448935568332672,-0.5490973591804504,-0.2158620655536651,-0.2527522335365414,-0.4090717992782592,0.3475435638651251,-0.5059539675712585,-0.3200286328792572,0.1251749247312545
1774469957902929800,146.00451440429688,0.0210083012372255,0.0465663290675263,-0.0266501065164804,-0.0070392130874097,0.0215753708034753,-0.0289958603680133,0.3630767946921289,0.0884282250374555,-0.3046861266523599,-0.1397856026887893,-0.57267165184021,-0.2249005734920501,-0.2517947866812348,-0.4553080652743577,0.3286912716180086,-0.5707733035087585,-0.3352253139019012,0.1347332000732422
1774469957912955800,146.01454028320313,0.0243416834436357,0.0769195735514163,0.0193973589092493,-0.008486108854413,0.0206504557281732,-0.0261582620441913,0.3758148418426513,0.1424018072873354,-0.2739510889098048,-0.1300642490386963,-0.5962047576904297,-0.2274540662765503,-0.2134863910749554,-0.4348632431387901,0.3276289030835032,-0.6497482657432556,-0.36321622133255,0.1445405632257461
1774469957922982800,146.0245673828125,0.0178757022999227,0.0757521828730125,0.0575029254198074,-0.0038514649495482,0.0229038428515195,-0.0253949798643589,0.3550327505767345,0.2137491336643695,-0.2167515303507447,-0.1230119243264198,-0.62456876039505,-0.2169886380434036,-0.2157806394919753,-0.4801484920203685,0.3342833925366401,-0.7255945801734924,-0.4040953516960144,0.1564401090145111
1774469957933008700,146.03459326171875,-0.0245912742905318,0.063133725247858,0.0705862788766622,-0.0053782551549375,0.0282663833349943,-0.0250706076622009,0.3563081773400307,0.2790074955165386,-0.1513867855146527,-0.1182406470179557,-0.6544448137283325,-0.1935597211122512,-0.2172948434472084,-0.5123188232630491,0.375461206099391,-0.7804144620895386,-0.4722043573856354,0.1565892547369003
1774469957943035400,146.0446201171875,-0.0585660246066749,0.019852317868825,0.0568207883745431,-0.0039545688778162,0.0273149833083152,-0.0245746150612831,0.3364554758787155,0.3164882081270218,-0.1404988962754607,-0.1278141736984253,-0.6791583895683289,-0.1574693620204925,-0.2402329437032341,-0.5168611428678035,0.4429056798189878,-0.8192307949066162,-0.5594962239265442,0.1468585729598999
1774469957953061400,146.05464599609374,-0.0516775802671909,0.0025212895053904,0.0780436091452836,-0.0030264570377767,0.0328780598938465,-0.0228787157684564,0.3003926672421395,0.2310468899458646,-0.215674841029942,-0.151772066950798,-0.6801221370697021,-0.1221104487776756,-0.2818468105956911,-0.5135697001069783,0.4599187739402055,-0.8601313829421997,-0.6466593742370605,0.1301925033330917
1774469957963088200,146.0646728515625,-0.0277357097961008,0.0102067751072347,0.1234609599739313,-0.0017677127616479,0.0354087464511394,-0.0200152564793825,0.2079668970011174,0.0975163713783025,-0.3480722639143466,-0.176840141415596,-0.6570687294006348,-0.098906323313713,-0.3079872140243649,-0.532565492478013,0.4244225131452083,-0.913957417011261,-0.7233946323394775,0.1082178205251693
1774469957973114200,146.07469873046875,-0.0487105471551418,0.036256404113071,0.1584048475831747,-0.0053035919554531,0.0346185863018035,-0.0149651039391756,0.1557856049954891,-0.008081015124917,-0.5285746692761778,-0.1932886242866516,-0.6239568591117859,-0.0934561640024185,-0.2920601615741848,-0.5945534543573856,0.3572659164562821,-0.9750500917434692,-0.7700260281562805,0.0918002352118492
1774469957983140200,146.08472485351564,-0.0442849857978522,0.067907214126829,0.1566658949613571,-0.00278638349846,0.0364228524267673,-0.0102825034409761,0.0955668447457253,-0.0085498016804456,-0.6676061233475804,-0.1959635019302368,-0.5831282138824463,-0.093463622033596,-0.2909320343270897,-0.6535001488447189,0.2719853417947888,-1.0416769981384275,-0.7854756712913513,0.0752435848116874
1774469957993167200,146.09475170898438,-0.0631494068741798,0.0831666055816691,0.1181102465957403,-0.0011269681854173,0.034430805593729,-0.0091743618249893,0.0701085783623158,0.0627045857161283,-0.6945479062870145,-0.1931490153074264,-0.5435969233512878,-0.0912892147898674,-0.2904173628032207,-0.7010112570822239,0.2256780563890933,-1.1053537130355835,-0.7728818655014038,0.0557109005749225
1774469958003193400,146.10477807617187,-0.0804892487317323,0.1032736197307705,0.0703483784675598,0.0062269773334264,0.0292474366724491,-0.0092123486101627,0.0251402864754199,0.1164332532942295,-0.6895590119585394,-0.1842327564954757,-0.515046238899231,-0.0707173570990562,-0.3013376930072903,-0.7481050166904926,0.1664019838169217,-1.180465817451477,-0.7407745718955994,0.038300696760416
1774469958013220400,146.11480517578124,-0.1109095214366912,0.1209855554368812,0.0576642534613609,0.0081599000841379,0.022801786661148,-0.0089862467721104,0.022148703444004,0.2001174986749887,-0.6017436581224203,-0.1718651205301284,-0.5015825629234314,-0.0437051057815551,-0.3061728580787777,-0.7695382653415203,0.1118418338507413,-1.2734663486480713,-0.6956140398979187,0.0241601094603538
1774469958023246400,146.1248310546875,-0.1021522144854068,0.1303576789514161,0.0455085362434387,0.0110512422397732,0.0218138750642538,-0.0056612165644764,0.0265815713249146,0.2536608728140592,-0.5363578704982995,-0.1606982201337814,-0.4822951853275299,-0.0203696899116039,-0.3104071346476674,-0.7954588885396718,0.0554644053295254,-1.3858518600463867,-0.6477469801902771,0.0118249813094735
1774469958033272400,146.13485693359374,-0.0513783050596714,0.1234624212786555,0.0151262574613094,0.0096916984766721,0.0195749569684267,-0.0009801783598959,-0.0722246937334537,0.2583843942046165,-0.5535445676207542,-0.1573989689350128,-0.4451012909412384,-0.006799410097301,-0.3372048329412937,-0.8450608315765857,-0.0144414900675415,-1.5163885354995728,-0.6003264784812927,0.0037428203504532
1774469958043299200,146.1448837890625,-0.0480308943279087,0.1001569216154981,-0.0163338796854019,0.0101303607225418,0.0241399966180324,0.0092012444511055,-0.2335585805058479,0.2032014361649751,-0.641871670371294,-0.1599670648574829,-0.3917329013347626,1.56188616529e-05,-0.3347407809153199,-0.9086649964809416,-0.0382359148919582,-1.6520349979400637,-0.5454157590866089,-0.006963042076677
1774469958053325200,146.15490966796875,-0.0624947423577308,0.0977199493926949,-0.0103840313702821,0.0080469697713851,0.0193212740123271,0.0111525421962141,-0.3954160527609288,0.1388286249756813,-0.7526914676979184,-0.1640937626361847,-0.3256148099899292,-0.0007616034708917,-0.3380164415851235,-0.9301876769810914,-0.0260255448773503,-1.7653580904006958,-0.4832740724086761,-0.0339027792215347
1774469958063352400,146.16493701171876,-0.0740437258541584,0.1326162624000106,0.0122539168953895,0.0054816505871713,0.0151396039873361,0.0168057512491941,-0.5085819748222827,0.1013484968870878,-0.8539642690002918,-0.162963256239891,-0.2497115433216095,-0.0074051250703632,-0.3197244135692715,-0.9386176516741512,0.0642041766241192,-1.8549394607543943,-0.4177468419075012,-0.0645516887307167
1774469958073378400,146.174962890625,-0.0447960040599107,0.1579552406521513,0.0512561399847269,0.0014887729194015,0.0114199668169021,0.0216132886707782,-0.6256063258774578,0.0912123027980327,-0.925193814216554,-0.1497310400009155,-0.1702513843774795,-0.0203752983361482,-0.3491509990617633,-0.904815335315466,0.181778416647017,-1.92769992351532,-0.3337664604187011,-0.090298593044281
1774469958083404400,146.18498901367187,-0.0341242417894303,0.1573620239993557,0.066491118517518,0.0021525279153138,0.0120660830289125,0.022423293441534,-0.7030968311846256,0.1596469565987587,-0.9095750970631836,-0.1317280679941177,-0.0973039492964744,-0.0317568480968475,-0.381156787392497,-0.8725199163883924,0.2792982951566576,-2.011266231536865,-0.2356012463569641,-0.1047184243798255
1774469958093431400,146.19501611328124,-0.0117348614573478,0.1231012963486835,0.0761380677849054,0.0095265544950962,0.018584169447422,0.0255453139543533,-0.6766147747114301,0.27094810770154,-0.8297676931157708,-0.1037096083164215,-0.040813323110342,-0.0379858426749706,-0.4326633950069546,-0.9011199879288672,0.2833972549080849,-2.1151363849639893,-0.1333526372909546,-0.0834094062447547
1774469958103457400,146.2050419921875,-0.0428441393397748,0.0790419999323319,0.0936842458695173,0.0136140938848257,0.0150760747492313,0.0250264704227447,-0.6472188766181468,0.4290881668686866,-0.761103322212398,-0.0750249698758125,0.0028145820833742,-0.0363389439880847,-0.4627721175447106,-0.8676508490473032,0.1527361542969942,-2.214250087738037,-0.0236767586320638,-0.0776626840233802
1774469958113484400,146.21506909179686,-0.117955932816863,0.0318817235596477,0.1310889706343412,0.0190629214048385,0.0070120235905051,0.0255303420126438,-0.6499519548438489,0.5301736289054155,-0.711656277476251,-0.0486586317420005,0.0510209463536739,-0.0298642367124557,-0.319480960202217,-0.8128536754548549,0.017775310665369,-2.285268783569336,0.1171546578407287,-0.1016399189829826
1774469958123510400,146.2250949707031,-0.1450907541103661,0.0040974345146212,0.1547340501159429,0.0133718773722648,-0.0046205483376979,0.0230695530772209,-0.6925067558482288,0.5578191762000322,-0.7264172087565064,-0.0317808501422405,0.0993703603744506,-0.0217091049998998,-0.2006356773301958,-0.808271023839712,0.1562894628643989,-2.3269693851470947,0.2663959860801697,-0.1249580755829811
1774469958133537400,146.2351220703125,-0.1051477430395781,-0.0065104048073291,0.1524520766586065,0.0129218036308884,-0.0066067343577742,0.0232559759169816,-0.6600668138839304,0.6366051281452179,-0.6780103207230568,-0.0197556186467409,0.1375340521335601,-0.0058625256642699,-0.3880290112495422,-0.7423392927706242,0.5637555805116892,-2.352165460586548,0.351362019777298,-0.1424641013145446
1774469958143563400,146.24514794921876,-0.0750249919764697,0.0013786953415255,0.114943891519308,0.0083144148811697,0.0040695238858461,0.0179462265223264,-0.5987130582548678,0.7195406009852886,-0.6428779248043894,-0.0117022208869457,0.1821689009666443,0.0057091759517788,-0.5638458891436458,-0.5761550433576107,0.8540548698931932,-2.366255521774292,0.3423429429531097,-0.179351270198822
1774469958153589400,146.25517407226562,-0.0628581688426435,-0.0032282778641209,0.0766126995593309,0.000188045320101,0.0177160948514938,0.0102656688541173,-0.5957460251428186,0.7634212437659501,-0.662304509808123,-0.0078519470989704,0.2428513318300247,0.0143182491883635,-0.5734618587508797,-0.3958388082176446,0.9276853387713432,-2.371697425842285,0.2455058693885803,-0.2257986664772033
1774469958163616400,146.26520092773438,-0.090762220942974,-0.0082127243463415,0.0381751246154308,-0.0024200556799769,0.0323707275092601,0.0106395641341805,-0.6092483346641063,0.6868629047423601,-0.7006319023758173,-0.0094154886901378,0.3154791891574859,0.0201231408864259,-0.5740966495230794,-0.227153974160552,0.8941372894346713,-2.3581619262695312,0.0938470363616943,-0.2712672650814056
1774469958173642400,146.27522705078124,-0.1476584126412868,-0.0106737076323945,0.0229512519985437,-0.0040555028244853,0.0376770794391632,0.0150508238002657,-0.602656096792221,0.5779202994644641,-0.6774997408524155,-0.0089402487501502,0.3757721185684204,0.026390777900815,-0.6123313953712582,-0.046819034320116,0.811096602654457,-2.32589077949524,-0.0751608908176422,-0.3142685294151306
1774469958183669400,146.28525390625,-0.1701554911315441,-0.0237260174970142,0.0241167886465787,0.0026152781210839,0.0396901927888393,0.0213256329298019,-0.5409713556431234,0.5422749855875969,-0.5901490819185972,-0.0062925340607762,0.4129698276519775,0.0341424420475959,-0.5891676696658135,0.1180675764977931,0.7356003399044275,-2.274306535720825,-0.2140859216451645,-0.3532747328281402
1774469958193695400,146.29528002929686,-0.2093313172221183,-0.036738141481718,0.0007575403690338,0.0080638388171792,0.0347215309739112,0.0204971246421337,-0.4649415705382824,0.5422457594931125,-0.43403351431638,-0.0056185480207204,0.4363207519054413,0.0495954826474189,-0.6194295369386673,0.2248795994877815,0.6335510012716055,-2.221451997756958,-0.3019835650920868,-0.3772250711917877
1774469958203721400,146.30530590820314,-0.2384426992855965,-0.0449441438263282,-0.0089905311852693,0.0103492690250277,0.0258579682558774,0.0161302015185356,-0.3373018635749816,0.5642015707135201,-0.2628141933456063,-0.0092524318024516,0.4468026757240295,0.0663699358701706,-0.6356991192162037,0.264992998689413,0.4510737887054681,-2.163491725921631,-0.3568913638591766,-0.3874435424804687
1774469958213748400,146.3153330078125,-0.2417173370420932,-0.0679251516423188,-0.001469488030672,0.0121064223349094,0.009227592498064,0.0077500334009528,-0.2131203342415392,0.6025292555421591,-0.1108145366296172,-0.0099212834611535,0.4529393911361694,0.0781505405902862,-0.5885320021107793,0.3158627697050571,0.2215817269861698,-2.1180496215820312,-0.3839341700077057,-0.4030478000640869
1774469958223774400,146.32535888671876,-0.2595855866879225,-0.0894656235274858,-0.0056833063334226,0.0158409606665372,-0.0034059388563036,-0.0030634994618594,-0.1250925066985189,0.5489964027971029,-0.0307823840156197,-0.0023360678460448,0.4672373831272125,0.0811937376856803,-0.5729033480852842,0.3491214807063341,-0.027450901505351,-2.088146686553955,-0.3738696575164795,-0.4144479036331177
1774469958233801400,146.3353859863281,-0.2548288936801254,-0.0897042180563323,0.0027186113089323,0.0149402795359492,-0.0146255707368254,-0.008578373119235,-0.0434520421050488,0.395752298977971,-0.0345168943688273,0.0082827834412455,0.4772526919841766,0.0762029662728309,-0.5930471414476632,0.2898784336209297,-0.2845955247819423,-2.068259954452514,-0.3312351107597351,-0.413819670677185
1774469958243827400,146.34541186523438,-0.2376880815260112,-0.0981482852068263,0.0263607681810855,0.0108204223215579,-0.0202444270253181,-0.0116187138482928,0.1369840200223028,0.259513690495491,0.0378925082817673,0.0240833163261413,0.4694046378135681,0.0645598992705345,-0.6270595934256911,0.2480944708585739,-0.5144587579011917,-2.0364136695861816,-0.2798421382904053,-0.4109652638435364
1774469958253853400,146.35543798828124,-0.2169600585348904,-0.0897538293517194,0.0923930370151996,0.0046083321794867,-0.0227169059216976,-0.01112602930516,0.3050947074532508,0.1345101772546768,0.131993810519576,0.0378348492085933,0.4457376003265381,0.0487872771918773,-0.4917641110122203,0.3426198437273502,-0.6871230169832706,-1.9686517715454104,-0.253929853439331,-0.420853316783905
1774469958263880400,146.36546484375,-0.2084253082931041,-0.0875632331054192,0.15755553727746,-0.0024473634548485,-0.0257643572986125,-0.0064957542344927,0.4219919249974191,-0.0145791449725627,0.2277431722253561,0.0565944239497184,0.4192807078361511,0.0269805137068033,-0.3671253394305706,0.4300193102389574,-0.8985106822133063,-1.867783784866333,-0.2964193224906921,-0.4223401844501495
1774469958273906400,146.3754909667969,-0.1672995171785354,-0.1046742985752411,0.2231388933002948,-0.0072527709417045,-0.0218455139547586,-0.0032051526941359,0.5034076409243047,-0.1758282760709524,0.3002344079405069,0.0682250931859016,0.3924876153469085,-0.0097158374264836,-0.2665603941366076,0.5146271002054215,-1.077729185244441,-1.7330046892166138,-0.3886504471302032,-0.4216027557849884
1774469958283933400,146.38551782226563,-0.1102624557048082,-0.1122605524531565,0.2540677000492811,-0.0134990569204092,-0.0141490399837493,-0.0028947982937097,0.6004464579187333,-0.3455325163036584,0.3790115920573473,0.0781339108943939,0.3465294539928436,-0.0613119229674339,-0.1089791378960013,0.5666659150004386,-1.204406184655428,-1.5886019468307495,-0.4889584183692932,-0.4189859330654144
1774469958293959400,146.39554418945312,-0.0670924454115331,-0.1371179942660499,0.2411386603713035,-0.0199425742030143,-0.0012862384319305,-0.0054301274940371,0.76849430924654,-0.4805962357878685,0.4794944120258093,0.0859545022249221,0.2640601396560669,-0.1217299178242683,0.0611930121093988,0.5329845946729183,-1.3548328929662703,-1.4650640487670898,-0.542472243309021,-0.4068373739719391
1774469958303986400,146.40557080078125,-0.0627963556528091,-0.182792160266824,0.1790986760437488,-0.0216239746659994,0.0064556584693491,-0.0153302233666181,0.9583328443609176,-0.5651905817508697,0.558664394852519,0.0942518413066864,0.1575406342744827,-0.1968718022108078,0.1389177645638585,0.4559638988345861,-1.5015233373582362,-1.3728036880493164,-0.5388273000717163,-0.3787353634834289
1774469958314012300,146.41559692382813,-0.0758094203524291,-0.2481760847274214,0.1052355674535036,-0.0210391450673341,0.0176728926599025,-0.0305656343698501,1.029383818139881,-0.6329471901595592,0.597486292938888,0.0977992713451385,0.0605167597532272,-0.2805481553077698,0.1857119567036628,0.3929179523348808,-1.6216402476012706,-1.3005914688110352,-0.5190160274505615,-0.3426495194435119
1774469958324038200,146.42562280273438,-0.1112561429172754,-0.3119030722938478,0.0124462245970964,-0.0190342627465724,0.0172767955809831,-0.0499798357486724,0.99723277611956,-0.7406856803447007,0.5902841064751148,0.0996011644601821,-0.0194513089954853,-0.3722775280475616,0.2577683081328868,0.2980190699785948,-1.7091683089286087,-1.2454850673675537,-0.5225123763084412,-0.3072585761547088
1774469958334065300,146.43564990234376,-0.1229196927040815,-0.3695218791782855,-0.0796112968534231,-0.0164749640971422,0.0178951825946569,-0.0711005702614784,0.910741072102636,-0.8078805632174014,0.5618436094105244,0.1042725518345832,-0.0915107876062393,-0.4584528803825378,0.2991445668771862,0.1753898846536874,-1.6648247248113155,-1.2029690742492676,-0.5340744853019714,-0.2710755467414856
1774469958344091200,146.44567578125,-0.1021188967376947,-0.4206625760897994,-0.1494891351997852,-0.0155889866873621,0.0182742346078157,-0.090901680290699,0.8383879296839237,-0.830960994553566,0.6117404437407851,0.1094308346509933,-0.1663227081298828,-0.5239173173904419,0.3049389323696494,-0.0205099963262677,-1.4682622882694003,-1.1485029458999634,-0.5720052123069763,-0.2318812161684036
1774469958354118400,146.455703125,-0.0774343912057578,-0.4380602125491947,-0.171229842364788,-0.0165799483656883,0.0178079158067703,-0.1053317487239837,0.6561570930942893,-0.8278875784575939,0.6913429727658629,0.1095447018742561,-0.2355911880731582,-0.5709307789802551,0.3766545075371861,-0.2015042768582701,-1.235599779820442,-1.0637125968933103,-0.6551717519760132,-0.1948765963315963
1774469958364144400,146.46572900390626,-0.0640359804503619,-0.4380132681349292,-0.1441793383538722,-0.0204705595970153,0.0195371061563491,-0.1189072132110595,0.3634193245194852,-0.8369932604551314,0.7733128154441714,0.1112326085567474,-0.283191442489624,-0.6001773476600647,0.5858452472448349,-0.2561947752058506,-0.9520411968708038,-0.944946587085724,-0.7803094387054443,-0.1681651771068573
1774469958374170400,146.47575512695312,-0.0798396987818181,-0.435781636625342,-0.0791945327460765,-0.0245774202048778,0.0274413675069808,-0.1312658786773681,0.1778875466883182,-0.8559124804586171,0.8689031871959566,0.1177308708429336,-0.3232228755950928,-0.6205187439918518,0.6782534818291663,-0.2963110970169305,-0.7961293351471423,-0.8250564336776733,-0.9074596762657166,-0.136787012219429
1774469958384197200,146.48578173828125,-0.098197193249315,-0.4091941835489124,-0.0218137724012136,-0.0276016388088464,0.0354787297546863,-0.1499455422163009,0.0924352687217295,-0.8132312765955925,0.9704138889074324,0.1307968646287918,-0.3718777894973755,-0.6313900351524353,0.6860076030872762,-0.3483443588539958,-0.7657634229779243,-0.7219063639640808,-1.0115195512771606,-0.100560188293457
1774469958394223200,146.49580786132813,-0.1118609769426286,-0.3777216253120452,0.0545855766683816,-0.031330332159996,0.0426375716924667,-0.1735909432172775,0.1009527755677699,-0.7345809337288141,1.0634314875617623,0.1437117755413055,-0.4389581680297851,-0.6222153902053833,0.7602467053830623,-0.4744090715855359,-0.760590404254198,-0.636554479598999,-1.1065880060195925,-0.0541958808898925
1774469958404250400,146.5058349609375,-0.1281271982192993,-0.3491135896608233,0.1296247433006763,-0.0328368991613388,0.0532552674412727,-0.2031119167804718,-0.0374396499477326,-0.707628044873476,1.025316860961914,0.1479986757040023,-0.4612663984298706,-0.6039402484893799,0.9206801361843944,-0.5590536864310502,-0.7587661114364862,-0.5657378435134888,-1.1691598892211914,-0.0080852126702666
1774469958414276400,146.51586108398436,-0.1112600884400308,-0.3357966466438025,0.1759013413071632,-0.0304610915482044,0.0652560070157051,-0.2222898602485656,-0.3265266409300267,-0.664020373815298,0.930779797655344,0.1518451273441314,-0.4584890604019165,-0.582554042339325,1.1362731441497802,-0.559397385302186,-0.7343161453127861,-0.5225791335105896,-1.1747822761535645,0.034880630671978
1774469958424302400,146.52588696289064,-0.1430447813659906,-0.3370298417005687,0.1979652890771627,-0.0329747535288333,0.0672811046242713,-0.2353855520486831,-0.574336011236906,-0.5081505976676941,0.9389709951564668,0.1640445291996002,-0.4301402270793915,-0.5699849724769592,1.236641543958336,-0.5554594613313675,-0.7706482724100351,-0.5002714395523071,-1.1318135261535645,0.0761468559503555
1774469958434329400,146.5359140625,-0.19516820570454,-0.3661148472137749,0.1904191114813089,-0.0329161621630191,0.0622439980506897,-0.2420690357685089,-0.7720211681984365,-0.3598801906079054,0.9400894777923822,0.1746203601360321,-0.4266245663166046,-0.5564802289009094,1.2501648962676524,-0.5953206393375993,-0.8556506146520376,-0.4873561263084411,-1.0718854665756226,0.1061966270208358
1774469958444355400,146.54593994140626,-0.2364326746374368,-0.4087486317384988,0.1368944420427084,-0.0303822606801986,0.0549498349428176,-0.248842641711235,-0.7176314063630997,-0.2215279509723186,1.0646990232795477,0.1735692024230957,-0.4716969728469848,-0.5163905620574951,1.2834066561341284,-0.6878551306501031,-0.8913970508158207,-0.4674777686595917,-1.00954270362854,0.129301980137825
1774469958454382200,146.555966796875,-0.2301408810168504,-0.4166568841123953,0.0752969407856464,-0.0323780365288257,0.0439632311463356,-0.2545255720615387,-0.5646575708527117,-0.1352870068460702,1.2625330871924758,0.153870016336441,-0.5196827054023743,-0.4532051384449005,1.2996737541936336,-0.6575213671848178,-0.7804308307558298,-0.4235507845878601,-0.955229878425598,0.1484746187925338
1774469958464408200,146.56599267578125,-0.2327547167770564,-0.3899917261572554,0.0361059171259403,-0.0352606922388076,0.0425968840718269,-0.267936646938324,-0.6130757839977741,-0.2623182265222072,1.2977362102597951,0.1233994588255882,-0.5046936273574829,-0.3834947943687439,1.2948060020267962,-0.4645265599966049,-0.6255225931167602,-0.3974940776824951,-0.9249534606933594,0.1630619615316391
1774469958474434400,146.57601904296874,-0.2231101055972278,-0.3559447143224999,0.0233691851496696,-0.0430935807526111,0.0455189049243927,-0.2740709781646728,-0.6953776351094245,-0.4425736713856458,1.2477964135706423,0.0889812856912612,-0.4501647353172302,-0.33338662981987,1.3077649984516202,-0.3194572870656847,-0.4574158512085676,-0.399671733379364,-0.8960805535316467,0.1809408217668533
1774469958484461400,146.5860458984375,-0.2084293999463319,-0.3445646211195737,0.0117237555414438,-0.0545285046100616,0.0538872927427291,-0.2821621000766754,-0.6528315288681537,-0.5918015253007411,1.2620295215845108,0.057338673621416,-0.4024502038955688,-0.3082197606563568,1.3409212719917296,-0.2280968079686164,-0.2369353634625673,-0.3841847777366638,-0.882430374622345,0.170778289437294
1774469958494487400,146.5960720214844,-0.1996339529417455,-0.348614079173468,0.0202443311274051,-0.0655308216810226,0.063080795109272,-0.2932248711585998,-0.5498212362486868,-0.7089134085088968,1.377408005128801,0.0303673557937145,-0.390017569065094,-0.3056818842887878,1.3187094401836394,-0.2603743989780545,-0.0613297902315854,-0.3416189551353454,-1.0973511934280396,0.1718896180391311
1774469958504514400,146.60609912109376,-0.1407429341644048,-0.3477231582157313,0.0600280599832534,-0.0704416632652282,0.0726645365357399,-0.3098367154598236,-0.4103905537266284,-0.7794342209339141,1.5171668966919185,0.0100892474874854,-0.403952032327652,-0.3173891305923462,1.6651146476686,-0.5993567629858851,-0.0146235686361789,-0.2254960387945175,-1.521073818206787,0.1991311907768249
1774469958514540400,146.616125,-0.0628191520065069,-0.3459630166754126,0.0720604430824518,-0.0739013776183128,0.0894030407071113,-0.3252636194229126,-0.3061502809207886,-0.8096364669740199,1.580008845052123,-0.008364388719201,-0.4158653616905212,-0.3387404382228851,2.2716917172968385,-0.4710241053223609,0.151373049250245,-0.0647676065564155,-1.8612627983093264,0.2650364339351654
1774469958524567400,146.6261520996094,-0.0806711811698973,-0.3495546844918281,0.1046241575568914,-0.0781110450625419,0.1004889160394668,-0.3407563865184784,-0.3016998043179512,-0.8547171331942081,1.5428773842707275,-0.0219507720321416,-0.4191951155662536,-0.3615078032016754,2.270387064439058,0.1112339310854673,0.143126029908657,0.0205774772912263,-1.9099386930465696,0.3045344352722168
1774469958534593400,146.63617797851563,-0.1356762984246015,-0.3567796673092991,0.1169499706447124,-0.0796721875667572,0.1095167696475982,-0.3481762409210205,-0.283626387488842,-0.7683230443328618,1.4346382510870694,-0.0235305298119783,-0.4360164105892181,-0.386075496673584,2.109986074602604,0.689854487773776,-0.1020054994910955,0.074009008705616,-1.8712515830993648,0.3542987704277038
1774469958544619400,146.64620385742188,-0.129694301405549,-0.3843166031302884,0.0741308196157217,-0.0798841118812561,0.1078053563833236,-0.3568751513957977,-0.213286265392974,-0.5104793328762054,1.3210273617371917,-0.0086381323635578,-0.4710401892662048,-0.4031479358673095,2.335601002627611,1.0277139852315187,-0.3048088762491941,0.1517086029052734,-1.824411153793335,0.4410485625267029
1774469958554646400,146.65623095703126,-0.1407293440304696,-0.3836721312142908,0.0307230550438165,-0.0744669735431671,0.1116933077573776,-0.3583100736141205,-0.217571979888156,-0.2505658294081688,1.1471487584292888,0.0119273401796817,-0.5039737820625305,-0.410133957862854,2.474306878006458,0.7290092710763215,-0.5864899748891592,0.1567550301551818,-1.6474307775497437,0.4983336925506592
1774469958564672400,146.6662570800781,-0.1122705806568264,-0.3560270953763276,0.0072550856947898,-0.0755233466625213,0.1167648285627365,-0.3632053136825561,-0.2138064168095588,-0.0977688848346471,0.8614975871145725,0.0339170582592487,-0.5259333848953247,-0.40662682056427,2.4029846860706803,0.0658984133213758,-1.0648469073176383,0.0928571969270706,-1.3745582103729248,0.5275862812995911
1774469958574699100,146.67628369140624,-0.0751138393037021,-0.3245151915097609,-0.0176852942943573,-0.0773172453045845,0.1251085102558136,-0.3672421276569366,-0.2237748531162738,-0.0554243655800819,0.5993322130665183,0.048195507377386,-0.5235885977745056,-0.4000529944896698,2.3844319612920284,-0.0642240503683686,-1.31949153047204,0.0072096674703061,-1.1065858602523804,0.5339445471763611
1774469958584725400,146.68631005859376,-0.0647287850201129,-0.2878300862563774,-0.0055821840465068,-0.0889093354344368,0.1365945488214492,-0.380901038646698,-0.2016086140155792,-0.0894523073881864,0.4326856068387627,0.0482160151004791,-0.5159677267074585,-0.3956207036972046,2.133048385760188,0.0278916310101747,-1.4203297397494314,-0.0806590095162391,-0.8596031665802002,0.5059550404548645
1774469958594751400,146.6963359375,-0.0377202204547822,-0.2539288030352443,-0.0233586637556552,-0.1010922342538833,0.1502666771411895,-0.3888550996780395,-0.0073263973653316,-0.0616746581465005,0.4470516935825347,0.0368649140000343,-0.5419310331344604,-0.3846259415149688,1.692065782958269,-0.0784860922157764,-1.2392922045975925,-0.114094465970993,-0.7143588662147522,0.4757172465324402
1774469958604778400,146.70636303710938,-0.040911709972471,-0.2437004006180912,-0.048335284101963,-0.1118414774537086,0.1648887395858764,-0.3980695903301239,0.2267628559511154,-0.0993745664656162,0.5759150971218944,0.0182997528463602,-0.5792008638381958,-0.3811329305171966,1.5581465573340654,-0.0023056465938687,-0.7378805597960949,-0.0804473087191581,-0.6687881350517273,0.4278966188430786
1774469958614804400,146.71638891601563,-0.0399893344305455,-0.249750421372056,-0.060573418906331,-0.1209263205528259,0.1760806739330291,-0.4054729044437408,0.2564518917720764,-0.2211141094744205,0.6220879424929618,-0.0063090031035244,-0.6003948450088501,-0.400333970785141,1.6172475656002758,0.1911290133163332,-0.276503988263011,0.0049818363040685,-0.6852003931999207,0.3505240678787231
1774469958624831400,146.726416015625,-0.0706266108870506,-0.2976640825284645,-0.0808107357710599,-0.1251193135976791,0.1722230166196823,-0.409231573343277,0.3663045976322144,-0.2428466333329677,0.692870328463614,-0.0104038789868354,-0.6180419921875,-0.4432944655418396,1.471230490425229,0.2341743743166327,0.0468932686001062,0.1130949705839157,-0.7743807435035706,0.3105129301548004
1774469958634857400,146.73644189453125,-0.0934253026723861,-0.3626466961791739,-0.0660246700495481,-0.1256413012742996,0.1677909940481186,-0.4185102880001068,0.5039642518937587,-0.1191594633877277,0.8555492001041769,0.0071886857040226,-0.6714150905609131,-0.4891791343688965,1.3567138844072817,0.304139598685503,0.2966331685781478,0.1776542514562606,-0.865860104560852,0.3149383068084717
1774469958644883400,146.74646801757814,-0.1114120641313493,-0.4422133136406541,-0.0391565368682146,-0.1231636106967926,0.155840203166008,-0.4266087114810943,0.6427871047157794,0.0564841037660837,1.0060542343482377,0.0375348739326,-0.7564942836761475,-0.5186640620231628,1.3920248517632483,0.382106050941348,0.2424614334076643,0.1617738604545593,-0.91562020778656,0.3313521146774292
1774469958654910400,146.75649487304688,-0.1685933563813567,-0.5027924316354095,-0.0140261872649192,-0.120217353105545,0.1434109658002853,-0.4420427978038788,0.7735890751022845,0.0862830297023058,1.060062011128664,0.0688966065645217,-0.8444284796714783,-0.5345773696899414,1.5356296050995588,0.4104480560675263,0.0448094480633735,0.1177254468202591,-0.9685247540473938,0.3839394152164459
1774469958664936400,146.76652099609376,-0.2103326032191514,-0.5560154512463137,0.0160790281414985,-0.1162000373005867,0.1353264898061752,-0.4616492092609405,0.8769231928486376,-0.07219429859519,0.8963067424282432,0.0953963920474052,-0.9172318577766418,-0.5436105132102966,1.6002753880113365,0.4189636632174253,-0.04408873257339,0.0630783066153526,-0.9933677315711976,0.4570958316326141
1774469958674963400,146.7765478515625,-0.1982667562417686,-0.5440285512566566,0.0558481439501047,-0.1188094094395637,0.1333666741847992,-0.4780255258083343,0.9405963313359766,-0.3351379635393619,0.6031470951795578,0.1187000349164009,-0.9834241271018982,-0.5593627095222473,1.6541823347657918,0.3397247068077325,-0.0969885481119155,0.0348828881978988,-1.0186411142349243,0.4980014562606811
1774469958684989400,146.78657397460938,-0.1094749585889279,-0.5097973054287955,0.107457919678092,-0.1233355328440666,0.1463035196065902,-0.494981437921524,0.9756288470767438,-0.6483364824712277,0.2204541842609644,0.1338382363319397,-1.047862529754639,-0.5899006724357605,1.7356646861881018,0.1704685026034712,0.029122049587965,0.0865411460399627,-1.0570634603500366,0.5813791155815125
1774469958695016600,146.79660107421876,-0.0870491917692124,-0.4622793655917048,0.1548977162450552,-0.1285217702388763,0.1593082696199417,-0.5129220485687256,1.0274936204791068,-0.8915174623250961,-0.1353632869526743,0.1278420984745025,-1.1057112216949463,-0.6301940083503723,1.6870570148855446,0.2109311536341905,0.2042810480952262,0.203380674123764,-1.0688515901565552,0.7113826870918274
1774469958705042500,146.8066271972656,-0.1365289697311818,-0.4583897377420216,0.1780821924775838,-0.1334345191717147,0.1729278415441513,-0.5289155840873718,0.968391443169117,-0.9551824175059794,-0.3073740505620837,0.1066715568304061,-1.1636488437652588,-0.6642571687698364,1.72102767354846,0.1864329644545912,-0.088647420746088,0.4213321506977081,-1.012450098991394,0.7618678212165833
1774469958715068400,146.8166530761719,-0.1324678577721119,-0.453845262712799,0.1994663412898779,-0.143723115324974,0.1872340738773346,-0.5457877516746521,0.913596096207574,-0.8830874876320361,-0.2459749944865703,0.0766601711511612,-1.2292219400405884,-0.6802196502685547,1.7663959245383738,0.1331292442902922,-0.792812173423171,0.4392456412315368,-0.9083775281906128,0.7736009359359741
1774469958725095400,146.82667993164063,-0.0403165205582976,-0.4362503866482526,0.2160106488555669,-0.1563508659601211,0.2031741440296173,-0.5622161030769348,0.8671627732694148,-0.6542161881595849,-0.0012651976302266,0.0485819317400455,-1.2918953895568848,-0.672649621963501,1.3310370068371296,0.0052615737900137,-2.1175942115187643,0.2207651734352111,-0.7582946419715881,0.8707813024520874
1774469958735121300,146.83670581054687,-0.0162973470672965,-0.4175909500921145,0.2146574806809425,-0.1708381921052932,0.216250792145729,-0.5841687917709351,0.7760042464852333,-0.376980963012576,0.196290049341321,0.0228380262851715,-1.327814698219299,-0.6501859426498413,1.0820505555748938,-0.03279606192559,-2.634269476425648,0.1442541480064392,-0.5759594440460205,0.9174708127975464
1774469958745148300,146.84673291015625,-0.0784872612595558,-0.4456375159356743,0.1654933445394039,-0.187462493777275,0.2196850925683975,-0.6039197444915771,0.6387631098967045,-0.1423492003172635,0.3185509858757257,0.0043002944439649,-1.3415132761001587,-0.6150245070457458,1.014419619372487,-0.1344707220271229,-1.909245475593209,0.1583449989557266,-0.4097195267677307,0.992534339427948
1774469958755174200,146.8567587890625,-0.1554413216024637,-0.4766696003960445,0.1192079787045717,-0.198244571685791,0.2176954448223114,-0.626346230506897,0.4966810360830277,0.0495487515449523,0.3802694831639528,-0.0141117488965392,-1.3230384588241575,-0.569813072681427,0.8522124568969011,-0.4429895587101578,-1.3584604358136654,0.1122462153434753,-0.2809671461582184,1.056599497795105
1774469958765200400,146.86678515625,-0.1985124015659093,-0.5103755071755498,0.1006722050607204,-0.2102056592702865,0.2188577950000763,-0.6471065282821655,0.1927027654390782,0.095408000922203,0.288327989308536,-0.0379009693861007,-1.2745585441589355,-0.521549642086029,0.8029250597018748,-0.8548910284563899,-0.9920873760551212,0.0946408063173294,-0.1892644762992859,1.111881136894226
1774469958775227400,146.87681201171876,-0.192947753176093,-0.5536562478343025,0.0684831691175699,-0.2171413153409958,0.213049441576004,-0.6678605079650879,-0.0551006135184317,0.0994452936142682,0.191674079978466,-0.0527804270386695,-1.2276304960250854,-0.4731031954288482,0.5313537786006928,-1.0748968844279647,-0.3273012785643339,0.1429814547300338,-0.1444440186023712,1.173328518867493
1774469958785253400,146.8868381347656,-0.1499690276712179,-0.577525162667036,0.0739729987055063,-0.2279797345399856,0.2148887068033218,-0.693830132484436,-0.1186860006570816,0.2425222236841916,0.1263461600214243,-0.0474447831511497,-1.196685791015625,-0.4180817604064941,0.3775930304963141,-1.0538798153623938,0.2716226459622383,0.1756541430950164,-0.1910650432109832,1.1957380771636963
1774469958795280200,146.89686474609374,-0.1745627861797809,-0.6146483670767396,0.086465400531888,-0.2399844676256179,0.2226531505584716,-0.7183448076248169,-0.1353168905276805,0.460410356849432,-0.0311389423683285,-0.0354291647672653,-1.151759147644043,-0.3566263318061828,0.3877245484102517,-1.166777588006854,0.3609931202858686,0.1987338960170745,-0.3243703842163086,1.1776368618011477
1774469958805306200,146.90689086914062,-0.1814465543441474,-0.6313644510127604,0.1204810673803091,-0.2541768550872803,0.2356271892786026,-0.7444610595703125,-0.1418050104379654,0.5946820491731166,-0.2307034833356738,-0.0302269458770751,-1.1019278764724731,-0.2805299758911133,0.359815966265276,-1.322153443157673,0.3520768233805895,0.247553139925003,-0.4840039610862732,1.150163173675537
1774469958815332200,146.91691674804687,-0.1560730436347424,-0.64473714280501,0.122808633545041,-0.2701635360717773,0.250485748052597,-0.7724138498306274,-0.0848339999377727,0.6601572686463594,-0.4391092101454734,-0.035128328949213,-1.052959442138672,-0.1902353912591934,0.3422778253566473,-1.3518258201047777,0.4187573269903659,0.3063214123249054,-0.5721255540847778,1.1156933307647705
1774469958825359400,146.92694409179688,-0.1011833694532513,-0.6566919306233525,0.0907727423369884,-0.2813327014446258,0.2721602320671081,-0.8101956844329834,0.0093172789216041,0.6952578081220387,-0.5918748827978968,-0.0465554222464561,-0.9927856922149658,-0.0969051793217659,0.2011631352704018,-1.350812843669951,0.194600196558237,0.3351345956325531,-0.5548883676528931,1.0649454593658447
1774469958835385400,146.93696997070313,-0.1523538769811391,-0.6189613349050284,0.0688198537260293,-0.2863421142101288,0.2851599454879761,-0.8576297760009766,0.0039372663836926,0.6964461411237717,-0.7345633980721235,-0.0609660595655441,-0.9104142785072328,-0.0073438570834696,-0.0158305332731455,-1.3084127948358657,-0.3120172001928091,0.3245951533317566,-0.433594673871994,1.0101029872894287
1774469958845412400,146.9469970703125,-0.2182122505530714,-0.5646078864920884,0.0502361492872238,-0.2967478930950165,0.2803281545639038,-0.8982458710670471,-0.0377929934300482,0.6061416008204221,-0.8545891229003667,-0.0828854739665985,-0.8310344815254211,0.0848284140229225,-0.2182663188278674,-1.1554285109966993,-0.7537386386632919,0.2887849807739258,-0.2250049859285354,0.9469760656356812
1774469958855438200,146.95702270507812,-0.2441669221512973,-0.5383662146460264,0.0492471382498741,-0.3091033697128296,0.2576516270637512,-0.9283499717712402,0.0167686909060925,0.4878741178363561,-0.9144488405793904,-0.0960751697421073,-0.7724538445472717,0.1875053495168686,-0.4034381042402237,-1.0660106904000044,-1.062552074378729,0.2707947790622711,-0.0395760089159011,0.8706381916999817
1774469958865465200,146.9670498046875,-0.2142079833477735,-0.5272947124682367,0.107459673243761,-0.3316131830215454,0.2216555774211883,-0.9525814652442932,0.1084511684991419,0.4051256920009851,-0.8932456012919545,-0.0834760218858718,-0.738580584526062,0.2850750684738159,-0.4036135338723659,-0.9581289923518896,-1.3068652731329202,0.2903146743774414,0.0760783478617668,0.8203660249710083
1774469958875491400,146.97707592773438,-0.2085655935466289,-0.4832806525662541,0.1901929015100002,-0.3437782227993011,0.2054952532052993,-0.9852017164230348,0.2796798418201506,0.3526858951896429,-0.8373302373245358,-0.0393278151750564,-0.7165269255638123,0.3806735575199127,-0.4645335011940449,-0.4949833653196692,-1.2796417506426572,0.340332567691803,0.1232240200042724,0.7772182822227478
1774469958885517400,146.98710205078126,-0.188691849297285,-0.4658383367149159,0.2512999889016151,-0.3530523180961609,0.1937307715415954,-1.0221383571624756,0.472281850298494,0.2902431752800941,-0.789445911860466,0.0274554751813411,-0.6891450881958008,0.4660896360874176,-0.5097353095758707,-0.1492877674087881,-1.0291355424672364,0.3945315182209015,0.0992763265967369,0.7325310707092285
1774469958895544400,146.99712890625,-0.0994429555267095,-0.4414109477492049,0.3085568306058645,-0.3589192628860473,0.2086133062839508,-1.050863265991211,0.5725331995986401,0.1735679299235343,-0.9095698363661764,0.0943561717867851,-0.6503778696060181,0.5232142806053162,-0.4642285268981009,0.0188046537131071,-0.9018559009879829,0.451655775308609,0.058490552008152,0.6967563033103943
1774469958905570400,147.00715502929688,0.0632660189911723,-0.4225693230265751,0.357219446966052,-0.3652998208999634,0.2419750690460205,-1.057291865348816,0.5756533774457872,0.0751473031818866,-0.9852420402050016,0.1553763896226883,-0.6157554388046265,0.5347960591316223,-0.4008242684800177,0.1462292566210031,-0.8362129237323999,0.4952674210071563,0.0378563776612281,0.6858550310134888
1774469958915597200,147.017181640625,0.0792857181608676,-0.4438075970947742,0.382135861557722,-0.3802691698074341,0.2630779445171356,-1.0681378841400146,0.5474783994495869,0.1102805758833885,-0.864027397853136,0.2082896679639816,-0.6468018293380737,0.5222296714782715,-0.3462432949215173,0.0551747747331857,-0.8589800513356923,0.4971596002578735,0.1196705475449562,0.6687218546867371
1774469958925623100,147.02720776367187,-0.0716904407262802,-0.4949935213875025,0.401259664222598,-0.4008988440036773,0.2592368125915527,-1.0959149599075315,0.7168878945194185,0.217491242802143,-0.515504467561841,0.2538225352764129,-0.7719208598136902,0.5128883719444275,-0.4382429487049579,-0.324218217857182,-0.8933727348029613,0.4423300921916961,0.2623637020587921,0.6299463510513306
1774469958935649100,147.03723364257812,-0.1280479955032467,-0.4765836026130244,0.3903676833301782,-0.4194078147411346,0.2484936267137527,-1.14370858669281,0.7809190526641905,0.3546498887389898,-0.2418517770767211,0.2921979129314422,-0.9319508075714112,0.499794602394104,-0.6571873129248619,-0.5761980057165026,-0.8142500982493162,0.442526638507843,0.3625542223453522,0.5745736360549927
1774469958945676400,147.04726098632813,-0.0442880545377731,-0.4200129165420308,0.3678758655369281,-0.4340844452381134,0.2502749264240265,-1.196208357810974,0.7036554879806936,0.5306663808584213,0.114923433253169,0.3368191719055176,-1.1208616495132446,0.4727286398410797,-0.8508850076854229,-0.3635685237318277,-0.3982657431036234,0.531761884689331,0.3293022513389587,0.5359047055244446
1774469958955702400,147.05728686523435,0.0528971851900219,-0.3536209110174328,0.2960819644361734,-0.4528085887432098,0.2545205354690552,-1.2358615398406982,0.686850775913149,0.5768640684098005,0.4677838082268833,0.3562004566192627,-1.3019098043441772,0.4513020515441894,-0.8809615815192461,-0.4491401902943849,0.0358288537502288,0.6208406090736389,0.2567076981067657,0.5316210389137268
1774469958965729400,147.06731396484375,0.1294824122205376,-0.2587619222801178,0.1955646576762199,-0.464356392621994,0.2674925625324249,-1.2860913276672363,0.6838917799770832,0.3558768001854419,0.6615975305825471,0.3222986757755279,-1.5233393907546997,0.4446675777435303,-0.7757318592846393,-0.9164508280515672,0.1792044745057821,0.6550038456916809,0.1857783794403076,0.5374211072921753
1774469958975755400,147.07734008789063,0.2493292733505368,-0.1717973765870556,0.0683715254366397,-0.4683804214000702,0.2790107429027557,-1.3316335678100586,0.6580791471980512,-0.050125674650073,0.7281608375534415,0.2437185198068618,-1.7294189929962158,0.4389430284500122,-0.8103630276829004,-1.001748353847861,0.0742816262632608,0.6823118925094604,0.1095605716109275,0.5950561761856079
1774469958985781400,147.08736596679688,0.3370359061151742,-0.10931834325511,-0.1082294885724782,-0.4681990146636963,0.2811536788940429,-1.3613027334213257,0.7299579501032829,-0.5101940861940384,0.4798410335063934,0.1480457931756973,-1.9103326797485352,0.4156233072280884,-1.0515788449436425,-0.6337848100274801,-0.0319774390190839,0.7109824419021606,0.0039003673009574,0.7140480279922485
1774469958995808400,147.09739306640626,0.3474611462786793,-0.0612862433508038,-0.2596089675635099,-0.4559876024723053,0.273569256067276,-1.3927099704742432,0.981847429330647,-0.8330261103898287,0.112222942122817,0.0814354866743087,-2.068171739578247,0.378597229719162,-0.91476682048738,-0.1874415569752454,-0.0193938517779111,0.7993426322937012,-0.1439165323972702,0.8404672145843506
1774469959005834400,147.1074189453125,0.3524205222517251,-0.0020731164796277,-0.36190438991189,-0.437490701675415,0.2449281811714172,-1.4181231260299685,1.2508546320974827,-1.0395312642753125,-0.2762590735912323,0.0462942793965339,-2.2048211097717285,0.3289623260498047,-0.3317021438717842,-0.0534931052565574,0.0997018987238407,0.9781101942062378,-0.2919596135616302,0.9777945280075072
1774469959015861400,147.11744604492188,0.4486027224168181,0.0343892128685489,-0.4270084379851818,-0.4223756492137909,0.2036118954420089,-1.4231536388397217,1.4143597254291176,-1.1166980905860662,-0.6079603406801819,0.0121116200461983,-2.31258225440979,0.2615536153316498,-0.0348018487900495,-0.0094476273030042,0.0295832373589277,1.4777876138687134,-0.4656480550765991,1.1642860174179075
1774469959025887400,147.12747192382812,0.6202306241884827,0.0840188110973686,-0.4699035768598318,-0.4048858284950256,0.1535808742046356,-1.4214484691619873,1.412614050805569,-1.1015794319093226,-0.8608075590237975,-0.0348231308162212,-2.391737222671509,0.190232053399086,0.2936141495505348,0.6084907942950725,-0.4771265138506889,2.0086557865142822,-1.1611472368240356,1.5359745025634766
1774469959035913400,147.13749780273437,0.7536091670647264,0.208766997870244,-0.4798059621930122,-0.380350112915039,0.1163272410631179,-1.4168297052383425,1.264223816758394,-0.9815525380373,-1.0379586081311103,-0.1033363863825798,-2.48020887374878,0.140204519033432,2.758658072638512,0.6575210749238729,-2.331023611709476,2.024178504943848,-1.4252489805221558,1.5403538942337036
1774469959045940600,147.14752514648438,0.8843909714460373,0.3444528313081711,-0.4752431843221187,-0.3532633185386657,0.0786343663930893,-1.3985891342163086,1.192534837336838,-0.6883657105207442,-1.0834966627299785,-0.1625658720731735,-2.59289288520813,0.1181953698396682,2.968478050160408,-1.1773849067389963,-4.370657216191292,1.5886353254318235,-0.9387785792350768,1.5304245948791504
1774469959055966600,147.15755126953124,1.0433803409188984,0.5271640352932736,-0.5002957925140857,-0.3259834945201874,0.049512431025505,-1.3775867223739624,1.1230942213639616,-0.3539046233296394,-1.144977551870048,-0.2045314311981201,-2.6933577060699463,0.1191517114639282,-0.2570516842961311,-2.854642996665836,-4.354905520308018,1.256578803062439,-0.3915705978870392,1.726577639579773
1774469959065993400,147.16757788085937,1.2078308984071016,0.7398508369557559,-0.5138602074861526,-0.2974453270435333,0.028224691748619,-1.346174716949463,0.959661024224758,-0.2049655232280492,-1.42031395765841,-0.2401504218578338,-2.755844831466675,0.1446133852005005,-1.516705124399066,-2.0839234125852584,-2.444664603936672,1.332852840423584,-0.0325967483222484,1.7206193208694458
1774469959076019400,147.17760400390625,1.3223176938086747,0.9791763104252516,-0.4971604170978069,-0.2671041786670685,0.0139349680393934,-1.304097056388855,0.8730570920050144,-0.2217114908456802,-1.8186673790454864,-0.2780357599258423,-2.7810237407684326,0.1961085796356201,-0.5512742846012115,-2.0512281806856394,-0.1210305179566144,1.699260115623474,-0.1367117017507553,1.630144715309143
1774469959086046400,147.187630859375,1.3804182928606867,1.2387788482479751,-0.4575450305461883,-0.2486635148525238,0.0041213938966393,-1.2595175504684448,0.9700377490714192,-0.293770180362463,-2.211451768128574,-0.3224096298217773,-2.77463960647583,0.2637555301189422,0.3031096893821843,-2.239119819515943,0.8615361655592918,1.961427927017212,-0.4364107847213745,1.5903066396713257
1774469959096072400,147.19765698242188,1.3782815730929374,1.5127259916350244,-0.4259218117922544,-0.2338459491729736,0.0041781193576753,-1.201648831367493,0.9655094579920172,-0.3620283085525035,-2.6500568281441925,-0.3700512945652008,-2.706268072128296,0.3365744650363922,0.2949930001556873,-2.146850701141357,0.6939303589105605,1.9319875240325928,-0.616518497467041,1.5731316804885864
1774469959106098500,147.20768310546876,1.2865870397359132,1.7998191784515976,-0.3909866920113563,-0.2218915969133377,-0.006849346216768,-1.1347503662109375,0.8120812297776341,-0.3796896374493837,-3.067798256090283,-0.405895859003067,-2.591125011444092,0.4144732356071472,-0.0643196196973323,-2.355920737078786,0.102823245614767,1.8653992414474487,-0.7858230471611023,1.5735608339309692
1774469959116125500,147.2177102050781,1.1981292963430286,1.98932731256783,-0.3217290313899517,-0.2166169434785843,-0.0265633948147296,-1.062051773071289,0.5653311592653394,-0.3233125011891126,-3.3658073891967533,-0.4250597059726715,-2.458958864212036,0.5144366025924683,-0.2958475711584091,-2.231632094109058,-0.3684679862111806,1.913450598716736,-0.9592454433441162,1.543602705001831
1774469959126151300,147.22773583984377,1.1567889856949447,2.054485721176863,-0.28629706800282,-0.2152298092842102,-0.0526437908411026,-0.9842774868011476,0.2206535062253475,-0.2628764449268579,-3.488742571730912,-0.4387480914592743,-2.3458893299102783,0.6375803351402283,-0.3768996779372915,-1.9079624500453471,-0.6166589031815528,2.0060954093933105,-1.0390840768814087,1.527387261390686
1774469959136178400,147.23776293945312,1.1310165387958289,2.012291131787002,-0.2462351067274808,-0.2125253677368164,-0.0749946385622024,-0.9119396805763244,-0.0070300447672605,-0.1130067859768867,-3.353829074372351,-0.4379035830497741,-2.271859884262085,0.7737797498703003,-0.6261001007437705,-1.614897203081846,-0.8557049751877784,2.05133056640625,-0.9326870441436768,1.554582953453064
1774469959146204300,147.24778881835937,1.1287398260354995,1.893033468721807,-0.2063788971573114,-0.2049952745437622,-0.078423723578453,-0.8478536009788513,-0.1191340366855263,0.0449631773203611,-3.0764237533554435,-0.4322670102119446,-2.219219923019409,0.9074329137802124,-0.8022972101271152,-1.4770248559176922,-0.9759843825161456,2.0795278549194336,-0.6965344548225403,1.5576683282852173
1774469959156230200,147.25781494140625,1.089590595690906,1.6845410865418613,-0.1725789188861846,-0.1992516368627548,-0.0697468742728233,-0.7938880920410156,-0.2402794131934642,0.0222141698956489,-2.9162627097547054,-0.4345116317272186,-2.1726386547088623,1.02032732963562,-0.7715116112411021,-1.7403829468816518,-0.9078729693204164,2.102855443954468,-0.5003702640533447,1.566431999206543
1774469959166257400,147.26784204101563,0.9626292263805866,1.417724671817571,-0.1826999154061079,-0.1960898041725158,-0.0637194961309433,-0.7437762022018433,-0.3357093336865305,-0.1023164651364088,-2.8186867171436547,-0.4383676052093506,-2.151536226272583,1.1131062507629397,-1.134057806187868,-2.0237895541399715,-0.6498357811182737,2.121731758117676,-0.4091681540012359,1.580538034439087
1774469959176283400,147.2778681640625,0.8725982423216104,1.1273705835089087,-0.1991279031157493,-0.1859386414289474,-0.0662417709827423,-0.6951839327812195,-0.3183347127765417,-0.2650391759186983,-2.746225292044878,-0.4389855861663818,-2.163474798202514,1.1816414594650269,-1.4909914219498634,-2.056651959300041,-0.2226999173611402,2.1118710041046143,-0.398365318775177,1.6016334295272827
1774469959186310200,147.2878947753906,0.8793810343295335,0.9245375422649084,-0.185275318852067,-0.1742107570171356,-0.0829087793827056,-0.6571475863456726,-0.2165823112636804,-0.3474894955903291,-2.661164497613907,-0.426228791475296,-2.1718664169311523,1.2167714834213257,-1.6503765127420424,-2.287419447782636,0.1739700809836387,2.074580430984497,-0.3823543190956116,1.6266627311706543
1774469959196336200,147.2979208984375,0.9031661068037152,0.8241268376845866,-0.1404734695732593,-0.1625959128141403,-0.0872108489274978,-0.6199551820755005,-0.2232768404662609,-0.3906242884397506,-2.623926361587644,-0.4075874388217926,-2.157230854034424,1.2148343324661257,-1.8447545909821983,-2.595787477818132,0.5065162744641304,2.113938808441162,-0.374995470046997,1.6008682250976562
1774469959206363200,147.30794775390626,0.932827377834916,0.8121684696696698,-0.0930617300570011,-0.1514645963907241,-0.093690350651741,-0.5872435569763184,-0.3126908616706729,-0.4467494957655668,-2.7028216191262007,-0.3879490494728088,-2.1313719749450684,1.1889837980270386,-1.8976666814804075,-2.582929165288806,1.0611281790554523,2.1667275428771973,-0.4428337216377258,1.6041275262832642
1774469959216389400,147.31797412109376,0.9706278239190578,0.8763181396275759,-0.0488946715503931,-0.146466389298439,-0.1007503867149353,-0.5553396940231323,-0.4529717312812805,-0.4956038353055715,-2.763748673775792,-0.3761049211025238,-2.12403416633606,1.1504660844802856,-2.361902003445476,-2.184142028659582,1.3439210383296012,2.245441198348999,-0.5544260740280151,1.6295570135116575
1774469959226415400,147.328,0.9733563721001148,0.9773252026658504,-0.0214355867385864,-0.1465247571468353,-0.1081200689077377,-0.5194916725158691,-0.6193365979582071,-0.538845011138916,-2.7831846111297605,-0.3730124831199646,-2.1230945587158203,1.1110435724258425,-2.4088604462362824,-1.833819939991832,1.627900477039814,2.3342719078063965,-0.656520426273346,1.635483980178833
1774469959236442400,147.33802709960938,0.9377946448534726,1.063942213562876,-0.0512666613787412,-0.148503229022026,-0.1132021844387054,-0.4818606674671173,-0.7581535324960946,-0.5751479121416807,-2.7213790200799703,-0.3807246387004852,-2.1378378868103027,1.0620369911193848,-2.2319313693165777,-1.853656274840236,1.7982430151760578,2.372198343276977,-0.7463283538818359,1.6317192316055298
1774469959246468400,147.34805297851562,0.9233443869575858,1.1332803920745849,-0.1247135903835296,-0.1545541286468505,-0.1124293953180313,-0.4474643468856811,-0.8539192608147859,-0.5542623605012893,-2.654298703497648,-0.3837878108024597,-2.160354852676392,1.0083404779434204,-2.3030196063660084,-2.063440596526861,1.6706325343072412,2.3841700553894043,-0.8148376941680908,1.626662254333496
1774469959256495200,147.35807983398436,0.8987561814069748,1.153816545755416,-0.1980085436969995,-0.1524270623922348,-0.1066727042198181,-0.4186816811561584,-1.021493503281474,-0.5343085367530584,-2.654331144462525,-0.370735615491867,-2.187041997909546,0.9514358639717102,-2.463178750270605,-2.16378079315424,1.6336790604412554,2.391785860061645,-0.8278104662895203,1.624401330947876
1774469959266521200,147.36810571289064,0.8958572450950741,1.1338005434911698,-0.2501449736475944,-0.1582479476928711,-0.1084724888205528,-0.3884694874286651,-1.2073837391614912,-0.4917372230052947,-2.757389660137892,-0.3410501480102539,-2.20965576171875,0.8890414834022522,-2.624132697814703,-2.082301948863268,1.6796499534994362,2.38161039352417,-0.7770906090736389,1.618720531463623
1774469959276547200,147.3781318359375,0.8788882823765277,1.084073805030808,-0.2687690100967884,-0.1614053845405578,-0.1101060733199119,-0.3549432158470154,-1.3684844016999005,-0.429568643862009,-2.932593959091604,-0.3106666803359985,-2.210580825805664,0.819195032119751,-2.803764457821846,-1.970297033405304,1.6860703419357537,2.345794200897217,-0.6838363409042358,1.5936570167541504
1774469959286574400,147.38815893554687,0.8827566482424736,1.0231003539562225,-0.2661649650782346,-0.1647794842720031,-0.1071889996528625,-0.3288983404636383,-1.5090437959909435,-0.2986684737980365,-3.14611600600183,-0.3005679845809936,-2.193662166595459,0.7472686767578125,-2.87738732791543,-2.0852847640663383,1.7092141938969492,2.3082399368286133,-0.5834276676177979,1.5770639181137085
1774469959296600400,147.39818505859375,0.8257844686985015,0.978989336485788,-0.2671691736847162,-0.165984570980072,-0.1103395223617553,-0.3056931495666504,-1.6364993785589932,-0.0918792422741651,-3.3354321246773004,-0.3070395886898041,-2.15371322631836,0.6775472164154053,-2.946715715685486,-2.103870222070813,1.9198621466755863,2.263092041015625,-0.5044055581092834,1.5722191333770752
1774469959306627400,147.4082119140625,0.7815586657419801,0.9344701766058802,-0.2323316690593957,-0.1665245145559311,-0.1164414435625076,-0.2885822653770447,-1.766837823086977,0.1083785416543483,-3.494982635164261,-0.3238025903701782,-2.0777883529663086,0.6207475662231445,-3.0134537947013973,-1.6758610826104878,2.149339595347642,2.242217540740967,-0.4570305943489074,1.5282772779464722
1774469959316653400,147.41823803710938,0.7571174674466252,0.887076118876785,-0.1789788490563631,-0.1695645153522491,-0.1281431019306183,-0.283625066280365,-1.9327514388650653,0.3056190235882997,-3.650364920055866,-0.3352993130683899,-1.970875263214112,0.5729873180389404,-2.95527925363034,-1.237925592419505,2.34619663092196,2.233416795730591,-0.4419837296009063,1.448590636253357
1774469959326679400,147.42826391601562,0.7581900651142001,0.8159040029361844,-0.1227776538848876,-0.1723286360502243,-0.1325832456350326,-0.2750831544399261,-2.0984142947524784,0.5193114586293697,-3.767899412590265,-0.3313258588314056,-1.845605731010437,0.5404280424118042,-3.004199351882934,-1.0197884529292582,2.5434941037401555,2.20667576789856,-0.4361929595470428,1.3627331256866455
1774469959336706400,147.438291015625,0.7052522556528449,0.7534709276378154,-0.0566600448548793,-0.1748322695493698,-0.1333342492580413,-0.269487053155899,-2.224251920729876,0.6699234603792429,-3.9083331346750256,-0.3081830739974975,-1.712010622024536,0.513650119304657,-3.246662538856268,-0.9169757287085056,2.830285385000705,2.1562867164611816,-0.4308266639709472,1.2809783220291138
1774469959346732400,147.44831689453125,0.6110659054800868,0.6741542298167944,-0.014899462968111,-0.1797840893268585,-0.139577254652977,-0.2731778621673584,-2.3209692506849766,0.7537550052762031,-4.05341292899996,-0.2813328206539154,-1.5652445554733276,0.4951506853103637,-3.4376910144075747,-0.8228279569804668,3.106057844118774,2.12469482421875,-0.44428551197052,1.2044274806976318
1774469959356759400,147.45834399414062,0.6198363641738891,0.6081388755848631,-0.0106336222171783,-0.1913949400186538,-0.1433544158935547,-0.2719109952449798,-2.4002783497214315,0.7738479452341794,-4.16787838935256,-0.257037490606308,-1.401469111442566,0.4717483222484588,-3.510658343201876,-0.5601625244557857,3.3772862300664186,2.100398540496826,-0.4651092886924743,1.141216516494751
1774469959366785400,147.46836987304687,0.6737699066743255,0.5814702470310033,-0.031128713235259,-0.2025918662548065,-0.1363970041275024,-0.2730535268783569,-2.5295634858042,0.7511211496412754,-4.196950754579902,-0.2335944920778274,-1.232211947441101,0.4447212517261505,-3.4914065302431583,-0.1917693570464849,3.536540972477197,2.067722082138061,-0.4697698950767517,1.074292778968811
1774469959376811400,147.47839599609375,0.561232491774857,0.5702402663558721,-0.1142915650904178,-0.2108604460954666,-0.119656391441822,-0.2840113639831543,-2.624014624392986,0.6880787102729081,-4.209704437690973,-0.2101125717163086,-1.0723963975906372,0.4045500755310058,-3.422748296819627,0.1399473998725414,3.576132393631339,2.0309081077575684,-0.4502481520175934,0.9961026310920716
1774469959386838400,147.48842309570313,0.2409317396223545,0.5193494525521993,-0.2632394330203533,-0.2079206854104995,-0.1005008220672607,-0.3089594841003418,-2.6833336593240498,0.6099608668476343,-4.197001023462414,-0.1909918785095214,-0.9331091046333312,0.347039133310318,-3.377759108275175,0.4562088135063648,3.6016163789778948,1.976752758026123,-0.4105245172977447,0.9191864728927612
1774469959396864600,147.49844921875,-0.1371051621839404,0.373519716642797,-0.4651823935568332,-0.2018233835697174,-0.0836957544088363,-0.3514994382858276,-2.7267776642531154,0.5293792636573315,-4.172611847615242,-0.1770187467336654,-0.8124707937240601,0.2797466218471527,-3.3977512182071803,0.7160825694859028,3.635902094939351,1.9230579137802124,-0.3549113273620605,0.8531216979026794
1774469959406891400,147.50847607421875,-0.3383122096613049,0.1149690624931827,-0.7113520338326692,-0.186291366815567,-0.0708795189857482,-0.4222575724124908,-2.7774159646004435,0.4492939195513725,-4.132310232365131,-0.1724130809307098,-0.7028223276138306,0.2052633166313171,-3.4390812997221945,0.986754198333621,3.732684891346097,1.8629138469696045,-0.3027801215648651,0.7907809615135193
1774469959416917400,147.518501953125,-0.4439730167895555,-0.2184818978073075,-0.9370289211779832,-0.1690338104963302,-0.0661108642816543,-0.5023097991943359,-2.8113813625663515,0.4091138848543167,-4.088003180865943,-0.1695781648159027,-0.6010493040084839,0.1267317980527877,-3.486279396487772,1.1395347762942314,3.937278074130416,1.793536901473999,-0.2794185876846313,0.7490872740745544
1774469959426944400,147.52852905273437,-0.4755068036943674,-0.5783463063241914,-1.1032862358272075,-0.1532211750745773,-0.0532791353762149,-0.5799524188041687,-2.82781578001678,0.3776940797179937,-4.030070631857216,-0.1704892218112945,-0.4905158579349518,0.0479203350841999,-3.539395777386426,1.3590309291779994,4.199332681280374,1.7163417339324951,-0.2696360945701599,0.7168838977813721
1774469959436970400,147.53855493164062,-0.443214891898632,-0.9089435211613772,-1.1315507918030023,-0.1325478553771972,-0.0414807982742786,-0.6467495560646057,-2.8499761738985776,0.3168412593483924,-3.9377635195598,-0.165724828839302,-0.3610757887363434,-0.0415440611541271,-3.5627103097394106,1.6874340315043923,4.454332109221816,1.6413639783859253,-0.2777858972549438,0.6853989362716675
1774469959446996400,147.54858081054687,-0.3115650725111365,-1.075426680455729,-0.9585802432507275,-0.118353821337223,-0.0337128601968288,-0.705669105052948,-2.8149726650565863,0.1770616172581911,-3.887964884907007,-0.1545009315013885,-0.2126897871494293,-0.1447535306215286,-3.578038811774552,1.940375357872248,4.616331766426563,1.5585968494415283,-0.2890171706676483,0.658045768737793
1774469959457023400,147.55860791015624,-0.0282075650915503,-0.9771681854732334,-0.6362941624999046,-0.1060460209846496,-0.0229752603918313,-0.7325848937034607,-2.7378298041433093,-0.0501151532560586,-3.9435342119157313,-0.1407126933336258,-0.0537707097828388,-0.2691303491592407,-3.5730808971062302,2.183992975577712,4.705367894229292,1.4742313623428345,-0.2988511621952057,0.6364222168922424
1774469959467049400,147.56863403320312,0.2133884836584329,-0.6340034212142228,-0.2495394089698791,-0.1060523688793182,-0.0179572142660617,-0.728041410446167,-2.707675488898158,-0.3325017698168754,-4.176716360324621,-0.1302651017904281,0.1049156039953231,-0.4172835946083069,-3.502003912103176,2.4360078347504137,4.788111059367656,1.3883445262908936,-0.3086302876472473,0.608356237411499
1774469959477076400,147.57866088867186,0.3577493160590529,-0.1059967610843479,0.1584422569841146,-0.1154352203011512,-0.0237360075116157,-0.691956639289856,-2.9056781873762607,-0.6441840389668941,-4.469928322282433,-0.1278949975967407,0.2734562456607818,-0.5783296227455139,-3.470181079123914,2.557286774510145,4.881312782417237,1.2874586582183838,-0.3173558712005615,0.5852208137512207
1774469959487102400,147.58868701171875,0.4808773908168077,0.4782095233144238,0.5447077656924725,-0.1336965709924698,-0.035477228462696,-0.6284553408622742,-3.2517671685189007,-0.8713625630468129,-4.605020391078293,-0.1230216920375824,0.4403991401195526,-0.7371307015419006,-3.5047011883631347,2.656959447139501,4.901511813098192,1.1669142246246338,-0.3249916732311249,0.5708302855491638
1774469959497128400,147.598712890625,0.5141738034799694,1.043364558827877,0.8430296180099248,-0.1556982696056366,-0.0531017631292343,-0.550305962562561,-3.530452592474222,-0.9384680140703916,-4.490480404184758,-0.1168466135859489,0.599416196346283,-0.8830956816673279,-3.5498400145113465,2.735446123877168,4.808098785385489,1.0365530252456665,-0.3024983406066894,0.5429549813270569
1774469959507155600,147.608740234375,0.4540630336493253,1.5230018864557149,1.051430376383662,-0.1811557412147522,-0.0848235934972763,-0.46859872341156,-3.757138364601135,-0.965293477153778,-4.294299952697753,-0.1204565316438674,0.751918375492096,-1.0212253332138062,-3.485568033348024,2.762407780560851,4.744234508240223,0.8944270014762878,-0.2381084412336349,0.4949892163276672
1774469959517181500,147.61876611328125,0.3770394152015447,1.826882834205032,1.1257581798762082,-0.2044874280691146,-0.1182012557983398,-0.3971024453639984,-4.017901178374887,-1.035305755534768,-4.221569647529721,-0.1405097693204879,0.907273530960083,-1.1632603406906128,-3.370879285633564,2.728251828458905,4.765654312887787,0.7487414479255676,-0.1628331393003463,0.4402133226394653
1774469959527208400,147.62879296875,0.3593526596024632,1.9105057047873728,1.106423949331045,-0.2239352464675903,-0.1424682587385177,-0.3311725258827209,-4.330557260993123,-1.180472351360321,-4.4135377420187,-0.1642135083675384,1.0681986808776855,-1.3322405815124512,-3.3845725876823067,2.700724354586005,5.000437466752529,0.6208760142326355,-0.1095602437853813,0.3824622929096222
1774469959537234400,147.63881884765624,0.3214984375044703,1.7538086840353906,1.009600820913911,-0.2415046542882919,-0.1438720077276229,-0.2770006358623504,-4.687806518575549,-1.47523797250092,-4.966120771130919,-0.1672365516424179,1.234004020690918,-1.5251243114471436,-3.395083168041706,2.7474188857436177,5.384509264808893,0.5225496888160706,-0.044391356408596,0.3194356858730316
1774469959547260300,147.64884497070312,0.194506965316832,1.3900713796079158,0.8111912952005863,-0.2325664460659027,-0.1370478868484497,-0.2386645674705505,-5.060795781603456,-1.963949125683308,-5.636754425606132,-0.1259301155805587,1.4209115505218506,-1.7269432544708252,-3.348808908122778,2.942593082797527,5.730589478123187,0.3852460384368896,0.0389224514365196,0.2595515549182892
1774469959557287400,147.65887182617186,0.0294780234187841,0.934332229439914,0.5656570302188396,-0.2030985802412033,-0.133713349699974,-0.2189262807369232,-5.3185827944368125,-2.6390871058404444,-6.344179641383886,-0.0560895167291164,1.664076805114746,-1.9415507316589355,-3.2198622102141377,3.0682991913497446,5.803974447807669,0.2283725440502166,0.1539518386125564,0.1854983568191528
1774469959567313300,147.66889794921877,-0.0753790661111474,0.5185009824967012,0.3501274428784847,-0.1698648333549499,-0.1159235164523124,-0.2113077193498611,-5.510758978718519,-3.576192014864087,-7.274952424776553,0.0391584374010562,1.984303593635559,-2.1578001976013184,-3.205373958395421,3.083229633978009,5.884986259108781,0.0619700476527214,0.3068022727966308,0.1107938662171363
1774469959577340400,147.67892504882812,-0.2323153024464845,0.161112718302384,0.095232644355297,-0.1336809992790222,-0.0883225202560424,-0.2075369507074356,-5.859040501469373,-4.671825690111517,-8.293671787169576,0.1580858528614044,2.428788185119629,-2.333085775375366,-3.3486198152914644,3.0667344262510534,6.057548811382055,-0.1133647561073303,0.474979817867279,0.0280028525739908
1774469959587366400,147.688951171875,-0.4523556452095508,-0.1191127016365528,-0.2232213108867406,-0.090580441057682,-0.0583210550248622,-0.2079344540834427,-6.399230497476458,-5.587533590841293,-8.965130786553024,0.3388015627861023,2.928209066390991,-2.450242280960083,-3.3407284775197503,3.201668966397643,6.384554906392097,-0.2749125361442566,0.6196585893630981,-0.088935799896717
1774469959597392400,147.69897705078125,-0.6399322267413139,-0.2915876852242275,-0.5493114600956439,-0.04719914868474,-0.0257287621498107,-0.2145737111568451,-7.247361822539568,-6.020466742700338,-9.058439769369365,0.6078569293022156,3.418921947479248,-2.547476530075073,-3.220590816749632,3.3069121326357123,6.91788436897993,-0.4493027031421661,0.7227839231491089,-0.2355595976114273
1774469959607419200,147.70900390625,-0.8103089594081043,-0.3309992197668179,-0.7730658549457788,-0.0146818179637193,-0.0052281278185546,-0.2306112498044967,-7.500153511303663,-5.591985894075036,-8.99937850859165,0.9255028367042542,3.943075895309448,-2.6437742710113525,-3.219953687889874,3.2715438821345564,7.465105578798055,-0.6425578594207764,0.81427001953125,-0.3837017714977264
1774469959617445200,147.71902978515624,-0.958415408077836,-0.3017806510018184,-0.8350748596131801,-0.01733885332942,0.0134779149666428,-0.250334084033966,-7.301690794098377,-4.602269923326372,-9.1467896684736,1.2366999387741089,4.593627452850342,-2.6395139694213867,-3.1941818255126475,3.160461342218518,8.005526460951566,-0.8419663310050964,0.9152514934539796,-0.5358497500419617
1774469959627472400,147.72905712890625,-0.9736123926877976,-0.2467211732113733,-0.7795423574835062,-0.0581015087664127,0.0334328263998031,-0.2710334658622741,-7.193522095802426,-3.958969681456685,-9.726085347944498,1.4919661283493042,5.429353713989258,-2.563598871231079,-3.0610385526970028,3.1344027718544005,8.530299107596278,-1.021594524383545,1.0589733123779297,-0.6731468439102173
1774469959637498400,147.7390830078125,-0.8862301695719361,-0.1840292643137276,-0.6278764627665281,-0.1289266794919967,0.0714920610189437,-0.2879948616027832,-6.729250971871614,-3.572545767316222,-11.091768136227133,1.721480369567871,6.422499179840088,-2.527506351470948,-3.2333883390024303,3.33931218098104,9.045194503349066,-1.2338910102844238,1.2579039335250854,-0.7848795056343079
1774469959647525400,147.74911010742187,-0.7959802820652723,-0.1662536248547956,-0.4218342502176761,-0.2174719721078872,0.1230751872062683,-0.2943705916404724,-6.313699162924289,-3.212589004340768,-12.964001101243497,1.9216909408569336,7.525196075439453,-2.4894394874572754,-3.5733950776219365,3.567534076634049,9.654804657062888,-1.491176962852478,1.5041803121566772,-0.9260570406913756
1774469959657551400,147.75913598632812,-0.7804650252863764,-0.2011106378981843,-0.2086684693992137,-0.3123742341995239,0.1768180429935455,-0.282258003950119,-5.728891442033648,-2.9545301888287065,-14.40670633893013,2.0054526329040527,8.658602714538574,-2.432794570922852,-3.74206003793478,3.5830110472291707,10.56361753758192,-1.7316536903381348,1.73695170879364,-1.07981538772583
1774469959667577400,147.769162109375,-0.8061585617303848,-0.2834728408949449,-0.0537538020193576,-0.3820816874504089,0.2263672053813934,-0.2634049952030182,-4.7153301930561655,-2.9934377193719146,-15.331997476041316,1.942853212356568,9.691413879394531,-2.392176628112793,-4.112272821986675,3.4519220765948293,11.93920797189474,-1.945728778839112,2.0030112266540527,-1.2754613161087036
1774469959677604200,147.77918872070313,-0.803586373154819,-0.3091207846315577,0.065336687785387,-0.4273189604282379,0.2735152840614319,-0.239563301205635,-3.543619532561302,-3.627467444071173,-16.47249671345353,1.791774034500122,10.514348983764648,-2.452284336090088,-4.6544300264135,3.1569641477525234,13.684862721699476,-2.2195677757263184,2.299230098724365,-1.5096110105514526
1774469959687630400,147.78921508789062,-0.7858870503351092,-0.3156382037015631,0.183751470285654,-0.4595089554786682,0.3133385777473449,-0.2063188850879669,-1.951020816657692,-4.444719062224031,-17.600738526839017,1.5992746353149414,11.0948486328125,-2.680532932281494,-5.409328064244986,2.610888600838184,15.602054772382974,-2.5223467350006104,2.500359296798706,-1.623485803604126
1774469959697657400,147.79924194335936,-0.7242138534933328,-0.3507571921493858,0.2528863813102245,-0.4750559329986572,0.3472068011760711,-0.1901281923055648,0.1227776538848876,-5.2038025690466165,-18.55499973784685,1.3402050733566284,11.457818984985352,-3.074215650558472,-5.811408981722593,2.5580039828687906,17.65896158322692,-2.992920398712158,2.639824390411377,-1.7468870878219604
1774469959707683400,147.80926806640625,-0.6772261846080422,-0.3800656311549246,0.2907330046236515,-0.4787771105766296,0.3795094490051269,-0.1858970820903778,2.1388702237814665,-6.429062741160393,-19.667602083551884,0.9662079811096193,11.641521453857422,-3.544136047363281,-5.489810883235931,2.506060445141792,19.63327428201437,-3.529221773147583,2.6958916187286377,-1.9742419719696045
1774469959717709400,147.8192939453125,-0.6816337719172239,-0.4002273255001753,0.2975228108942508,-0.4706150591373443,0.4292975068092346,-0.2035993784666061,4.355965258494019,-8.236832878616452,-20.448095458149908,0.4792558848857879,11.658267974853516,-4.066542625427246,-6.266730491000414,2.007439892363548,21.68037749172449,-4.14316463470459,2.750706434249878,-2.2420201301574707
1774469959727736400,147.82932104492187,-0.6450827413722873,-0.490665721316263,0.2190495781600475,-0.4545998573303222,0.4753065407276153,-0.2379315346479416,7.327844641530513,-10.212234541684388,-20.72960587639809,-0.0184609647840261,11.348011016845703,-4.589678287506104,-7.82981684282422,1.4654899009466171,23.478885879838465,-4.911589622497559,2.9029321670532227,-2.4328291416168213
1774469959737762400,147.83934692382812,-0.5226081620872021,-0.622279300346598,0.1265641866862774,-0.4483470320701599,0.5339019298553467,-0.2818252146244049,9.883423443078994,-12.697570178705451,-21.55077729834318,-0.421366810798645,11.117180824279783,-5.084393501281738,-7.911735247576236,1.2856477130591868,24.976073233819008,-5.778481483459473,3.09384822845459,-2.5984890460968018
1774469959747789400,147.8493740234375,-0.3267132495433092,-0.8183972079914063,0.0328466230690479,-0.4539356529712677,0.584648609161377,-0.3230014741420746,10.740210952806471,-13.933360512661933,-20.762280650031567,-0.5829610824584961,10.920571327209473,-5.675061225891113,-7.94518509723544,0.6412269427269697,26.2276585182786,-6.6117706298828125,3.298144817352295,-2.7191498279571533
1774469959757815400,147.85939990234374,-0.1090405126944184,-1.124439133166894,-0.1272001465022564,-0.4686712026596069,0.6143074631690979,-0.3734590411186218,10.9144990136981,-12.993987074184416,-18.57110799208284,-0.4593538045883178,10.222328186035156,-6.277810573577881,-9.00799786837697,-0.2430968087017536,26.97130597103834,-7.536623001098633,3.6850390434265137,-2.8276023864746094
1774469959767841400,147.86942602539062,-0.0137926707699894,-1.5114631320923566,-0.1828495530098676,-0.5035841464996338,0.6448784470558167,-0.425712913274765,12.181915489017962,-12.062974636816978,-17.629513370424508,-0.1437668204307556,9.218235969543455,-6.8949151039123535,-9.646606737560033,-2.280432657635212,27.177904063904283,-8.503902435302734,4.154839515686035,-2.7566163539886475
1774469959777868400,147.87945288085936,-0.0055953357890248,-1.924863315963745,-0.2237023724019527,-0.5418774485588074,0.6744126677513123,-0.5013123154640198,13.141824350523947,-11.802939552795886,-16.692188096648454,0.1928338557481765,8.678130149841309,-7.0330491065979,-11.235228512656688,-4.942029701447487,27.750459621465204,-9.381059646606444,4.519652366638184,-2.4383704662323
1774469959787894400,147.88947900390625,-0.0341150355696678,-2.2997363469116388,-0.2862900537401437,-0.5763759016990662,0.6948532462120056,-0.602138876914978,10.604620579099654,-13.169914134454729,-14.217712876337766,0.4409653544425964,8.664948463439941,-6.669119358062744,-12.66534782501459,-7.629069814074039,29.00892355952263,-10.063199043273926,4.509957313537598,-2.014732599258423
1774469959797921400,147.89950610351562,-0.0291819630816578,-2.5512264515578744,-0.2990022357970476,-0.5936025381088257,0.6838178634643555,-0.7130976319313049,9.65920084619522,-14.693321971362828,-11.084629954910278,0.5305176973342896,8.306458473205566,-6.095871448516846,-13.009644077521562,-10.50459017907381,30.35814036617279,-10.478405952453612,4.278869152069092,-1.6381171941757202
1774469959807947400,147.90953198242187,0.0903816971927881,-2.607738612374664,-0.2430786885231733,-0.6112521886825562,0.6754523515701294,-0.8302972912788391,8.550034904679656,-14.71023102058768,-10.20835097824931,0.3772804141044616,8.085491180419922,-5.372833728790283,-13.762539835619926,-14.048770852649213,30.953090126371382,-10.64759349822998,3.819338083267212,-1.219585418701172
1774469959817974400,147.91955908203124,0.2740007732704281,-2.4739982504487035,-0.095896661221981,-0.6294234991073608,0.6641810536384583,-0.9236781001091005,9.548862402644753,-13.716043457382916,-10.710496198022366,0.0893396511673927,8.024792671203613,-4.549883842468262,-13.17764852809906,-18.54141778721809,30.33641953275204,-10.738332748413086,3.56124234199524,-0.9165530800819396
1774469959828000400,147.9295849609375,0.4687245962083339,-2.17860835992992,-0.0104003979831933,-0.6589288711547852,0.6671327352523804,-0.9957931637763976,11.96996083755493,-11.29171904616356,-11.827226437312364,-0.0706947594881057,7.731587409973144,-3.8333756923675537,-12.676363724547624,-23.98343816075325,29.311857874071595,-10.301139831542969,3.5144283771514893,-0.5579549074172974
1774469959838026400,147.93961083984374,0.6307476342886686,-1.7781904072284698,-0.037956513428688,-0.6960511803627014,0.6841753721237183,-1.036561131477356,14.165098892003297,-7.733756515473127,-12.797464969652893,-0.0112530477344989,7.215679168701172,-3.3089311122894287,-15.012411301898956,-28.770188453161715,27.80416081651449,-9.589518547058104,3.4369564056396484,0.0841752961277961
1774469959848053400,147.9496379394531,0.7041165296211839,-1.4024877935886382,-0.1416740775346756,-0.7223777174949646,0.7092574238777161,-1.0460875034332275,15.13834771207571,-4.940072137638926,-13.619128559029102,0.1075273975729942,6.654551982879639,-2.999507427215576,-14.86814545430541,-31.36936557341814,24.106419228255746,-8.967461585998535,3.695897340774536,0.7333047389984131
1774469959858079400,147.9596638183594,0.7008759402647614,-1.095028256700188,-0.3975964655399322,-0.737143337726593,0.724941074848175,-1.0203138589859009,14.889074845087528,-3.751353351458907,-14.2837837236166,0.0800672098994255,6.259679317474365,-2.7545182704925537,-12.100744103240968,-31.218145084381103,20.10631148072481,-8.176972389221191,4.2380218505859375,1.639711618423462
1774469959868106400,147.96969091796876,0.5821534069895744,-0.8566078423116356,-0.6280003814071417,-0.7429701089859009,0.7082695960998535,-0.9906339645385742,13.521818523877858,-3.814467102497816,-13.68459150354266,-0.0729242041707038,5.9386796951293945,-2.4425861835479736,-9.190932177060844,-31.863305274903773,17.65804154577255,-7.484537124633789,4.430604457855225,2.253905773162842
1774469959878132400,147.97971704101562,0.5455874711364508,-0.746282185177505,-0.8080038973361253,-0.7453648447990417,0.7036654949188232,-0.960768461227417,12.341442034107446,-4.17916258443296,-11.722946563148495,-0.2180430740118026,5.520579814910889,-2.032154083251953,-6.605569062623381,-36.230331441116334,15.589271278655527,-6.862106323242188,4.037246227264404,2.6008200645446777
1774469959888158400,147.98974291992187,0.627363837069273,-0.6900656463064253,-0.9204390209048986,-0.744292140007019,0.7032748460769653,-0.9423537254333496,11.417215895879268,-4.138811284822225,-8.973373129719496,-0.2583028972148895,4.94197416305542,-1.5374683141708374,-5.336933274641633,-38.39411691044569,14.871874703961607,-5.958923816680908,3.564497232437134,2.4508132934570312
1774469959898185400,147.99977001953124,0.8207523197501897,-0.6897634484894574,-0.8702052097052335,-0.7461981773376465,0.7176564335823059,-0.9231882691383362,10.768901625239849,-3.719899936313927,-6.431252360159158,-0.1438464224338531,4.411891460418701,-1.088641881942749,-2.678448809891939,-37.2367892878294,14.031101924967764,-5.021271705627441,2.8340554237365723,1.7500795125961304
1774469959908211400,148.0097958984375,0.9222127525791526,-0.7492863354295491,-0.7172960369288921,-0.7457122802734375,0.7343849539756775,-0.90504789352417,10.733932018667458,-3.5771792723357674,-4.856220426736772,0.114190973341465,4.0208353996276855,-0.7804029583930969,-1.4233330132186413,-39.54819926753044,10.167281301236152,-4.349821090698242,0.9506807923316956,1.0308583974838257
1774469959918238600,148.0198232421875,0.9111737644314766,-0.8231032667905092,-0.5132657487243414,-0.737314760684967,0.740330159664154,-0.8927411437034607,10.211833559668063,-3.747216105523705,-4.150676494660973,0.3974653482437134,3.713069200515747,-0.588961660861969,-0.03187280960083,-41.24984068808556,3.102993488112092,-3.9608564376831055,-1.4168883562088013,0.4099034368991852
1774469959928264600,148.02984912109375,0.9365919910654426,-0.9110152128688992,-0.2113110928624868,-0.727324366569519,0.7412222623825073,-0.8874981999397278,9.288804522269963,-3.7745430883884414,-3.961614643007517,0.5811960101127625,3.354454755783081,-0.4519199430942535,1.6600626249760388,-40.097397330379486,-4.208282880455255,-3.555588722229004,-2.6810414791107178,0.1354932636022567
1774469959938290500,148.03987524414063,0.8795335945427417,-0.9747983876019716,0.036401100680232,-0.7279123663902283,0.7315019965171814,-0.8935537338256836,8.3312635589391,-3.291023366369307,-3.670553137081861,0.6664204001426697,2.844557762145996,-0.3191986083984375,0.8030763778060674,-36.17271394940615,-8.774259839650988,-2.9907937049865723,-2.5714190006256104,0.0680106282234191
1774469959948318400,148.04990283203125,0.8553969321519136,-1.0412769388988614,0.1827951924741268,-0.7423101663589478,0.7240966558456421,-0.913850724697113,7.336482121494412,-2.549365918383002,-2.896238743379712,0.7175999283790588,2.2621004581451416,-0.2138918936252594,-0.4486889393955469,-31.98898683353662,-12.147218269646167,-2.5092060565948486,-1.8188625574111936,0.1009063497185707
1774469959958344400,148.05992895507814,0.833762023448944,-1.114870582897961,0.2763742244035005,-0.7535297870635986,0.72775799036026,-0.946719229221344,6.872022781515121,-1.9304519297510383,-2.1864298473358152,0.7661715745925903,1.7634482383728027,-0.1859608143568039,-1.1900456508696078,-28.882517193746565,-15.910231079238653,-2.2700061798095703,-0.8530943989753723,0.2426160722970962
1774469959968371400,148.06995581054687,0.8276146067351102,-1.143387944591045,0.2997913403481245,-0.7630486488342285,0.7227687239646912,-0.9787800312042236,6.826908797547221,-1.6502081704378126,-1.870082508984208,0.8191037774085999,1.3792872428894043,-0.2387774288654327,-2.3654811771065,-25.957784761810306,-18.85409023644924,-2.2125487327575684,-0.1545852422714233,0.3994556665420532
1774469959978397400,148.07998193359376,0.8393111820086836,-1.1888793835692106,0.2987339402496815,-0.762640118598938,0.7002934813499451,-1.004744529724121,6.388906087338924,-1.6320213563621042,-1.506643164590001,0.8950325846672058,1.017358422279358,-0.2835131287574768,-2.893174679633975,-23.20723985300064,-19.753162059676647,-2.180166721343994,0.1477104276418686,0.4371841549873352
1774469959988424000,148.0900085449219,0.914462869104743,-1.258984600930661,0.3258066560924053,-0.7550070285797119,0.6793467402458191,-1.0276426076889038,5.53153288667798,-1.5711682437315582,-1.043344100561738,0.9759005308151244,0.6938728094100952,-0.2917985022068023,-2.4670345489159224,-21.343414650845528,-18.634034111595152,-2.0236518383026123,0.1383151561021804,0.2965784668922424
1774469959998450000,148.10003466796874,0.9612848260343074,-1.3492689752288165,0.3884972132831811,-0.7461477518081665,0.6625747084617615,-1.048558235168457,4.670573644223809,-1.5130305275395513,-0.8400877193391323,1.0185916423797607,0.4580537974834442,-0.2627666294574737,-1.5326695862501858,-19.698460163152216,-16.605406469774245,-1.7947020530700684,-0.0544010251760482,0.070208191871643
1774469960008476300,148.11006079101563,1.0299798843368888,-1.4387895255476235,0.441541990250349,-0.7240340709686279,0.6412667036056519,-1.067720651626587,4.138901885715127,-1.6851292616933584,-1.1660942819178104,0.9755035042762756,0.2625615298748016,-0.2126302272081375,-1.057107837498188,-17.78613367267847,-15.002166971260309,-1.5745199918746948,-0.2668745815753937,-0.2006538957357406
1774469960018503300,148.120087890625,1.0683747891828417,-1.5718284612059592,0.5145768313229083,-0.6947891116142273,0.6205829977989197,-1.082129955291748,3.81084189773798,-1.950759096981585,-1.4689683907121418,0.9259382486343384,0.079813502728939,-0.1394259184598922,-0.6936638169288635,-15.63415671456456,-14.173290381765364,-1.3421095609664917,-0.3407378792762756,-0.4724563956260681
1774469960028529300,148.13011376953125,1.118857898968458,-1.6744366027653217,0.5728150852799415,-0.6559512615203857,0.5979111194610596,-1.115115523338318,3.722176941335201,-2.0067422654882074,-1.5503502043694255,0.8942716717720032,-0.0684798285365104,-0.072479635477066,-0.2912070518761873,-13.19834644821286,-13.98821672296524,-1.0652610063552856,-0.3208165466785431,-0.6864616870880127
1774469960038556300,148.14014086914062,1.220189444720745,-1.7121362188234923,0.6388888551682234,-0.6065749526023865,0.5751107335090637,-1.1359041929244995,3.821469674736261,-1.812934096090496,-1.815214608243108,0.8654946088790894,-0.1755705922842025,-0.0054574580863118,-0.0470990203052759,-10.682137534022331,-14.379175357925892,-0.7766092419624329,-0.1430012881755828,-0.8217952847480774
1774469960048582200,148.15016674804687,1.327360364151001,-1.7030355052620172,0.7096902381002903,-0.5521605014801025,0.5537546277046204,-1.1462913751602173,3.881510594201088,-1.52097768715173,-1.8574965836554764,0.8282811641693115,-0.258985310792923,0.0706801861524581,-0.0021697452545166,-8.492386433309315,-14.76118379371166,-0.537554919719696,0.2275215685367584,-0.8813867568969727
1774469960058608200,148.16019287109376,1.3026771737933158,-1.655917341864854,0.8035708833247422,-0.4854658842086792,0.5153481364250183,-1.1457430124282837,3.9491315935313698,-1.3692764288604258,-1.824771541139484,0.7665655612945557,-0.2925251126289367,0.1510403156280517,0.1809796674847602,-6.74469988541603,-14.63770471355915,-0.3768872022628784,0.6920711398124695,-0.8906524181365967
1774469960068635200,148.1702197265625,1.2853086903631687,-1.6017089279457926,0.8911310933560133,-0.4207189083099365,0.4804557263851166,-1.123724341392517,3.800881060215832,-1.3270797936439511,-1.6605828494578598,0.7211089134216309,-0.3107587099075317,0.2597766518592834,0.5957564004063606,-5.335217702895402,-13.825560647678374,-0.2597721517086029,1.126177191734314,-0.8472492098808289
1774469960078661200,148.18024584960938,1.312018418112397,-1.484557589510083,0.9390613037884236,-0.3479885160923004,0.4529335498809814,-1.089094638824463,3.504674008095264,-1.3747791179299351,-1.34224462954998,0.6964998245239258,-0.3201720118522644,0.4091334640979767,0.8683569514900445,-4.087418366715312,-12.244143689393995,-0.1213679462671279,1.4307212829589844,-0.7920032143592834
1774469960088688200,148.19027294921875,1.2872510566025972,-1.3333482063889504,0.9152876294910908,-0.2702651023864746,0.4238132834434509,-1.031651735305786,3.1309903330624103,-1.589641765794158,-1.0834972472518682,0.6493397951126099,-0.285757839679718,0.5646777749061584,1.0733733281224966,-3.204809017989039,-10.227176090228555,0.0653328150510788,1.5129632949829102,-0.7781953811645508
1774469960098714200,148.200298828125,1.2415274163037535,-1.1639153304435312,0.8797042749345302,-0.1920006722211837,0.3953323662281036,-0.9494305849075316,2.7444916001200674,-1.9550456882596008,-1.099630051407218,0.5608786344528198,-0.2193516492843628,0.7030271291732788,1.3437380829781294,-2.9562407921388743,-8.354689442712068,0.284888356924057,1.40334951877594,-0.8204267024993896
1774469960108740200,148.21032470703125,1.2476175498723985,-0.9544039804793892,0.8343103049814701,-0.11586794257164,0.3703861534595489,-0.8498361110687256,2.4943174003779887,-2.1573224107950923,-1.0375754540324211,0.4866408407688141,-0.1887750923633575,0.822558581829071,1.5314754080295565,-3.125931003846228,-6.914562531080842,0.4772042334079742,1.1916621923446655,-0.8879872560501099
1774469960118767400,148.22035205078126,1.285209321641922,-0.7863204733163118,0.8052227421849966,-0.0298784654587507,0.3479996025562286,-0.739599347114563,2.683663329669833,-2.0540403154969216,-0.973186276230216,0.424656480550766,-0.2153126299381256,0.9254107475280762,1.856868222624064,-3.2529274444699285,-6.053047992831468,0.6150835156440735,0.9539772272109984,-0.909256637096405
1774469960128793200,148.23037768554687,1.282059333178401,-0.6798230692334473,0.7865081048429012,0.0608801953494548,0.3212681412696838,-0.6198654770851135,3.124646516993641,-1.8662544751286505,-1.0386579885721203,0.367640346288681,-0.2806729972362518,0.9999542236328124,1.9829928488492965,-3.112398153056204,-5.560132958218455,0.6863703727722168,0.7281637191772461,-0.8821080327033997
1774469960138820200,148.24040478515624,1.280287647330761,-0.5526100632496178,0.8057908974617719,0.1614017486572265,0.274928867816925,-0.4895892143249511,3.5609120281457898,-1.6726310146480798,-1.1967810966044663,0.3487831652164459,-0.3789838850498199,1.070106863975525,2.0955378625333307,-2.914539831484854,-5.145656085026264,0.6770695447921753,0.513805091381073,-0.8391780853271484
1774469960148846200,148.2504306640625,1.3415186533629893,-0.4522326033517718,0.8724345761924982,0.2668239176273346,0.2207158058881759,-0.3572770059108734,3.8081010745972392,-1.5776538063585757,-1.4491472534328698,0.3276349902153015,-0.4559178054332733,1.1376209259033203,2.435593993252516,-2.7701538646429777,-4.723308624589443,0.6257721185684204,0.3636764883995056,-0.806311309337616
1774469960158873200,148.26045776367187,1.405340260410309,-0.3924673590231686,0.9344517641663552,0.3684909045696258,0.1728412210941314,-0.218147873878479,3.9232968950510014,-1.6345008982181548,-1.9314345110476017,0.3004009127616882,-0.5125557780265808,1.2131420373916626,2.9103420875340698,-2.6837837411791083,-4.113801346728206,0.5572662949562073,0.2751798927783966,-0.7645471096038818
1774469960168899200,148.27048388671875,1.3815356064528226,-0.3230893599577248,0.9919535205423832,0.4651020765304565,0.1258749663829803,-0.0850344225764274,3.758708390396833,-1.6852502577245234,-2.0635352890729903,0.2982575893402099,-0.5643782615661621,1.2974542379379272,3.2714602955043315,-2.3901631984204053,-3.525921378785372,0.4848803281784057,0.2561429142951965,-0.7120634317398071
1774469960178925200,148.280509765625,1.3722814558953047,-0.3602151216506958,0.9941595061540603,0.559281587600708,0.0783865451812744,0.0509588345885276,3.601248130187392,-1.6524913129389285,-2.0959902824759484,0.30005544424057,-0.6099845767021179,1.385533094406128,3.32314255194664,-2.079022196540236,-3.0829613384306427,0.3920846283435821,0.3104160130023956,-0.6568611860275269
1774469960188952200,148.29053686523437,1.427298409718275,-0.5485143914338201,0.9629664955109356,0.6442891359329224,0.0444145239889621,0.1867665499448776,3.441742627885937,-1.579440105253458,-2.312740936043858,0.2864424288272857,-0.6681833863258362,1.4933758974075315,3.2965777856260536,-1.9040686574772,-2.8670950664818284,0.2834047675132751,0.3970654010772705,-0.6166590452194214
1774469960198978200,148.30056274414062,1.4492249948441982,-0.7738097321156412,0.933722865369916,0.7213082909584045,0.0130635276436805,0.3327032327651977,3.313211525040865,-1.4102648573309182,-2.513386842507124,0.2816718220710754,-0.7725096940994263,1.6247823238372805,3.397011505755782,-1.823227818828821,-2.815265510523319,0.1804618835449218,0.4721343219280243,-0.5854628086090088
1774469960209005200,148.31058984375,1.2979355322241783,-1.0485386735301463,0.9265905292719602,0.7857061624526978,-0.0200745966285467,0.4894484579563141,3.2923318186193704,-1.2270090616077185,-2.4676927205637096,0.3041206896305084,-0.9356341361999512,1.7712209224700928,3.455177863520384,-1.7073536607220767,-2.8248563456892968,0.095608964562416,0.526508629322052,-0.5531768798828125
1774469960219031100,148.32061572265624,1.0569885950326918,-1.324296008144319,0.8621224410146474,0.837540328502655,-0.0557007677853107,0.6558308005332947,3.4541561192572114,-1.172066342064738,-2.4172388368725777,0.3435885310173034,-1.122696876525879,1.8998090028762813,3.273915287441015,-1.6325415808439254,-2.808883700531721,0.0111263059079647,0.5714614987373352,-0.5246807932853699
1774469960229057100,148.33064184570313,0.8584422911971807,-1.5973950102694332,0.7671428946375847,0.8755998611450195,-0.0798698738217353,0.8398330211639404,3.712209674072265,-1.220771628522873,-2.545439100328088,0.3971803784370422,-1.311646580696106,1.987074375152588,3.1436364641457795,-1.7407948886834084,-2.69594238100648,-0.0855075344443321,0.5937714576721191,-0.4864867031574249
1774469960239084400,148.3406689453125,0.6354641414165496,-1.7962722996249794,0.6235568460017442,0.9175321459770204,-0.1175813004374504,1.0226178169250488,3.851418822798133,-1.294991295465827,-2.6478952661961315,0.4781044721603393,-1.5003728866577148,2.047141790390014,3.049661710897088,-2.0970606881864366,-2.66337866653204,-0.1887716054916381,0.5775221586227417,-0.4605834484100342
1774469960249110400,148.3506950683594,0.6880114902555942,-1.9029115963965653,0.454317300671339,0.9804430603981018,-0.1810936033725738,1.1822453737258911,3.750520407766104,-1.3713526506125926,-2.691854234910011,0.5892248749732971,-1.6838334798812866,2.0951976776123047,2.783168829038739,-2.6104996015205977,-2.788819986668229,-0.2917844951152801,0.5496016144752502,-0.4602914452552795
1774469960259137100,148.3607216796875,1.203257014620304,-1.9060294361561536,0.3719505676299333,1.0575480461120603,-0.2336170077323913,1.3319400548934937,3.544281211340427,-1.470209915205836,-2.8201491909116503,0.7064505219459534,-1.853030681610108,2.134267807006836,2.5565976232022045,-3.122961340385676,-3.0390730968654154,-0.3915813863277435,0.5617696046829224,-0.4615860283374786
1774469960269163100,148.37074780273437,1.520280060276389,-1.8046181031659243,0.2834732427537441,1.143112301826477,-0.2199782431125641,1.472779393196106,3.2088276059806344,-1.5667705932945013,-2.954911881622672,0.8262541890144348,-2.002243995666504,2.180492877960205,2.128700711944699,-3.488323761796951,-3.375004256609082,-0.4616419374942779,0.6287747621536255,-0.4749315977096557
1774469960279189100,148.38077368164062,1.1475322047889231,-1.570713485701382,0.0709761549770832,1.2416234016418457,-0.2269253730773925,1.586944341659546,2.782452205201983,-1.7099503992170095,-3.035755935141444,0.9304925203323364,-2.1452674865722656,2.2214388847351074,1.6125795737892388,-3.762445823359489,-3.6195617855131625,-0.5010277032852173,0.7483522891998291,-0.5204818248748779
1774469960289216100,148.39080078125,0.5579027628302574,-1.285364950595051,-0.264198633441329,1.3432722091674805,-0.2889868021011352,1.6881712675094604,2.592801740005612,-1.855427960687876,-3.378646704764664,0.9783625602722168,-2.248675584793091,2.217005014419556,1.1533651487261056,-4.010148080030083,-3.885613353344798,-0.530994176864624,0.8577139973640442,-0.558560848236084
1774469960299242400,148.40082690429688,0.101902039116621,-0.8794023693785071,-0.8387731296092271,1.4528969526290894,-0.2810178399085998,1.7936207056045532,2.4881775824487207,-1.834098756933212,-3.677781042508781,1.0109543800354004,-2.3453524112701416,2.166212558746338,0.7346814714938402,-4.230916152545809,-4.26987453649342,-0.5603792071342468,0.9402783513069152,-0.5717722773551941
1774469960309269400,148.41085400390625,-0.883121389901638,-0.2571683694783598,-1.7430320000857114,1.57493793964386,-0.2162307351827621,1.904459238052368,2.23541511977911,-1.5965893929749726,-3.661302201394737,1.0895572900772097,-2.476750373840332,2.097862720489502,0.0747352152496576,-4.582779333175719,-4.518651144397259,-0.595022976398468,0.9881954789161682,-0.6178061962127686
1774469960319295400,148.4208798828125,-2.3984189855903386,0.8533462101671844,-3.0935259870648384,1.7057318687438965,-0.1475864350795745,2.0759117603302,2.084302767291665,-1.279060735884309,-3.638273207984864,1.2005378007888794,-2.638992547988892,2.041120767593384,-0.5343868626862764,-5.225888728648424,-4.451917449295521,-0.6638725996017456,0.8749253749847412,-0.7036380171775818
1774469960329322100,148.43090673828124,-4.445622148543596,2.9440038263782857,-4.898257195216417,1.7702239751815796,-0.3757956624031067,2.3925514221191406,1.8778338537633417,-1.0980787303119897,-3.801793498885632,1.3103045225143433,-2.809309482574463,2.016280174255371,-0.6628449002951383,-6.127493285223841,-4.443360633352398,-0.7314943671226501,0.7087323665618896,-0.8188155889511108
1774469960339348100,148.4409326171875,-5.337773232597113,6.265493642681837,-7.125950196310877,1.6339763402938845,-0.8075417280197144,2.789433717727661,1.4952970101892946,-1.0467974558860065,-3.925300343827903,1.4275473356246948,-2.995251417160034,2.0338351726531982,-0.7908183692574501,-6.808793879663944,-4.192125526380539,-0.7694023847579956,0.5460070967674255,-0.9411492347717284
1774469960349374100,148.45095874023437,-2.0196663367301224,8.175206735786794,-8.953346825256943,1.5979083776474,-0.7927278280258179,3.192120313644409,1.3633549298569558,-0.9129331753194332,-3.878549990829825,1.5398800373077393,-3.206516742706299,2.062080383300781,-1.059803067931533,-7.260367434585094,-3.8834465306997297,-0.7561248540878296,0.4641732573509216,-1.0721991062164309
1774469960359401400,148.46098583984374,2.090658273798227,7.455680163326859,-8.567805539169907,1.825402021408081,-0.6339882612228394,3.780411958694458,1.7580352156892418,-0.5207026207268238,-3.838006383517384,1.6392821073532104,-3.4640982151031494,2.076296329498291,-1.4789415031939743,-7.524040582847594,-3.630679976376891,-0.6741175651550293,0.3835178315639496,-1.193561553955078
1774469960369427400,148.47101196289063,3.4853485453784465,5.770266823995113,-5.78912817633152,2.063046932220459,-0.3621695935726166,4.35622501373291,2.074156636330485,-0.0173901107400655,-3.572382101187109,1.7472741603851318,-3.740287065505981,2.0681934356689453,-1.927169839340448,-7.565268665292859,-3.3176205736547706,-0.5113199353218079,0.3297804594039917,-1.3201466798782349
1774469960379454400,148.48103881835937,2.219210127170384,3.685161508148908,-1.627178592506051,2.253295660018921,-0.2086157351732254,4.5592803955078125,2.364372046820819,0.45683308288455,-3.280684635445476,1.8592276573181152,-4.022482395172119,2.028884172439575,-2.485143329319358,-7.487133286210894,-2.9815239942163227,-0.2954545021057129,0.2487277090549469,-1.4596080780029297
1774469960389480400,148.49106494140625,-0.2849871544480323,2.4824527750611303,1.5721487792015074,2.402699708938598,-0.3640577793121338,4.378307342529297,2.785763229446113,0.8982569997131824,-3.116904232303798,1.9655277729034424,-4.3058905601501465,1.9664957523345947,-2.6776357399433848,-7.333639007022977,-2.7547920448601246,-0.0666189864277839,0.1369335204362869,-1.569698452949524
1774469960399506400,148.5010908203125,-1.9804875880301,2.241515482480824,3.0588287676930426,2.4461700916290283,-0.6712568402290344,4.074862957000732,3.1352064894527194,1.1608961287528277,-3.1433821971237657,2.049267530441284,-4.571394920349121,1.888492584228516,-2.7354741809278726,-7.119386600011587,-2.572186237478256,0.16649229824543,0.0597298070788383,-1.655766844749451
1774469960409533000,148.51111767578124,-2.244109590627253,2.0259772734425963,2.936120671913028,2.4189882278442383,-0.8669552803039551,3.839155197143554,3.2545389713197945,1.1388847879528998,-3.38032399032712,2.1024529933929443,-4.808984279632568,1.807428836822509,-2.961168603929877,-6.91671006450355,-2.430259646487236,0.4122961163520813,0.0165885500609874,-1.7389147281646729
1774469960419559400,148.52114379882812,-2.0192145013093947,1.32481623262614,2.2100503768980504,2.2996304035186768,-0.8605122566223145,3.708558797836304,3.0457293398842213,0.8991869740396737,-3.6500150837048886,2.1392650604248047,-5.011176586151123,1.7258203029632568,-3.151753719627857,-6.833666455113887,-2.301320547363162,0.6728323698043823,-0.0112633202224969,-1.8113378286361688
1774469960429586400,148.5311708984375,-2.040250275075436,0.245570797599852,1.603368093329668,2.1377875804901123,-0.7350154519081116,3.6168925762176514,2.943441808581352,0.5696440540283918,-3.9851667835086575,2.1587672233581543,-5.127265453338623,1.6172277927398682,-3.29999782320261,-6.840194395577907,-2.1440987720847127,0.9741363525390624,-0.0296913292258977,-1.880194902420044
1774469960439612300,148.54119677734374,-2.5063100359886885,-0.7590724009066819,1.0017477693259715,2.001056432723999,-0.6399461627006531,3.471063137054444,2.9604990341052413,0.3069417966246605,-4.13553971580565,2.156068801879883,-5.190762042999268,1.5045280456542969,-3.556669568270445,-6.959225264149904,-1.9887889679074289,1.327767252922058,-0.0763781368732452,-1.9496057033538816
1774469960449639400,148.55122387695312,-2.611646725729108,-1.206344970698282,0.6462403869748116,1.8902785778045648,-0.5952520370483398,3.3279597759246826,2.6992800009965894,-0.0199064774751663,-4.008560518577695,2.0998830795288086,-5.181711196899414,1.3905431032180786,-3.9586645610302686,-7.165233574429154,-1.8240414732992647,1.6789523363113403,-0.1993915885686874,-2.0084826946258545
1774469960459665300,148.56124975585936,-2.091557268464565,-1.1899848605930805,0.6452741722911596,1.7463206052780151,-0.604800820350647,3.2086293697357178,2.384525192533433,-0.3422211997985839,-3.75560954759866,1.933393597602844,-5.039399147033691,1.276479721069336,-4.165319937041402,-7.454885213556885,-1.6806600073248148,1.9605355262756348,-0.3640183508396148,-2.0489954948425293
1774469960469691200,148.57127587890625,-1.50589906822443,-1.0970400349140166,0.929737010604143,1.5171794891357422,-0.5887444615364075,3.07840347290039,1.6490096083030104,-0.9807593418329954,-3.6472985182225695,1.6610031127929688,-4.842952728271484,1.211957931518555,-4.28235349431634,-7.632175378873944,-1.4531646723806857,2.164859771728516,-0.5220383405685425,-2.084742307662964
1774469960479718200,148.581302734375,-1.148644257684052,-0.9611681408520788,1.2891729645758867,1.2362194061279297,-0.509270429611206,2.901066780090332,0.6452154278412461,-1.7242869676053525,-3.502484681357444,1.364196538925171,-4.654069900512695,1.212230563163757,-4.198062515214085,-7.617890248411894,-1.0329214907467366,2.3308050632476807,-0.6566166281700134,-2.097329378128052
1774469960489744200,148.59132885742187,-0.8302244969725608,-1.0261244510177523,1.4946557896763086,0.9629790782928468,-0.3408668339252472,2.697368860244751,-0.2325394665911793,-2.3339234248042104,-3.177302586904168,1.1520777940750122,-4.495641231536865,1.247146487236023,-3.8645378320902575,-7.30375474089086,-0.3686474344313144,2.5186753273010254,-0.7622796297073364,-2.073223114013672
1774469960499771200,148.60135595703125,-0.5095025967985392,-1.0879713239260018,1.6059329753816127,0.7518050670623779,-0.1420717090368271,2.4784135818481445,-0.864176743195951,-2.735166137892008,-2.8770374915644523,1.0787663459777832,-4.361495494842529,1.29188871383667,-3.604141513541341,-6.787282889601588,0.4205108926594257,2.771543264389038,-0.8295132517814636,-2.0207221508026123
1774469960509797200,148.6113818359375,-0.4248410308182239,-1.0709075955960898,1.71821144708395,0.6511874794960022,-0.0220924206078052,2.263112068176269,-1.1489192752331494,-2.748378086164593,-2.58444161567837,1.1269769668579102,-4.164611339569092,1.3165887594223022,-3.560747777494788,-6.226263456055522,1.093253502112627,3.075843095779419,-0.9212880730628968,-1.9284343719482424
1774469960519823200,148.62140771484374,-0.1982543351516127,-0.6995222606334834,1.63618841291368,0.6718352437019348,-0.031560756266117,2.085528612136841,-1.3899907155871392,-2.586495333337784,-2.1333231110483406,1.218797206878662,-3.887397050857544,1.3249715566635132,-3.5067917309015986,-5.705810426175594,1.721025335460901,3.386557340621948,-1.079074740409851,-1.792305827140808
1774469960529850200,148.63143481445312,0.6269233998253941,0.2364265371575951,1.4238701888352632,0.8054555058479309,-0.0462196841835975,2.0135865211486816,-1.809231442180276,-2.7405770570248364,-1.83043818859905,1.275608777999878,-3.584688425064087,1.319247841835022,-3.227029033103585,-5.337807134866714,2.280208201229572,3.639335155487061,-1.2763733863830566,-1.645370602607727
1774469960539876200,148.64146069335936,1.255277124714851,1.7312150133028623,1.0708978779196738,0.9896035194396972,0.0067857452668249,2.025950193405152,-1.9137332885317504,-3.1007056694358583,-1.754247221583128,1.2641067504882812,-3.299121379852295,1.2839678525924685,-2.599633631852269,-4.948054368564486,2.8507050726950167,3.8203201293945312,-1.4720447063446045,-1.5685746669769287
1774469960549903200,148.65148779296874,1.7255007273092864,2.686669525748491,0.6579974602639674,1.1868034601211548,0.1985131055116653,2.133288860321045,-1.6376549783349037,-3.3860441215395927,-1.8987486314982167,1.1886698007583618,-3.0380115509033203,1.220697999000549,-1.694512591588497,-4.532931890945136,3.458123853844404,3.9389939308166495,-1.6414371728897097,-1.59102463722229
1774469960559929200,148.661513671875,2.145462461653352,2.9579917274594307,0.0641764118343591,1.3412686586380005,0.4212953150272369,2.337743043899536,-1.2401964599609374,-3.322199718138575,-1.9470169878438115,1.08574378490448,-2.741695165634156,1.140051007270813,-0.3950561334073543,-4.030845415621996,4.143368217474222,4.023965835571289,-1.748216152191162,-1.6661700010299685
1774469960569955200,148.67153979492187,2.013304985004664,3.413661904044449,-0.7092880870401859,1.4554632902145386,0.5899920463562012,2.5448086261749268,-1.1046101048421113,-2.8958091197907923,-1.7497402655526997,0.9851409196853638,-2.40466833114624,1.0773916244506836,0.5382394464612007,-3.28283976765275,4.649671141448617,4.070096015930176,-1.7823768854141235,-1.7172609567642212
1774469960579982200,148.68156689453124,1.570660586470365,3.785108029283583,-1.3557505923330784,1.4887323379516602,0.7293166518211365,2.720128297805786,-1.3994757522910832,-2.206266766706109,-1.3108067042350768,0.9082936644554138,-2.055103778839112,1.0485080480575562,0.8866688532501459,-2.65732623462528,4.93741665469408,4.089066505432129,-1.787274956703186,-1.672149419784546
1774469960590008400,148.69159301757813,1.1353145282506942,3.767537885801494,-1.7410995707184076,1.4028576612472534,0.7929078936576843,2.85280442237854,-1.758220801389217,-1.523258783826232,-0.8600640471801161,0.8542562127113342,-1.7457903623580933,1.0414221286773682,1.2442869441449642,-2.302885020200908,5.299276620942354,4.103764533996582,-1.7761706113815308,-1.5537220239639282
1774469960600035200,148.70161987304687,0.8457371234029532,3.1783956428378817,-2.159669266182184,1.2806878089904783,0.8391028046607971,2.9721384048461914,-2.0240531735122205,-1.023399629163742,-0.6437862718209624,0.7820084691047668,-1.4794117212295532,1.0414657592773438,1.5254226838618516,-2.25745919380486,5.748310428252816,4.131858825683594,-1.7495245933532717,-1.431662678718567
1774469960610061200,148.7116457519531,0.0751964030206203,2.592648303009569,-2.0984248161464927,1.130212664604187,0.7538747191429138,2.9698994159698486,-2.384973228561878,-0.7150906358391046,-0.4939265497431159,0.6729331016540527,-1.2682998180389404,1.0605826377868652,2.1188515181034804,-2.363233105918765,6.0759308557689184,4.135696887969971,-1.705541491508484,-1.3127480745315552
1774469960620088200,148.7216728515625,-0.60645344324857,1.1321367749974132,-1.4976082097411154,1.0327625274658203,0.5909757614135742,2.883753061294556,-2.831176196360588,-0.7064981640607119,-0.5492857411324977,0.5311914682388306,-1.0881409645080566,1.103011965751648,3.0468215190351007,-2.018883954180777,6.268225697994232,4.081259727478027,-1.6106770038604736,-1.1998939514160156
1774469960630114200,148.73169873046874,-0.7986237823113799,-0.7546930167786776,-0.8523743694603443,1.066192865371704,0.3963880538940429,2.777737617492676,-3.296399506449699,-1.0415560481011867,-0.7343222827926278,0.3918434381484985,-0.9283773899078368,1.171765923500061,3.53450332916975,-1.3494775034129618,6.30275048340857,3.962167978286743,-1.4584122896194458,-1.0949803590774536
1774469960640140100,148.74172485351562,-1.373777831932902,-2.051816501967609,-0.0360924731224775,1.132876992225647,0.1370193362236023,2.5959036350250244,-3.3880127912640567,-1.6177011545866726,-0.8996063684955239,0.2875367999076843,-0.780224621295929,1.2263954877853394,3.5998341717362403,-0.6453086590826511,6.302464652204513,3.831228494644165,-1.228941798210144,-0.9990010857582092
1774469960650167400,148.751751953125,-1.743514230644703,-3.154327369508147,0.8797019368469715,1.185588002204895,-0.0830232352018356,2.33191442489624,-2.85875744624734,-2.0594430513232944,-1.0127882187783717,0.2343859523534774,-0.6394736766815186,1.219888687133789,3.470499935814738,-0.1930471218973398,6.8705059472113845,3.691084146499634,-1.0776550769805908,-0.9315775036811828
1774469960660193400,148.76177807617188,-1.860303457769752,-4.299712625396252,1.45940444355309,1.18940532207489,-0.2478058040142059,2.0434374809265137,-2.147369756579399,-2.2853958330005404,-0.9340496131062508,0.2515336275100708,-0.5062783360481262,1.1526432037353516,3.427181018570065,-0.2731891646265983,6.953885656687617,3.5799171924591064,-1.020257830619812,-0.932170867919922
1774469960670220100,148.7718046875,-1.971303580099344,-5.03489970832467,1.8692390438973905,1.1357203722000122,-0.3354406356811523,1.7551671266555786,-1.6454735431313514,-2.2883488375872374,-0.7469806888356805,0.3228253722190857,-0.3910708129405975,1.0480310916900637,3.526529281550645,-0.3177145350515842,7.082147294941544,3.4306039810180664,-1.0201495885849,-0.9604809880256652
1774469960680246100,148.78183081054686,-1.7909414599910378,-5.123169527930021,2.0673539705783126,1.0440983772277832,-0.3458269536495209,1.5216745138168335,-1.4027835616648197,-2.0825696598887444,-0.5185553795650601,0.4188793003559112,-0.312135100364685,0.9289290308952332,3.5493534000381826,-0.1926449708372354,6.72797262249887,3.223059892654419,-0.9931023120880128,-0.9707072377204896
1774469960690272100,148.7918566894531,-1.605281233474612,-4.545733212590218,2.1761247264206407,0.9247211217880248,-0.3288682699203491,1.3100160360336304,-1.4022995775401592,-1.6575684700727462,-0.3049906625568866,0.5105213522911072,-0.273468405008316,0.8131502270698547,3.3759967747777697,0.2279705512404441,5.888191777151823,2.9990456104278564,-0.9550382494926452,-0.9562480449676514
1774469960700299100,148.8018837890625,-1.8640820995256304,-3.129968881060183,2.1378817972660062,0.8621932864189148,-0.3127470910549164,1.128470778465271,-1.5038520725667477,-1.0392395878523588,-0.1242263913884758,0.5865688323974609,-0.2610349953174591,0.7156115770339966,3.406985787281394,0.8684364464670419,5.102354703438282,2.758130550384521,-0.8929410576820374,-0.917954683303833
1774469960710325400,148.81190991210937,-2.140581703874469,-1.705958406971395,2.2238035924404858,0.8292716145515442,-0.2620417475700378,1.0086290836334229,-1.5816870073974132,-0.4433130915760994,-0.0978600702494382,0.6299048662185669,-0.2508414685726166,0.6442841291427612,3.63428063121736,1.4827584311336277,4.445020675519109,2.521439790725708,-0.7370365858078003,-0.8737117052078247
1774469960720352400,148.82193701171877,-2.5237796417057514,-0.8055705327093601,2.178396178483963,0.7719686627388,-0.2553716003894806,0.9273476004600524,-1.687781091376394,-0.0742120681583881,-0.3651648530125618,0.6343331336975098,-0.2282014489173889,0.598126232624054,3.475645482009649,1.7850129467248916,3.939011766055226,2.300262451171875,-0.4955903887748718,-0.8547403812408447
1774469960730378400,148.831962890625,-2.578029118287563,-0.2339181710658595,1.905496936714649,0.7099671363830566,-0.2539683878421783,0.8682758212089539,-1.8534265577375888,-0.0068231240183115,-0.9578162731409072,0.5974909663200378,-0.2028755843639373,0.566142201423645,3.152339410561323,1.6739701542973515,3.701410047638416,2.112699270248413,-0.2414955496788025,-0.864278256893158
1774469960740404400,148.84198901367188,-2.1621037998527286,0.0224230268733575,1.604660471227765,0.6607053279876709,-0.2117269188165664,0.8380380272865295,-2.072553292787075,-0.2248591412216425,-1.826767975653708,0.5335327386856079,-0.1653184592723846,0.5489249229431152,2.8047780187785625,1.2115689158916472,3.7421760655298826,1.97248125076294,-0.0544468313455581,-0.8934084177017212
1774469960750431100,148.852015625,-2.0774182684749363,-0.1444719646248966,1.3817881199091673,0.590216338634491,-0.192784234881401,0.7681137323379517,-2.2995441853404044,-0.6908037513226271,-2.8754224575832485,0.4593463540077209,-0.1148422360420227,0.5377540588378906,2.5185107613921165,0.5474181936949492,4.017112658345699,1.8725903034210205,0.0355720072984695,-0.9412526488304138
1774469960760457100,148.86204174804686,-1.9590046550184488,-0.3009864318842068,1.2779261788964271,0.5076324939727783,-0.16913802921772,0.6880788207054138,-2.594490423744917,-1.283154142677784,-3.912686069187522,0.3956446349620819,-0.0445295087993145,0.536171555519104,2.2806293492510914,0.0462216529488563,4.313963561327755,1.7987946271896362,0.0355957075953483,-0.9890292286872864
1774469960770484400,148.87206884765624,-1.7408219228208064,-0.7934932875551283,0.9340519511938096,0.4357174038887024,-0.1444890201091766,0.5904081463813782,-2.8297534700810907,-1.7959551964998244,-4.595106899829209,0.3659543991088867,0.0155671145766973,0.5358375906944275,1.9903671770095823,-0.0685889675796031,4.422290665055812,1.7377549409866333,-3.35690565407e-05,-1.032245635986328
1774469960780510400,148.88209497070312,-1.5824498084634542,-1.216430238317698,0.7608376570135355,0.3422476649284363,-0.117236889898777,0.5053651928901672,-2.997621142536401,-2.160850000399351,-4.815625966019928,0.3807031512260437,0.0351498909294605,0.5352147817611694,1.6897525375798343,0.0936877530008554,4.370949477136135,1.6839910745620728,-0.0339694321155548,-1.0586923360824585
1774469960790537400,148.8921218261719,-1.5251564341410997,-1.537426279257983,0.6798749455511569,0.2555401027202606,-0.1121966019272804,0.386494368314743,-3.052061173254251,-2.4264555780291555,-4.753967674486339,0.437239408493042,-9.73148853518e-05,0.5300408005714417,1.466161224336922,0.3866869489908218,4.216752018114924,1.6370543241500854,-0.0680781304836273,-1.0331209897994995
1774469960800563000,148.90214770507814,-1.7300301874324675,-1.6211159314662218,0.6085159287363291,0.1879727840423584,-0.1403217166662216,0.2011985629796981,-3.049958063495159,-2.7119787390500307,-4.475392725168168,0.5194371342658997,-0.0704848393797874,0.5228036046028137,1.2637491849839686,0.7300935591816902,3.909085414347053,1.5683557987213137,-0.0742377564311027,-0.9863519668579102
1774469960810589000,148.91217358398438,-1.468201790253818,-1.5962778428077695,0.6385691216945648,0.1229214370250701,-0.1925660073757171,0.0460529960691928,-3.0226772578597068,-2.939476412081718,-3.933207755951583,0.6161189675331116,-0.1520156562328338,0.5010548830032349,1.1361083089768886,0.9839631063103677,3.5382658965736624,1.4716341495513916,-0.0422364138066768,-0.9417921900749208
1774469960820616400,148.92220092773437,-0.920749986550212,-1.5192387345299123,0.7992594498664141,0.0536520816385746,-0.2311954349279403,-0.0394105054438114,-2.971996871936321,-3.074956895673275,-3.22701968075335,0.7111496925354004,-0.2540201544761657,0.461922824382782,1.1731564753890036,1.1116273631930351,3.1866362324386834,1.374998927116394,0.0026085530407726,-0.8969898223876953
1774469960830642400,148.9322268066406,-0.7773796264916658,-1.4902821046367287,0.8938467820554972,0.0104406867176294,-0.2437988370656967,-0.0944196805357933,-2.869932335734368,-3.1098850011914965,-2.4740415050685405,0.7935708165168762,-0.3505403101444244,0.410549134016037,1.1443810472816227,1.183461596304178,2.9490058724492787,1.2963874340057373,0.042472705245018,-0.8437408208847046
1774469960840669400,148.94225390625,-0.9807201788663864,-1.6362166160948577,0.9323895709395408,0.0009185542003251,-0.2349960207939148,-0.1540593057870865,-2.807621133249998,-3.001751374208927,-1.7921949671834707,0.8558371663093567,-0.4117195904254913,0.363643079996109,1.057057568615675,0.9733236388742924,2.80141614113003,1.2340582609176636,0.0724332705140113,-0.7847377061843872
1774469960850695300,148.95227978515624,-1.343600720334053,-1.6609753559067844,0.9141209237992765,0.022442553192377,-0.2006349414587021,-0.222581148147583,-2.77774037424922,-2.7611235859692096,-1.2302724473178386,0.8937155604362488,-0.4252391159534454,0.3320590555667877,0.9026698477193712,0.4656085100144148,2.808234881234169,1.189056396484375,0.129929319024086,-0.7324966192245483
1774469960860721300,148.96230590820312,-1.4085562998473644,-1.454126503150165,0.9238993904918432,0.0470653399825096,-0.1459826231002807,-0.2817568480968475,-2.756247504365444,-2.3697429262042045,-0.7349661336541176,0.9151688814163208,-0.4073585867881775,0.3215183019638061,0.7357347799390554,-0.2909422634601593,3.1366277544274923,1.1823393106460571,0.2033366858959198,-0.6913584470748901
1774469960870748000,148.97233251953125,-1.1439353493407367,-1.129706552175805,1.0938888774067164,0.0279009789228439,-0.0680720806121826,-0.3195641338825226,-2.648134335649013,-1.8804805688798427,-0.228601250359416,0.9233165383338928,-0.3809980750083923,0.3271357119083404,0.5605576612532138,-1.0850345398217438,3.7466511651173233,1.228379249572754,0.2415264248847961,-0.6392467617988586
1774469960880774200,148.98235888671874,-0.952872679258883,-0.821963302975148,1.338792443269491,-0.0229198578745126,0.0064279893413186,-0.3653361201286316,-2.502215460151434,-1.3661796318888664,0.2279869178533554,0.9014280438423156,-0.3536349534988403,0.3498705327510834,0.491445838843286,-1.735160828319192,4.42412080309242,1.3059300184249878,0.1973176747560501,-0.5676519274711609
1774469960890801300,148.9923857421875,-0.9683534492462872,-0.6184120304591953,1.4770581736654045,-0.0902307778596878,0.0673159286379814,-0.4471098184585571,-2.427313656163216,-0.8468108901143073,0.6226216109782456,0.8715867400169373,-0.3260667026042938,0.3880565166473388,0.614004881541431,-2.240232164672017,5.055068051606416,1.406358242034912,0.1102830842137336,-0.4982579946517944
1774469960900827200,149.00241186523436,-0.9810668003469704,-0.4658894823802634,1.4380980361521245,-0.1604380905628204,0.1138765066862106,-0.5283671021461487,-2.360574992625416,-0.328634572994709,0.854461697128415,0.8537811636924744,-0.2920161485671997,0.4530328214168548,0.7768658317506313,-2.6636580679953097,5.57698297073245,1.5089735984802246,-0.1280418634414672,-0.438061773777008
1774469960910854200,149.01243896484374,-1.0182137509584426,-0.4232784211440011,1.180291149574518,-0.2122722864151001,0.1270050704479217,-0.5882938504219055,-2.2769082829013465,0.1126829608500003,0.9015349984705447,0.8290984630584717,-0.270883709192276,0.5146511793136597,1.1255381073847412,-2.96737447283268,5.9441872206181285,1.611423373222351,-0.2870719730854034,-0.4104478657245636
1774469960920880200,149.02246484375,-1.1376999620825052,-0.5767066858910024,0.763710582101345,-0.2354854643344879,0.0992301627993583,-0.6448037624359131,-2.1802084886029363,0.4822586160421371,0.8659674260050058,0.7647795081138611,-0.2228522300720214,0.566897451877594,1.3170461831465363,-2.917922751921416,6.172770350798964,1.6713142395019531,-0.6307833194732666,-0.3818404376506805
1774469960930906200,149.03249072265626,-1.4257359827071427,-0.8580433550074696,0.2298901211261749,-0.214852750301361,0.041389349848032,-0.7302265167236328,-2.150693640305102,0.8185153544783592,0.8008814981102943,0.6491402983665466,-0.153587132692337,0.6160586476325989,1.7191379142791032,-2.720793913668394,5.779151556718349,1.6942447423934937,-0.859165608882904,-0.368571400642395
1774469960940933200,149.04251782226564,-1.6505173825174568,-1.1383985388059168,-0.2783610143065452,-0.192027598619461,-0.0211419388651847,-0.8200674653053284,-2.0983397682115434,1.083527642390132,0.795100576621294,0.5173320770263672,-0.1111980527639389,0.6428035497665405,1.7233035095259546,-2.407314239707589,5.306040123727917,1.6827577352523804,-0.9527330994606018,-0.3702987134456634
1774469960950958400,149.05254296875,-1.56838591953665,-1.2091704033825543,-0.5296083962380885,-0.2000728100538253,-0.0562348887324333,-0.8706214427947998,-2.065935920473933,1.280893796530366,0.8770634050369263,0.3910282254219055,-0.0622456930577755,0.6699286699295044,1.73067900673002,-1.88477505120337,4.59385543846339,1.6333837509155271,-1.1266626119613647,-0.3685224950313568
1774469960960985400,149.06257006835938,-1.382269765946269,-1.0785622750677168,-0.4724292959451675,-0.2473532408475875,-0.0790057182312011,-0.8968027234077454,-2.0662179522857067,1.3702362138032913,0.8729787660717964,0.2686550915241241,-0.0300829969346523,0.6820799708366394,1.950529379878938,-1.3903122026264667,4.111850212660432,1.5672537088394165,-1.1091461181640625,-0.3676058351993561
1774469960971011400,149.07259594726565,-1.2463716414645314,-0.842420400070399,-0.1432166308015585,-0.3146266937255859,-0.1086969375610351,-0.9260700941085817,-1.9942041248239573,1.3848925156652927,0.7551964362561703,0.1561868488788604,0.0111011918634176,0.6748822927474976,1.8236577346786853,-0.8503466630250215,3.74973451808542,1.4828391075134275,-0.9638558626174928,-0.3627607822418213
1774469960981037700,149.08262231445312,-1.1907760109707712,-0.620870164201036,0.2936719806849956,-0.3748570084571838,-0.143095389008522,-0.9701366424560548,-1.9058023494020104,1.3103268117636442,0.5359568884819745,0.0614780560135841,0.0759876519441604,0.6548386216163635,1.7044073781371116,-0.1800958703875541,3.163576551629603,1.3769123554229736,-0.8272215723991394,-0.3444145321846008
1774469960991064700,149.09264916992188,-1.1324883649140596,-0.3901164850480854,0.5485486590296029,-0.4241667091846466,-0.1711310893297195,-1.0271027088165283,-1.7121952555343507,1.2061644264996052,0.2660083132117986,-0.0161046218127012,0.12177325040102,0.6134365797042847,1.7031240603283049,0.323351079633832,2.639950736932456,1.2400025129318235,-0.7033147811889648,-0.3308611512184143
1774469961001090700,149.10267529296874,-0.9694605337053536,-0.1278064418323338,0.572968814536929,-0.4624611139297485,-0.1812516301870346,-1.0628764629364014,-1.5501155188307163,1.1223615231752395,0.0307043503433465,-0.0739981830120086,0.1859802305698394,0.5638512969017029,1.6722037291467189,0.7264239307582377,2.453767947846651,1.0879086256027222,-0.5646551847457886,-0.3384037613868713
1774469961011117400,149.11270190429687,-0.9107026397883892,0.095818682348635,0.4604331532031297,-0.4782262444496155,-0.1803638488054275,-1.0961575508117676,-1.4093696620568632,1.0731851120740177,-0.2103022080808878,-0.1247207447886467,0.2589777410030365,0.5050711035728455,1.6296571114487943,1.0616799677193165,2.246855966725945,0.92665696144104,-0.4746675491333008,-0.3536504209041595
1774469961021143400,149.12272802734375,-1.1276485236674547,0.2355563849932514,0.3378811247676611,-0.4744466841220855,-0.1917973309755325,-1.1283773183822632,-1.3169301555514334,1.0356038616985082,-0.5252765045136213,-0.1748204529285431,0.3324154913425445,0.4509927630424499,1.6395988058790565,1.3346926067352294,2.083446296592802,0.7723885774612427,-0.4003070294857025,-0.3741301298141479
1774469961031170700,149.13275537109374,-1.2755164874061942,0.3009573519201949,0.2596644971430301,-0.449485033750534,-0.2238462567329406,-1.1339266300201416,-1.26739280218333,0.9614519992947578,-0.8385311375468969,-0.2250388711690902,0.4184318482875824,0.4084940552711487,1.5770540868997571,1.6878537182211877,1.976706608186662,0.621951699256897,-0.3301345705986023,-0.3981049358844757
1774469961041196600,149.14278125,-1.2742442755132912,0.3839918646879494,0.2047001502901315,-0.4282191693782806,-0.2892963588237762,-1.1281888484954834,-1.1840391039311886,0.8951490968257189,-1.1646592806786298,-0.2794845402240753,0.512967586517334,0.3708260059356689,1.5405645772837102,2.0867875698447227,1.79121676980108,0.4861142039299011,-0.2394257336854934,-0.4307297170162201
1774469961051222600,149.15280712890626,-1.1688184461846949,0.3648305430242791,0.2307897003144025,-0.3907339572906494,-0.3480391204357147,-1.0992282629013062,-1.096526532433927,0.7356167065173387,-1.4182874202668665,-0.3287266492843628,0.6075116395950317,0.3375687003135681,1.4262778344988822,2.380670562931895,1.6067941222555937,0.3446995913982391,-0.1150413751602172,-0.445528119802475
1774469961061249600,149.16283422851564,-0.9172375945150852,0.2503795495884492,0.3745394150793552,-0.3570756018161773,-0.3960306048393249,-1.0519366264343262,-0.9903133521199226,0.5340314733773469,-1.5082050070792437,-0.3571177721023559,0.69374680519104,0.3023276329040527,1.215983079072088,2.564130941316485,1.5045496994420886,0.2022409737110138,0.0261501055210828,-0.4479334950447082
1774469961071275600,149.17286010742188,-0.8138543769299984,0.1547832047536037,0.715599169883132,-0.3215419948101043,-0.4320114254951477,-1.016801834106445,-0.8391972002401947,0.3400339188873768,-1.4573837513804435,-0.361259251832962,0.7487059235572815,0.2693108320236206,1.067682130743563,2.640250304400921,1.474390561891347,0.0757031217217445,0.1854237467050552,-0.4488100111484527
1774469961081302400,149.18288696289062,-0.8233058036252856,0.0591212108040228,1.1162672979533672,-0.30756276845932,-0.4743583500385284,-1.012589454650879,-0.5990890519604086,0.1778694265097379,-1.237360359752178,-0.3331513106822967,0.7559152245521545,0.2279965281486511,0.9947450509570538,2.6258459314733744,1.4642996682487428,-0.0036532208323478,0.3366635739803314,-0.4399398267269134
1774469961091328600,149.1929133300781,-0.7903665338367223,0.0294702785037457,1.5109966836243869,-0.3016457557678222,-0.533089280128479,-1.0242044925689695,-0.4133107520222663,0.0233767839342355,-0.9604162265062332,-0.2862527966499328,0.7212443351745605,0.1781725138425827,0.9220024708293376,2.623837514260411,1.5208322873316704,-0.066925399005413,0.4494261741638183,-0.4144576787948608
1774469961101354600,149.20293920898436,-0.6250950153544544,0.1085752332702279,1.8531734597593543,-0.3050031960010528,-0.5814570784568787,-1.0325229167938232,-0.2214240522064268,-0.0360743529438972,-0.707532767805457,-0.2391342222690582,0.6371045112609863,0.1111345365643501,0.7959069245681166,2.5453829862266777,1.5745999717459085,-0.1224123612046241,0.5432024598121643,-0.3681178987026214
1774469961111381600,149.21296630859376,-0.4471799961373209,0.1856530478569678,2.0849270366698502,-0.3103030323982239,-0.5929708480834961,-1.038001298904419,-0.0946887467369437,-0.0756803871452808,-0.5216454545348882,-0.199958860874176,0.5338985323905945,0.0260161776095628,0.6899466961018741,2.422105566126108,1.591921547294408,-0.1476847380399704,0.6303735375404358,-0.3091043829917907
1774469961121407600,149.2229921875,-0.5390367343187332,0.3343506856191903,2.179644717240333,-0.3168099224567413,-0.577048122882843,-1.054201602935791,-0.0453062916696071,-0.0751122318685054,-0.4416396054059266,-0.1740168631076812,0.4198747277259826,-0.0798128694295883,0.6619124417506158,2.351097262445092,1.663931136972457,-0.1553860604763031,0.7325705289840698,-0.2368783950805664
1774469961131434600,149.2330192871094,-0.780221571919322,0.5758854326359927,2.2301883250415324,-0.3399031460285187,-0.5591528415679932,-1.0666247606277466,0.0551110618472099,-0.0460498035132884,-0.4169347877383232,-0.1623279899358749,0.3205172419548034,-0.1961104422807693,0.6821602800093591,2.2419448138087987,1.6796119595766066,-0.1711698025465011,0.8599801659584045,-0.1635379940271377
1774469961141460600,149.24304516601563,-0.917133549618721,0.8955980096369981,2.1788684721708296,-0.3723252713680267,-0.5316224098205566,-1.0508325099945068,0.0431847694709897,-0.0260229145288467,-0.4645306516498327,-0.1634469032287597,0.2319822013378143,-0.3028695583343506,0.8295886832870543,1.9786206251144407,1.5399284713372587,-0.2046340107917785,1.0246577262878418,-0.100832000374794
1774469961151486800,149.25307153320313,-1.0994853822395203,1.17172461595498,2.053206787282228,-0.4098358452320099,-0.5039362907409668,-1.0095345973968506,0.0061630526743829,0.0075198741108179,-0.5225497098982333,-0.1649862080812454,0.14899942278862,-0.4174470007419586,0.955361427334696,1.5228946266889571,1.3894852502830326,-0.239086627960205,1.1937280893325806,-0.0316668562591075
1774469961161513600,149.26309814453126,-1.3056935990050431,1.4589423789992928,1.9533558354765173,-0.4615861177444458,-0.4756149351596832,-0.9401451945304872,0.0451183678820729,0.0999246015638112,-0.4278349519371986,-0.1634494066238403,0.0641786158084869,-0.5068188309669495,0.8967442570626735,0.9608926118463276,1.399622905676812,-0.2510226368904114,1.2956299781799316,0.0498511716723442
1774469961171539600,149.2731242675781,-1.4236129992038011,1.751120175603777,1.913432990410924,-0.505486249923706,-0.467998057603836,-0.8246164917945862,-0.1493507496424019,0.1827507688105106,-0.3691460316032171,-0.1742495894432068,-0.0203807447105646,-0.571485161781311,0.740445587978512,0.4560930781722068,1.6099704142041504,-0.2338284850120544,1.2726149559020996,0.1280104517936706
1774469961181566600,149.28315112304688,-1.637656147378683,2.001693603796512,1.8729764768600463,-0.5280773043632507,-0.4648944139480591,-0.6875023245811462,-0.3114873310998082,0.3236100228309631,-0.3147311353266239,-0.1893013417720794,-0.106428250670433,-0.6212443709373474,0.5782428094170987,0.1179880815207958,1.920738637249172,-0.1914879530668258,1.1122183799743652,0.1916304379701614
1774469961191592600,149.29317724609376,-1.916403530654311,2.18292841508612,1.937749685543776,-0.5436107516288757,-0.4701125025749206,-0.5613158345222473,-0.4714309325575828,0.4016881187677383,-0.3088298023283481,-0.2087664008140564,-0.1805613189935684,-0.6554843783378601,0.4055573614165186,-0.0550683917492628,2.1658003162831068,-0.1544722765684127,0.8531104922294617,0.2448704093694687
1774469961201619800,149.30320434570314,-2.106314984874427,2.309891099570692,1.992297268289328,-0.5420448184013367,-0.4688264727592468,-0.4409018158912658,-0.6123892630383372,0.4184750029176473,-0.3058838120043277,-0.2188836634159088,-0.243232175707817,-0.6805139183998108,0.2367886484682559,-0.1162561431616544,2.2297746296741066,-0.1211151331663131,0.5599164366722107,0.2864215970039367
1774469961211645800,149.31323046875,-2.427639234855771,2.3267355591267345,1.950733670279384,-0.5080065727233887,-0.4504841268062591,-0.3506662547588348,-0.7237570496365427,0.3501648522794246,-0.3180038733869791,-0.2140223383903503,-0.3004038631916046,-0.700156033039093,0.060811173184961,-0.0967512322247028,2.1643391576893625,-0.0880277082324028,0.2896251380443573,0.320358544588089
1774469961221671800,149.32325634765624,-2.579734168639779,2.1880071796551346,1.837903994435072,-0.4562666714191437,-0.3923358619213104,-0.3328020274639129,-0.805415926669538,0.1656342143148183,-0.3718032681137323,-0.200975015759468,-0.3459706604480743,-0.7079537510871887,-0.1350385850429535,-0.031401100435853,1.9376003402009605,-0.0739715471863746,0.0701151564717292,0.3482189476490021
1774469961231698500,149.333283203125,-2.4822636822298167,1.964483086429536,1.6725713934153317,-0.4075484275817871,-0.292523056268692,-0.3337810635566711,-0.9413418159410356,-0.0840928261816501,-0.4297989454865455,-0.1889167577028274,-0.3746744692325592,-0.7075547575950623,-0.2632172211885452,0.0291822553426027,1.5768902746401727,-0.0839962363243103,-0.0831241011619567,0.3683699071407318
1774469961241724400,149.34330908203123,-2.563794841229916,1.664758089315891,1.5725602826118468,-0.3712317049503326,-0.1929351985454559,-0.3440741896629333,-1.0842705697119237,-0.3830003694325685,-0.582788197761774,-0.1783156991004943,-0.3757334053516388,-0.6942907571792603,-0.3502487311705947,0.0217991593539714,1.2478227170556784,-0.1074522957205772,-0.175699844956398,0.3772377073764801
1774469961251751500,149.35333618164063,-2.853327530153096,1.365372699420154,1.6278379331976174,-0.3531722128391266,-0.1152181625366211,-0.3747128844261169,-1.2173758486047386,-0.7001344742476939,-0.7077087088942527,-0.170719027519226,-0.3659540116786957,-0.6714016795158386,-0.3650767363376915,0.0002910919010639,1.030667574340105,-0.1369898468255996,-0.2313588410615921,0.3832463324069977
1774469961261777400,149.36336206054688,-2.890062100571394,1.1210442300315946,1.7005828514128922,-0.3552670478820801,-0.0603860691189765,-0.3834453821182251,-1.2720349289007484,-0.9285048384606838,-0.766642543900013,-0.1458118706941604,-0.3486189842224121,-0.6450445652008057,-0.3402911085188388,-0.0440934087485075,0.9008649902544916,-0.1660566478967666,-0.2403515428304672,0.3943969905376434
1774469961271803800,149.37338842773437,-2.772980320240557,0.9859308261867612,1.6976619955301284,-0.372615247964859,-0.0151683473959565,-0.3611141443252563,-1.325791507399082,-1.0299053577959536,-0.6811474497050046,-0.0987277328968048,-0.3355503380298614,-0.6207951307296753,-0.3223791658617556,-0.030091771402955,0.8404558219991624,-0.1873237043619156,-0.2451140731573104,0.401707649230957
1774469961281830400,149.3834150390625,-2.7259131563782693,0.96947660805732,1.662287315288186,-0.385159820318222,0.0092275403439998,-0.3127881586551666,-1.243870618429035,-0.9653583590835332,-0.4898153150320052,-0.0288969818502664,-0.3514155745506286,-0.6120565533638,-0.2508724111393094,0.0732744950473308,0.7613292399227619,-0.2029002606868744,-0.2698085010051727,0.4082736670970917
1774469961291856400,149.39344116210938,-2.629786778053641,1.0248817574802789,1.5636790570199488,-0.3861285150051117,0.0180505067110061,-0.2590026557445526,-1.1721594271756708,-0.833349935516715,-0.196302908822894,0.0347357876598835,-0.3827761709690094,-0.6039011478424072,-0.1801487696185708,0.166464819920063,0.6139049282982945,-0.2178720533847808,-0.3043707311153412,0.4176918268203735
1774469961301883400,149.40346801757812,-2.444097617703676,1.0852825962986796,1.4077461525082586,-0.3805364072322845,0.0654603615403175,-0.2272601872682571,-1.13480497129336,-0.6557774461269378,0.070021630731225,0.0758428499102592,-0.4281486570835113,-0.5940757393836975,-0.1769128564372658,0.2198497886270284,0.5405939006328583,-0.2233043611049652,-0.3409734666347503,0.4308478236198425
1774469961311909400,149.413494140625,-2.416895722523332,1.1846487602621316,1.1135825889140367,-0.3699500262737274,0.1682537943124771,-0.2042219638824463,-1.1616063228487967,-0.4736217206001281,0.2480728435486555,0.0903826430439949,-0.4756043255329132,-0.5764186978340149,-0.2111540026046335,0.2333072360932827,0.5437067719563842,-0.2249038964509964,-0.3636453449726105,0.4299913048744201
1774469961321936700,149.42352124023438,-2.7154943459555505,1.3494751653254031,0.7352063721507788,-0.3456489443778991,0.26485276222229,-0.1961238384246826,-1.2324456997036932,-0.2759218044608831,0.37947277982831,0.0886526629328727,-0.497997373342514,-0.5427958369255066,-0.215749367570877,0.1674608452200889,0.5774781086549162,-0.2115705162286758,-0.3634759485721588,0.4035815298557281
1774469961331962700,149.43354736328126,-3.175335086223483,1.6051666671842335,0.3631973523318767,-0.2965618968009949,0.350365400314331,-0.2083061039447784,-1.4488685826219618,-0.0169037885278463,0.4356722214341163,0.0764071866869926,-0.4721178412437439,-0.4650946259498596,-0.1940446085020899,-0.0040676878303289,0.6522361202582716,-0.1937986463308334,-0.3383032083511352,0.3643056452274322
1774469961341988700,149.4435732421875,-3.530888353542984,1.864710606687516,-0.0569312630116939,-0.2372937649488449,0.4035117030143738,-0.2200511842966079,-1.6559915761448445,0.3312403715789317,0.3892670286118984,0.0671798810362815,-0.4180740118026733,-0.3449591994285583,-0.2066810949742794,-0.2056488293170928,0.6832485136374831,-0.1657962948083877,-0.2914334535598755,0.3206825256347656
1774469961352015400,149.45360009765625,-3.781705819624662,2.1397665880993006,-0.4850438628464937,-0.1774302721023559,0.4039025604724884,-0.2006766349077224,-1.81624059028998,0.7062842290490865,0.2366559619992971,0.0536305196583271,-0.3342390358448028,-0.1861623674631118,-0.282573517435044,-0.4147112664699554,0.6590894932843744,-0.1439037322998047,-0.2357688695192337,0.2837490141391754
1774469961362041400,149.4636259765625,-3.933405616611242,2.384660509350896,-0.7786439473390578,-0.1281048059463501,0.351437509059906,-0.1673048287630081,-1.884036946187168,0.9686369423627852,-0.0267746096789836,0.0095444368198513,-0.2323264330625534,-0.0031383589375764,-0.2946656678974628,-0.633126638379693,0.6490367396950721,-0.1190026402473449,-0.185796782374382,0.2507157027721405
1774469961372068400,149.47365307617187,-3.745666537994146,2.417059388652444,-0.8857944085031747,-0.0966367647051811,0.2636193335056305,-0.1069986373186111,-1.960424312558025,1.061744265127182,-0.3520136950165033,-0.0511450096964836,-0.1099283546209335,0.1971862167119979,-0.178384098033607,-0.7670593080073594,0.7072954519182443,-0.0856525227427482,-0.1587783843278885,0.2248442023992538
1774469961382094700,149.48367919921876,-3.263114784224331,2.1719212833814323,-0.807348063775897,-0.0810034796595573,0.167958602309227,-0.0574854128062725,-1.971042737206072,0.9983382531434296,-0.6875415346562862,-0.1080303788185119,0.0681866779923439,0.4132756292819977,-0.0326025851801037,-0.7931178783714771,0.8397017887614667,-0.0545635819435119,-0.1547474265098571,0.2064995467662811
1774469961392120700,149.4937053222656,-2.783165321907401,1.5389587495222687,-0.6783785695135593,-0.0613292045891284,0.0679587572813034,-0.0390162095427513,-1.869954644820839,0.8341431317210197,-1.1113473772078752,-0.1602925211191177,0.2790038287639618,0.6279109716415405,0.126589028866589,-0.6385469098627566,0.9543643791213632,-0.0314426235854625,-0.1498373448848724,0.1828302890062332
1774469961402147700,149.50373217773438,-2.3013635097220537,0.7360821320720017,-0.5424900896430015,-0.0028280760161578,-0.0471750162541866,-0.0407842844724655,-1.634839920914173,0.575195842936635,-1.474182910490036,-0.2000306695699691,0.510242760181427,0.8322873115539551,0.2749053208947181,-0.4419043938219547,0.9945749550871552,-0.012619137763977,-0.1605110317468643,0.1453809142112732
1774469961412173700,149.51375830078126,-1.7394418666392564,-0.0673239891450852,-0.4640355616092682,0.0938635542988777,-0.1584867238998413,-0.0534940734505653,-1.3231645198963582,0.4012012120336294,-1.679533049121499,-0.2269304692745208,0.7327948808670044,1.0134648084640503,0.3888452960684895,-0.2555810272216797,0.9949762293644248,0.0106830615550279,-0.1960610300302505,0.1013833507895469
1774469961422200400,149.52378491210936,-1.0348998050823808,-0.7630734532415866,-0.4004161991357803,0.213154524564743,-0.25041663646698,-0.0729034543037414,-0.9652562138833104,0.2768336586087942,-1.6736778933525085,-0.2284934073686599,0.9327075481414796,1.163694143295288,0.3611196692749858,-0.0575379967331886,0.930126156052202,0.0244223102927207,-0.2476992011070251,0.0502179004251956
1774469961432226400,149.53381103515625,-0.3145198306635022,-1.416743551825732,-0.4286749098926782,0.3366604149341583,-0.3111720979213714,-0.1071791872382164,-0.6058778353177011,0.1360807875722646,-1.5191209533691403,-0.2076232731342315,1.102358341217041,1.279510259628296,0.3372358126014471,0.1927496002554893,0.7899396867267787,0.0195374898612499,-0.2972581386566162,-0.0019036983139812
1774469961442252600,149.54383715820313,0.5586541657194495,-1.9607640659064047,-0.4366811062157154,0.4167238175868988,-0.2716494500637054,-0.1534159332513809,-0.2538277538135647,-0.0693745649993419,-1.3340361886531114,-0.184352695941925,1.258602499961853,1.357608675956726,0.3171417035996913,0.478362777647376,0.5813169561654329,-0.0030719498172402,-0.334667295217514,-0.0529511682689189
1774469961452279700,149.5538642578125,1.478621769720316,-2.28892649134472,-0.5487281072497368,0.4453732669353485,-0.1587349474430084,-0.190322607755661,0.1357438107028603,-0.2802086879998445,-1.0393664291024207,-0.1596971601247787,1.391817569732666,1.3940473794937134,0.3107704150021076,0.6879524535447359,0.3446979651756584,-0.0369986481964588,-0.348356544971466,-0.088844746351242
1774469961462305600,149.56389013671875,2.028661836351454,-2.312189731901884,-0.8873983365684747,0.4660143554210663,-0.0618305094540119,-0.192620113492012,0.4772071778714656,-0.4352104491412639,-0.6268021115332841,-0.1442978680133819,1.5010181665420532,1.406568169593811,0.2573658648118376,0.7659767734676599,0.1731261775054037,-0.0723550394177436,-0.3097156882286072,-0.1227201521396637
1774469961472332600,149.57391723632813,2.080111745342612,-2.086208600912988,-1.4342740939497949,0.4780145585536957,-0.0211964175105094,-0.1655256003141403,0.797569889344275,-0.5064391175746917,-0.21665771458745,-0.1524894833564758,1.546241044998169,1.3726274967193604,0.2437421208679676,0.7484685893058777,0.0244837222628295,-0.10868601500988,-0.2079926282167434,-0.1476456522941589
1774469961482358600,149.58394311523438,2.159413830116391,-1.5404491342104971,-2.0568904442310334,0.4753138422966003,0.0238046124577522,-0.0886513218283653,1.122021331435442,-0.5091664967119693,0.1837076311439275,-0.1626544296741485,1.5199583768844604,1.296408772468567,0.2178885715566575,0.6085761344909668,-0.1149839312687516,-0.1336840391159057,-0.0450985133647918,-0.1722450107336044
1774469961492385600,149.59397021484375,2.248026471810043,-0.6146542853608727,-2.7992326596111057,0.4594429135322571,0.1143070831894874,0.005906525067985,1.393108847607672,-0.4198568126648664,0.5296452211171389,-0.1750501245260238,1.4237838983535769,1.181645750999451,0.1938059774406254,0.4050181399732828,-0.198936472196877,-0.1406557708978653,0.1339810490608215,-0.17803256213665
1774469961502411600,149.60399633789064,2.163591700322926,0.4020103364594281,-3.633214463290572,0.403415322303772,0.2164944261312484,0.0649109855294227,1.7036077521920203,-0.3362012088567018,0.8176455859065055,-0.1841698288917541,1.2588965892791748,1.0104817152023315,0.1813131372228264,0.1835942338973283,-0.2209362686894833,-0.1305043250322342,0.3017420768737793,-0.1684715449810028
1774469961512437600,149.61402221679688,2.074197845123708,1.282916680660099,-4.251083326783776,0.2601520121097564,0.2975140213966369,0.1393090188503265,1.923536305143684,-0.3511643847107887,1.0816162558108569,-0.188417837023735,1.0526347160339355,0.7947962880134583,0.2259144954934716,-0.0605108750641345,-0.2054372323930263,-0.1178267151117324,0.4354722797870636,-0.1536727249622345
1774469961522464600,149.62404931640626,2.08452693143636,1.7795467902734874,-4.795169161185622,0.0792850330471992,0.3207706212997436,0.2529583573341369,2.001205674149096,-0.3671791154444217,1.2885872736424206,-0.1906400024890899,0.8213167786598206,0.5510156154632568,0.3354161959588527,-0.301606865337491,-0.1277807228691876,-0.099997378885746,0.5370603799819946,-0.1409105807542801
1774469961532490600,149.6340751953125,1.7917513150691986,1.783161765900254,-5.247798362639546,-0.0666666328907013,0.2647612690925598,0.4023900032043457,1.964157215476036,-0.3390992683857679,1.4017910434961318,-0.1823224127292633,0.5769509673118591,0.2979109287261963,0.3963225000813603,-0.4886310736835003,-0.0012939853332936,-0.0651692152023315,0.6135246753692627,-0.1318949162960052
1774469961542517600,149.64410229492188,1.3716083789393303,1.3452186769247054,-5.817592054271698,-0.1115422248840332,0.1642892509698867,0.5526021718978882,1.778661824132502,-0.264034382790327,1.3913865538597106,-0.1668879389762878,0.3360864520072937,0.0644748508930206,0.4370581228345632,-0.558617633101344,0.1356226685412228,-0.0233312174677848,0.6756873726844788,-0.12588632106781
1774469961552543600,149.65412817382813,1.160654721212387,0.6646985653378069,-6.06815086941719,-0.0531673207879066,0.0727865397930145,0.6673787832260132,1.4236473398648202,-0.1365185944676399,1.1595470522314308,-0.1500117480754852,0.128056526184082,-0.1366696953773498,0.3970157430425286,-0.5063087691932916,0.1901344493210315,0.0091015538200736,0.7257423400878906,-0.1256545782089233
1774469961562569600,149.664154296875,1.4975824907779691,-0.1937524936877191,-5.574470111128687,0.0302215777337551,0.0670511573553085,0.7520702481269836,1.2011352001607418,-0.0167518128365278,0.8923293632298708,-0.1261639446020126,-0.0385675989091396,-0.3082771301269531,0.345557650744915,-0.3445025887340307,0.1562491308540105,0.0061281342059373,0.7804763913154602,-0.1117632612586021
1774469961572596600,149.67418115234375,2.057683640435338,-1.3067929385490715,-4.270050477582216,0.058086022734642,0.154642179608345,0.7922624349594116,0.8625003344163298,0.0259112708479166,0.5988759937316179,-0.0963937938213348,-0.1769696921110153,-0.4496984481811523,0.2776043507203459,-0.1357657302737236,-0.0057632397018373,-0.0132102882489562,0.8386601805686951,-0.0883530974388122
1774469961582622600,149.68420727539063,2.321778521241248,-2.305131191692501,-2.815957584440708,0.0135723492130637,0.2390683740377426,0.8179782032966614,0.5911050674691796,0.0810281779140233,0.3720692255735397,-0.0746866464614868,-0.2756948173046112,-0.5577223896980286,0.282981075322628,-0.012560790887475,-0.188525845080614,-0.0431080013513565,0.8805314898490906,-0.0655796080827713
1774469961592649600,149.69423413085937,2.150608592370153,-2.7306986370891333,-1.719477521497011,-0.0528939366340637,0.2121549695730209,0.7963615655899048,0.2838768551185727,0.1611976931720972,0.1896627401560545,-0.0583931617438793,-0.3413992822170257,-0.6246998310089111,0.3464658516310155,0.0053863692134618,-0.3563103692971169,-0.0995292514562606,0.903285264968872,-0.0450708754360675
1774469961602675600,149.70426025390626,1.9575094480246304,-2.737318347489833,-0.6518523816376924,-0.1223627626895904,0.1246834322810173,0.7573955655097961,0.0177206578686833,0.2399924129456281,0.018782441881299,-0.0481474958360195,-0.3756791949272156,-0.6457639932632446,0.3976315368533134,0.000315057298541,-0.4765339547850191,-0.1614538580179214,0.8918517827987671,-0.0219429209828376
1774469961612702600,149.714287109375,1.837671062462032,-2.41016188422367,0.3307739231109619,-0.1594289094209671,0.0160222351551055,0.7180457711219788,-0.2294989298515021,0.33857319868505,-0.1778454611122608,-0.0375329367816448,-0.3721957802772522,-0.6256741881370544,0.4120259729087352,0.0630032764017582,-0.5143683031387627,-0.2208336442708969,0.8268281817436218,-0.0020996169187128
1774469961622728600,149.72431323242188,1.6962056592419743,-1.9908897395789624,1.233770226305723,-0.1975645720958709,-0.0864311680197715,0.6669602394104004,-0.465299444065243,0.4170604599446058,-0.3510585862487554,-0.0239751022309064,-0.3336758911609649,-0.5676279067993164,0.4481178615093231,0.2246989822238683,-0.474768844808638,-0.2610785365104675,0.7168351411819458,0.0128780007362365
1774469961632754500,149.73433911132813,1.567779770337045,-1.434179839795083,1.9433879836916923,-0.2290007621049881,-0.1557904779911041,0.6049054861068726,-0.5793583694435656,0.4920733230918646,-0.5208657023340464,-0.0107887256890535,-0.2644965350627899,-0.4806325435638428,0.4892714174136519,0.382837287825346,-0.3957021762259304,-0.2844412326812744,0.580082893371582,0.0237325318157672
1774469961642781500,149.7443662109375,1.5590268472999331,-0.8704953517582267,2.3644120865702627,-0.2737155258655548,-0.1740051656961441,0.5565595030784607,-0.662108987236023,0.5636474439620971,-0.6212123287022113,0.007524337619543,-0.1681832671165466,-0.3625931143760681,0.4462009219720959,0.5421066432833671,-0.2715129019774496,-0.2822888493537903,0.4210663735866546,0.0399309396743774
1774469961652807400,149.75439208984375,1.6237547555372118,-0.5508605161685496,2.493005148735642,-0.3391986489295959,-0.1824724525213241,0.52726149559021,-0.7009341001927852,0.5701461583316326,-0.6318932971924544,0.026332912966609,-0.0384620316326618,-0.2218474447727203,0.3648223231852054,0.6507417900472879,-0.1246848026804625,-0.269493043422699,0.2600108981132507,0.0586019530892372
1774469961662834500,149.76441918945312,1.829221506285668,-0.4856701049860566,2.450951721382141,-0.4178529679775238,-0.1699715852737426,0.5038778781890869,-0.7335340550243854,0.5319400540560484,-0.6437269428491592,0.0322513170540332,0.0994009599089622,-0.0734825134277343,0.2561336926683783,0.6205126560002565,-0.0118134796515107,-0.2483853548765182,0.1105161979794502,0.081732302904129
1774469961672860800,149.7744453125,2.076281081138552,-0.7570590883228927,2.3126848219424483,-0.4775640666484833,-0.1434614062309265,0.468779981136322,-0.6906510449789464,0.3992454017907381,-0.655831222140789,0.0231579523533582,0.2371489852666854,0.0730925425887107,0.1374225575700402,0.4987929867357015,0.034001784453541,-0.2179604470729828,-0.0230650231242179,0.1056576296687126
1774469961682886800,149.78447143554686,2.331572477763891,-1.1544917416032403,2.032760796102881,-0.496486634016037,-0.1049148067831993,0.4343146979808807,-0.6384459337063133,0.2191992157638072,-0.6051192720353603,0.0002286587841808,0.3604651391506195,0.1997365206480026,-0.0125464701011776,0.3992857338011265,0.0437405036576092,-0.180044487118721,-0.1271645277738571,0.132295623421669
1774469961692913400,149.794498046875,2.390195931646228,-1.4529296945810315,1.6766858429968357,-0.4756666123867035,-0.0606334842741489,0.3927537798881531,-0.4545220294632017,0.0075794953435659,-0.4708025715261697,-0.0283611733466386,0.440962940454483,0.2867276072502136,-0.1786079699173569,0.3467892383664846,0.0067163026429712,-0.1378840804100036,-0.2069573700428009,0.1539806723594665
1774469961702939400,149.80452416992188,2.3031597454890607,-1.665101788187027,1.1837374906361102,-0.4049037396907806,-0.018981110304594,0.3418991267681122,-0.2246713635645806,-0.2352250524133443,-0.1474748727679252,-0.0389066375792026,0.4691365957260132,0.3246945440769195,-0.271874867157638,0.3381459131836891,-0.0714385117918253,-0.1109595298767089,-0.2616195380687713,0.1657017767429351
1774469961712966400,149.8145510253906,2.152673708206415,-1.7074540523566304,0.6799936034947633,-0.3062681853771209,-0.0038653314113616,0.277769386768341,-0.032065847954899,-0.4487240107089281,0.2038648685097694,-0.0352426618337631,0.4617953300476074,0.3309577703475952,-0.3159910722598433,0.3008826427161693,-0.1799284048661589,-0.0894544348120689,-0.2989215552806854,0.17379130423069
1774469961722992400,149.8245771484375,1.9321122641786928,-1.6564979182317852,0.2591208917856216,-0.2092585563659668,-0.0075751142576336,0.1986498236656189,0.1492972658894956,-0.57701429053545,0.4400356773406267,-0.0271095186471939,0.4198374152183532,0.3148580491542816,-0.3924155557706952,0.2187842052221298,-0.2391694061249494,-0.0667445957660675,-0.3334289193153381,0.1797818094491958
1774469961733018400,149.83460302734375,1.6778642391264438,-1.4535647776141762,0.0005547112733125,-0.128632590174675,-0.0332564748823642,0.1186195760965347,0.3058931643545627,-0.5827887822836637,0.5707914704978466,-0.0191551893949508,0.3671941757202148,0.2784901857376098,-0.4267740447074175,0.1650818411290645,-0.2257159041814506,-0.0450515523552894,-0.3587751984596252,0.1809152960777282
1774469961743045700,149.84463037109376,1.4904659367710351,-1.134567947667092,-0.0949117418378591,-0.0747318118810653,-0.0733879134058952,0.0380528271198272,0.413185518207401,-0.5320744940906763,0.6064554890751839,-0.008679237216711,0.3120081126689911,0.231543630361557,-0.3298921718403697,0.0947223567456007,-0.1818647797562181,-0.0244605224579572,-0.3706475794315338,0.1756638139486313
1774469961753071700,149.85465625,1.439196937304735,-0.7205061580818146,0.0284293911486864,-0.0455750897526741,-0.1104834228754043,-0.01667345687747,0.4622561308465898,-0.3850748376190662,0.5848153196752071,-0.0062911808490753,0.2546614706516266,0.1796732395887375,-0.1944926445305347,0.0088788875043392,-0.1659722140975296,-0.0110601689666509,-0.3580606877803802,0.1665396988391876
1774469961763098400,149.86468310546874,1.3678618858873843,-0.3462096849128603,0.2582259887725114,-0.0245262626558542,-0.1573883444070816,-0.0515217185020446,0.4579496658243239,-0.2465197688877582,0.5048509716004133,-0.0064736474305391,0.2052822709083557,0.1353078931570053,-0.0784168263718485,-0.0392214187979698,-0.2239486022479832,-0.0062414454296231,-0.3135523200035095,0.1565856039524078
1774469961773124400,149.874708984375,1.253621758723259,-0.1242073213618248,0.5059434430122375,-0.0171060934662818,-0.2211873233318328,-0.0894972681999206,0.4135504059970378,-0.153551562333107,0.3933750484526157,-0.0081841964274644,0.1555346995592117,0.0966153517365455,-0.0028960137024521,-0.0741746587574481,-0.3131188778243959,-0.0017536600353196,-0.2368693649768829,0.1401023119688034
1774469961783151700,149.884736328125,1.369050803411007,-0.0027802783682942,0.7834417030096054,-0.017149768769741,-0.2718504965305328,-0.1035760641098022,0.3644550973080098,-0.0872130040287971,0.2989057896852493,-0.0147640882059931,0.1122074052691459,0.0662553533911705,0.0493093898311257,-0.1451747791320085,-0.3898335764534771,0.0080483704805374,-0.142061099410057,0.1200220733880996
1774469961793177700,149.89476220703125,1.5230062703698872,0.0758971717011183,0.8846423158586024,-0.0136832911521196,-0.2962609827518463,-0.0984373241662979,0.324789734134823,-0.099986560884118,0.195723063108325,-0.0245892889797687,0.0683483332395553,0.0360321961343288,0.0603799421608448,-0.240389887830615,-0.4264430591873824,0.0143954576924443,-0.0442466586828231,0.0951040759682655
1774469961803203700,149.90478833007813,1.5839073137953876,0.0770291714057326,0.902185571333766,-0.0194375850260257,-0.2985342442989349,-0.073237158358097,0.2788556659556925,-0.1300713180243969,0.1545627852022647,-0.0349077247083187,0.0267755445092916,0.011655781418085,0.0859910610184073,-0.2931915036916732,-0.4801747955054044,0.0151656437665224,0.0460060089826583,0.0613628886640071
1774469961813230700,149.91481518554687,1.6022797135710716,0.010246741791442,0.8009890501379966,-0.0168752521276474,-0.298275887966156,-0.0403185039758682,0.2355963699437677,-0.1987199068367481,0.1185538987100124,-0.0441153384745121,-0.0075182477012276,-0.0131345195695757,0.1496419876739382,-0.3004091799855232,-0.5621650964498519,-0.0004024441586807,0.1233502402901649,0.0326270759105682
1774469961823256700,149.92484130859376,1.518551044526696,-0.1088099918741732,0.5907336038082838,0.0104090981185436,-0.2979365885257721,-0.0114205460995435,0.1911268213592469,-0.2587760238707065,0.0829705441534519,-0.0574156269431114,-0.0317483954131603,-0.0331972390413284,0.2012757287994027,-0.2515302905261516,-0.6721406980372965,-0.008455310948193,0.19028240442276,0.0128147536888718
1774469961833283400,149.93486791992189,1.421960848082602,-0.2784188819736242,0.3492845623135566,0.0607714317739009,-0.3112515807151794,0.0135374022647738,0.141080203294754,-0.3190717948794365,0.0622878216087818,-0.0699500665068626,-0.0424220785498619,-0.051598884165287,0.236275730510056,-0.1171709199190139,-0.6719521897278725,-0.0172394569963216,0.235128253698349,0.0057138707488775
1774469961843309400,149.94489404296874,1.3378276898905634,-0.4224015287116169,0.0991729064136743,0.1195876151323318,-0.3198772966861725,0.0321307927370071,0.0658111734293401,-0.3387818729996681,0.090879709842801,-0.0805862247943878,-0.0487060621380806,-0.0581875406205654,0.2873597287982702,-0.0065600891679525,-0.5932160682737827,-0.0210560336709022,0.2522294819355011,-0.0020937183871865
1774469961853335700,149.95492016601565,1.2972510570913554,-0.5160277607835829,-0.0437105469107627,0.1797564923763275,-0.3325590193271637,0.0401695966720581,0.0169717391975224,-0.3222136000365018,0.1269593234837055,-0.0815982222557067,-0.0578436329960823,-0.0644595548510551,0.373752648615837,0.0647767158150672,-0.5031728092551231,-0.0212363302707672,0.2393062263727188,-0.0052785924635827
1774469961863362700,149.964947265625,1.253669981779158,-0.5536377988621592,-0.1464239024102687,0.224884033203125,-0.3375791013240814,0.0343271531164646,-0.0200737968660891,-0.3044792059034109,0.1760316896885633,-0.0801673531532287,-0.0656830221414566,-0.0644501745700836,0.4539095966532826,0.1102624557048082,-0.4016720444157719,-0.0209508389234542,0.2013646960258484,0.0006208417471498
1774469961873388600,149.97497314453125,1.0859992932006717,-0.5718764161903411,-0.2325619706839322,0.2592653036117553,-0.3482624590396881,0.0133907720446586,-0.0287594998858869,-0.268825708720088,0.1913818190336227,-0.0757361203432083,-0.0706295743584632,-0.0591004118323326,0.4892129652246832,0.1496370192378759,-0.340430809250474,-0.0196665897965431,0.1483340561389923,0.0147229880094528
1774469961883415700,149.98500024414062,0.9605442368000744,-0.5356526448383927,-0.2785878087997436,0.2777971625328064,-0.3746498525142669,-0.0055315205827355,-0.0438239441573619,-0.1956611037880182,0.1602846699804067,-0.0728658735752105,-0.0728894621133804,-0.0480950437486171,0.5507026221930981,0.2103711816638708,-0.3206310070201754,-0.0123476916924119,0.0865977257490158,0.0330186374485492
1774469961893441600,149.99502612304687,0.8913876984655856,-0.448572181148082,-0.279939223408699,0.2888636887073517,-0.4021793901920318,-0.0121365739032626,-0.0834241331398487,-0.1602618736267089,0.0786971046179532,-0.0714615881443023,-0.0744649842381477,-0.040356695652008,0.6029977498367428,0.2468611296713352,-0.3129781541794538,-0.0080157667398452,0.030712004750967,0.0575656294822692
1774469961903468600,150.00505322265624,0.9756003516346216,-0.3040891106072813,-0.2578150698840618,0.2865805625915527,-0.4179532825946808,0.0061026168987154,-0.1044679440818727,-0.1459779122084379,0.0125946931570768,-0.0751847922801971,-0.0751249492168426,-0.0298797115683555,0.6167641171216964,0.1819160715520381,-0.3748438048534095,-0.001740027568303,-0.0106151960790157,0.0790341719985008
1774469961913494600,150.01507934570313,1.0588983741767704,-0.1525876126717776,-0.2493471012681722,0.2750598192214966,-0.4064309298992157,0.0551149025559425,-0.171318543561548,-0.1056622684329748,-0.036440263646841,-0.0808842256665229,-0.0678478628396987,-0.0162235535681247,0.6633002428472041,0.063626376736164,-0.3874140942215919,0.01792998239398,-0.040601946413517,0.092357113957405
1774469961923520600,150.02510522460938,0.9754666422523558,0.0002240910794585,-0.2133990050524473,0.252307653427124,-0.3674236238002777,0.122632697224617,-0.1827178894542157,-0.0727647919595241,-0.0829980166822671,-0.0871764570474624,-0.0576665475964546,0.0023660794831812,0.6868041602924466,-0.0096031101256608,-0.3612783669680356,0.0360820889472961,-0.0639528036117553,0.1014377027750015
1774469961933547600,150.03513232421875,0.8945711508072912,0.133898913488537,-0.2211123559087514,0.2309114634990692,-0.3095104396343231,0.1950994431972503,-0.2131153658054768,-0.0570692101776599,-0.0772480748534202,-0.0891011208295822,-0.0503849312663078,0.0117912730202078,0.6389060985639691,-0.0150736504912376,-0.3641694122344255,0.0561845861375331,-0.073000356554985,0.1081952229142189
1774469961943573600,150.045158203125,0.8245986199147999,0.2424285540513694,-0.3264285873830318,0.2129580378532409,-0.2397582381963729,0.251875102519989,-0.183715083798021,-0.0825263075172901,-0.0064086979985237,-0.086634486913681,-0.0448557846248149,0.0132570620626211,0.5655345728829503,0.0251350257784128,-0.3563664833985269,0.0765886604785919,-0.075279489159584,0.1148818880319595
1774469961953600600,150.05518530273437,0.7996925805866718,0.3378597166534513,-0.4786527005046606,0.1959301084280014,-0.1718674153089523,0.3159563541412353,-0.1689462614722549,-0.090124507561326,0.0461544329315423,-0.0834370926022529,-0.0457538031041622,0.0069000963121652,0.5114227512061595,0.0436567708969116,-0.3193514886036515,0.0852540880441665,-0.0722172185778617,0.1153259128332138
1774469961963626600,150.06521118164062,0.7536033218458295,0.5508660691265016,-0.8712947585076093,0.1796760410070419,-0.1343815624713897,0.4158831834793091,-0.1565429992340505,-0.1186059211581945,0.0942407107084989,-0.0776881426572799,-0.0493364445865154,-0.0058172815479338,0.475671638867259,0.0036029929280281,-0.2914981437772512,0.0946153625845909,-0.066820852458477,0.1097143664956092
1774469961973652600,150.0752373046875,0.599461392404139,0.7397806212637573,-1.3148767301529645,0.1569253057241439,-0.0935770571231842,0.5277588367462158,-0.1401170573510229,-0.095260701406002,0.1130681607753038,-0.07171680778265,-0.0616817958652973,-0.0192787609994411,0.4469277749419212,-0.0254167653292417,-0.2572771636150777,0.1015199497342109,-0.068555548787117,0.1097720563411712
1774469961983679600,150.08526416015624,0.2891144635111093,0.6564458469077944,-1.6063140836536884,0.1381039470434188,-0.0597104355692863,0.6131722331047058,-0.1522046777687966,-0.0512771827727556,0.0864525410503149,-0.0631699562072753,-0.0716434866189956,-0.0308949183672666,0.3406587727874517,0.0413923330962657,-0.1970662944108247,0.1020504534244537,-0.0652492344379425,0.1068271398544311
1774469961993705600,150.09529028320313,0.0274066239722073,0.6655548899061977,-1.960861681061983,0.1328167170286178,-0.0418567731976509,0.6590436697006226,-0.176240217872709,-0.0283341140806674,0.0216407539218664,-0.0587706863880157,-0.0799096748232841,-0.0361935421824455,0.2962903464898467,0.0923924524933099,-0.1564914151772856,0.1013719588518142,-0.0660838633775711,0.1044248417019844
1774469962003732600,150.10531713867186,-0.1425285024069249,0.8359837180864066,-2.3311837707072494,0.1455620676279068,-0.0319689884781837,0.7204726934432983,-0.1848724371396005,-0.0237631529033184,-0.0484954430997371,-0.0558255650103092,-0.0791880115866661,-0.0393908321857452,0.2959510315328836,0.0584521889686584,-0.1229677696295082,0.0968363285064697,-0.0573660098016262,0.0987155586481094
1774469962013758800,150.1153435058594,-0.3422235378861427,0.9529691984359174,-2.446146951448917,0.1296098530292511,-0.0305537246167659,0.8266131281852722,-0.1970563575387001,-0.0466781645447015,-0.0993026702731847,-0.0592224262654781,-0.0740742087364196,-0.0405732728540897,0.289284851641953,-0.0065215107232332,-0.0802551477149128,0.0954661965370178,-0.049256682395935,0.0925905257463455
1774469962023784800,150.12536938476563,-0.5566404878094792,0.9124922266189008,-2.367500115713477,0.1005363836884498,-0.0527194812893867,0.9705223441123962,-0.1955005063988268,-0.0571107112318277,-0.1104699609756469,-0.057944867759943,-0.064393512904644,-0.0382073819637298,0.2940980971425772,-0.0311433262825012,-0.0750027801446616,0.0901875495910644,-0.0449514165520668,0.0860490053892135
1774469962033811600,150.13539624023437,-0.6485000024698674,0.4289734544478356,-1.9055010283678768,0.0931652039289474,-0.0726806819438934,1.0794508457183838,-0.2305224276803433,-0.0910386997967958,-0.0777981099516153,-0.0554867684841156,-0.0545363575220108,-0.0323468297719955,0.2904720155999064,0.0226718505352735,-0.0954560778476297,0.0869901031255722,-0.0469994805753231,0.0832545161247253
1774469962043837500,150.14542211914062,-0.6193877436235546,-0.0707384737636894,-1.2048977675646544,0.1565596312284469,-0.0953231379389762,1.1412742137908936,-0.2269780330717563,-0.1054933416068553,-0.0429220268815755,-0.0534216314554214,-0.0462983138859272,-0.0263095814734697,0.2524672791153192,0.0764332513391971,-0.0496919594079256,0.081840880215168,-0.040227860212326,0.081614539027214
1774469962053864600,150.15544921875,-0.5835375548243522,-0.6482053303722292,-0.2681424026310444,0.2767314910888672,-0.0797536671161651,1.1538885831832886,-0.2350818445503711,-0.1109071833491325,0.0084749828785657,-0.0507715195417404,-0.0404010117053985,-0.0224551875144243,0.2097512961998582,0.1221516309410333,0.007269698742032,0.0827212706208229,-0.0341820418834686,0.0788405537605285
1774469962063890500,150.16547509765624,-0.5554758279442786,-1.0840218556478618,0.8373609247237443,0.3943009972572326,-0.0069937161169946,1.1249650716781616,-0.2367791499875485,-0.1354383980154991,0.0465624292105436,-0.0508285723626613,-0.0359651371836662,-0.0184403825551271,0.169797471474111,0.1722813972443342,0.0691897099517285,0.083391860127449,-0.0291119143366813,0.0794461518526077
1774469962073917800,150.17550244140625,-0.4394873958081007,-1.3289008715912698,2.158615373215079,0.4502718150615692,0.1575177907943725,1.0728461742401123,-0.2326094630874693,-0.1469067174911499,0.064016252836585,-0.0475315786898136,-0.0336005166172981,-0.0178811196237802,0.1687733891233801,0.1940098294496536,0.1014952118813991,0.0815506279468536,-0.0280533079057931,0.0838455706834793
1774469962083943800,150.1855283203125,-0.2554682144969701,-1.2697745827533304,3.2832530246287583,0.4555749595165252,0.334636390209198,1.0184820890426636,-0.236018248617649,-0.1696282523870468,0.0822556738823652,-0.0439227223396301,-0.031985193490982,-0.0211952123790979,0.1782274461671709,0.2032639800071716,0.1022188499808311,0.075609378516674,-0.0337884239852428,0.0888789445161819
1774469962093969800,150.19555444335938,-0.0049114451780915,-0.9565298135269432,4.079555962777137,0.4202540516853332,0.4972502291202545,0.950410544872284,-0.2490669691525399,-0.1720201159596443,0.0783516521811485,-0.0428974032402038,-0.0328515172004699,-0.0261803828179836,0.1828875469326973,0.1923141314476728,0.1255270987235009,0.0654135346412658,-0.0440782569348812,0.0921553447842598
1774469962103996400,150.2055810546875,0.1954360628604888,-0.7686248037584126,4.549546633398532,0.351197749376297,0.6246867775917053,0.8702392578125,-0.2476233462154865,-0.1641729095906019,0.0291460149854421,-0.0445861034095287,-0.0332185700535774,-0.0326078981161117,0.1908040191456675,0.161878661173582,0.149077339528501,0.0563699789345264,-0.0512219220399856,0.0922213941812515
1774469962114022400,150.21560717773437,-0.3020719986312091,-0.9920415641520172,3.964838865751028,0.3084330558776855,0.607323169708252,0.7608345746994019,-0.2386522503830492,-0.1503442907243967,-0.0211082544803619,-0.0469107776880264,-0.0305894948542118,-0.0370737537741661,0.2134039734885096,0.1224199264883995,0.1950947020769119,0.0553452894091606,-0.0626451075077056,0.0902968049049377
1774469962124049800,150.22563427734374,-1.1561332982651888,-1.4058008636593815,2.686472541871667,0.3002116084098816,0.5253907442092896,0.6114611029624939,-0.2457318333804607,-0.1047048215776681,-0.0128618196606636,-0.0481098853051662,-0.0215103197842836,-0.0335880666971206,0.1982590113267302,0.0929284590661525,0.2445928924784064,0.0520035549998283,-0.0751861929893493,0.0891010463237762
1774469962134075800,150.23566040039063,-1.5729459209285677,-1.5865654270887375,1.749679767537117,0.2844154834747314,0.4517002701759338,0.4613145887851715,-0.2593627377174795,-0.0501718518793582,0.0052951837986707,-0.0471918955445289,-0.0092011895030736,-0.0272073987871408,0.1989244894981384,0.0633405455321073,0.2918478339977562,0.0488692335784435,-0.0911042690277099,0.0824055448174476
1774469962144101700,150.24568627929688,-1.81664610235095,-1.6556052071757614,0.9566548281461,0.2448537051677703,0.3636588454246521,0.321704238653183,-0.2707296426452696,0.0073971245139837,0.0214081142097711,-0.0443862825632095,0.0052627604454755,-0.0144492136314511,0.1895712624803185,0.0792126529246568,0.3001142886921763,0.0422760434448719,-0.1067298352718353,0.0730791538953781
1774469962154128700,150.25571337890625,-2.0302571427188814,-1.6004793861508368,0.1433423030078411,0.1789089292287826,0.2264566868543625,0.1839426904916763,-0.3065991206668317,0.0296440276354551,0.0215787946015596,-0.0434083715081214,0.0237674694508314,0.0076478328555822,0.2037421189129352,0.0810983205407857,0.2632802034221589,0.0366975702345371,-0.1123078241944313,0.0638635605573654
1774469962164154700,150.2657392578125,-2.068323400132358,-1.371006613653898,-0.7204395956516265,0.0858034789562225,0.0350326523184776,0.0704403519630432,-0.3564484625935554,0.0260842893272638,0.0225339033693075,-0.042497232556343,0.0467884540557861,0.0340381003916263,0.1947284991130232,0.081603347453475,0.2189265363022685,0.0290279332548379,-0.1071841642260551,0.0551105514168739
1774469962174181400,150.27576611328124,-1.7827169447422029,-0.9615257221180944,-1.5363351230204103,-0.0172371212393045,-0.2085042893886566,-0.0117747690528631,-0.3704803489468991,0.0328998145610094,0.0009340659797191,-0.0391776040196418,0.0687099993228912,0.0596854053437709,0.178014680199325,0.0697954207599163,0.1740171349957585,0.0192504003643989,-0.0887536704540252,0.0443847067654132
1774469962184207700,150.28579223632812,-1.2180711373925208,-0.3524300207324325,-2.090748290169239,-0.1176401600241661,-0.4524703323841095,-0.0925758779048919,-0.3676445409990846,0.0311918415993452,0.009725859722495,-0.0381806269288063,0.0886709615588188,0.0826959982514381,0.1654141418233513,0.1039332526832819,0.1199998597346246,0.0085375681519508,-0.0589134842157363,0.032433770596981
1774469962194234700,150.2958193359375,-0.5062887493185698,0.3137571757279336,-2.165802069848776,-0.2163310348987579,-0.6159423589706421,-0.1637640446424484,-0.3240719412542879,-0.0185334355562925,-0.013784195202589,-0.0334537848830223,0.104008637368679,0.101428136229515,0.1839914165213704,0.1460720202326774,0.0962985200211405,0.0008983660954982,-0.0258511397987604,0.0204134657979011
1774469962204260700,150.30584521484374,0.2133956440515816,0.8816975676435976,-1.7680039442569015,-0.2990749478340149,-0.6682391166687012,-0.2181729525327682,-0.2668677065201103,-0.0296446121573448,-0.0241863467514514,-0.0288280975073575,0.1133905574679374,0.1103643551468849,0.1963023243010044,0.1554746393501758,0.0773959588915109,-0.0050545982085168,0.0079704727977514,0.011003453284502
1774469962214286700,150.31587133789063,0.843572054323554,1.164052181630954,-1.2608143005758523,-0.345691055059433,-0.6264447569847107,-0.2130211740732193,-0.2285211708605289,-0.023664953225851,-0.0050450084298849,-0.0288938786834478,0.1247878298163414,0.1202460154891014,0.1931377227902412,0.1293973642855882,0.0723832452960312,-0.0047333263792097,0.0354784429073333,0.0077627315185964
1774469962224313400,150.32589794921876,1.255552580655366,1.184881765300408,-0.7370183900088071,-0.3448590934276581,-0.5366301536560059,-0.1774810254573822,-0.1756093726232648,-0.0458247625857591,0.0042804537981748,-0.0260170176625251,0.1233605593442916,0.1192304268479347,0.2184431366994977,0.1220464170008897,0.1003954339459538,-0.0065669128671288,0.0529035069048404,0.0065536564216017
1774469962234339400,150.3359240722656,1.4712044792011378,1.0980020848792045,-0.2144102279216051,-0.3010757565498352,-0.4080221951007843,-0.1166798993945121,-0.1125721939519047,-0.0476215828746557,0.0275818344086408,-0.0267611052840948,0.1198073700070381,0.1121461540460586,0.2307233570799231,0.1485574073076248,0.105314039517194,-0.0103209055960178,0.0700484067201614,0.0023977935779839
1774469962244366700,150.34595141601562,1.4102625192433595,1.0169089519701895,0.2128349414288997,-0.2292699962854385,-0.2973998188972473,-0.0444118306040763,-0.0756229578696191,-0.0361094242572784,0.0584755698442459,-0.0239415876567363,0.1077821254730224,0.0929178595542907,0.2506596451714635,0.1610714364439248,0.082778236451745,-0.0145510695874691,0.0846454575657844,-0.0031514349393546
1774469962254392700,150.35597729492187,1.2535112840861082,0.8935052020762115,0.604649900957942,-0.1504292488098144,-0.2103743553161621,0.0457532182335853,-0.0096280984364449,-0.0801712688237428,0.0723369219362735,-0.0236321277916431,0.1007742807269096,0.0702247992157936,0.2476283146515488,0.1984001733630895,0.0463633995071053,-0.0237943418323993,0.1041282564401626,-0.0083785848692059
1774469962264418700,150.36600317382812,1.0038856581375002,0.8566730165023356,0.917584800517559,-0.0778770297765731,-0.1488915532827377,0.1306710392236709,0.0046446109354496,-0.0963829834342002,0.0597989274024963,-0.0242479313164949,0.0904976576566696,0.0444041602313518,0.2342193825021386,0.2274871516376733,-0.0086839494541287,-0.0357905477285385,0.1271664500236511,-0.0114508084952831
1774469962274445700,150.3760302734375,0.7515840909779071,0.8070721694439649,1.0494956089287997,-0.0131369456648826,-0.1153994649648666,0.1985040456056594,-0.0147488024510443,-0.1157400103330612,0.0475619616419076,-0.0224383138120174,0.0805949568748474,0.0174074303358793,0.2313236610606312,0.236544318318367,-0.0540975008904933,-0.0418470688164234,0.1514623910188675,-0.0095479059964418
1774469962284471700,150.38605615234374,0.5730068084597587,0.745745009560883,1.0299211398869752,0.034386895596981,-0.0836165025830268,0.2519193291664123,-0.0572716008819639,-0.0926800372630357,0.0527075078368186,-0.02114774659276,0.0711935088038444,0.0043915375135838,0.2192778339579701,0.2184790847957134,-0.0842111918643117,-0.0482554323971271,0.1652160137891769,-0.0066048470325767
1774469962294498400,150.3960830078125,0.482935784651339,0.5947556989312172,0.8135802361637353,0.0695628002285957,-0.0509939007461071,0.2861268520355224,-0.1014085565112531,-0.025455343773961,0.0176923085570335,-0.0221797209233045,0.0561322644352912,-0.0020863353274762,0.2256114208936691,0.2014870334625244,-0.0723962509080767,-0.0528204888105392,0.1649632006883621,-0.0051953867077827
1774469962304524600,150.40610913085936,0.3566398935124278,0.437476348246634,0.4921346978902816,0.0885820314288139,-0.0102565912529826,0.2932113707065582,-0.0587118628181517,0.0094482118248939,0.0015454758763313,-0.015636570751667,0.032802116125822,-0.0119531257078051,0.2611453833505511,0.1836678836554288,-0.040977907076478,-0.0521829277276992,0.1530964225530624,-0.0033468869514763
1774469962314550600,150.41613525390625,0.2129328488454222,0.2639207663480192,0.0667518152803182,0.1047581806778907,0.0315047577023506,0.2757793068885803,-0.0236018248617649,-0.0287286663562059,0.0488286205768585,-0.0079869059845805,0.0183209143579006,-0.023124286904931,0.2972507159546017,0.1582142934471368,0.0244854758284986,-0.045479666441679,0.132114976644516,-0.0028181378729641
1774469962324577600,150.42616235351562,0.0628100919172167,0.070446870405972,-0.336295901402831,0.1139527410268783,0.0674808621406555,0.2378782480955124,-0.0197451494336128,-0.0564987168133258,0.0117278471946716,-0.0087229739874601,0.0151349185034632,-0.0290237665176391,0.3090776396095752,0.1617401294857263,0.1262498600400984,-0.0337745398283004,0.1056359559297561,0.0014873947948217
1774469962334603600,150.43618823242187,-0.171274558289349,-0.0824083071608096,-0.6840127760082483,0.1170689463615417,0.0652652382850647,0.1836282312870025,-0.0325800810873508,-0.0461819054603576,-0.0597936667054891,-0.0066433111205697,0.0184074118733406,-0.0326616466045379,0.3318471053004264,0.1798427724093198,0.1623772583454847,-0.0280477721244096,0.078625202178955,0.0035003991797566
1774469962344630600,150.44621533203124,-0.3263917625039815,-0.1924612848334014,-0.9636825348258018,0.1237289756536483,0.016191441565752,0.1282432675361633,-0.0713676385127008,-0.0344797772288322,-0.0959416694074869,-0.0065368562936782,0.0170704144984483,-0.0355742797255516,0.3313999460548162,0.2077034237593412,0.1613536143861711,-0.0205547027289867,0.057672519236803,0.0064929933287203
1774469962354656600,150.4562412109375,-0.4059123123340308,-0.1927621674761176,-1.050218662506342,0.1268658488988876,-0.0553633794188499,0.0698441341519355,-0.1021945923224091,-0.0529845712125301,-0.0821311707198619,-0.0078641753643751,0.0127006992697715,-0.0367878824472427,0.3181327604636549,0.2210211704939603,0.1206901800863444,-0.0186629891395568,0.0493210218846797,0.0099145658314228
1774469962364683600,150.46626831054687,-0.3458661321721971,-0.0219372526504099,-0.7995464501142502,0.0964525416493415,-0.115884244441986,0.0296522378921508,-0.1123930379927158,-0.0605149667173624,-0.0707516985714435,-0.0071156434714794,0.0020177126862108,-0.036946527659893,0.2898807717084884,0.2145095966428518,0.0678917790956795,-0.0144906155765056,0.0496403351426124,0.0162547528743743
1774469962374709600,150.4762941894531,-0.2540223996028304,0.1775843259580433,-0.4369032245337962,0.0513739995658397,-0.1552279889583587,0.002108939923346,-0.1163936519362032,-0.0558843843072652,-0.0374304437279701,-0.0063015152700245,-0.004724346101284,-0.0326479189097881,0.2191507004469633,0.2121557269930839,0.0146133395031094,-0.0063349846750497,0.0481686815619468,0.0179891642183065
1774469962384735600,150.4863203125,-0.1924164227783679,0.2265190372578799,-0.1494546484082937,0.0144748399034142,-0.1701355576515197,5.08492812514e-05,-0.113938806129992,-0.0766448482632637,-0.0044862055033445,-0.0062099946662783,-0.0132356844842433,-0.028586771339178,0.1956754245743155,0.2265413952201604,0.0095638010285794,-0.0113728875294327,0.0503892265260219,0.0211889520287513
1774469962394762600,150.49634716796874,-0.3647426820777356,0.2679260564666241,0.0577361496537923,-0.0084882667288184,-0.1824151277542114,-0.0497108474373817,-0.134824942292273,-0.0946551367282867,0.0127443307608366,-0.0042240754701197,-0.0113243339583277,-0.0269579831510782,0.1805328005000948,0.1769832913249731,0.0022961481131613,-0.0223776884377002,0.0538120903074741,0.020837340503931
1774469962404788600,150.50637329101562,-0.2652206699654459,0.3014715485200285,0.317170345172286,-0.0194674152880907,-0.1695302277803421,-0.060141384601593,-0.1629025973938405,-0.0487023638486862,-0.0098053546994924,-0.0013164661359041,-0.0047678425908088,-0.0252971909940242,0.1617117801740765,0.0911684636563062,-0.0360929115138947,-0.0325629487633705,0.0508394688367843,0.0249207653105258
1774469962414815800,150.516400390625,-0.0544657496809959,0.2956383123219013,0.487370844489336,-0.0333901792764663,-0.1301874071359634,-0.0870620161294937,-0.1893874303460121,-0.0602940174430608,-0.0562555557072162,0.0021216745954006,0.0025989939458668,-0.0271598063409328,0.1282923256531357,0.0648830987989902,-0.0110784433752298,-0.0376521237194538,0.0438555926084518,0.0243525933474302
1774469962424841800,150.52642651367188,0.0011054770238697,0.259384438092634,0.5794476551622152,-0.0413706079125404,-0.0760426744818687,-0.1151112243533134,-0.2389959492541849,-0.0122813894242048,-0.0992050551176071,0.0078492425382137,0.0132573544979095,-0.0222501754760742,0.1062093809217214,0.0912000278383493,0.0318259017191827,-0.0403070300817489,0.0286558680236339,0.0235166270285844
1774469962434867800,150.53645239257813,0.0499251836419105,0.1904757370393723,0.5499895054876804,-0.0353014208376407,-0.0222856439650058,-0.1462974697351455,-0.2494809567809104,0.0396603947371244,-0.095857498255372,0.0155923832207918,0.0212255325168371,-0.0166655257344245,0.0804863261222839,0.1357674838393926,0.0839038794808089,-0.0459272600710392,0.0158466007560491,0.019215103238821
1774469962444894600,150.54647924804686,0.0506786323577165,0.1467803876977413,0.4567161785066127,-0.0241955071687698,0.0175517834722995,-0.1779851019382476,-0.2927285623550414,0.0915904884606599,-0.1050584573209285,0.0169989839196205,0.0316622145473957,-0.0054109282791614,0.092153675301373,0.0811357299417257,0.0891224909119308,-0.0463477745652198,0.0092020146548748,0.0090372990816831
1774469962454920600,150.5565051269531,0.0530696191474795,0.1619865785274654,0.3621346915364265,-0.0151285929605364,0.0421977341175079,-0.1956595331430435,-0.2829458578787744,0.0998906992942094,-0.1270212828040123,0.0130388624966144,0.0418093912303447,0.0110633866861462,0.1094765660241246,0.0084790745317935,0.0640258974477648,-0.0503139570355415,0.0067411581985652,0.0004813037812709
1774469962464947600,150.5665322265625,0.0128133043438196,0.1989792884252965,0.2139618996322154,0.0012365317670628,0.0451176241040229,-0.2073649168014526,-0.2439126551292836,0.1166483573496341,-0.1216021803647279,0.0106301056221127,0.043401513248682,0.0224808249622583,0.0922752558544278,-0.039961423510313,0.0246453425653278,-0.0580064952373504,0.0087433215230703,-0.0058178706094622
1774469962474973500,150.57655810546876,-0.0384144863292574,0.269275571379438,0.0891442643523216,0.0272469073534011,0.0407550707459449,-0.2090565115213394,-0.2180966613493859,0.076284198257327,-0.0819908854663372,0.0091286152601242,0.0454926304519176,0.0262236315757036,0.0704775578051805,-0.0239817640900611,-0.001331540864706,-0.0655502602458,0.0071931895799934,-0.0145403342321515
1774469962485000800,150.58658544921877,-0.0764057788103818,0.2938582970373332,-0.1016618006199598,0.0538441650569438,0.0244884826242923,-0.2128097116947174,-0.1707832676410675,0.0424415498882532,-0.0542681812822818,0.0095852948725223,0.045105367898941,0.0243402794003486,0.0608238865360617,-0.0027449147939682,-0.0257432208046317,-0.0684051662683487,0.0142250005155801,-0.0237815044820308
1774469962495026500,150.5966110839844,-0.1178866669729351,0.3723309452496469,-0.2326291907012462,0.0888916999101638,0.0046484074555337,-0.2110059410333633,-0.1173437922678887,-0.0007785831570625,-0.0066290627509355,0.0104857105761766,0.0435964204370975,0.0194017142057418,0.0674222618877887,0.0352957697868347,-0.0440351026900112,-0.0675156041979789,0.0230908375233411,-0.0296519678086042
1774469962505052400,150.60663720703124,-0.1426559281788766,0.4882425127573311,-0.3377987071812152,0.11206866055727,-0.0167921688407659,-0.2028161883354187,-0.0919477774657309,-0.0296095408439636,-0.0048427638560533,0.0118360975757241,0.0385736674070358,0.0155325159430503,0.0623766689360141,0.0667939008563757,-0.0593071983627974,-0.0629924908280372,0.0315168090164661,-0.0339947827160358
1774469962515079400,150.6166640625,-0.0763968648515641,0.603957827040553,-0.3784761700063944,0.1215003356337547,-0.0269805919378995,-0.1779408007860183,-0.0528011774696409,-0.0286345583319664,0.0006821370452642,0.0125114750117063,0.0325855463743209,0.0099721020087599,0.0675190002605319,0.1064338373273611,-0.0647489510253071,-0.0532925762236118,0.0396051853895187,-0.0359953008592128
1774469962525105400,150.62669018554686,-0.0232065419338643,0.7036622099824249,-0.3654863400518894,0.1193583533167839,-0.0277699511498212,-0.1512577831745147,-0.0271557179510593,-0.0311041633158922,0.0079956749290227,0.0140397092327475,0.0263505261391401,0.0073578599840402,0.0881014773011207,0.1796288373976945,-0.0473056487932801,-0.0421842671930789,0.0456883832812309,-0.0350578650832176
1774469962535132800,150.63671728515624,0.0247376970238983,0.7291320937383919,-0.293507145512104,0.1049012467265129,-0.0262968428432941,-0.1167978346347808,-0.0640916561603546,-0.0352104295909404,0.0020329671323299,0.0086055295541882,0.0282618757337331,0.0063591748476028,0.099098964394629,0.1825356647551059,-0.0365245809294283,-0.030336920171976,0.0496351048350334,-0.0332544073462486
1774469962545158800,150.64674340820312,0.0350789121657609,0.6792017224647104,-0.1901227588832378,0.0853235498070716,-0.0232973247766494,-0.0969524905085563,-0.1190682779729366,-0.014371639701724,-0.0442085595607757,0.0008685232605785,0.0382579043507576,0.0098001901060342,0.1319824123427271,0.1878431235134601,-0.0140280869610607,-0.0169404204934835,0.0548700764775276,-0.0301931053400039
1774469962555184700,150.65676928710937,0.0486585247069597,0.5901814498182386,-0.0216910228043794,0.0732923373579979,-0.0185007937252521,-0.0806898325681686,-0.1599438937187194,0.043297874456644,-0.0886544350087642,-0.0016436367295682,0.039933830499649,0.01591107994318,0.1547425256833434,0.1651250957489013,0.0023489012137055,-0.0084836119785904,0.0525097995996475,-0.0265155173838138
1774469962565211400,150.66679614257814,0.0986427450597286,0.5010991447862237,0.1571504636079073,0.0600814595818519,-0.0093610910698771,-0.069320797920227,-0.1638892703436315,0.0415624289661645,-0.1339841075539589,-0.0061385398730635,0.0319088734686374,0.0199410039931535,0.175099669535458,0.192017194327712,-0.0345987274333834,-0.0053282985463738,0.0536291263997554,-0.0221077185124158
1774469962575237400,150.67682202148438,0.132585054410994,0.4152240382976829,0.2928115644633769,0.0548044219613075,-0.0065484624356031,-0.0631957128643989,-0.134079823013395,-0.0001443769067525,-0.162749598789215,-0.0110736433416605,0.0204567480832338,0.0171329677104949,0.1847875353351235,0.1933715315461158,-0.0468066132299602,-0.0067686107940971,0.0574089512228965,-0.0192090086638927
1774469962585264400,150.68684912109376,0.1179489185541868,0.3048763154622167,0.3710772919267416,0.0459954850375652,-0.0052664168179035,-0.0616782419383525,-0.075862757974863,-0.0421457818120718,-0.1413333012729883,-0.0103181656450033,0.0170852970331907,0.0117601286619901,0.1726990381345153,0.1840811406314373,-0.0350926484301686,-0.0062133418396115,0.0593293607234954,-0.0155426356941461
1774469962595290700,150.6968752441406,0.1129609010085463,0.197359943595156,0.3889361892223358,0.0384870991110801,-0.0044729472137987,-0.0698930546641349,-0.049947541604191,-0.0891851808845996,-0.141990303876996,-0.0086765931919217,0.0140474298968911,0.0010840488830581,0.1898839816913008,0.1802624591261148,-0.0199443252675235,-0.0076403110288083,0.0541283823549747,-0.014381805434823
1774469962605316700,150.7069013671875,0.0962614028811454,0.1141202271115034,0.3408189317852258,0.0381137244403362,-0.0059057273901999,-0.0793147906661033,-0.0587292523443698,-0.0975531962573528,-0.1508855579942464,-0.0054688369855284,0.0168367307633161,-0.0071331453509628,0.1943921067655086,0.1604939288169145,-0.0362974941752851,-0.0112843150272965,0.0508367121219635,-0.0151250921189785
1774469962615343700,150.71692822265624,0.1156102464735508,0.0678192253161221,0.2404021627902984,0.0439115166664123,-0.008836006745696,-0.0846703201532363,-0.0873043355740606,-0.0443202032417058,-0.1469768601179122,0.0020007973071187,0.0212772861123085,-0.0121598616242408,0.1921042880892753,0.1401426301836967,-0.0465158135898411,-0.0177610460668802,0.0525864139199256,-0.0148730156943202
1774469962625369700,150.72695434570312,0.0717991617977619,0.0805739313405007,0.1441980430543422,0.043624959886074,-0.0101321656256914,-0.086847186088562,-0.1198771101377904,-0.0072825582236051,-0.1485802036613225,0.007787549868226,0.0216698888689279,-0.0112487496808171,0.1680418599784374,0.1063163484275341,-0.0051179275356233,-0.0170076377689838,0.0581391006708145,-0.0171092711389064
1774469962635396400,150.73698095703125,0.0386748908311128,0.0821699683602899,0.0275245512634515,0.0458883792161941,-0.0100991427898406,-0.0914083868265152,-0.1212917992413043,0.0086895024120807,-0.1581879899621009,0.0104493787512183,0.0182373411953449,-0.010141939856112,0.1671186076536774,0.0790595081895589,0.0445141183786094,-0.0147135695442557,0.0550664365291595,-0.0224628541618585
1774469962645422400,150.7470070800781,-0.0090324706308543,0.0957068377383053,-0.0641571226119995,0.0491161309182643,-0.0117548294365406,-0.102272480726242,-0.0869815333604812,0.0318581965535879,-0.1518798297286033,0.0113140866160392,0.0184087976813316,-0.0032203546725213,0.1956874072730541,0.1438181038260459,0.0207829680487513,-0.0147607075050473,0.0520240403711795,-0.0235672667622566
1774469962655449700,150.75703442382812,-0.0190657888673245,0.113374961702153,-0.1739665738523006,0.0577011816203594,-0.0174281578510999,-0.1162585094571113,-0.0791338886000216,0.0286532630324363,-0.138870126029849,0.0091340234503149,0.0236256644129753,0.0017837251070886,0.1981836080029606,0.1388870771646499,-0.0407763931550085,-0.01449731644243,0.0553108230233192,-0.025446692481637
1774469962665475700,150.76706030273436,0.0119857674784958,0.1466488702725619,-0.2122626944988966,0.0656621679663658,-0.0186550747603178,-0.1293093264102935,-0.0568856703042984,0.0315694427400827,-0.1395388190716505,0.0074677760712802,0.0255435481667518,0.0052167121320962,0.1614037371382117,0.1071089601099491,-0.079254300109297,-0.0163689870387315,0.0654196515679359,-0.0235164333134889
1774469962675501700,150.7770861816406,0.104737700933963,0.1652892002694308,-0.1799497399151325,0.0627613738179206,-0.0148800127208232,-0.1375798285007476,-0.0348034562252461,0.0244791922181844,-0.1507517024815082,0.0021446496248245,0.0290456060320138,0.0038662233855575,0.1292287297204137,0.0401239205956459,-0.0856793647207319,-0.0161271709948778,0.078400433063507,-0.0204498041421175
1774469962685528700,150.78711328125,0.1118222523674368,0.1895569416940212,-0.1074158341020345,0.0576260015368461,-0.0065235462971031,-0.1403370052576065,-0.0343720790706574,0.053100306546688,-0.1489671571522951,-0.0022628216538578,0.0332168042659759,0.0050176852382719,0.1228258769407868,0.0182879363626241,-0.057663961200416,-0.0113404057919979,0.0856796503067016,-0.0177560169249773
1774469962695554700,150.79713916015626,0.1149089663363993,0.1940316759552806,-0.0230634802013635,0.0508029945194721,-0.0003039739094674,-0.1458885818719864,-0.031278789230436,0.0392699341148138,-0.1551823784053325,-0.0064841983839869,0.0388786867260932,0.0043620150536298,0.1039881977409124,0.0236181914746761,-0.0147255677059292,-0.007639676798135,0.0841651111841201,-0.0127929504960775
1774469962705581700,150.80716625976564,0.108477910375595,0.1904804132144898,0.0367471376389265,0.0404779203236103,0.0014483858831226,-0.1528572887182235,-0.0642636517263949,0.0174456403195858,-0.1685544856756925,-0.0090870996937155,0.0442564934492111,0.0046919165179133,0.0816474788561463,0.0693663816928863,0.0195185010708868,-0.0006323672132566,0.0793618336319923,-0.0100951679050922
1774469962715607700,150.81719213867189,0.0826889507330954,0.1768160449992865,0.0745452456355094,0.0359186790883541,-0.0019924212247133,-0.1485516726970672,-0.0420646793998777,0.0446112951427698,-0.1624824722856283,-0.0084926821291446,0.0470341704785823,0.0047955135814845,0.104322836522758,0.0807242265313863,0.0492538602516055,0.0047236084938049,0.0687250718474388,-0.0081555088981986
1774469962725633600,150.82721826171874,0.0379494991660118,0.165376586291939,0.0616653057962656,0.0307425614446401,-0.0070644114166498,-0.1508177518844604,-0.0468903459906578,0.0480669885545969,-0.1555424438893795,-0.0074176560156047,0.0461985953152179,0.0026469686999917,0.1088169330716133,0.0441331562370061,0.0693422701649367,0.0072829057462513,0.0617683678865432,-0.0096109267324209
1774469962735660600,150.83724536132812,-0.0166137195400893,0.1525767990168184,0.0515466473639011,0.0302959475666284,-0.0108378436416387,-0.1553608328104019,-0.0279695185519754,0.0472176782488822,-0.1488748026937246,-0.0074727837927639,0.0457887351512908,-0.0003086073556914,0.0976747768104076,0.0252817407727241,0.0611124942190945,0.005981495603919,0.0512113347649574,-0.0122667551040649
1774469962745686600,150.84727124023436,-0.0249225520715117,0.1481543794646859,0.0332002588123083,0.0329039804637432,-0.0080535095185041,-0.1573576778173446,-0.0282512581028044,0.0555552984833717,-0.1573474474847316,-0.0063788183033466,0.0472756884992122,0.0007458274485543,0.1027802832558751,0.0357785848677158,0.0587292523443698,0.0088116377592086,0.0385051220655441,-0.0110385045409202
1774469962755713600,150.85729833984374,-0.0486819055825471,0.1550885261094197,0.0337532165199518,0.0327514111995697,-0.0140937343239784,-0.1546118259429931,-0.0406688411273062,0.0705786800920963,-0.1545282984107732,-0.0061753522604703,0.0460647493600845,0.001663020113483,0.0982163363412022,0.0558282702058553,0.0446038424886763,0.0040476517751812,0.0287914238870143,-0.0098775494843721
1774469962765739600,150.86732421875,-0.0510823908530175,0.1782312455594539,0.0260392811417579,0.0324965454638004,-0.0199870429933071,-0.1482996046543121,-0.037555531412363,0.0594207417398691,-0.1573340034812688,-0.0087102204561233,0.0453072562813758,0.0016833239933475,0.1026785764470696,0.0430401003032922,0.022919833946973,-0.0068121864460408,0.0309840030968189,-0.0074362284503877
1774469962775765600,150.87735009765626,-0.039864392876625,0.2029019782943651,0.0197784671813249,0.0305960979312658,-0.0260772239416837,-0.1366656720638275,-0.0254325474202632,0.0300333192139863,-0.1521948870271444,-0.0092111611738801,0.0459916889667511,-0.0035431296564638,0.0932280265346169,0.0280751708835363,-0.0120154319643974,-0.015447199344635,0.0342230275273323,-0.0078211519867181
1774469962785792600,150.88737719726564,-0.0014946224719285,0.216544390406087,0.0354483300000429,0.032265368849039,-0.0293300095945596,-0.1216845959424972,-0.0116603349164128,0.020936405044794,-0.1411468387901782,-0.00908690597862,0.0465856082737445,-0.0104520851746201,0.0717141138628125,0.0477127682894468,-0.0042965281501412,-0.0206249170005321,0.0384619794785976,-0.0060157952830195
1774469962795818600,150.8974033203125,0.0158405432105064,0.2687773760663345,0.0528518847435712,0.0293903294950723,-0.0330636650323867,-0.105026826262474,-0.0371146557770669,0.0357107803285121,-0.1117214223414659,-0.008718323893845,0.0423551760613918,-0.0136420195922255,0.0629474545612931,0.0726081400930881,0.0190554136037826,-0.0234556142240762,0.0408479087054729,-0.0053480099886655
1774469962805845600,150.90743017578126,0.027469606205821,0.3202772251464426,0.057091422009468,0.029972231015563,-0.0351028442382812,-0.0872584879398346,-0.0487586240805685,0.0336678763240575,-0.0848755009919405,-0.0079979784786701,0.0374298207461833,-0.0165605172514915,0.0628638679310679,0.077213003540039,0.0282610488444566,-0.0296634435653686,0.0413666926324367,-0.0033160182647407
1774469962815871600,150.9174562988281,0.0500882652491331,0.355798839578405,0.024955577558279,0.0278556291013956,-0.0294050406664609,-0.0677169635891914,-0.0462498561300337,0.0259995336532592,-0.1073784247010946,-0.0099242432042956,0.0321234725415706,-0.0173576027154922,0.0563224834635853,0.0614706600069999,0.0227691734299063,-0.0324872359633445,0.0388873815536499,-0.0016441587358713
1774469962825898600,150.92748315429688,0.045791444838047,0.3743647160995751,-0.0186351423650979,0.0325020477175712,-0.0268020685762166,-0.0506476983428001,-0.0584966126322746,0.0380061977893114,-0.1192933189004659,-0.0112674394622445,0.0283551327884197,-0.0152002843096852,0.0527779427245259,0.0530325020074844,0.0149399411089718,-0.0377296693623065,0.0274315234273672,0.0033900146372616
1774469962835924600,150.93750927734374,0.0328302564561367,0.3746782755607739,-0.0270434897482395,0.031724601984024,-0.0266771093010902,-0.0356972552835941,-0.0569580048881471,0.0287771816730499,-0.1185077214807271,-0.0124200554564595,0.0233657006174325,-0.0119091495871543,0.0665402183562517,0.059467503491044,0.0118634562730789,-0.0399149768054485,0.0159343983978033,0.000598898390308
1774469962845950600,150.94753515625,0.0085869188204407,0.3640038098765537,-0.0364057768553495,0.0303464159369468,-0.0247066356241703,-0.0244808197021484,-0.0536637856483459,0.0141916069597005,-0.0903401961386203,-0.0106980353593826,0.0211127623915672,-0.0094238771125674,0.0801674694314599,0.0659217941969633,0.0064262336552143,-0.0397080481052398,0.0060711149126291,-0.0005188304930925
1774469962855977600,150.9575622558594,-0.0096023794732987,0.3275226662300527,-0.0333458047628402,0.0316348560154438,-0.0235963650047779,-0.0172988064587116,-0.0458149718441069,0.0104974286168813,-0.1063829839229583,-0.009955545887351,0.0243034940212965,-0.0062075774185359,0.0678854954853653,0.0560772765308618,0.0078815470300614,-0.0378265678882598,-0.001868397463113,0.0033035348169505
1774469962866003600,150.96758813476563,-0.015320903250575,0.2677968771290034,-0.0024877251625061,0.0273058842867612,-0.0237034223973751,-0.016712112352252,-0.0368492828391492,0.0278553906530141,-0.1137467906892299,-0.0102304043248295,0.0246512088924646,-0.0031907591037452,0.0654340106800198,0.0627519319891929,0.0187844877079129,-0.0345775112509727,-0.0008271015249192,0.0049680103547871
1774469962876030600,150.977615234375,-0.0402910938560962,0.2238852546881884,0.0353904623329639,0.0230575427412986,-0.0268938355147838,-0.0147624257951974,-0.0484755693554878,0.0359393283873796,-0.1215922434926033,-0.0087526170536875,0.0235390737652778,-4.95606800541e-05,0.0436275448024272,0.0733025520980358,0.0167551738373935,-0.0364585220813751,0.0055228504352271,0.0051404135301709
1774469962886056800,150.98764135742186,-0.0896527983963489,0.1816541692128405,0.0817488934040069,0.016985535621643,-0.036393329501152,-0.0181675441563129,-0.0443698876023292,0.0425479328721761,-0.1099082354396581,-0.0088129471987485,0.0223104190081357,0.0012100164312869,0.0549596706777811,0.0456821392446756,-0.0236747439675033,-0.0361860804259777,0.0068024988286197,0.0067194015718996
1774469962896082800,150.99766748046875,-0.0921060367673635,0.1428371664972975,0.1174362928569316,0.012267829850316,-0.0436072945594787,-0.0209320746362209,-0.0372330214597284,0.0301467164605855,-0.111637251189351,-0.0055377916432917,0.0179103445261716,-0.0006685773842036,0.0490875637739896,0.0638023178249597,-0.0688357819475233,-0.0414798855781555,0.0140974316745996,0.0091925486922264
1774469962906109500,151.00769409179688,-0.089841014444828,0.1041408310193568,0.1298661508411168,0.0108891120180487,-0.0466654002666473,-0.0245585013180971,-0.0292332548774778,0.0073158759713172,-0.1187286707550287,-0.0066312649287283,0.0163117013871669,-0.0024830191396176,0.0275917712807655,0.0817301887035369,-0.1247080374255776,-0.0398359149694442,0.0214272495359182,0.0087576545774936
1774469962916135500,151.01772021484376,-0.0996333635322749,0.0610213818695396,0.1329173551052808,0.0087972432374954,-0.04800995439291,-0.0304954033344984,-0.0213292037546634,0.0049836336314678,-0.1223608897775411,-0.0066760061308741,0.0120991114526987,-0.0052407220937311,0.0219461666092276,0.0651245063394308,-0.1278612407594919,-0.0398875288665294,0.0292838420718908,0.0068164826370775
1774469962926162500,151.0277470703125,-0.0989808909729123,0.0407661274893209,0.1439268248975277,0.0084835235029459,-0.049013964831829,-0.038333885371685,-0.0051217269279062,0.0135264210492372,-0.1344376965403556,-0.008046674542129,0.0057710651308298,-0.0098811034113168,0.0266653040856122,0.0358843833297491,-0.1105877421364188,-0.0386763252317905,0.0314577780663967,0.0055789118632674
1774469962936188400,151.0377731933594,-0.0769474844716489,0.0503472815115004,0.1494423734486103,0.0074996626935899,-0.0514336787164211,-0.0441739559173584,0.0241372469127178,-0.0203133047103881,-0.1352852532804012,-0.0099441772326827,0.002743583638221,-0.014145890250802,-0.0022729133680462,0.0291945303022861,-0.097370971558243,-0.0347947925329208,0.0293078105896711,0.0052429512143135
1774469962946214800,151.04779931640624,-0.0338518545888364,0.0717082321112975,0.1202040040045976,0.0074724983423948,-0.0495106093585491,-0.0501127988100051,0.0435256918631494,-0.0434235466629266,-0.131436176636815,-0.0096868630498647,0.0007808709633536,-0.020196359604597,0.0326619141519069,0.0141401690334081,-0.0974653718434274,-0.0316096507012844,0.0237673688679933,-0.0004879049956798
1774469962956241800,151.05782641601562,-0.0029622108064591,0.1094037199836224,0.0930734204947948,-0.0006250021979212,-0.0542216822504997,-0.0526410341262817,0.0389537077724933,-0.0344938057541847,-0.1276104808688163,-0.0110181774944067,-0.0009760163375176,-0.0232241079211235,0.0365694429844617,0.0389157138496637,-0.0905139452703297,-0.0260205995291471,0.016923489049077,-0.002520078793168
1774469962966267800,151.06785229492186,0.0165174195587635,0.1580378774343058,0.0529337178081274,-0.0029749753884971,-0.0522213838994503,-0.0524199940264225,0.0317813319250941,-0.0089829324007034,-0.1256160921812057,-0.0065193916670978,0.002277958439663,-0.0252112634479999,0.0284834594234824,0.0290840556651353,-0.1050581650599837,-0.0247670505195856,0.0123284701257944,-0.0023206081241369
1774469962976294800,151.07787939453124,0.0174183139212429,0.1844035409862175,0.0353653278917074,-0.0090269055217504,-0.0564539209008216,-0.0511354357004165,0.0183915428675711,0.0111392336517572,-0.1309527770340442,-0.0037859233561903,0.0026912810280919,-0.026603564620018,0.0400701445817947,0.0375935253351926,-0.0947346317052841,-0.0205827616155147,0.012807217426598,-0.0047160307876765
1774469962986320700,151.0879052734375,0.0314835180222988,0.2017496664540842,0.0337760128736496,-0.012474101036787,-0.0512623526155948,-0.0500699058175087,0.0054405836187303,0.0571639027237892,-0.1141354977458715,0.0006228478159755,-0.0034157554619014,-0.0260828230530023,0.0568786560416221,0.0520639492362737,-0.0752148154601454,-0.0159390084445476,0.0159422904253005,-0.0034409086219966
1774469962996347800,151.0979323730469,0.0512578935503959,0.1984810200469568,0.0211520936220884,-0.013401067815721,-0.0487345084547996,-0.0450998656451702,0.0283095641613006,0.0474468108296394,-0.0776350283443927,0.0033379404339939,-0.0115778110921382,-0.0266356952488422,0.0554117983594536,0.0599707768380641,-0.0850001502849161,-0.0109755815938115,0.0205526649951934,0.0006135664880275
1774469963006373700,151.10795825195314,0.0429644047185778,0.1969275069946423,0.0225169522345066,-0.0131944064050912,-0.0424603670835495,-0.0404558442533016,0.0468166962325572,0.0186935945540666,-0.0751952339768409,0.0010737609118223,-0.0188262984156608,-0.0264642480760812,0.0662570175006985,0.0675602090537548,-0.12153773682639,-0.0104405526071786,0.0286119244992733,0.0007033150177448
