time,seconds_elapsed,imu1_accel_x,imu1_accel_y,imu1_accel_z,imu1_gyro_x,imu1_gyro_y,imu1_gyro_z,imu2_accel_x,imu2_accel_y,imu2_accel_z,imu2_gyro_x,imu2_gyro_y,imu2_gyro_z,imu3_accel_x,imu3_accel_y,imu3_accel_z,imu3_gyro_x,imu3_gyro_y,imu3_gyro_z
1774469898717043600,86.81862817382813,-0.1590127503484487,0.1496354118026792,0.1166343288242816,-0.0418092310428619,0.1393147110939026,-0.0493268631398677,-0.006092033264786,-0.0222480721652507,-0.1449558756843209,0.0254558492451906,0.0587289817631244,-0.0466534495353698,-0.1611084074534475,0.0208306065827608,0.097867961294949,-0.0437957160174846,-0.1007131859660148,0.0362533144652843
1774469898727070400,86.82865502929687,-0.1228010347604751,0.152313618035987,0.0935468832254409,-0.0372287295758724,0.1591865122318267,-0.0482174009084701,-0.0028830080904066,-0.0621603958368301,-0.135817168200016,0.0248606335371732,0.0461913496255874,-0.0443655289709568,-0.1346855338215828,-0.0038256957679986,0.0414639370277524,-0.0473273359239101,-0.0994993150234222,0.0337880253791809
1774469898737096400,86.83868090820313,-0.0559866756379604,0.1726831829782575,0.0466711502820253,-0.0358292385935783,0.1828737407922744,-0.0441877730190753,-0.0166246793255209,-0.0941127004146576,-0.1297977617800235,0.0221731178462505,0.0374008007347583,-0.0448013693094253,-0.1132021624185144,-0.0312497092664241,-0.0359074719443917,-0.0545145086944103,-0.0934387743473053,0.0246424227952957
1774469898747122400,86.84870678710938,-0.0245569336295127,0.1865539239531382,-0.032928456133604,-0.0316747389733791,0.192654937505722,-0.0380778200924396,-0.0148231828615069,-0.1137590656489133,-0.1472466169700026,0.0228727292269468,0.0306885689496994,-0.0435153283178806,-0.0761421594381332,-0.0680535455286502,-0.1004065398618578,-0.0681980922818183,-0.0886109918355941,0.0144182806834578
1774469898757149500,86.85873413085938,-0.0128897305808961,0.2378928833831101,-0.0883744490236043,-0.0294707063585519,0.1939276605844497,-0.0295053701847791,-0.0256286545142531,-0.1176876372694969,-0.1866393006816506,0.0226769056171178,0.0285959616303443,-0.0425551794469356,-0.0682699647583067,-0.0852414116948842,-0.1620806134864688,-0.0845324769616127,-0.0770119428634643,0.0007508418057113
1774469898767175400,86.86876000976562,-0.0212134684205055,0.2954364330742508,-0.1241758302450179,-0.02591198310256,0.1790835410356521,-0.0164912585169076,-0.022507746014744,-0.0705675741761922,-0.2137833281949162,0.0199897773563861,0.0257644895464181,-0.0401503443717956,-0.0588975946485996,-0.1143120233565568,-0.1706935435310006,-0.0964799523353576,-0.0620103552937507,-0.013920247554779
1774469898777202500,86.878787109375,-0.0372737918615341,0.3627243645252659,-0.103026659232378,-0.0254451297223567,0.1578240692615509,-0.006821853108704,-0.0324959099352359,-0.0201256731837987,-0.2279860410705208,0.0160132031887769,0.0267349798232316,-0.0350818745791912,-0.0947381388366222,-0.1393108555346727,-0.1340539579197764,-0.0992935374379158,-0.0420508980751037,-0.026598697528243
1774469898787228400,86.88881323242188,-0.033612931266427,0.429500729724951,-0.0262198984056711,-0.025376783683896,0.1342244148254394,0.0058607989922165,-0.0425599155709147,0.0331990897685289,-0.2323775540277361,0.0101124374195933,0.0306008253246545,-0.0219655390828847,-0.1344952719464898,-0.1354822371572256,-0.0862558494344353,-0.0927176624536514,-0.0201780870556831,-0.0365991368889808
1774469898797255300,86.89883984375,-0.071401686912775,0.4569917805776,0.0713783060371875,-0.027568832039833,0.1139819920063018,0.0150878531858325,-0.0539323734566569,0.0437292516112327,-0.237797533249855,0.001622051000595,0.0361027456820011,-0.0121313259005546,-0.0999416988290846,-0.1413689571082592,-0.0418254638165235,-0.084535889327526,-0.0020124998409301,-0.046411957591772
1774469898807281400,86.9088662109375,-0.1325168114803731,0.4219635391531512,0.1697463258087635,-0.0255912486463785,0.09037496894598,0.0139844557270407,-0.0405108740866184,0.0598766688138246,-0.2331008998662233,-0.0004679977428168,0.0372732020914554,-0.005420692730695,-0.071548986428976,-0.1404582720041275,-0.0262689982444047,-0.0773056745529174,0.009656673297286,-0.0585983172059059
1774469898817307400,86.91889208984375,-0.1455097101747989,0.3380742727195844,0.2329875026196241,-0.0258138887584209,0.0643681287765502,0.0064682159572839,-0.0390672511495649,0.0369072966367006,-0.2121121801123023,0.0022637108340859,0.0387251786887645,-0.0033898665569722,-0.0327767727032303,-0.1475374166101217,-0.0452960625365376,-0.0767333582043647,0.0150155182927846,-0.0713113099336624
1774469898827334400,86.92891918945313,-0.0767239048488438,0.2456436436403542,0.3070288903862238,-0.0263867769390344,0.0455655939877033,-0.001342493109405,-0.0317396847404539,0.0325064313292503,-0.2251236373767256,0.0048309979028999,0.0345376245677471,-0.0083318948745727,0.0019216157123446,-0.1397849027872085,-0.0865232681989669,-0.0818309187889099,0.0202291887253522,-0.0807415693998336
1774469898837360400,86.93894506835937,-0.0244182558111846,0.1539239758420735,0.3606394845426082,-0.0297689922153949,0.0310249999165534,-0.0065609570592641,-0.0395581034064292,0.0065998366564512,-0.2443228433653712,0.0113421529531478,0.0306156985461711,-0.0110283410176634,0.008595686648786,-0.11587269680202,-0.1281605159670114,-0.0904242992401123,0.0259647890925407,-0.0877168774604797
1774469898847387400,86.94897216796875,-0.009335252969712,0.0819079564232379,0.3736117788404226,-0.0305077116936445,0.015848534181714,-0.0140759414061903,-0.0268377380430698,0.012191373053193,-0.2292784189686179,0.0175577029585838,0.0231985300779342,-0.0148598309606313,0.0146501643821597,-0.0957347486585378,-0.1496791048139333,-0.0977905988693237,0.0380978807806968,-0.0912751257419586
1774469898857413400,86.958998046875,0.0120090022236108,0.0101083927666768,0.3635246845901012,-0.0290032904595136,-0.0045435554347932,-0.0205820444971323,-0.0286275440692901,0.0176198278427124,-0.1990340873524546,0.0194372069090604,0.0181911662220954,-0.0171712916344404,-0.0008978256225585,-0.0550999559313058,-0.1441281926885247,-0.1001834571361541,0.0553230047225952,-0.0909148007631301
1774469898867440400,86.96902514648437,0.0449947415024042,-0.0247783212952315,0.3094061409115791,-0.0278025958687067,-0.0198547337204217,-0.0277776140719652,-0.0352314723789691,0.0369675023913383,-0.2021747234657406,0.0174222607165575,0.0153309311717748,-0.0187145937234163,-0.0322483649149537,-0.027128245422244,-0.1073755020916461,-0.0920030251145362,0.0650581941008567,-0.0842427834868431
1774469898877466400,86.97905102539063,0.0712454734377563,-0.0278073867928236,0.2642138310104608,-0.0283453483134508,-0.0394425466656684,-0.0385373160243034,-0.076522975449264,0.0488192682266235,-0.2037628694400191,0.0141118923202157,0.0213784016668796,-0.013902741484344,-0.0499289830341935,-0.0107826752990484,-0.1016077323451638,-0.0835635513067245,0.0640229135751724,-0.0775517672300338
1774469898887489900,86.98907446289063,0.0915419731438159,-0.0254246929073706,0.2009983731627464,-0.0274992659687995,-0.0521972030401229,-0.0533168092370033,-0.0714449415326118,0.0553337646871805,-0.2284890221565961,0.0116830896586179,0.026466904208064,-0.0126047171652317,-0.0403825715318322,-0.0012035305708646,-0.1081514549002051,-0.0831153392791748,0.053523663431406,-0.0706334114074707
1774469898897515900,86.9991005859375,0.1066584398634731,-0.0491453583758324,0.1303010351270437,-0.0243090651929378,-0.0591392628848552,-0.0702545121312141,-0.088682784320414,0.0402630368053913,-0.2368509000495076,0.0117573030292987,0.0309695359319448,-0.0076439529657363,-0.0410886739745736,-0.0232803378224372,-0.1135933536931872,-0.086512915790081,0.0422071702778339,-0.0665821656584739
1774469898907541900,87.00912646484375,0.1120030157618224,-0.0608478154009208,0.0676402885526418,-0.0153039498254656,-0.0640110224485397,-0.0913066565990448,-0.0809770322486758,0.0141617963433265,-0.2434288171350956,0.0103668663650751,0.0309748630970716,0.0017942893318831,-0.0174621530629694,-0.0102016605406999,-0.0720198188111186,-0.0801311805844307,0.032611533999443,-0.0622276253998279
1774469898917568900,87.01915356445312,0.1004693759649991,-0.0582148000162094,0.0253793559283018,-0.0003252667374908,-0.0626616030931472,-0.1075814962387085,-0.0769793409146368,-0.0129465753346681,-0.2472594813391566,0.0085721099749207,0.0333702303469181,0.0099252369254827,0.0014484452426433,0.0144154788434505,-0.013480243819952,-0.0652489811182022,0.0194897055625915,-0.0573923103511333
1774469898927594900,87.02917944335937,0.1159640283472836,-0.0215582632701843,0.0204418995261192,0.0102836620062589,-0.0598960295319557,-0.1180923506617546,-0.0566486466780304,-0.0374947411358356,-0.2505781043678522,0.00748261064291,0.0347265787422657,0.0151966977864503,0.0474222609102725,0.0357213017225265,-0.0018237082958221,-0.0478169955313205,0.0037783859297633,-0.0526492185890674
1774469898937621900,87.03920654296876,0.1548152986586093,0.018519735824503,0.0453238273262977,0.0192065834999084,-0.0605767294764518,-0.1171959340572357,-0.0614545856550335,-0.0665630147099494,-0.2350458964541554,0.0081683453172445,0.0396438241004943,0.0156928710639476,0.064528147881478,0.0503992308944463,-0.0365641822874546,-0.0451743677258491,-0.0091103240847587,-0.0513216257095336
1774469898947647800,87.049232421875,0.1613039300255477,0.0785097288196906,0.0645867462009191,0.0184190850704908,-0.0679379776120185,-0.1115287244319915,-0.0725111094594001,-0.0714192225694656,-0.2154085913091898,0.0089156283065676,0.0464322231709957,0.0205765757709741,0.0755801416411995,0.0118102647811174,-0.0857803408771753,-0.0463890358805656,-0.0151594281196594,-0.0492408983409404
1774469898957674900,87.05925952148438,0.1446459329523146,0.145131634110026,0.0613496639758348,0.0137199386954307,-0.0793871730566024,-0.1025592014193534,-0.070446870405972,-0.0561953499525785,-0.2077519390761852,0.0089035257697105,0.0505763739347457,0.0276513826102018,0.0452995696678757,-0.0281587575137615,-0.1077209545284509,-0.0470860488712787,-0.0086972713470458,-0.0355677492916584
1774469898967700800,87.06928540039063,0.1306874040961265,0.1999181767106056,0.0527349803656339,0.0006576447049155,-0.0943360775709152,-0.0913082361221313,-0.0664741673827171,-0.0319832842379808,-0.2017243493497371,0.0019705186132341,0.0532304793596267,0.0387833975255489,0.0362488327279686,-0.0631464842647314,-0.0918856720149517,-0.0362339355051517,0.0107419416308403,-0.0328505262732505
1774469898977726800,87.0793115234375,0.1264806000560522,0.2342970508482307,0.0039577977150678,-0.0150454184040427,-0.1035455539822578,-0.0798643678426742,-0.0364550228245556,-0.0243611187964677,-0.2074757524833083,-0.0032189390622079,0.0524287410080432,0.0509370230138301,0.0474538250923156,-0.0823456902533769,-0.0614025632068514,-0.0185100734233856,0.0337517149746418,-0.0288019869476556
1774469898987753800,87.08933837890625,0.1248679041624069,0.2169372256485745,-0.0621931290626525,-0.0270455423742532,-0.1040073707699775,-0.0680444091558456,-0.0171533793747425,-0.0079167644739151,-0.199921099320054,-0.0133405495434999,0.0552996285259723,0.061001107096672,0.0549742837250232,-0.0463052395790815,-0.0660913055449724,-0.0051852138713002,0.0412666201591491,-0.0244021769613027
1774469898997779800,87.09936450195312,0.0954274362750351,0.1740395660232752,-0.1385907245665788,-0.0370124243199825,-0.1020856350660324,-0.0600394792854785,-0.0214423087403178,-2.45499193668e-05,-0.2155184814244508,-0.0224959757179021,0.0548132695257663,0.0719208791851997,0.1116620933696627,-0.0440723659604787,-0.1121343870565295,0.0013160947710275,0.0374897271394729,-0.024507638067007
1774469899007806800,87.10939135742187,0.0778092158675193,0.0925083339579403,-0.174674429860711,-0.0349130406975746,-0.0947099924087524,-0.0522382371127605,-0.0229975753583013,0.0154676182448863,-0.2021200706690549,-0.0318740308284759,0.0580852292478084,0.0778855606913566,0.1520598624706268,-0.066011810567975,-0.1447761352032422,-0.0020125904120504,0.0309689752757549,-0.0240306667983531
1774469899017832800,87.11941748046875,0.082073303052783,0.0195565680589526,-0.1803799480259418,-0.0256159473210573,-0.077498510479927,-0.043790690600872,0.0020152853451669,0.0211567697972059,-0.171091895198822,-0.0365944877266883,0.0569745264947414,0.0827753990888595,0.1571253291666507,-0.0662438657581806,-0.1513072905376553,-0.0075074043124914,0.0299959685653448,-0.0282079204916954
1774469899027860100,87.12944458007813,0.0653103843003511,-0.0530635912654921,-0.1784650543153285,-0.0165714882314205,-0.0663115978240966,-0.038039207458496,0.0131890057884156,0.0103086280465126,-0.17246639842242,-0.0368850380182266,0.0549806170165538,0.0836012437939643,0.1218941490486264,-0.1087426987916231,-0.1493941503927111,-0.0077343061566352,0.0387609638273716,-0.0296862423419952
1774469899037886100,87.139470703125,0.0493215186603367,-0.0864423849824816,-0.1401572432309389,-0.0087175611406564,-0.0546682588756084,-0.0255276784300804,0.0342202495098114,0.0192950675785541,-0.138364806856215,-0.03927718475461,0.0460772737860679,0.0822961255908012,0.1126996197238564,-0.0927905119001865,-0.1425841781169176,-0.003815630916506,0.0566350519657135,-0.0306832883507013
1774469899047912000,87.14949658203125,0.0088958386391401,-0.0710715051103383,-0.0993728128999471,0.0014600198483094,-0.0496262647211551,-0.01288094650954,0.0453751191221177,0.0164040223121643,-0.1279091715544462,-0.0414359457790851,0.0354232974350452,0.0809115469455719,0.0992316508635878,-0.0751414579629898,-0.1121864095047116,0.0043120705522596,0.0787387564778328,-0.0288241375237703
1774469899057938800,87.1595234375,-0.0414778194226324,-0.0317911226667463,-0.0169710085451602,0.0070324181579053,-0.0513722337782382,-0.0042291348800063,0.0520133880928158,-0.001283025547862,-0.1351788702964782,-0.0452144667506217,0.0208275560289621,0.0801102295517921,0.108681323993206,-0.0484171171665191,-0.1016656000122427,0.0137754417955875,0.0952727794647216,-0.0241314694285392
1774469899067964800,87.16954931640625,-0.0422695543222129,0.007962832105346,0.0865671073406934,0.0075370762497186,-0.0542314276099205,0.0081651732325553,0.0408865755312144,0.0001905541360378,-0.1315402215331792,-0.0462680123746395,0.0104862339794635,0.0788388326764106,0.1298009766504168,-0.0482341618150472,-0.1416501121371984,0.014434840530157,0.0973183512687683,-0.0179108567535877
1774469899077991800,87.17957641601562,-0.0514173218958079,0.0502480589207261,0.1588391473472118,0.0066915224306285,-0.0547456853091716,0.0158750247210264,0.0289652515910565,-0.0122264443665742,-0.1280818977728486,-0.0513069331645965,0.0018200287595391,0.0735870376229286,0.163788586448133,-0.0361941799312829,-0.1895657095223665,0.0019374201074242,0.0950277969241142,-0.0206615030765533
1774469899088017800,87.18960229492187,-0.0507552047252655,0.0735795789411291,0.1852846712023019,0.0054899151436984,-0.0473748296499252,0.0233710668981075,0.0121928343579173,-0.0088327102750539,-0.1525479382485151,-0.0487319231033325,-0.0012418075930327,0.0699845775961875,0.1524320567838847,-0.0479810638368129,-0.1900321579903364,-0.0058621801435947,0.0883541777729988,-0.0203624293208122
1774469899098045000,87.19962963867188,-0.0737818600475788,0.0522694817457348,0.1773375115901231,-0.0021557537838816,-0.0364734455943107,0.0274547599256038,0.0148253748185932,-0.0179489136666059,-0.1780754704758524,-0.0471686571836471,8.08289623819e-05,0.0655948966741561,0.1246228433601558,-0.0378512994885444,-0.1802653817355632,-0.0084093222394585,0.0771329030394554,-0.0161963570863008
1774469899108071000,87.20965551757813,-0.0914354440294206,0.0213617177847772,0.1195475859224796,-0.0041732396930456,-0.0287464186549186,0.0244405642151832,0.0056987961634993,0.0072860653549432,-0.1977361564964055,-0.0441960394382476,0.0030150997918099,0.0587516352534294,0.0702231446526944,-0.0369312620341777,-0.1512652049615979,-0.0053086038678884,0.0689024031162262,-0.0080542750656604
1774469899118097000,87.219681640625,-0.0890692994199693,-0.0144952295487746,0.0608072276622056,-0.0068103019148111,-0.0317970700562,0.0166806429624557,-0.001484393338859,-0.0008048866420984,-0.2086994490593671,-0.0441463142633438,0.0053394241258502,0.0547292865812778,0.0533504819154739,-0.0474409656107425,-0.0916717370033264,0.0078622223809361,0.0648253858089447,-0.0026476974599063
1774469899128123800,87.22970825195313,-0.0838882435202598,-0.0418219201525673,0.0185439569503068,-0.0071398429572582,-0.0322722420096397,0.0182115323841571,-0.004478752849251,0.0247737912505865,-0.2136822059080004,-0.0454882830381393,0.0019715907983481,0.0515489391982555,0.0676337126813829,-0.0178542211204767,-0.0457566657856106,0.0159590300172567,0.0543210804462432,0.0019012480042874
1774469899138149700,87.239734375,-0.0889509337373077,-0.0649099137406796,-0.0154582658946514,-0.0081007108092308,-0.0372171998023986,0.0162775442004203,-0.0107306528508663,0.034855040282011,-0.1839735886037349,-0.0520437136292457,-0.0027699379716068,0.0474261529743671,0.0865429958127439,-0.0055453591674566,-0.0572264465659856,0.0233865417540073,0.0381284393370151,0.0037828483618795
1774469899148177000,87.24976171875,-0.1095072534233331,-0.1003334015604108,-0.0282943665921688,-0.0056213364005088,-0.0438522882759571,0.0125026647001504,-0.0132514035001397,0.074199208676815,-0.1761021245762705,-0.0559353902935981,-0.0053398883901536,0.0475878082215786,0.0694257106646895,-0.0039671500653028,-0.0727823276162147,0.0307299420237541,0.0249631013721227,0.0077512245625257
1774469899158203000,87.25978759765626,-0.1102343986541032,-0.1126548672666773,-0.0351677594929933,-0.0049419640563428,-0.0539427399635314,0.0098466929048299,-0.0029141338810324,0.0888280380100011,-0.191713242945075,-0.0614479556679725,-0.0097740245983004,0.0457431301474571,0.0596291237935423,0.023342297142744,-0.0911877528786659,0.0283766724169254,0.0253527015447616,0.0111946500837802
1774469899168230000,87.26981469726563,-0.1020114908404648,-0.1139159001784399,-0.0278466228246688,-0.0005166290793567,-0.0643374472856521,0.0069921603426337,-0.0089864395320415,0.1009352399110794,-0.2067950767427682,-0.0644464120268821,-0.0088981110602617,0.0494262799620628,0.0581933919019997,0.0398883582741022,-0.0866346196189522,0.0347573384642601,0.033180795609951,0.0129259712994098
1774469899178256000,87.27984057617188,-0.0995792952574789,-0.0973268766881898,0.0059212067425251,0.0020181676372885,-0.0664155110716819,0.0064374236389994,-0.0292602890148758,0.1277542732536792,-0.1977344029307365,-0.0614097379148006,-0.0098438384011387,0.0520379059016704,0.0316881006836891,0.0520060815691947,-0.0832993377164006,0.0388860926032066,0.0518786162137985,0.022098883986473
1774469899188282700,87.28986743164063,-0.0919375483326613,-0.0899420271338894,0.0442009607762098,0.0011687952792271,-0.0665289536118507,0.0124270441010594,-0.0059267597004771,0.1440378840565681,-0.1668549882814288,-0.0576597414910793,-0.0060879820957779,0.0583876781165599,0.0320116335496306,0.0496393524378538,-0.0797825617671012,0.0445719435811042,0.0730472803115844,0.0284904707223176
1774469899198308700,87.29989331054688,-0.0904185220718383,-0.0771020539788529,0.0899134951591491,-0.0012171305716037,-0.0647962987422943,0.0068980548530817,0.0364072381600737,0.158279175376892,-0.128245271641016,-0.0562673099339008,-0.0064213713631033,0.0610531084239482,0.0261722598716616,0.0463631072461605,-0.0814072403594851,0.0442015193402767,0.0895864218473434,0.0344792455434799
1774469899208335000,87.30991943359375,-0.0707253950864076,-0.0432786217669025,0.1289694942623376,-0.0010704478481784,-0.0576533563435077,0.001068165525794,0.0483399602770805,0.1922749684810638,-0.0863771377265453,-0.0566412173211574,-0.0067878221161663,0.0660305544734001,0.0419917602941393,0.0540337880045175,-0.1097375550478696,0.0456870310008525,0.0919161587953567,0.0422711223363876
1774469899218362000,87.31994653320312,-0.0572879674948751,0.0176851116312667,0.1455950503706932,-0.0053256466053426,-0.045157004147768,-0.0042767981067299,0.0183677236005663,0.2090145063579082,-0.0884805397465825,-0.0601602457463741,-0.0080374432727694,0.0723192617297172,0.051214931191504,0.0242792857319116,-0.1535591611176729,0.0414964519441127,0.078039176762104,0.0472563840448856
1774469899228387900,87.32997265625,-0.0563227757245302,0.0723705684775486,0.170036248666048,-0.0089732129126787,-0.0428784191608428,-0.0034790532663464,-0.026497838564217,0.1755126342505216,-0.153797646048665,-0.0698717311024665,-0.0115663977339863,0.0781827419996261,0.0653168140411376,0.0258832137972116,-0.1793149491429329,0.0317588709294796,0.0587275326251983,0.0494367145001888
1774469899238415000,87.33999951171874,-0.0766970168419182,0.1233012393675744,0.1637701740086078,-0.01412536483258,-0.0461876653134822,-0.0047589689493179,-0.063925798074156,0.1005506245076656,-0.2397150573089718,-0.0767518505454063,-0.012443752028048,0.0855358466506004,0.0479459925234317,0.0295697933554649,-0.1626578288525343,0.0263787321746349,0.038157433271408,0.0509910732507705
1774469899248440900,87.35002563476563,-0.0745509447239339,0.1270350190684199,0.1250438452512025,-0.0244143866002559,-0.0460203997790813,0.0007975883781909,-0.0861215555302798,0.0370189403176307,-0.3142264006748795,-0.0794171392917633,-0.0092431642115116,0.0935929715633392,-0.0097732059955596,0.0473030184447765,-0.1125195869818329,0.0307628270238637,0.0196513943374156,0.0525122731924057
1774469899258467900,87.36005249023438,-0.0879465790003538,0.1069844569474458,0.0486222843497991,-0.0274932663887739,-0.0520503297448158,0.0072456346824765,-0.0398632238328456,-0.0111129301667213,-0.2973655745059251,-0.0736328735947609,0.0004275802639313,0.0959843471646308,-0.0150698510989546,0.0856646055430173,-0.0599891892775893,0.036410704255104,0.0088370125740766,0.0542480275034904
1774469899268493900,87.37007861328125,-0.1244507016636431,0.065415379044786,-0.0153548055201768,-0.0279433336108922,-0.0563257224857807,0.0125892926007509,-0.0151622055575251,-0.0410842900604009,-0.2232464453279972,-0.0655381977558136,0.0029748936649411,0.0933337062597274,-0.0260591548860073,0.1208265198171138,-0.0701578243315219,0.0403348729014396,-0.0056995856575667,0.0518698245286941
1774469899278519900,87.3801044921875,-0.1401255329184234,0.0264571046950295,-0.0785287623137235,-0.0257800482213497,-0.0558109320700168,0.0161677822470664,0.0052066287323832,-0.0434533572793006,-0.1815104133605957,-0.0538334622979164,0.0032061762176454,0.088782213628292,-0.0483095651388168,0.0865337895929813,-0.1147390165969729,0.0363205820322036,-0.013243505731225,0.0526203960180282
1774469899288546900,87.39013159179687,-0.1457978794664144,-0.0037394422566518,-0.104153032913804,-0.0211318526417017,-0.0544261038303375,0.0127628557384014,0.0512777672946453,-0.0565086536854505,-0.1856932520031929,-0.0446221195161342,0.0040107169188559,0.0833000987768173,-0.0737932582244277,0.0032639702320098,-0.152954765483737,0.0347349382936954,-0.0084026772528886,0.0556476116180419
1774469899298572900,87.40015747070312,-0.1577069284468889,-0.0095719112697988,-0.0946522141188383,-0.0154609186574816,-0.0503799617290496,0.0143524948507547,0.0859127350851893,-0.0553746812194585,-0.1717214252740144,-0.0405124723911285,0.0041461521759629,0.0787403807044029,-0.0642915626466274,-0.0798947899699211,-0.1395499249875545,0.0454030372202396,0.0084864944219589,0.0546872727572917
1774469899308599900,87.4101845703125,-0.1632050874717533,-0.0026828458758071,-0.0445803154826164,-0.0089496364817023,-0.0498589649796485,0.0080375513061881,0.0943392026469111,-0.0582137040376663,-0.1640636039972305,-0.0374109558761119,0.0018249407876282,0.0748582929372787,-0.0555903697967529,-0.0973147113263607,-0.0831412245452404,0.0610264725983142,0.018754843622446,0.0516960099339485
1774469899318625900,87.42021044921874,-0.1711860032230615,-0.0116639881782233,0.0180909524857997,-0.0024179676547646,-0.0501335375010967,0.0078111821785569,0.1029725909575819,-0.0130921212852001,-0.1231117081448435,-0.0337087623775005,-0.0043126111850142,0.0710543617606163,-0.0182405900895595,-0.0624871435731649,-0.0804074156671762,0.0699140578508377,0.0205973293632268,0.0499432943761348
1774469899328652900,87.43023754882813,-0.1681751309692859,-0.0183607458705082,0.0828600695163011,-0.000536449602805,-0.0514084324240684,0.0062342872843146,0.1185847322396934,0.0196650699347257,-0.0974327847480773,-0.0305939279496669,-0.0140371434390544,0.0679222121834755,-0.0295171863853931,-0.0256973358362913,-0.1158975389823317,0.0741301104426384,0.0247931387275457,0.045220710337162
1774469899338678900,87.44026342773438,-0.1638946771711111,-0.0167835596816614,0.1412532217741012,-0.0004602832486853,-0.0514028370380401,0.0073602721095085,0.1207788812831044,0.0354658656567335,-0.1175087735712528,-0.0279749240726232,-0.0269221737980842,0.0616080723702907,-0.0467345709070563,-0.0546159718066453,-0.1364721249774098,0.0677473172545433,0.034941878169775,0.0427502319216728
1774469899348704900,87.45028955078125,-0.1916236649654805,-0.012438808475621,0.1641571274995803,-0.0070188050158321,-0.0537340119481086,0.0086542321369051,0.1318579091802239,0.0380798475474119,-0.1364712481945753,-0.0308058634400367,-0.0333158932626247,0.054172795265913,-0.0559454668447375,-0.083600658750534,-0.168154380442202,0.0597298666834831,0.0495125651359558,0.0430354550480842
1774469899358731900,87.46031640625,-0.2362701775521039,-0.0059004927480593,0.1767863074481487,-0.0098153911530971,-0.0629480183124542,0.0102883474901318,0.1413128430068493,0.0456195954024791,-0.1598725820481777,-0.0355274267494678,-0.0402472913265228,0.0484459772706031,-0.1022045291945338,-0.1047808094233274,-0.1704348925948142,0.0589800775051116,0.0552315264940261,0.0435511395335197
1774469899368757900,87.47034252929687,-0.2676162598650902,-0.008877426199615,0.1430728384166955,-0.0128417890518903,-0.0698218345642089,0.0085938498377799,0.1248129591047763,0.039735798060894,-0.1770908433526754,-0.0414742641150951,-0.0446907766163349,0.0436594784259796,-0.0915218071386218,-0.0739168846040964,-0.1410056767538189,0.0596956685185432,0.0513097569346427,0.0425066463649272
1774469899378784900,87.48036938476562,-0.2533370476871728,-0.0318860709412023,0.0869821178823709,-0.0158865824341774,-0.0708530098199844,0.0011103665456175,0.1002311832949519,0.0448065254539251,-0.182445940645039,-0.0468967594206333,-0.0497326888144016,0.0443902760744094,-0.0691933632135391,-0.042406478574872,-0.0993091000139713,0.0563814677298069,0.0365598164498806,0.0374942161142826
1774469899388810900,87.4903955078125,-0.2440647038858383,-0.0425165878858417,0.0466080219179391,-0.0135603379458189,-0.0710384547710418,-0.007553010713309,0.0782721572041511,0.0632616350769996,-0.1612611137971281,-0.0471763908863067,-0.0486314706504344,0.0479953996837139,-0.0349839273586869,-0.0256260241657495,-0.0689917031615972,0.0494836159050464,0.0237263087183237,0.0300147291272878
1774469899398837900,87.50042236328125,-0.2274446276701986,-0.0591929608659818,-0.0054430678367614,-0.0121808210387825,-0.0694221854209899,-0.0119139365851879,0.0713185386739671,0.0977671312689781,-0.1423284497901797,-0.0435491688549518,-0.0488099828362464,0.0463985800743103,-0.0213806416809558,-0.0501665911823511,-0.0551765282988548,0.0489846840500831,0.0118481200188398,0.0258128251880407
1774469899408863800,87.51044848632813,-0.2163455798983573,-0.0795580688288435,-0.0290659354865551,-0.0037492248229682,-0.0673456266522407,-0.0142528768628835,0.0883504836261272,0.1168967791527509,-0.1247472003921866,-0.0387355051934719,-0.0495793707668781,0.0430475249886512,-0.0333355756297707,-0.0710825379610061,-0.0498325369223952,0.0463319085538387,0.0034948498941957,0.020033499225974
1774469899418890900,87.52047534179688,-0.172400201318413,-0.0715430681448429,-0.0352221200287342,-0.0011039066594094,-0.0622912123799324,-0.0141396932303905,0.102666593748331,0.1256383040130138,-0.1043959017589688,-0.0314595960080623,-0.0524839907884597,0.0374187752604484,-0.0164686119809746,-0.0611561872303485,-0.0506119968622922,0.044873159378767,0.004067588597536,0.0185370352119207
1774469899428916800,87.53050146484375,-0.1471983939141035,-0.036635019033961,-0.0361830740153789,0.0047243423759937,-0.0550489798188209,-0.0123698078095912,0.1254629474461078,0.1396943018943071,-0.0723494891569018,-0.0277633946388959,-0.0538507252931594,0.0326370671391487,-0.0120282914459705,-0.0446533807188272,-0.0651671764373779,0.0438832603394985,0.0036532003432512,0.0187900345772504
1774469899438943100,87.54052758789062,-0.1163083117403089,0.0109999347789213,-0.0134106857150793,0.0052945250645279,-0.0502488985657691,-0.0062490650452673,0.1436582370892167,0.181668234270811,-0.0303740954756736,-0.0268149897456169,-0.059675183147192,0.0289099235087633,-0.0151858786940574,-0.0194487968355417,-0.0839589706689119,0.0432657524943351,0.0011521345004439,0.0152910891920328
1774469899448969800,87.55055444335937,-0.1016371776353567,0.0561113614635542,0.0111257896482944,0.0073433523066341,-0.049883060157299,-0.0010367683134973,0.1166834286630153,0.189551680997014,-0.0479872013166546,-0.030488021671772,-0.0704599171876907,0.0231764037162065,0.0061962242916226,0.0234603705644607,-0.1305474111035466,0.0318351984024047,-0.0019869334064424,0.0108164455741643
1774469899458995800,87.56058032226562,-0.105063133496046,0.0785059659600257,0.0386427421271801,0.0064890100620687,-0.0485171228647232,0.0042080609127879,0.079697221571207,0.1699035621970892,-0.0951473041594028,-0.0298595484346151,-0.0800845995545387,0.0199289731681346,-0.0210308053299784,0.0524818823873996,-0.1687073381498456,0.0159504264593124,-0.0092223528772592,0.0101322326809167
1774469899469022800,87.570607421875,-0.1085082324486225,0.0688141546376049,0.0399672687292098,0.0036724265664815,-0.0494245775043964,0.0085795456543564,0.0279212954960763,0.1540899069935083,-0.1426329856947064,-0.027388134971261,-0.0811669081449508,0.0113495998084545,-0.0556333321556448,0.0626975714534521,-0.2057496593430638,0.0019038497703149,-0.0181921459734439,0.0131954010576009
1774469899479048800,87.58063330078124,-0.1298755031913518,0.047807460835576,0.0141986212223768,0.00554622663185,-0.0471403822302818,0.0072322525084018,-0.0033674306064844,0.1409878488361835,-0.1639145509153604,-0.024698169901967,-0.0784057676792144,0.005171419121325,-0.0414497623719275,0.0474625929206609,-0.1833241847842931,-0.0125734414905309,-0.0225297771394252,0.0170718505978584
1774469899489076100,87.59066064453125,-0.1523889482945203,0.0169381657214835,-0.0017383680999279,0.009006705135107,-0.0421334467828273,0.0072752656415104,-0.0312789353609085,0.1008230117082595,-0.1857856064617633,-0.0305129159241914,-0.0789336115121841,0.0032230503857135,-0.0472033574625849,0.0998170495361089,-0.1306464875638485,-0.0222564283758401,-0.0302811730653047,0.0170739814639091
1774469899499102100,87.60068676757813,-0.1695768144607543,0.0145791084399446,-0.0262567232847213,0.0101281628012657,-0.0319471210241317,0.006972731091082,-0.0342811859168112,0.0728910486876964,-0.1980333858773112,-0.0330753289163112,-0.0770477727055549,5.91471325606e-05,-0.0324703371025621,0.1220487550884485,-0.0884621273070573,-0.0223860293626785,-0.0376437008380889,0.0183745790272951
1774469899509128000,87.61071264648437,-0.1992009683519601,0.0068352163149043,-0.0359060106396675,0.0112277707085013,-0.0255792625248432,0.0061878524720668,-0.0235337280616164,0.0549129089266061,-0.1715411002710461,-0.0349491275846958,-0.0688055530190467,0.0013595686759799,-0.0338961321219801,0.0993453403711319,-0.049592298425734,-0.0180469416081905,-0.0499477684497833,0.0263403598219156
1774469899519154800,87.62073950195312,-0.2138689606517553,0.0258413839494809,-0.0231914904952049,0.0126224681735038,-0.0167402289807796,0.0070041110739111,-0.0266017373301088,0.0315419702112674,-0.1780640722990036,-0.0308906380087137,-0.0605391450226306,-0.000515938270837,-0.0416667661234736,0.1085042138606309,-0.0452101378187537,-0.0101725198328495,-0.0693948790431022,0.0267524868249893
1774469899529180800,87.63076538085937,-0.2178648984201252,0.038687786845304,0.0214887782305479,0.0108140902593731,-0.0118765560910105,0.0120672024786472,-0.009755670338869,0.0526630841732025,-0.1475941152334213,-0.0222984813153743,-0.0529874861240386,-0.0051343920640647,-0.0136529700383543,0.1208896481812,-0.0620738865971565,-0.0068843155167996,-0.0852358937263488,0.0211353488266468
1774469899539207800,87.64079248046875,-0.2293472464211285,0.0409222678991034,0.0388677830547094,0.0130103984847664,-0.0089316330850124,0.0181714333593845,-0.0338391412377357,0.0519072973698377,-0.135239076051116,-0.0094340769574046,-0.0479689575731754,-0.0121803097426891,0.0092716862142086,0.1152823296934366,-0.1015484033733606,-0.0085209086537361,-0.0888515412807464,0.0197054501622915
1774469899549234000,87.65081860351563,-0.2506907709620893,0.0322389029668644,0.0479629436582326,0.0131911430507898,-0.0038332277908921,0.0163500402122735,-0.048159927535057,0.0484422516077756,-0.1449281108945608,-0.001449919771403,-0.0439031086862087,-0.018289066851139,0.0041901451662182,0.0744616590052843,-0.1377624570488929,-0.0172044113278388,-0.0768047273159027,0.0237244274467229
1774469899559261000,87.660845703125,-0.2666815362982452,0.0173172646995633,0.0465495697289705,0.018027177080512,0.001827054657042,0.0160616189241409,-0.0726806208074092,0.0348883580297231,-0.1344692607223987,0.0013657615054398,-0.0427753292024135,-0.0172381196171045,-0.0014481529816985,0.0292775324106216,-0.1653743943348526,-0.0125119434669613,-0.0582889467477798,0.0274838861078023
1774469899569287000,87.67087158203125,-0.2751899830549955,-0.0176108408186584,0.0537859507232904,0.0177520252764225,0.0046700830571353,0.0111055532470345,-0.1154369357332587,0.0137023621380329,-0.1385886787399649,-0.0045081065036356,-0.0419124662876129,-0.0135741420090198,-0.0113663204059004,0.035725977897644,-0.1443564484864473,-0.0086402399465441,-0.0411613583564758,0.0345300808548927
1774469899579313000,87.68089770507812,-0.2821217550795525,-0.0538205836452543,0.0374970792233943,0.0239896811544895,0.0078701376914978,0.0074516972526907,-0.1613850324377417,-0.0095376436740159,-0.1451972832247614,-0.0111130336299538,-0.0398369245231151,-0.0075548426248133,-0.0233155552662909,0.0660381140530109,-0.111542266382277,-0.0032841437496244,-0.0378271453082561,0.0399676635861396
1774469899589339800,87.69092431640625,-0.2781493443172425,-0.074688234302774,0.0467915617913007,0.0264218300580978,0.0109212333336472,0.0007674880325794,-0.196508076006174,-0.0254939222186803,-0.1465033973872661,-0.0207203868776559,-0.0375303626060485,-0.0016807086067274,-0.0356149187386035,0.1001449663162231,-0.1001104795247316,0.002182260621339,-0.0375666879117488,0.0437821075320243
1774469899599365700,87.70095043945312,-0.2384106967121362,-0.0834475140154361,0.0662099634885788,0.0251264683902263,0.0138938538730144,-0.0046067712828516,-0.199574185578525,-0.0475718985140323,-0.1248424774602055,-0.0235984027385711,-0.0377744510769844,0.0039957519620656,-0.0362330506369471,0.123608844012022,-0.05779635540843,0.0073685706593096,-0.051458865404129,0.0436189100146293
1774469899609393000,87.7109775390625,-0.1971492965191602,-0.0667848042344674,0.0589624765783548,0.0266908761113882,0.0206718109548091,-0.0086947157979011,-0.1691946832753718,-0.0378857862800359,-0.0982867712289094,-0.026617094874382,-0.0357938595116138,0.0044602071866393,-0.004530044645071,0.0987573113501072,-0.0197352125614881,0.0155572583898901,-0.0636798441410064,0.0391860753297805
1774469899619419000,87.72100366210938,-0.1674362953007221,-0.0366232189983129,0.0536842439144849,0.0224452633410692,0.0277211964130401,-0.0128327356651425,-0.1369818280652165,-0.0176700967252254,-0.0929942177787423,-0.0256010703742504,-0.0316721685230731,0.0020553560461848,0.0385717227175831,0.0807423467099666,-0.0108624625369906,0.0209833551198244,-0.070083200931549,0.0360905081033706
1774469899629446000,87.73103051757812,-0.1513124051041901,-0.0058679056527093,0.0680769264042377,0.0209729559719562,0.0363737680017948,-0.0162100754678249,-0.1135505374647676,-0.0075894322156906,-0.0868497236743569,-0.0313231348991394,-0.0288127325475215,-5.3979456424e-06,0.0542205427482724,0.0481242716997861,0.0077133508563041,0.0255722478032112,-0.070675753057003,0.0372716225683689
1774469899639471700,87.74105639648438,-0.1492125832807272,0.0099736239384859,0.0566471853733062,0.0202443152666091,0.0390933863818645,-0.0154476128518581,-0.1114236084386706,0.0050303953826427,-0.078387892538309,-0.0396520942449569,-0.0297079924494028,0.0019487435929477,0.0925908976748585,0.0243353998333215,-0.0011734276935458,0.031534120440483,-0.0649210289120674,0.0383989736437797
1774469899649497700,87.75108227539063,-0.1559812736980617,0.0125777054896578,0.0594143119990825,0.0212725047022104,0.0402133278548717,-0.0135079910978674,-0.1259492696583271,-0.0001519756913185,-0.0875131560191512,-0.0530643053352832,-0.0313085503876209,0.0028134719468653,0.1069087613627314,0.0512631542474031,-0.0091188337400555,0.0335384160280227,-0.0542406886816024,0.0387462489306926
1774469899659525000,87.76110961914063,-0.1474601135902106,0.0213121795546263,0.0503542227089405,0.0196735430508852,0.038689199835062,-0.0130376759916543,-0.0064184887401759,-0.1495972717493772,-0.0114911158293485,-0.0797592774033546,-0.0567551925778389,0.0017657621065154,0.1176069732487201,0.0846060364007949,-0.0145116326943039,0.0310140755027532,-0.042367585003376,0.0363968573510646
1774469899669551000,87.77113549804687,-0.170403255347535,0.0220131674308329,0.0263239433020353,0.0179638229310512,0.0395782589912414,-0.0135965617373585,0.040578678625822,-0.1524988384097814,-0.0550873887106776,-0.0781161859631538,-0.0671306997537612,-0.0088987806811928,0.1238370998099446,0.1153980650275945,-0.0112248661085963,0.023885590955615,-0.0290352683514356,0.0393385849893093
1774469899679578000,87.78116259765625,-0.1958142485231161,0.0008711933439597,0.0096311671763658,0.0188924670219421,0.0412382073700428,-0.0133853731676936,0.0866525936670601,-0.1416401752650737,-0.0885863382086157,-0.0741747096180915,-0.0762179344892501,-0.023864148184657,0.1232451252661645,0.1546329278290271,-0.0047428106129169,0.0172822196036577,-0.0161817502230405,0.0358845479786396
1774469899689603900,87.7911884765625,-0.207186633343622,-0.0153806706137955,0.0077384852975606,0.0189907774329185,0.0392236411571502,-0.0205938592553138,0.0897241100668907,-0.139485627579689,-0.1220613223090767,-0.0694364979863166,-0.0864406377077102,-0.0388496778905391,0.11329904692173,0.1519827055811882,0.0171223997145891,0.0044018412008881,-0.0109829939901828,0.037452083081007
1774469899699630700,87.80121533203125,-0.2151489174596965,-0.0409168976042419,-0.0010270049601793,0.0187473651021718,0.0406620129942894,-0.0238887201994657,0.0737969114862382,-0.1219271745353937,-0.1429459971666336,-0.0671722814440727,-0.0949845910072326,-0.0545519441366195,0.1221918168209493,0.1252729778319597,0.0503255811363458,-0.0030872744973748,-0.0130461640655994,0.0394958034157753
1774469899709656700,87.8112412109375,-0.2151548357438296,-0.0730277172120288,0.0172673611432313,0.0168657731264829,0.0428378731012344,-0.0309937745332717,0.0663848816640675,-0.0743839175939559,-0.1400803786024451,-0.0636853575706482,-0.1022385135293006,-0.0634741112589836,0.1296294194757938,0.0670312167435884,0.0995177743285894,-0.0133945066481828,-0.0259023085236549,0.0365101359784603
1774469899719683900,87.8212685546875,-0.1893780779957771,-0.0956269043698906,0.0470621954262256,0.0169781576842069,0.0464437901973724,-0.0384130738675594,0.0471580570161342,-0.0436713839441537,-0.1586290117278695,-0.0644749850034713,-0.1074146330356597,-0.0690696761012077,0.1235511224754154,0.0298263984650373,0.1459562848985195,-0.0230830907821655,-0.0523064509034156,0.0266373995691537
1774469899729709900,87.83129443359375,-0.1554196942925453,-0.0982842870108783,0.0875859289944171,0.0177515782415866,0.049014389514923,-0.0383980013430118,-0.0089025606408715,-0.0120984340727329,-0.2046574801921844,-0.063828095793724,-0.1078581660985946,-0.07235948741436,0.1407223297677934,0.0007183774024248,0.2138870808303356,-0.0353120602667331,-0.0846955478191375,0.016889963299036
1774469899739735900,87.84132055664062,-0.1186164425522088,-0.1011859998017549,0.1212806933254003,0.0157736502587795,0.0610617324709892,-0.041435606777668,-0.0549814441181719,-0.0111959322750568,-0.2265694522708654,-0.0643292963504791,-0.1060237810015678,-0.071384772658348,0.1830722558498382,-0.0251011235088109,0.294335120768845,-0.0524426586925983,-0.1111584603786468,0.0074175847694277
1774469899749762900,87.85134741210938,-0.1116530332803726,-0.0821949201384559,0.1277671327352523,0.0169866401702165,0.0686288699507713,-0.044227447360754,-0.0923744784452021,0.0040530747830867,-0.2394043839246034,-0.0633247122168541,-0.1039569079875946,-0.0719384849071502,0.2091816796183586,-0.0428431164264678,0.3270405818015336,-0.0639965236186981,-0.1358877718448639,0.0031259008683264
1774469899759788900,87.86137353515625,-0.1255056175440549,-0.0632581644782796,0.106971012943983,0.0181816015392541,0.0701343566179275,-0.0499982498586177,-0.1155066399686038,-0.0021077859342098,-0.1842734483331441,-0.0719104781746864,-0.1046559885144233,-0.0731118693947792,0.1521498788416385,-0.0740367115914821,0.306567702615261,-0.0725132077932357,-0.143203467130661,0.0017094064969569
1774469899769815900,87.871400390625,-0.150928374222666,-0.0444929294601082,0.0985854619145393,0.0196424126625061,0.070582240819931,-0.054633479565382,-0.124000473678112,-0.013862521135807,-0.0799123256266117,-0.0899081453680992,-0.1142368391156196,-0.0711288601160049,0.1090919506207108,-0.0739993021905422,0.2594301038652658,-0.0839139372110366,-0.1338706910610199,0.0010976784396916
1774469899779841900,87.88142651367187,-0.1982220403172075,-0.0142343135902658,0.0541781649112701,0.022440331056714,0.0660692527890205,-0.0588828176259994,-0.035832360881567,-0.0851519798457622,0.0714049017831683,-0.1170734539628028,-0.1421885937452316,-0.0654323548078537,0.067931818845123,-0.0573953733921051,0.1865323331758379,-0.0939632207155227,-0.105835773050785,0.0020016524940729
1774469899789868900,87.89145361328124,-0.191342071545124,0.0029630510566756,0.0264361715048551,0.028572179377079,0.0623389929533004,-0.0623428486287593,0.140444243478775,-0.216178406637907,0.1910024643272161,-0.1440580487251281,-0.1949249356985092,-0.0587341338396072,0.0361190688684582,-0.0511678771793842,0.120982879422605,-0.1031748279929161,-0.0834332555532455,0.0021659694612026
1774469899799894900,87.9014794921875,-0.1851977235712111,0.0143606068510562,0.0159247143626213,0.02834128215909,0.0625331401824951,-0.0625423192977905,0.4047003061957657,-0.308749722829461,0.2296291321024298,-0.1654735952615738,-0.2518020570278168,-0.0645749792456626,0.0259945652171969,-0.0298550400376319,0.0233586637556552,-0.1309113502502441,-0.0636397749185562,0.0006357075180858
1774469899809920900,87.91150537109375,-0.1947884126067161,0.0269283024033531,-0.0030646482676267,0.033295564353466,0.0581596754491329,-0.066750094294548,0.6317059579268097,-0.3104845837980509,0.1826332799106836,-0.1682651042938232,-0.3019194304943084,-0.08453831076622,0.0161973938241601,-0.0188753808617591,-0.0816883953884243,-0.163848266005516,-0.0516989566385746,0.0016032338608056
1774469899819947900,87.92153247070313,-0.2055962223470211,0.0391899276811629,0.0107645551204681,0.0321330949664115,0.0521465241909027,-0.0645471289753913,0.7024106024861335,-0.287649067133665,-0.0151209967643022,-0.1571338772773742,-0.3309079110622406,-0.1148935556411743,0.0082654317811131,-0.0176262575834989,-0.1090469424352049,-0.1822475343942642,-0.050088882446289,0.0022844802588224
1774469899829973900,87.93155834960938,-0.1600878322340548,0.0702536493888124,0.044560441738367,0.0349825583398342,0.0473343692719936,-0.0631278753280639,0.6483224539458752,-0.2614876209169626,-0.2581096689164638,-0.1437928080558776,-0.3422971665859222,-0.1509213000535965,-0.0075835869967937,-0.0076572367548942,-0.0664984250411391,-0.1914476901292801,-0.0566351972520351,-0.002484708558768
1774469899840000900,87.94158544921875,-0.1316137982260435,0.0754494644662365,0.0634416678190231,0.0309979394078254,0.0467756390571594,-0.0613448843359947,0.6367896909318864,-0.1622258671760559,-0.3450362572193146,-0.1323348134756088,-0.3648751676082611,-0.1823623180389404,-0.0135137076981365,0.0008358663022518,-0.0106561263099312,-0.2065915614366531,-0.0774731114506721,-0.016421616077423
1774469899850026900,87.95161157226562,-0.08991656389907,0.0805558476945385,0.090057287544012,0.0287358500063419,0.0522913113236427,-0.0576066076755523,0.706941816174984,-0.0170931736201047,-0.2438230771496891,-0.1201936602592468,-0.4080526232719421,-0.2012788355350494,-0.0673310764729976,-0.0310123933792114,0.0722697019189596,-0.2401977181434631,-0.1130603998899459,-0.047710295766592
1774469899860053900,87.96163842773437,-0.0913778686232864,0.076454695986025,0.0934223800629377,0.0234870258718729,0.05330491065979,-0.0576915591955184,0.7915130735233425,0.0723801765561103,-0.0984475147485733,-0.1116105616092681,-0.4755070507526397,-0.2136750519275665,-0.1449006383657455,-0.1282119538933038,0.1581391823843121,-0.2766648232936859,-0.1761054247617721,-0.0894394591450691
1774469899870079800,87.97166455078126,-0.094452161502093,0.0629161095749586,0.0844645821034908,0.0240943226963281,0.0566221810877323,-0.0608496814966201,0.8192626657143235,0.1527799934387207,-0.0278057062923908,-0.1022610068321228,-0.5477220416069031,-0.2234762459993362,-0.1825157910108566,-0.2842535794764757,0.3379661727026105,-0.329108327627182,-0.2588711380958557,-0.144016683101654
1774469899880106100,87.98169067382813,-0.1004208606481552,0.060320759319514,0.0744224960386753,0.023175798356533,0.0575154051184654,-0.0580845177173614,0.8124184989079832,0.197494748955965,-0.0697036508232355,-0.1008868217468261,-0.5999628901481628,-0.2335163652896881,-0.166518888194859,-0.5139128144562244,0.5089928937107324,-0.3934940993785858,-0.3552310764789581,-0.1812451779842376
1774469899890133100,87.9917177734375,-0.0910528744526207,0.0600413578562438,0.0592681815266609,0.0195282250642776,0.0584229491651058,-0.0605584979057312,0.7033809088230133,0.1510889716118574,-0.2448673255056142,-0.1117138192057609,-0.620107889175415,-0.2464253455400467,-0.1493935658708214,-0.6818541366696357,0.6712956255152821,-0.4577961266040802,-0.427413135766983,-0.1988542675971985
1774469899900159100,88.00174365234375,-0.1259970543228089,0.037186077045463,0.0499029718101024,0.0191761553287506,0.0611297860741615,-0.0601515620946884,0.61562926787287,0.0799333684146404,-0.4057420703336596,-0.1253124475479126,-0.6155994534492493,-0.2645739912986755,-0.0726994716383516,-0.6383534331172704,0.7721504936665297,-0.5102525353431702,-0.4900650680065155,-0.2127647250890731
1774469899910185800,88.0117705078125,-0.1624117451369762,-0.0003740574767813,0.0346884515434503,0.0179279707372188,0.0604835525155067,-0.0615535601973533,0.6161630824886262,0.1360655900031328,-0.4768444820389151,-0.1340969800949096,-0.6050265431404114,-0.2779573500156402,0.1131844806313514,-0.5694061536192894,0.7385770176276564,-0.5815469622612,-0.5450489521026611,-0.2441303730010986
1774469899920211800,88.02179638671875,-0.1612473775327205,-0.0180614341303706,0.0238140063077211,0.0195399820804595,0.0620867758989334,-0.0638944804668426,0.5917784366860985,0.2219809554368257,-0.4871694766983389,-0.1403034776449203,-0.5757507085800171,-0.286638468503952,0.1943697488032281,-0.6976280443847179,0.5754442647397517,-0.6806247234344482,-0.5804411172866821,-0.2702861428260803
1774469899930239100,88.03182373046874,-0.1340710551850497,-0.0151945369245484,0.0401361955553293,0.0198782309889793,0.064434714615345,-0.0620993934571743,0.5035413503065705,0.2648720026582479,-0.5167901234582066,-0.1432005167007446,-0.5346406698226929,-0.286586731672287,0.0852583628296852,-0.8193851230502128,0.4138742311239242,-0.7949358820915222,-0.6041589975357056,-0.2805089652538299
1774469899940265100,88.041849609375,-0.1123776942931115,0.0042143662920221,0.0418944373995065,0.0202183183282613,0.0731320679187774,-0.0649095624685287,0.4413232329331338,0.3338046691089868,-0.470188531281054,-0.1410308480262756,-0.4975521564483642,-0.2764515280723572,-0.062916913292557,-0.8156728245288133,0.3197027862593531,-0.929793655872345,-0.613996684551239,-0.3076085448265075
1774469899950291000,88.05187573242188,-0.1014433355636894,0.0210707720141857,0.0407224710106849,0.0190045684576034,0.0738650485873222,-0.0688785314559936,0.38306744331941,0.4322796563863754,-0.3809109959378838,-0.1315119266510009,-0.4698353111743927,-0.2596302032470703,-0.0716249742746353,-0.8493038759738206,0.222756323723495,-1.0800800323486328,-0.5984987020492554,-0.3448848128318786
1774469899960317800,88.06190234375,-0.0809660724632441,0.029803090654686,0.0513338813960552,0.0145578878000378,0.0729135051369667,-0.068635381758213,0.3728372873365879,0.5360428131997585,-0.2282175117388367,-0.1165431067347526,-0.4628234505653381,-0.2317804396152496,-0.1396573308847844,-0.9021487464547157,0.1742877686306834,-1.2060294151306152,-0.5531846880912781,-0.3578571081161499
1774469899970343800,88.07192846679688,-0.0388350498288869,0.0273920109249651,0.0279863235563039,0.0132670029997825,0.0714209303259849,-0.0687804594635963,0.4841840311467647,0.7036252389729023,0.0077019526794552,-0.1020146906375885,-0.4676685631275177,-0.189704954624176,-0.2459561436556279,-0.8284276766836642,0.2393357026025653,-1.310443639755249,-0.5051599144935608,-0.3762182593345642
1774469899980371000,88.08195556640625,-0.0308421513788402,0.0195950003731995,0.0126958154439926,0.0138555616140365,0.0774079784750938,-0.0719653367996215,0.6129086107373237,0.8341922315597534,0.1936968179777264,-0.095431350171566,-0.4822333753108978,-0.1364638358354568,-0.290876650878042,-0.7435580209106206,0.2877151181071996,-1.402891993522644,-0.4913837611675262,-0.4065532386302948
1774469899990397000,88.09198168945312,-0.0386386504739522,0.0068943991562351,-0.0087555533856153,0.0176699273288249,0.0754785537719726,-0.0690068751573562,0.7591289533995091,0.9014742081940174,0.2835588752105832,-0.1042868271470069,-0.5011681914329529,-0.0687405318021774,-0.3060448477849364,-0.7044348017901182,0.2745990314245224,-1.4867740869522097,-0.5217954516410828,-0.4318740367889404
1774469900000424000,88.10200854492187,-0.0257205705814063,-0.0106467739596962,-0.022685879060626,0.0244284979999065,0.0740244686603546,-0.0733377188444137,0.8722305780529975,0.8954957183063029,0.2449009355142712,-0.1321978121995926,-0.5005394220352173,0.0092637222260236,-0.3284416807711124,-0.6797539495199918,0.3225532072544098,-1.5558083057403564,-0.5719123482704163,-0.4542455673217773
1774469900010450000,88.11203466796874,-0.0250472013644874,-0.0102466321935877,-0.0041091888844966,0.0281295720487833,0.0692504495382309,-0.0679889693856239,0.7747812805615365,0.6947539502531289,0.0233291454002261,-0.1689080148935318,-0.4623350501060486,0.0683985352516174,-0.3038802170969545,-0.6315934374630451,0.4250327539980411,-1.6284862756729126,-0.6297620534896851,-0.491631805896759
1774469900020476000,88.122060546875,-0.022718466155976,-0.0106250370519235,0.0238116682201623,0.0307634398341178,0.0689913257956504,-0.0680571421980857,0.6094901805959642,0.4249427376270294,-0.2418590836003422,-0.1895557641983032,-0.3904134631156921,0.0888316333293914,-0.2429259821794927,-0.6394482426166535,0.4956120186120271,-1.698294997215271,-0.6816166043281555,-0.5361111760139465
1774469900030502800,88.13208740234376,-0.0590541003845632,-0.0277818504927679,0.0497954197824001,0.0319653339684009,0.0686693787574768,-0.0724571794271469,0.4332825498186051,0.1452601193279027,-0.4886088618516921,-0.1815558522939682,-0.3117762804031372,0.0850019603967666,-0.2105306100092828,-0.7436182266652583,0.4741004440277814,-1.7956196069717407,-0.7201645374298096,-0.5829406976699829
1774469900040528700,88.14211328125,-0.1092038865625858,-0.0581794729745015,0.0699310298383235,0.032142698764801,0.0708401203155517,-0.0807364135980606,0.2259507358506322,-0.1371609840244054,-0.6786708304584026,-0.152339905500412,-0.2275548875331878,0.0658700764179229,-0.2767418886721134,-0.9235171131759882,0.3066670713365078,-1.9341901540756223,-0.7166306376457214,-0.6319178342819214
1774469900050556000,88.152140625,-0.1400121356718242,-0.0567173645326867,0.109492640376091,0.0310402028262615,0.0699465051293373,-0.0953553691506385,-0.0098621994532644,-0.3799047415047883,-0.7591092257857323,-0.1121542602777481,-0.1363107562065124,0.031985729932785,-0.3051532327074557,-1.163657410159707,0.0378232424378395,-2.1183764934539795,-0.6520106792449951,-0.6802158951759338
1774469900060582000,88.16216650390625,-0.1596001948475837,-0.056666876454465,0.1478834535688162,0.0245918910950422,0.0647458806633949,-0.1020425632596015,-0.2555604228250682,-0.4978834706753492,-0.7575570279076695,-0.0701937600970268,-0.0551440007984638,-0.0099843572825193,-0.1895065266810357,-1.4421353288441896,-0.2710550752073526,-2.345330238342285,-0.5374418497085571,-0.7605839371681213
1774469900070609000,88.17219360351562,-0.1475356630444526,-0.0431948159409686,0.1860632543593645,0.0190292857587337,0.0511428192257881,-0.1066615283489227,-0.4093243127346038,-0.5105892229914665,-0.6463163748204708,-0.0300036873668432,-0.0013948681298643,-0.0495658926665782,0.1436989344257861,-1.8118576990306376,-0.5827028575658798,-2.605294942855835,-0.3704214096069336,-0.8663713335990906
1774469900080635000,88.18221948242187,-0.1325771633654832,0.0026943536505103,0.2010439658701419,0.0143935205414891,0.039269383996725,-0.1099092587828636,-0.4751910157434642,-0.442030650550127,-0.4641761391237378,0.0169411841779947,0.0168712213635444,-0.0779969990253448,0.4258288728117942,-2.2587486490935085,-0.7967500973939895,-2.8382179737091064,-0.2168946117162704,-0.9584878087043762
1774469900090661000,88.19224560546876,-0.1050518814496695,0.0235109317079186,0.2130149741709232,0.0114500978961586,0.029956005513668,-0.1158021539449691,-0.5178117215909064,-0.3617015608161688,-0.3311813348680734,0.0621434599161148,0.0175388921052217,-0.0905774161219596,0.3680746029794216,-2.284014023253321,-0.7181465162783861,-3.0011439323425293,-0.1053720861673355,-1.041428804397583
1774469900100688000,88.2022724609375,-0.0880512084186077,0.0443553841529414,0.207306533396244,0.0101571334525942,0.0221486799418926,-0.1152207851409912,-0.5631625830546021,-0.3357610638737678,-0.3119891431421041,0.0956777185201644,0.034324262291193,-0.0947362035512924,-0.0278396085619926,-1.9213485858410595,-0.2987549830377102,-3.079529285430908,-0.0542331114411354,-1.0997982025146484
1774469900110714000,88.21229858398438,-0.0868200591884553,0.069338909164071,0.186273097717762,0.0093600880354642,0.0152147263288497,-0.1099563613533973,-0.5789502270340919,-0.3093213852375746,-0.4171817482367158,0.1161420717835426,0.0795609652996063,-0.0989246517419815,-0.631223946563527,-1.352768946173787,0.2199479883044958,-3.051037073135376,-0.1163079291582107,-1.1354044675827026
1774469900120741000,88.22232568359375,-0.08959010842368,0.1007966351579874,0.1449894856929779,0.0108237620443105,0.0090258065611124,-0.1029628962278366,-0.6025543899834156,-0.2340425646305084,-0.5125397725373506,0.1215347051620483,0.1460811346769333,-0.1003390550613403,-1.069441249370575,-0.7888964612841606,0.632039427664876,-2.946664333343506,-0.2924168407917022,-1.1478818655014038
1774469900130767000,88.2323515625,-0.0964576561056077,0.1136475680984556,0.1181716213941574,0.0155979776754975,0.003386492608115,-0.0989488512277603,-0.5071744461119174,-0.0678916329652071,-0.4243412646025419,0.1271762996912002,0.1952022016048431,-0.0909098386764526,-1.1911012974023818,-0.3895078516304492,0.8188736663967371,-2.805527448654175,-0.5257228016853333,-1.1695208549499512
1774469900140794000,88.24237866210937,-0.0961035819709301,0.1214156082840636,0.0730219815909862,0.0204382743686437,-0.0011406149715185,-0.0945639461278915,-0.2765937123730778,0.2202075160235166,-0.1462520529747009,0.1424077153205871,0.2272528111934662,-0.0743428394198417,-0.978050082874298,-0.1294733521312475,0.7391127319395542,-2.6727216243743896,-0.7348666191101074,-1.224434733390808
1774469900150819900,88.25240454101562,-0.0826889507330954,0.1305220939991995,0.0271492882102727,0.0235503856092691,0.0042326562106609,-0.0902290865778923,-0.1638826944723725,0.4748351880431175,0.0662301294937729,0.1571356803178787,0.2827481925487518,-0.0608511343598365,-0.7472597980380058,-0.1482744987130165,0.4839472997814417,-2.556436538696289,-0.8290693163871765,-1.2801536321640017
1774469900160847000,88.262431640625,-0.071724342995882,0.1384923422260209,-0.0044230771392583,0.029935048893094,0.0084519023075699,-0.0825570523738861,-0.1622469099640846,0.6238678116470575,0.2153302653759717,0.1674895137548446,0.3597257733345032,-0.0558529160916805,-0.6423275974452495,-0.3232861977040767,0.0807277336627245,-2.4500675201416016,-0.8370314836502075,-1.2908706665039062
1774469900170872900,88.27245751953124,-0.0681358169846236,0.1228196298630908,-0.0133002110779285,0.0314023308455944,0.0151557922363281,-0.0813172906637191,-0.0750819828607141,0.7375619953662157,0.3988303912490606,0.1803065985441208,0.4214940667152405,-0.0469894744455814,-0.5273287243356928,-0.3168593795269727,-0.3252197961151599,-2.345323324203491,-0.7964558005332947,-1.289172887802124
1774469900180898900,88.2824833984375,-0.0758705028899014,0.1058114676453173,-0.0096615623146295,0.0309490617364645,0.0156197138130664,-0.0707727745175361,-0.0217081200696527,0.8133826677650213,0.6074941844731568,0.1926389038562774,0.4557383060455322,-0.0366513505578041,-0.2205885877629742,-0.2407137129575014,-0.6929600525736809,-2.225040435791016,-0.7459315657615662,-1.2697958946228027
1774469900190925900,88.29251049804688,-0.0752209529399871,0.0823799213165417,0.0194084648251533,0.0327342860400676,0.0120924208313226,-0.0646412074565887,0.0851718535900115,0.7822995472371578,0.805678669258952,0.2030661255121231,0.4631999731063843,-0.0314516760408878,0.117049996953085,-0.0464957937151193,-0.931660087621212,-2.1136369705200195,-0.7382355332374573,-1.24118173122406
1774469900200951900,88.30253662109375,-0.0633985593296587,0.0467964571621268,0.0488484943211078,0.0301116053014993,0.0082103312015533,-0.062494970858097,0.2539665777623653,0.6656301470994949,0.9586042086482048,0.219152420759201,0.4457416236400604,-0.0300625711679458,0.3892576762616634,0.1102110177785158,-1.1529045454770326,-2.031371593475342,-0.750770628452301,-1.232026219367981
1774469900210979200,88.31256372070312,-0.0598579641133546,0.0378194065129384,0.0943716436117887,0.0335635244846344,-0.0009785857982933,-0.0637298822402954,0.493191513466835,0.4848217445284128,1.0933788820579646,0.2550708353519439,0.3975921869277954,-0.0421600975096225,0.6493605648219585,-0.0291974529117345,-1.273586688387394,-1.945916056632996,-0.7689808011054993,-1.2131930589675903
1774469900221005200,88.32258984375,-0.073337623411417,0.0381004154114052,0.1301373689979314,0.0275477115064859,-0.0079012066125869,-0.0679962635040283,0.7522448929741978,0.3025175504416227,1.2277882292866706,0.3116472959518432,0.3303841352462768,-0.0721611380577087,0.8484143067229538,-0.1602513522326946,-1.239098727852106,-1.807374835014344,-0.7842188477516174,-1.1683906316757202
1774469900231031900,88.33261645507812,-0.0783792708404362,0.0506904689259827,0.1547884106516838,0.025973942130804,-0.0160699822008609,-0.069251574575901,0.9192378284215926,0.0941962870448827,1.2713400785043836,0.3727351129055023,0.2571938037872314,-0.1213568449020385,1.071275479060411,-0.0241378314346075,-1.1923287933707236,-1.6632107496261597,-0.8512927293777466,-1.1222790479660034
1774469900241057900,88.342642578125,-0.0796818778716027,0.0746011405412107,0.1639987220674753,0.0220369901508092,-0.0255713425576686,-0.0684004351496696,0.9617188335373996,-0.237435714200139,1.176251811055839,0.4170056283473968,0.1827296912670135,-0.1972076594829559,1.410841780436039,0.0866623844087123,-1.311682902547717,-1.5499651432037354,-0.9663074016571044,-1.084363341331482
1774469900251083900,88.35266845703126,-0.0789228761978447,0.0869300041026435,0.1538373935371637,0.0201592072844505,-0.030015867203474,-0.0685330182313919,1.0360742556892335,-0.4609937096953391,1.1090054902568458,0.4357861876487732,0.0933332443237304,-0.2825715243816376,1.6411965964645143,-0.0204424840480089,-1.5274813699573278,-1.4683376550674438,-1.0774567127227783,-1.0271143913269043
1774469900261110900,88.36269555664063,-0.0805249045670032,0.0900771795545704,0.1236234570592641,0.0144565794616937,-0.0306126810610294,-0.0621430277824401,1.1070330211400985,-0.6057774436831473,1.1717135831043124,0.44118732213974,-0.010514061897993,-0.3561495840549469,1.6990293383605777,-0.1844584495112299,-1.6328899558901786,-1.4001058340072632,-1.1799222230911257,-0.90771746635437
1774469900271137100,88.3727216796875,-0.0863340292371809,0.0810523990398272,0.0952361514866352,0.0104289855808019,-0.0320753306150436,-0.0576938092708587,1.018977428807318,-0.7723603370249271,1.194541793245077,0.426198273897171,-0.104405403137207,-0.4138693511486053,1.581372534620762,-0.1802370324239134,-1.7409283058047291,-1.3332905769348145,-1.3103561401367188,-0.7645730972290039
1774469900281163900,88.38274853515625,-0.0694609281085431,0.0767122326773591,0.0671194795489311,0.0081109702587127,-0.0336141027510166,-0.0513200685381889,0.9493360295653342,-0.862401257956028,1.2763333567470312,0.40042445063591,-0.1877032220363617,-0.4603204727172851,1.6731697976998985,-0.1925853496044874,-1.859606123155356,-1.298740267753601,-1.4571613073349,-0.6357398629188538
1774469900291189900,88.3927744140625,-0.0392130893610417,0.0845476390107534,0.0355664034217596,0.0070252842269837,-0.0291607491672039,-0.0459313429892063,0.943797100138664,-0.88102880153656,1.3576017731577157,0.3827906548976898,-0.2718661427497864,-0.5050754547119141,1.8742811297178268,-0.3930532691523432,-1.973596659472585,-1.2751073837280271,-1.5449094772338867,-0.5194681286811829
1774469900301216900,88.40280151367188,-0.0382592957675457,0.1093285175892524,0.0133656775295734,0.0057227322831749,-0.0259444527328014,-0.0430876202881336,0.9908525735631584,-0.97817692412436,1.3687901066482069,0.378216952085495,-0.361626386642456,-0.55521559715271,1.9921429545104503,-0.6600228286117314,-1.897434626290202,-1.245930314064026,-1.528026819229126,-0.4063099324703216
1774469900311242900,88.41282739257812,-0.0369051046796143,0.1131154339831322,0.0045867432683706,0.0027689523994922,-0.0243528913706541,-0.037319753319025,0.9701043845668434,-1.0145441225349905,1.3889859224587675,0.3852155208587646,-0.4667941033840179,-0.6189600229263306,2.082669320870936,-0.8869339339271187,-1.6522715327084063,-1.210263967514038,-1.4272713661193848,-0.2934520840644836
1774469900321268800,88.422853515625,-0.0299916720293462,0.0914317359686829,0.0020218612164258,0.0028371294029057,-0.0148318242281675,-0.0400441661477088,1.114837265150249,-0.8376409107089042,1.4565534380361438,0.3945826590061188,-0.6458107233047485,-0.6591476202011108,2.118265534909069,-0.9350961995497346,-1.4045388808995485,-1.189544916152954,-1.2903786897659302,-0.2139019817113876
1774469900331296100,88.43288061523438,-0.0633686025828123,0.0563023722573183,0.0106207627356052,0.0019354906398802,-0.0141989942640066,-0.0432389974594116,1.6369981218613685,-0.6307774449050426,1.6011922105953096,0.405720978975296,-0.8877519965171814,-0.6665231585502625,2.156751479039341,-1.1194368679001927,-1.1821850004971026,-1.1421270370483398,-1.14429771900177,-0.1226239949464798
1774469900341322100,88.44290673828125,-0.0955342576503753,0.0188882038107141,0.0136439099490642,0.0048868055455386,-0.0094543080776929,-0.0436848104000091,1.6867499947629867,-0.5719517464488745,1.5282795345976947,0.4049635827541351,-1.074021577835083,-0.6643322110176086,2.1197370687663555,-1.201183423216641,-0.8619453308820724,-1.025898814201355,-1.067225217819214,-0.0033001280389726
1774469900351348800,88.45293334960938,-0.1068213753402233,-0.0188066812734119,0.0179161804407835,0.0039220792241394,-0.0011400277726352,-0.0441583059728145,1.2104757138274609,-0.5605968242198228,1.3803957887679337,0.3952743113040924,-1.1550886631011963,-0.7059370279312134,2.2119290302515027,-1.101640514446795,-0.5968155540704727,-0.8846726417541504,-1.1167618036270142,0.0946000665426254
1774469900361374800,88.46295947265625,-0.0950093569934368,-0.0485320122504606,0.0160924721449613,0.0040443185716867,0.0082295052707195,-0.0487701036036014,0.877236277385801,-0.4657569785743951,1.254710723003745,0.4102628529071808,-1.2453250885009766,-0.8148040771484375,2.524078332391381,-1.1050091140970586,-0.502072739058733,-0.7642984986305237,-1.2420414686203003,0.1665226370096206
1774469900371401800,88.472986328125,-0.1094879642009735,-0.0314961948407813,-0.0162561382740736,0.0078440476208925,0.0199983343482017,-0.0580871775746345,0.7712858396612108,-0.2679951031148433,1.166401448170841,0.419981300830841,-1.4012088775634766,-0.9455975890159608,2.695107683748007,-1.2457745523542163,-0.484750432857871,-0.6963708400726318,-1.3717334270477295,0.2856799066066742
1774469900381428100,88.4830126953125,-0.1420962484695017,-0.0063078679725527,-0.0527764814198017,0.0119623597711324,0.0283420197665691,-0.0704035013914108,0.5889059499897062,-0.2212520566403865,1.2220941092982889,0.3645388185977936,-1.5929018259048462,-1.0357104539871216,2.480946462151408,-1.5371517001003026,-0.4483224441707134,-0.5659047365188599,-1.2954905033111572,0.40952929854393
1774469900391454100,88.49303857421874,-0.1495503638677298,-0.0008573840143159,-0.0454039068251848,0.0110926115885376,0.0332508757710456,-0.0760950446128845,0.2835914623059332,-0.5629898568361997,1.276048402325809,0.2403716593980789,-1.7463301420211792,-1.0533934831619265,2.249958316655457,-1.4141644951179624,-0.0266091899842023,-0.268666923046112,-1.1823409795761108,0.5963258147239685
1774469900401481100,88.50306567382812,-0.1584720676004886,-0.007747983778268,-0.0318108502805233,0.0021374661009758,0.0347893834114074,-0.0835558921098709,-0.0058661155544221,-1.132470829257369,1.266488546819985,0.1055227667093277,-1.8513489961624143,-1.0245226621627808,2.436744624592364,-0.619487696866691,0.0407464364081621,-0.0960226356983184,-1.3641067743301392,0.7813734412193298
1774469900411507000,88.51309155273438,-0.205612150568515,-0.0404575729968026,-0.0366273106515407,-0.0009069119114428,0.0322177484631538,-0.0890422165393829,-0.0557156036116182,-1.5673913555413483,1.2039198624432086,0.0281899906694889,-1.9152138233184808,-0.9929221272468568,2.860651004908979,-1.2891326325654984,-0.5051671979427337,-0.2060913443565368,-1.7772088050842283,1.1938315629959106
1774469900421533800,88.52311840820313,-0.2434808395832776,-0.0744341134112328,-0.0396112948983907,-0.0046931281685829,0.0277431048452854,-0.0953059718012809,0.1298410163998603,-1.748363424241543,1.0835805416211486,0.0194154102355241,-1.9509392976760864,-0.9781679511070251,4.028659303754568,-1.976334267742932,-0.2118313173443078,-0.0980836078524589,-2.102049827575684,1.6198444366455078
1774469900431559800,88.53314428710938,-0.2411976970821618,-0.1160925866303965,-0.0367541519016027,-0.0058101150207221,0.0322806760668754,-0.1027587875723838,0.4047067359365522,-1.6254951694637536,0.8203282491192221,0.0489714257419109,-1.968860387802124,-0.9698333144187928,5.05011890476644,-1.222413842771947,0.2624240249842405,-0.0077355992980301,-1.9796671867370603,1.6845965385437012
1774469900441587000,88.54317163085938,-0.262781167858839,-0.1748844741485081,-0.0582826776206493,-0.0108621316030621,0.0457344353199005,-0.1128207445144653,0.6250586288668215,-1.427265091970563,0.4205523937135934,0.0834676250815391,-1.9291877746582031,-0.9625868797302246,6.113876847803592,-1.2389049588456749,-0.2737088045865297,-0.3186522126197815,-1.667633295059204,1.5907613039016724
1774469900451613000,88.55319775390625,-0.3430189260475337,-0.2547664411694743,-0.0675303984373807,-0.0164566170424222,0.0695607438683509,-0.1353270411491394,0.5215058999337255,-1.358856741654873,-0.1223950843080878,0.0937588289380073,-1.795781135559082,-0.9421987533569336,5.520120681303739,-1.8905960124418133,-1.8033844697177408,-0.641847550868988,-1.3094180822372437,1.6562800407409668
1774469900461640000,88.563224609375,-0.4531434345863759,-0.3611836378892883,-0.0624368746906518,-0.0227102525532245,0.088037759065628,-0.1698823571205139,0.2083693403221666,-1.284730013692379,-0.6296610080957412,0.0643474087119102,-1.6154532432556152,-0.9087930917739868,3.48716874654293,-1.8365987570554017,-2.293284540423751,-0.6636226177215576,-0.8503354787826538,1.7995301485061646
1774469900471666000,88.57325073242187,-0.5480819183006882,-0.4696663705704733,-0.0312982245832681,-0.0323125272989273,0.1093275994062423,-0.2126087248325348,0.158745623844862,-0.8849819230765104,-0.7546212667167186,0.0085360566154122,-1.4863992929458618,-0.8522986769676208,2.2286066088080405,-1.316132575432956,-1.055270100677013,-0.4787257611751556,-0.335551768541336,1.8362351655960083
1774469900481692000,88.58327661132813,-0.5836977138221263,-0.5836416362533345,-0.0074064768642187,-0.0410905741155147,0.1325554251670837,-0.2532038390636444,0.2509785018622875,-0.289898307365179,-0.636936844317615,-0.0585407130420208,-1.3954033851623535,-0.7702509164810181,1.6319240334674716,-0.850728063558042,0.0783943222790956,-0.4253566563129425,0.0445244647562503,1.681666135787964
1774469900491719000,88.5933037109375,-0.6101192722797394,-0.6634924044184386,0.0396194782048463,-0.0463949963450431,0.1543424427509308,-0.2960815131664276,0.105395141929388,0.1859212155401706,-0.587732376165688,-0.1224257573485374,-1.2958344221115112,-0.6739200353622437,0.9481406823009252,-1.0052946481525895,0.1403320152759551,-0.5126553773880005,0.1786915957927703,1.503575563430786
1774469900501745000,88.60332958984375,-0.651957595577836,-0.6824781137868762,0.1081570078581571,-0.0514315664768219,0.1739180088043213,-0.3369956612586975,-0.1959504421234131,0.4494996712565421,-0.6356017963215709,-0.1568460464477539,-1.1783168315887451,-0.580133318901062,-0.2740238618850708,-1.2296043387979267,0.2745499315857887,-0.5823768973350525,0.1430281400680542,1.4113715887069702
1774469900511772000,88.61335668945313,-0.721848877927661,-0.6416057129114866,0.1378787769049406,-0.0580365173518657,0.1948742568492889,-0.3739514648914337,-0.4641362455047667,0.5405202508747577,-0.7234513446882367,-0.1699366718530655,-1.0779218673706057,-0.4868203401565552,-1.0582806806698442,-1.29684159950763,1.1429495531737803,-0.5115530490875244,-0.0085680456832051,1.380163311958313
1774469900521798000,88.62338256835938,-0.7508873408854008,-0.5701350524157285,0.1606996805220842,-0.0619151405990123,0.2106324583292007,-0.4145931899547577,-0.548735121512413,0.4966080439120531,-0.7076753911465407,-0.1858541220426559,-1.0306459665298462,-0.3994590640068054,-0.8295219016611576,-1.0268056382149455,2.187189141270518,-0.3305664658546448,-0.2653207182884216,1.3288031816482544
1774469900531825000,88.63340966796875,-0.6746193631105124,-0.4910106622964143,0.1567015507966279,-0.0751396268606185,0.2305152863264084,-0.4560155272483825,-0.3970367858305573,0.5347720626115798,-0.5339706831008195,-0.2167726457118988,-1.0249953269958496,-0.3224830329418182,-0.1392129481181502,-0.6600321809619665,2.6743863827586174,-0.109466016292572,-0.6258634328842163,1.2756589651107788
1774469900541851000,88.643435546875,-0.617662965657562,-0.409332349910587,0.1643687244236469,-0.0939380824565887,0.2588819563388824,-0.4966090321540832,-0.2302887650549411,0.6630179187744856,-0.2946212442338466,-0.2350461781024933,-1.0377105474472046,-0.2777019739151001,0.1261202423110604,-0.0925038039132952,2.4446581741958857,0.0292634870857,-0.9888691902160645,1.235762119293213
1774469900551877000,88.65346166992188,-0.6143750300280749,-0.345996772814542,0.150668115851283,-0.1086085736751556,0.2824396789073944,-0.532573938369751,-0.1000726317323744,0.755120448410511,-0.1425225110575556,-0.2282984852790832,-1.0537984371185305,-0.2663386166095733,0.1246641982838511,0.122556996871531,1.600704427078366,0.0620629787445068,-1.2375434637069702,1.2253293991088867
1774469900561904000,88.66348852539062,-0.6181598092637955,-0.3052278140473179,0.1369879655450582,-0.1291716396808624,0.2962771952152252,-0.565438449382782,-0.1154347437761724,0.7794944266885518,-0.034884850898385,-0.2020988464355468,-1.079505205154419,-0.2805753350257873,0.1729398611530661,-0.2755775210678577,0.673440528589487,0.10567357391119,-1.248807072639465,1.236286759376526
1774469900571930000,88.6735146484375,-0.6118155548036098,-0.2975175867298618,0.1419897193551063,-0.1429092139005661,0.3054991662502289,-0.5953052043914795,-0.1546539706170558,0.7861778499752282,0.074469550050795,-0.1684820502996444,-1.1343870162963867,-0.3102397322654724,0.3885147489398717,-0.5722209187790751,0.0608873071610927,0.0304999928921461,-1.0252668857574463,1.168079137802124
1774469900581957000,88.68354150390626,-0.6156190387398004,-0.3098179365828633,0.1388034905344247,-0.1551698744297027,0.3119698464870453,-0.6264780759811401,-0.1473627906955778,0.7699895162403583,0.1274789634436368,-0.1325128674507141,-1.1838256120681765,-0.35438933968544,0.7212693244740367,-0.7667883821114897,-0.6786550483673811,-0.0467234477400779,-0.7144228219985962,1.120863676071167
1774469900591983000,88.69356762695313,-0.6198357796519994,-0.3527696644829586,0.1192243453174829,-0.1673240214586258,0.3184929192066192,-0.6590048670768738,-0.3640031157568097,0.6986456969946623,0.0012973463341593,-0.0931971296668052,-1.216842532157898,-0.4093985259532928,0.4772685526698828,-0.7516393282964825,-1.1398328824579715,-0.0193133931607007,-0.4629873931407928,1.1385222673416138
1774469900602008900,88.70359350585937,-0.676558952870965,-0.4432630053566768,0.0500572855889797,-0.171733945608139,0.334120362997055,-0.6994540095329285,-0.6612931408084929,0.5431657969474792,-0.2522925070703029,-0.0561400465667247,-1.2572413682937622,-0.4443075060844421,0.1212690028876066,-0.3411234676897525,-1.31591074937582,-0.0132280457764863,-0.3248555362224579,1.1385002136230469
1774469900612035900,88.71362060546875,-0.6991233975090086,-0.49745191085767,-0.0059960255444049,-0.1718386858701706,0.3475658893585205,-0.752070426940918,-0.709111707559973,0.3905073840618133,-0.3380120576709509,-0.035582534968853,-1.34898841381073,-0.4374728202819824,0.044290100364387,-0.2189583927452564,-1.343527655097842,-0.0316035896539688,-0.213843286037445,1.1388057470321655
1774469900622061900,88.723646484375,-0.6472257447503507,-0.5249958244087174,-0.004951484927535,-0.1766273081302642,0.3733948171138763,-0.804888904094696,-0.4687972230531275,0.376902637079358,-0.2114642375975847,-0.0335324332118034,-1.439611554145813,-0.4019339978694916,-0.0255780933707952,-0.1443368670031428,-1.1567916160434484,-0.0186553765088319,-0.120428018271923,1.1468347311019895
1774469900632088900,88.73367358398437,-0.5995815116524696,-0.5534250328943133,0.0657744946807622,-0.193276897072792,0.3943279683589935,-0.8629059791564941,-0.371775795584917,0.2744464712113141,-0.2342974161744117,-0.0544545128941535,-1.4643304347991943,-0.3614177405834198,-0.042040860132873,0.1412120129808783,-1.067764256069064,-0.0259311329573392,-0.0570775382220745,1.1478240489959717
1774469900642114900,88.74369946289063,-0.5508192343100905,-0.5795785515328868,0.1832896979928016,-0.2144751250743866,0.4050131142139435,-0.9142842292785645,-0.3481330541908741,0.0840711988717317,-0.4389326845347881,-0.0825876221060752,-1.4543904066085815,-0.3158795535564422,-0.1704571044266223,0.3144613784745335,-1.1178034214794634,-0.08353241533041,-0.0143516911193728,1.1390498876571655
1774469900652141900,88.7537265625,-0.4619439961574971,-0.6030891544472425,0.3262789497792721,-0.2487421631813049,0.4055359363555908,-0.9641054272651672,-0.3272574394226074,-0.1189314998507499,-0.7224047582447528,-0.1054825186729431,-1.4314533472061155,-0.265836089849472,-0.3749231536999344,0.3335957025334238,-1.009824108275771,-0.1165169924497604,-0.025867199525237,1.1282968521118164
1774469900662167900,88.76375244140625,-0.3551633912190794,-0.5849321144552901,0.4859755907386541,-0.2905927002429962,0.402232825756073,-1.0130932331085205,-0.4280540015153586,-0.1905629038661718,-0.9722878660857676,-0.1068915948271751,-1.383840799331665,-0.2281635403633117,-0.4678147878870368,0.3579693885505199,-0.7190992869585752,-0.0466857105493545,-0.0451261140406131,1.1340529918670654
1774469900672194900,88.77377954101563,-0.2181253029219806,-0.5021941369486972,0.6471165852874518,-0.3290041387081146,0.4102852344512939,-1.0655336380004885,-0.607974223075062,-0.1146902090191841,-1.1380907149657606,-0.0923896133899688,-1.3162461519241333,-0.1936172991991043,-0.5658376474827528,0.6383733068615198,-0.4128612546890974,-0.01191814430058,-0.0598909482359886,1.0878937244415283
1774469900682220900,88.78380541992188,-0.0812185859195888,-0.4507070012196898,0.7234691726058721,-0.3684317171573639,0.4187154471874237,-1.1201385259628296,-0.7528621480897069,0.0723275695860385,-1.2706059190109371,-0.0747709348797798,-1.2655670642852783,-0.1325619369745254,-0.6865560307502746,0.6763932409152388,-0.4823480478912592,-0.077748455107212,-0.2060582935810089,1.054839015007019
1774469900692246900,88.79383154296875,0.0063356327623128,-0.4132462719513103,0.6982897231638431,-0.3980009853839874,0.4275403320789337,-1.1680852174758911,-0.8535191555812954,0.2027443400472402,-1.3767723375737666,-0.0600546784698963,-1.227041482925415,-0.0368843041360378,-1.0378910958528518,0.4354603322491049,-0.5230342785447836,-0.1025499403476715,-0.2598022222518921,1.0324205160140991
1774469900702273900,88.8038583984375,-0.007816226708889,-0.4184390913540497,0.5460445672541856,-0.4172407388687134,0.4318269789218902,-1.2296178340911863,-1.0044853775963187,0.2096007818132639,-1.5382894719585776,-0.0547983981668949,-1.1648308038711548,0.0794470980763435,-1.229452655367553,-0.0102799864739179,0.0335515564680099,0.0505362041294574,-0.2502695918083191,1.0639595985412598
1774469900712299900,88.81388452148437,0.0034548166289925,-0.5091986819485202,0.2931400657653808,-0.4309799969196319,0.4352344870567322,-1.2793763875961304,-1.075033954811096,0.2602566178172826,-1.6546514135822652,-0.0734117701649665,-1.094313621520996,0.2107449322938919,-0.8325365733072161,-0.1771896275520324,0.5355997456073761,0.2416052222251892,-0.1973520517349243,1.0689150094985962
1774469900722327100,88.82391186523438,0.0301803264692425,-0.6446311982125044,-0.0726280138373375,-0.4288033843040466,0.4380595684051513,-1.3203376531600952,-0.995133319622278,0.4471750277012586,-1.679902174694836,-0.0975219011306762,-1.023771047592163,0.3470274209976196,-0.164347973896563,0.0081111180022358,0.0151695120811462,0.3460897207260132,-0.1356586515903473,1.0338915586471558
1774469900732353100,88.83393774414063,0.0026288871988654,-0.7672048539578914,-0.503111434456706,-0.4143906831741333,0.4607239067554474,-1.3637924194335938,-0.8125111456274986,0.7212158407211303,-1.638407550267875,-0.1075457036495208,-0.9728796482086182,0.485884815454483,-0.0763806443691253,0.1136050441309809,-1.012433413991332,0.2444821447134018,0.0132064614444971,0.9360169172286988
1774469900742379900,88.84396459960938,-0.1281283672630787,-0.8691201909475028,-0.9889058234095572,-0.3753916025161743,0.4721605777740478,-1.4150413274765017,-0.6357707231476902,1.0087719688743353,-1.618149775137007,-0.0996787250041961,-0.892498791217804,0.6095300316810608,-0.5725584801703691,-0.0140445997044444,-1.7450415863424538,0.1422833353281021,0.2000793665647506,0.8565409183502197
1774469900752405900,88.85399047851563,-0.2699234408289194,-0.8990794220119714,-1.409146082434058,-0.3159145414829254,0.4655783176422119,-1.483046293258667,-0.5909051609829068,1.3636761246353386,-1.6601915120527146,-0.0608903504908084,-0.8205714225769043,0.7184259295463562,-1.3359572198435663,0.1097930846273899,-1.512643281787634,0.1910447478294372,0.3122594356536865,0.8648925423622131
1774469900762431800,88.86401635742187,-0.2616501180022955,-0.7897476712860166,-1.6141835018545387,-0.2459644824266433,0.4496491551399231,-1.5650207996368408,-0.3008896569788455,1.861702803173661,-1.5346093221411108,0.0062418142333626,-0.8192382454872131,0.8359419107437134,-1.607536611185968,0.4827741643488407,-0.6196838039606809,0.3288756906986236,0.4292415380477905,0.8528351187705994
1774469900772458900,88.87404345703125,-0.0542331099689006,-0.5581599159291014,-1.5218910026043653,-0.1852077543735504,0.4409371018409729,-1.64920973777771,-0.0431166726708412,2.0272341416358945,-1.5303779681816696,0.0463249161839485,-0.8446928262710571,0.9432579278945924,-1.4308429504573343,0.5142465764552354,0.011622633254528,0.4879308640956878,0.5474674701690674,0.8145713210105896
1774469900782485100,88.88406958007812,0.2781502941653132,-0.1932012164805084,-1.1562521023392676,-0.1609689891338348,0.443173885345459,-1.712203860282898,0.2100809665456414,1.8922452409535648,-1.7146134225919842,0.0346821062266826,-0.8659113049507141,1.0178998708724976,-1.4635942964583637,0.3796384917840361,0.0353226577937603,0.6343944668769836,0.5899320840835571,0.7958076000213623
1774469900792512100,88.8940966796875,0.6996332467272878,0.2766565119436011,-0.5305915620565415,-0.1788290143013,0.4528959095478058,-1.7528713941574097,0.3728562842980027,1.5704565883308648,-1.89644123133868,-0.0138963954523205,-0.8736609816551208,1.0529381036758425,-1.6831129534348843,0.4171639203190803,-0.3455190723001957,0.7448405623435974,0.5728215575218201,0.7688905000686646
1774469900802538100,88.90412280273438,1.0560153660863638,0.7048969394091517,0.125007604894042,-0.2246433645486831,0.4521542191505432,-1.771442413330078,0.3924120486393571,1.2000573417961595,-1.9907982619032265,-0.0670283287763595,-0.9075534343719482,1.0480154752731323,-1.8066344114243984,0.4493278218209743,-0.8628396493732928,0.8367416262626648,0.5157661437988281,0.7045243978500366
1774469900812564800,88.9141494140625,1.1533026048839092,1.0228908028587698,0.6994850704282521,-0.2887146174907684,0.4257493317127228,-1.7747235298156738,0.3671381989121436,0.8244418219178915,-1.8027414956390857,-0.09147210419178,-1.017772197723389,1.0189467668533323,-1.6628642383933063,0.2375134556114673,-1.3157646189033985,0.916523575782776,0.3545455932617187,0.607520341873169
1774469900822590800,88.92417553710938,1.1029568577423692,1.2928094213820993,1.092460890430212,-0.3483654260635376,0.3530240058898926,-1.7614737749099731,0.4391708772048354,0.3443260631233453,-1.3329130298420786,-0.0983784794807434,-1.189988374710083,0.9704551696777344,-1.780261952805519,0.0002723872005939,-1.659178243356943,0.9365065097808838,-0.1131318733096122,0.7315682768821716
1774469900832616800,88.93420141601563,1.128366024287045,1.5150778154581783,1.285908409821987,-0.409902960062027,0.2623712420463562,-1.7216756343841553,0.7680942040130495,-0.1638233655005693,-0.8103200653240085,-0.0804099962115287,-1.4097903966903689,0.8963144421577454,-1.715887972572446,0.715502139249444,-1.60871705314219,0.8756341338157654,-0.5014410018920898,0.938878297805786
1774469900842644100,88.94422875976562,1.2892425226807591,1.7058748203411698,1.2689110977917908,-0.4535580277442932,0.1884975731372833,-1.6608322858810425,1.250367140841484,-0.5220429294198751,-0.4974725517868995,-0.0311343185603618,-1.632851481437683,0.7753528952598572,-0.9511153141975404,1.429053144431114,-1.110353689995408,0.8536866307258606,-0.6199115514755249,1.1091378927230835
1774469900852670100,88.95425463867187,1.3488739845618605,1.8802707255214453,1.058663250246644,-0.4783768355846405,0.1408191621303558,-1.5819673538208008,1.575909885300696,-0.7618757678896189,-0.5843237367659807,0.0442837513983249,-1.832791447639465,0.6027600765228271,-0.0628090690039098,1.0390110397934913,-0.7268108842492104,0.9544819593429564,-0.6246706247329712,1.2819969654083252
1774469900862697100,88.96428173828124,1.251331601959467,2.0039678323388097,0.7384867089956998,-0.4933832287788391,0.1124943122267723,-1.4862749576568604,1.658106230211258,-0.9223153361707924,-0.9634446344166994,0.1179513111710548,-2.0123679637908936,0.414336085319519,0.6724937492586672,0.3619797932356596,-0.5565612850934266,1.1203019618988037,-0.5401659607887268,1.4017566442489624
1774469900872723000,88.9743076171875,1.138401680611074,2.037298439532518,0.4042705364763737,-0.4902694523334503,0.0703500807285308,-1.379638433456421,1.5068325496822594,-0.9341600877434014,-1.3684867397874594,0.170669138431549,-2.174913167953491,0.2581272721290588,0.5747190192051231,-0.6090577805280685,-0.900951061102748,1.2469416856765747,-0.3825941383838653,1.5202497243881226
1774469900882749800,88.98433447265624,1.1150988386958838,2.041416103984415,0.0990676924735307,-0.4785145223140716,0.0196176636964082,-1.265701174736023,1.1084820509046316,-0.8915051873654126,-1.7674410496771336,0.1906732022762298,-2.315737009048462,0.141414001584053,-0.3481780623763799,-1.122601177150011,-1.467562031045556,1.282145857810974,-0.2259626686573028,1.6381834745407104
1774469900892775800,88.9943603515625,1.1442618048161268,2.0553215874791144,-0.138508306980133,-0.4485621154308319,-0.0210628844797611,-1.162817358970642,0.5490928489089012,-0.9158943632125854,-1.9917466486692428,0.1673865020275116,-2.431241750717163,0.0829637646675109,-1.2454048422589898,-1.0123843141525983,-1.8945786523371928,1.2259230613708496,-0.1849640905857086,1.7452607154846191
1774469900902801800,89.00438647460938,1.1712635012492536,2.026449128738045,-0.3014069588512182,-0.4218828380107879,-0.0532122999429702,-1.0718035697937012,0.1517158713385462,-0.7823182519376277,-1.902257516402006,0.1105858087539672,-2.536684989929199,0.0742381811141967,-1.608252358239889,-0.9330839829444884,-1.993480340594053,1.2237226963043213,-0.3781176209449768,1.875535249710083
1774469900912828800,89.01441333007813,1.2025441901758311,1.878992230018228,-0.4164806142300367,-0.3892825543880462,-0.0800462365150451,-1.0022917985916138,0.0071545479297637,-0.572142885106802,-1.686124556341022,0.0226057805120944,-2.6204593181610107,0.111088179051876,-1.3117828557908535,-0.6713596306622028,-1.3100298746436834,1.3298568725585938,-0.6563673615455627,1.965404987335205
1774469900922854800,89.024439453125,1.23705816193521,1.6284838298857212,-0.4590186102300882,-0.3578599095344543,-0.1032652780413627,-0.9493728876113892,-0.131234808845818,-0.5003519066154957,-1.618966644477844,-0.0767828598618507,-2.6677258014678955,0.1814686059951782,-0.7712170122087001,-0.5717477483093738,-0.3969061451882124,1.4309639930725098,-0.8389577269554138,2.02988600730896
1774469900932882000,89.03446655273437,1.316082306550443,1.3605804967075583,-0.4573948084205388,-0.3290386199951172,-0.1134256795048713,-0.9063480496406556,-0.2340139230579137,-0.5412064795732497,-1.7560208071269094,-0.176757127046585,-2.661849975585937,0.2714869081974029,-0.7712792637899517,-0.6980547453641891,0.1002940193980932,1.4980846643447876,-0.861351728439331,2.1289222240448
1774469900942908000,89.04449267578126,1.3629197533100843,1.1137433324337005,-0.4257739277541637,-0.3067559599876404,-0.1169969737529754,-0.8764484524726868,-0.3352355786949396,-0.6795581346869468,-2.0696074485935267,-0.2688162326812744,-2.594644069671631,0.3723397552967071,-1.2062982820123431,-0.8591612531214952,0.2802303153097629,1.5616531372070312,-0.8389753103256226,2.268494129180908
1774469900952934800,89.05451928710937,1.401863524210453,0.9141841982938348,-0.4235784635365009,-0.2926245331764221,-0.1117176562547683,-0.8514408469200134,-0.5671376241654157,-0.8201835799515247,-2.4889228478580714,-0.3444561064243316,-2.47864317893982,0.4654049575328827,-1.411396345578879,-0.8164987539589404,0.3327069370001554,1.6407822370529177,-0.835421085357666,2.404284238815308
1774469900962960700,89.06454541015626,1.3805673459425567,0.806255300103128,-0.5012058930963278,-0.2842552959918976,-0.1103088483214378,-0.8321076035499573,-0.89598613217175,-0.8360136017680168,-2.738952670693397,-0.4023705422878265,-2.353898286819458,0.5644410252571106,-1.2574158903092143,-0.7164917348086833,0.4514630802839994,1.704214334487915,-0.8554757237434387,2.510101556777954
1774469900972986700,89.0745712890625,1.3133496667161584,0.7701097816191613,-0.5812637646734714,-0.2774421572685241,-0.099780149757862,-0.8168699741363525,-1.1033242297500372,-0.6383867508649825,-2.685007730016112,-0.4400284886360168,-2.252082109451294,0.6760056614875793,-1.0160206248283383,-0.9109154057562352,0.4422480926930904,1.7536250352859497,-0.9228241443634032,2.5772712230682373
1774469900983014000,89.0845986328125,1.2526318709030746,0.8910804591473191,-0.5898375317513942,-0.2770269513130188,-0.0869157537817955,-0.8054420948028564,-1.0960369953513145,-0.3231564338445663,-2.527226567289233,-0.466469407081604,-2.173370838165283,0.7911825776100159,-0.7437513515256344,-1.142828557142615,0.2485293551445007,1.770926833152771,-0.9467917680740356,2.5597798824310303
1774469900993040000,89.09462451171875,1.213895020751655,1.1191618503510952,-0.5212123238146305,-0.2888541519641876,-0.0912174955010414,-0.7900851964950562,-1.0373404762327672,-0.090038582843542,-2.518090490153432,-0.4902898669242859,-2.091373920440674,0.9144545197486876,-0.7887916857354342,-1.652556779390573,-0.0399865579515695,1.7684884071350098,-0.8781293034553528,2.536100387573242
1774469901003066700,89.1046513671875,1.2209849790126084,1.3476619784235953,-0.4006242889285087,-0.3015385270118713,-0.1025359332561492,-0.7716888785362244,-1.071917576356232,-0.0321416896700859,-2.721277605532109,-0.5114140510559082,-1.985137224197388,1.039575695991516,-1.1784703638881444,-1.949859810054302,-0.1337362702727317,1.7763841152191162,-0.7255871891975403,2.530922174453736
1774469901013092700,89.11467724609375,1.167168048629165,1.549556277512759,-0.3143137866973877,-0.31092369556427,-0.1168880611658096,-0.7542641758918762,-1.1363432867765426,-0.1252560266971588,-3.1013056811556217,-0.5380557179450989,-1.8572288751602173,1.1442404985427856,-1.467164556160569,-1.886841336083412,0.0467372012555599,1.820883870124817,-0.5290107727050781,2.4953060150146484
1774469901023119700,89.12470434570312,1.015497769998014,1.7334160304784774,-0.2736737332731485,-0.3157120645046234,-0.1151474192738533,-0.7414295673370361,-1.2240122178792954,-0.1826023002505302,-3.4206963327258824,-0.5635467171669006,-1.7317633628845217,1.228840708732605,-1.5043237817317243,-1.8202602011948823,0.2846878792405128,1.8478450775146484,-0.3600618541240692,2.4335405826568604
1774469901033145700,89.13473022460937,0.6112485685706138,1.8195749954096967,-0.305430223017931,-0.3191109597682953,-0.1028257235884666,-0.7272177934646606,-1.3364444188386202,-0.1039215622454881,-3.506259231460094,-0.5877687931060791,-1.627846360206604,1.2966166734695437,-1.5892735170036554,-1.8526725244998927,0.5969423953205347,1.899224877357483,-0.2671143412590027,2.3538014888763428
1774469901043171900,89.14475659179688,0.1540741249024868,1.7269585249021648,-0.4042185140281915,-0.3121454417705536,-0.123778685927391,-0.7233490347862244,-1.3753408434659242,0.0885983209073543,-3.293599062076211,-0.6066045165061951,-1.566367506980896,1.3602224588394165,-2.1171984901994465,-1.8000164545893669,0.927202523690462,1.927184581756592,-0.2614171206951141,2.300964117050171
1774469901053199000,89.15478344726563,-0.163613229881227,1.478263165540993,-0.5142272872328758,-0.2934762239456177,-0.1621172577142715,-0.7409037947654724,-1.3979559953778982,0.2579658765316009,-2.992207593055069,-0.6293962001800537,-1.5237318277359009,1.4159504175186155,-2.668571559000015,-1.5574340251505374,1.295373572781682,1.91389548778534,-0.2931316494941711,2.2097532749176025
1774469901063224900,89.1648095703125,-0.2707595993921161,1.073193295380473,-0.6818810246765613,-0.2644235491752624,-0.1921664923429489,-0.792644202709198,-1.5142892954289913,0.3180097186058759,-2.775489380452037,-0.6389154195785522,-1.4871948957443235,1.4528919458389282,-3.0318495753526684,-1.2792781780272722,1.721405859211087,1.90297532081604,-0.3294260501861572,2.110205173492432
1774469901073251700,89.17483618164063,-0.2989072509899735,0.5392430705457926,-0.8232008819460869,-0.236798495054245,-0.1861285865306854,-0.8628650307655334,-1.6153981383413076,0.3477309031307697,-2.707211670778692,-0.6264134645462036,-1.4655017852783203,1.463114619255066,-3.3464825110018253,-1.0413713391840458,2.1031436613619325,1.913577914237976,-0.3752851784229278,2.047342538833618
1774469901083277700,89.1848623046875,-0.3442220182269811,-0.0050988940415903,-0.893345262274146,-0.212266519665718,-0.1500896215438842,-0.9469881653785706,-1.6541507705837488,0.3506459137946367,-2.787628438796103,-0.5901063084602356,-1.4672338962554932,1.4432871341705322,-3.536917404574156,-0.7094692888259887,2.353501400977373,1.942100524902344,-0.434272289276123,2.013988256454468
1774469901093304900,89.1948896484375,-0.4113461739510297,-0.4724781400555744,-0.8649228853881359,-0.1840460300445556,-0.1248054951429367,-1.0268938541412354,-1.63514387229681,0.3124754653543233,-2.9956875441253183,-0.5571081042289734,-1.4683665037155151,1.3938144445419312,-3.4571219833254814,-0.4689999060183763,2.5402234115064144,1.9883379936218264,-0.4940301477909088,1.966921091079712
1774469901103330900,89.20491552734374,-0.3369175404325127,-0.7929616648964584,-0.6914642610579729,-0.1606893092393875,-0.112455353140831,-1.093037486076355,-1.6721838554024695,0.1920019967585802,-3.309104674243927,-0.5423730611801147,-1.4469748735427856,1.3220971822738647,-3.2198668863892554,-0.339218510851264,2.5577298421025274,2.006577968597412,-0.5615785121917725,1.888509750366211
1774469901113356900,89.21494140625,-0.0725473498165607,-0.8848789741586893,-0.4137088114291429,-0.1444606035947799,-0.0941497758030891,-1.1306804418563845,-1.7140712785393,0.0268996973633766,-3.641792906543612,-0.5438494682312012,-1.401650071144104,1.2240594625473022,-3.2248926055967804,-0.2874497451692819,2.247735672169924,1.963249444961548,-0.5921403765678406,1.798534870147705
1774469901123383900,89.22496850585938,0.1470879192769527,-0.7511058059416711,-0.0625385814994573,-0.1433556526899337,-0.0618994198739528,-1.1551873683929443,-1.822821576115489,-0.0831429781109094,-3.8322488429039714,-0.539611279964447,-1.3467857837677002,1.1157188415527344,-3.4929765560388564,-0.1922667851746082,1.798339169026911,1.869051218032837,-0.5643085241317749,1.705649971961975
1774469901133409900,89.23499438476563,0.3084595077112317,-0.4410250537041574,0.2840782229095697,-0.1565510332584381,-0.0430171377956867,-1.152450680732727,-1.987268041950464,-0.1393511875450611,-3.931494522292912,-0.5237775444984436,-1.2942302227020264,1.0036838054656982,-3.7868367527723312,-0.0174310272723436,1.4537173378273844,1.7629088163375854,-0.4939624071121216,1.6277577877044678
1774469901143436600,89.24502124023438,0.4294976244524121,0.0126648540501482,0.5557166509628295,-0.1800965666770935,-0.0359064973890781,-1.125714659690857,-2.1191057851254937,-0.1182411794990301,-3.900318755045533,-0.4960170686244964,-1.2530673742294312,0.8892706632614136,-3.911223010897636,0.1700070225715637,1.3196975744381547,1.646968960762024,-0.3995851576328277,1.5572973489761353
1774469901153462600,89.25504711914063,0.494655448539555,0.5518138713706284,0.7383826640993356,-0.2118931263685226,-0.0497536770999431,-1.0814447402954102,-2.161702233314514,-0.1194938099086284,-3.907021175293624,-0.4710395336151123,-1.2112137079238892,0.7715038061141968,-3.927949689292908,0.3719616735458373,1.520350787425041,1.5797433853149414,-0.3122297525405884,1.4901641607284546
1774469901163489900,89.26507446289062,0.524544098585844,1.0728531036406754,0.8611246621489524,-0.2475139796733856,-0.0765687823295593,-1.026975393295288,-2.221183180809021,-0.2262035415679216,-4.035503470560908,-0.4700536429882049,-1.14793062210083,0.6565665602684021,-3.975551982945204,0.6368868676960467,2.0460124918639657,1.5499943494796753,-0.2615643441677093,1.4300453662872314
1774469901173515900,89.2751005859375,0.5520508219316601,1.5377841527849434,0.9632803837656976,-0.2922298014163971,-0.0937033146619796,-0.9578288197517396,-2.389149052941799,-0.4176993423700332,-4.296948421379923,-0.4870757758617401,-1.048703670501709,0.5435947775840759,-4.0826282098293305,1.0207441462188958,2.5518735172897578,1.5355224609375,-0.2736977040767669,1.371442794799805
1774469901183542900,89.28512744140625,0.5180176194265484,1.807154928167164,0.9867658887714148,-0.3380822539329529,-0.0923541560769081,-0.8830320835113525,-2.6143641679942604,-0.6122843413591385,-4.599918684025108,-0.5080382823944092,-0.9238770008087158,0.431208848953247,-4.193058423316479,1.4316554358839988,2.8161995765030383,1.510814547538757,-0.320449560880661,1.309873104095459
1774469901193568900,89.29515356445313,0.3826502408206462,1.83084370066002,0.8551718912243843,-0.3671522438526153,-0.086526334285736,-0.8068182468414307,-2.839084193006158,-0.7146785479068756,-4.835338089966774,-0.51600182056427,-0.7749534249305725,0.3303217589855194,-4.339519735127687,1.8683055624395608,2.870452852477133,1.4702708721160889,-0.3475003540515899,1.2522330284118652
1774469901203594900,89.30517944335938,0.2436781157210469,1.612804760847241,0.6023416240155697,-0.3571422100067138,-0.0963952094316482,-0.7282448410987854,-3.0870962462782856,-0.6863742444425821,-4.919228087052702,-0.5037190914154053,-0.6039041876792908,0.2512336075305938,-4.533577495372295,2.1855682620704173,2.878567769871652,1.4127886295318604,-0.3202636539936065,1.2029685974121094
1774469901213621900,89.31520654296875,0.2134127413168549,1.2528307544760404,0.3270575329363346,-0.3197664320468902,-0.1076145693659782,-0.65180903673172,-3.1650223665237425,-0.6457599099814891,-4.881264851622283,-0.4817876815795898,-0.4093417525291443,0.1889412105083465,-4.677354682666064,2.452496028214693,2.8751053544580936,1.3282697200775146,-0.2353352010250091,1.129542589187622
1774469901223647800,89.325232421875,0.1924547089621424,0.8548772921919823,0.1267179159432649,-0.2609569132328033,-0.1221301332116127,-0.5742117166519165,-3.144757577130198,-0.7734937249690294,-4.977527715808153,-0.4761276543140411,-0.1923873424530029,0.1234359741210937,-4.751633386319876,2.643725287035108,2.8651111991882323,1.238747477531433,-0.1265581548213958,1.0316041707992554
1774469901233674900,89.33525952148437,0.1050266008779406,0.4649343370798975,0.0146183079391717,-0.2072775065898895,-0.123239018023014,-0.5138376355171204,-3.1805881844460964,-1.0314800597667693,-5.252443558096886,-0.4934258759021759,0.0306000858545303,0.0435543917119503,-4.882686701118946,2.75274855633378,2.905567420478165,1.143789529800415,-0.0399279259145259,0.9238790273666382
1774469901243700800,89.34528540039062,-0.0265615514501929,0.1590657226447016,-0.1158434707075357,-0.1507606953382492,-0.1158788427710533,-0.4725982844829559,-3.248185218378901,-1.2145792036235332,-5.51502715755701,-0.5213565230369568,0.262376070022583,-0.0434742495417594,-5.001864869207144,2.8761352820277213,3.030044864018261,1.054961323738098,0.0152893364429473,0.8081293106079102
1774469901253727800,89.3553125,-0.232886964854598,-0.1182065831096842,-0.2522235334873199,-0.098225437104702,-0.103957861661911,-0.4546515047550201,-3.3420711243003605,-1.2373930929780006,-5.615750800544023,-0.5350456833839417,0.5071915984153748,-0.135544016957283,-5.100597630637884,3.0322394514530897,3.2702269543170925,0.9995209574699402,0.0677376314997673,0.6968214511871338
1774469901263753800,89.36533837890624,-0.3448664536103606,-0.352659957030788,-0.2444417935699224,-0.0678414329886436,-0.0852270498871803,-0.446929931640625,-3.4584178683549163,-1.2781348532110453,-5.638589239817858,-0.5344619154930115,0.7766433358192444,-0.2432523667812347,-5.162267028087377,3.1013363685548305,3.6327179119452833,0.9800938367843628,0.1055811047554016,0.5950842499732971
1774469901273779800,89.37536450195313,-0.3688771515339613,-0.5199724798213691,-0.1611965241283178,-0.0542425625026226,-0.0559874549508094,-0.4468498528003692,-3.5128204896718263,-1.3529343658685684,-5.598917739164829,-0.5250920653343201,1.0712394714355469,-0.3718594312667846,-5.082427183175087,3.193682059296965,4.0664772854954006,0.972537875175476,0.1366322189569473,0.4967983961105346
1774469901283806800,89.38539135742188,-0.5546460991218686,-0.671424512591958,-0.1285726038992405,-0.0684747621417045,-0.0195532795041799,-0.4565962255001068,-3.593551145944,-1.5169652366399764,-5.662892490947246,-0.5227037668228149,1.373542070388794,-0.5263286232948303,-5.028045604646206,3.3726819511413573,4.450857126587629,0.9209256768226624,0.1941029727458953,0.3861132264137268
1774469901293832800,89.39541748046875,-0.7169999765917658,-0.8123432417146861,-0.1130775131255388,-0.0963884890079498,0.0035933491308242,-0.4615500271320343,-3.74151877066493,-1.8632617230534552,-5.985857201611996,-0.5325419306755066,1.6415667533874512,-0.710141122341156,-4.997036718398332,3.606569032949209,4.637390921068191,0.8452277183532715,0.2649033963680267,0.256054013967514
1774469901303859800,89.4054443359375,-0.8064718654632568,-0.8673067117847502,-0.1462923849850892,-0.1343547850847244,0.0259769521653652,-0.4590152204036712,-3.9988329052895306,-2.525091308826208,-6.532728282818198,-0.5453200936317444,1.848167061805725,-0.9116387963294984,-4.9953416049182415,3.735792209711671,4.709741287007928,0.739872932434082,0.3606172502040863,0.122462049126625
1774469901313885800,89.41547045898437,-0.8094894597187637,-0.9092289139740168,-0.1747246987432241,-0.1840341538190841,0.0509297996759414,-0.449418157339096,-4.353578071096539,-3.488714222419261,-7.278737788534164,-0.5421937704086304,2.028409242630005,-1.144522190093994,-5.025913268792629,3.773766258797049,4.735557280787825,0.6166588664054871,0.5152726173400879,-0.0098901288583874
1774469901323912800,89.42549731445312,-0.8019666629984974,-0.8690415727533399,-0.2145586964815855,-0.2350552678108215,0.0820048972964286,-0.431116908788681,-4.827039632698893,-4.686269226005673,-8.03976073898673,-0.5032783150672913,2.196386814117432,-1.4166141748428345,-5.178169530618191,3.8247774841099975,4.944558343142271,0.4978661835193634,0.7099806070327759,-0.1546263545751571
1774469901333938800,89.4355234375,-0.8209878820717335,-0.7143797110907733,-0.230236742606759,-0.2902334332466125,0.1109267100691795,-0.4031288623809814,-5.320683566108346,-6.020806934440135,-8.655254690042138,-0.4217603504657745,2.372563600540161,-1.7360115051269531,-5.31196659116745,3.921365050205588,5.345048776558041,0.3943184912204742,0.896022379398346,-0.3061061799526214
1774469901343964800,89.44554931640624,-0.8417240883693099,-0.5495171387355774,-0.1758528259903192,-0.341046005487442,0.1402846127748489,-0.3823322355747223,-5.487621264237165,-7.244608139917254,-9.0104955304116,-0.3320581614971161,2.5802435874938965,-2.07785964012146,-5.381591331535578,4.055650186532736,5.722979587641358,0.2716424763202667,1.0618888139724731,-0.4668266773223877
1774469901353991800,89.45557641601563,-0.8119087958201765,-0.5042090569676831,-0.1095516770869493,-0.3744790554046631,0.1699878573417663,-0.356440782546997,-5.479811467269062,-8.09274823280871,-9.268197203049064,-0.2448493838310241,2.824682712554932,-2.440615653991699,-5.469289488732814,4.124235646981001,6.008108780908584,0.1326156109571457,1.249154567718506,-0.6268102526664734
1774469901364017800,89.46560229492188,-0.7705734536081552,-0.4938081109952181,-0.0088408935815095,-0.3899240791797638,0.1977062970399856,-0.3337107002735138,-5.549920191761851,-8.76681478434205,-9.72485025319159,-0.1226750016212463,3.198727607727051,-2.8273770809173584,-5.577205089050531,4.245207712748647,6.313726635453104,-0.02394893579185,1.4813376665115356,-0.8130599856376648
1774469901374044800,89.47562939453125,-0.6267074189871549,-0.5408380481196567,0.1009381625205278,-0.387035459280014,0.2186021655797958,-0.3183253109455108,-5.398766922742128,-9.022019379466771,-10.46370871810913,0.0160190910100936,3.793392419815064,-3.1349334716796875,-5.694270795029402,4.32392235302329,6.644688774612545,-0.2148757427930832,1.799773931503296,-1.0376243591308594
1774469901384071000,89.48565551757812,-0.4452209710240364,-0.6488358833607286,0.1771241611003875,-0.3722748756408691,0.2436787635087967,-0.3143079280853271,-4.890070966151357,-8.43256821668446,-11.362035860449074,0.2123784869909286,4.666975975036621,-3.3672327995300293,-6.146532916736603,4.183405628830195,7.177898410212993,-0.4230759441852569,2.1727023124694824,-1.2229944467544556
1774469901394097800,89.49568237304688,-0.3288102218225598,-0.8319327621951699,0.2450058571934699,-0.3641720414161682,0.272398293018341,-0.3256514966487884,-4.766763735434413,-7.14121966163516,-13.020188852411508,0.4867416024208069,5.736856937408447,-3.5265462398529053,-7.149900980740785,4.019246163243055,8.104152254876494,-0.7455418705940247,2.4598748683929443,-1.272283673286438
1774469901404123800,89.50570825195312,-0.2533358786433935,-1.0598491720955818,0.2690636091291904,-0.3720022737979889,0.2917975485324859,-0.340779572725296,-5.2492538221448655,-5.182794267809391,-14.67334301317334,0.8111990094184875,6.9221720695495605,-3.5555174350738525,-7.886352969038486,4.073243710890412,9.510611290183665,-1.052288055419922,2.594996690750122,-1.3135913610458374
1774469901414149700,89.515734375,-0.247346282839775,-1.3090781268768013,0.2218161202639341,-0.3987356126308441,0.3126783967018127,-0.3588924705982208,-5.713542481732368,-2.754125105383992,-15.84992244874835,1.1096601486206057,8.120580673217773,-3.445750951766968,-7.69988230292201,4.279897917857766,11.504272248041628,-1.26155686378479,2.70572829246521,-1.4465820789337158
1774469901424176700,89.52576123046875,-0.2629968564361333,-1.5742358146086337,0.1047223572343587,-0.4301137626171112,0.3288504183292389,-0.3832252323627472,-5.383554740563035,-1.1317308245450255,-17.22947009625435,1.2740349769592283,9.270853996276855,-3.256763696670532,-7.649651998853683,4.225728520774841,14.18266026765704,-1.4327943325042725,2.8881218433380127,-1.688515067100525
1774469901434202700,89.53578735351563,-0.2485924835085868,-1.7763662605412305,-0.0362099620223045,-0.4791562855243683,0.3416480720043182,-0.4037604033946991,-4.000238680434227,-1.0921744747042654,-18.71379095439911,1.238725662231445,10.33784008026123,-3.093427896499634,-8.3350267108649,4.392586723926663,16.930995683723687,-1.6631428003311155,3.07562255859375,-2.165598154067993
1774469901444230000,89.54581469726563,-0.2231134665980935,-1.846229631970823,-0.1391150407016277,-0.5253416299819946,0.3459610641002655,-0.4343092441558838,-1.8669597007885568,-2.390699204993248,-20.053035817611217,1.0116201639175415,11.27696704864502,-3.0877156257629395,-10.098119502204655,4.383163646543026,18.485219514656063,-2.009356737136841,3.3595428466796875,-2.754662275314331
1774469901454256000,89.55584057617187,-0.132120651769638,-1.816533435756713,-0.1971767690479755,-0.5636592507362366,0.353690356016159,-0.4694727063179016,0.7832264528237283,-4.304793289661407,-21.66390800296068,0.6322201490402222,12.077967643737791,-3.3183276653289795,-14.034198721939324,4.475634424969554,19.90365306539536,-2.482456684112549,3.711511611938477,-3.4164297580718994
1774469901464282700,89.56586743164063,-0.0068073419272899,-1.7141865754820405,-0.2059206319957971,-0.5855440497398376,0.3768822252750397,-0.5062330961227417,3.379405121916532,-6.777560537010431,-23.453557377314567,0.090661309659481,12.68507480621338,-3.784014940261841,-17.491680770748854,4.471227129921317,21.489601237368586,-2.995301008224488,3.8962769508361816,-3.9889395236968994
1774469901474308700,89.57589331054687,0.0970923007473349,-1.576354998719692,-0.1972200236678123,-0.5928037166595459,0.4147588610649109,-0.5368887782096863,6.844606366801261,-9.761270643094182,-25.054929912912844,-0.5791019201278687,12.916274070739746,-4.412278652191162,-18.49863546106815,4.204655337607861,22.855413789510724,-3.680083990097046,4.00941276550293,-4.458279609680176
1774469901484334700,89.58591918945312,0.1530596871629357,-1.417528272462636,-0.2427116087764501,-0.5775347948074341,0.4520651996135711,-0.5787038803100586,11.187600500041246,-12.295282340478895,-25.62715580012798,-1.242432713508606,13.065196990966797,-5.238457679748535,-17.520011377698182,3.399657636350393,23.34778463424444,-4.475167751312256,4.490691661834717,-4.803097248077393
1774469901494362000,89.59594653320312,0.171082542848587,-1.3055885311953723,-0.3306622794300317,-0.550544798374176,0.4855038225650787,-0.6101199984550476,13.48214702322483,-13.5931313634634,-25.004174708187577,-1.7192087173461914,12.995631217956545,-6.204456329345703,-17.156894689387084,2.7543700200557706,23.433861327719686,-5.780127048492432,5.291231155395508,-5.027876377105713
1774469901504387900,89.60597265625,0.1643248852819204,-1.2333978858619927,-0.4461778333574533,-0.528144121170044,0.5148454308509827,-0.6336764693260193,12.830074276834726,-14.128179320406913,-23.02014842463732,-1.897384762763977,12.374700546264648,-6.874579429626465,-19.145116671061515,1.9145371522605417,23.17046641187668,-7.17397403717041,5.909099578857422,-5.090900897979736
1774469901514415000,89.61599951171875,0.1501820859000086,-1.2245176101181656,-0.6566372778266668,-0.5210455656051636,0.538149893283844,-0.6454454064369202,13.23133920175433,-14.11548584305048,-20.650152984976767,-1.8376314640045168,11.504996299743652,-7.450621128082275,-20.84343333110809,1.347450381499529,24.07096213042736,-8.237515449523926,6.250324726104736,-4.935445308685303
1774469901524440900,89.62602563476563,0.1894283468782901,-1.2153309718389065,-0.8726678004264831,-0.5265447497367859,0.5525395274162292,-0.6569305658340454,14.410725511443614,-13.24504624006748,-18.772973795729875,-1.654313087463379,10.46183967590332,-8.03032398223877,-21.24647987874746,0.7553279536813498,25.78743871654272,-9.247404098510742,6.579495906829834,-4.7347941398620605
1774469901534467700,89.63605224609375,0.2741854821875691,-1.2266093947656451,-1.055453640550375,-0.5409515500068665,0.5813004374504089,-0.6621884703636169,13.927369163292646,-12.646018855166435,-17.393758156657217,-1.4187167882919312,9.148917198181152,-8.313054084777832,-22.23909390902519,-1.6788211014598606,27.03625570533276,-10.033312797546388,6.970601558685303,-4.565568447113037
1774469901544493700,89.64607836914062,0.3030196547448635,-1.2397549998037516,-1.1395277620315551,-0.558318018913269,0.6207618117332458,-0.6594597697257996,15.028471625339984,-12.909044353175162,-15.34157778981328,-1.0281678438186646,8.154630661010742,-8.213495254516602,-25.12059510200024,-5.488527857688069,28.388025703597062,-10.346003532409668,6.70658016204834,-4.203610897064209
1774469901554519700,89.65610424804687,0.3357955506652593,-1.293285806722194,-1.0852724402308462,-0.5657884478569031,0.6460112929344177,-0.6591127514839172,17.07202328004837,-13.963991797769069,-13.597670760458708,-0.476567268371582,7.437304019927978,-8.28458309173584,-26.9701860270977,-9.845544086539745,29.08299417338371,-10.602179527282717,6.242071628570557,-3.680929660797119
1774469901564546900,89.66613159179687,0.4048477518424391,-1.2848670840755103,-0.8522469436883926,-0.5694787502288818,0.6743718385696411,-0.6728330850601196,18.175722188329697,-16.389793880325556,-14.272397237205505,-0.0141636878252029,7.261623859405518,-8.399469375610352,-26.10868493285179,-14.852780711913107,29.37613891532421,-10.485414505004885,6.183996677398682,-3.0365636348724365
1774469901574572900,89.67615747070313,0.4835758361205458,-1.2418126629859207,-0.5475555563390254,-0.5614294409751892,0.714326798915863,-0.690169095993042,11.480860977315904,-18.863372444057465,-15.53630307405591,0.1839826703071594,8.210261344909668,-7.644471168518066,-25.26824065515995,-19.517834715932608,31.28114952982664,-9.507349967956545,6.059267044067383,-2.118821859359741
1774469901584599900,89.6861845703125,0.5479845954060554,-1.1784670028872788,-0.2267564992755651,-0.5496652126312256,0.7597832679748535,-0.7122754454612732,4.775634439632296,-18.407424327313898,-16.3884763679862,0.0961436256766319,8.884990692138672,-6.298494338989258,-25.44447634298801,-23.35766773035526,31.020985850989817,-8.603875160217285,5.6984148025512695,-1.0208420753479004
1774469901594625900,89.69621044921875,0.5813865142703056,-1.1302236348524688,0.0462538016527891,-0.5320120453834534,0.7850969433784485,-0.736197292804718,6.3638979028105735,-12.683652712512016,-18.64597238667012,-0.2057809978723526,8.943857192993164,-5.101055145263672,-22.0623835894227,-29.53691516821384,28.672110356247423,-7.675310134887695,5.763808250427246,0.2105730473995208
1774469901604652900,89.70623754882813,0.703802933627367,-1.0899055068589747,0.2869990787923336,-0.5170541405677795,0.8177648782730103,-0.7631165385246277,10.165963788896798,-7.152811315229535,-20.83551890472173,-0.59829181432724,8.574039459228516,-4.018441677093506,-17.837050205445287,-34.01798623127937,27.25874110316038,-7.195767402648926,6.086544036865234,0.8864662051200867
1774469901614678900,89.71626342773438,0.7702519665688276,-1.1154366923481225,0.4828378772348165,-0.5055960416793823,0.8554558753967285,-0.7845316529273987,14.61014099932909,-5.224854709425569,-21.13840645751953,-1.0467088222503662,8.303568840026855,-3.100342035293579,-14.149925872790812,-38.64234932847023,25.214240184903144,-8.177178382873535,6.158433437347412,1.656893610954285
1774469901624704900,89.72628955078125,0.7221598435729741,-1.2213934867482632,0.5781318963885307,-0.5044370293617249,0.8951905369758606,-0.8066729307174683,18.867363559520243,-5.794247419041395,-18.466459869128464,-1.3457591533660889,8.063879013061523,-2.3008182048797607,-11.678228300499915,-43.56886348087787,21.349535764074325,-9.682826042175291,5.374660491943359,1.8669946193695068
1774469901634731900,89.73631640625,0.6430491897180676,-1.3425979730322957,0.5541068776786328,-0.5074329972267151,0.9236830472946168,-0.8388048410415649,19.722014057219027,-6.19704145322442,-13.911847769033908,-1.3873273134231567,7.598389625549316,-1.3733255863189695,-5.029149766495824,-44.45603677651882,18.78902009064555,-9.551623344421388,4.584409713745117,1.5069280862808228
1774469901644757900,89.74634252929687,0.6675657913371921,-1.4961055500932037,0.4868985508024692,-0.5117329359054565,0.9402694702148438,-0.8815720081329346,18.956231929540632,-5.410902766215801,-9.240093975114824,-1.2131062746047974,6.986856460571289,-0.3464937508106231,-6.748289434340596,-47.270640608263015,28.93236054432392,-7.591048717498779,3.67877459526062,1.762968897819519
1774469901654784900,89.75636938476562,0.7597521998643875,-1.624613564323634,0.4177934503942728,-0.5080015063285828,0.9598931670188904,-0.917697012424469,17.51366931519508,-3.859852012361586,-5.3866550446659325,-0.925615668296814,6.335762023925781,0.5215287208557129,-16.377538794386385,-47.16096559705734,37.40959500120878,-5.422723293304443,0.282501608133316,1.9024834632873533
1774469901664810900,89.7663955078125,0.7941472214192151,-1.6701999881088734,0.3684340839415788,-0.5011425018310547,0.9760364294052124,-0.956170618534088,15.077785399085284,-2.619276197694242,-2.9510335788846014,-0.6296364665031433,5.694406032562256,1.1024752855300903,-12.465733599686622,-44.85744432477951,28.97448820595741,-3.541964530944824,-4.27570104598999,2.008784532546997
1774469901674837900,89.77642236328126,0.8512731302201747,-1.7189283631816503,0.3425625605821609,-0.4940924644470215,0.9905861020088196,-1.003077268600464,12.098342887318134,-2.591885209682584,-1.8084417531073087,-0.3970620334148407,4.955864429473877,1.3687779903411863,-2.7600135789006948,-39.60003466870784,13.46502286994457,-2.308956384658813,-7.101592540740967,1.379476547241211
1774469901684863800,89.78644848632813,0.905624313610792,-1.770322304201871,0.3970651351422071,-0.4862635731697082,0.998178780078888,-1.0362576246261597,9.785483877852558,-3.4636005316898224,-1.5581553251624107,-0.2859411239624023,4.003164291381836,1.2918826341629028,7.218462475791573,-36.441385928869245,1.5854641878485678,-2.2550928592681885,-6.3977227210998535,-0.4664596617221832
1774469901694889800,89.79647436523437,0.8963938361898064,-1.793205021008849,0.5512362906783819,-0.4849828779697418,1.0000673532485962,-1.0567195415496826,8.912126926118136,-4.5013361447200175,-1.395923612767458,-0.2017286419868469,2.93833065032959,0.8928605914115906,13.762577245020866,-35.08022850905657,-9.216107534849645,-2.9456303119659424,-3.9631667137146,-1.5479274988174438
1774469901704916800,89.80650146484375,1.0868185006290674,-1.8307564607679845,0.6991881333082914,-0.4842694103717804,1.0000596046447754,-1.0737589597702026,8.572942902058362,-5.042614228224754,-1.0286953974843025,-0.0786032602190971,1.9234346151351929,0.282318651676178,10.132402880078551,-31.593990321362018,-15.763897193199396,-3.6953420639038086,-1.885639190673828,-1.643364191055298
1774469901714942800,89.81652734375,1.3067115438759327,-1.8561273411288857,0.8665624692887067,-0.490254670381546,0.9961683750152588,-1.074337124824524,7.512067820981144,-4.852043433313072,-1.0778817454576493,0.1662018150091171,0.980498731136322,-0.3276167511940002,4.794699497847259,-26.514443662059307,-17.569057440418003,-4.021120071411133,-0.5261212587356567,-1.163180589675903
1774469901724969800,89.82655444335937,1.433773743212223,-1.7883819847665725,1.0159627571612595,-0.4822382926940918,1.0017924308776855,-1.0529786348342896,6.055728610217571,-4.073503238609433,-1.7282044333100317,0.4575934410095215,0.2458444684743881,-0.7605116963386536,2.3571283593028785,-24.62503978201151,-17.38353837593794,-3.9236903190612793,0.7677633166313171,-1.0581024885177612
1774469901734995800,89.83658032226562,1.492019595953822,-1.625227750699222,1.0954343532830475,-0.4625326991081238,0.9904640316963196,-1.0118484497070312,4.9886944219887255,-2.5000974450841547,-2.1854618790864944,0.7038497924804688,-0.2109980434179306,-0.9778828620910645,2.6739816013500093,-26.12582545274496,-17.601985896551607,-3.4121758937835693,1.033182144165039,-0.6848210692405701
1774469901745022800,89.846607421875,1.482948400747776,-1.439674491688609,1.1655810716986656,-0.4226550459861755,0.9793046116828918,-0.9678984880447388,4.516730989989638,-0.7812740035817026,-2.2636966268897054,0.8066504597663879,-0.5141664743423462,-1.0448672771453855,2.6612097980603573,-24.943089832627773,-16.934149763840438,-2.681699752807617,1.0641456842422483,-0.367409735918045
1774469901755048800,89.85663330078125,1.4072744433432816,-1.23618678592816,1.1517711575329304,-0.3656413555145263,0.9720547199249268,-0.9114214777946472,4.422242149738967,0.5101321268737316,-2.641871768122911,0.7779656052589417,-0.6728823184967041,-1.0197964906692505,1.7113064900010824,-24.80770988680124,-16.985586521089076,-2.412243127822876,1.8119012117385864,-0.3510936200618744
1774469901765074800,89.86665942382812,1.2506857052713631,-0.9944320394851268,1.0340180538117885,-0.2958175241947174,0.9422001838684082,-0.8409339785575867,4.1049399948805565,1.4750626159340143,-2.605064424729348,0.7719468474388123,-0.7014873623847961,-0.9026651382446288,1.1847910913422703,-28.16866165266037,-19.362448923909664,-2.4177684783935547,1.2155417203903198,-0.4565634131431579
1774469901775101800,89.87668627929688,1.11449035140872,-0.8189351873256265,0.845879162222147,-0.2206041514873504,0.8917025327682495,-0.7677295207977295,3.544081304854154,1.9851406745329496,-2.4493898788928985,0.785524845123291,-0.6189247965812683,-0.6817227602005005,2.357453937995434,-31.62719817895889,-22.664964867413044,-1.799959421157837,-0.7514645457267761,-1.1382417678833008
1774469901785128000,89.88671264648437,1.1297896273493766,-0.6834819570671766,0.6712310358464717,-0.1264608651399612,0.8358869552612305,-0.6841635704040527,3.418821186503768,1.709516683974862,-2.707949045142531,0.7630208730697632,-0.4732757210731506,-0.4282788038253784,6.401964306354523,-33.38826910908222,-23.450092331552504,-1.024308204650879,-1.8076587915420528,-1.985460996627808
1774469901795154800,89.89673950195312,1.1799720006227492,-0.5422090807445347,0.5302209751784801,-0.0334853790700435,0.804843544960022,-0.5893809795379639,3.668460548716783,0.6934864145353437,-2.9920968261569736,0.7168325185775757,-0.3503953814506531,-0.1948294639587402,8.63824101139903,-25.590924795317648,-22.87456272661686,-0.6448258757591248,-1.4327720403671265,-2.3047127723693848
1774469901805180800,89.90676538085937,1.0874667354047298,-0.4086966092903167,0.4750947157621383,0.0624763034284114,0.7771983742713928,-0.4807615876197815,3.9031151077657937,-0.4228028029888868,-2.575737792479992,0.696337103843689,-0.3374795615673065,0.0339105017483234,5.933455983245373,-11.143750836920738,-19.65216369140148,-0.423721045255661,-1.1618454456329346,-1.6879748106002808
1774469901815207800,89.91679248046874,1.0431868641734123,-0.358556175462529,0.4880395375311374,0.1526205390691757,0.7517863512039185,-0.3582579493522644,3.9765579451173534,-1.0098381368011236,-1.8620938483178613,0.682030439376831,-0.3795686662197113,0.2334072589874267,1.3695768731117248,-6.082942780357599,-16.41197531699538,-0.1578464806079864,-0.8638907670974731,-1.083201289176941
1774469901825233800,89.926818359375,1.0149503652483225,-0.4288216248869895,0.535980269357562,0.2360115647315979,0.7148464322090149,-0.2084793597459793,3.984999610248208,-1.1244330687522888,-1.477638603901863,0.659611165523529,-0.4015461504459381,0.3950259685516357,0.5057818227097391,-2.254943411591649,-14.499819506913422,0.1128549799323082,-0.6298087239265442,-0.5413628220558167
1774469901835259800,89.93684423828125,0.9305202699363232,-0.540556710427627,0.5755868880808354,0.3208670020103454,0.6772897839546204,-0.0487686060369014,3.52633522028327,-0.9183037624418736,-1.0428910960972309,0.6610996127128601,-0.3860914409160614,0.512759804725647,1.8006404317066071,-0.3857113819569349,-13.013044825875758,0.350666731595993,-0.3886866271495819,-0.1301555931568145
1774469901845287000,89.94687158203125,0.8805272817552089,-0.7305570850402117,0.6076093352854252,0.4013634324073791,0.6355452537536621,0.1064436137676239,2.567341720056534,-0.5841723455965518,-0.8675906432926654,0.673292338848114,-0.3678485155105591,0.5976557731628418,2.857264285080135,0.213448104891181,-11.315939295184611,0.6661561727523804,-0.0892728939652443,0.1260005086660385
1774469901855313000,89.95689770507812,0.9349959540456532,-1.0615738769963383,0.5160457348316908,0.4962559640407562,0.6069251894950867,0.2523294687271118,1.5759014097332953,-0.0859217951744794,-0.8516834645867347,0.6870795488357544,-0.3365090787410736,0.6757152080535889,3.172003603713214,0.4500660729676485,-9.19686682780683,1.0338294506072998,0.2126701772212982,0.2677057087421417
1774469901865339800,89.96692431640625,1.0531833575308325,-1.3247779464423657,0.3928162455260753,0.6018814444541931,0.57560133934021,0.4047922492027282,0.7972410957813263,0.3704939390808344,-0.8765800054341554,0.6974815726280212,-0.3069687783718109,0.7395312190055847,3.369896412076056,-0.2866659013152122,-7.8693667629241935,1.404109001159668,0.4548806846141815,0.3231247663497925
1774469901875365700,89.97695043945312,1.0015449402302503,-1.5265964038163422,0.2003121444642543,0.7031297087669373,0.5245729684829712,0.561531126499176,0.487861258354783,0.5172247154831886,-0.9210188666194676,0.6992028951644897,-0.3229200541973114,0.7665475010871887,3.4913740892782807,-1.5586697044253348,-7.314950088644027,1.7102689743041992,0.6916820406913757,0.3230278193950653
1774469901885396400,89.98698095703125,0.9220680834114552,-1.7425408555679025,0.0222492412090301,0.7991377711296082,0.4659666419029236,0.6980569958686829,0.5985463233858347,0.3135872259885072,-1.0026631306052207,0.6686854362487793,-0.3882375657558441,0.7485027313232422,3.320220234759152,-2.76517753753513,-7.149434532272816,1.9260467290878296,1.0097869634628296,0.3195717930793762
1774469901895422400,89.9970068359375,0.9695078799784184,-1.968284524539113,-0.1647773052245378,0.8957366943359375,0.4164503812789917,0.8297396898269653,0.9874491948604583,-0.1015776294678449,-0.974350059312582,0.6559449434280396,-0.4761062562465668,0.7068620324134827,2.863446480846405,-3.749132752799988,-6.966018577551841,1.8651751279830933,1.3384971618652344,0.4164932668209076
1774469901905448400,90.00703295898437,0.9620435354471206,-2.195891503164172,-0.3544640107780695,1.0001142024993896,0.3496710956096649,0.9651886224746704,1.1427286038994788,-0.6032394496381283,-0.9458166232675314,0.679298996925354,-0.5227472186088562,0.6819345951080322,2.658335996189713,-4.944408121016621,-7.214189036256075,1.4555565118789673,1.874200820922852,0.460654616355896
1774469901915475600,90.01706005859376,0.8475152389913797,-2.435350247624516,-0.4884510409414768,1.1051249504089355,0.2654118537902832,1.0915371179580688,1.2871885127604008,-1.0628139401853085,-1.1742214742720127,0.6736227869987488,-0.5378866791725159,0.6536334156990051,2.9361355772212145,-5.80662057840228,-7.318996149164437,0.8628513216972351,2.5970373153686523,0.2290613204240799
1774469901925501500,90.02708618164063,0.9850579158097506,-2.65963860322088,-0.567722730576992,1.2188433408737185,0.1986613273620605,1.239443302154541,1.5435101292163134,-1.6175824966430663,-1.446810334917903,0.6440691351890564,-0.5325568914413452,0.5818095207214355,4.418138513812423,-5.797801312130689,-6.2537751478374,0.3468214869499206,3.255016565322876,-0.4646711051464081
1774469901935528400,90.03711279296876,1.005513843861222,-2.69615543923527,-0.6334574777692557,1.3372775316238403,0.1437382847070694,1.3937262296676636,1.2748802353292703,-2.1857839506477115,-1.601905619561672,0.6744990944862366,-0.5810685157775879,0.4180330038070678,7.499889307409524,-4.597759167903662,-4.1835090892046685,0.2599579691886902,3.941862106323242,-1.3391852378845217
1774469901945554400,90.04713891601563,0.7483569456249475,-2.462675476923585,-0.7478308759242296,1.4571800231933594,0.0681487098336219,1.5357345342636108,0.9042045099407434,-2.5870026983380314,-1.727782408505678,0.7678223848342896,-0.7312266230583191,0.218301773071289,9.19537395890057,-2.977052694021165,0.0826958188652992,0.5191406011581421,4.502881050109863,-1.950603723526001
1774469901955581500,90.05716625976562,0.325210443764925,-1.8938138054445384,-0.9395224915593862,1.5760502815246582,-0.018076304346323,1.716657042503357,0.955528454464674,-2.8577310258090494,-1.9812644176214933,0.8096014261245728,-0.9134897589683532,0.0140914265066385,7.433937702596187,-2.049654940019548,4.204447247815132,1.3717085123062134,5.055231094360352,-1.3682881593704224
1774469901965607500,90.06719213867187,-0.6060755498468876,-1.0812653965465724,-1.3206798634737729,1.6795939207077026,-0.1268270313739776,1.946277976036072,1.1963690086722374,-2.847386741927266,-1.8289830213546752,0.8508508801460266,-1.0608464479446411,-0.1384864002466201,-1.4299305117875336,-0.8088122911095619,9.444403664782644,2.3445286750793457,4.952286720275879,-0.0772871002554893
1774469901975633400,90.07721801757812,-1.5430115320444109,0.0985512673839926,-2.1340859121143816,1.7926592826843262,-0.2646015882492065,2.1935136318206787,1.1683102044016125,-2.4209487973064183,-1.2870341989815235,0.8984586000442505,-1.1632976531982422,-0.2114069461822509,-6.822870335811376,-0.2383209726020693,11.905255433410405,2.502777338027954,3.805236339569092,0.4280866086483001
1774469901985660300,90.08724487304688,-1.5767553962141274,1.5998387501597404,-3.302508344718813,1.904705286026001,-0.4225353002548218,2.4834344387054443,1.1786848834216594,-1.8701041362941264,-0.8699462665081024,0.9486716985702516,-1.2604864835739136,-0.2239107489585876,-3.453026822966337,-1.0112161471560597,8.63149036809504,1.6532492637634275,2.298902988433838,-0.1599492728710174
1774469901995686200,90.09727075195312,-1.018764955100417,3.229114607205987,-4.446557968088984,2.0007779598236084,-0.5632131099700928,2.8443851470947266,1.1601076087236404,-1.4893781415343283,-0.4798655834257602,0.9819140434265136,-1.3262033462524414,-0.192919448018074,-0.9223018921673296,-2.1161098181799054,4.81589280026257,0.953786551952362,-0.0594634152948856,-0.558795154094696
1774469902005713300,90.1072978515625,-0.4083645277917385,4.681134785726666,-5.153711965709924,2.106015682220459,-0.6325586438179016,3.24424147605896,0.8321569263398647,-1.4159896647185086,-0.3039408612430095,0.9676176309585572,-1.2271723747253418,-0.18083456158638,0.0232370832026004,-1.980942346060276,3.188546449974179,0.8054931163787842,-2.022130012512207,-0.5471909046173096
1774469902015739200,90.11732373046875,-0.0838940887391567,5.807282841703295,-5.18217876625955,2.266869068145752,-0.6626728177070618,3.620970487594605,-0.0321931275963783,-1.339368781852722,-0.0015542437046766,0.963468849658966,-1.0743972063064575,-0.1364797353744506,-1.1196166083812713,-2.019501501557231,2.642776608008146,0.7238587141036987,-2.7419991493225098,-0.3939560949802398
1774469902025766400,90.12735107421877,-0.0054617725372314,6.475346353429556,-4.387663880571723,2.4158084392547607,-0.7382277846336365,4.003400802612305,-0.6202630651533604,-0.9466039742529392,0.0481213490903377,0.9889294505119324,-0.9218053221702576,-0.0574248731136322,-2.1412486433506013,-2.764304261831939,2.4449691398411986,0.670024037361145,-2.712355136871338,-0.2790313065052032
1774469902035792400,90.13737719726562,0.215876208820939,6.631068245539069,-2.970969282454252,2.541668653488159,-0.7898013591766357,4.317665100097656,-0.4545183762013912,-0.5018874456197023,-0.435387559273839,1.044925570487976,-0.8079947829246521,0.0338201075792312,-1.254052551355958,-2.6799665209785104,2.6954677492320536,0.8344172239303589,-2.505011320114136,-0.2774387300014496
1774469902045818400,90.14740307617188,0.3154050890654325,6.030849605026841,-1.0184493132799863,2.6753387451171875,-0.7724133133888245,4.480461597442627,-0.1145575225502252,-0.3141203099519014,-1.1168623412370682,1.0844498872756958,-0.7823818325996399,0.1194607093930244,0.2319073061674833,-2.341690551674366,3.1179554949224,1.036265254020691,-2.1734631061553955,-0.3782981932163238
1774469902055845200,90.15742993164062,-0.6590694734096527,5.231504230442643,0.8242991985768079,2.763397455215454,-0.7297137975692749,4.492064952850342,0.3058715370446443,-0.4647954400658607,-1.8211124341100453,1.0546680688858032,-0.8452824354171753,0.2228072583675384,1.051738419419527,-2.580167883881926,2.372394317495823,1.0430997610092163,-1.618212342262268,-0.5117303133010864
1774469902065871200,90.16745581054688,-2.28588215521276,4.476377936813235,2.052776579171419,2.7598280906677246,-0.7738837003707886,4.410503387451172,0.9921996042579412,-0.6912573403090239,-2.354894024379551,0.9893808960914612,-0.924866497516632,0.3370368778705597,0.7883002489566803,-2.9627640564277766,0.4935124159842729,0.8321652412414551,-0.9029923677444458,-0.6482961177825928
1774469902075898400,90.17748315429688,-3.186609928953648,3.405377767562866,2.504548287013173,2.668581485748291,-0.8215869069099426,4.308018207550049,1.5956857221335172,-0.6864905642986298,-2.208907052081824,0.9769944548606871,-1.0160150527954102,0.4816988408565521,0.1144967322736978,-2.975049537505209,-0.9904594825923442,0.5174281001091003,-0.5268088579177856,-0.8155916333198547
1774469902085924400,90.18750903320311,-3.260015356904268,2.091351516759396,2.1989608276069164,2.501550912857056,-0.7881226539611816,4.192911624908447,1.9530746804475785,-0.6018839433759451,-1.7965020167276262,1.0004563331604004,-1.0640188455581665,0.6149452924728394,0.1523199747115373,-1.9638956419304008,-1.4482400754600762,0.319247305393219,-0.5521128177642822,-0.9326455593109132
1774469902095951400,90.1975361328125,-3.285086669796705,0.6610497605066746,1.337949562704563,2.3361854553222656,-0.6328436732292175,4.00123929977417,1.877401892086864,-0.6480968284964561,-1.2818851456552742,1.057450532913208,-1.0488646030426023,0.7142089009284973,0.3432484970197081,-0.3824433200716972,-0.7300467974305153,0.2770431339740753,-0.5752237439155579,-0.9722757935523988
1774469902105977400,90.20756201171876,-3.3723329915732143,-0.6965949750099331,0.1896715079843997,2.227916717529297,-0.4131712317466736,3.737198829650879,1.3608289185106754,-0.7231774961829185,-0.7239663084730505,1.1010854244232178,-1.0207844972610474,0.7763449549674988,0.0477022468954324,0.1537768955215811,-0.0161871646910905,0.2721644043922424,-0.4129036962985992,-0.9173985719680786
1774469902116003400,90.21758813476562,-3.4403549729198217,-1.5953887850135564,-0.3995060985535383,2.155682325363159,-0.2072734981775283,3.4212465286254883,0.952411783748865,-0.711494072651863,-0.4405921421796083,1.101309895515442,-1.020606517791748,0.7898551821708679,-0.6083949327051639,-0.6949003729864954,0.0182920280158519,0.2773770093917846,-0.2800750732421875,-0.8051156997680664
1774469902126030200,90.22761474609376,-3.272247938750684,-1.7681193873301146,-0.1917214262515306,2.116976022720337,-0.0498532466590404,3.0292787551879883,0.6890063465118408,-0.6308154388278723,-0.3407584337696432,1.0687847137451172,-1.0815348625183103,0.7518465518951416,-1.1391308716684578,-1.9270371528714887,-0.0803746824413537,0.288674920797348,-0.420227974653244,-0.7512327432632446
1774469902136056400,90.23764111328126,-2.630749485605955,-1.3141361409187315,0.7782979103803634,2.005502223968506,0.0217008180916309,2.638340473175049,0.8820423624932765,-0.6691682580977678,-0.5190715123936533,1.000929594039917,-1.1965973377227783,0.6657741069793701,-0.8938882831096648,-2.829583374211192,-0.1590261943519115,0.2790257632732391,-0.8602596521377563,-0.785942018032074
1774469902146083400,90.24766796875,-1.220306933620572,-1.0098183361221105,1.892581925562024,1.8230962753295896,0.1290294080972671,2.3048207759857178,1.329497376179695,-0.9962322207748888,-0.939112741714716,0.9036012291908264,-1.313530683517456,0.5316317677497864,0.110316816240549,-3.232122556850314,0.232056943771243,0.2378950715065002,-1.2806504964828491,-0.8828245997428894
1774469902156109400,90.25769409179688,-0.4036918598055839,-1.125369472819567,2.612827459946274,1.6251626014709473,0.1663679182529449,1.9162393808364868,1.3714981965631243,-1.49163205794096,-1.184040272974968,0.865966260433197,-1.4549171924591064,0.4092237949371338,1.018117889368534,-3.38568610188216,0.7851350629240273,0.1982584297657013,-1.509327054023743,-0.9946832060813904
1774469902166136400,90.26772094726564,0.4245440936982631,-1.3270043903201818,3.2513591722399,1.4068909883499146,0.2015030086040496,1.5472036600112915,1.117470244002342,-1.8955898752063511,-1.081382739315927,0.904743492603302,-1.6368731260299685,0.3354582190513611,1.2560066080331802,-3.4525732339799404,0.9017220454752444,0.1949845403432846,-1.633845567703247,-1.032941818237305
1774469902176162400,90.2777470703125,1.3393699508965016,-1.7657013664029535,3.633603754869103,1.1521157026290894,0.2523989379405975,1.2220289707183838,0.901784589317441,-2.234431953960657,-1.0344318953096867,0.967894732952118,-1.7210112810134888,0.2721855044364929,0.9821262462720274,-3.201797268952429,0.477952443280816,0.1990045756101608,-1.7679764032363892,-1.0168955326080322
1774469902186188400,90.28777294921876,1.9060963639125224,-2.1134560888007283,3.7203859662652015,0.8782727122306824,0.2805450856685638,0.9817849397659302,0.2238824051439762,-2.43855225853622,-0.9044988167122006,1.030518889427185,-1.691840410232544,0.2091319859027862,1.0632178448110818,-2.53874895503968,-0.0697141722172498,0.1331671178340912,-1.7886459827423096,-1.0189796686172483
1774469902196215400,90.29780004882812,2.487158760794997,-1.8799737884014844,3.545087267026305,0.6247203946113586,0.3265695869922638,0.8689456582069397,-0.7606330743521451,-2.112889394828677,-0.5635282014966011,1.0972700119018557,-1.7004679441452026,0.1578573584556579,1.4378198037326335,-1.8182564601570368,-0.4032406089067459,0.0134713407605886,-1.6512542963027954,-1.027449607849121
1774469902206241400,90.30782592773436,2.218970180934668,-0.713873953525722,2.557140644037724,0.5329646468162537,0.3082654178142547,0.7937079071998596,-1.1295137330174445,-1.5499194117367268,-0.5770698201149702,1.107691526412964,-1.7504706382751465,0.0683519840240478,1.5170353792667388,-1.58474201105386,-0.6243921277821064,-0.1306676119565963,-1.4370211362838743,-1.011889934539795
1774469902216268400,90.31785302734374,1.7311399022400378,1.0482122911199927,1.5659955172687767,0.4332697689533233,0.2880661785602569,0.8210042715072632,-0.7866776161909103,-1.0890449445068835,-0.9875409647971392,1.093130350112915,-1.8232183456420896,-0.0605385564267635,1.2128624628335236,-2.038709913765639,-0.8347130405634641,-0.2241235226392746,-1.275516152381897,-0.9662758708000184
1774469902226294400,90.32787890625,1.3319552907258272,1.9597424677737056,0.2260170790851116,0.3163650035858154,0.309544563293457,0.9491185545921326,-0.2306651971518993,-0.9642682257592676,-1.4905159133926034,1.0299652814865112,-1.84194815158844,-0.2310570329427719,1.0672855326414108,-2.5229423140987755,-0.5561842684745788,-0.2200545370578766,-1.16659414768219,-0.8956872820854187
1774469902236321400,90.33790600585938,1.824835254025459,2.5011492922246457,-2.067429958423972,0.3661006689071655,0.6828272342681885,1.2094155550003052,0.0910287629246711,-1.3374077109128235,-1.9865688076399264,0.9169934391975404,-1.799160361289978,-0.3580382764339447,1.2127525727182626,-2.743134340292216,0.2244686805993318,-0.1613906919956207,-0.9914904832839966,-0.8422003388404846
1774469902246347600,90.34793212890624,2.2570827617079017,2.8987404970675703,-4.058890191367269,0.4724244475364685,1.0407581329345703,1.4976729154586792,-0.3384539562195539,-1.8765677793502809,-2.063743671126664,0.7758576273918152,-1.717424750328064,-0.3933075666427612,1.1614131383642554,-2.9107623587727547,0.7525567354023456,-0.0683123990893364,-0.8435043096542358,-0.8221337795257568
1774469902256373600,90.35795825195312,1.5911638607949017,3.9516131812140345,-5.380525163608789,0.5947889089584351,1.087741732597351,1.787710428237915,-0.6659399437010288,-1.8687796096920968,-1.810016016686708,0.6565085053443909,-1.6395695209503174,-0.3692007660865783,1.0352639622196556,-2.5832582511127,1.1910796700924635,0.0072233695536851,-1.05577290058136,-0.7999680638313293
1774469902266400400,90.36798486328124,1.734656970450282,4.613956269466876,-5.6375388539820905,0.7553817629814148,1.1319973468780518,2.185438632965088,-0.6999474272429943,-1.2431149777561423,-1.0824503685474396,0.6122033596038818,-1.6164274215698242,-0.2849157154560089,1.1409142479538916,-1.3148555412344634,1.7577631207495927,0.0015705218538641,-1.5334389209747314,-0.7934624552726746
1774469902276426400,90.37801098632812,1.406025904586911,4.757776711380481,-4.359907274118066,0.9934068322181702,1.144344687461853,2.468013525009156,-0.3702005090922117,-0.5592249513447284,-0.4279375355288386,0.6003350615501404,-1.5847736597061155,-0.2017180621623993,1.0910261814519762,-0.175676008118689,2.108698372879624,-0.1124793514609336,-2.189959049224853,-0.6960384249687195
1774469902286453400,90.38803784179689,-0.0123614689230918,3.509431431755423,-1.571329279512167,1.2733672857284546,1.119930863380432,2.4856319427490234,0.313091551426053,-0.1800496931582689,-0.379543506976962,0.5939056277275085,-1.5169498920440674,-0.1687848716974258,0.6377785558387636,-0.0859983675420284,2.177207260960341,-0.1608217358589172,-2.911405086517334,-0.4506842792034149
1774469902296479400,90.39806396484374,-1.0823965925335883,-0.2806521939836442,0.8455734572738408,1.5894843339920044,0.8065683841705322,2.32031512260437,0.7560849095284938,-0.1555202320575714,-0.6059454937264322,0.5734537243843079,-1.4459189176559448,-0.1741566210985183,0.1916246878787875,-0.623402532222867,2.5842554454565048,0.0503661409020423,-3.5366246700286865,-0.1719466894865036
1774469902306506400,90.40809106445312,-2.509911859872937,-2.358992838000506,2.1497265488386152,1.5996592044830322,0.2224594056606292,2.085423707962036,0.7858826664209365,-0.5846586678087711,-1.0016262618381528,0.5083290338516235,-1.3712180852890017,-0.1805130541324615,0.3799646549984812,-1.1511116707108917,3.3035920483022925,0.4891530573368072,-3.862771511077881,0.020151263102889
1774469902316532400,90.41811694335938,-2.578524792850017,-3.590862637512385,2.7431559676021338,1.4071590900421145,-0.1296359598636627,1.956605672836304,0.5869412257879972,-1.3889455904483794,-1.330012778355926,0.4024662971496582,-1.2872169017791748,-0.1685402691364288,1.2199633808799086,-1.209352116625011,3.733751059272885,0.9089271426200868,-3.718005895614624,0.116294577717781
1774469902326558400,90.42814282226564,-2.374701425394416,-4.601346378740668,2.77598739310205,1.1416919231414795,-0.15987429022789,1.844641089439392,0.6111608902871608,-1.971376645335555,-1.3191063305467363,0.3091677725315094,-1.2372424602508545,-0.1658201217651367,2.3085186421737074,-0.6948889748096466,3.254088889464736,1.111952781677246,-3.210484743118286,0.1526813358068466
1774469902336585400,90.438169921875,-2.612918060839176,-5.303632478064299,2.2936615570425984,0.9852014780044556,-0.0782220140099525,1.6708106994628906,0.8401789047539233,-1.9468699805885552,-1.0909291508182883,0.2691734433174133,-1.225160002708435,-0.1838512867689132,3.084948712855577,0.1250816930435598,1.8928724329411983,1.023667573928833,-2.5631580352783203,0.1808221638202667
1774469902346611400,90.44819580078124,-2.728005744743347,-4.977138424229621,1.57490421538949,1.0349066257476809,-0.0443047918379306,1.446308135986328,0.8498749538600444,-1.7521388511270284,-0.9204879746131598,0.2825987040996551,-1.2526520490646362,-0.1992371678352356,3.169822460281849,0.6120667530857026,0.0289028538793325,0.6558746695518494,-1.9650018215179443,0.2363484054803848
1774469902356638400,90.45822290039062,-2.6584119840353724,-4.133782058483362,1.573139543804526,1.1458691358566284,-0.0189535748213529,1.2448652982711792,0.8635796540856361,-1.551384808114171,-0.9817813783571124,0.311265230178833,-1.262690782546997,-0.227312758564949,2.798096933579445,0.5425998336277902,-1.5427017354428767,0.1704147905111313,-1.5026397705078125,0.3081211447715759
1774469902366664600,90.46824926757812,-2.628033796906471,-3.24430691564083,1.9339678289175035,1.199779748916626,-0.0589691661298275,1.135242938995361,1.0645312654972077,-1.350743577826023,-1.2584008096933363,0.3336136937141418,-1.236185073852539,-0.2734972834587097,2.348264084845781,0.3917090149365365,-1.9309774149298664,-0.2070209980010986,-1.112558126449585,0.3694587349891662
1774469902376691400,90.47827587890625,-2.5954239052027464,-2.015408094763756,2.279991928130388,1.150582790374756,-0.1258876621723175,1.075175642967224,0.9898609321773052,-1.1868272733449936,-1.4268616257362068,0.3374578356742859,-1.1776772737503052,-0.3116754293441772,2.007987150982767,0.1906380149289965,-1.0799445232063531,-0.3669736683368683,-0.7297216057777405,0.4071251451969147
1774469902386717400,90.48830200195312,-2.494424952405691,-1.3356471309810876,2.533806530201435,1.0636601448059082,-0.1456110328435897,0.9960731267929076,0.6824585323035717,-1.1567875243902206,-1.489520472614467,0.3025464713573456,-1.0935673713684082,-0.3229685723781585,1.724436605209112,-0.2985888326905667,0.3767097448557615,-0.339282363653183,-0.3669652342796325,0.4230240881443023
1774469902396743300,90.49832788085938,-2.433621816396713,-1.2425237338647246,2.470847092941403,1.0078045129776,-0.1283470690250396,0.8818514347076416,0.3630833705633878,-1.1098170989006757,-1.4235177221357822,0.2373453676700592,-1.0188636779785156,-0.3144584596157074,1.2960931192278862,-0.9305578254677356,1.694680933892727,-0.2249368727207183,-0.0608292780816555,0.4315797686576843
1774469902406770400,90.50835498046877,-2.2284686616420744,-1.209170184186846,2.219340767812729,0.964847981929779,-0.1528199166059494,0.7676188349723816,0.3034165451079607,-0.8891577474564314,-1.1441884473189712,0.1797236204147339,-1.000162124633789,-0.2838196158409118,0.7531623000800609,-1.4754524920344352,2.564256029000878,-0.1442164033651352,-0.0105246342718601,0.4360765516757965
1774469902416796300,90.518380859375,-1.618528837582469,-1.0596360408015548,1.8187188169717787,0.9119594097137452,-0.1583919823169708,0.686299741268158,0.3441454458594322,-0.645696781617403,-0.7953690913643687,0.1399465501308441,-1.0225799083709717,-0.2346341013908386,0.4172947070918977,-1.6798291094586253,2.901801638203859,-0.1473850309848785,-0.4198402464389801,0.4472224116325378
1774469902426823400,90.528408203125,-1.2178683082967996,-1.0188970570474862,1.332725690576434,0.8272509574890137,-0.1351652145385742,0.5874764919281006,0.5227577996909618,-0.6647101096451282,-0.7387084619875997,0.0891017317771911,-1.0211853981018066,-0.214317113161087,0.3140788088977336,-1.712620202948153,2.827036612337828,-0.1882130205631256,-1.0374600887298584,0.4772870242595672
1774469902436849400,90.53843408203124,-1.429685597115755,-1.088129875488579,0.9410627067387104,0.7056924700737,-0.1357398629188537,0.4745855927467346,0.8602893803685903,-0.8779735056191682,-0.9609853316310792,0.0153885707259178,-0.9815528988838196,-0.2278355211019516,0.0052222646929323,-1.813819939014316,3.142976538932323,-0.1753643304109573,-1.7888891696929932,0.5633891820907593
1774469902446876300,90.5484609375,-1.489089387720823,-0.9742943836025894,0.716490565764904,0.5547745823860168,-0.144348531961441,0.3814713656902313,1.0616618475407362,-1.1225403868734836,-1.113630519708991,-0.0576358400285244,-0.915852189064026,-0.2486228346824646,-0.0625893253060057,-1.84498094708398,3.401675405913591,-0.0281588491052389,-2.492574691772461,0.6797706484794617
1774469902456902200,90.55848681640624,-1.2638684274494647,-0.9660577395245432,0.4732517182439565,0.4084218442440033,-0.1206670925021171,0.3043425381183624,1.0600018053740263,-1.3932272132903336,-1.1332334841929377,-0.1245609000325203,-0.828309953212738,-0.2585174441337585,0.3789198221206665,-1.6795391866013407,3.4315222626447675,0.2071301043033599,-2.88906192779541,0.7395429015159607
1774469902466928200,90.56851293945311,-1.2530214547425509,-1.1829692096773534,0.3677233053237199,0.293336808681488,-0.1289114356040954,0.2015277445316314,0.953174584814906,-1.5431418804258108,-1.1283474657170474,-0.1901867985725402,-0.7193978428840637,-0.2600650191307068,0.9679226566135882,-1.3872078068703413,3.0745190887779,0.3756167590618133,-2.8846681118011475,0.7357423901557922
1774469902476955400,90.5785400390625,-1.2134972536057234,-1.306039197572321,0.4696230063527822,0.2264318913221359,-0.145670473575592,0.10661032050848,0.8360323064684867,-1.4655436769604682,-1.0943345753476024,-0.2407913953065872,-0.6246438026428223,-0.2473449110984802,1.479477509766817,-1.1909170268766582,1.8921406115353103,0.3893935680389404,-2.5737667083740234,0.6898417472839355
1774469902486981400,90.58856616210936,-0.9090268155306576,-1.3639230851337314,0.6749713914185762,0.2114044725894928,-0.1378977596759796,0.0573668777942657,0.73594988399446,-1.1088064605534076,-0.9974829514883458,-0.2560771405696869,-0.5720719695091248,-0.2205162346363067,1.806884586793184,-1.1201942621387542,0.2138169382035732,0.2661334872245788,-2.0374138355255127,0.6257585287094116
1774469902497008400,90.59859301757812,-0.7204314123451709,-1.1749869056865572,0.9692647188723088,0.2159568518400192,-0.1248078867793083,0.0285862497985363,0.7854594725728035,-0.678614131835103,-1.0221434185575693,-0.2358312010765075,-0.5375910401344299,-0.1917488127946853,1.669779716870189,-1.2198428232401608,-1.3098948500871657,0.0741142556071281,-1.3601956367492676,0.5666097402572632
1774469902507034400,90.608619140625,-0.7039607545375823,-0.8618092834122478,1.2834288679659367,0.2301903814077377,-0.1133096888661384,0.0207997001707553,0.9832260242074728,-0.3381266239613294,-1.224491087437421,-0.1993853151798248,-0.5024208426475525,-0.177389308810234,1.2748819888949394,-1.306754944626242,-2.3418980569452046,-0.1276391148567199,-0.657560408115387,0.5069200396537781
1774469902517061200,90.61864575195312,-0.6275578983366489,-0.4525415962357074,1.6172084026336668,0.2485574781894683,-0.1028994172811508,0.0574594922363758,1.21329793164134,-0.1213420681238174,-1.439850578907877,-0.1600840836763382,-0.4655728042125702,-0.1816542595624923,0.859763895189762,-1.0421670196063817,-2.653210323739052,-0.2564008235931396,-0.0229096822440624,0.441950649023056
1774469902527087200,90.628671875,-0.4148421993732452,-0.0412697661625221,1.9158119945019485,0.2601081430912018,-0.0662125125527381,0.1211125031113624,1.342923843985796,0.0177466690927743,-1.6390246592529116,-0.1351449191570282,-0.4234898090362549,-0.1913534998893737,0.5856167722512037,-0.6376137206658721,-2.153856780511141,-0.277542769908905,0.5130693316459656,0.3750203847885132
1774469902537113400,90.63869799804688,-0.4937538235247135,0.2848745061201043,2.016442113986612,0.275487869977951,-0.0416092351078987,0.1332468539476394,1.4111036462426183,0.0343412455409765,-1.8057582131117584,-0.1177416816353797,-0.3904100060462951,-0.1970257759094238,0.2872865904968232,-0.4957015965916216,-1.27918874617815,-0.22492615878582,0.9497893452644348,0.2852902412414551
1774469902547140400,90.64872509765624,-0.8526245448291301,0.5377142170106992,1.844362376794219,0.2899099588394165,-0.0366126112639904,0.0979589149355888,1.435431447291374,-0.0718774877309799,-1.890826167935878,-0.1321248859167099,-0.3522325158119201,-0.1976636052131652,-0.0024410364765673,-0.7107653199858963,-0.5083358911067247,-0.1882831752300262,1.143077373504639,0.1737087219953537
1774469902557166400,90.6587509765625,-1.0658382564425468,0.7630798829823732,1.4105477659255266,0.2988017201423645,-0.0652277171611785,0.0364255495369434,1.3401532102286815,-0.2444008770376443,-1.8980168100923296,-0.1809826046228408,-0.3002537786960602,-0.1910838037729263,-0.0919493849009275,-1.0958192609474062,0.0410211616963148,-0.171596348285675,1.1313769817352295,0.1085217297077179
1774469902567193400,90.66877807617188,-0.8530231887578964,0.5157812021439895,1.087091472351551,0.2681127786636352,-0.0652162656188011,-0.0092897415161132,1.158266949293017,-0.3504360704362392,-1.7178727166488763,-0.2376709282398224,-0.2596395015716553,-0.1816841810941696,-0.3141711633563041,-1.4951583323709663,0.523026095238328,-0.1500093787908554,0.9821208119392396,0.0938114523887634
1774469902577219400,90.67880395507812,-0.6152145495921373,0.1821243440078571,0.814459357085824,0.2113585621118545,-0.0336044132709503,-0.0581784769892692,0.962115431639552,-0.3345020037233829,-1.3686612195715306,-0.2799890339374542,-0.2681741118431091,-0.1756023615598678,-0.5518085376083851,-1.95992615377754,0.8580278651773929,-0.0915191695094108,0.6925023198127747,0.1343104094266891
1774469902587246400,90.6888310546875,-0.5160743764042854,-0.070819101251848,0.6579121200680732,0.1435611397027969,0.0089441090822219,-0.1161874532699585,0.8864707003295421,-0.1528974823385477,-1.002255280456692,-0.2805498838424682,-0.3223257660865783,-0.1844571083784103,-0.5019324172725901,-2.375866085259616,1.1690811887741088,0.0242299474775791,0.364045113325119,0.1723741292953491
1774469902597272400,90.69885693359376,-0.7825146512925625,-0.2571049671196379,0.4292307902097702,0.0629768297076225,0.0075659486465156,-0.1987525820732116,0.9241542420357464,0.0631944150596857,-0.7204211832121015,-0.2288084477186203,-0.3960301876068115,-0.2124143987894058,-0.1497697057068348,-2.279247247242928,1.5102993490099903,0.1179167628288269,0.1463543325662613,0.1753981560468673
1774469902607298400,90.70888305664064,-0.8573118258625269,-0.315715104862675,0.2728285146206617,-0.0083596669137477,-0.0100828204303979,-0.2434361726045608,0.9060258801490068,0.0961573579847812,-0.6473983248382806,-0.1595542728900909,-0.4654377698898315,-0.249491736292839,-0.0073521528610959,-1.925800012291968,1.4200368942826986,0.1291723996400833,0.069946676492691,0.1891772747039795
1774469902617325400,90.71890991210938,-1.0247989745676518,-0.3011255298276432,0.1211667115569114,-0.0668890476226806,-0.0555286929011344,-0.2774240672588348,0.8019722159564494,0.0065250178545713,-0.6957958605214953,-0.0940220430493354,-0.5176530480384827,-0.2877047657966614,-0.2603185771375894,-1.6987115045830607,0.7523632586568594,0.0710683465003967,0.0579011999070644,0.2108181118965149
1774469902627351400,90.72893603515624,-1.1001976221621037,-0.2313687423113733,0.0038531682968139,-0.1245872378349304,-0.0958769172430038,-0.2992718517780304,0.594250672018528,-0.103655020263791,-0.6398967170365154,-0.0504066608846187,-0.5465582013130188,-0.3095738291740417,-0.4799608239611611,-1.5502994970954953,0.0625491028934717,0.0050232415087521,0.0692469701170921,0.2203666865825653
1774469902637378400,90.738962890625,-1.024561658680439,-0.1634442665224894,-0.0483487281054258,-0.1638756841421127,-0.1124853938817977,-0.3179197013378143,0.2071007816910743,-0.1738169362485408,-0.4451842922754585,-0.0391529612243175,-0.5541683435440063,-0.3068608343601227,-0.5189273912152275,-1.2988380340218544,-0.2723310864925384,-0.0260752886533737,0.0919578745961189,0.2069384902715683
1774469902647404400,90.74898901367187,-1.113777819225192,-0.0870103119303938,-0.0627531010329723,-0.1936887055635452,-0.1315626800060272,-0.3439374566078186,-0.1519850436687469,-0.1846446197330951,-0.1211108897164463,-0.0440872684121131,-0.5560463666915894,-0.2900048792362213,-0.5063063945731148,-1.0175568944849074,-0.3377256419450044,-0.0376420505344867,0.1318316310644149,0.1837271451950073
1774469902657431400,90.75901611328123,-1.319346569043398,-0.0079608684771228,-0.0007405892342329,-0.1950020343065261,-0.1660602986812591,-0.3730649054050445,-0.2919394578039646,-0.0924187559783458,0.2331508764877915,-0.0465842336416244,-0.5759813785552979,-0.2808808982372284,-0.5024216620942578,-1.0165553162269294,-0.426994993981719,-0.0906900912523269,0.1521904319524765,0.1870065629482269
1774469902667457400,90.7690419921875,-1.387103761973977,0.0750348831828218,0.1208434709519147,-0.172465294599533,-0.2037924975156784,-0.4022776484489441,-0.3079249624431133,0.0846586433708667,0.528169595606625,-0.0344303622841835,-0.5744644403457642,-0.2817949056625366,-0.3904711071720346,-1.3144435994327068,-0.5559679953753948,-0.1640362739562988,0.1173746883869171,0.1935180872678756
1774469902677483400,90.77906787109374,-1.1424153001666069,0.1102489021034911,0.276466578862071,-0.1362397968769073,-0.208496868610382,-0.4298925697803497,-0.4940606975167989,0.2430851182639598,0.7242327043242752,-0.0016500472556799,-0.5966587066650391,-0.2917228937149048,-0.2113596081793308,-1.6528452409431338,-0.5460200173348188,-0.2067033052444458,0.0156477969139814,0.2131311893463134
1774469902687510400,90.78909497070312,-0.9405699547857046,0.0960643368059303,0.532711038428545,-0.1102081835269928,-0.1784228682518005,-0.4727268517017364,-0.6864741976857185,0.3346013724446297,0.8440559653829782,0.0431395284831523,-0.6264269351959229,-0.3165917694568634,-0.256984427746199,-1.773992078755796,-0.3233551712870597,-0.1681063771247863,-0.0988031774759292,0.2365506291389465
1774469902697536400,90.79912084960938,-0.9530874910533428,-0.0300129522793926,0.9233464327841996,-0.10663603246212,-0.1327161788940429,-0.5254819989204407,-0.7379010180622338,0.4222463381499052,0.8280707530047744,0.0957742109894752,-0.642844021320343,-0.3565343618392944,-0.3378711878955364,-1.3703934501916168,0.0599818827539682,-0.1275940984487533,-0.1518040895462036,0.2645199596881866
1774469902707563400,90.80914794921875,-0.9577245032042264,-0.2091989960793405,1.2386685197412968,-0.119460217654705,-0.1134764328598976,-0.5784242749214172,-0.7493044556081294,0.5442816492348909,0.7891308545619249,0.1491471529006958,-0.6823738217353821,-0.4158293604850769,-0.4830313539803028,-0.9226346312530338,0.1185246726155281,-0.0828734338283538,-0.1783246994018554,0.2599361836910248
1774469902717589400,90.81917407226562,-0.8426081777274608,-0.2818845487901941,1.3030091822266578,-0.1337797790765762,-0.1169574484229087,-0.6195131540298462,-0.8556500301301478,0.6339759486854076,0.7301463853474706,0.1911352574825287,-0.7006499767303467,-0.4732105731964111,-0.5355266438385471,-0.5395831161551177,-0.0302045841276645,-0.057394441217184,-0.2739849090576172,0.2232087701559066
1774469902727616400,90.82920092773438,-0.684336016613245,-0.1964560170253738,1.212902794843912,-0.1670602411031723,-0.1451030671596527,-0.6713880300521851,-1.095379992747307,0.6316583193928003,0.6148232121869921,0.2193357348442077,-0.7246770262718201,-0.5155463218688965,-0.5655547388881444,-0.2254042078837752,-0.2593015090495348,-0.0616740062832832,-0.4554906785488128,0.2038018256425857
1774469902737642400,90.83922705078125,-0.4212473902404308,-0.0109243567835714,0.9651520228564738,-0.2087283432483673,-0.1636358350515365,-0.675843358039856,-1.2175041511595248,0.6650298431187868,0.5371746667739004,0.2199215292930603,-0.7383657097816467,-0.5472729206085205,-0.6466624117791653,-0.0177561675734817,-0.4355868812382221,-0.0749495923519134,-0.64559006690979,0.1955039501190185
1774469902747668400,90.8492529296875,-0.4700491228103637,0.1595099592808634,0.6890250512123107,-0.251337319612503,-0.1908908784389495,-0.6955558061599731,-1.2652321170181036,0.7927373546212911,0.5763675901297479,0.2152271717786789,-0.7160015106201172,-0.5564621686935425,-0.644644569150731,0.1371568923711776,-0.4306564390987157,-0.0612117238342762,-0.7858422994613647,0.1925471723079681
1774469902757695400,90.85928002929688,-0.6785556796461344,0.215185851936601,0.4766448678135871,-0.2784802317619324,-0.2365235835313797,-0.7205742597579956,-1.4402496612280606,1.0204261663109064,0.7005036728862672,0.2253870069980621,-0.7133635878562927,-0.5421388149261475,-0.3794517370402813,0.3296487184733152,-0.2626660170465708,-0.0277749355882406,-0.8121865391731262,0.1682828515768051
1774469902767721600,90.86930615234375,-0.7773872252762317,0.1944558013851754,0.3595493512183427,-0.2900176048278808,-0.2843350172042846,-0.7476735711097717,-1.5990642586559056,1.2439917605906723,0.8061398570299149,0.2424650639295578,-0.7017325162887573,-0.5137801170349121,-0.0455856931328773,0.5324702154099941,-0.116762339118123,0.0094980299472808,-0.7885392308235168,0.1389415562152862
1774469902777748400,90.8793330078125,-0.7232365328937769,0.1440529720278456,0.3873813609957695,-0.2954641282558441,-0.3194923400878906,-0.756632924079895,-1.7863555935055015,1.3679343666017054,0.7414074187479913,0.259812980890274,-0.6554747223854065,-0.4686702489852905,0.1580494582742452,0.7155830955311655,-0.1321276660323143,0.0576146952807903,-0.662618100643158,0.1188410967588424
1774469902787774400,90.88935888671875,-0.6863377118244767,0.0908869159017223,0.45604982355237,-0.3030394911766052,-0.3318928182125091,-0.7723090648651123,-2.007936151447892,1.3491308819323775,0.5352009555481374,0.2791281044483185,-0.5899500250816345,-0.4149361848831177,0.0156938282161951,0.989100176937878,-0.2172539269149303,0.107438288629055,-0.5033888220787048,0.107637345790863
1774469902797801400,90.89938598632811,-0.6406187477007508,0.0324575598193798,0.4514724326342344,-0.30637988448143,-0.3178014159202575,-0.7999984622001648,-2.1435843928217886,1.2660925332397222,0.3523413195356726,0.3011358976364136,-0.497640997171402,-0.3473563194274902,-0.2696591638695448,1.3060875667586922,-0.4515718013554811,0.1374350786209106,-0.334849089384079,0.1046258434653282
1774469902807827400,90.90941186523438,-0.5486658556684851,0.0776474494345486,0.4338111037373542,-0.3114143311977386,-0.2994849979877472,-0.8148173093795776,-2.2591923012077806,1.1406196489214897,0.2169442764438688,0.3192086815834045,-0.405744343996048,-0.2783024311065674,-0.565832532916218,1.6113627453453838,-0.7854074501246213,0.1298269480466842,-0.1991330236196518,0.0893692523241043
1774469902817853400,90.91943798828125,-0.5638619634956121,0.2342852142799645,0.475682744783163,-0.313229501247406,-0.2978062927722931,-0.8086985349655151,-2.2131588643074034,1.0115227288872004,0.138547469946742,0.3352832198143005,-0.3270975947380066,-0.2169003188610077,-0.7524043213196099,1.8439809762611985,-1.0087193619042634,0.0990650430321693,-0.0936675816774368,0.0665579512715339
1774469902827880600,90.92946508789062,-0.8630167595058679,0.4119825356258079,0.5545820939749478,-0.3086731135845184,-0.3235100507736206,-0.8043403029441833,-1.9335364517629143,0.9878519304424525,0.1004934874929487,0.3401490747928619,-0.2793806791305542,-0.1774160265922546,-0.8154168039411306,2.099668386466801,-0.9622095396637916,0.0632528886198997,-0.058721899986267,0.0575509667396545
1774469902837906500,90.9394912109375,-1.2570675152629611,0.5084712079241872,0.6361614760309457,-0.2949866652488708,-0.3791517615318298,-0.8075380325317383,-1.7875047635406254,1.015287049856782,0.2022118406057357,0.3455901443958282,-0.2490846961736679,-0.1410510540008545,-0.8345324232995509,2.2980437176495787,-0.7544307125806808,0.0315239839255809,-0.0864086598157882,0.0596079900860786
1774469902847933400,90.94951782226562,-1.188445229935646,0.5827317548668012,0.719642307794094,-0.2749170958995819,-0.4210635125637054,-0.7872143983840942,-1.9182383448660367,0.9933242243736982,0.3564879178211093,0.3550832569599151,-0.2033438384532928,-0.0833715125918388,-0.823833773022145,2.279074667154997,-0.5063362417221069,0.0221161916851997,-0.1721027195453643,0.0695600062608718
1774469902857959400,90.9595439453125,-0.8429682432115078,0.622680647689104,0.8450964874118566,-0.2643591463565826,-0.4206257164478302,-0.7606569528579712,-2.260426811438798,0.9555851530879736,0.4416368289269506,0.3604308366775512,-0.2155488580465316,-0.0425640940666198,-0.7592622974555939,2.0955939766347407,-0.2443202130168676,0.0577026791870594,-0.2559001445770263,0.0736711248755455
1774469902867986400,90.96957080078126,-0.8082745309710502,0.5975139481307938,1.038850880795717,-0.2713150680065155,-0.4057367742061615,-0.7459182143211365,-2.600838331466913,0.8105471520781516,0.4325703098960221,0.3504234552383423,-0.2220637500286102,-0.0045834220945835,-0.746121733918786,1.9014150742284952,-0.0005026888251304,0.1128501817584037,-0.295845091342926,0.0582681074738502
1774469902878012400,90.97959716796876,-0.9556389291018248,0.5596553055860102,1.2147779410660269,-0.2840138077735901,-0.4026749432086944,-0.7471010088920593,-2.8329788618683813,0.6578109977811575,0.3355607189960777,0.3336574733257293,-0.2773765325546264,0.0091377459466457,-0.7644694376446306,1.7986157940112053,0.1623649833858013,0.1545667350292205,-0.344853401184082,0.0216738786548376
1774469902888038000,90.98962255859377,-1.0534621744722128,0.456954042383097,1.2835434342563152,-0.3042839467525482,-0.4021857380867004,-0.7582241892814636,-3.042013241970539,0.4594160851150751,0.328452640556544,0.3244378864765167,-0.3342334330081939,0.0229686070233583,-0.6887998641543089,1.8050940501146016,0.2294464690119028,0.1456798762083053,-0.4537849426269531,-0.0136740840971469
1774469902898065000,90.99964965820313,-1.0528577788382767,0.3445604564011096,1.222214228546619,-0.3277858197689056,-0.4112896919250488,-0.7611961960792542,-3.136720401147008,0.266977450504899,0.4084818705610931,0.3205676674842834,-0.3790573477745056,0.0260004680603742,-0.6484475416302681,1.7539415166348218,0.2132096199601888,0.1209380477666854,-0.5448279976844788,-0.0236185938119888
1774469902908091000,91.00967553710936,-0.9930848626598716,0.2351248434418812,1.042260981500149,-0.3481563329696655,-0.4038818478584289,-0.7648492455482483,-3.098472795817256,0.1647989325344562,0.6066210549004376,0.3207399845123291,-0.4031720161437988,0.0206389930099248,-0.6279938055358827,1.7475268272869289,0.4082061223596334,0.1227276623249054,-0.5782963633537292,-0.0466461442410945
1774469902918118000,91.01970263671876,-1.0503349823623895,0.1601500838153064,0.8824158719807863,-0.3618428409099579,-0.3926777243614197,-0.762292206287384,-2.937031357017159,0.1837736821174621,0.8762881828807294,0.3125291466712951,-0.4138441085815429,-0.0053904335945844,-0.5736771089367568,1.899484690687805,0.69544193251729,0.1617725491523742,-0.6218475699424744,-0.0393469519913196
1774469902928144000,91.029728515625,-1.123718198481202,0.1639632306289859,0.7845815206944942,-0.3674908578395843,-0.3856589496135711,-0.7455411553382874,-2.77276083227098,0.2813444140315055,1.126905596345663,0.2842024266719818,-0.4008726477622986,-0.0460134930908679,-0.4613064289063215,2.0171578610405323,0.7880214320152997,0.2060243338346481,-0.665702760219574,-0.0259162746369838
1774469902938171000,91.03975561523436,-1.1638368583798409,0.2513273518325761,0.7459095524728298,-0.3724994957447052,-0.4103400111198425,-0.7217401266098022,-2.5406518660515545,0.4326671943992376,1.258350394680351,0.2451908439397812,-0.3887621760368347,-0.1009358614683151,-0.2891543571300804,2.105087050514668,0.6859183173686265,0.2092161327600479,-0.6333131194114685,-0.0075431265868246
1774469902948197000,91.04978149414065,-1.1234133703157303,0.4696015251733362,0.7679255694478749,-0.364635705947876,-0.4447374045848846,-0.7029778957366943,-2.323851528123021,0.6190285549223422,1.3800330929353832,0.210101842880249,-0.3779300451278686,-0.1623613983392715,-0.2050532015115022,2.066284880042076,0.5032616565823554,0.1800400465726852,-0.5335187315940857,0.0258495397865772
1774469902958223000,91.0598076171875,-0.9416372917562724,0.7815218408629298,0.8525117321044207,-0.3598703145980835,-0.4630700945854187,-0.667481005191803,-2.1365753908425567,0.7610457468062639,1.4186960010677576,0.1823307275772094,-0.3446950018405914,-0.220094546675682,-0.2293535300314426,1.9842247287318109,0.3714063777506351,0.1580974608659744,-0.4030344784259796,0.0541032813489437
1774469902968250000,91.06983447265624,-0.7913850632295012,1.05708562566638,0.9755296244859696,-0.3581674993038177,-0.4603800475597381,-0.636756420135498,-1.938472154599428,0.9108879332274198,1.3916397979684174,0.1710732728242874,-0.2985064685344696,-0.2598432898521423,-0.3074766341537236,2.022419873221964,0.5027344178378582,0.1675466001033783,-0.27028688788414,0.0646414160728454
1774469902978275900,91.07986059570312,-0.8637932968363166,1.2224876386605203,1.1141858155041933,-0.3643814027309418,-0.4656662046909332,-0.6230790019035339,-1.7602321412116289,1.1290829403847455,1.320789753589034,0.1672846972942352,-0.2493755370378494,-0.2876520454883575,-0.3186417328990996,2.1792088100411,0.8035814047187566,0.207276701927185,-0.2334154099225998,0.0562700368463993
1774469902988303000,91.08988745117188,-0.7961182292312383,1.2548247047722338,1.272365037637949,-0.3717895150184631,-0.4587166905403137,-0.6093618273735046,-1.6585855381608008,1.363768479093909,1.215482289943099,0.1670447438955307,-0.1677994430065155,-0.2884139716625213,-0.22111045621261,2.4374077646762133,1.0619161145627498,0.2765375673770904,-0.2931636869907379,0.0499050728976726
1774469902998328900,91.09991357421876,-0.6452782639443874,1.1475720984078943,1.390648887234926,-0.37630096077919,-0.4449763596057892,-0.5965172052383423,-1.5143296274393796,1.6326088008612394,1.0579324517540634,0.1624749600887298,-0.1068033352494239,-0.2882847487926483,-0.1224069208763539,2.6312580196499824,1.196860591581464,0.3538347482681274,-0.3728569149971008,0.0489021241664886
1774469903008355900,91.1099404296875,-0.6751736359924078,1.0051569932475686,1.4194173010796307,-0.3856103122234344,-0.431763619184494,-0.5882201194763184,-1.4220903196811676,1.852705257725716,0.8549643859535455,0.1543041169643402,-0.0558874160051345,-0.2795644998550415,-0.0546579112522304,2.8659038108706474,1.2572539777457714,0.4161877930164337,-0.3914741575717926,0.033695962280035
1774469903018381900,91.11996655273435,-0.8683744871467352,0.929112814291194,1.359095226585865,-0.4035580158233642,-0.4286870062351227,-0.5645855665206909,-1.4083604850143194,1.9262293436199425,0.6919722105801105,0.1466531753540039,-0.0082289483398199,-0.238047182559967,0.0055329380773007,3.05157718912959,1.1149965473651886,0.4328349530696869,-0.3287705481052398,-0.0069420114159584
1774469903028407900,91.12999243164064,-1.0552002503111957,0.8828934994298964,1.2306155616670846,-0.4167406857013702,-0.4319981038570404,-0.5196996331214905,-1.329462304866314,1.86804603472054,0.5313065784581005,0.1377180069684982,0.0644950568675994,-0.1740146726369857,0.0539278434120118,3.2020670258045194,0.8419558512985705,0.4133521914482116,-0.238873079419136,-0.0371046140789985
1774469903038435200,91.14001977539064,-1.1421905515000224,0.8369985211521387,1.071705102649331,-0.4287313520908355,-0.4293358922004699,-0.4764935374259949,-1.210038637584448,1.6822124974638222,0.4779837152019143,0.1290508806705474,0.1470638364553451,-0.0977778360247612,0.0033845278717577,3.380373674687743,0.5893956332027912,0.3926738202571869,-0.113397978246212,-0.0581656917929649
1774469903048461200,91.15004565429687,-1.3455939399778842,0.8099000863462686,0.934869697317481,-0.4316480457782745,-0.4324560761451721,-0.4405222237110138,-1.1088906317055225,1.4875520951509476,0.5390906564630568,0.121811605989933,0.2270699888467788,-0.02067213319242,-0.1223772563904523,3.5187697534650564,0.5037696061044931,0.3661293387413025,0.0256031397730112,-0.0645149424672126
1774469903058487900,91.16007250976564,-1.5810332196637986,0.8365767155434936,0.8430506607979535,-0.4222664833068847,-0.4561444222927093,-0.4230641424655914,-0.9814186825245618,1.3728677313506603,0.6173680743642151,0.1121494770050048,0.2945057451725006,0.0507335215806961,-0.1430007960937917,3.513749879476428,0.4830518122464418,0.3025413155555725,0.1125960871577262,-0.0732639580965042
1774469903068513900,91.17009838867187,-1.640953435358405,0.8583863962914794,0.8020856132030486,-0.4050605893135071,-0.4914448857307434,-0.4149425625801086,-0.9211480459570884,1.250370647972822,0.6523134232781828,0.1005852296948432,0.3527509272098541,0.1210004910826683,0.0204858847983181,3.315595789828896,0.4316477882236242,0.2221287488937378,0.1608355790376663,-0.0888383835554122
1774469903078540900,91.18012548828123,-1.6058809529334306,0.8747063935820013,0.8566694363057613,-0.3829349875450134,-0.4994108080863952,-0.4156816601753235,-0.8884691806703805,1.1247668307512997,0.5772825860828161,0.0899820402264595,0.4038793742656708,0.1771152466535568,0.1297568452477455,3.050129328408837,0.4456716374009847,0.1336239129304886,0.1770281344652176,-0.0911476090550422
1774469903088566900,91.1901513671875,-1.7631529970943929,0.9185345024578272,0.9799982943326234,-0.3722274899482727,-0.5191594958305359,-0.4364263415336609,-0.7958405813336372,0.9553910918205976,0.3905719737306237,0.0816117227077484,0.442195326089859,0.2145473212003708,0.0672385758839547,2.7966841441720725,0.4249497518897056,0.0606851726770401,0.1948885172605514,-0.0750604346394538
1774469903098594200,91.2001787109375,-1.860083677539229,0.9419476728796958,1.1919266423106192,-0.3736009299755096,-0.5395957231521606,-0.4510993063449859,-0.7322562901735306,0.7396791336506605,0.1449672738611698,0.0760875567793846,0.4649707078933716,0.2410981953144073,-0.1365162563800811,2.4867718073040246,0.4500000219941139,0.0058978237211704,0.2262736111879348,-0.0671718791127204
1774469903108619900,91.21020458984376,-1.7441431761980055,0.8940431083451956,1.4396090252369642,-0.3857675790786743,-0.5535898208618164,-0.4535499513149261,-0.7287947515428066,0.5104027605086565,-0.1351170571066439,0.0651347786188125,0.4513230621814728,0.2418603897094726,-0.3172225137509405,2.167568787260353,0.4674924240648746,-0.0334721021354198,0.1925885826349258,-0.0793083980679512
1774469903118645900,91.22023046875,-1.686927543286979,0.7974100226074456,1.6961989372402428,-0.3965289890766144,-0.5664976239204407,-0.455902099609375,-0.6262906548798084,0.3230009510219097,-0.2423233401112258,0.0555918589234352,0.4005002379417419,0.2250475883483886,-0.339120457304269,1.901268797625601,0.498437597426772,-0.0486012510955333,0.077948547899723,-0.095189094543457
1774469903128672900,91.23025756835938,-1.6400684692174194,0.7388023508161305,1.871516925701499,-0.4107004404067993,-0.5701290965080261,-0.4552575945854187,-0.3455722637921571,0.2761170347720384,-0.1293487028382718,0.0587644837796688,0.3414406478404999,0.1896810829639434,-0.2810802101373672,1.6987924608647822,0.518731028392911,-0.0419875271618366,-0.065444990992546,-0.113537423312664
1774469903138698900,91.24028344726564,-1.488354643705487,0.7527593453023582,1.9817501553118229,-0.4212585091590881,-0.5632175207138062,-0.4415165781974792,0.0292091433495283,0.4017085770338773,0.1327785311564803,0.0819084644317627,0.2750629484653473,0.1353437602519989,-0.2071161253906786,1.50498546051085,0.3997673798382282,-0.0217949077486991,-0.1702307760715484,-0.1409429460763931
1774469903148726100,91.25031079101562,-1.412941675324738,0.8467148093286901,2.0254262154310942,-0.4372481107711792,-0.5433313846588135,-0.4226177334785461,0.258818109446764,0.6064636723816395,0.4548772726416588,0.1183889806270599,0.1998725831508636,0.0759052038192749,-0.1067974099427461,1.2914303881138562,0.1089344219714403,-0.001945111900568,-0.2032259255647659,-0.1632505655288696
1774469903158752100,91.26033666992188,-1.3855606241852043,0.9517940171767024,2.0014339299470185,-0.4502302706241607,-0.5239872932434082,-0.3959733545780182,0.3356237012296915,0.7801572745114564,0.6764736126750707,0.1471934169530868,0.1160594522953033,0.0220660008490085,-0.0119803606510162,1.1168672366078942,-0.3330500513494014,0.0151736875995993,-0.1578682959079742,-0.1822444945573806
1774469903168778900,91.27036352539062,-1.3198448739543556,0.985227938614413,1.840007688716054,-0.4515972435474396,-0.5005887746810913,-0.3778545558452606,0.2959282351791859,0.8385276304155588,0.6477433388836682,0.1457060277462005,0.0497347563505172,-0.0177863389253616,0.051975686430931,0.9398186249617486,-0.8381015139579773,0.0309162456542253,-0.0392022281885147,-0.1962739825248718
1774469903178804800,91.28038940429688,-1.4096300665587187,0.9439854623176156,1.56205408616662,-0.4395112693309784,-0.470365047454834,-0.3699465095996856,0.1232306583493948,0.7815151188611984,0.4716362458713352,0.1229228377342224,0.0205913707613945,-0.0382116064429283,0.0577307428263127,0.7549906845510006,-1.2463193267554045,0.0471727140247821,0.1318219751119613,-0.2031111121177673
1774469903188830800,91.29041552734375,-1.6627642851501705,0.8819038308054208,1.2861591697126626,-0.4253174364566803,-0.4657159745693207,-0.3849286735057831,0.0094400285184383,0.705975601491332,0.3161126528128981,0.1084504202008247,0.0229717046022415,-0.0442796200513839,0.0274969326041638,0.5581964120145887,-1.5042238284885885,0.0014317764434963,0.3238432109355926,-0.2218049466609954
1774469903198857800,91.3004423828125,-1.6943740599006414,0.798955498483777,1.0562895068526268,-0.4007320702075958,-0.4755187034606933,-0.4051442444324493,0.0154646956354379,0.7147323239207267,0.2603803903274237,0.1130669564008712,0.0431370250880718,-0.045662548393011,-0.0372894278220832,0.4154413343101739,-2.0030717602819204,-0.182772159576416,0.2778179347515106,-0.3160816431045532
1774469903208884100,91.31046875,-1.654981668449938,0.7085420179132371,0.8780290351986885,-0.3669147193431854,-0.4921591877937317,-0.4246404469013214,0.0577449174821376,0.7810825726628303,0.2365571777999401,0.1355237960815429,0.0729830712080001,-0.0484239794313907,0.6068412735223769,0.4177249882679432,-2.959347233721614,-0.1668092906475067,0.3397655487060547,-0.3139689266681671
1774469903218911100,91.32049560546876,-1.5825012463897463,0.665138418059796,0.7143208205103874,-0.3358252942562103,-0.5010856986045837,-0.4473515152931213,0.1093634610384702,0.816223444148898,0.1914702279694378,0.1520413011312484,0.105915866792202,-0.0605390034615993,-0.2146386298500001,0.3166236710749566,0.5063344881564379,0.2631138563156128,0.2355881035327911,-0.1818152964115142
1774469903228937100,91.33052172851562,-1.5816829157441854,0.6674607235275208,0.5934212354570627,-0.3127471506595611,-0.5130512714385986,-0.4647270441055298,0.1489589738458395,0.7904577192515134,0.0671938599593937,0.1474635899066925,0.1299010813236236,-0.0752231404185295,0.0880342572838068,0.0549883853156119,-0.2524111650139093,0.2306669056415558,-0.0272710341960191,-0.1814376413822174
1774469903238963800,91.34054833984376,-1.5074103495702147,0.6912739991828799,0.5376379734367132,-0.2987345159053802,-0.5230348110198975,-0.4608965814113617,0.1756692861169576,0.6890735665291547,-0.0672049658752977,0.1271094381809234,0.1413164585828781,-0.0865909606218338,-0.1112742630958557,0.1149763324841856,-0.7119131748467683,0.2198323756456375,-0.1732002794742584,-0.1342698633670807
1774469903248989800,91.35057446289062,-1.3815879211619495,0.7135565581396222,0.4835182607144117,-0.2836924493312835,-0.5227929949760437,-0.4461253583431244,0.1584884342133998,0.4972568632096052,-0.1462196120098233,0.1011207103729248,0.143187329173088,-0.0944009497761726,-0.1617395449638366,0.6626141602791845,-0.4782078793466091,0.2041432559490203,-0.2732332944869995,-0.0954527854919433
1774469903259015800,91.36060034179688,-1.3354419637978077,0.7682934529121964,0.381986808475852,-0.2610240876674652,-0.5274009108543396,-0.4309107959270477,0.0614151304274797,0.2017640968382358,-0.1131505783617496,0.0751978605985641,0.1403722316026687,-0.1122359707951545,0.180171712102741,0.9896503581665456,-0.1567640946388244,0.1464932709932327,-0.3924108147621155,-0.0736289769411087
1774469903269043000,91.37062768554688,-1.3380685129091143,0.8496120651401579,0.2518979547947645,-0.230515718460083,-0.5262778401374817,-0.4110910296440124,0.0452419942617416,-0.1037812769919633,0.0084219375170767,0.058805838227272,0.1149467751383781,-0.1342390030622482,0.5954739302031695,0.9908446825176476,-0.3175567141413688,0.0795946568250656,-0.4901051521301269,-0.0523018538951873
1774469903279069000,91.38065356445313,-1.2973518871173262,0.977394395444542,0.0860386995524168,-0.1906577795743942,-0.5169921517372131,-0.3825514912605285,0.165683314153552,-0.3522644549071788,0.2265662374004721,0.054727517068386,0.077021487057209,-0.1573241353034973,0.8707131592273711,0.9163505825474858,-0.4416565565407276,0.0231686681509017,-0.48819300532341,-0.0144394244998693
1774469903289096000,91.3906806640625,-1.1527093151658774,1.08215109333992,-0.1356108319729566,-0.1398196220397949,-0.5042800903320312,-0.3385965526103973,0.2623451145291328,-0.5325082093328237,0.444135367744416,0.0495149120688438,0.0356788448989391,-0.1798321008682251,0.9078985421530902,0.8300816544357686,-0.3228238408893346,-0.0117471423000097,-0.379497617483139,0.0514558777213096
1774469903299122000,91.40070654296876,-1.024981053136289,1.1160117157571017,-0.3501648522794246,-0.0851705595850944,-0.4699841141700744,-0.2857508659362793,0.301468918171525,-0.6780477301239967,0.6010944004334509,0.0321282744407653,-0.0102884890511631,-0.2097727507352829,0.8365433247305453,0.6720416215769947,-0.152398885166645,-0.0315991453826427,-0.2433187514543533,0.1170135885477066
1774469903309148800,91.4107333984375,-1.0618474332407115,1.088926871085167,-0.527781765332818,-0.0225910674780607,-0.4588406383991241,-0.2391929477453231,0.2664958044677972,-0.763945559900999,0.6373604765571653,0.0032055478077381,-0.0598629675805568,-0.244863361120224,0.8732998147197067,0.5376246024984866,0.0333218393653631,-0.04354989528656,-0.1406683921813964,0.1736764162778854
1774469903319175000,91.42075952148436,-1.1116083662316203,1.0231555182095615,-0.6464736112087964,0.044315431267023,-0.4545013010501861,-0.1946029812097549,0.1062766009390354,-0.7689245173573493,0.5493865711584687,-0.0284917913377285,-0.1120280399918556,-0.2734509408473968,0.9108056617714464,0.4164849981442093,0.1666506978809833,-0.0647494569420814,-0.0608095042407512,0.2113907784223556
1774469903329201000,91.43078564453126,-1.0392398801133036,0.9659936613123864,-0.7685445781290531,0.1184783428907394,-0.4472953379154205,-0.1457134783267974,-0.1082908633708953,-0.7254413494616746,0.3650751289024949,-0.04752167314291,-0.1507727652788162,-0.2786379754543304,0.8488092243246733,0.3056778411034494,0.2528226684242486,-0.1198088228702545,-0.0285926982760429,0.2208751738071441
1774469903339228000,91.4408125,-0.951460766634345,0.9136877930790184,-0.9057207597225904,0.1984560191631317,-0.4447236955165863,-0.100634291768074,-0.2636509364306926,-0.6048071373462677,0.2234402143344283,-0.0506259836256504,-0.1627600640058517,-0.256393551826477,0.7213508652776479,0.1582235727321356,0.3164905462145805,-0.1842706352472305,-0.0968583077192306,0.2221239358186721
1774469903349254000,91.45083862304688,-0.8590642224878072,0.8790556017674506,-0.9627321022331714,0.2604981064796448,-0.4322036504745483,-0.0556308664381504,-0.4383282889008522,-0.435495695823431,0.1568885978013277,-0.0430080108344554,-0.1588574647903442,-0.2230313271284103,0.6654479224003851,-0.0019533990900963,0.5043740017384291,-0.2142002880573272,-0.2369473278522491,0.2117784917354583
1774469903359281000,91.46086547851564,-0.7095885312914848,0.8571361039694398,-0.9444231230825184,0.3084338009357452,-0.4071663320064544,-0.0088068852201104,-0.6289560746967792,-0.2125841815382242,0.1116034950502216,-0.0434074364602565,-0.1438034325838089,-0.1876491606235504,0.6493214018553495,-0.1605417865466326,0.79466043163836,-0.2044190317392349,-0.4126587212085724,0.1998009234666824
1774469903369307000,91.4708916015625,-0.5653334973528981,0.8580824449088424,-0.8507417998224497,0.3318594694137573,-0.3667795062065124,0.0392794162034988,-0.7995026109725236,0.0374848042637109,0.048205666372925,-0.0596681647002697,-0.1129302084445953,-0.1523811817169189,0.7581541170179843,-0.351151671359688,1.0603238769352434,-0.1670464426279068,-0.5176452398300171,0.1666944473981857
1774469903379334000,91.48091870117187,-0.426813061543554,0.8205971291884779,-0.6611375118553638,0.3303748071193695,-0.340260237455368,0.0926689207553863,-0.8725947351902723,0.2603606627136469,-0.0546791001707315,-0.0853177830576896,-0.0700094923377037,-0.1149036586284637,0.7997492792099714,-0.4957719584140926,1.157218901544809,-0.1266055405139923,-0.55442214012146,0.1235384568572044
1774469903389360000,91.49094458007812,-0.2085666164599359,0.7624382240779698,-0.379746920594573,0.3011146485805511,-0.3255595862865448,0.1581185013055801,-0.9136977299511432,0.4396662595063447,-0.1387523448690772,-0.1078784838318824,-0.0158301498740911,-0.0692027509212493,0.6885965966671704,-0.6123038497772068,0.9869669643014668,-0.0892208889126777,-0.5205299258232117,0.0915469676256179
1774469903399386000,91.50097045898436,-0.0147707220219075,0.6902862302545457,-0.1360749423533677,0.2607935667037964,-0.3173920214176178,0.229893758893013,-0.8640098621964454,0.5612029734194278,-0.1121133442685008,-0.1132001504302024,0.0497864037752151,-0.0173396822065114,0.5279661819890141,-0.5037652952555567,0.7552724241018295,-0.0708237737417221,-0.4652410447597503,0.0797853842377662
1774469903409413000,91.51099755859374,0.1849681525990366,0.5996189941186457,-0.0189081140875816,0.2120422571897506,-0.332991749048233,0.2837540507316589,-0.7646995931386947,0.6754448541492223,-0.0061801499396562,-0.1040362194180488,0.1177433431148529,0.0329408012330532,0.4541498351499438,-0.2253390336930751,0.4833645314574241,-0.0750003308057785,-0.4771417677402496,0.0574268624186515
1774469903419439000,91.5210234375,0.515148201470077,0.5031887374766171,0.0128764327079057,0.1603991240262985,-0.3433512151241302,0.3351390063762665,-0.6274520998746156,0.7351859138846397,0.0863606249831616,-0.0915591418743133,0.182174950838089,0.073421761393547,0.5251362192600966,0.14821889606826,0.1858189242094755,-0.0801492854952812,-0.470123827457428,0.0335715971887111
1774469903429466000,91.53105053710938,0.8655740427732467,0.4405236069880425,-0.0697352150052785,0.1082666739821434,-0.3195417523384094,0.3702538609504699,-0.3957143050551414,0.7905652712792157,0.1805545739404857,-0.0736909285187721,0.2292444556951522,0.0959241390228271,0.4168134994462132,0.4767186637021601,-0.0079103347331285,-0.0836712196469307,-0.3160926699638366,0.0344764478504657
1774469903439491900,91.54107666015624,1.1208452733933925,0.3418449503647163,-0.183270408770442,0.0459934659302234,-0.2877733707427978,0.4031253457069397,-0.146373049005866,0.850075444868207,0.2209646180011331,-0.0576591566205024,0.2508746385574341,0.1087383925914764,0.2040039847195148,0.6682900139585137,-0.1411930160194635,-0.0815260410308837,-0.095218613743782,0.036223217844963
1774469903449519000,91.551103515625,1.339543115506321,0.2258196568168699,-0.3199930013775825,-0.0157276876270771,-0.2659178972244262,0.4223528206348419,0.0579074145674705,0.8467191201776265,0.2012109930001199,-0.0422881916165351,0.2590761184692383,0.1023252308368682,0.1386214119657874,0.6561388998504728,-0.4314046271175146,-0.0725364387035369,0.0836864486336708,0.0216544363647699
1774469903459544900,91.56112963867189,1.6208683864459394,0.0137473155246116,-0.4992255329340696,-0.0864753499627113,-0.2627268433570862,0.4302970468997955,0.1785655920803547,0.7669757213771343,0.0599025339074432,-0.0261369477957487,0.2505996823310852,0.0764779672026634,0.1228584640361368,0.6166365452192724,-0.6653653586834669,-0.0559441447257995,0.2115147113800048,-0.0114997886121273
1774469903469570900,91.57115551757812,1.883351886532456,-0.3286207636650651,-0.7577607337862253,-0.1505906879901886,-0.2522244155406952,0.4329697787761688,0.3703618371337652,0.6601315496832132,-0.0925103797845542,-0.0050945137627422,0.2347757220268249,0.0443373396992683,0.0504518378645181,0.6737168613128364,-0.7044856551945209,-0.0649058073759079,0.2703935801982879,-0.0402957871556282
1774469903479597900,91.5811826171875,2.1060960814267395,-0.8435018386315554,-1.0853045889347792,-0.2014570981264114,-0.2318324446678161,0.4241050779819488,0.6155038879275322,0.5660954216361046,-0.2061917040221393,0.0212880261242389,0.2125404477119445,0.0114172641187906,-0.0807096134841442,0.7266293171372264,-0.7384592364668846,-0.0906849429011344,0.3112025558948517,-0.0634959116578102
1774469903489623900,91.59120849609376,2.143776700523496,-1.5470394723862408,-1.5567992343783377,-0.2232007533311844,-0.1952914744615554,0.3984889090061188,0.7363853528022766,0.5449217007040977,-0.2923476002134382,0.0441150441765785,0.182243525981903,-0.0253708437085151,-0.2541325819790363,0.7997265559215098,-0.6993745957911014,-0.1193669736385345,0.3323410749435425,-0.0888408720493316
1774469903499650900,91.60123559570312,2.048781956577301,-2.2507199486777183,-2.116164470976591,-0.2022629976272583,-0.1426693201065063,0.3492722809314728,0.7074503502190113,0.5748375310182571,-0.2858791348516941,0.0615991503000259,0.1361521929502487,-0.0550261214375495,-0.423014984434843,0.7783750672698021,-0.6084007779240608,-0.1401646584272384,0.3108837008476257,-0.0997182875871658
1774469903509676900,91.61126147460938,1.784108252970129,-2.8582915823012587,-2.638968447896838,-0.1550728380680084,-0.1156888380646705,0.2701974213123321,0.6413116984009742,0.6036182198226452,-0.2204671898730099,0.0718744248151779,0.0803392753005027,-0.065608724951744,-0.5638213392242789,0.627218291118741,-0.4753419685214757,-0.1394213885068893,0.2358080297708511,-0.0890601798892021
1774469903519703900,91.62128857421877,1.5006070992961524,-3.170065913648904,-3.186345725059509,-0.0614917427301406,-0.1050396040081977,0.2019755840301513,0.5738134486675263,0.6367991894125938,-0.0920714038453996,0.0733367055654525,0.0285599436610937,-0.049193762242794,-0.6048962769344449,0.4109066134899854,-0.3244172475606203,-0.1225321665406227,0.1373107433319091,-0.0787124633789062
1774469903529729900,91.631314453125,1.4337901098251342,-3.016024521972239,-3.5441929485350845,0.0431340038776397,-0.1131665110588073,0.1688898056745529,0.4933586867272853,0.6113759943425655,0.0804986010819673,0.0727031379938125,-0.0077408058568835,-0.0165125150233507,-0.667647916662693,0.184210319969058,-0.2584323249995708,-0.1136275082826614,0.0132082048803567,-0.0648267045617103
1774469903539755900,91.64134057617188,1.5667742465563117,-2.426460984856635,-3.265962867131829,0.1139316856861114,-0.1134892031550407,0.1714043915271759,0.3291723331332206,0.5495937841683626,0.2049130623884499,0.0635424703359603,-0.0411341823637485,0.0143851516768336,-0.6071878950029611,-0.0144911744281649,-0.2870072620987892,-0.1169372871518135,-0.1214713156223297,-0.0507521629333496
1774469903549783100,91.65136767578124,1.7542600810647009,-1.6136539250224828,-2.4715800833910704,0.1192106083035469,-0.1126617565751075,0.2000352442264557,0.1108995845645666,0.4461217192560434,0.2155246189042925,0.0526059344410896,-0.0743669643998146,0.0328658930957317,-0.4734468024246394,-0.1719246927611529,-0.318949629804492,-0.1204225793480873,-0.2472698986530304,-0.0463175997138023
1774469903559809100,91.66139379882812,1.7607155408143995,-0.8513745447680353,-1.6599918978273869,0.0904372856020927,-0.133304938673973,0.2537128925323486,-0.1523702435940504,0.289730549582839,0.1727892006359994,0.0385766923427581,-0.0921699255704879,0.0541945993900299,-0.3168935740575194,-0.2813774395182729,-0.4050976349502801,-0.1413598209619522,-0.3196322619915008,-0.0491546653211116
1774469903569835900,91.67142041015624,1.7317483895272014,-0.2218020186733454,-0.9470394430607556,0.0478464178740978,-0.1695630848407745,0.3197014927864074,-0.3809299928992986,0.0972650269657373,0.1466577111661434,0.0265730265527963,-0.1023882031440734,0.0803590938448906,-0.2113525939166545,-0.3833930220119655,-0.5954390050202608,-0.1656501591205597,-0.322186678647995,-0.0470115728676319
1774469903579861900,91.68144653320311,1.6637126719161868,0.2669625817293301,-0.2988964373350143,-0.0150694902986288,-0.2245636582374572,0.3912036716938019,-0.531491141244769,-0.0873550428479909,0.1399922619275748,0.0234246049076318,-0.1115276515483856,0.0966957509517669,-0.128226566940546,-0.4708106087021529,-0.7245552142769098,-0.4083725214004516,-0.2037194073200225,-0.0187245421111583
1774469903589888900,91.69147338867188,1.7720818612203002,0.5838036949472502,0.2198240696638822,-0.0864049270749092,-0.2804900407791137,0.4759894013404846,-0.5560983437567949,-0.2069137346863746,0.169215579932928,0.0263327769935131,-0.1257403939962387,0.0961926728487014,-0.1510601839087903,-0.64650882865265,-2.388081715971232,-0.2010190784931183,-0.2015427500009536,-0.0968118831515312
1774469903599914900,91.70149951171877,2.009380505037308,0.8437689651351422,0.5525578946709633,-0.1433671563863754,-0.2825187444686889,0.5546090006828308,-0.4440186094969511,-0.2317395483851432,0.2061959418058395,0.0454116389155387,-0.1415242999792099,0.0753065943717956,0.8380138356745243,0.0761371910020709,0.0701245065838098,-0.0546133928000927,-0.0524075925350189,-0.07587730884552
1774469903609941100,91.71152563476562,2.0726294267632066,0.9674757896289228,0.710630733820796,-0.1913961917161941,-0.2542959153652191,0.6017698645591736,-0.3943704892307519,-0.1625736577004194,0.2800290936492383,0.0725252851843833,-0.1544297039508819,0.050236128270626,0.1605045963414013,-0.3060543462656438,0.5646288562148809,-0.0501795671880245,0.0076014809310436,-0.0704804584383964
1774469903619968100,91.721552734375,1.9153947920031844,0.8470065588168799,0.7505664383679628,-0.2237223833799362,-0.208058699965477,0.6150444149971008,-0.4530903892248868,-0.115216278719902,0.2791755455598235,0.0886864736676216,-0.1490340083837509,0.0262641515582799,0.2284790852844715,-0.7224217093795537,-0.9750257666170596,-0.0638748705387115,-0.045161597430706,-0.0876424014568328
1774469903629994100,91.73157861328124,1.703154309336096,0.5209196975436061,0.5811649804741144,-0.2163659334182739,-0.1658521145582199,0.5847365856170654,-0.53631987657547,-0.081849431169033,0.229874923557043,0.0867828503251075,-0.1303918808698654,0.0050952159799635,0.4240487113967537,-0.4561687737569213,-1.3021809147089718,-0.0871549770236015,-0.1447199881076812,-0.1055539399385452
1774469903640020800,91.74160546875,1.5760130534142256,-0.2182959833137691,0.2754173620700836,-0.1988028883934021,-0.1247054189443588,0.5365811586380005,-0.546230445215106,-0.0662614014148712,0.1659362660013139,0.0688958317041397,-0.0964938327670097,-0.0139552783221006,0.5529169372417032,0.0865108471088111,-1.100573469737172,-0.0859384462237358,-0.1559468060731887,-0.0841439887881279
1774469903650046800,91.75163134765624,1.1563957485936582,-1.3765690700866282,-0.2542243519157171,-0.1429787725210189,-0.0971813797950744,0.4343298375606537,-0.4420838420420885,-0.0672802230685949,0.1270602996401488,0.0473087839782238,-0.0653745308518409,-0.0271469801664352,0.390579718645662,0.4085457295775413,-0.7297609662264585,-0.0484853573143482,-0.0865796580910682,-0.039493691176176
1774469903660074100,91.76165869140624,0.7054017471261322,-2.031193108394742,-0.7070370932430029,-0.0605298317968845,-0.1333812773227691,0.3509474098682403,-0.2933376341640949,-0.0755751732051372,0.1180113162659108,0.0235112737864255,-0.0415275245904922,-0.0411876663565635,0.3419280620709061,0.5271095651596784,-0.4504267229735851,0.0001085421536117,0.0316122248768806,-0.0062308111228048
1774469903670100100,91.7716845703125,0.8576159233756363,-2.234763377872109,-0.8479320030987262,0.0169859994202852,-0.1736272275447845,0.3038443326950073,-0.114912327337265,-0.115697340235114,0.0768250271357595,0.0040265219286084,-0.0228081680834293,-0.060880146920681,0.4524380627959966,0.5100673910744488,-0.5030044669508934,0.0556745938956737,0.1835466623306274,0.0026767984963953
1774469903680126100,91.78171069335936,1.1944389173924923,-2.0964028087995947,-0.6835229466646909,0.0423525460064411,-0.1486187875270843,0.2570717632770538,-0.0108154085248708,-0.1500181275099515,0.0244299462489783,-0.0205321796238422,-0.0015269797295331,-0.0794614553451538,0.5025719207525253,0.6203900525338948,-0.4931406600624322,0.0463785640895366,0.4890176355838775,0.0855250805616378
1774469903690153100,91.79173754882812,1.1153121891856193,-1.8227163621753453,-0.5031868377804756,0.0419336333870887,-0.1211693212389946,0.1938920021057129,0.0038040684580802,-0.2170095967650413,-0.0633479981862008,-0.0478487573564052,0.0253352615982294,-0.0955229774117469,0.31312516143471,0.6678998455971479,-0.3034557080745697,-0.0054410435259342,0.638499915599823,0.1225236654281616
1774469903700179000,91.801763671875,0.7508147140406072,-1.4399866263777017,-0.3410971642047166,0.0324552990496158,-0.1370925009250641,0.1137753129005432,-0.0284352363675832,-0.2571001996129751,-0.0725800830423831,-0.0716564208269119,0.0507066622376441,-0.1095734760165214,0.6474781120762229,0.0196215230539441,0.1293248835712671,0.1154821813106536,0.2801993191242218,0.0884487852454185
1774469903710205800,91.81179028320312,0.5934611290760338,-0.9874329743780196,-0.128500707706809,0.0011897883377969,-0.1697971820831298,0.0439251288771629,-0.0846872849434614,-0.211122292292118,-0.0765735365927219,-0.0795071572065353,0.0629896894097328,-0.1234653294086456,1.2072431616470216,-0.0622897213049232,0.9534738600224256,0.233587771654129,-0.1816505938768386,0.1082552447915077
1774469903720232000,91.82181665039064,0.637755467224121,-0.5789595063190907,0.1061865845680236,-0.0313669182360172,-0.1883498579263687,0.0065557900816202,-0.1065296989172697,-0.0604115063428878,-0.0928692762248218,-0.069240853190422,0.0564618930220603,-0.1238502264022827,0.9706086808271706,0.4332296505875885,1.3385171334594488,0.2628998756408691,-0.4478239417076111,0.1465925127267837
1774469903730259000,91.83184375,0.7035824227444827,-0.293890811067447,0.296921922391653,-0.0646431148052215,-0.1829135417938232,-0.0050430749543011,-0.0240823018550872,0.1457102011829614,-0.1088600415609776,-0.052255742251873,0.0493653677403926,-0.1003451719880104,0.6328758784890175,0.7177307750843465,1.447589502596855,0.3098600804805755,-0.5089225769042969,0.1591487377882003
1774469903740285000,91.84186962890624,0.7401730546474456,-0.1342419547725468,0.3836924433499574,-0.0922005698084831,-0.1624770909547805,-0.002737823408097,0.0532721559822559,0.3091635643273592,-0.1197737958937883,-0.0360683165490627,0.0535947233438491,-0.0607457756996154,0.4509823110297322,0.8333673250429332,1.222179741755128,0.3557372987270355,-0.5202074646949768,0.1450334638357162
1774469903750311000,91.8518955078125,0.7928508979983627,-0.0228051580587401,0.3960685253202915,-0.1081353276968002,-0.1308429986238479,0.0090852798894047,0.070747022396326,0.3664361881226301,-0.1132470244735479,-0.0286298431456089,0.0755695328116417,-0.0181700848042964,0.4998372350916266,0.6499285739682614,0.6843833628863096,0.3853430449962616,-0.44450643658638,0.1576065868139267
1774469903760338000,91.86192260742187,0.8846534217745066,0.0434731944909319,0.3684592183828353,-0.1181504279375076,-0.1170380041003227,0.0542774833738803,0.0396259079456329,0.3296194923788308,-0.0939668622031807,-0.0334359407424926,0.0962063744664192,0.0195023547857999,0.3642543140389025,0.3861243466719984,0.1993319012552499,0.3745684325695038,-0.3022070825099945,0.1717341244220733
1774469903770364000,91.87194848632812,0.8171222926847637,0.062244566988945,0.3451438092470169,-0.1179943680763244,-0.112158827483654,0.0970965921878814,0.0475251367628574,0.2115823110193014,-0.1119711593188345,-0.0480407141149044,0.1044893413782119,0.0395642109215259,0.2328603691086173,0.3539540884945541,-0.2386725625187158,0.287875235080719,-0.0921432897448539,0.1708794832229614
1774469903780391000,91.8819755859375,0.7961388336278498,-0.032403738139756,0.2884621370822191,-0.098839096724987,-0.1118681505322456,0.1387245208024978,0.0496580571383237,0.0581295328855514,-0.1311411392129957,-0.0566577091813087,0.1080739498138427,0.0426836349070072,0.162000972378999,0.3285683028254658,-0.6701333037376404,0.1800907254219055,0.1999037414789199,0.1600654423236847
1774469903790417000,91.89200170898438,0.6497101089119911,-0.1426846062840893,0.2435767011731862,-0.0734205543994903,-0.1144948229193687,0.1699543446302414,0.0161719671219587,-0.1250070203721523,-0.1060648578844964,-0.0584103316068649,0.0994897782802581,0.0331758856773376,-0.0250561153233051,0.0443225413292646,-0.7959411190986633,0.0443490669131279,0.5469304919242859,0.1539511829614639
1774469903800444000,91.90202856445312,0.5745322644613683,-0.2271205468149855,0.2046370219260454,-0.0452492125332355,-0.1101853623986244,0.1917345821857452,-0.0404834015578031,-0.2779880893409252,-0.0773839761927723,-0.0583609752357006,0.0900439471006393,0.0074882805347442,-0.144073539891839,-0.0169252697072923,-0.6922060193359851,-0.0769986659288406,0.847047746181488,0.1402268558740615
1774469903810470000,91.9120546875,0.6181063255108893,-0.257348329155147,0.1597702907174825,-0.0290614552795887,-0.1014754921197891,0.2167651057243347,-0.0780196437478065,-0.3288362330466509,-0.0267765093751251,-0.0590328909456729,0.0766932591795921,-0.0286116674542427,-0.0515583378016948,0.0432473133131861,-0.2812187418252229,-0.1392814517021179,1.0218883752822876,0.1261728107929229
1774469903820496000,91.92208056640624,0.7510266032256185,-0.2694680982768535,0.0672211863577365,-0.019593084231019,-0.094964787364006,0.2451204061508178,-0.1032739119917154,-0.2265010632097721,0.0438558006003499,-0.0577256269752979,0.0543283075094223,-0.062871016561985,0.050077159333229,0.2005098589934408,0.0598988806456327,-0.189350739121437,1.0604623556137085,0.1112977191805839
1774469903830522700,91.932107421875,0.9081921182721852,-0.2939640954993665,-0.0539402645021677,-0.0179211515933275,-0.0777964517474174,0.2683674097061157,-0.1517664324820041,-0.0444961443305015,0.0468763174653053,-0.0526134259998798,0.0401040986180305,-0.0859907194972038,0.0427775038443505,0.2023642546884715,0.1306008948564529,-0.1718079000711441,0.8651170134544373,0.0108035206794738
1774469903840549000,91.94213354492187,0.861083599486202,-0.3598199848532676,-0.1405249074995517,-0.0177670791745185,-0.0751053988933563,0.2608328461647033,-0.2220323933631181,0.0748708243280649,0.0220953658215701,-0.0488154888153076,0.0524949878454208,-0.0981885269284248,0.1098135428935289,-1.0424862416233869,0.920615546515584,-0.0767223984003067,0.5007872581481934,-0.0693786665797233
1774469903850576000,91.95216064453123,0.7613320164017379,-0.4854125500284135,-0.1761322274535894,-0.0180874578654766,-0.0706059858202934,0.2102120220661163,-0.3079454207092523,0.1946031191676855,-0.019692542463541,-0.0445989072322845,0.084589809179306,-0.1041979491710662,-0.0444487980574369,-1.5154707602985202,1.516947700983286,0.0096538392826914,0.1864606887102127,-0.0091484356671571
1774469903860602000,91.9621865234375,0.483899953508377,-0.6254385680951178,-0.1354237849682569,-0.0221769455820322,-0.0635367184877395,0.1347795724868774,-0.4199333850324153,0.2546089673191309,-0.0754360569953918,-0.0410476885735988,0.1329370886087417,-0.0972339436411857,-0.4930044664621353,-1.3971046392455695,1.4329378769099712,0.1050962060689926,0.0130180660635232,0.0432109087705612
1774469903870629000,91.97221362304688,0.2259568733304738,-0.7228001873031258,-0.1249994215875864,-0.0203433595597744,-0.0641867965459823,0.0504670813679695,-0.484858569407463,0.2755933031588792,-0.1475819864042103,-0.0366798378527164,0.1910195648670196,-0.0807497799396514,-0.5611135415703058,-0.9343430430948734,1.471952374958992,0.2131322920322418,0.0476434044539928,0.1067621409893035
1774469903880655000,91.98223950195312,0.1311076753348112,-0.7686838404692709,-0.1022948378264903,-0.0243590660393238,-0.0427873097360134,-0.0286405086517334,-0.5082236629039049,0.2924959226429462,-0.1853776101827621,-0.0352485477924346,0.2494019269943237,-0.0579947642982006,-0.4340566029310226,0.185398726036027,1.1050947465538978,0.2916960716247558,0.1309020668268203,0.1146187335252761
1774469903890677100,91.99226171875,0.1210094751685857,-0.7048811573181301,-0.070980246630311,-0.0371656753122806,-0.0077001620084047,-0.0815841481089592,-0.486481202173233,0.3170931882828474,-0.1983329533457755,-0.0331252105534076,0.3018222451210022,-0.0325067155063152,0.0268092426009476,0.955892027080059,0.4436632201880216,0.2841347455978393,0.1260834783315658,0.0949118286371231
1774469903900704100,92.00228881835938,0.2433452305048704,-0.5753048562690616,-0.0196259069681167,-0.0481979213654994,0.0256569739431142,-0.0997915118932724,-0.4438222101420164,0.3141279087364673,-0.173439919629693,-0.0337660908699035,0.3385028839111328,-0.0065772710368037,0.3008950638063252,0.9964359997186808,-0.1065361286580562,0.2249699681997299,0.0581885799765586,0.0727956146001815
1774469903910730100,92.01231469726562,0.2383389466501772,-0.3685341833151876,0.0127478378921747,-0.0745871812105178,0.0515170693397522,-0.0926736816763877,-0.37982700009346,0.2607774268209934,-0.1569539181225001,-0.042348925024271,0.3620393574237823,0.0174159463495016,0.2813601961225271,0.7262170100092887,-0.4206429946064949,0.1449278146028518,-0.0655592679977417,0.0858118906617164
1774469903920757100,92.022341796875,0.1167839664280414,-0.0955555926993489,0.0648848523646593,-0.1219036877155304,0.066916711628437,-0.0627588629722595,-0.2107803469866514,0.1989350108921527,-0.1222521687060594,-0.0497658886015415,0.3764730393886566,0.03684963285923,0.2890256161838769,0.3378182886645198,-0.5561725780367851,0.0862967371940612,-0.1692177504301071,0.1254823356866836
1774469903930783100,92.03236767578124,0.0121609779149293,0.0759637341313064,0.1443786603182554,-0.1688938289880752,0.073447048664093,-0.0374354012310504,-0.0645575201064348,0.1393815826833248,-0.0082009882427752,-0.0550432093441486,0.3863309919834137,0.0492612943053245,0.1865304334796965,-0.2523386842995881,-0.5802285764068364,0.095059648156166,-0.1910788267850875,0.1433169245719909
1774469903940810100,92.04239477539062,0.0231055657774209,0.1721653696492314,0.2040665285617112,-0.2042877972126007,0.0895189344882965,-0.0234708897769451,-0.0179179340064525,0.1228220775485038,0.1155681608974933,-0.0531648434698581,0.3888964354991913,0.0507094748318195,0.2514825058616697,-0.7244269847873598,-0.2890080805271863,0.1059032380580902,-0.0763266831636428,0.1399882286787033
1774469903950836100,92.05242065429688,0.0257552035033702,0.190822212389484,0.168020232668519,-0.2044755518436432,0.1054441034793853,-0.0096887666732072,-0.0570785625278949,0.0884188726872205,0.1899398035317659,-0.0436432436108589,0.3781785368919372,0.0424635298550128,0.2306220886625349,-0.6679763448994607,0.125427291610837,0.1320017576217651,0.0953067019581794,0.1391684263944625
1774469903960862100,92.06244677734377,-0.1253542263746261,0.194857678450644,0.1190028115212917,-0.1930647194385528,0.1163065060973167,0.0129170939326286,-0.1121563066273927,0.0730506231635809,0.1680189174942672,-0.0358817316591739,0.3574658036231994,0.0292508043348789,0.1543780762851238,-0.16280330173783,0.4334153824180364,0.2030178904533386,0.2486938536167144,0.1392997205257415
1774469903970889100,92.0724736328125,-0.3176537447750568,0.1820671704605221,0.0931044001549482,-0.1699743270874023,0.0860050618648529,0.0332695059478282,-0.1784112783014774,0.0940758755356073,0.1099815929368138,-0.0213621780276298,0.338186651468277,0.0093388808891177,-0.0516670588731765,0.3356911404427141,0.6570674859374761,0.2618096470832824,0.3234954178333282,0.1449238061904907
1774469903980915000,92.08249975585936,-0.3232487883031368,0.041716450484097,0.0906090762078762,-0.1421664804220199,0.0409502461552619,0.054719042032957,-0.2226280211687087,0.06484627391994,0.0129229021981358,-0.0050756242126226,0.3295967578887939,-0.0052677635103464,-0.3173806269221008,0.5724165874816477,0.5528653531849383,0.3041962683200836,0.3262152969837188,0.1482000350952148
1774469903990942100,92.09252661132813,-0.176046156605333,-0.058483241694048,0.1255541328608989,-0.1164563223719596,-0.0077776126563549,0.0733947232365608,-0.2493085228234529,0.0253460381805896,-0.0765745595060288,0.0089642945677042,0.3270867168903351,-0.0193875785917043,-0.3697165249675512,0.4987112998016178,0.2471136431276798,0.3305905163288116,0.3466035425662994,0.1357254832983017
1774469904000968000,92.102552734375,-0.1144517240881919,-0.047218628096953,0.0829565156280994,-0.1040286496281623,-0.0488282814621925,0.0962285175919532,-0.2341892796248197,0.0397182624042034,-0.0817165985696017,0.0280268136411905,0.317744106054306,-0.0293601844459772,-0.3025508681893348,0.294983209414035,-0.2533615976065397,0.3212670683860779,0.3369285464286804,0.1288425326347351
1774469904010995000,92.11257958984376,-0.1753011834569275,-0.028240371382609,0.0523474423527717,-0.1097725555300712,-0.0836099609732627,0.1107323616743087,-0.1865314563930034,0.1347784728020429,-0.0462251600801944,0.0423000231385231,0.3085732460021972,-0.0341592021286487,-0.0806378634221851,0.1218020868510007,-0.562256281864643,0.2988215982913971,0.2804142534732818,0.1183637529611587
1774469904021021400,92.12260595703124,-0.1871661010347306,-0.0227262841362506,0.0347089098095893,-0.1272894740104675,-0.1080100163817405,0.117398627102375,-0.1520522636860609,0.2761883464425802,-0.0054532969698309,0.0525711551308631,0.2992668151855469,-0.0265432111918926,0.1592189404450356,-0.0754381758872419,-0.5959796877682209,0.2409881204366684,0.2911012470722198,0.1315440088510513
1774469904031047300,92.1326318359375,-0.0887483969025313,-0.0388739205345511,0.0485147323220968,-0.153778076171875,-0.1178013980388641,0.1224383935332298,-0.1231622692883014,0.3799760531753301,-0.0345569341182708,0.0566330067813396,0.2923631072044372,-0.0178687628358602,0.0346472427502274,-0.5033476543653757,-0.5301525861173868,0.1259024292230606,0.4362278580665588,0.159167468547821
1774469904041074000,92.14265869140624,-0.0363384107075631,-0.0921815131563693,0.1190998421549797,-0.1790054440498352,-0.1086576357483863,0.1117069646716117,-0.0764683226525783,0.3889923033237457,-0.1188956978850066,0.0511435195803642,0.3044023215770721,-0.0020533965434879,-0.276898394408077,-1.2547858340665696,-0.6037216801971197,0.0095497146248817,0.523261308670044,0.1775528788566589
1774469904051100000,92.1526845703125,0.0246979495353996,-0.198315783015266,0.2275900274902582,-0.1907151043415069,-0.0958350524306297,0.0950294509530067,-0.0897784706026315,0.2947393176555633,-0.2666803672544658,0.0354234129190444,0.3390982449054718,0.0074221305549144,-0.3673242230035364,-1.8350284389987588,-0.7278256142497063,-0.0527616031467914,0.5446487069129944,0.2071425914764404
1774469904061127000,92.16271166992188,0.1324883160382509,-0.3001674071189016,0.351574134555459,-0.180801048874855,-0.066143974661827,0.0828611031174659,-0.1447311270177364,0.1226747780323028,-0.350530616851896,0.0170083045959472,0.3782099783420563,0.0098548103123903,-0.4101256922453641,-1.4630236569635569,-0.5533335552185773,-0.0597657151520252,0.4790486395359039,0.2205356210470199
1774469904071153000,92.17273754882812,0.2237323291487991,-0.3449569083727896,0.4945429280757903,-0.1544863581657409,-0.0389421805739402,0.074849247932434,-0.1734428422391414,-0.0258270996958017,-0.3613061317577958,-0.0038221422582864,0.4059254825115204,0.0135539397597312,-0.1907243780381977,-0.931347514540702,-0.0931213512897491,-0.0472209602594375,0.4040604531764984,0.2403429597616195
1774469904081180300,92.18276489257812,0.1882785923212766,-0.3055287149563431,0.6449287198543548,-0.1204996705055236,-0.0304793529212474,0.0550303496420383,-0.0591875175058841,-0.0484253004729747,-0.2783452322155237,-0.012942150235176,0.3998240530490875,0.0136919002979993,0.0823905523084104,-0.1920263274822384,0.2123871976613998,0.0427225120365619,0.3412846624851227,0.2205604761838913
1774469904091206200,92.19279077148435,0.1816514292664826,-0.1708188504111021,0.7638397614389657,-0.0902402997016906,-0.0307438038289546,0.0351274833083152,0.1432055248856544,0.0565752891808748,-0.1512782105736434,-0.0111908558756113,0.367585688829422,0.0099632078781723,0.295242444872111,0.5188466175965964,0.382917367324233,0.1896140426397323,0.2675799429416656,0.2136149853467941
1774469904101232200,92.20281689453124,0.2425191549442708,0.0507770512308925,0.7709148143917322,-0.0673310831189155,-0.0285962671041488,0.0240115895867347,0.2952361612617969,0.1177408287614583,-0.0995154362410306,0.0010605251882225,0.3205382525920868,-0.004246131516993,0.1761461098484694,0.4540381914690136,0.4646165763676166,0.3342697322368622,0.1930878758430481,0.2428849935531616
1774469904111259000,92.21284350585935,0.2271107195407152,0.2926519899874925,0.6513017620176077,-0.048963263630867,-0.0159582365304231,0.0181904509663581,0.4031114295691251,0.123767249444127,-0.1535975934319198,0.0190557707101106,0.2843791842460632,-0.0161211658269166,-0.082042469523102,0.4114317333426326,0.4266805212050676,0.4764963090419769,0.127013087272644,0.2782981991767883
1774469904121285000,92.22286962890624,0.1026361986100673,0.5276398726440966,0.4227069413989782,-0.0442864298820495,-0.0073512471280992,0.01548757776618,0.4565934289097785,0.083561495783925,-0.2297866607517004,0.0305905025452375,0.259912371635437,-0.0226677879691123,-0.1560224824912846,0.5729726139292121,0.3150152129650115,0.5060163736343384,0.2326793223619461,0.2955131530761719
1774469904131312200,92.23289672851564,0.0129890993021428,0.6605243483930826,0.145491005474329,-0.0390623733401298,0.0076079946011304,0.0083657521754503,0.400642409107089,-0.0015723638832569,-0.2825141884632408,0.0389363169670105,0.2466705739498138,-0.0150894969701766,-0.0761614486604928,0.6231254688471556,-0.1683481494486332,0.4355260729789734,0.3849251866340637,0.2955779135227203
1774469904141338200,92.2429228515625,-0.0620499211996793,0.6533707503113896,-0.1172147590607404,-0.0355534367263317,0.0357840806245803,0.0018179072067141,0.2619786193042993,-0.0286000715404748,-0.1938270932938903,0.0357151925563812,0.2476340979337692,-0.0012271939776837,0.0039268911201506,0.7427994576282799,-0.5192109208643436,0.3584240972995758,0.3777482211589813,0.2483366131782531
1774469904151364200,92.25294873046874,-0.1318799748815596,0.5330871782645583,-0.3577642213672399,-0.0229593496769666,0.0524330958724021,-0.0096754971891641,0.2086421659141779,0.0133148241251707,-0.0240991068594157,0.0231725051999092,0.2538744211196899,0.0149600319564342,0.1868530164975672,0.9435930289339274,-0.6257406197816133,0.2956746816635132,0.2343035191297531,0.179338663816452
1774469904161391200,92.26297583007812,-0.154943747343868,0.3349989203948527,-0.5024240367144346,-0.0013078997144475,0.0624821260571479,-0.0255736988037824,0.1132628065645694,0.0742939012229442,0.1280281948242336,0.0059851268306374,0.2549256980419159,0.0293692052364349,0.2939338464915752,1.178512157203257,-0.7423316939860581,0.2546961009502411,0.100005105137825,0.1031714454293251
1774469904171417200,92.27300170898438,-0.0813584327816963,0.1400952108453959,-0.4871826284408569,0.0182077456265687,0.0640744343400001,-0.0321599617600441,-0.018676058897376,0.1197018997013568,0.15087430594787,-0.0128024090081453,0.2533672153949737,0.0364260487258434,0.1859574558973312,1.5044357176735996,-0.7300310153394937,0.2508836686611175,-0.0713395923376083,0.0544745661318302
1774469904181443900,92.28302856445312,-0.0057481882631778,0.0220703044455498,-0.3354290554404258,0.0377051308751106,0.0644220635294914,-0.0383598580956459,-0.1063794767916202,0.1468926889657974,0.056035410150513,-0.030357314273715,0.2543576657772064,0.0402121320366859,-6.59048430621e-05,1.5231114843100308,-0.399497330725193,0.2432404309511184,-0.1857769638299942,0.0281204581260681
1774469904191469900,92.29305444335938,0.0705984077058732,-0.0344403220012783,-0.1330582248806953,0.0457723774015903,0.0568088814616203,-0.0459394827485084,-0.2008002202421426,0.1337725106298923,-0.1146740616019815,-0.0352775044739246,0.2643056213855743,0.0516248419880867,-0.2900175498306751,0.593338854403235,-0.3035387101829052,0.253434419631958,-0.1985582262277603,0.0036285154055804
1774469904201497200,92.30308178710938,0.150092800181359,-0.0479238537568599,0.0409971962988376,0.0501727573573589,0.053540252149105,-0.0465776920318603,-0.1925216367185115,0.119030284050107,-0.2865640483759343,-0.0252932291477918,0.2804791331291199,0.0673536658287048,-0.1641298011012375,0.342464507035166,-0.3984983828157186,0.3091045916080475,-0.1799120903015136,-0.0209926757961511
1774469904211523200,92.31310766601564,0.222497088265419,-0.0232259042214602,0.1448112065166235,0.0480968207120895,0.0485454946756362,-0.0443305186927318,-0.1003098014891147,0.1695429121911525,-0.3104702630117535,-6.13760203123e-05,0.2957358360290527,0.0879585444927215,0.0425840270988643,0.3706051443703472,-0.2928045502007007,0.2947362661361694,-0.0574666149914264,-0.0679499208927154
1774469904221549200,92.3231337890625,0.2364921497397124,-0.0048082770645618,0.1918383306294679,0.0497843697667121,0.0405863337218761,-0.048953354358673,0.0488999322474002,0.2879243769437074,-0.2027243932377546,0.0343193337321281,0.311105340719223,0.11054577678442,0.2147789151035249,0.0676886212063953,-0.5202390948683023,0.2506633400917053,0.0632552802562713,-0.1263176202774047
1774469904231576200,92.33316088867188,0.202905083566904,-0.0093568802796304,0.1999918264687061,0.0473952479660511,0.0220451392233371,-0.064338706433773,0.0755763422489166,0.4234709115087985,-0.0542405626229941,0.0516210943460464,0.3246696293354034,0.1314742267131805,0.2493874332785606,-0.1834749183665961,-0.6738648914813995,0.219095841050148,0.0622722096741199,-0.1392290294170379
1774469904241601900,92.3431865234375,0.1886110391460358,-0.0117910486239939,0.1776227582722902,0.042280089110136,-0.0001356224529445,-0.0910543203353881,0.0295458279579877,0.4355950645446777,0.0143394909977912,0.0467769913375377,0.3410696685314178,0.1416571736335754,0.1813292115747928,-0.4793561360662803,-0.5854711532354354,0.1974818855524063,0.0243551917374134,-0.0851697921752929
1774469904251629200,92.3532138671875,0.2077649446882307,0.0071807052843272,0.1078939730077981,0.0297190193086862,-0.0131060164421796,-0.1150251626968383,-0.0835772778749465,0.3257365134656429,-0.0125620329964905,0.0266837067902088,0.3573439717292785,0.1482351720333099,0.0327975232303142,-0.9506975271768868,-0.5065823254376649,0.1419423669576645,-0.0212144404649734,0.0673997327685356
1774469904261655100,92.36323974609375,0.194645935396105,0.0388577000521123,0.042369069173932,0.0154005233198404,-0.0184792336076498,-0.1369592547416687,-0.2014022777885198,0.1443015034288167,-0.097831209481135,0.0013728383928537,0.3640271425247192,0.1543332040309906,-0.2475923665553331,-1.597735640400648,-0.450335537558794,0.0707155913114547,-0.0193044207990169,0.1947739422321319
1774469904271682200,92.37326684570311,0.1468188930772244,0.0538993479698896,-0.0341430926203727,-0.0017358526820316,-0.0218515954911708,-0.148387148976326,-0.2933651066929101,-0.0792073922276496,-0.1735936488866805,-0.0228241104632616,0.3654743134975433,0.1548309475183487,-0.148642747503519,-1.7044396729715168,-0.4201227701246738,0.0210568588227033,0.0333148315548896,0.1921261698007583
1774469904281708100,92.38329272460938,0.0841204448409378,0.0510597406297922,-0.0528080456018447,-0.0100897243246436,-0.0277416538447141,-0.1504998505115509,-0.2675859377920627,-0.2579670455753803,-0.1931253747653216,-0.0480471774935722,0.3627808094024658,0.1432089060544967,0.4372847711972892,-1.2914791956916452,-0.2769166607171296,-0.0264749731868505,0.091416485607624,0.1457671970129013
1774469904291734100,92.39331860351562,0.0213946702063083,0.0117505704831331,-0.0201087220489978,-0.0203724540770053,-0.0401913970708847,-0.1539920568466186,-0.1114496196627616,-0.3322200302660465,-0.1888485742289573,-0.0667625442147255,0.3311224579811096,0.1162891462445259,0.7460819864302873,-0.9573069353792816,-0.2842611782610416,-0.027169594541192,0.069411888718605,0.0862522944808006
1774469904301760900,92.40334545898438,-0.0031688392944633,-0.0357589303191751,0.0438502476423978,-0.0266245435923337,-0.0541824549436569,-0.156841829419136,0.0213642750680446,-0.3050041065603494,-0.1475826439913362,-0.0670070797204971,0.2761725485324859,0.0861795097589492,0.8922405159026384,-0.7562487217880784,-0.0719236649602651,0.046501699835062,-0.0166841223835945,0.0595280081033706
1774469904311787100,92.41337182617188,-0.0364338339060544,-0.0608023322913795,0.1275935297340154,-0.0253049470484256,-0.0636097863316536,-0.1638147830963134,0.1277320614218711,-0.2591787594527006,-0.0588950373653322,-0.0539330877363681,0.2062278091907501,0.0617910809814929,0.7463233939707279,-0.370075494473055,0.2867722842991352,0.0538464449346065,-0.0349662788212299,0.0617300383746624
1774469904321814100,92.42339868164062,-0.0430118971221148,-0.0477884638741612,0.2218102750450372,-0.0206107683479785,-0.0685850977897644,-0.1709533035755157,0.332528657823801,-0.23698621686697,0.014104440132901,-0.0387716703116893,0.132128819823265,0.0361463949084281,0.5004964296527207,-0.2391615333457477,0.0925660554945468,-0.0045438921079039,-0.0943363904953002,0.0740990936756134
1774469904331840100,92.4334248046875,-0.0220078336685895,-0.0232779266696423,0.298037190157175,-0.0171736925840377,-0.0764390379190445,-0.1716963350772857,0.5271674328267574,-0.2129699659854173,0.0586446428008377,-0.0264665372669696,0.0652208849787712,0.0154264690354466,0.4839211424268781,-0.3808586446961388,-0.1618529422104358,-0.0909299924969673,-0.1833140403032302,0.1044799834489822
1774469904341867100,92.44345166015626,0.0156552497714757,0.0080339611127972,0.3416518754780292,-0.0083195213228464,-0.0852089375257492,-0.1736309975385666,0.5819242744088172,-0.1863976008802652,0.1209756459642201,-0.0227921046316623,0.023852951824665,0.005726377479732,0.4476017286807298,-0.1095824375513941,-0.17616846781075,-0.134331002831459,-0.1934841126203537,0.0684242472052574
1774469904351893100,92.45347778320313,0.0140067519120872,0.0438254785273224,0.3705290103942155,-0.0050638071261346,-0.0980035662651062,-0.1755000054836273,0.455412110170722,-0.1564806015223264,0.2138406113401055,-0.0341741889715194,0.0034608598798513,0.019232066348195,0.5235344831518829,0.0269760140025988,-0.1347808108896017,-0.1515398472547531,-0.2289236634969711,0.0467667654156684
1774469904361919100,92.46350366210936,0.0192108964264392,0.0923594270065426,0.3569417990684509,-1.3528624549e-06,-0.1033808812499046,-0.1694283485412597,0.2182113737702369,-0.1320657067120075,0.2901373768180608,-0.0590409785509109,0.0064139026217162,0.0508784614503383,0.3533528346657753,-0.0423141241163015,-0.1155249062776565,-0.1649384796619415,-0.2449686676263809,0.0389551818370819
1774469904371946100,92.47353076171876,0.0521111493788659,0.1688049533054232,0.2949287027478218,0.0032796615269035,-0.101165659725666,-0.1612567007541656,-0.0281371302038431,-0.0751572400540113,0.2502481417611241,-0.0872004404664039,0.0288931112736463,0.0770887583494186,0.1209657821573317,0.2325212002821266,-0.0778898798882961,-0.1617827117443084,-0.2022429853677749,0.0273006055504083
1774469904381972100,92.483556640625,0.0494784627877175,0.2351427809573709,0.222840202614665,0.0011899868259206,-0.0964454114437103,-0.1371527910232544,-0.1685901415109634,0.0494628268271684,0.1255075172401964,-0.1084236428141594,0.0691770166158676,0.1012430265545845,-0.0672860682874918,0.5955382641436532,-0.2108048969060182,-0.1366451382637024,-0.1123482510447502,0.0148031897842884
1774469904391999100,92.49358374023436,0.028104543108493,0.289121989230439,0.1398819334208965,0.0001726592890918,-0.0924408137798309,-0.1125369220972061,-0.1274023910760879,0.1514040289103984,-0.0982083722304552,-0.1189820170402526,0.1183871775865554,0.1144536435604095,-0.1933271078824996,0.5934966387808323,-0.4176555032283067,-0.1022988632321357,-0.0354258008301258,0.0283838454633951
1774469904402025100,92.50360961914062,-0.023166940575838,0.340053061979264,0.0665741206258535,-0.0031593805178999,-0.0909666940569877,-0.093905285000801,0.0215431387662887,0.1141068561732769,-0.4184085866179317,-0.1128203719854354,0.159363105893135,0.1264044195413589,-0.0799549957245588,0.4684836635919288,-0.472836707702279,-0.0680364966392517,-0.0209059827029705,0.1164644360542297
1774469904412052100,92.51363671875,-0.0776630853950977,0.3579891161642968,0.0023848493099212,-0.0088747907429933,-0.096602477133274,-0.0755702182650566,0.1842395460635423,-0.0191167884021997,-0.6883901873748749,-0.0882993191480636,0.1849084049463272,0.1396203637123108,0.0040695875264704,-0.0554021537482738,-0.3046697600394487,-0.0373102501034736,0.0620987452566623,0.1723150461912155
1774469904422078400,92.52366284179688,-0.0549251838862895,0.3412956093862652,-0.0551782818645238,-0.011436297558248,-0.1010480597615242,-0.0546825639903545,0.2419920623302459,-0.1328933897078037,-0.7855673899266868,-0.0477968789637088,0.1929949671030044,0.1707793325185775,0.1473199744671583,-0.5192554906584322,-0.0711865828573703,-0.0198502987623214,0.1517093181610107,0.1140333637595176
1774469904432104400,92.53368896484376,-0.0233906663291156,0.3099029114525765,-0.1103799446046352,-0.0095896618440747,-0.0991401746869087,-0.032252088189125,0.1765671117395162,-0.1098123738497495,-0.5506516226582229,-0.0086606610566377,0.2067688405513763,0.2276335656642913,0.5928719310112297,-0.8430411623172461,0.1478828690469265,-0.0275744032114744,0.1893649846315384,0.026636105030775
1774469904442131000,92.54371557617188,-0.0493948761574924,0.2709376593727618,-0.1479267081886529,-0.0098799867555499,-0.0978531837463378,-0.0186741203069686,0.0115168347924947,0.0583610035538673,-0.1913297965854406,0.0010464855004101,0.2255795449018478,0.2955242693424225,0.9305168358702212,-0.8690481486245989,0.007297755792737,-0.040611907839775,0.2212819010019302,-0.0089852716773748
1774469904452157000,92.55374169921876,-0.0825010269455611,0.2367164600148797,-0.1291588793545961,-0.0037461933679878,-0.1030767112970352,-0.0045790746808052,-0.0772597652912139,0.2340852347284555,0.0330240254625678,-0.014580144546926,0.2498726397752761,0.3566483557224273,0.6710175392262637,-0.8949130961127578,-0.1933329531013965,-0.0494777336716651,0.2339457422494888,-0.0400894880294799
1774469904462184000,92.5637685546875,-0.0856206202708184,0.2153882061082869,-0.0876864667594432,0.004629929549992,-0.1069357693195343,0.006287220865488,-0.039551089143753,0.3488701362937688,0.0025352175660431,-0.0486801415681839,0.2882677018642425,0.3963468372821808,0.4470686447173356,-0.4882288495581597,-0.2610901460319757,-0.0452678054571151,0.2464184015989303,-0.0591374784708023
1774469904472210000,92.57379467773436,-0.0627167145453393,0.1802053221113979,-0.0544727639436721,0.0125720091164112,-0.1069815754890441,0.0153946997597813,0.1814683277845382,0.2726636794477701,-0.2497057054474949,-0.0843672975897789,0.317074567079544,0.4247510731220245,0.1301678372014313,0.033677740130946,-0.1049526588588952,0.029644425958395,0.2079087495803833,-0.0108948945999145
1774469904482237400,92.58382177734374,-0.0422866515874862,0.1503534969441592,-0.0249842191308736,0.0195731855928897,-0.1031152382493019,0.0251213274896144,0.586443797659874,0.0069008654296398,-0.6030909810781478,-0.1151066944003105,0.3190787136554718,0.449341207742691,-0.0468977986447513,0.3171202954854816,0.0557996286332607,0.1482640206813812,0.2691039144992828,-0.0031919684261083
1774469904492263400,92.59384790039064,-0.0043609716884791,0.1407812203481793,-0.0157195471793413,0.0289837326854467,-0.0934660732746124,0.0322151891887187,1.1035866800785064,-0.2394242576688527,-0.8245288426142185,-0.1130427494645118,0.2656658291816711,0.4896851778030395,-0.0671352616399526,-0.0293318198811262,-0.0374362889468669,0.2881509065628052,0.3603346347808838,0.0268764980137348
1774469904502289300,92.60387377929688,-0.0081264617018401,0.148641359264031,0.0281318695068359,0.0323814004659652,-0.0857215598225593,0.0398837961256504,1.5809247908532618,-0.276153275129199,-0.6970769133079796,-0.0623088888823986,0.1607969552278518,0.5277144908905029,0.143672557875514,-1.3564688236050306,-0.0723299076735973,0.3948099613189697,0.5022706985473633,0.1028575524687767
1774469904512316000,92.61390063476564,-0.051349078965187,0.1405460964180529,0.0866103619605302,0.0329643636941909,-0.0839609429240226,0.0397825948894023,2.006720345917344,-0.0924783772110938,-0.3531343330768868,0.0229346379637718,0.0301590505987405,0.5573578476905823,0.2431726504169404,-1.9538507793866096,0.1158750348895788,0.4117948114871979,0.6360542178153992,0.0963551700115203
1774469904522342000,92.62392651367188,-0.0465578991658985,0.1070952238455414,0.1221253274559974,0.0278996285051107,-0.079506903886795,0.0360597409307956,2.2738480185478926,0.2132557971894741,0.0527062657278031,0.1054471507668495,-0.1048196852207183,0.5753051042556763,0.5548556502193213,-1.915677262206376,-0.0650315673589706,0.308924913406372,0.6461662650108337,-0.0024177455343306
1774469904532369000,92.63395361328124,-0.0610709931649267,0.0760647833529859,0.136669401115179,0.0188542027026414,-0.0707166120409965,0.0346748940646648,2.2480291021585463,0.3931353944778442,0.2871442959493026,0.1365398317575454,-0.202482059597969,0.5911807417869568,0.8126654594063758,-1.0839638418503106,-0.6276204421788454,0.0814681425690651,0.5353138446807861,-0.1605821698904037
