time,seconds_elapsed,imu1_accel_x,imu1_accel_y,imu1_accel_z,imu1_gyro_x,imu1_gyro_y,imu1_gyro_z,imu2_accel_x,imu2_accel_y,imu2_accel_z,imu2_gyro_x,imu2_gyro_y,imu2_gyro_z,imu3_accel_x,imu3_accel_y,imu3_accel_z,imu3_gyro_x,imu3_gyro_y,imu3_gyro_z
1773258087964010500,153.34101049804687,0.0148012632906436,0.1076900753329973,0.0145657009690999,0.0031481361947953,0.0114664686843752,0.0072818230837583,-0.0754921710968017,0.0593155277997255,-0.003875380128622,-0.0329394042491912,0.0156958997249603,0.0055019282735884,-0.0405494525313377,-0.0505289947539567,0.0004342997640371,0.0167660564184188,-0.0567669160664081,0.0100432261824607
1773258087974037500,153.35103759765624,0.0219394446074962,0.1225994112411513,0.0184662155389785,0.0034080604091286,0.0188420936465263,0.0145370718091726,-0.0743874247252941,0.0529886628657579,-0.0424099857062101,-0.0302338972687721,0.0219213049858808,0.0112061537802219,-0.0596427139274775,-0.0303425312936305,0.0205564658164978,0.0199176408350467,-0.0525468699634075,0.0114717464894056
1773258087984063500,153.3610634765625,0.0274187528014183,0.1232146661958191,0.0251455471724271,0.0054468628950417,0.0167023688554763,0.0201889313757419,-0.0837526709744706,0.0162263276576995,-0.0645616117596626,-0.0297388769686222,0.025002310052514,0.0134515296667814,-0.0458564728982746,-0.0369669178694486,0.0530079520881175,0.0199313499033451,-0.0516199097037315,0.0131929162889719
1773258087994089700,153.37108984375,0.0136728437826037,0.1149009200272616,0.043012627774477,0.0068641970865428,0.0177399367094039,0.0230265296995639,-0.0802034175276756,-0.0079307929992675,-0.0674164166688919,-0.0275319144129753,0.0284665506333112,0.0154196051880717,-0.0535521419674158,-0.0675736530572175,0.0644216187670826,0.0195217579603195,-0.0467585697770118,0.0135668236762285
1773258088004116500,153.38111645507811,-0.0034510172367095,0.1116005633076187,0.0542541527569293,0.0104544050991535,0.0122346505522727,0.026108605787158,-0.0720224491596221,-0.012269698986411,-0.0363379723161459,-0.0261021833866834,0.0319304428994655,0.0152189163491129,-0.0386285674713552,-0.0445487513005733,0.0546244473740458,0.0184307862073183,-0.0371491014957428,0.0099833998829126
1773258088014142500,153.391142578125,-0.0238750888451933,0.1077566103637218,0.0592032995969057,0.0144235808402299,0.0118452962487936,0.0288330186158418,-0.0441910239040851,-0.0242886380821466,-0.0355383463710546,-0.0240635331720113,0.0321986228227615,0.0186786279082298,-0.0466243885308504,-0.0301683437705039,0.0396235698580741,0.022217534482479,-0.034159168601036,0.008735442534089
1773258088024168400,153.40116845703125,-0.0432341615706682,0.1110087988263927,0.070864511296153,0.0151402372866868,0.0054291165433824,0.0274233631789684,-0.0439326652288436,-0.0461596936285495,-0.0300964475780725,-0.0213915333151817,0.0357833206653595,0.017975240945816,-0.0211420106194913,-0.0142681793272495,0.0178773097351193,0.0226762872189283,-0.0366486646234989,0.0138813629746437
1773258088034195500,153.41119555664062,-0.0543576131314039,0.1027473125680349,0.0825911894470453,0.0164595674723386,0.006434460170567,0.0310519225895404,-0.0252771376628428,-0.0494090508133173,0.0112222357600927,-0.0202935114502906,0.0371844097971916,0.0198908522725105,-0.0281406373351812,-0.0485486345916986,-0.0080441902458667,0.0216666832566261,-0.0439515858888626,0.0156659465283155
1773258088044221400,153.42122143554687,-0.0564136688783764,0.083806346523622,0.0977852514475584,0.0159937795251607,0.002115529961884,0.0286666173487901,0.0034428339302539,-0.0368850848048925,0.0290478153079748,-0.0160638969391584,0.0349035002291202,0.017931854352355,-0.0210018714964389,-0.0813239459902048,-0.0208139477089047,0.0200546570122241,-0.0471029207110405,0.0172254759818315
1773258088054247400,153.43124731445312,-0.0487900421321392,0.0655915941282175,0.1209171207100152,0.0141055984422564,0.0028471003752201,0.026108918711543,0.0127168216994032,-0.025386370190978,0.0536164393752813,-0.0153997037559747,0.0299510825425386,0.0126524046063423,-0.0303220730274915,-0.0808662653505802,-0.0277162744432687,0.01919711753726,-0.0467133000493049,0.0174385290592908
1773258088064274400,153.4412744140625,-0.0519996518284082,0.0586767367058433,0.1298620591878891,0.0140643958002328,-0.0005620419979095,0.0226107276976108,0.03191021900177,-0.0326531463235616,0.0501426257848739,-0.0138759724795818,0.0230612140148878,0.0046145841479301,-0.0632813626907765,-0.0856131676167249,-0.0202919696614146,0.0229163784533739,-0.0451139695942401,0.0150907356292009
1773258088074300400,153.45130053710938,-0.0462339279085397,0.060971103853872,0.1491881064265966,0.0159736163914203,-0.0053980760276317,0.0202184114605188,0.0235398655414581,-0.0312222367376089,0.0272135856181383,-0.0140490783378481,0.0148751903325319,-0.0058630900457501,-0.0729822341024875,-0.0565863950967788,0.0031660628154873,0.0279361717402935,-0.0475547574460506,0.0135077526792883
1773258088084326400,153.46132641601562,-0.0425958636671304,0.0470798909131204,0.1584217987179756,0.0150129776448011,-0.0064052776433527,0.0190657190978527,0.0100653938751667,-0.044168812072277,0.0299082315295934,-0.0120431501418352,0.0097886500880122,-0.0141639411449432,-0.0413917485743761,-0.0289636441558599,-0.0034106852263212,0.0209726467728614,-0.0526454895734787,0.0140967927873134
1773258088094353400,153.471353515625,-0.041449616241455,0.0396578100543934,0.1539320860832929,0.0125940283760428,-0.0068950322456657,0.0175905935466289,-0.0087140523314476,-0.0218511818021535,0.0154740479856729,-0.0106993187218904,0.0063073667697608,-0.0214458219707012,-0.0299571852378547,-0.0414426019787788,-0.0092757778674364,0.0117325438186526,-0.0530676022171974,0.0117489509284496
1773258088104379400,153.48137939453125,-0.0427910939782857,0.0471853971142088,0.1228483810335397,0.0123221529647707,-0.0088234199211001,0.015512203797698,-0.0168541041672229,-0.0144511346787214,0.003287935629487,-0.0067029194906353,0.0029283524490892,-0.0269511733204126,0.0033493104279041,-0.0585731849998235,-0.0040580432191491,0.006936848629266,-0.0433476790785789,0.0127446753904223
1773258088114406700,153.49140673828126,-0.0451467171937227,0.0664109659533947,0.0971352631062269,0.0066781160421669,-0.0084764100611209,0.0147915538400411,-0.0148106156408786,-0.0157896898061037,-0.0162567227959632,-0.0031539911869913,-0.0003438734565861,-0.0301413740962743,-0.0022175299189984,-0.0648918666273355,0.0111254973873496,0.0036062994040548,-0.031178368255496,0.0130629232153296
1773258088124432600,153.5014326171875,-0.0508878911942243,0.0861837523126043,0.0833662654727697,0.0045808777213096,-0.0067726145498454,0.0158567763864994,-0.0129529320102185,-0.0290729497492313,-0.0273743291378021,0.0033040202688425,0.0004431788693182,-0.0330643057823181,-0.0214173204295337,-0.0853442875474691,0.0243324772238731,0.0053442772477865,-0.0272216331213712,0.0101514449343085
1773258088134458600,153.5114587402344,-0.0515016391783952,0.0901049260780215,0.0535638324052095,0.001932630315423,-0.009632583707571,0.018830195069313,-0.024787162188813,-0.0152490070581436,-0.0258715233594179,0.0058196419849991,-5.27017982676e-05,-0.0335588529706001,-0.0104892453104257,-0.0998112043172121,0.0511930116206407,0.011462889611721,-0.0320773757994174,0.0114529319107532
1773258088144485400,153.5214853515625,-0.0624991262719035,0.0882808159234002,0.0458534041583538,0.0024172510020434,-0.0102099394425749,0.0168365444988012,-0.0206617162892594,-0.0153933839648962,-0.045556467038393,0.0058976369909942,0.0003072606632485,-0.0333183296024799,-0.0164314948409795,-0.1071229886353015,0.0412660763680934,0.0140319168567657,-0.0366454869508743,0.0131473764777183
1773258088154511400,153.53151147460937,-0.0393295553475618,0.0843767576895654,0.0395347225308418,0.0035248596686869,-0.013776178471744,0.0183010175824165,-0.0204827795257791,-0.0229471603453159,-0.0422568409711122,0.0068276128731667,-0.0024419203400611,-0.0342024974524974,-0.034882074419409,-0.1114449434876442,0.0048187984585762,0.0161374136805534,-0.0404908210039138,0.0161575470119714
1773258088164537300,153.54153735351562,-0.0264180513262748,0.0779060273054987,0.0421498734652996,0.0069400602951645,-0.0139321414753794,0.0186341516673564,-0.0167898432919755,-0.0362748439520597,-0.0270581027954816,0.0059383157640695,-0.0034296850208193,-0.0358868800103664,-0.0329417540065944,-0.0959013373970985,-0.0103083357855677,0.0125391529873013,-0.0508481599390506,0.0197900924831628
1773258088174564600,153.55156469726563,-0.0267518133252859,0.0740729793481063,0.0500385808885097,0.0055480259470641,-0.0141635714098811,0.0183872766792774,-0.031537330568768,-0.0518535213559865,-0.0148491940855979,0.0062469756230711,-0.0086468178778886,-0.0385524369776248,-0.0182850137531757,-0.0803600693941116,-0.0137596452832221,0.0073654297739267,-0.0554442405700683,0.0218780115246772
1773258088184590600,153.56159057617188,-0.0194534730106592,0.076061002227012,0.0526893876582384,0.0065395585261285,-0.0164578072726726,0.0189276151359081,-0.0507856363961473,-0.0682265640079975,-0.0157511113613843,0.0068738842383027,-0.0129014840349555,-0.0435759574174881,-0.0006650397799909,-0.081957567718625,0.0037646132305264,0.0047096922062337,-0.0536676831543445,0.0224593430757522
1773258088194616600,153.57161645507813,-0.0154658646792173,0.0809151551267597,0.0564636454999446,0.0057408763095736,-0.0181888621300458,0.0210395008325576,-0.0581903231620788,-0.0286345583319664,-0.012325813087821,0.0075117107480764,-0.0171375069767236,-0.0412297137081623,0.0102813016481697,-0.0518874236255884,0.0220949274301528,0.0031725156586617,-0.0402149930596351,0.0194004345685243
1773258088204643600,153.5816435546875,-0.0074266428694128,0.0965747248803265,0.0632224721103906,0.0040154913440346,-0.0158959068357944,0.0262703523039817,-0.0847732096612453,-0.0024146599262952,-0.0173959559589624,0.0066188392229378,-0.0203128810971975,-0.0372321307659149,0.0447223543018102,-0.0337391879945993,0.060866264373064,0.0037965404335409,-0.0248936209827661,0.0172590874135494
1773258088214669600,153.5916696777344,0.0219172327756881,0.1069370924080722,0.0657645578086376,0.0042860684916377,-0.0151480920612812,0.0282504111528396,-0.1062543525746092,0.0248661457091569,-0.0493026678293943,0.006215636152774,-0.0192742478102445,-0.0327694714069366,0.0476252361364662,-0.0391004227668046,0.0857645587861537,0.0049824463203549,-0.0172958895564079,0.0136712761595845
1773258088224695600,153.60169555664064,0.0333323607593774,0.1200076685817446,0.0639519554287195,0.0018386228475719,-0.0113878827542066,0.0320910066366195,-0.1092248928179964,0.0313373875498771,-0.0547597641915082,0.0033401446416974,-0.0172246731817722,-0.0261256154626607,0.0578653289914131,-0.053491936212778,0.0823190945073962,0.0065437033772468,-0.0144454166293144,0.008472048677504
1773258088234722300,153.61172241210937,0.047962359136343,0.1242369767145719,0.0629337182968854,0.0008497911039739,-0.012918135151267,0.0363970696926116,-0.1289057448437437,0.0301736044675111,-0.0595300473332405,0.0004727193154394,-0.0120525462552905,-0.0180783402174711,0.0510768378950655,-0.0767296039372682,0.0865180075019598,0.0123153068125247,-0.0129668293520808,0.0080970749258995
1773258088244748500,153.62174853515626,0.0410951037153601,0.1140144286494702,0.0522305379748344,-0.000295634381473,-0.0141045749187469,0.0399316176772117,-0.137094969583489,0.0317325243473052,-0.0800841750621795,-0.0001740080770105,-0.0101617909967899,-0.0098860803991556,0.0392506448924541,-0.0879062469899654,0.072002283154428,0.0154178403317928,-0.0123469773679971,0.0038600424304604
1773258088254775600,153.63177563476563,0.0399251831531524,0.0950544199778698,0.0380652345001697,0.0037911762483417,-0.0198810342699289,0.0452652126550674,-0.1570902213206514,0.0480903694301843,-0.0753618227154016,0.0001210703048855,-0.0066251130774617,-0.0016537168994545,0.0269401755042374,-0.0769838709592819,0.0600198766767978,0.0209271218627691,-0.0154109448194503,0.0023694711271673
1773258088264801500,153.64180151367188,0.0370931745976209,0.0863271063060499,0.0139490303754806,-0.0003170544514432,-0.0159083809703588,0.0422279387712478,-0.1537702100524678,0.0363350497066974,-0.0790390499234199,0.0008958606049418,-0.0010199650423601,0.0104934237897396,0.0529835482992231,-0.0762725078195333,0.0429430696696042,0.0199379790574312,-0.0131176356226205,0.0017826776020228
1773258088274827500,153.65182763671876,0.0306231018006801,0.0925295685422141,-0.006857610809803,0.0007135889027267,-0.0205057971179485,0.043354719877243,-0.1495674246003851,-0.0005710778862237,-0.0991968718111515,0.0007475223392248,0.0043705394491553,0.0193180739879608,0.0379483301222324,-0.0751648388385772,0.0270905437603592,0.016532327979803,-0.0103564690798521,0.0003735991194844
1773258088284854500,153.6618544921875,0.0218219557076692,0.1030220835219603,-0.0327899244457483,0.0048855836503207,-0.0216517206281423,0.0386380515992641,-0.153154050915502,-0.0142138187915086,-0.0893482624918222,0.0016750411596149,0.0066105183213949,0.0259568691253662,0.0344955593198537,-0.0754144296854734,0.0226233352184295,0.0187271013855934,-0.0068762926384806,0.0019359267316758
1773258088294880500,153.6718806152344,0.0212561385184526,0.0874523200768511,-0.0323182152807712,0.0073982761241495,-0.0257242266088724,0.0375940948724746,-0.1300596275866031,-0.023038345760107,-0.0804535928964614,3.21371480822e-05,0.0071338294073939,0.0279577020555734,0.0550227990418672,-0.0629769729167222,0.0202121824234724,0.0172077678143978,-0.0070864162407815,0.0046446276828646
1773258088304906500,153.68190649414063,0.0224491476953029,0.0627311083968728,-0.0049064767420291,0.0109074087813496,-0.0254979077726602,0.0306109003722667,-0.1020131713408976,-0.0310024565070867,-0.0546136337190866,0.0004081069491803,0.0048850583843886,0.0306020211428403,0.0227390705525875,-0.0603992313832044,0.0374321972936391,0.0205108392983675,-0.0052921841852366,0.0062293764203786
1773258088314933500,153.69193359375,0.0217827927410602,0.0614897391668055,0.0352554377764463,0.011368135921657,-0.0293168816715478,0.03085857629776,-0.0862778055379167,-0.0532435144096612,-0.0715443102538585,-0.001523217651993,0.0031809017527848,0.0280011780560016,0.0014051906228065,-0.0676619158625602,0.0600762830391526,0.0226221941411495,-0.0017981167184188,0.0084587084129452
1773258088324959500,153.70195947265626,0.0058227148041129,0.0630359000297263,0.0484954430997371,0.0075794081203639,-0.0285454094409942,0.0257403943687677,-0.0999707787930965,-0.0525941105902195,-0.0675654697507619,-0.006622233428061,-0.0030328622087836,0.0278633404523134,0.0016974515676498,-0.0658843847960233,0.0624362901687622,0.0211966000497341,0.0076753543689846,0.0059994338080286
1773258088334985500,153.7119853515625,-0.0015612579673528,0.0483149902326054,0.0641886867940425,0.003846988081932,-0.0248944833874702,0.0247837845236063,-0.0972117989411577,-0.0642266807168722,-0.062725628504157,-0.0063604451715946,-0.0095693245530128,0.0260848812758922,0.0047790509700775,-0.0650309828370809,0.0597132949456572,0.0201089661568403,0.0185716766864061,0.0044281687587499
1773258088345012500,153.72201245117188,-0.0248027250841259,0.0459850403145421,0.0715799660891294,9.57734882831e-05,-0.0220980234444141,0.0182530805468559,-0.1075122436812147,-0.0536199465066194,-0.0723679015964269,-0.006809240207076,-0.0125856315717101,0.0237035453319549,0.0234925192683935,-0.046145665103197,0.053548050314188,0.0187169499695301,0.0260975249111652,1.34650617837e-05
1773258088355038500,153.73203857421876,-0.0217781165659427,0.0491239411284681,0.076634911391139,-0.0055269584991037,-0.0144158685579895,0.013767784461379,-0.1111176477620378,-0.0389022698462009,-0.0698065266758203,-0.0051876408979296,-0.0152005888521671,0.0232694502919912,0.0349601080916821,-0.0322884046643972,0.0490916554272174,0.0172852352261543,0.0327301248908042,-0.000913580879569
1773258088365064400,153.742064453125,-0.0268655028328299,0.0637295905154664,0.0500111083596944,-0.0089664310216903,-0.010022185742855,0.0089693013578653,-0.1288146324941888,-0.0541390019446611,-0.0940010567337274,-0.0059351306408643,-0.0184096936136484,0.0242464989423751,0.0209017721228301,-0.0258855518847703,0.0339551688328385,0.0163461249321699,0.0313806533813476,0.0002936054952442
1773258088375091200,153.75209130859375,-0.0183206695884466,0.0856922333354596,0.0291617970764636,-0.0127060413360595,-0.0040865326300263,0.0052858823910355,-0.1629109268307685,-0.0235579857200384,-0.0862386060386896,-0.0062688244506716,-0.0172227229923009,0.0282210018485784,0.0157288995295763,-0.0306575885921716,0.0299006327450275,0.0197437852621078,0.0314088836312294,-0.0033495989628136
1773258088385117200,153.7621171875,0.0159720606356859,0.0957846613480243,0.0116951139688491,-0.0155832441523671,0.0021486971527338,0.0043099736794829,-0.1923404349327087,-0.0038987610042095,-0.0884118584245443,-0.0098583614453673,-0.0157774277031421,0.0342238992452621,0.0309383052296936,-0.0498410124897956,0.0279746331185102,0.020834881812334,0.0302043315023183,-0.0055451090447604
1773258088395144400,153.77214453125,0.0384258845061063,0.1015318632305134,-0.0030412673920392,-0.018796881660819,0.00881805177778,-0.0009505683556199,-0.2217570835530757,-0.0045183542072772,-0.0914963804364204,-0.0159442164003849,-0.0142602249979972,0.040832795202732,0.0253757026664912,-0.0741881027609109,0.0153580203905701,0.0179514773190021,0.0287049729377031,-0.0074529969133436
1773258088405170400,153.78217041015623,0.0162099610447883,0.1261473129810765,-0.0194411980509758,-0.0243225209414958,0.0109409838914871,-0.0008751000277698,-0.2357131281912326,0.0064922846287488,-0.1094996546387672,-0.0231224838644266,-0.0104900728911161,0.0480781719088554,0.0208453657604753,-0.0817845492392778,0.0018389058649539,0.0196547117084264,0.0263286437839269,-0.0104712825268507
1773258088415196400,153.79219653320314,0.0646326311692595,0.1600437738966196,-0.0033685996502637,-0.0287108793854713,0.0107897156849503,0.0129317920655012,-0.2724163536231965,0.0017635025411844,-0.0937888752877712,-0.0300613492727279,-0.0018350656609982,0.0597468130290508,0.0086339728325605,-0.0856394711017608,-0.0232455587700009,0.0171702485531568,0.0203485153615474,-0.0064267399720847
1773258088425223400,153.80222338867188,0.1811038783863186,0.1124167476618662,-0.0001204115092754,-0.0244897287338972,-0.0059956694021821,0.0130241382867097,-0.3160170104186982,-0.0105734164625406,-0.041673488125205,-0.0324027501046657,0.0024953177198767,0.0710944980382919,-0.0016319851160049,-0.0647656098991632,-0.021147125186026,0.0123015008866786,0.0079062394797801,-0.0063103730790317
1773258088435249400,153.81224951171876,0.0812923818081617,0.0434324880212079,-0.0005178863942623,-0.0132796848192811,-0.0248846728354692,0.0034814998507499,-0.3368003437936306,-0.0176993228197097,-0.0060807812184095,-0.0369234681129455,0.0020684129558503,0.0798011720180511,-0.0120429044932127,-0.0662520490646362,-0.0471568879723548,0.0090963868424296,-0.0048580253496766,-0.0033039296977221
1773258088445275400,153.822275390625,0.0142006670489907,0.0197524376909248,-0.0703390261173248,-0.003326236270368,-0.0219245254993438,-0.00341616012156,-0.3759562961399555,-0.0246796832263469,-0.0224345346480608,-0.0436551570892334,0.0010730075882747,0.0859320536255836,-0.0005564648389816,-0.0573567949473857,-0.0651078474655747,0.0023021628148853,-0.013095867820084,-0.0007263305597007
1773258088455302400,153.83230249023438,0.0836854144245386,0.071567864659382,-0.089078213378787,-0.000716870999895,-0.0138618052005767,0.0005692606791853,-0.3976035163352265,-0.0205418527692556,-0.0240033913999795,-0.0503293052315712,0.0021041836589574,0.0913790166378021,0.008873626807332,-0.0526309354692697,-0.061701838414371,-0.0029333455022424,-0.0124918632209301,-0.0024573854170739
1773258088465328400,153.84232836914063,0.120035369439423,0.1267495531905442,-0.0033136545926332,-0.0020031011663377,-0.0121163995936512,0.0014959117397665,-0.3898853797059506,-0.0263642753124237,-0.0511509260445833,-0.0535758174955844,0.0109745599329471,0.096099317073822,0.0140758716255426,-0.0512584780722856,-0.0376902637079358,-0.0097258016467094,-0.0110502541065216,-0.0041616605594754
1773258088475354400,153.85235424804688,0.1040273607075214,0.1377938020352274,0.0638747985392809,-0.0001753736287355,-0.015947088599205,2.69124284386e-05,-0.3880734349131584,-0.015458850416541,-0.0891115311264991,-0.0587625913321971,0.0124270478263497,0.0979699194431305,0.0094885438352823,-0.0333253464967012,-0.0038911622196435,-0.0129311829805374,-0.0117405457422137,-0.0039257043972611
1773258088485381400,153.86238134765625,0.0682598817557096,0.1220884751774836,0.0820697959214449,-0.0016159906517714,-0.0090691745281219,-0.0002239048480987,-0.3813760561663657,0.0002601122409105,-0.1027677160352468,-0.0624501034617424,0.0159441158175468,0.1003921627998352,-0.0031019115380942,-0.02607259888947,0.0256420985177159,-0.0141579415649175,-0.0157475061714649,-0.0037881224416196
1773258088495407400,153.87240747070314,0.07875906393826,0.1029686911005992,0.0622737930834293,-0.0034932529088109,-0.0049591176211833,-0.0025600297376513,-0.416480029708147,0.0005249006569385,-0.0878477948009967,-0.0627555698156356,0.0160077642649412,0.1035123169422149,-0.0125185591809451,-0.0278846167474985,0.0295572261348366,-0.0158823374658823,-0.0143187213689088,-0.0029774564318358
1773258088505433300,153.8824333496094,0.0515358337089419,0.0781966716819908,0.0338210210591554,-0.0017061991384252,-0.0014240462332963,-0.0041274204850196,-0.4340215316176414,0.010067220506072,-0.0809065973609685,-0.0637590140104293,0.0113455392420291,0.1074849292635917,-0.0093995503775775,-0.029220833787322,0.0115919458553194,-0.0190613232553005,-0.0151401935145258,-0.0043019209988415
1773258088515460400,153.89246044921876,0.0261219909891486,0.0483640170061029,0.0075391633331775,-0.0057568671181797,0.0017142228316515,-0.0039846748113632,-0.4835702831625938,0.0304150120079517,-0.0992477252155542,-0.0694347470998764,0.0046841744333505,0.1083773598074913,-0.023846885664016,-0.0241436766535043,0.033946693265438,-0.0208008997142314,-0.0154014499858021,-0.0050406814552843
1773258088525486600,153.90248657226562,0.017575696440041,0.0343444147455971,-0.0172141696512699,-0.0071045756340026,0.0023224342148751,-0.0067975698038935,-0.524910082354024,0.0691214670211076,-0.1176683480471372,-0.0713114440441131,0.0026046067941933,0.1106122434139251,-0.0241160579942166,-0.0302285495251417,0.0403854941412806,-0.0235996451228857,-0.0171107780188322,-0.0030158055014908
1773258088535513300,153.91251342773438,0.005246083959937,0.0285200468405149,-0.0404535909414291,-0.0088204499334096,0.0045997030101716,-0.0035024406388401,-0.5801134255945682,0.0855728356063365,-0.1709364123761654,-0.0756539925932884,0.0032919687218964,0.1143670305609703,-0.0228887081563472,-0.0336480025798082,0.0471650712788105,-0.0267384462058544,-0.0214677099138498,0.0005829236470162
1773258088545539300,153.92253930664063,0.0108899350658059,0.0436746353471651,-0.0428898781776428,-0.0124689824879169,0.0062269028276205,0.0001267902553081,-0.6498621576685458,0.1584796663850546,-0.1921633248001337,-0.0820393338799476,0.0108903171494603,0.1234008967876434,-0.0232552033811807,-0.0576402880638837,0.0569482141464948,-0.0308259781450033,-0.0257363878190517,0.0032615808304399
1773258088555565300,153.9325654296875,0.0098263974875211,0.0841673070568125,-0.0193704709023237,-0.0165510773658752,0.0059094540774822,-0.0025369036011397,-0.7125018614549189,0.2485188337504863,-0.2389484568506479,-0.094909593462944,0.0239302180707454,0.1397726833820343,-0.0239409936882555,-0.051464814299345,0.0569607813671231,-0.0337972678244113,-0.023379223421216,0.0051407073624432
1773258088565592300,153.94259228515625,0.0039320787519216,0.1122162931863218,0.0122609311580657,-0.0153900133445858,0.0114375809207558,-0.0033051436766982,-0.7629694083452224,0.3343926981300115,-0.2408697803020477,-0.1108626276254654,0.0396752655506134,0.1642997562885284,-0.0414415790654718,-0.0627215368509292,0.0736439128816127,-0.0363729484379291,-0.0178222823888063,0.0065682851709425
1773258088575618300,153.95261840820314,0.0068894672527909,0.1171481326984707,0.0530085366100072,-0.0185764860361814,0.0106657966971397,-0.0026832958683371,-0.8089268573999404,0.436474769988656,-0.2123071181625127,-0.1226447224617004,0.062500424683094,0.1901140511035919,-0.0635861908562481,-0.0847837310552597,0.0928825740978121,-0.0371817536652088,-0.0118485456332564,0.0046276394277811
1773258088585644500,153.96264453125,0.0052726797059178,0.1136139854892622,0.0833200882434845,-0.0160056985914707,0.0086153224110603,-0.0032953997142612,-0.8519256027795374,0.5274754758626222,-0.199971368202567,-0.133224606513977,0.0923547223210334,0.2221685796976089,-0.0681260262429714,-0.0969505541890859,0.1103290912002325,-0.0393257513642311,-0.0100052086636424,0.0036877603270113
1773258088595671300,153.97267138671876,0.0062333414316177,0.1142987802824936,0.0997685342192649,-0.0120756709948182,0.0067511098459362,-0.000264988746494,-0.8622855956871062,0.5951917522609234,-0.1723603076994419,-0.1457843333482742,0.1295425742864608,0.254525750875473,-0.0778232443928718,-0.1145779808163642,0.1062254552736878,-0.0407990142703056,-0.0167824216187,0.0030374163761734
1773258088605697300,153.982697265625,0.023732173243165,0.1066980777541175,0.0989116251289844,-0.0075450642034411,0.0123713482171297,-0.0015909490175545,-0.8460241967160255,0.6552209812879563,-0.183546303102374,-0.1651378870010376,0.1714019775390625,0.2814903259277344,-0.0731131670057773,-0.1311573596954345,0.1228948505237698,-0.0454823710024356,-0.0267830714583396,-0.0001764618791639
1773258088615723300,153.99272314453123,0.0216746561914682,0.1058396890928037,0.1009609588742256,-0.0061652804724872,0.013444336131215,-0.0005688276141881,-0.7977743258751928,0.6728536686122417,-0.2365361350119113,-0.1808566600084304,0.2155068516731262,0.3107794821262359,-0.0698756463892757,-0.1498527078151702,0.1400540751174092,-0.0458152666687965,-0.039138276129961,-1.13458372652e-05
1773258088625750300,154.00275024414063,0.0222305365085601,0.1118734802311751,0.0835281780362129,-0.0074734259396791,0.0152300782501697,-0.0033864076249301,-0.7730934005398303,0.6517611962229013,-0.3007973025202751,-0.1937363445758819,0.259145587682724,0.3319003582000732,-0.0605868629097938,-0.1618354065537452,0.1641974595099687,-0.0511977486312389,-0.0496778897941112,-0.0016383449546992
1773258088635776300,154.0127763671875,0.0298924494385719,0.1027096291724592,0.0636000732511282,-0.0056587485596537,0.0149163585156202,-0.0009906277991831,-0.7173615764457733,0.5583206959813833,-0.364662748709321,-0.203179121017456,0.2923456132411957,0.3486463129520416,-0.0113337333105504,-0.1731833145201206,0.1943430069267749,-0.053560771048069,-0.0551647990942001,-0.0065438877791166
1773258088645802200,154.02280224609376,0.023014088101685,0.1011622627331409,0.0451139839679002,-0.0057651977986097,0.0197630152106285,-0.0003971355035901,-0.6376387089766562,0.4170288957625627,-0.366003641924262,-0.2087484449148178,0.3041806817054748,0.3593169152736664,-0.0098193832248449,-0.2024012256979942,0.2277232984811067,-0.0519635789096355,-0.0610883980989456,-0.0085097905248403
1773258088655829500,154.03282958984374,0.0243628723621368,0.1131081822584383,0.036664135530591,-0.0097926957532763,0.0209033787250518,0.006773691624403,-0.5580021315515041,0.2371294247299432,-0.3687701840281486,-0.2031547278165817,0.2956665456295013,0.3640253841876983,0.0022900106333196,-0.2067716958671808,0.2871861257970333,-0.0525614619255065,-0.0687766745686531,-0.0118547212332487
1773258088665855500,154.04285546875,0.0329103359550237,0.124365434532985,0.024243045374751,-0.0127493366599082,0.0259080752730369,0.0042670303955674,-0.52671501288414,0.0342296018600463,-0.4830903906911611,-0.1994222700595855,0.2769358456134796,0.3514544367790222,0.0194616563171148,-0.1822697072952985,0.3435343282237649,-0.0466614924371242,-0.0768482610583305,-0.011319313198328
1773258088675882200,154.05288232421876,0.027773557588458,0.1320170635310001,0.0075263038516044,-0.0148463100194931,0.0264385752379894,0.0044830124825239,-0.507968299903348,-0.1837771892488002,-0.6985282080948353,-0.2090083211660385,0.267459511756897,0.3281214237213135,0.0332948052279651,-0.1854161886274814,0.3946861310511827,-0.0437091141939163,-0.086527518928051,-0.0127206686884164
1773258088685908200,154.062908203125,0.0089437694340944,0.1408123278724961,-0.0001478840380907,-0.0140052456408739,0.0316510833799839,0.0044691935181617,-0.5302268934626132,-0.2711117738306522,-0.8087520853549242,-0.2169755548238754,0.2588214874267578,0.3025112450122833,0.0526410184718668,-0.1796691694080829,0.4550397697269916,-0.0346466265618801,-0.0911151766777038,-0.0109677137807011
1773258088695934200,154.07293432617186,0.006016483810544,0.121944463596912,0.0035492169141769,-0.0089377826079726,0.0361281260848045,0.0040529416874051,-0.6214929722744971,-0.2490408117979765,-0.7468781052440404,-0.2229575514793396,0.246444970369339,0.2875498533248901,0.0570167493380606,-0.1947439889430999,0.4962435945138335,-0.0317285992205143,-0.1017217487096786,-0.0102459974586963
1773258088705961500,154.08296142578126,-0.0013470306947827,0.1009937012332025,0.0099321959495544,-0.0068258568644523,0.0397770814597606,0.0005813995376229,-0.7465467543978244,-0.1546393575698137,-0.6664519848763942,-0.2387508600950241,0.2405418902635574,0.2787278294563293,0.0788702692277729,-0.2069318548649549,0.5033268307730555,-0.0354166850447654,-0.1151124760508537,-0.0083288196474313
1773258088715987500,154.09298754882812,0.000930558848381,0.0817402077740523,0.0238549228399991,-0.0022894283756613,0.0450389534235,0.0038016941398382,-0.815896623347327,-0.0797317083626985,-0.6123743577301501,-0.2625339329242706,0.2312937974929809,0.2798660397529602,0.1013568263240158,-0.2572568514794111,0.4633431954309344,-0.0395025052130222,-0.1241616308689117,-0.0101397689431905
1773258088726013400,154.10301342773437,0.0296504573762416,0.0545671916283201,0.0318283859372139,0.0010424143401905,0.0445304811000824,0.0059245163574814,-0.8071278451539575,0.0114314945966005,-0.5626601864904165,-0.2742067575454712,0.2257773280143737,0.2838327884674072,0.1069967319071292,-0.3184071934908628,0.4245940703198314,-0.0442222878336906,-0.1321494281291961,-0.0074321012943983
1773258088736040400,154.11304052734374,0.0428852020025253,0.0347993645720183,0.0361783978402614,0.006505090277642,0.0458165220916271,0.0061841746792197,-0.8206933561045676,0.1447527543276548,-0.5533668729662895,-0.2805283069610595,0.2248121947050094,0.2902997434139251,0.1197819792002439,-0.385108739888668,0.3702396720588207,-0.0489051900804042,-0.1524925231933593,-0.0067367497831583
1773258088746066400,154.12306640625,0.0689852734208106,0.0400685736792162,0.0451718516349792,0.011309964582324,0.0436579473316669,0.005129924044013,-0.8424094402849673,0.2139782662451267,-0.6310702903717756,-0.2896406650543213,0.237842246890068,0.3008030354976654,0.1212296937905251,-0.4277396748691797,0.3676508246093988,-0.0552076995372772,-0.1840015351772308,-0.004509047139436
1773258088756092400,154.13309252929687,0.064310851868987,0.0598014938189182,0.0655862786322832,0.0134048070758581,0.0464412160217762,0.0049011586233973,-0.9260277077574284,0.2984212210386991,-0.7304682377129793,-0.2919695973396301,0.2643942534923553,0.3107347786426544,0.1085131278194487,-0.49978433586061,0.3421007882893085,-0.0573595352470874,-0.2161605358123779,-0.0035622934810817
1773258088766119400,154.1431193847656,0.0801455498605966,0.082964854198182,0.0892278509825468,0.0199037566781044,0.045108113437891,-0.0021019089035689,-1.038655650484562,0.459617745167017,-0.8257979127019643,-0.2812752723693847,0.2954802513122558,0.3190388977527618,0.1219938100308179,-0.586896802124381,0.2893801287099719,-0.0618954002857208,-0.2493779510259628,-0.0014199656434357
1773258088776145400,154.1531455078125,0.100210432767868,0.1157778307259548,0.107371994960308,0.0213956590741872,0.0371673665940761,-0.0023863343521952,-1.1492343325316905,0.5981108545780182,-0.9602402854174374,-0.27295583486557,0.335109680891037,0.3351976275444031,0.163127346060425,-0.6945066974937916,0.2324626019626855,-0.065372958779335,-0.2868275940418243,-0.0011379369534552
1773258088786171400,154.16317138671874,0.1065697386667132,0.1387677068349905,0.1254606093585491,0.0271527674049139,0.0336085371673107,-0.0018476964905858,-1.275040978848934,0.6016057109564542,-1.0657195984989405,-0.2756034135818481,0.3905368149280548,0.3606786429882049,0.2139071007050573,-0.7834574851006268,0.2155208195120096,-0.0714880973100662,-0.3322226703166961,-0.0008046021685004
1773258088796198400,154.17319848632812,0.1144984858393669,0.1532562326483428,0.1118640456825494,0.0313150212168693,0.0340309143066406,-0.0012253155000507,-1.393082836383581,0.5139420405507087,-1.1123059931069612,-0.2811183035373688,0.4478160738945007,0.3847056627273559,0.2405436170876026,-0.8120283305466175,0.2248904131427407,-0.0732558965682983,-0.3863415718078613,0.0037366198375821
1773258088806224400,154.18322436523437,0.1295902565091848,0.1598929307164624,0.0720920072644949,0.0382102504372596,0.031773779541254,0.0045232744887471,-1.437009656393528,0.492428712400794,-1.0717793369293211,-0.2826921045780182,0.5003714561462402,0.3892039060592651,0.2736339857846498,-0.7130559151411056,0.3041708706066012,-0.0740902945399284,-0.4303840398788452,0.0132219213992357
1773258088816251400,154.19325146484374,0.1256008946120738,0.165320106864348,0.0375941098570823,0.0417344123125076,0.0309921409934759,0.0067246435210108,-1.4979180063426494,0.5223462962806225,-0.9710328975886106,-0.2790691554546356,0.5351885557174683,0.3750366866588592,0.3174890557326376,-0.5466776044607162,0.3941135918602347,-0.077175036072731,-0.4447574019432068,0.017954358831048
1773258088826277400,154.20327734375,0.0986374843627214,0.1502769337097648,-0.0090589202463626,0.0442045666277408,0.0363888330757617,0.0184067822992801,-1.5376280854403972,0.5790834980249404,-0.8711082960247993,-0.2870959639549255,0.562222957611084,0.3550483882427215,0.3782300862908363,-0.3473082938045263,0.5472442984327673,-0.0739585012197494,-0.4173386693000793,0.0181475114077329
1773258088836303400,154.21330346679687,0.0927004955291748,0.1658673654835671,-0.0408580800890922,0.0431313142180442,0.0364564768970012,0.0322525575757026,-1.5696797587394713,0.723103846424818,-0.7988841868132353,-0.2951099574565887,0.5781170129776001,0.3326080441474914,0.4386252260208129,-0.1689864473521709,0.7382704358965158,-0.0706018507480621,-0.3637374937534332,0.0208740551024675
1773258088846330400,154.22333032226564,0.0803267516463994,0.2108869856989011,-0.0499105705946683,0.0437834076583385,0.0399447195231914,0.0526068843901157,-1.5968986050546168,0.9792536134451628,-0.7149421672791242,-0.296375423669815,0.583625853061676,0.3067002296447754,0.4612902084238827,-0.051651276782155,0.9178428669318556,-0.0588500276207923,-0.3109782636165619,0.0168914962559938
1773258088856356400,154.2333564453125,0.0760644180268049,0.2426593123336322,-0.0673538728266954,0.0490466132760047,0.0464548170566558,0.0776768177747726,-1.665202325952053,1.2408230674266814,-0.8171738767415284,-0.2948872447013855,0.5959791541099548,0.2810068726539612,0.6261503696262836,0.1010012908846139,1.1167995051339268,-0.0483478531241416,-0.2693008482456207,0.0039562564343214
1773258088866382300,154.24338232421874,0.0769809483498334,0.2532044342834502,-0.0760854608148336,0.0588384121656417,0.046374075114727,0.0955936461687088,-1.7202748093545437,1.390378838121891,-0.9969628731369972,-0.3124607503414154,0.6320413947105408,0.2709740102291107,0.7193452245436608,0.2582756731331348,1.30513099668622,-0.0313675552606582,-0.2476425319910049,-0.009341612458229
1773258088876409300,154.25340942382812,0.0624783757448196,0.2720481596316211,-0.0777735600322484,0.0800435617566108,0.0463138855993747,0.1144962310791015,-1.761863541805744,1.357080964154005,-1.1311620847463608,-0.3651250302791595,0.6919971704483032,0.2760380208492279,0.8177303415805101,0.343819282644987,1.4631141117259858,-0.0126793542876839,-0.2507275342941284,-0.0416039451956748
1773258088886435300,154.26343530273436,0.0492038836300373,0.2927687117023393,-0.053577860930562,0.1070586740970611,0.0470099486410617,0.1300253421068191,-1.7504864077448845,1.2819967893362043,-1.1619634657233953,-0.4265985786914825,0.7570146322250366,0.2819793820381164,1.0432837486766278,0.3777478557318449,1.6098077709883452,0.0184052195399999,-0.2572513818740845,-0.0907623842358589
1773258088896461600,154.2734616699219,0.0595654109075665,0.2968551590320654,-0.0085562314212322,0.1331970542669296,0.0535954125225544,0.1543914079666137,-1.6953098794460295,1.2351578812718391,-1.1728063467770815,-0.4786732494831085,0.8177480101585388,0.2756410539150238,1.2327151642948388,0.3206044112741947,1.7127505513295531,0.0695443004369735,-0.237671822309494,-0.1627332419157028
1773258088906488300,154.28348828125,0.1161979832336306,0.2946379761729389,0.0474731143146753,0.159731775522232,0.0585178099572658,0.1750593781471252,-1.686241606849432,1.1891174301087857,-1.2840695039570331,-0.5076360702514648,0.8919084072113037,0.2452936917543411,1.3470131591260432,0.1867985828965902,1.705697125686705,0.1443871855735778,-0.2157545685768127,-0.254031091928482
1773258088916514300,154.29351440429687,0.2119739406853914,0.31733185587693,0.1081131687164306,0.1800442337989807,0.061656080186367,0.2002731263637542,-1.689703145480156,1.1343284398227929,-1.504011647042632,-0.5315411686897278,0.9691773653030396,0.2048178911209106,1.5369465329170229,0.0511368975192308,1.6644117600962518,0.2274130880832672,-0.2505935132503509,-0.3482955396175384
1773258088926540300,154.30354028320312,0.2856643230572342,0.3117980044841766,0.1760579931735992,0.2091550230979919,0.0610872246325016,0.215007409453392,-1.6035539712905882,1.0453688843876123,-1.7038257788568734,-0.5510075092315674,1.0442206859588623,0.164948508143425,1.6166816022805868,-0.0515741198927164,1.6089599219873547,0.3158703148365021,-0.3462108969688415,-0.4135186374187469
1773258088936567300,154.3135673828125,0.3590624444842338,0.2618750127993524,0.1949281133383512,0.233670487999916,0.0685430020093917,0.2173078507184982,-1.560185954207182,0.9068336894005536,-1.7832956214129925,-0.563673734664917,1.1286088228225708,0.1201759800314903,1.4251682658217846,-0.1293424192279577,1.5902081675052642,0.4106583297252655,-0.4845229685306549,-0.4481724798679352
1773258088946593300,154.32359326171874,0.4287690179169178,0.1691869018277153,0.2011404119819402,0.2607964873313904,0.069180354475975,0.2172807902097702,-1.4685294147729873,0.706348526456952,-1.854588002732396,-0.5758817195892334,1.2061772346496582,0.0761448293924331,1.293653909382224,-0.1997977652013301,1.7168226230740546,0.4985794126987457,-0.6411116719245911,-0.4712158441543579
1773258088956620500,154.33362060546875,0.4387666803181171,0.0531249386644456,0.2130132206052541,0.2855052947998047,0.063373863697052,0.2048004120588302,-1.3004419620871543,0.4732780217289924,-1.950643069386482,-0.5930191278457642,1.2764610052108765,0.0495968423783779,1.384464645642042,-0.2074392198652029,2.028580295547843,0.5815094709396362,-0.7730122208595276,-0.5100154876708984
1773258088966646500,154.343646484375,0.4129951102018356,-0.0657429989973781,0.2220861693769693,0.3052577376365661,0.062913030385971,0.1862569898366928,-1.1664859115839004,0.1935480571568012,-2.128434754484892,-0.6039108633995056,1.3575801849365234,0.0337171256542205,1.68720095340088,-0.1864928779482841,2.3885867428839207,0.654107928276062,-0.8255804777145386,-0.5592830777168274
1773258088976672500,154.35367260742188,0.4012438821315765,-0.1310427568724378,0.1905921299606561,0.3144048750400543,0.0693429633975029,0.176523670554161,-1.1703145299613475,-0.0747013129800558,-2.3029589622199533,-0.5896019339561462,1.4376691579818726,0.0201688297092914,1.90680524283424,-0.2075146231889724,2.6774405096322296,0.7256404161453247,-0.8108736872673035,-0.6168904304504395
1773258088986699300,154.36369921875,0.4215247458770871,-0.1705587564365006,0.1354991882920265,0.3153920769691467,0.077924832701683,0.1790271401405334,-1.218801789754629,-0.2451087330460548,-2.409974398827553,-0.548416018486023,1.5012590885162354,0.012718298472464,2.040124748999625,-0.2872930933028459,2.982998158422112,0.8028362393379211,-0.772515058517456,-0.6839613318443298
1773258088996725200,154.37372534179687,0.4783098784163594,-0.1778172031321562,0.0257692320287227,0.3086926341056824,0.087469071149826,0.1919783651828766,-1.2956243326723575,-0.4555523954242467,-2.429323826941848,-0.4831196367740631,1.5569719076156616,0.0231235343962907,2.196104853653908,-0.4054705599159002,3.209867762683332,0.871527373790741,-0.6968885064125061,-0.7513893246650696
1773258089006751200,154.38375122070312,0.44600686070472,-0.1299211689639836,-0.1201619184285402,0.3007986545562744,0.0934723243117332,0.2136214971542358,-1.3074410271942616,-0.6813923643767833,-2.295786878633499,-0.3947279751300812,1.6057167053222656,0.0508574284613132,2.2736656477183104,-0.559537086033821,3.2248902675092217,0.9311124682426452,-0.5704153180122375,-0.813391923904419
1773258089016778500,154.39377856445313,0.3991588925510644,-0.0227587707669008,-0.2782955478549003,0.2870490252971649,0.0928869619965553,0.2501614093780517,-1.2332616922616957,-0.8439081544101238,-2.069247236979008,-0.3099656999111175,1.6416702270507812,0.0827746167778968,2.1393724742151794,-0.7542629547983407,3.148143420176208,1.010622501373291,-0.4552596807479858,-0.8601946234703064
1773258089026804500,154.40380444335938,0.3767594292163849,0.0939850006480701,-0.4307160603314638,0.2783291041851043,0.0857283547520637,0.2942991554737091,-1.1342992137283086,-0.8267167811125516,-1.6662591415286063,-0.2490903586149215,1.6610393524169922,0.1168401762843132,1.859241381496191,-0.9845102187991142,3.158221746598184,1.1189786195755005,-0.3712701201438904,-0.8788449168205261
1773258089036830500,154.41383056640626,0.3192366300523281,0.2029438081420957,-0.5153045610755682,0.2744464874267578,0.0830971524119377,0.3385630249977112,-1.0722633210539818,-0.6547931112647056,-1.1581056212514638,-0.2224528938531875,1.6640061140060425,0.1669749915599823,1.5571752280838786,-1.1559504890441894,3.2081600819826126,1.2402523756027222,-0.3623850047588348,-0.9165381789207458
1773258089046857500,154.423857421875,0.3028103959083557,0.257052341883257,-0.5627443576425314,0.2751747071743011,0.0870690420269966,0.3821833431720733,-1.059153664112091,-0.4275689944773912,-0.714720633482933,-0.214695930480957,1.6840884685516355,0.2252918481826782,1.6701785069294273,-1.138598956748843,3.249693577115237,1.341138243675232,-0.4240685999393463,-0.9911750555038452
1773258089056883500,154.43388354492188,0.3277525294631719,0.2763292162179946,-0.5361988805443049,0.2849498391151428,0.098656989634037,0.4247936606407165,-1.1106664092063905,-0.2609557059973478,-0.6537514932572841,-0.2141971141099929,1.75493061542511,0.2836611568927765,2.0799653226092456,-0.9444377361297608,3.128115654408932,1.4184521436691284,-0.5040501952171326,-1.062361240386963
1773258089066909400,154.44390942382813,0.400799060973525,0.2673358902874402,-0.451010660341382,0.3023994565010071,0.1114261969923973,0.4653761982917785,-1.1430576897233724,-0.1747586010128259,-0.8810685490250587,-0.2175140976905822,1.8681209087371824,0.3339339196681976,2.338113277709484,-0.7917208710551261,2.953957357376814,1.494285225868225,-0.5844458341598511,-1.1313649415969849
1773258089076936400,154.4539365234375,0.4667304997816681,0.2657506851889193,-0.3327800022363663,0.3201766014099121,0.1226929649710655,0.5080147385597229,-1.0877706867873669,-0.1037970590829849,-1.0926727796152234,-0.2211605012416839,2.010771989822388,0.371591567993164,2.4428216064184904,-0.7618798595428466,2.907767560870945,1.5804443359375,-0.6850656270980835,-1.1902562379837036
1773258089086962400,154.46396240234375,0.5218254872769117,0.2359042851154692,-0.182568982502818,0.3349063992500305,0.1328450739383697,0.539718508720398,-1.021295277295634,-0.0102080902814865,-1.2073495446309446,-0.2188255041837692,2.1735100746154785,0.4040997624397278,2.5182810442894694,-0.7764327010303735,2.8613322651714084,1.6611615419387815,-0.7765855193138123,-1.229504108428955
1773258089096988400,154.47398852539064,0.5705792890518904,0.159068316460587,-0.0605389321148395,0.3459182977676391,0.1405671834945678,0.5721531510353088,-1.022066407798603,0.1024415528208017,-1.2450664040848611,-0.223552867770195,2.3513336181640625,0.4354118704795837,2.394914192339778,-0.7695709985673427,2.758538245651126,1.7379215955734253,-0.8649915456771851,-1.2743395566940308
1773258089107015400,154.48401538085938,0.59166387039572,0.0490526203247718,0.0391875165283679,0.3535012900829315,0.151499941945076,0.6055053472518921,-1.0856004300761968,0.1784668078809976,-1.2746738991022109,-0.2387199848890304,2.501959800720215,0.4721215665340423,2.345942948421836,-0.6570049420952797,2.7228070070564745,1.8141710758209229,-0.9407301545143129,-1.335559368133545
1773258089117041400,154.49404150390626,0.655083326382935,-0.0669704812659882,0.0789274062424898,0.3591607809066772,0.1625187695026397,0.6494078040122986,-1.0234289283234626,0.2420201193809509,-1.1831439086571336,-0.2664064764976501,2.6201987266540527,0.5187990665435791,2.6098691946625707,-0.3796528125703334,2.8380045810759067,1.9031795263290403,-0.977846384048462,-1.3941553831100464
1773258089127068200,154.50406811523436,0.7040303126424551,-0.1450034228867851,0.0335018721073865,0.3639132678508758,0.1662260293960571,0.690941333770752,-0.8493786947757005,0.2720066768437624,-1.073809089191258,-0.2901719510555267,2.7107012271881104,0.5700991749763489,2.870378910458088,-0.035002339798212,3.022842677554488,1.9959906339645384,-0.9617367386817932,-1.4727503061294556
1773258089137094100,154.51409423828125,0.7448579975932836,-0.200628096811939,-0.0493932687222957,0.3757030963897705,0.1660611927509308,0.7418018579483032,-0.7176426584094763,0.2789887908160686,-0.995467373882234,-0.2854568362236023,2.784726619720459,0.6221234798431396,3.154631320890784,0.3628103988409042,3.234633078366518,2.0964927673339844,-0.9230732321739196,-1.5593518018722534
1773258089147120400,154.52412036132813,0.8158250924810767,-0.2209342045965604,-0.1930079589307308,0.3940842151641845,0.166134163737297,0.7968658804893494,-0.7362322811324149,0.2854553564816713,-1.1823323000133037,-0.2561396062374115,2.838462829589844,0.6614969968795776,3.2576743467360734,0.7212988428294658,3.506853105700016,2.183021306991577,-0.8647188544273376,-1.6430418491363523
1773258089157147400,154.5341474609375,0.8909180351272225,-0.2037529873668216,-0.349628845706582,0.4223544597625732,0.1754714697599411,0.8606541752815247,-0.8579670749008655,0.2407008534759283,-1.5780179634958504,-0.2093891501426696,2.891211748123169,0.6907861828804016,3.425056866022944,1.0276420890390872,3.5949838090956208,2.2257626056671143,-0.7990319728851318,-1.710402011871338
1773258089167173400,154.54417333984375,1.0171262479826808,-0.1760667610019445,-0.4514122268795967,0.4569155573844909,0.1674238741397857,0.925491452217102,-0.9441665179729462,0.237504687783122,-1.932800830964744,-0.1618711948394775,2.931461334228516,0.7156960964202881,3.481045879748464,1.2971399979323148,3.3386949258655307,2.2385172843933105,-0.6999576091766357,-1.7552779912948608
1773258089177199400,154.55419946289064,1.1442343322873114,-0.1771853715020231,-0.463386742311716,0.5009373426437378,0.1661514192819595,0.9945636987686156,-1.0226817632179708,0.2448047816634178,-2.03961811465174,-0.1224865093827247,2.971325159072876,0.7455413341522217,3.1809237000107764,1.5266858356654642,3.059804919248819,2.239311456680298,-0.5742835402488708,-1.782619833946228
1773258089187226400,154.56422631835937,1.369165954223275,-0.2163153856894932,-0.4243739978283643,0.552180826663971,0.1584826558828354,1.0609352588653564,-0.9739934278946368,0.2331114212602376,-2.0918536210626364,-0.1079735979437828,2.992058038711548,0.7872825860977173,2.8930227039426564,1.7771312535643575,2.871818003350496,2.245323181152344,-0.3980576992034912,-1.82964026927948
1773258089197252400,154.57425244140626,1.529742885148525,-0.3312206439651549,-0.3591565525084734,0.608209490776062,0.1411124616861343,1.12579607963562,-0.9070540541529656,0.2768611311376094,-1.9744468465611336,-0.1015492603182792,2.98803448677063,0.8329691290855408,2.777152345228195,2.22049461402297,2.7653718910634515,2.273221969604492,-0.2147696614265442,-1.9056735038757324
1773258089207278300,154.5842783203125,1.612368561387062,-0.4823130496431141,-0.2791325832009315,0.6722246408462524,0.1300424486398697,1.1850526332855225,-0.893863733190298,0.3776321203976869,-1.9944924402460456,-0.0967583507299423,2.976388692855835,0.8663445115089417,2.787671985676885,2.5700182457894085,2.638700152349472,2.3035500049591064,-0.0436471439898014,-2.0001187324523926
1773258089217305300,154.59430541992188,1.6797750411838293,-0.6162382666166871,-0.2085129865765571,0.7459960579872131,0.121268130838871,1.227315902709961,-0.8931044392555951,0.554339517390728,-1.923680535919964,-0.0777495056390762,2.9582087993621826,0.8918642401695251,2.642742705738544,2.5842858405947684,2.310316339245438,2.320904493331909,0.1035670787096023,-2.116802930831909
1773258089227331300,154.60433129882813,1.6527318436965346,-0.7210590427242219,-0.1551397083073854,0.8141408562660217,0.1133367195725441,1.268045425415039,-0.8582447227984666,0.8423387131363153,-1.82537418320775,-0.066986508667469,2.9580228328704834,0.9175516963005066,2.613452313846349,2.4542238749206065,1.6996692436993122,2.277629375457764,0.2157746255397796,-2.2338366508483887
1773258089237357300,154.614357421875,1.6404565917521714,-0.7622964775197207,-0.1076420440733432,0.8738207221031189,0.1054548323154449,1.2944921255111694,-0.995159623107314,1.1307897443026305,-1.6558222109273075,-0.0635574236512184,2.968827962875366,0.9644728302955629,2.381087327039242,2.1309756711393595,0.8318138119906187,2.163111925125122,0.2377931177616119,-2.3678946495056152
1773258089247384300,154.62438427734375,1.7080708690807225,-0.7925027421478181,-0.0927408275395631,0.9253054857254028,0.0823559015989303,1.32463276386261,-1.1348165156006813,1.2942653192788365,-1.328852064013481,-0.0627004653215408,2.9732887744903564,1.0348130464553833,2.2518203111350537,1.889825904852152,-0.1020528457641601,2.01636266708374,0.1719128936529159,-2.491797685623169
1773258089257410300,154.63441040039064,1.7006570856928824,-0.8257511509507894,-0.0868874253362417,0.957426905632019,0.0578705333173275,1.3616960048675537,-1.0912110364995895,1.5197142430871724,-1.0826672261685133,-0.0471960753202438,2.960531949996948,1.082340955734253,2.024537157636881,1.7548095316410064,-0.7593728451579809,1.9197466373443604,0.0496434420347213,-2.611248731613159
1773258089267437600,154.6444375,1.668309352056682,-0.7963331140909343,-0.1203489654332399,0.9849250316619872,0.0445149168372154,1.392538070678711,-0.9671655546359718,1.731445607188344,-0.9685922264382244,-0.0071342387236654,2.9402496814727783,1.106892704963684,1.88996034488678,1.7049094824403523,-1.003461002984643,1.8678343296051023,-0.1130953133106231,-2.7372188568115234
1773258089277463600,154.6544636230469,1.5702607734978198,-0.6835911895953118,-0.1683878969371318,0.9985545873641968,0.0275447219610214,1.4097402095794678,-0.9606510581754149,1.8089602240234608,-0.9395648693963884,0.0539717227220535,2.9021615982055664,1.1166857481002808,1.9790590165317057,1.6968927647233008,-1.2220961551249026,1.816093921661377,-0.2857541739940643,-2.852522134780884
1773258089287489500,154.6644895019531,1.3878952046126127,-0.5769543039765208,-0.2037976484924554,1.0071080923080444,0.0053751314990222,1.4331426620483398,-1.0182890081517395,1.8266332433581352,-1.0217784577026965,0.1112620681524276,2.8862428665161133,1.1139962673187256,2.055978590083122,1.6043027438312767,-1.666654862847924,1.749466896057129,-0.4280361831188202,-2.9642751216888428
1773258089297516300,154.67451635742188,1.2302402986139058,-0.5866671580869705,-0.2467448098152875,1.021462082862854,-0.0227081701159477,1.4336256980895996,-1.1045248377114534,1.7957938684582708,-1.0780156009703874,0.1565070450305938,2.8966619968414307,1.1086812019348145,2.233227984998375,1.5445242746949197,-1.9911907683521508,1.6591756343841553,-0.5594594478607178,-3.082825183868408
1773258089307542300,154.68454223632813,0.967384311953187,-0.6108859458032995,-0.2964876226276159,1.0261962413787842,-0.0759506821632385,1.412677526473999,-1.2109538527332246,1.6800111880272626,-0.9811626619368792,0.1702482551336288,2.8948183059692383,1.0950379371643066,2.54095874004364,1.5588251872479917,-2.080887405890226,1.5485169887542725,-0.6998646259307861,-3.1834816932678223
1773258089317568300,154.694568359375,0.6285328808486461,-0.6243412743777036,-0.3494979128032922,1.012908697128296,-0.1195719316601753,1.3857461214065552,-1.0985093768142162,1.6090180819153783,-0.8550649237185716,0.1682479530572891,2.8877995014190674,1.066560983657837,2.517752051979304,1.6623422603458164,-2.091070361730456,1.4097143411636353,-0.8201106190681458,-3.257127046585083
1773258089327595500,154.7045954589844,0.4160498215973377,-0.6664440938308834,-0.4136474366307258,0.9666768312454224,-0.1579247713088989,1.358965277671814,-0.9403665411680936,1.6703391043186189,-0.6530357462033629,0.1803397834300995,2.8855302333831787,1.0317343473434448,2.257696071300656,1.8240180924236773,-2.1932500487446784,1.2742260694503784,-0.8776009678840637,-3.307253837585449
1773258089337621500,154.71462158203124,0.1682376748114824,-0.7093838024996221,-0.4665063356369733,0.8769307136535645,-0.1877226084470749,1.3361151218414309,-0.8945581451952457,1.8476959051311013,-0.5594137519150972,0.2112409770488739,2.874892234802246,1.0086708068847656,2.07245041693449,1.916887222518027,-2.1552795067906376,1.15109384059906,-0.8814468383789062,-3.3394360542297363
1773258089347647500,154.7246474609375,-0.1363245332002639,-0.7200201281305402,-0.5067261178225279,0.7323485016822815,-0.2499297112226486,1.330731987953186,-0.8099947788923978,2.0467238550037146,-0.4814104747802019,0.2413084357976913,2.8560829162597656,1.011589527130127,2.129952465571463,1.921204501195252,-2.121419322764873,1.0136470794677734,-0.7957679033279419,-3.354895830154419
1773258089357674200,154.73467431640626,-0.5862555816113948,-0.74359659935534,-0.5166168127179146,0.5500596165657043,-0.3295195698738098,1.347781538963318,-0.709810065087676,2.3053823899745938,-0.4012789534449577,0.264249712228775,2.8433873653411865,1.0158135890960691,2.1826794087611137,1.80931678237617,-2.208275768440961,0.8306631445884705,-0.6767916679382324,-3.3721110820770264
1773258089367700200,154.7447001953125,-0.9297638986110688,-0.769875388341397,-0.5902449435085058,0.3412104845046997,-0.4050367176532745,1.3786747455596924,-0.6814654296129942,2.55082313145399,-0.217108965486288,0.2895897924900055,2.8445565700531006,1.0283963680267334,2.332324172914028,1.5353981344312428,-2.335119941112399,0.6086556911468506,-0.5996094942092896,-3.4207839965820312
1773258089377726700,154.75472680664063,-1.201360241088271,-0.7690492397155613,-0.6447182919740676,0.1282380223274231,-0.4621298313140869,1.4263999462127686,-0.699498514431715,2.5660826599061486,-0.1149620116978883,0.3112644553184509,2.870643138885498,1.0611777305603027,2.728113296771049,1.4918515459105373,-2.417947277402878,0.3896850645542145,-0.5928010940551758,-3.443692207336426
1773258089387754000,154.76475390625,-1.4263687276527284,-0.6831587895274162,-0.5435720396608114,-0.0517600066959857,-0.4717075228691101,1.4926639795303345,-0.6561427723079919,2.4744255359500644,-0.3127005062818527,0.3278484046459198,2.909819364547729,1.089549541473389,2.448813540309668,1.43910370606333,-2.536666011285781,0.2075133472681045,-0.6015925407409668,-3.4620678424835205
1773258089397780000,154.77478002929686,-1.3799644116133452,-0.5467008392058312,-0.2722504224717617,-0.187533289194107,-0.423748254776001,1.5331541299819946,-0.6245522867798805,2.381308860835433,-0.6761901195585728,0.3522959351539612,2.9539623260498047,1.1066606044769287,2.044602478935569,1.4486591776549815,-2.605928348082304,0.0692870244383812,-0.5696444511413574,-3.4987449645996094
1773258089407806000,154.7848059082031,-1.1326397560834884,-0.3853342922728509,0.0832125362157821,-0.2445606887340545,-0.2773604691028595,1.567271113395691,-0.5413438422173261,2.364389874738454,-0.9671619013741612,0.3894954919815063,2.993612051010132,1.1257158517837524,1.777429359728098,1.4131445044204591,-2.6783558709114788,-0.0507647022604942,-0.4933240115642547,-3.528909206390381
1773258089417833000,154.7948330078125,-0.7767647094637155,-0.3551498376177623,0.3445154482156038,-0.2244445085525512,-0.1054736524820327,1.5399267673492432,-0.5042259715698659,2.4632506464630364,-1.063392324595153,0.4277917444705963,3.015481948852539,1.1620032787322998,1.3737109041765332,1.1881380636826158,-2.592052382943034,-0.1857054680585861,-0.4039850831031799,-3.5303544998168945
1773258089427859000,154.80485888671876,-0.8482932376265525,-0.4535199032159522,0.4934463650107383,-0.1382085680961609,-0.0176463760435581,1.4245946407318115,-0.4483844034910201,2.615717336168885,-0.9918088513746856,0.4633389115333557,3.0531458854675293,1.2129933834075928,1.1074179288044572,0.9068217067018152,-2.6537854932785034,-0.3391689956188202,-0.2991784811019897,-3.491520404815674
1773258089437885700,154.8148857421875,-1.2299971375077965,-0.4901586120443418,0.4900801034480333,0.0175067223608493,0.0099224019795656,1.2887725830078125,-0.4180469867639243,2.7427830426365136,-0.8734659650668501,0.4993898868560791,3.1100244522094727,1.2787084579467771,0.6339996218219399,0.6036366322621702,-2.6913813567012546,-0.4945735037326813,-0.2599833905696869,-3.4547719955444336
1773258089447912000,154.82491186523438,-1.376053667910397,-0.4220602775258943,0.2942483192682266,0.1627598255872726,0.0294131822884082,1.1814861297607422,-0.4230557548366487,2.8593180027395486,-0.8900853836953639,0.5382022261619568,3.163311004638672,1.3384909629821775,0.3610927812680601,0.5505108990132809,-2.636976981818676,-0.616213321685791,-0.3114722669124603,-3.4317069053649902
1773258089457938000,154.83493798828124,-1.4015169027298688,0.0738475182954687,0.0606581745803356,0.242660254240036,0.0591074302792549,1.1359306573867798,-0.3915155381910503,2.7973844013959166,-0.9543389524191618,0.5703161954879761,3.2351081371307373,1.3932199478149414,0.4392205615654587,0.4278802523836493,-2.7245354382842777,-0.7257936000823975,-0.3560080528259277,-3.403694629669189
1773258089467965000,154.84496484375,-1.1021242063105106,0.9219888806954024,-0.2234241399824619,0.2616122961044311,0.0912928134202957,1.174761414527893,-0.3177044520489871,2.548185184165835,-0.9551350712329147,0.5899014472961426,3.3380634784698486,1.4432097673416138,0.4559127531692385,0.0159735219404101,-3.103683808463812,-0.8048333525657654,-0.3796831667423248,-3.382163524627685
1773258089477991000,154.85499096679686,-0.655137394657731,1.8502834374062715,-0.4984720842182636,0.2407123446464538,0.1008623465895652,1.274144411087036,0.0181916363812983,2.1946669298052788,-0.9968798710286616,0.5978845357894897,3.4302260875701904,1.4705218076705933,0.4319032242894172,-0.1917450993880629,-3.163805391949415,-0.8829912543296814,-0.4396527707576751,-3.3824684619903564
1773258089488017000,154.86501684570314,-0.2701058116585016,2.6792814613237974,-0.6423667604118585,0.2138305455446243,0.1131157726049423,1.402167797088623,0.4279151775665581,1.833017391437292,-1.236314357830584,0.5892360806465149,3.4603359699249268,1.4841620922088623,0.6849535639896989,-0.1976817959606647,-3.168784933927655,-0.977286696434021,-0.5380851030349731,-3.3862738609313965
1773258089498043600,154.87504370117188,0.0578460397690534,3.226471399220824,-0.6563941167205571,0.2332580387592315,0.1489906907081604,1.5278441905975342,0.6584073562391102,1.5718810681760311,-1.496158010932803,0.5689611434936523,3.4650299549102783,1.5066349506378174,0.70983987570405,-0.2195958138659596,-3.231350987955928,-1.0618988275527954,-0.6296474933624268,-3.3910491466522217
1773258089508069600,154.88506958007812,0.4308744657635688,3.369468542052805,-0.6348772814393043,0.3350472748279571,0.1975577622652053,1.633106708526611,0.7911433634281158,1.4159247827887531,-1.4526163908481595,0.5648778676986694,3.516145944595337,1.5589534044265747,0.4700350942850113,-0.1603834541797638,-3.094388156852126,-1.1498762369155884,-0.6877716183662415,-3.376960039138794
1773258089518096000,154.89509594726562,0.6244444424912333,3.2564415900707244,-0.5571995829969644,0.5043047666549683,0.2268924713134765,1.7112475633621216,1.1655460003852844,1.2267501184105871,-0.9743433373108504,0.6061158776283264,3.5720460414886475,1.640007495880127,-0.2851812157154083,-0.1258303194537758,-3.050181935378909,-1.202831149101257,-0.6532551646232605,-3.3054721355438232
1773258089528123000,154.90512280273438,0.584403231742978,2.9216280361801386,-0.5017921685516834,0.711662232875824,0.2196112871170044,1.7367712259292605,1.83796361566782,1.0305629449218512,-0.5026280348539353,0.6547799706459045,3.554253101348877,1.6994484663009644,-1.4438067691877483,-0.230598561656475,-2.715377733838558,-1.1690545082092283,-0.5702686905860901,-3.306734085083008
1773258089538148900,154.91514892578124,0.458386742067337,2.486485683839023,-0.5390162760525942,0.916439652442932,0.1924896538257599,1.727985143661499,2.6489216866344214,0.8909434618294239,-0.4524892084613442,0.6903329491615295,3.4633212089538574,1.6923993825912476,-0.9396946332558987,0.1097048218220472,-1.6925456754297017,-1.160336971282959,-0.6603663563728333,-3.3213207721710205
1773258089548174800,154.9251748046875,0.3980874639272689,2.062926655655354,-0.6655062284588813,1.073873519897461,0.1443527638912201,1.7152000665664673,3.5378076314121483,0.7420435246944427,-0.4594929497435688,0.6998298168182373,3.354750394821167,1.622034192085266,-0.2482487846374511,0.1849701984256505,-1.5755542037308214,-1.2415616512298584,-0.6931608319282532,-3.307002544403076
1773258089558201900,154.9352019042969,0.3723579793870449,1.790759673683345,-0.8849778314232826,1.153501272201538,0.0912091135978698,1.7107301950454712,4.410805686706304,0.3897036664634943,-0.1667427600786089,0.7039241790771484,3.2338669300079346,1.5239320993423462,-0.1931523358374834,-0.1449661048173904,-2.248943294394016,-1.35465669631958,-0.6856059432029724,-3.2951576709747314
1773258089568227800,154.94522778320314,0.3281973506212234,1.6782409634843467,-1.2241349674761297,1.1614830493927002,0.0478504933416843,1.7052162885665894,5.235845474517345,-0.2086293064326047,0.2654828280329704,0.7030057907104492,3.0913796424865723,1.4202378988265991,-0.0872913299620151,-0.306621770890057,-2.5271564246624707,-1.3527634143829346,-0.6557836532592773,-3.308884382247925
1773258089578254800,154.9552548828125,0.3332283305257558,1.6351561472564935,-1.6408493904620407,1.1200079917907717,0.0184004567563533,1.7059406042099,6.005559680947661,-0.8048585850477218,0.8732301104843616,0.7073094844818115,2.8737385272979736,1.3083466291427612,0.2018763250410556,0.1018704749345779,-1.9359195475071669,-1.355947732925415,-0.6846515536308289,-3.328641653060913
1773258089588280800,154.96528076171876,0.4498854557037353,1.575186685592681,-1.9520856694102289,1.0479696989059448,0.00715451547876,1.700145959854126,6.715645640367269,-1.3766682926774023,1.3079749879404905,0.6811462640762329,2.5748484134674072,1.1693179607391355,0.450355995824933,0.4436217191338539,-2.187939082854986,-1.3827306032180786,-0.7366469502449036,-3.3559250831604004
1773258089598306800,154.97530688476562,0.4880541505783796,1.404095082654804,-1.887063454401493,0.9889017939567566,0.0110949287191033,1.6820124387741089,7.526091670158505,-2.076805689534545,1.5269950477451084,0.6304822564125061,2.235770463943481,0.9997808337211608,0.6615215427368879,0.4201686550930142,-2.6821406501472,-1.4079252481460571,-0.7716760635375977,-3.3934664726257324
1773258089608333800,154.98533374023438,0.6191811151355504,1.1694488530427216,-1.2730337306797503,0.9365381002426147,0.033921368420124,1.678693413734436,8.311368771901726,-2.8508845209151503,1.9270488433092832,0.6020899415016174,1.8468530178070068,0.8116083741188049,0.8140425929784775,0.2985121141925454,-2.825650126415491,-1.4117542505264282,-0.7991886138916016,-3.4299681186676025
1773258089618359800,154.99535986328124,0.8037816034659743,0.9150470256682484,-0.3065320467799902,0.8830314874649048,0.0698876231908798,1.670853853225708,9.048789897492528,-3.700554892113805,2.3673045931413768,0.5790961980819702,1.405413031578064,0.6349848508834839,0.7354615159556269,0.2870432101950049,-2.753724707889557,-1.4320571422576904,-0.8091978430747986,-3.459257364273072
1773258089628385800,155.0053857421875,1.002291666944325,0.6454175262846052,0.5584019445240497,0.8295300006866455,0.1046315357089042,1.669039964675903,9.811612590843438,-4.559005366617441,2.727825127479434,0.5250183939933777,0.9558717608451844,0.4525531530380249,0.5341141832247376,0.312151640227437,-2.918355882641673,-1.4838240146636963,-0.7554290294647217,-3.500601291656494
1773258089638413000,155.0154130859375,1.144233163243532,0.3920231223870069,1.0893944885969162,0.7951866984367371,0.1353529542684555,1.661834955215454,10.566662896627188,-5.463645345366001,2.759573141656816,0.4374632835388183,0.5072540640830994,0.2754390835762024,0.7156067686676979,0.5096206702202558,-3.222081055307388,-1.5837618112564087,-0.6952093243598938,-3.560621738433838
1773258089648439000,155.02543896484374,1.2187225870385765,0.3001330847241915,1.226023557701707,0.7871465086936951,0.1579346656799316,1.6493085622787476,11.057391234850884,-6.531149489194155,2.548333652725816,0.2864118814468384,0.0369830913841724,0.1448468565940857,1.1385855127453803,0.7276745153412223,-3.480145716038346,-1.6856001615524292,-0.6914872527122498,-3.62985897064209
1773258089658465000,155.03546508789063,1.2034879007667303,0.4040427921351045,1.0413421130895617,0.7907676100730896,0.1935211569070816,1.6406354904174805,11.453251670378446,-7.696085248726606,2.2033415269091723,0.0955492407083511,-0.4573760330677032,0.0415289849042892,1.4227286175847054,1.0472297098234296,-3.562845042034984,-1.7538279294967651,-0.7450471520423889,-3.6952855587005615
1773258089668491800,155.04549169921876,1.1119885977208614,0.5685078165400773,0.6285720438152551,0.7970852851867676,0.2313654124736786,1.6339322328567505,11.833096206128596,-8.873302982205152,2.4508628740549088,-0.0944933071732521,-0.9809696078300476,-0.022806154564023,1.4463953243762253,1.5348019221037623,-3.5235324378222224,-1.789322853088379,-0.8292455673217773,-3.754478693008423
1773258089678517800,155.0555178222656,1.0445818256631494,0.7323615771789104,0.0550526096582412,0.8058555722236633,0.2739717364311218,1.6451287269592283,12.247975814902782,-9.728296009731292,2.965235707238316,-0.3068742752075195,-1.5849950313568115,-0.0897979736328125,1.2745756994247437,2.2888351597994565,-3.4300288092166182,-1.7952957153320312,-0.8975244760513306,-3.804124116897583
1773258089688543700,155.06554370117186,1.0658017238244413,0.9389926955316216,-0.5122901816904545,0.8164557218551636,0.2990448176860809,1.6631176471710205,12.600831805962324,-10.168754296398165,2.768334540261328,-0.6113939881324768,-2.2732419967651367,-0.2065829038619995,1.0993468505516648,3.0140909235611555,-3.1855776632964607,-1.8157864809036253,-0.8538239002227783,-3.8359978199005127
1773258089698571000,155.07557104492187,1.009430725044012,1.1216328435745089,-0.9601748189657926,0.8363679051399231,0.3015953302383423,1.668907880783081,12.881159151905774,-10.544636942780016,2.592293205961585,-0.9323887825012208,-3.02887225151062,-0.3357898890972137,0.5338274752378463,3.305352043712139,-2.8721880057066675,-1.890393614768982,-0.8191103935241699,-3.826578140258789
1773258089708597000,155.08559692382812,0.9205068254441022,1.2339128496468066,-1.1924895368903874,0.8636232614517212,0.2912514805793762,1.6743563413619995,13.474531872045992,-10.925118607389926,2.4372674794226885,-1.2706456184387207,-3.822008371353149,-0.4934314787387848,-0.8821990143597126,3.4512522145092484,-2.6921236995011566,-1.8836185932159424,-0.7355921864509583,-3.710357666015625
1773258089718624000,155.0956240234375,0.9575731120347976,1.2718623488128185,-1.094642910644412,0.8828957676887512,0.2777577638626098,1.6962918043136597,14.22437993301153,-11.027232243430614,1.9175623453006148,-1.5929025411605835,-4.61470890045166,-0.6997319459915161,-2.198025008061528,4.039354593031108,-1.6896756729513405,-1.7246856689453125,-0.6342567801475525,-3.50616192817688
1773258089728649700,155.1056496582031,1.0313321757286786,1.2482608162119984,-0.6803630213290452,0.8926277756690979,0.2528371512889862,1.7215192317962646,14.64068811328411,-10.941721367144584,0.8814058181554079,-1.84313714504242,-5.440963268280029,-1.0016778707504272,-2.649673381784558,4.869601886357367,-0.7115045940458774,-1.6242129802703855,-0.6601011753082275,-3.3183979988098145
1773258089738675700,155.11567578125,1.038589891771972,1.1652051510583608,-0.1573492010504007,0.8960435390472412,0.2154863178730011,1.7400527000427246,14.54353706808686,-10.72630166991949,-0.7409203658834099,-2.022207498550415,-6.273282051086426,-1.439102053642273,-3.093898035247624,5.102343597522378,-0.8534124803364277,-1.5060991048812866,-0.6397293210029602,-3.142253875732422
1773258089748702700,155.12570263671876,1.1100558760926127,1.0570121220387518,0.3004284692078828,0.8875119090080261,0.1858453303575515,1.743994951248169,14.128030851846932,-10.29106900894642,-2.7572999360278247,-2.1922500133514404,-7.048007488250732,-2.022676944732666,-3.684146778148413,5.370472556149959,-0.4890782329291105,-1.3389205932617188,-0.5351483821868896,-2.926987171173096
1773258089758729000,155.13572900390625,1.1601540782138704,0.9761978791363536,0.6424485934764147,0.8719657063484192,0.1591045260429382,1.7381283044815063,13.66702895884514,-9.287905527603623,-4.964333887714147,-2.43426513671875,-7.676975727081299,-2.7639079093933105,-4.080180816677212,6.006207915723324,-0.0739876117527484,-1.1701184511184692,-0.460416316986084,-2.7011361122131348
1773258089768755000,155.1457548828125,1.159703704097867,0.9120713708583263,0.8305196805268525,0.8406274914741516,0.1505360752344131,1.7320128679275513,13.032118944180011,-7.634096117803454,-6.928707960811257,-2.7299277782440186,-8.120373725891113,-3.657004594802856,-3.947960796186328,6.862361803722381,0.0996773488044738,-0.9884034395217896,-0.417075365781784,-2.4859089851379395
1773258089778782000,155.15578198242187,1.1808327091053128,0.8502022130530327,0.8529185593396424,0.8024167418479919,0.1494668126106262,1.712517023086548,11.64218668078184,-5.635771844309568,-8.58137755292654,-3.0177130699157715,-8.39729118347168,-4.635264873504639,-3.8497932674229145,7.814602907079458,0.4907359370082616,-0.7713481187820435,-0.3602320551872253,-2.2314064502716064
1773258089788808000,155.16580786132812,1.1455471684515477,0.8247529336936772,0.792411191406846,0.7652139067649841,0.1397587954998016,1.690006136894226,9.26797917638421,-3.391453871628642,-9.78550199803114,-3.25793719291687,-8.481884956359863,-5.593203544616699,-4.505025939148664,8.96991509822011,1.0901911919325589,-0.5508328676223755,-0.2128610461950302,-1.9303683042526243
1773258089798834000,155.175833984375,1.0987798643186688,0.826834416142851,0.6891893018633127,0.7305076122283936,0.1217699348926544,1.6598117351531982,6.761338885527849,-1.1087006620913744,-10.897650754749774,-3.46379828453064,-8.235116958618164,-6.442389965057373,-5.336563856807351,10.101496869683263,1.410774560418725,-0.3337730169296264,0.0187620613723993,-1.5932176113128662
1773258089808860700,155.18586059570313,1.1100175899088385,0.8379356558717787,0.5605944861322641,0.7037920355796814,0.1209120750427246,1.6225700378417969,4.480143719087541,1.2379565720796584,-12.245395735281706,-3.6503186225891113,-7.666786193847656,-7.053476810455322,-5.898551258602738,10.897436819738148,1.7874381280452012,-0.1575349867343902,0.2263480126857757,-1.254398226737976
1773258089818886700,155.19588671875,1.2047510525703429,0.8356572626110166,0.4079840040415525,0.688141405582428,0.1574466526508331,1.571250319480896,2.169090297739208,3.956733300706744,-13.909277041763067,-3.785790920257568,-6.83980131149292,-7.363245010375977,-6.108123398843407,11.7231277649343,2.101297156712413,0.022620940580964,0.3010307848453522,-0.8999822735786438
1773258089828913000,155.20591284179687,1.3265291740238665,0.8555743345454335,0.258573779296875,0.6799141764640808,0.2065291255712509,1.5183241367340088,0.4561158745259046,7.369427528762817,-14.771643228405711,-3.7898104190826416,-5.881917476654053,-7.312281608581543,-6.261352889615297,12.809763310211896,2.562149412110448,0.2996359765529632,0.2427550703287124,-0.4965111911296844
1773258089838940000,155.21593994140625,1.3725558889225125,0.9004731413926929,0.1104144313961267,0.6711627840995789,0.2497096210718155,1.467800498008728,-0.5207715943098068,10.91394021077156,-14.667829802709816,-3.56374454498291,-4.927183628082275,-6.976975917816162,-6.769549079990386,14.049285231912137,3.5413808137238023,0.619632363319397,0.1423544436693191,-0.0496609918773174
1773258089848966000,155.2259658203125,1.373719964265823,0.9975123237133026,-0.0289122062295675,0.646552562713623,0.2641935646533966,1.415168046951294,-1.9319117731705304,13.629552922409772,-14.00802383171916,-2.9934043884277344,-4.129507541656494,-6.516973972320557,-7.485956643646955,15.364344917416572,4.384425044780969,0.9331600069999696,0.1576938182115554,0.442516028881073
1773258089858993000,155.23599291992187,1.3004387472167611,1.1779692824982106,-0.1490127498596906,0.6071138381958008,0.2646079659461975,1.371838092803955,-2.877806430110335,13.963810595983269,-11.641693344306946,-2.04347562789917,-3.026691436767578,-6.114353656768799,-8.464304248163103,16.387914057928324,5.169363123828172,1.2633638381958008,0.2703908085823059,0.9968849420547484
1773258089869019000,155.24601879882812,1.2635641838058829,1.3147031271517275,-0.2479407416015863,0.5614444613456726,0.2479416728019714,1.3322994709014893,-1.581993296867609,12.663047146856783,-9.522978019803762,-1.1068991422653198,-1.9226300716400144,-5.853988170623779,-9.04880509506166,17.65979628048539,6.417036203280091,1.667973875999451,0.2915760576725006,1.580919861793518
1773258089879044900,155.256044921875,1.1964917582690715,1.4154212171807885,-0.2573433607190847,0.5095881819725037,0.2260297238826751,1.2919951677322388,-1.1717173824965954,11.147318758535384,-7.651910006913543,-0.5005490183830261,-1.1043940782546997,-5.44436502456665,-8.888193677344917,18.931701883918045,8.03483672658801,2.203897953033448,0.2395637184381485,2.2104368209838867
1773258089889071900,155.26607177734374,1.152377891254425,1.4407402212239802,-0.1719768613398075,0.4537916183471679,0.2265901714563369,1.2605550289154053,-1.618131362697482,8.95868584819734,-5.9653007357954975,-0.4349382817745209,-0.6085875630378723,-4.748902320861816,-9.073642014676333,19.78988640096188,9.767612121075391,2.85444712638855,0.084971435368061,2.870904922485352
1773258089899097900,155.27609790039062,1.2931512205570936,1.3854764530330896,-0.010917699855566,0.3910446166992187,0.2524572014808655,1.2465260028839111,-1.134586213976145,6.451437070053816,-6.075125384604931,-0.7045108675956726,-0.165084958076477,-3.5914151668548584,-8.90327843375206,20.03272017481327,11.374905863416194,3.578958511352539,-0.1603887975215912,3.631915807723999
1773258089909123800,155.28612377929687,1.5232897634863851,1.2814357944525778,0.1262099664211273,0.3376792371273041,0.2940455973148346,1.2327347993850708,0.6716746879607438,4.763623099321126,-6.616645752432942,-0.9863031506538392,0.5899328589439392,-2.1476454734802246,-9.204912771618366,19.56221395588517,12.851056274586917,4.271965503692627,-0.3745319843292236,4.551654815673828
1773258089919150800,155.29615087890625,1.5320529156565663,1.195855944583565,0.288234758067131,0.2950071692466736,0.3223611414432525,1.209172248840332,1.3355208742529152,4.75410532939136,-7.642092377254366,-1.1862504482269287,1.4055436849594116,-0.7433544993400574,-9.77578139900565,18.96038203495741,13.597772467267513,4.895328998565674,-0.5462307929992676,5.603366851806641
1773258089929176800,155.3061767578125,1.4714856342300773,1.134048746098578,0.4654746545016765,0.2588868141174316,0.3707709908485412,1.1755892038345337,1.4090274244904517,5.607158328765631,-7.782430822271108,-1.1695442199707031,2.0577731132507324,0.4435420334339142,-10.07793245422244,18.30344606644511,13.74292795717716,5.316834926605225,-0.7245259284973145,6.649908065795898
1773258089939202800,155.31620288085938,1.5378431894958018,1.104762445859611,0.610138561502099,0.226675346493721,0.4049766361713409,1.134926438331604,1.391397075253725,5.478410952821374,-5.976997018808127,-0.9455857276916504,2.5968000888824463,1.4307130575180054,-9.700760352551937,17.0349610851109,12.2766244017601,5.603865146636963,-0.8976183533668518,7.558281421661377
1773258089949230000,155.32622998046875,1.512704656586051,1.231016982074827,0.7187357143431902,0.1846546232700348,0.4046925604343414,1.0710923671722412,1.814441870304942,4.401076319852471,-4.470040550485253,-0.7668322324752808,2.9573049545288086,2.253418207168579,-8.759730379039048,15.82662925144434,10.5453746094048,5.738215923309326,-1.169679045677185,8.42635440826416
1773258089959255800,155.336255859375,1.4035077842861412,1.496445303441584,0.7741010432124138,0.1198338121175766,0.410363495349884,0.990807294845581,3.057970689558983,3.1379572494655847,-3.6202792861327526,-0.7276390790939331,3.046931505203247,2.785227060317993,-8.535487323889136,15.52290933947563,8.47993845514655,5.791714668273926,-1.6501069068908691,9.147972106933594
1773258089969281800,155.34628173828125,1.3638725239902734,1.798624269578606,0.7288251466810702,0.0358221158385276,0.4096273481845855,0.8974192142486572,4.858170684021711,2.4680337890863417,-2.611850723868608,-0.7024754881858826,2.851766586303711,2.998864889144897,-6.602095249032974,15.375406409657,7.280621118062734,5.859832286834717,-2.010817289352417,9.684834480285645
1773258089979308800,155.35630883789062,1.188389115834236,2.0544510882548987,0.6225824480116366,-0.0756562054157257,0.3909290432929992,0.7972226142883301,6.07219868350327,1.9797996057659384,-1.762819673486799,-0.6483755111694336,2.456982135772705,2.903717517852783,-3.908535671509802,15.772739840346574,7.288073772156238,5.780370712280273,-2.1212337017059326,10.058269500732422
1773258089989334800,155.36633471679687,0.989296284031868,2.1156122439213094,0.5291676667332649,-0.2114472836256027,0.3601192831993103,0.6905688643455505,6.69184683162868,0.9425655125170944,-1.0595330188184977,-0.5453745126724243,1.841060161590576,2.5512454509735107,-1.7433169545069336,16.109031650096178,6.023214580103755,5.51507568359375,-1.9940645694732664,10.386768341064451
1773258089999360800,155.37636083984376,0.8264432248681783,1.858958619032055,0.368262234506011,-0.358070820569992,0.3488557040691376,0.5557180643081665,7.947017573359608,-0.4705097260594367,-0.5735595469716936,-0.408698171377182,1.0393192768096924,1.9575958251953125,-1.0636056750848888,16.315404117512703,4.286925624537468,5.262263298034668,-1.862035870552063,10.966201782226562
1773258090009388000,155.38638793945313,0.6992185284465551,1.4187404247313735,0.0620341391086578,-0.4904728233814239,0.3743346035480499,0.420294851064682,8.799996338453889,-1.823073505049944,-0.1933397847009822,-0.232286050915718,0.1604340076446533,1.1954326629638672,-2.2361504483163355,16.07485816233754,3.1644308303713795,5.046427249908447,-1.5792884826660156,11.316205978393556
1773258090019414000,155.3964140625,0.6905068142026662,0.994725688669458,-0.2707441095620393,-0.5998261570930481,0.3985142409801483,0.2976046204566955,8.529888188707828,-2.7841175080657004,0.2475640172436833,-0.0160056743770837,-0.6916075944900513,0.3943162262439728,-0.773770496083796,15.657380938285588,1.359617204633355,4.584286212921143,-1.0619503259658811,11.329442977905272
1773258090029440800,155.40644067382811,0.6077461134076119,0.5662170752543956,-0.5681739814758301,-0.6884370446205139,0.375793844461441,0.192886620759964,6.992627183014154,-3.306428733032942,0.0662466057045385,0.134402647614479,-1.3604929447174072,-0.2853447794914245,1.1662671542666851,16.27049646977186,-4.6246629569202655,4.031223773956299,-0.0476069711148738,11.10417652130127
1773258090039466800,155.416466796875,0.324145444881916,0.2031236216884106,-0.8791361196577548,-0.7606641054153442,0.3257416188716888,0.0645568817853927,5.142804787248373,-3.0451041937232017,-0.8067379690535366,0.1764552891254425,-1.8143978118896484,-0.7699497938156128,4.5451419686988,19.27320996701121,-10.659937392652036,3.585213422775269,1.2854382991790771,10.682391166687012
1773258090049492700,155.42649267578125,-0.5261415969103574,0.1159231848802417,-1.2478227170556784,-0.8096976280212402,0.2896744906902313,-0.0613771602511405,3.396892847812176,-2.439405660495162,-1.518291078416258,0.1649249494075775,-2.077204704284668,-1.0455769300460815,11.287311751115322,22.77857254189253,-14.069315628027915,3.419301271438598,1.7611072063446045,9.859631538391112
1773258090059519700,155.43651977539062,-1.6146154635310173,0.0389565573167055,-1.806374299183488,-0.8504940867424011,0.2911085784435272,-0.1688162684440612,1.8764555511474608,-1.621512237307429,-1.9219357380792497,0.1515020877122879,-2.1610987186431885,-1.0905423164367676,15.878143165582417,22.880368198025224,-14.216788162708282,3.2102439403533936,1.7141335010528564,9.28991413116455
1773258090069546000,155.4465458984375,-2.651450328329205,-0.3753786423824727,-2.5555969217270613,-0.8749298453330994,0.4426409900188446,-0.2846367359161377,0.5731570305854081,-0.9134709354579448,-2.321481291860342,0.1225358992815017,-2.070150136947632,-0.9439303874969482,15.375226376914975,20.88303819626569,-17.00348691943884,2.610060453414917,0.9102381467819214,8.38376235961914
1773258090079572000,155.45657202148436,-3.143191642987728,-1.0391029558606446,-3.634519116148352,-0.885269820690155,0.5776305198669434,-0.4397535920143127,-0.5285889900624752,-0.3319786227256059,-2.7331761331185698,0.0671503990888595,-1.829138994216919,-0.6358681917190552,16.847800683164596,20.57353619376421,-22.738147008001803,1.987604022026062,-0.784110426902771,7.171398639678955
1773258090089599000,155.46659887695313,-3.752524733325839,-2.2309606245882807,-5.185999785852432,-0.8476666212081909,0.6065453886985779,-0.627921462059021,-1.300746497991681,0.2101163301199674,-3.013495295755565,0.0150233292952179,-1.487510323524475,-0.2167055904865265,17.25292695968747,21.48150210206509,-24.168268658447264,1.7800308465957642,-2.656611204147339,6.483580112457275
1773258090099625000,155.476625,-5.121407194432616,-4.4020834510684015,-7.134550266873836,-0.7612316012382507,0.5792626142501831,-0.8048147559165955,-1.5736258660167457,0.7360749716788529,-3.1303982123881577,-0.0061900792643427,-1.067971110343933,0.2330663651227951,12.625597998428344,19.9975623521924,-21.02341229711771,1.703210949897766,-4.290266513824463,5.695582389831543
1773258090109651000,155.48665087890626,-6.879814458304644,-7.453684605595469,-8.6794007047832,-0.7245399951934814,0.6866838932037354,-0.9430165886878968,-1.4923755697846413,1.11538525442183,-2.919706712728739,0.0235019065439701,-0.6383197903633118,0.6611185073852539,12.522649665129183,18.37240678994656,-17.451875999104974,1.2873637676239014,-5.296640396118164,5.003518581390381
1773258090119677700,155.496677734375,-6.511822272911667,-9.532074933972954,-8.112430253878236,-0.8129007816314697,0.9708865880966188,-1.0493462085723877,-1.0715589721769094,1.37555360943377,-2.6282524080932137,0.0714601129293441,-0.2615762650966644,1.0159289836883545,11.52816048862934,16.186728637760876,-15.442738655173777,0.7181636691093445,-5.449779987335205,4.48720121383667
1773258090129703700,155.50670361328125,-3.249703221726417,-9.332705038794874,-5.4893274836331605,-0.9462459683418274,1.1206984519958496,-1.1110296249389648,-0.8332347847044468,1.2018798810482023,-2.256623327502608,0.1127557456493377,0.0359944403171539,1.2938928604125977,8.752198229968547,13.462106105715035,-12.056975104141234,0.1936171054840088,-4.915319919586182,3.99036169052124
1773258090139731000,155.51673095703126,-0.7753858223259449,-7.544111310973763,-2.858414331898093,-1.035117506980896,0.9748725295066832,-1.0177264213562012,-0.2477016721487045,0.7942343151807785,-1.878904697865248,0.1389625817537307,0.2547235786914825,1.4440860748291016,6.958044529932737,12.065288174456358,-8.30259626738131,-0.3154770135879516,-3.971937894821167,3.604711771011353
1773258090149757000,155.5267568359375,0.2260334456980228,-5.00399720506072,-0.9793272632032632,-1.1200815439224243,0.7571616768836975,-0.872916579246521,0.4261526979386806,0.0706038145333528,-1.5754842072345316,0.1374339312314987,0.3639400899410248,1.5008764266967771,5.828038629484176,11.573390792453289,-5.806481462192535,-0.7707862854003906,-2.996961832046509,3.3810958862304688
1773258090159783000,155.53678295898436,0.3176169198960065,-2.5727415332734584,0.4269312810957431,-1.18806254863739,0.561736524105072,-0.7313985824584961,1.0627928973972798,-0.6017430736005306,-1.3687899605177345,0.1419125646352768,0.3604502975940704,1.4243113994598389,4.895795773538947,10.961786834573743,-3.881978796234727,-1.0926071405410769,-2.033022165298462,3.1165971755981445
1773258090169810000,155.54680981445313,-0.2548608962535858,-0.8371506429739296,1.51218384758234,-1.1786770820617676,0.4513508677482605,-0.6429527997970581,1.468548119473457,-1.1890835278391838,-1.1893707472827284,0.1569289863109588,0.2798388600349426,1.2379634380340576,5.202290410917997,10.239266340994837,-2.494749946576357,-1.1929057836532593,-1.2804887294769287,2.798506259918213
1773258090179836000,155.5568359375,-0.7902244950175284,0.0134624159023165,2.212534010407329,-1.1091216802597046,0.4620298743247986,-0.6329531669616699,1.732239972436428,-1.7363439006239174,-0.9382973336786032,0.184116393327713,0.1289726793766021,0.976572573184967,5.768609119915962,9.79799907603264,-1.1785720706969498,-1.143183708190918,-0.8803184032440186,2.496315717697144
1773258090189862000,155.56686181640626,-0.8658236336201429,0.044472763454914,2.5244863286703825,-1.026608943939209,0.5304713249206543,-0.6534411311149597,1.8363751774325965,-2.196692298153043,-0.6459880196489394,0.2166046947240829,-0.0651219710707664,0.6897414922714233,5.462383362606167,8.861752829664946,-0.8968804506629705,-1.0220458507537842,-0.6483044624328613,2.201296329498291
1773258090199889000,155.57688891601563,-0.7060095037609339,-0.6795775700397789,2.582425891941785,-0.9713894128799438,0.5929949283599854,-0.6258465051651001,1.7648679843187332,-2.5025574054569004,-0.479042065148428,0.2243576943874359,-0.2569065988063812,0.4090914130210876,5.139985638174414,7.409082662802934,-1.2919967898249625,-0.8989700078964233,-0.5149173736572266,1.9464656114578247
1773258090209915000,155.58691479492188,-0.395769250112772,-1.645465798216313,2.709260712262988,-0.9829116463661194,0.6491068005561829,-0.5578382015228271,1.5988655212134122,-2.5967823340743776,-0.519668528438732,0.2111586630344391,-0.4195194542407989,0.1838850677013397,4.865630352377892,6.1355474123418325,-1.530562969359755,-0.8576535582542419,-0.4636828303337097,1.7092103958129885
1773258090219940900,155.59694091796874,-0.0215361245036125,-1.994619135365635,3.0282091730237006,-1.0541354417800903,0.6495063304901123,-0.4905555844306946,1.3477601781010626,-2.4038088619351385,-0.5648891145862639,0.2023577094078064,-0.5538669228553772,0.0522021353244781,4.518223858895897,5.27058010329008,-1.563781348350644,-0.8918358087539673,-0.4300585687160492,1.441190481185913
1773258090229968000,155.6069677734375,0.2098883665829896,-1.7430645871810615,3.395136359533667,-1.1590107679367063,0.6035464406013489,-0.4221145212650299,0.975924176761508,-2.13237443202138,-0.7565875983536243,0.1914375126361847,-0.610698401927948,0.0326062217354774,4.392804166069626,4.969443778073788,-1.3100170151621102,-0.9751601219177246,-0.3777262270450592,1.1705471277236938
1773258090239993900,155.6169938964844,0.4967828159570693,-1.534317645718157,3.663386898714304,-1.2622168064117432,0.482388824224472,-0.4008696973323822,0.7087757536038756,-1.7602105139017103,-1.0580777785088866,0.1755256652832031,-0.5674201846122742,0.1029778569936752,4.32699869172871,4.645717143125832,-0.9608534488797188,-1.1223149299621582,-0.4351937770843506,1.0009196996688845
1773258090250019800,155.62701977539064,0.6110638596534729,-1.4031373435385524,3.646155193406343,-1.3221949338912964,0.3093034625053406,-0.4323827624320984,0.7580670232564211,-1.253901160186529,-1.4461111006073653,0.1623157709836959,-0.4699569046497345,0.2428724467754364,3.691106095767021,3.914304610300064,-1.0318623370826243,-1.258638620376587,-0.5491426587104797,0.8509055376052856
1773258090260046800,155.637046875,0.8518985686421394,-1.3633894166484477,3.3643022453308102,-1.3417537212371826,0.1320543736219406,-0.4983775019645691,0.8285983570754527,-0.7485568521112204,-1.7340759556919336,0.1620244234800338,-0.3289707601070404,0.4496927559375763,3.2908898031175133,3.1629034746736284,-0.9737953480392694,-1.2277861833572388,-0.7470687627792358,0.6627068519592285
1773258090270072800,155.64707275390626,1.072762502747774,-1.3846495006896555,2.941328761950135,-1.33882474899292,0.0276460126042366,-0.5559849739074707,0.7949091457024217,-0.3931342254340648,-1.8223805543497205,0.1767622977495193,-0.1228290349245071,0.7189711332321167,3.2272298163726925,2.763929875561595,-0.3033230216056108,-1.0791369676589966,-0.9620594382286072,0.5011646747589111
1773258090280098800,155.6570988769531,1.2350503292441368,-1.5385697502046822,2.4704864429354667,-1.3309379816055298,0.0578665025532245,-0.6294107437133789,0.748484663657844,-0.2315156765013933,-1.9244933136075733,0.1666856855154037,0.1221040189266204,1.0252290964126587,2.573546419915557,2.4451805906347928,0.3368862685114145,-0.892474353313446,-1.071896195411682,0.3964955508708954
1773258090290125800,155.66712573242188,1.1864976029992105,-1.816448387821764,2.045896756529808,-1.3230388164520264,0.1867883652448654,-0.7329269051551819,0.7459545606583357,-0.1910509796440601,-1.995580235482752,0.1349798887968063,0.3764097988605499,1.3535406589508057,1.656206095678359,2.231069491790235,0.9569786532729864,-0.7716051340103149,-1.1317447423934937,0.3100029230117798
1773258090300151800,155.67715185546874,0.8276093460381031,-2.036355897985399,1.7987153088629244,-1.319231629371643,0.3358854353427887,-0.8230440020561218,0.6687292821586132,-0.1782727466136217,-1.8491081100165845,0.1140037775039672,0.6361116766929626,1.6819814443588257,1.2910710532821714,2.079973652046174,1.3746172053664922,-0.721473217010498,-1.2086296081542969,0.2458127439022064
1773258090310178800,155.6871787109375,0.4020160355478525,-1.9060335278093807,1.7681161724597214,-1.3066800832748413,0.4603035151958465,-0.8698036074638367,0.8211533017665147,-0.1494429579704999,-1.7822493272304534,0.0980332493782043,0.8756498098373413,1.968544840812683,1.4152584278345106,1.6479956089548766,1.782119563370943,-0.6931130290031433,-1.0836225748062134,0.1779669970273971
1773258090320205000,155.697205078125,0.126564771208167,-1.2617654638208449,1.778723491191864,-1.2618393898010254,0.5375237464904785,-0.8761408925056458,1.281554890787601,-0.0985644191265106,-1.808330109426379,0.0972430855035781,1.070191502571106,2.191712141036988,1.795589431927353,1.2606474195763469,2.170150912708044,-0.6619426012039185,-0.8434164524078369,0.1515404433012008
1773258090330231000,155.70723095703124,0.153905782598257,-0.278323166514188,1.6804127545654772,-1.197259545326233,0.5339286923408508,-0.8681765198707581,1.8163316295742988,-0.0085854575157165,-1.7083596228942275,0.1310847699642181,1.1822129487991333,2.3466293811798096,1.8243775733858345,1.1140621891245246,2.344282906255126,-0.6384083032608032,-0.6971873641014099,0.1722489297389984
1773258090340257800,155.7172578125,0.2698632350742816,0.6836281606048346,1.5279039792835711,-1.1343740224838257,0.4789727628231048,-0.8358923196792603,2.345070257240533,-0.0050046764194965,-1.572831646899134,0.1878165006637573,1.207844853401184,2.427135705947876,1.6454327727295457,0.9607390287198124,2.2154326544582843,-0.6134569048881531,-0.6093323230743408,0.1738271266222
1773258090350283800,155.72728369140626,0.4285854780435562,1.392937290433049,1.3496727337241172,-1.0540980100631714,0.3826828598976135,-0.7290530800819397,2.7211472571507094,-0.1319879653006792,-1.5113377521470188,0.2497921139001846,1.173026442527771,2.4597396850585938,1.5632314593829213,0.9099490449421108,1.95361302510798,-0.5866571664810181,-0.5233389735221863,0.1423052549362182
1773258090360309800,155.7373098144531,0.3955675900608301,1.7652327259778977,1.1547978118777271,-0.9447211623191832,0.2739348113536834,-0.5802484154701233,2.850609211105108,-0.3618056057125329,-1.3304790806934237,0.3041621446609497,1.097177028656006,2.4401209354400635,1.4132728069752454,1.1005451204255223,1.647054090321064,-0.5476090908050537,-0.4499320983886719,0.0799300149083137
1773258090370336800,155.74733666992188,0.0161339731991291,2.014319276613742,0.9574667290508746,-0.8027627468109131,0.2099141329526901,-0.4400409162044525,2.912977988995612,-0.6027355917692184,-1.2421055084526538,0.3601509928703308,0.9664742946624756,2.373239517211914,1.2771139857307077,1.4558638483367858,1.391508134412765,-0.5423654913902283,-0.42520672082901,0.029286591336131
1773258090380362500,155.75736254882813,-0.4397738115340471,2.3573405407488344,0.75292147706151,-0.6458902955055237,0.2074611037969589,-0.3089044690132141,2.7625127022400497,-0.8385305530250072,-1.1958193389002234,0.4042795598506927,0.8013420701026917,2.2505993843078613,0.9553022444933652,1.822853870949894,0.7633323964387178,-0.6083682179450989,-0.4831131398677826,-0.0310007184743881
1773258090390388700,155.767388671875,-0.7417150233924389,2.625045428745449,0.6135416479438544,-0.5024210810661316,0.2229922264814376,-0.2201326042413711,2.709680106718838,-0.9474871868282556,-1.2025823302291332,0.4464708864688873,0.6135695576667786,2.093693256378174,0.7180806114353239,2.106247326465696,-0.0959311480134725,-0.677900493144989,-0.6729282736778259,-0.1619878709316253
1773258090400415700,155.7774157714844,-1.00783030411005,2.466649641251564,0.6564642593473196,-0.3720053136348724,0.224677488207817,-0.1594090759754181,2.7332936220183965,-0.892532192325592,-1.1509900170926004,0.504217803478241,0.3985936045646667,1.9197463989257808,1.141764142781496,2.4736685801029203,-0.6390700569540262,-0.7099966406822205,-0.9347820281982422,-0.3272636532783508
1773258090410441700,155.78744165039063,-1.1110153687745332,1.634334309479594,0.82795070682168,-0.2628752887248993,0.2138068825006485,-0.1104758009314537,2.722667890846729,-0.7733288897961378,-0.9935663625665008,0.5712059736251831,0.1675583273172378,1.748404622077942,1.4715484703332185,2.7132430598974224,-1.0215174686789512,-0.6749551892280579,-1.1410239934921265,-0.4758481383323669
1773258090420467700,155.7974677734375,-1.0321569361150265,0.2957616464406252,0.9411819492042064,-0.1728343367576599,0.205716997385025,-0.0879446566104888,2.762527023026347,-0.6086638127744197,-1.0239664692662656,0.642943263053894,-0.0574976950883865,1.5742405652999878,1.2189502583146097,2.720566242392361,-0.8596095814108848,-0.5901393890380859,-1.327393889427185,-0.6191533803939819
1773258090430494500,155.80749438476562,-0.8708230493426322,-0.996069723689556,1.0016104066818952,-0.1195336878299713,0.2223212122917175,-0.0931171625852584,2.9435952455773946,-0.4509048618793487,-1.1730603215381503,0.6849400997161865,-0.2583016455173492,1.3870577812194824,1.078017500666529,2.7990555494785307,-0.4260328709512949,-0.5490745306015015,-1.5692757368087769,-0.7640722393989563
1773258090440520400,155.8175205078125,-0.5768266590088605,-1.973248868948221,1.1162667134314774,-0.1159594655036926,0.2415100783109665,-0.1071389764547348,3.0183617327481507,-0.2395762333601713,-1.2039185472689569,0.7417570352554321,-0.4436874687671661,1.204978585243225,1.1802870579212903,2.915333319950104,-0.4981166949093341,-0.5840495824813843,-1.8368693590164185,-0.885589063167572
1773258090450547700,155.82754760742188,-0.2397171031355857,-2.471330200283229,1.3019523666501045,-0.1509086638689041,0.2465488910675048,-0.1151931285858154,2.9272014523983,0.0494908838778734,-1.222071312944591,0.8001309037208557,-0.6092618107795715,1.031462550163269,1.0545803648471832,2.945087822222709,-0.871285990679264,-0.6523863673210144,-2.079931735992432,-1.0384246110916138
1773258090460573700,155.83757373046876,-0.0515028082221746,-2.321309150163829,1.4669775091558694,-0.1949232518672943,0.2287754863500595,-0.1196011900901794,2.801086763045192,0.2777799995481967,-1.4121212988525629,0.8403217196464539,-0.7366368174552917,0.8827798962593079,1.1676146233528852,3.022915742790699,-1.2574106296122074,-0.6885457038879395,-2.274819850921631,-1.1932573318481443
1773258090470599700,155.847599609375,0.0356137496948242,-1.748499325580895,1.5128063633948563,-0.2327761650085449,0.2065141350030899,-0.0961217060685157,2.538937463349104,0.3207563869655132,-1.4257279455311596,0.8760190606117249,-0.8248553276062012,0.7910702228546143,0.9173299489736556,3.1286306181937453,-1.4955050999820232,-0.6836347579956055,-2.3602888584136963,-1.2946337461471558
1773258090480626700,155.85762670898438,0.0546516276419162,-1.0512713864296674,1.427434603318572,-0.2334198504686355,0.1924228221178054,-0.0778881087899208,2.313503006457537,0.3007978870421647,-1.3621584135487674,0.9040685296058656,-0.8829674124717712,0.7626295685768127,0.2714382293060421,3.1271164142385124,-1.6779174306184053,-0.6904566884040833,-2.3756728172302246,-1.4163678884506226
1773258090490652700,155.86765258789063,-0.0802992791175842,-0.4914487614527344,1.298089261481166,-0.2010405659675598,0.1897169351577758,-0.0567550957202911,2.106635010609031,0.1851233431607484,-1.3205058220811188,0.9159637689590454,-0.9154574275016784,0.7959241271018982,0.2917015573948621,3.25638401466459,-1.874625413110852,-0.6878736019134521,-2.368895530700684,-1.5713839530944824
1773258090500678700,155.8776787109375,-0.3256944278895854,-0.1366083185777068,1.2895710239827631,-0.1546717286109924,0.1894258558750152,-0.0190966688096523,2.043590233153105,0.1174544130355119,-1.1340198122650385,0.9723939895629884,-0.9495458602905272,0.8334743976593018,0.3388625370204448,3.445905592784285,-1.916802759104967,-0.6770209074020386,-2.376073837280273,-1.6838366985321045
1773258090510705700,155.88770556640625,-0.4517705387979746,-0.0234644622176885,1.4388362872987983,-0.1188844814896583,0.1979592591524124,0.0030384315177798,1.9724585953533649,-0.0258282687395811,-1.1071275675557553,1.0258994102478027,-0.9949080348014832,0.8851642608642578,0.0388613533139228,3.4667955283388494,-1.964866825050116,-0.6622653603553772,-2.4059700965881348,-1.766125202178955
1773258090520731600,155.89773168945314,-0.3848965584427118,-0.0661167322471737,1.7299048074871302,-0.1005603373050689,0.2020608037710189,0.0098553244024515,2.1630131697826087,-0.2605629072874784,-1.791625350601971,0.9829033613204956,-1.0188008546829224,0.8869072794914246,0.1880526746109128,3.5309885990470646,-2.035156166806817,-0.6661943197250366,-2.4867217540740967,-1.83369255065918
1773258090530757600,155.9077575683594,-0.2013736362159252,-0.2483902389347553,2.061618641796708,-0.0982382521033287,0.1773885488510131,0.0098146349191665,2.470676997071505,-0.4181804038852453,-1.9818565382957456,0.9191309809684752,-1.0412976741790771,0.901027500629425,0.484340098491311,3.68240811778754,-2.195370694160461,-0.6982364058494568,-2.5777838230133057,-1.8887498378753664
1773258090540784600,155.91778466796876,-0.0569230797052383,-0.5381719341829418,2.311192537558078,-0.113017737865448,0.1271701157093048,0.0009705424308776,2.491491237041354,-0.4308393944501876,-1.3926990977630018,0.900721311569214,-1.0559709072113037,0.9179300665855408,0.6958338544443249,3.852092484275997,-2.40768599562943,-0.7257404923439026,-2.5860042572021484,-1.924445867538452
1773258090550810600,155.927810546875,0.0708826314747333,-0.7541706003397702,2.444013446551561,-0.1437528580427169,0.0714652687311172,-0.0037247315049171,2.6874907790035008,-0.4481897577017545,-1.162819790291786,0.8862457871437073,-1.047508955001831,0.9043837785720824,0.7481131999969483,3.86711820397228,-2.514412093901634,-0.7626414895057678,-2.3662805557250977,-1.921120405197144
1773258090560836600,155.93783666992186,0.2296709254175424,-0.8246671551063657,2.4222014277160167,-0.1711613088846206,0.029657894745469,-0.0060691121034324,2.756137614250183,-0.3847439982295036,-1.0672888936422764,0.8901092410087585,-1.0359950065612793,0.872441828250885,0.5448533116430044,3.793522514146566,-2.6914848170757293,-0.8405863642692566,-1.9552470445632928,-1.9114549160003664
1773258090570863600,155.94786352539063,0.4309790951818227,-0.7908449650034308,2.1525293312996623,-0.1876632422208786,0.0118385534733533,-0.0132304020226001,2.5715380027025936,-0.3011322335630655,-0.8198561015628277,0.9187214970588684,-1.02361261844635,0.8510851263999939,0.3809419755980372,3.729814888867736,-2.7288772668808696,-0.9550805687904358,-1.507838487625122,-1.916744351387024
1773258090580889600,155.9578896484375,0.3496142326593399,-0.6636638154625892,1.6903543028652668,-0.1779206097126007,-0.0123219098895788,-0.0249770730733871,2.341770631173253,-0.2131523368149995,-0.7722389026023447,0.9490775465965272,-0.999515175819397,0.8446346521377563,0.4280550244286656,3.69628291388303,-2.622639828908443,-1.1049312353134155,-1.0968475341796875,-1.916208028793335
1773258090590916600,155.96791650390625,-0.1775602144300937,-0.5498302232727408,1.1426818421483038,-0.1423390656709671,-0.0203050374984741,-0.031535156071186,2.1897809113293887,-0.2411439210683107,-1.1912265312172472,0.9128526449203492,-0.9711319804191588,0.8245848417282104,0.5069330385714769,3.643582712569833,-2.7443250113815068,-1.2401480674743652,-0.7794561982154846,-1.8766273260116573
1773258090600942600,155.97794262695314,-0.6024386546492576,-0.544949173232913,0.649318479245901,-0.0916886627674102,-0.0096808895468711,-0.0372657477855682,2.237816920223832,-0.3211228821903467,-1.6064140368968247,0.8466291427612305,-0.9387372732162476,0.8334880471229553,0.3379851696640253,3.4883173320561647,-2.705963424283266,-1.3154466152191162,-0.611307680606842,-1.839444041252136
1773258090610968600,155.9879685058594,-0.7909224141538143,-0.627761019693315,0.3467015600830316,-0.0242958161979913,-0.0007085013203322,-0.0497140027582645,2.065236832293868,-0.3395551954597234,-1.1474871966034172,0.8328768014907837,-0.9106530547142028,0.8654695153236389,0.288639539475739,3.296118059159815,-2.500939448866248,-1.3431223630905151,-0.5647002458572388,-1.7909936904907229
1773258090620995600,155.99799560546876,-0.8333581188231706,-0.8072145005241036,0.1298866091072559,0.0457855351269245,-0.0220587980002164,-0.0613709241151809,2.4487609333395954,-0.2587538120388984,-1.257111062143743,0.7666767239570618,-0.8820408582687378,0.8512458205223083,-0.1499254807904362,3.0281638725772497,-2.418207389643788,-1.3551760911941528,-0.5824965834617615,-1.7297857999801636
1773258090631021600,156.008021484375,-0.7079185522526502,-1.0060296844288703,0.0403179818630218,0.1070435270667076,-0.0617571100592613,-0.0517561435699462,2.769910119014978,-0.223690681964159,-1.272569912560284,0.6684391498565674,-0.8509581685066223,0.8422525525093079,-0.4913564069941639,2.933552867251634,-2.433579146298766,-1.3418776988983154,-0.6181868314743042,-1.6694287061691284
1773258090641047800,156.0180478515625,-0.5469383012235164,-1.092412375113368,0.1375017602860927,0.1325408965349197,-0.0958176106214523,-0.0422414653003215,2.7984815489828585,-0.0647264469325542,-0.7695157612487673,0.6134954690933228,-0.8200191259384155,0.8483820557594299,-0.5483280020162463,2.9276147093743083,-2.223402025902271,-1.3175177574157717,-0.6308546662330627,-1.6041085720062256
1773258090651074600,156.02807446289063,-0.4717629409909248,-1.028992334604263,0.4048503821909427,0.1375555545091629,-0.1111202016472816,-0.030215349048376,2.8553999525129794,0.0624444734752178,-0.2692027253389358,0.5986611247062683,-0.8059754967689514,0.835511326789856,-0.5815449197024106,2.7158202169090506,-1.9572814844876527,-1.3168915510177612,-0.6039924621582031,-1.5546694993972778
1773258090661100500,156.0381005859375,-0.3201923233419657,-0.9207859346464276,0.7891460521310567,0.1277338117361068,-0.1208881437778472,-0.0188383236527442,2.968785508674383,0.2047527572602033,-0.1434866799145936,0.5948975086212158,-0.8032705187797546,0.785965621471405,-0.3603250117659569,2.594829446440935,-1.8416028489530083,-1.319075345993042,-0.5078230500221252,-1.4920703172683716
1773258090671126500,156.04812646484376,-0.1297854868203401,-0.7867357761189341,1.1226648900359868,0.1187047138810157,-0.1368193626403808,-0.0100261373445391,2.8821675479292868,0.2733528307557106,0.0068970660373568,0.6203380227088928,-0.821778416633606,0.7014617919921875,-0.2476584175288677,2.575148594415188,-1.6514976257264613,-1.3331396579742432,-0.3547201454639435,-1.414032220840454
1773258090681153500,156.05815356445314,-0.0738823978126049,-0.5896206741303205,1.2760013483136892,0.1139914467930793,-0.1617976725101471,0.0091608725488185,2.7881530471920963,0.3806862472712993,-0.1078971878781914,0.643928050994873,-0.8580578565597534,0.5672478079795837,-0.2102525237202644,2.6413018592804667,-1.5475807396560906,-1.364232063293457,-0.1432049721479416,-1.351660966873169
1773258090691179500,156.06817944335938,-0.0882750803023576,-0.4080804501533508,1.3175281214445829,0.1239582151174545,-0.1776042282581329,0.026079898700118,2.8613877947509287,0.422955363202095,-0.6275339329391717,0.603013277053833,-0.9377443194389344,0.3811251223087311,-0.0233399590551853,2.844333784097433,-1.4865578234165906,-1.401106595993042,0.134708359837532,-1.3264150619506836
1773258090701205800,156.07820581054688,-0.1269581544399261,-0.2179857483208179,1.329635323345661,0.1436482965946197,-0.1845963597297668,0.0380063354969024,2.850827822291851,0.4718079491764306,-0.97467096183002,0.5335012674331665,-1.0233266353607178,0.1853545606136322,0.0757487762063741,3.2654899889230724,-1.2882558497309684,-1.415955662727356,0.340018093585968,-1.30413019657135
1773258090711232800,156.0882326660156,-0.2011252144128084,-0.1288037823066115,1.3407885855227708,0.1746075451374054,-0.188283309340477,0.0428360663354396,2.5373639304220674,0.6676543464034795,-0.8650967806503176,0.4751389622688293,-1.078827977180481,0.0089728757739067,-0.1492772460147738,3.5978882983654734,-0.6900175693809986,-1.4278122186660769,0.3679602444171905,-1.2888282537460327
1773258090721258800,156.0982587890625,-0.261410464027524,-0.163359547381103,1.2814777338981629,0.2125772982835769,-0.1935957819223404,0.0342945121228694,2.272252858310938,0.8135130161464214,-0.6778779265150428,0.460976779460907,-1.137549877166748,-0.1266797631978988,-0.3968608447417616,3.5228573150396345,-0.2182493676930665,-1.4477542638778689,0.3050079047679901,-1.29006826877594
1773258090731285500,156.10828540039063,-0.2876835539251566,-0.2804942269429564,1.147764259979129,0.2465064972639084,-0.2037478685379028,0.0191494598984718,2.1378759520471093,0.8403127602666616,-0.7226511342212557,0.4510013163089752,-1.20834219455719,-0.2299163490533828,-0.5340770660847425,3.30904271492362,-0.1119160681307315,-1.4483275413513184,0.211892232298851,-1.264209866523743
1773258090741311500,156.1183115234375,-0.2666834359943866,-0.4620660151019692,0.9912585240155458,0.2771839797496795,-0.2265125662088394,0.0072880070656538,1.997623431748152,0.7956167094498873,-0.7555994640991092,0.4448302388191223,-1.2783273458480835,-0.3081133961677551,-0.7678367221206426,2.93967807213366,-0.1522983474016189,-1.4349310398101809,0.1207660585641861,-1.2240887880325315
1773258090751337500,156.12833740234376,-0.3182815212845802,-0.6652259502127766,0.8531161277383565,0.2981722056865692,-0.2532572746276855,-0.010588863864541,1.8908441419839856,0.7738876927226781,-0.6767974378019571,0.4401701390743255,-1.3441886901855469,-0.3734166920185089,-0.8062854029804468,2.552500709277392,-0.3561000875473022,-1.397560954093933,0.0852538347244262,-1.1903038024902344
1773258090761364700,156.13836474609374,-0.3383095793128013,-0.7848495239809155,0.7976151897907257,0.3097465634346008,-0.2669826745986938,-0.0360681265592575,1.7555670720100405,0.8028039906054735,-0.6698422118365764,0.436920017004013,-1.3997427225112915,-0.4431467652320862,-0.6329734936445951,2.394911269730329,-0.6150532215505838,-1.3536872863769531,0.1205974444746971,-1.1642972230911257
1773258090771390700,156.148390625,-0.3995025914222002,-0.8577630767613649,0.8412620238155126,0.3017246425151825,-0.2790456116199493,-0.0647005513310432,1.6435796922087669,0.8653799815058708,-0.8617591606602072,0.4538296461105346,-1.4596046209335327,-0.5226337313652039,-0.5128250192195177,2.3819606027424336,-0.8283861756294966,-1.328541278839111,0.1568547636270523,-1.124853253364563
1773258090781416700,156.15841674804688,-0.4134685729324817,-0.965512526731938,0.9538578909039496,0.2849003672599792,-0.2853309214115143,-0.1050591543316841,1.5355986254394054,0.8131435983121394,-1.4751093776851891,0.4559788405895233,-1.5396331548690796,-0.5972784161567688,-0.7076365204408764,2.4333418304115533,-0.8644798177957534,-1.3068597316741943,0.1654437333345413,-1.0863966941833496
1773258090791443700,156.1684436035156,-0.346568289092183,-1.0874410164415835,1.0599041902184485,0.2624139487743377,-0.3034428060054779,-0.1468667238950729,1.2045324413836005,0.6273112300992012,-2.113982158501446,0.4437880516052246,-1.5947682857513428,-0.6406324505805969,-0.8414017245471477,2.509928811007738,-0.6670961279988289,-1.285930871963501,0.1775654256343841,-1.054832100868225
1773258090801469400,156.1784694824219,-0.3001081512123346,-1.1703062005244196,1.1914894199371338,0.2308948934078216,-0.3188758194446563,-0.1859195828437805,0.7263292382121086,0.6256669700235128,-2.1717440271183848,0.4818664491176605,-1.5814831256866455,-0.6281259655952454,-1.0511527284860611,2.52010825971663,-0.4558972633391618,-1.2543489933013916,0.1628828793764114,-1.0306730270385742
1773258090811495400,156.18849536132814,-0.273562674114108,-1.2577227643013,1.3390712602108716,0.1970525085926056,-0.3332659304141998,-0.2257972359657287,0.3111854986090213,0.6699363198608159,-1.8379960566326967,0.5798429846763611,-1.5410581827163696,-0.5753089785575867,-1.2382815662503242,2.483854458552599,-0.0738829823344945,-1.193317174911499,0.0849266499280929,-1.010759949684143
1773258090821522700,156.19852270507812,-0.2596183199137449,-1.3673166730947792,1.4781488915115597,0.1682724207639694,-0.3415320813655853,-0.2695860564708709,0.0710335111875087,0.6078513273477554,-1.7239745406553149,0.6895844340324402,-1.5156511068344116,-0.5108676552772522,-1.31533265722692,2.471516955026984,0.2362321836292743,-1.1294777393341064,-0.0013658953830599,-0.98340505361557
1773258090831548700,156.20854858398437,-0.2922550996243953,-1.4255745085351168,1.592357454493642,0.1464229226112365,-0.3438363969326019,-0.320523053407669,-0.1414683258295059,0.3886708162844181,-1.7603385241955518,0.7909879684448242,-1.5043398141860962,-0.444533109664917,-1.4965411650314926,2.1492560087174177,0.2810311102986335,-1.056115746498108,-0.0467651300132274,-0.957325518131256
1773258090841574700,156.21857470703125,-0.3584253156244754,-1.3924063984267412,1.6379162596195935,0.1413256376981735,-0.3405031859874725,-0.377047598361969,-0.5081471636015922,0.0729354723513126,-1.556108914026618,0.901659607887268,-1.5080232620239258,-0.3824580013751983,-1.278879241837561,1.8454460803776973,0.0881476545304059,-0.990565836429596,-0.0379298254847526,-0.8905054926872253
1773258090851601700,156.2286015625,-0.3958218570828437,-1.3629118622645735,1.6150123538941143,0.1455805748701095,-0.3383983075618744,-0.4336319267749786,-0.7212064883708953,-0.374741075131297,-1.2908873672783374,1.024592638015747,-1.52638840675354,-0.3572182059288025,-1.176192189823091,1.3822083911478518,-0.171904965147376,-0.9450402855873108,0.0070954486727714,-0.8046602010726929
1773258090861627600,156.23862768554687,-0.3469441366672515,-1.2984621864467858,1.5561661971718073,0.1611949652433395,-0.3321782052516937,-0.4756616652011871,-0.7990800747115164,-0.7235264557510614,-1.0928589498370884,1.1538634300231934,-1.5637880563735962,-0.3703840672969818,-1.0456313347160815,0.7390723999291658,-0.4697966093540191,-0.89227294921875,0.1116689965128898,-0.7205522656440735
1773258090871654400,156.248654296875,-0.3150707425445318,-1.2265423208788035,1.5312655646711586,0.1737061738967895,-0.3290509581565857,-0.5027729272842407,-1.0007482368946077,-1.1191443146944045,-0.9511196981117128,1.2558395862579346,-1.6326286792755127,-0.4197245240211487,-0.8568313488692044,0.4612169970571994,-0.6621651013374328,-0.8101991415023804,0.2644806504249573,-0.5951554775238037
1773258090881680600,156.2586806640625,-0.2754740606933832,-1.179852319765836,1.5348007530599832,0.1868419498205185,-0.3444133996963501,-0.5317938923835754,-1.304388653886318,-1.4548159467190502,-0.8658286020562053,1.3292664289474487,-1.7306381464004517,-0.4879627227783203,-1.3181868776142596,0.8044020734518766,-0.4143284046322107,-0.7630811333656311,0.3784655332565307,-0.4060949683189392
1773258090891706600,156.26870654296874,-0.378044208329916,-1.148819614250958,1.5813427240043878,0.1973098963499069,-0.3680847585201263,-0.5568620562553406,-1.5888086759708822,-1.7204525040090084,-0.8163526234865188,1.399272918701172,-1.8404656648635864,-0.5692715644836426,-2.249024542936682,0.5294330396711826,-0.2630886263728141,-0.7230870127677917,0.4644617736339569,-0.270699679851532
1773258090901733600,156.27873364257812,-0.4491553878635168,-1.1264936545439064,1.6534049206525083,0.1991144567728042,-0.3822628855705261,-0.5850582718849182,-1.75890586104393,-1.9194985740602013,-0.910046513967216,1.4626796245574951,-1.9241222143173216,-0.658446192741394,-1.8029896251812576,0.233220726853609,-0.0794546449869871,-0.6629001498222351,0.5897717475891113,-0.1924301832914352
1773258090911759600,156.28875952148437,-0.3724047411382198,-1.135508881779015,1.7501082220822572,0.1879385709762573,-0.3923580944538116,-0.6112263202667236,-1.9805974781453608,-2.182034242725372,-1.1709618879541754,1.5432538986206057,-1.9867780208587649,-0.7209138870239258,-0.8699369141578673,0.2061257991790771,0.1398158824473619,-0.6277648210525513,0.7470819354057312,-0.056862935423851
1773258090921785600,156.29878564453125,-0.3142243548482656,-1.2190307762049135,1.8934592929184435,0.1666244864463806,-0.4104579985141754,-0.6394249200820923,-2.22415021392107,-2.565750066950917,-1.6213015171661973,1.576558232307434,-2.0044543743133545,-0.7592695355415344,-0.8153744261041284,-0.1236503450661897,0.0510574025422334,-0.6353201866149902,0.866788923740387,0.056449506431818
1773258090931812600,156.3088125,-0.2787374464035034,-1.3633024690173563,2.01595929890573,0.1351862549781799,-0.4277660846710205,-0.6748162508010864,-2.37467629095316,-2.770854121866822,-2.160534066317976,1.5445677042007446,-1.9537434577941888,-0.7626079320907593,-0.3234545400083065,-0.3258972569853067,-0.0851163240104913,-0.6550421714782715,0.9613900780677797,0.1643132865428924
1773258090941838600,156.31883862304687,-0.3225999690055847,-1.473771553210169,2.097866597741842,0.1027308404445648,-0.4453410804271698,-0.720724880695343,-2.506743166708946,-2.7503116845756765,-2.387173953476548,1.465889573097229,-1.850664734840393,-0.7303876280784607,-0.0230801390752196,-0.5610433989435434,-0.1880108812958002,-0.6548701524734497,1.0502192974090576,0.2635413408279419
1773258090951864800,156.32886474609376,-0.3086819182902574,-1.586868209427595,2.1103432174772023,0.068481907248497,-0.4748296737670898,-0.7674149870872498,-2.51307704590559,-2.339009349766373,-2.0525410168498754,1.4149022102355957,-1.697480082511902,-0.6375335454940796,0.2390373041778802,-0.7713859390348196,-0.4272551062226295,-0.6237637400627136,1.104616641998291,0.3493018448352813
1773258090961891600,156.3388916015625,-0.1982908677697181,-1.7449299426615237,2.1030355248123405,0.0406846329569816,-0.5140128135681152,-0.8229645490646362,-2.6043361104547977,-1.953424224537611,-1.3258201489716768,1.4236721992492676,-1.5314607620239258,-0.471000462770462,0.5604075852580368,-0.5128343715697526,-0.5945937863677739,-0.5705015659332275,1.0966728925704956,0.4788009822368622
1773258090971917600,156.34891748046874,-0.1326473059922456,-1.8754636175006627,2.0984043578803537,0.0155860502272844,-0.5438308119773865,-0.8793137669563293,-2.4017688805401325,-1.4551497087180614,-0.6690235889300704,1.4382789134979248,-1.3758410215377808,-0.3039478063583374,0.2528982178784906,0.2158539969891309,-0.6417974360913038,-0.5328453183174133,1.0333144664764404,0.6340466737747192
1773258090981943600,156.35894360351563,-0.0955424409568309,-1.936838415917754,2.104525471109152,-0.0094053195789456,-0.5733969211578369,-0.9297673106193542,-2.038947960305214,-0.927689430424571,-0.1181073239862918,1.4258430004119873,-1.2508585453033447,-0.1742076575756073,-0.2602043031081557,0.5247060111492872,-0.663930941966176,-0.5098031163215637,0.97029048204422,0.7315559387207031
1773258090991970600,156.36897045898436,-0.1039928739160299,-1.940093033799529,2.136093744805455,-0.0300459582358598,-0.6033193469047546,-0.982628345489502,-1.7270679766260086,-0.6178805539309978,0.3046890492618084,1.392282009124756,-1.1496306657791138,-0.0931822210550308,0.1543456353202462,0.3892851487904787,-0.5879477724820376,-0.4965278208255768,1.0220391750335691,0.8192110061645508
1773258091001996500,156.37899658203125,-0.1143967790305614,-1.8630463267371056,2.1906869202584027,-0.0509949177503585,-0.6290709972381592,-1.0269056558609009,-1.4590776958167553,-0.5861030213981866,0.5185457349538802,1.3394593000411987,-1.0672180652618408,-0.0740503370761871,0.4334408091202378,0.1674129144251346,-0.500312159126997,-0.5193442106246948,1.2122551202774048,0.9200233817100524
1773258091012022800,156.38902270507813,-0.0617342793792486,-1.7310815961815416,2.2302233963549134,-0.0733150616288185,-0.6565873026847839,-1.0464617013931274,-1.2170599145233632,-0.8192103510051966,0.5976116728842258,1.2798311710357666,-0.999283254146576,-0.1289637237787246,0.6572342208065092,0.1008610056310892,-0.4607400271952152,-0.5892420411109924,1.4700907468795776,1.019331932067871
1773258091022049800,156.3990498046875,0.0181488201528787,-1.6570355322398245,2.280877478793263,-0.0895310491323471,-0.6929631233215332,-1.0418994426727295,-0.9813818576455116,-1.1591443166494368,0.5476508334070443,1.1874232292175293,-1.0092294216156006,-0.2637500166893005,0.94671444889009,0.1931704560160636,-0.3978185838580131,-0.704264223575592,1.769722819328308,1.1059787273406982
1773258091032075500,156.40907543945312,-0.0552396566629409,-1.6304710581801831,2.3012293619483706,-0.0863627195358276,-0.7251123785972595,-1.0379222631454468,-0.6828023773051798,-1.4130436743944883,0.5492746352165937,1.068881869316101,-1.0980799198150637,-0.4603690803050995,1.198408405545354,0.3946516442596912,-0.409758612498641,-0.8414227366447449,2.071688175201416,1.1766746044158936
1773258091042102500,156.4191025390625,-0.2632791805088519,-1.5567695698924362,2.206501159983873,-0.0764592215418815,-0.7367157340049744,-1.0389726161956787,-0.5351834198914468,-1.6457517755508422,0.7498112360864877,0.9691492319107056,-1.2393044233322144,-0.696471095085144,1.37306442296654,0.6104132867902516,-0.3549018176734447,-0.9724465012550354,2.3347017765045166,1.2375880479812622
1773258091052128500,156.42912841796874,-0.4494862272530794,-1.504547799745947,2.109046163403988,-0.0622243247926235,-0.7518958449363708,-1.038857102394104,-0.4332441175043582,-1.7300667200505733,0.970448375698924,0.911125123500824,-1.442205548286438,-0.9565554857254028,1.5108797792464497,0.9764584297686816,-0.1491740779012441,-1.099839210510254,2.5501441955566406,1.3237693309783936
1773258091062154500,156.43915454101565,-0.6548124004870652,-1.60823672227934,2.005362501567602,-0.0486768260598182,-0.7696926593780518,-1.0226259231567385,-0.5092858853079378,-1.8251877207249405,0.9021551761955022,0.8728176951408386,-1.6807256937026978,-1.221626043319702,1.2762749045580626,1.3536281933516263,0.113034258505702,-1.2373403310775757,2.732438564300537,1.3871417045593262
1773258091072181800,156.449181640625,-0.8251508469700812,-1.8507574846588075,1.8693992028951645,-0.0351600274443626,-0.7871482968330383,-0.9963854551315308,-0.6856395004272461,-1.674573965409398,0.6893857012182474,0.8244863748550415,-1.8964771032333367,-1.4658927917480469,1.203168313423544,1.2933558032184838,0.4534814343690871,-1.3726375102996826,2.9049367904663086,1.382459044456482
1773258091082207700,156.45920776367188,-0.9097498691082,-2.1236606719508764,1.685557131716609,-0.0288773626089096,-0.7888697385787964,-0.9697256088256836,-1.004689229605347,-1.291719726449251,0.4501432298570871,0.7691482901573181,-2.065225839614868,-1.6626631021499634,1.589099329480529,1.261588207557797,0.8073062704607844,-1.505834698677063,3.039303541183472,1.3523147106170654
1773258091092233700,156.46923364257813,-1.0439081641852854,-2.256628588199616,1.5325211176902054,-0.0322184152901172,-0.7834404110908508,-0.939761757850647,-1.401357182123512,-0.7740577885925769,0.1500064370721578,0.7053255438804626,-2.187417268753052,-1.7892214059829712,1.8555010259240865,1.2720026340663433,1.0517974561303851,-1.6372259855270386,3.0934555530548096,1.2943809032440186
1773258091102260500,156.47926049804687,-1.2394260601103304,-2.288044009421766,1.395604463815689,-0.0393447652459144,-0.78350830078125,-0.9098560214042664,-1.871685560266673,-0.2430383565127849,-0.2241933707892894,0.6292791962623596,-2.241830348968506,-1.8357350826263428,2.138105376888812,1.3537977046996357,1.208383856114745,-1.7565726041793823,3.0332846641540527,1.2035365104675293
1773258091112286500,156.48928637695312,-1.4053776698112488,-2.2702672374516726,1.2632593556404113,-0.0516418740153312,-0.7764086127281189,-0.8878508806228638,-2.337254176662117,0.4168599689364433,-0.544958525583148,0.5365114808082581,-2.222142457962036,-1.8006871938705444,2.343717819718272,1.6463889044106006,1.3928452282354236,-1.848742842674256,2.8449370861053467,1.0963404178619385
1773258091122312400,156.4993125,-1.4630232185721397,-2.177454513719678,1.1045903041630982,-0.0679894238710403,-0.7599497437477112,-0.8748043179512024,-2.8167829293489453,1.0545447090119122,-0.7819587709754705,0.4283645153045654,-2.133142709732056,-1.6914607286453247,2.311460248583555,1.944656396192312,1.6705127073198556,-1.9157402515411377,2.505523204803467,0.9971629977226256
1773258091132339700,156.50933959960938,-1.3583131362974643,-1.9869361796475944,0.93020871976912,-0.0925691425800323,-0.7473599910736084,-0.8578750491142273,-3.285346197515726,1.6220990972846745,-0.9236743495643138,0.3201849460601806,-1.983890056610108,-1.5227625370025637,2.0402672262102364,1.9287158997386693,2.0567086579233407,-1.930197596549988,2.0328850746154785,0.8874068260192871
1773258091142365700,156.51936572265626,-1.3027093224972486,-1.7542315856225787,0.7475169876694678,-0.1230460926890373,-0.7409403920173645,-0.8410846590995789,-3.582242400944233,2.0580612415760755,-1.02976273445487,0.2044551521539688,-1.801445722579956,-1.3149563074111938,1.9366423088237643,1.820419191148877,2.513020639543236,-1.872422695159912,1.510339379310608,0.7769399881362915
1773258091152391700,156.5293916015625,-1.3836270257741212,-1.5052423578813672,0.4949053316473961,-0.1707053035497665,-0.7373821139335632,-0.825770378112793,-3.762089265006781,2.3003367970228195,-1.1510954502284527,0.0853312313556671,-1.6117403507232666,-1.0877429246902466,1.7192502886123957,1.5850655439198016,3.062961045192182,-1.7443066835403442,1.031338810920715,0.7036985754966736
1773258091162418700,156.53941870117188,-1.5488549973756074,-1.1990719840206203,0.156880414494872,-0.2305049896240234,-0.732387125492096,-0.8062965869903564,-3.870190743285417,2.409711363977194,-1.1168430520147083,-0.0195158217102289,-1.4180164337158203,-0.8465891480445862,1.184138472652435,1.331062141278386,3.7101752456352113,-1.6013559103012085,0.5896415114402771,0.6540636420249939
1773258091172444700,156.54944458007813,-1.5923586235374212,-0.8521122113928198,-0.2580132228046655,-0.3029980957508087,-0.7253538966178894,-0.786156952381134,-3.9900352663278578,2.391375496819616,-0.955108767747879,-0.0921036005020141,-1.2142388820648191,-0.6075639724731445,0.4439221633851528,0.7017378177911042,4.294692459146678,-1.4561069011688232,0.2724594175815582,0.5583817958831787
1773258091182470700,156.559470703125,-1.475828924131393,-0.4687359213199466,-0.706413992908597,-0.3803442716598511,-0.7368337512016296,-0.7541382908821106,-3.9726375568032255,2.281094336414337,-0.8295727550655603,-0.1268453299999237,-1.012176513671875,-0.38894984126091,0.2673702492147684,0.2759633055150509,4.663234679637849,-1.310565948486328,0.2201570570468902,0.4342289865016937
1773258091192497700,156.56949755859375,-1.3753577946007252,-0.1149926625644788,-1.182207212328911,-0.4592588543891907,-0.7569566369056702,-0.7126568555831909,-3.7246120595276353,2.003786630553007,-0.8566080615073441,-0.1540120244026184,-0.8338577151298523,-0.218715488910675,0.1872387278795242,-0.1290782153338193,4.787381576049327,-1.1718628406524658,0.3535053431987762,0.2859100103378296
1773258091202523600,156.57952368164064,-1.2820213392555713,0.190204263154231,-1.6456296104758976,-0.5354177951812744,-0.7722504138946533,-0.6509833931922913,-3.445570661741495,1.6620681195795537,-0.960932943856716,-0.1811059564352035,-0.6832221150398254,-0.099834106862545,0.3150537914097309,-0.5003951612353325,4.845680035760998,-1.049086332321167,0.5220645070075989,0.1399096399545669
1773258091212550700,156.58955053710935,-1.2063070498406887,0.5083328223668039,-2.0554577810794115,-0.6074711084365845,-0.7872121334075928,-0.5862419009208679,-3.212923935383558,1.3663935669004916,-0.9378846612244844,-0.1883762180805206,-0.5537574887275696,-0.0228761229664087,0.3074417089708149,-0.6091144791513681,4.9060897885382175,-0.947254717350006,0.6478754281997681,0.0477831736207008
1773258091222576600,156.59957666015626,-1.139639990234375,0.8721158656321465,-2.361485385468602,-0.6607034206390381,-0.8044238686561584,-0.5182844400405884,-3.0368554208159444,1.0871546007156372,-0.8184756069898604,-0.1696984022855758,-0.449344277381897,0.0127495154738426,0.0209264681726694,-0.6257762756168842,4.842549628780782,-0.8542808294296265,0.7108245491981506,-0.0270468574017286
1773258091232602600,156.6096025390625,-1.0458008460640906,1.2769909438729286,-2.5932816324770447,-0.6863821148872375,-0.8319823145866394,-0.4632261991500854,-2.847179236656427,0.7922253134459256,-0.7038491108566522,-0.1260754168033599,-0.3679743409156799,0.0106510743498802,0.102039986282587,-0.4934031103909015,4.723682718598842,-0.7685821056365967,0.7259657979011536,-0.0788852497935295
1773258091242629600,156.61962963867188,-0.9065694855064154,1.5398288103550672,-2.808985991862416,-0.6735390424728394,-0.8026337623596191,-0.3892406523227691,-2.641654325979948,0.4336439304769039,-0.6766998226463794,-0.0741834491491317,-0.3232715725898742,-0.0261953566223382,0.1246679976761341,-0.4372451698392629,4.533300431996584,-0.7154400944709778,0.7116941809654236,-0.0922247543931007
1773258091252655600,156.62965551757813,-0.8335019112080335,1.6574954048365351,-3.199481100964546,-0.6048319339752197,-0.7779737114906311,-0.3941102623939514,-2.370589313900471,0.0909305632472038,-0.6025304245859384,-0.0231976099312305,-0.3018505275249481,-0.0970358625054359,0.0107037648439407,-0.546310524713993,4.206036270572245,-0.6663429737091064,0.6905462741851807,-0.0990186184644699
1773258091262681600,156.639681640625,-0.8813082029998301,1.6221537500813603,-3.61264689155817,-0.4927949011325836,-0.7635132670402527,-0.4571038782596588,-2.046428671449423,-0.18715338768363,-0.5618523772388696,0.0238319505006074,-0.3083132207393646,-0.1968588531017303,0.0909112740248441,-0.6729816789060831,3.962628203964233,-0.6183089017868042,0.6929082274436951,-0.1076256930828094
1773258091272708600,156.64970849609375,-0.8343255025506019,1.571423972058296,-3.9767549289941786,-0.3677225410938263,-0.7416546940803528,-0.5488666296005249,-1.7315687951765957,-0.3886760769814252,-0.566864652442932,0.0599444136023521,-0.3281758725643158,-0.3105004727840423,0.1858107409030198,-0.9164134186506272,3.8018689022094008,-0.5684235692024231,0.7126226425170898,-0.1241522803902626
1773258091282734600,156.65973461914064,-0.7910276280939579,1.361515147209167,-4.211794103446603,-0.2697576284408569,-0.6890713572502136,-0.6627215147018433,-1.4479751409135757,-0.448545147010684,-0.514370495095849,0.0900003165006637,-0.3584330976009369,-0.4217614829540252,0.2002941704161465,-1.2130272980064154,3.639452480897307,-0.5239213109016418,0.748911440372467,-0.1506642997264862
1773258091292760600,156.66976049804688,-0.5995972937434911,0.8740631272424012,-4.143162465769052,-0.2026878446340561,-0.6315036416053772,-0.785468339920044,-1.3952655872501432,-0.4283458240687847,-0.3771908063709736,0.1360601484775543,-0.3636313378810882,-0.4921588599681854,0.1241806525506079,-1.4032663767457008,3.43541576295197,-0.4810509085655212,0.7930418252944946,-0.1669887006282806
1773258091302787600,156.67978759765626,-0.3847589035376906,0.2293202122837305,-3.665105977591872,-0.1487583070993423,-0.5790289640426636,-0.908154547214508,-1.4630816707611085,-0.3478787871688604,-0.3464870405495167,0.1806973963975906,-0.3464803099632263,-0.5127134323120117,-0.1578010364711284,-1.645981492653489,3.2653520417571067,-0.4341739416122436,0.8224178552627563,-0.1932133734226226
1773258091312813600,156.6898134765625,0.0772591807693243,-0.4222686961121857,-2.934507976019382,-0.0933190137147903,-0.5318228006362915,-1.0330854654312134,-1.429497381067276,-0.2605348502367735,-0.4713981993317603,0.2165597379207611,-0.3224669396877289,-0.5021123886108398,-0.2545535838700831,-1.7836907582104204,3.1540561513513325,-0.3544724881649017,0.8326727747917175,-0.2249171882867813
1773258091322840600,156.69984057617188,0.8581313255518674,-0.7664012094248086,-2.074323809590936,-0.0654527619481086,-0.5117111206054688,-1.1583251953125,-1.3270891459941865,-0.1986889271765947,-0.5619751268357038,0.2396538853645324,-0.2948862016201019,-0.4630592763423919,-0.4133633589923381,-1.999023361673951,3.1321184603095054,-0.2677391767501831,0.8130822777748108,-0.2363757193088531
1773258091332866600,156.70986645507813,1.5634142686039207,-0.7752966827377676,-1.2631225775182249,-0.0626349076628685,-0.5098167657852173,-1.2654268741607666,-1.282088120881468,-0.185911278668046,-0.5674719706863165,0.2457086443901062,-0.25853431224823,-0.3982816636562347,-0.632536417401582,-2.1908102543771264,2.93552036793232,-0.1794731318950653,0.7738757729530334,-0.2177829593420028
1773258091342892500,156.719892578125,1.9952175396502017,-0.6513803802117705,-0.6619920828580856,-0.0739440247416496,-0.4951256811618805,-1.3842531442642212,-1.2115024265266954,-0.2432826866626739,-0.5238403342306613,0.2341188192367553,-0.2251491844654083,-0.3258282542228699,-0.8885508676044642,-2.372000349742174,2.744805488374829,-0.0992941409349441,0.7044612765312195,-0.1928879916667938
1773258091352919600,156.72991943359375,1.9958277805030344,-0.4199760185977443,-0.2737812853008508,-0.0960537791252136,-0.4721467494964599,-1.5312174558639526,-1.116516450408846,-0.3644476446539163,-0.4228665158748626,0.2106667459011078,-0.1867934614419937,-0.2526325583457947,-0.8087712284468114,-2.525520347893238,2.564465580098331,-0.027401890605688,0.6099317073822021,-0.1640483140945434
1773258091362945500,156.73994555664063,1.9098308742657304,-0.0646710634835064,-0.1187678337216377,-0.1580439060926437,-0.4628363251686096,-1.652559518814087,-1.0862615973986685,-0.4811439327985048,-0.2050806740403175,0.197533369064331,-0.1528045982122421,-0.1907015591859817,-0.5656206437312066,-2.6898148380368947,2.430256139355898,0.0212668441236019,0.5229659080505371,-0.1244164854288101
1773258091372971500,156.74997143554688,1.804749620591104,0.393274291491881,-0.2354728896945714,-0.2509319484233856,-0.4509411454200744,-1.7048896551132202,-1.0501765769302844,-0.5717705446630716,0.0044312604457139,0.1871151030063629,-0.1326048821210861,-0.1567673236131668,-0.324968890094012,-2.820092492288351,2.267054705145955,0.0562746301293373,0.4658142030239105,-0.0732568949460983
1773258091382997800,156.75999780273438,1.669314437445998,0.7368002172134817,-0.6525280889421701,-0.3750973045825958,-0.4353592693805694,-1.713807463645935,-1.00954646037817,-0.5938040972948074,0.1512900471419095,0.1722008734941482,-0.1334826499223709,-0.1523755043745041,-0.1485381180852651,-2.836443907630444,2.292292899037897,0.0603130497038364,0.4413458704948425,-0.0143280606716871
1773258091393024000,156.77002392578126,1.599289299583435,0.9803519300758838,-1.2113187405228614,-0.5179170966148376,-0.4205957651138305,-1.692441701889038,-0.9689550684012472,-0.5667722979843616,0.2526128250658512,0.156825914978981,-0.1422400027513504,-0.1653999835252761,-0.0436890657313168,-2.635343243137002,2.2194310764446854,0.008849749341607,0.4106665551662445,0.0422128774225711
1773258091403050000,156.78005004882812,1.6260773532658814,1.363668233589828,-1.7871786003261805,-0.6455901265144348,-0.4145290851593017,-1.6323513984680176,-0.9948258611083032,-0.5370096124053001,0.3065829001843929,0.136541947722435,-0.1544386148452758,-0.1857436001300811,0.0454074139565229,-2.2467472456544635,1.935846482270956,-0.095198355615139,0.3626279234886169,0.1204602718353271
1773258091413077000,156.79007690429688,1.5958090562522411,1.7632859758242965,-2.175131039208173,-0.7206420302391052,-0.4062604606151581,-1.5947750806808472,-1.037978774136305,-0.4739455457270145,0.3596779460340738,0.1146473586559295,-0.1669782847166061,-0.2082460224628448,-0.1020171899288892,-1.8307137906700373,1.6077312569752336,-0.1916558742523193,0.2822704315185547,0.1838036626577377
1773258091423103000,156.80010302734374,1.602370314463973,1.974274412603676,-2.204017526474595,-0.7409542202949524,-0.3796285986900329,-1.5956658124923706,-1.0348493900693951,-0.4097416613638401,0.4218050241231918,0.0909268483519554,-0.1832850873470306,-0.2209935188293457,-0.0668441697388887,-1.5318781436115505,1.6486597719520328,-0.2587667107582092,0.194321408867836,0.2378213554620742
1773258091433129000,156.81012890625,1.8810329420655965,2.0287476149387658,-1.722996927794814,-0.7320483922958374,-0.3677590787410736,-1.5769808292388916,-0.9995851844646036,-0.3397434115082025,0.4601134197294712,0.0671133920550346,-0.1936564147472381,-0.218863770365715,0.0189012459553778,-1.3352987559348344,1.820318653383851,-0.3079311847686767,0.126127541065216,0.2825377583503723
1773258091443155700,156.82015576171875,2.106201879888773,1.9851637631475925,-0.8753285440683365,-0.7111790180206299,-0.3722352981567383,-1.5206727981567385,-0.9898772987902164,-0.2620879248976707,0.450775682541728,0.0421268083155155,-0.1996677070856094,-0.2046403586864471,0.1164430440358817,-1.264251873809099,1.9280881232291456,-0.3400124311447143,0.0795136988162994,0.318947970867157
1773258091453182000,156.83018188476564,2.0998095485031603,1.8416013876482844,-0.0186526780217885,-0.679642379283905,-0.3681724071502685,-1.4418305158615112,-1.0028829108357429,-0.1829308015525341,0.4365057496488094,0.0144537156447768,-0.1956826299428939,-0.1790991276502609,0.2238273139558732,-1.1582821468621491,2.113100407230854,-0.3403587937355041,0.059715200215578,0.3432637751102447
1773258091463208000,156.8402080078125,1.9993045167028904,1.5872935952328144,0.5829086092710495,-0.6341366767883301,-0.3363779783248901,-1.386412262916565,-1.0505087314940988,-0.1319055477142333,0.4285866470873355,-0.0148868625983595,-0.1778687536716461,-0.1402971297502517,0.2922178363539278,-0.97853114438951,2.3381495180666447,-0.325799822807312,0.0661573857069015,0.3587287664413452
1773258091473235000,156.85023486328126,1.8667267688155167,1.3191612756043671,0.8324071017086505,-0.5667018294334412,-0.3092783987522125,-1.3321905136108398,-1.087188502985239,-0.0875531957685947,0.3662029638886451,-0.0417639054358005,-0.1417873650789261,-0.0939561203122139,0.3043324909090996,-0.7126245379865169,2.470093059703708,-0.3204549252986908,0.1076310276985168,0.3824516534805298
1773258091483261000,156.86026098632811,1.777263063250482,1.1373614508431404,0.8030868992000818,-0.4886440634727478,-0.2904405295848846,-1.2659523487091064,-1.0972795427583155,-0.0242155728459358,0.3168435974359512,-0.0568126291036605,-0.0983288362622261,-0.0409946292638778,0.1484580385863781,-0.4351344612956047,2.451447980466485,-0.3369822204113006,0.1713990867137909,0.4106848835945129
1773258091493287700,156.87028759765624,1.6588675699725746,0.9967026147656142,0.5989069733917712,-0.397923469543457,-0.2785758972167969,-1.1991941928863523,-1.0864261403106152,0.0241816705763339,0.2293722347319126,-0.0531348884105682,-0.0535168051719665,0.0083524994552135,-0.0919441242039203,-0.1785100625008344,2.272561778129637,-0.3344806134700775,0.255372017621994,0.4187749028205871
1773258091503313700,156.88031372070313,1.524985461488366,0.8876626865930854,0.3689887952148914,-0.3107984364032745,-0.2671684920787811,-1.1586511135101318,-1.0440974031470716,0.0778735132753849,0.1173532907485961,-0.045346476137638,-0.0106750633567571,0.0541519448161125,-0.1227799919724464,0.0574269375741481,2.411332827699184,-0.280947595834732,0.3533630073070526,0.4068591296672821
1773258091513339600,156.89033959960938,1.359751352407038,0.8458914371818304,0.1843880146235227,-0.2399312108755111,-0.2538310289382934,-1.1237949132919312,-0.9638391866922378,0.1242751989662647,-0.0186444947153329,-0.0373835451900959,0.0291481614112854,0.0978119969367981,-0.0500122774034738,0.1930570587694644,2.595178113748133,-0.2097227424383163,0.4601632952690124,0.3812591135501861
1773258091523367000,156.9003669433594,1.1572618639037011,0.8676555252224206,0.1559697293907403,-0.1899463385343551,-0.2445469796657562,-1.0832935571670532,-0.9025532356023788,0.1549292804270982,-0.1391658941060304,-0.0234717242419719,0.0731483772397041,0.1430995762348175,0.0112352413721382,0.2043810013383626,2.555744513504207,-0.1364541202783584,0.5534181594848633,0.3565303385257721
1773258091533393000,156.91039282226564,1.0496651202768086,0.9490497599698604,0.2984428483486175,-0.1725579053163528,-0.2348264008760452,-1.042256474494934,-0.8131542658366262,0.1681137561708688,-0.243911047694087,-0.0120122898370027,0.1180711984634399,0.1937301605939865,0.0231307002186775,0.1200210486531257,2.4077619834750887,-0.0565454736351966,0.6183653473854065,0.3156892359256744
1773258091543419000,156.9204189453125,0.9868094356521964,1.0158657995928078,0.5276677835643291,-0.1902860254049301,-0.2134968787431717,-1.00300395488739,-0.7340497494615614,0.1501145736217498,-0.3873065421938896,1.69421546161e-05,0.1655068844556808,0.2425229996442794,0.1012520507752895,0.099947397917509,2.223556047420204,0.0177873466163873,0.658835768699646,0.2754422128200531
1773258091553446000,156.93044580078126,0.9412506305262446,1.0593496250756085,0.755002959510684,-0.2359957695007324,-0.1919905990362167,-0.9696705341339112,-0.674302113854885,0.157563136062026,-0.5549439130246638,0.0019121337682008,0.2179740071296692,0.2941762506961822,-0.0197613699160516,0.0689034403562545,1.936448247556388,0.0711893513798713,0.6898798942565918,0.2430477142333984
1773258091563472000,156.9404719238281,0.8874263936191796,1.0520024041179568,0.8984949001222848,-0.3009265661239624,-0.1767860800027847,-0.9500380158424376,-0.5901376837417484,0.1470206992596388,-0.7694330514013766,-0.0088451728224754,0.2689506411552429,0.3420271277427673,-0.2778090795122087,0.0420616106599569,1.5588842239588498,0.1191952228546142,0.7054596543312073,0.2047202885150909
1773258091573497900,156.95049780273436,0.7810638679623604,0.9356348364710808,0.9209726893901824,-0.3740145564079284,-0.168157011270523,-0.9248553514480592,-0.4972470724679529,0.1365700323939323,-0.8098913185179233,-0.0189097486436367,0.305087685585022,0.3908635973930359,-0.2981330517470836,0.02010463039577,1.325707628507912,0.1629540473222732,0.6995266675949097,0.1597862839698791
1773258091583524900,156.96052490234376,0.6922168329909444,0.7441367706466466,0.8319359770655631,-0.4380742311477661,-0.1624277532100677,-0.9073708653450012,-0.3654499535642564,0.0980745897829532,-0.7536667424708604,-0.0241993181407451,0.3409378230571747,0.4330712258815765,-0.1993001909427344,-0.0810603266179561,1.1259577941015362,0.1751268208026886,0.680519700050354,0.126400887966156
1773258091593550800,156.97055078125,0.627365590634942,0.5378208557229489,0.6657932287067174,-0.4758806228637695,-0.1468369364738464,-0.9077237248420716,-0.2357527295492589,0.1297895784735679,-0.6513292345464229,-0.0209242235869169,0.3869966864585876,0.4639842212200165,-0.255877818211168,-0.2364922958701849,0.8249208376064896,0.1838637441396713,0.650822103023529,0.100506380200386
1773258091603576800,156.98057690429687,0.5297732314109802,0.3520281984658912,0.4595423418432474,-0.4989185631275177,-0.1177988871932029,-0.9079239964485168,-0.1350244103871286,0.1839285804182291,-0.4922323130458593,-0.0117469709366559,0.4390095472335815,0.4823285937309265,-0.348352396029979,-0.3360714449971914,0.7213476504072547,0.2070194035768509,0.6068597435951233,0.0679905116558075
1773258091613603800,156.99060375976563,0.4928156658917665,0.2268649828850291,0.2677478503555059,-0.4948942959308624,-0.0916912108659744,-0.9135423302650452,0.0265315947033464,0.2224152552008628,-0.3196124776273966,-0.0017838873900473,0.4698604047298431,0.4864179491996765,-0.2752846756011247,-0.375559990298748,0.7670248212158679,0.2273770421743393,0.5409854054450989,0.015231592580676
1773258091623629800,157.0006298828125,0.4845721536815166,0.1717278184821829,0.0618745646327733,-0.4768132865428924,-0.0837003961205482,-0.9178273677825928,0.2298338608942925,0.2584381702184677,-0.1253150634080171,0.0071520833298563,0.4803087711334228,0.4698501527309418,-0.047747839602828,-0.4380529790908098,0.7152119241312146,0.2237759083509445,0.4768186807632446,-0.0422330312430858
1773258091633657000,157.01065698242186,0.5015452080532908,0.2006383076786994,-0.1258832186847925,-0.4625253081321716,-0.0913350060582161,-0.919805109500885,0.3505329549394548,0.3022574382007121,0.0735509739011526,0.0115162404254078,0.4760438203811645,0.4371225237846374,0.1005921255618333,-0.5800497127085924,0.5338774518594146,0.2129432708024978,0.4260311424732208,-0.0883882939815521
1773258091643683000,157.02068310546875,0.4698001164853572,0.2908896564900874,-0.2698088745385408,-0.4434722661972046,-0.0990805476903915,-0.9301690459251404,0.4153274986721575,0.3307347601443529,0.1795323912858963,0.0128659317269921,0.4689656496047973,0.3975820243358612,0.1581675316959619,-0.6585077478736638,0.3426958315730095,0.1997776627540588,0.3764209747314453,-0.1315195113420486
1773258091653709000,157.030708984375,0.4065010720074176,0.4108847304517403,-0.3813607855319976,-0.4314132928848266,-0.0900212377309799,-0.9457234144210817,0.4865957684636116,0.3716150520652532,0.1836146921634674,0.0100841987878084,0.4401651620864868,0.3473713994026184,0.1778625583775341,-0.6431430054813623,0.1887906334966421,0.171779915690422,0.3196479976177215,-0.163987711071968
1773258091663735800,157.04073583984376,0.3505997365653515,0.5230263509666547,-0.4893997199684381,-0.428811103105545,-0.0798780545592308,-0.9553973078727722,0.5362530949495733,0.4181874181479215,0.0768435857057571,0.0021975131239742,0.3962022364139557,0.2871991395950317,0.0256862299203872,-0.5475707539081573,-0.0565992545783519,0.1417194753885269,0.2484204173088073,-0.1919194757938385
1773258091673761800,157.05076171875,0.2689478737950325,0.6116068804889917,-0.6015361528515816,-0.4301313459873199,-0.079393059015274,-0.9618332982063292,0.5272013350963592,0.3948685018807649,-0.0552145222216844,-0.0071424162015318,0.3326140344142914,0.2189316302537918,-0.0546096881963312,-0.4665682949572801,-0.2296282553195953,0.1234261915087699,0.1694979071617126,-0.2137539237737655
1773258091683787800,157.06078784179687,0.1886599928542971,0.7228778556492179,-0.6930863093018531,-0.4382742345333099,-0.0691774412989616,-0.9708590507507324,0.5255448000609875,0.435818351906538,-0.2239566394239664,-0.0206289291381835,0.2593523263931274,0.1509206146001815,-0.091847678092122,-0.4097708874583244,-0.231995568972826,0.1190189197659492,0.0802708342671394,-0.2255072444677353
1773258091693814800,157.07081469726563,0.1230742987439036,0.8224495521221309,-0.7418745978683233,-0.4526389837265014,-0.0545077994465827,-0.9698537588119508,0.3830921393692493,0.4476777165263891,-0.3080623250871896,-0.0313618294894695,0.1801212579011917,0.0868019089102745,-0.1107270044766366,-0.4258089990675449,-0.1967410079792141,0.1204467266798019,-0.0055609354749321,-0.230515569448471
1773258091703841000,157.08084106445312,0.0885603269845247,0.9007046120610087,-0.7092302193731069,-0.4810327887535095,-0.0430775098502635,-0.9590895175933838,0.2068621506296098,0.4669669388860464,-0.3911456819653511,-0.0322246924042701,0.109163723886013,0.0339062064886093,-0.0386824896156787,-0.4251344608068466,-0.107185532477498,0.1186741217970848,-0.0895080342888832,-0.2253445088863372
1773258091713867000,157.09086694335937,0.0402083840087056,0.9224709651239216,-0.600912467995286,-0.5079488754272461,-0.030127516016364,-0.9463062286376952,0.0604594371378421,0.4813438392847776,-0.4473743496656417,-0.0208473522216081,0.04865413159132,-0.0091976383700966,0.0268408067829906,-0.4076373825609684,-0.0346077875226736,0.1046219542622566,-0.1679218858480453,-0.2174298614263534
1773258091723893800,157.10089379882814,-0.0106380061313509,0.8972033259417861,-0.4715320548444986,-0.5209179520606995,-0.019948648288846,-0.9429290294647216,-0.0603353723667562,0.435829457822442,-0.4397679663151502,-0.0072061084210872,-0.0094573767855763,-0.0388162471354007,0.1270790043406188,-0.3072340575695038,-0.01870586951375,0.0739548578858375,-0.233697697520256,-0.2149222195148468
1773258091733919700,157.1109196777344,-0.0589747515380382,0.7885553927615284,-0.333546894955635,-0.5167194604873657,-0.0047284173779189,-0.9400128722190856,-0.1817651187740266,0.3336801659464836,-0.5285013117790222,-0.0047220331616699,-0.0528322830796241,-0.0607635006308555,0.2161253612764179,-0.1717985821634531,-0.0036991467788815,0.0345703847706317,-0.2706263661384582,-0.2115755379199981
1773258091743945700,157.12094580078124,-0.0268798236191272,0.6228720786079764,-0.2030862853527069,-0.4983079731464386,0.0064336899667978,-0.9428917765617372,-0.3091267394483089,0.2713093422293663,-0.6644359688788652,-0.0118369339033961,-0.0821137353777885,-0.0731975361704826,0.2363483573548495,0.0131271925985813,0.01226239246279,-0.0112130809575319,-0.2867462038993835,-0.2043623626232147
1773258091753972700,157.13097265625,0.0413522933468222,0.4738830749500543,-0.0514478631645441,-0.4795435965061188,0.0129338409751653,-0.9418505430221558,-0.4244425330199301,0.2450420975506305,-0.787763657861948,-0.0263802073895931,-0.1081061884760856,-0.0789645984768867,0.1616330158494412,0.1663140132725238,-0.0291416310712695,-0.053501259535551,-0.2916072010993957,-0.1897580623626709
1773258091763999000,157.1409990234375,0.0524839282140135,0.3769863333074376,0.1001934816330671,-0.4600647091865539,0.0207105372101068,-0.9445009231567384,-0.493674620808661,0.2975140430659055,-0.955548912730813,-0.0496471785008907,-0.1215468943119049,-0.070917323231697,0.1139274079531431,0.2704442498326301,-0.0328264570638537,-0.0856557339429855,-0.2986126244068146,-0.1797008961439132
1773258091774026000,157.15102587890624,0.0619388620406389,0.4069384770439938,0.2038473328530788,-0.4486161172389984,0.0252438001334667,-0.9430133700370787,-0.5797616895474493,0.3769429690897464,-1.1195885513305663,-0.070676289498806,-0.1167683824896812,-0.0573091097176075,0.1150917755573987,0.2703092252761125,-0.0428960156574845,-0.1097856536507606,-0.3104468882083893,-0.1572580486536026
1773258091784052000,157.16105200195312,0.1050923595905303,0.5238258673138916,0.2658873171806335,-0.4438426792621612,0.0212714280933141,-0.9307822585105896,-0.656475511393696,0.4133417316824198,-1.27786480409801,-0.0869583263993263,-0.0928345546126365,-0.0368216782808303,-0.0128261638253927,0.1712029543578624,-0.1528016207486391,-0.1138243377208709,-0.3361360132694244,-0.1481859982013702
1773258091794078000,157.17107788085937,0.14504150814116,0.7277716921053826,0.3169628399014473,-0.4560729563236236,0.0246793702244758,-0.9144971966743468,-0.6422587699927389,0.400465298974514,-1.4079980814427135,-0.0973517745733261,-0.0585040152072906,-0.0147183099761605,-0.0164981303364038,0.0518254643052816,-0.1408691908925771,-0.08980193734169,-0.3720065653324127,-0.156323492527008
1773258091804104700,157.18110473632814,0.148027245953679,1.0167244622487577,0.3575070317357778,-0.4801585674285888,0.0354182980954647,-0.8938369154930115,-0.5792414650656282,0.3446457965970039,-1.4248545236974954,-0.1004761904478073,-0.0111791109666228,0.0071755377575755,0.1531435660541057,-0.0829670370221137,0.0137026543989777,-0.0471018776297569,-0.4065584242343902,-0.1655590683221817
1773258091814130700,157.1911306152344,0.2009881440296769,1.3219270870558917,0.36270635394454,-0.5124273896217346,0.0429111383855342,-0.8569355607032776,-0.5106804084062576,0.2919458875447511,-1.4022013778626918,-0.1035313531756401,0.0455011241137981,0.0271321814507246,0.2710124051094055,-0.2784779186844826,0.0972924994945526,-0.0045665348879992,-0.4314101040363312,-0.1745953559875488
1773258091824156700,157.20115673828124,0.2538467507749796,1.5645326051093638,0.3633458208918571,-0.5386970639228821,0.0592538937926292,-0.821409285068512,-0.4211794395707547,0.2762964829921722,-1.3857120153546332,-0.1089695319533348,0.1020610705018043,0.0436664186418056,0.4385072987295687,-0.4389455440163612,0.1024517819538712,0.0303826592862606,-0.4459693431854248,-0.18022021651268
1773258091834184000,157.21118383789062,0.19670213727355,1.6760457915276288,0.3312731048047542,-0.5538815855979919,0.0793357118964195,-0.782162070274353,-0.357886240311712,0.3191407684624195,-1.306830201819539,-0.108600303530693,0.1493594348430633,0.0517175756394863,0.4998026021696626,-0.5211299062281847,0.1092126543909311,0.0608158558607101,-0.4506791830062866,-0.1877519339323043
1773258091844210000,157.2212099609375,0.1586754812180995,1.6323939890667796,0.2377227144479751,-0.5446968674659729,0.1122547835111618,-0.7514574527740479,-0.2985245352827012,0.3912257614642381,-1.1920207503348588,-0.1001591458916664,0.1901233792304992,0.0582401901483535,0.5190419940382242,-0.4965688809454441,0.1324845166459679,0.0868969932198524,-0.4346219301223755,-0.1846536099910736
1773258091854236000,157.23123583984375,-0.0412216527044773,1.4282725154474376,0.1022539212942123,-0.5100374817848206,0.1572455167770385,-0.7349520921707153,-0.2629647077322006,0.4673766887307167,-1.0722036998212336,-0.0921664386987686,0.2227298766374588,0.0519287288188934,0.4608702294461428,-0.3659083648562431,0.1783013881862163,0.1112634241580963,-0.4044994711875915,-0.1679821163415908
1773258091864263000,157.24126293945312,-0.2679290521413087,1.1253418541602789,-0.0416360787242651,-0.4554674625396728,0.1881541758775711,-0.7164939641952515,-0.2211912663638591,0.5494236882984638,-0.9478121809989212,-0.0844459310173988,0.2361881583929062,0.0365311279892921,0.3738052555859089,-0.2083142491340637,0.2540989719703793,0.1232468485832214,-0.3544557392597198,-0.1284946203231811
1773258091874289000,157.25128881835937,-0.3630985681325197,0.7225726621575653,-0.0901870514035224,-0.391274631023407,0.1609917134046554,-0.7097466588020325,-0.13642507096529,0.606774053505063,-0.8074690598070621,-0.0775532573461532,0.236087754368782,0.0111145759001374,0.1755167259037494,0.000697334614396,0.2121250395938754,0.1084213480353355,-0.2725423872470855,-0.0678321421146392
1773258091884315000,157.26131494140623,-0.5413549481332302,0.3346289180386811,0.0059276364833116,-0.331464558839798,0.1120734363794326,-0.7346283197402954,-0.0626901187993586,0.6688958708971738,-0.6424415792137385,-0.0744948834180831,0.223631352186203,-0.0181825924664735,-0.1978701581396162,0.1165881515949964,0.0154018595322966,0.1097619831562042,-0.1692679226398468,-0.0229243151843547
1773258091894342000,157.271341796875,-0.7649848398208617,0.0500052266081795,0.1390343766808509,-0.2810640335083008,0.0970829650759697,-0.7763679623603821,0.0103225104413926,0.7039338665306568,-0.5017436532348394,-0.0673543736338615,0.2042910307645797,-0.0547355860471725,-0.1558610083192586,0.1250835927397012,0.187888131698966,0.1424992233514785,-0.045559175312519,-0.0011943415738642
1773258091904367900,157.28136791992188,-0.8653308816671371,-0.1306348975907545,0.1916512836247682,-0.2495487183332443,0.1295543611049652,-0.8058957457542419,0.0737736767411232,0.7848889792084693,-0.3961550345599651,-0.0603052526712417,0.1821561604738235,-0.0962878242135047,0.1138017357468604,-0.007141103926301,0.4360995069354772,0.1582728624343872,0.0897400602698326,0.0165199413895607
1773258091914393900,157.29139379882812,-0.7048731932073831,-0.2677910319101065,0.1916004302203655,-0.235763743519783,0.1657296121120453,-0.8344159722328186,0.0964683236300945,0.8789701154410838,-0.3424807275176048,-0.0492403768002986,0.1680388450622558,-0.1390685588121414,0.3804771345652639,-0.2348398524880409,0.4677069435983896,0.1450306624174118,0.2158101797103881,0.0334217362105846
1773258091924420900,157.3014208984375,-0.5969686988055706,-0.3681545363478362,0.2007587191879749,-0.2340681105852127,0.1854881346225738,-0.8705382943153381,0.1235607670865952,1.0003162752181292,-0.349677361023426,-0.0357690416276454,0.1576045900583267,-0.1811004281044006,0.573369796553254,-0.327157486179471,0.4146107287049293,0.1102729514241218,0.3197088837623596,0.0511037968099117
1773258091934446800,157.31144677734375,-0.4491498349055647,-0.4460440509099513,0.212431621325016,-0.2438918650150299,0.2172748893499374,-0.892510712146759,0.1632522876143455,1.093745669543743,-0.3894014686465263,-0.0279188863933086,0.1448144018650055,-0.2204682976007461,0.6449510778166353,-0.168706461367011,0.3555094281777739,0.0617866180837154,0.3868239820003509,0.0627212822437286
1773258091944473900,157.32147387695312,-0.1765744182631373,-0.4466637171782553,0.2051204215288162,-0.2576651871204376,0.2396382540464401,-0.8820918798446655,0.193356333976984,1.146467790427804,-0.4378086489409208,-0.021851671859622,0.1356991976499557,-0.2574992775917053,0.6624281361877918,0.0739139619946479,0.2481310034766793,0.002630888717249,0.41864874958992,0.088351272046566
1773258091954499800,157.33149975585937,0.0514905332624912,-0.3841004030963406,0.1619371133625507,-0.2860190570354461,0.2451505362987518,-0.853039562702179,0.2127086847007274,1.1636188317149876,-0.5406511837780476,-0.0114783002063632,0.13320292532444,-0.297795683145523,0.4843291387058794,0.2918862663120031,0.0693736882165074,-0.0625278055667877,0.4146193563938141,0.1156176328659057
1773258091964525800,157.34152587890625,0.1900198830306529,-0.2502391547370702,0.1100730706125497,-0.3150318264961242,0.235980749130249,-0.8128516674041748,0.2611198105178773,1.1625661077916625,-0.6016933892399072,-0.0053801941685378,0.1299184411764145,-0.337399810552597,0.3484964806757867,0.3785585875928401,-0.0568014991521835,-0.0932649448513984,0.3632411360740661,0.1216052174568176
1773258091974552800,157.351552734375,0.2644102303653955,-0.0521035460277227,0.0845540139526128,-0.3372385501861572,0.2190685123205185,-0.7497669458389282,0.3011713965296745,1.2014952656447886,-0.6153519122362137,0.0145255532115697,0.1275521516799926,-0.3816731870174408,0.4321108756907284,0.3771364458352327,0.033428222349286,-0.0922487005591392,0.2631035149097442,0.1218189001083374
1773258091984578800,157.36157885742188,0.4327127871066331,0.1434080434541217,0.130906599804759,-0.3560852110385895,0.1759237051010131,-0.6576524972915649,0.3388707203269004,1.1660703165203332,-0.6532143176406622,0.0330041609704494,0.1236745715141296,-0.4262105524539947,0.6213019066818058,0.2703945654720068,0.1433046013459563,-0.0842629447579383,0.1266615092754364,0.1230447515845298
1773258091994604800,157.37160473632812,0.6611907033473253,0.3616362039623781,0.2766021879404783,-0.3694582283496856,0.1148872300982475,-0.5681314468383789,0.3781445999644696,1.062742043992877,-0.6896949132978916,0.0490765050053596,0.1160468384623527,-0.4700125753879547,0.772257022780925,0.1054576857715845,0.1802414163380861,-0.0766787678003311,-0.0253411568701267,0.1257197111845016
1773258092004631800,157.3816318359375,0.8599462660193443,0.5820747157301753,0.4035661875993013,-0.3659543097019195,0.0516930781304836,-0.48250812292099,0.3800244954269379,0.9279881211102008,-0.6694482440829277,0.0645832866430282,0.1071686595678329,-0.5040927529335022,0.941996918848902,0.0252519301563501,0.2023392663776874,-0.0850197896361351,-0.1855380237102508,0.1275647431612014
1773258092014658000,157.39165795898438,0.9902657135859132,0.6644825844995678,0.4903279407292604,-0.3488461077213287,-0.0020705629140138,-0.3995539546012878,0.3334054406583309,0.7638473602235317,-0.6505564966082572,0.0897408947348594,0.095837265253067,-0.5285110473632812,1.044971994024515,0.0404021530151367,0.2094634191691875,-0.1057213693857193,-0.3372275233268738,0.1325300186872482
1773258092024684000,157.40168408203124,0.9750012166976928,0.6178793118219822,0.5180944840550422,-0.3280982375144958,-0.0375135093927383,-0.3164867460727691,0.2570738961279392,0.5593506235510111,-0.642144057571888,0.1266019791364669,0.0772340148687362,-0.5490333437919617,1.1059978328734636,0.1089817682445049,0.2227820426866412,-0.124815434217453,-0.4544374942779541,0.14285509288311
1773258092034710800,157.41171069335937,0.8918152762278914,0.3971524115668609,0.4449994372278452,-0.3023313879966736,-0.0452845133841037,-0.2386021018028259,0.1427014478210359,0.3560585864931345,-0.638583734741807,0.175498679280281,0.0507440865039825,-0.5737376809120178,1.024994204878807,0.163383805039525,0.2742743295148014,-0.1424605995416641,-0.521851122379303,0.1669999957084655
1773258092044736800,157.42173681640625,0.770965667796135,0.1291588793545961,0.2503349432617426,-0.2814860343933105,-0.0303756054490804,-0.153434470295906,0.0269813842974603,0.1872229457885026,-0.738501322042942,0.2225804328918457,0.0130587629973888,-0.6047216653823853,0.8797625809930264,0.1131482402741908,0.3326546222910285,-0.1321573704481125,-0.5482281446456909,0.166407436132431
1773258092054762800,157.4317626953125,0.7263210549056529,-0.1271543254659976,0.0426788657754659,-0.2577688992023468,-0.0072601870633661,-0.0629956498742103,-0.0915197613120079,0.0127145201444625,-0.9041185852229596,0.269120842218399,-0.024828165769577,-0.6339536905288696,1.0093800177700818,-0.0316121128380298,0.5939268468916415,-0.0921283215284347,-0.5292882323265076,0.1540360152721405
1773258092064789800,157.44178979492187,0.7430956640958786,-0.3331536578543484,-0.1058802950978279,-0.2476219981908798,0.0100873773917555,0.0231589451432228,-0.289828310868889,-0.1062117190092802,-1.007237598913908,0.3097454905509949,-0.0565192513167858,-0.6497630476951599,1.1583937905430792,-0.2472498367279768,0.8313561313509941,-0.0534815900027751,-0.4743064641952514,0.1491882652044296
1773258092074815700,157.45181567382812,0.7806219694137573,-0.4313012032756582,-0.1738397326022386,-0.2367936223745346,0.0116393081843853,0.0817267596721649,-0.4937783003788441,-0.2023036105424165,-1.0352858817905186,0.3427064418792724,-0.0862558409571647,-0.6477710604667664,1.2648716131426394,-0.4748825343161821,0.9082432639375329,-0.0224718526005744,-0.3980517983436584,0.1396137177944183
1773258092084842000,157.4618420410156,0.8185814054518937,-0.4300449196042493,-0.2029775642812251,-0.215805783867836,0.009761513210833,0.1330285668373108,-0.6504372541427612,-0.2292980004519224,-0.9482593402445316,0.366058886051178,-0.1178108379244804,-0.6218385100364685,1.322252958009392,-0.5930073939591646,0.9404565575391054,8.0859841546e-05,-0.3154213726520538,0.1367486864328384
1773258092094869000,157.47186889648438,0.8766296897947787,-0.4200377587223425,-0.249106862771511,-0.1864658147096634,0.0071184309199452,0.1669219732284546,-0.7466695039946586,-0.1684399193853139,-0.7598065604001283,0.3698972463607788,-0.1479535698890686,-0.5801098942756653,1.3505471784710883,-0.6178022279977798,0.9564528758332131,0.017395406961441,-0.2350403070449829,0.130581721663475
1773258092104895000,157.48189501953124,0.9109463854163884,-0.4592401440262794,-0.3475789274394512,-0.1378788352012634,0.002070142654702,0.1918534338474273,-0.8097486951768398,-0.0344452904373407,-0.4631020801514386,0.359159380197525,-0.1699952185153961,-0.518107533454895,1.3667175381578505,-0.6241127263188362,0.9546581013709308,0.0350300632417202,-0.154837891459465,0.1335263848304748
1773258092114921700,157.49192163085937,0.9131246062383056,-0.5203660822488367,-0.5040764800965786,-0.0842270180583,0.0023028943687677,0.2120860666036605,-0.8151707202255726,0.0939367593258619,-0.2056903303712606,0.3373050093650818,-0.1754159927368164,-0.4455800950527191,1.3401352361805736,-0.6058347268283367,0.9160141901999712,0.0593430809676647,-0.0768897607922554,0.133502572774887
1773258092124947700,157.50194775390625,0.8925596648544073,-0.5749483344489709,-0.6988759986191988,-0.0280542951077222,-0.0027011851780116,0.2283377349376678,-0.8136592927493155,0.2065279502391815,-0.0441799179881811,0.3074371218681335,-0.1626932621002197,-0.3648021519184112,1.3422867151260376,-0.616136340612173,0.915292890188098,0.0987075269222259,-0.0107275191694498,0.1370467096567154
1773258092134973700,157.5119736328125,0.8434075114116072,-0.6085366792634129,-0.8865946189701557,0.0276330113410949,0.0013656164519488,0.2411246001720428,-0.8086405147392303,0.2814280006617307,0.0426601610749959,0.2724614143371582,-0.1228838041424751,-0.2809188365936279,1.3726895983047782,-0.6353811393082142,0.9152271314755082,0.1460506170988083,0.0446223393082618,0.1427879780530929
1773258092145001000,157.5220009765625,0.8054659032911061,-0.6775014213528484,-1.0283148737341166,0.0745957270264625,0.0058298734948039,0.258695900440216,-0.8122831820905209,0.3163058372974395,0.0378805255830287,0.2340402603149414,-0.0658034682273864,-0.19891157746315,1.348632284760475,-0.6161036073863506,0.8880825194403529,0.1888311058282852,0.0916793346405029,0.1677388697862625
1773258092155027000,157.53202685546876,0.7974784116685391,-0.7996336900062858,-1.0490525413364171,0.1074191480875015,-0.0044476077891886,0.2724742889404297,-0.7734593112427741,0.3299006474077701,0.0320925898313522,0.1996166855096817,-0.0020944466814398,-0.1259651035070419,1.1358382598638534,-0.5800029509574175,0.7711997688129544,0.2337133884429931,0.1135469228029251,0.1800258159637451
1773258092165053000,157.5420529785156,0.7659741431191563,-0.9654485946502536,-0.9739140059828758,0.1277459859848022,-0.0381507091224193,0.279320478439331,-0.6889327698189764,0.3301122443318366,0.0080693246871232,0.1759989857673645,0.0569449067115783,-0.0665872767567634,1.1715136766180396,-0.4840034138828515,0.7185381459444761,0.2947248220443725,0.1371673047542572,0.1814588755369186
1773258092175080000,157.55207983398438,0.7628513349235058,-1.1421705316253006,-0.8078139277219771,0.1280409544706344,-0.0773826763033866,0.2760824561119079,-0.6255588334739208,0.2673322552919387,-0.0239367559045553,0.1622767895460128,0.1138326004147529,-0.0222411230206489,1.2497662523388862,-0.3725754215300083,0.7947638920128345,0.3541189134120941,0.1728853583335876,0.191740795969963
1773258092185106000,157.56210595703126,0.7653624409615993,-1.276264967685938,-0.6063759940981864,0.1104608923196792,-0.1139236390590667,0.2634124755859375,-0.5301251135885715,0.1619032110929489,-0.0556283637195825,0.1522374749183654,0.1605345904827118,0.003049052786082,1.246717970684171,-0.2683727042555809,0.7967498051330447,0.3925704061985016,0.2231053858995437,0.2038896083831787
1773258092195132000,157.5721318359375,0.7782353665381669,-1.349568981088698,-0.370142056903243,0.0816052481532096,-0.138270691037178,0.247359961271286,-0.4114087908584624,0.0697498280525207,-0.0759475136488676,0.1479171365499496,0.1877045184373855,0.0138139622285962,1.296916856700927,0.1484802504181862,0.5835334631711244,0.4143182635307312,0.4555315673351288,0.2276783585548401
1773258092205159000,157.5821589355469,0.8181541199505329,-1.3771550532810388,-0.1144306813001632,0.0366875678300857,-0.1490349173545837,0.2275835871696472,-0.2810334483861923,0.0036065000593662,-0.0867068080723285,0.142992153763771,0.1995105743408203,0.0118059394881129,1.2604416678711772,0.3098614834636449,0.5445695262655615,0.3964018523693084,0.5299405455589294,0.236255332827568
1773258092215185000,157.59218481445313,0.8698048122107982,-1.4011220581933854,0.0836281312793493,-0.0114017752930521,-0.1596160680055618,0.2040037959814071,-0.2112029563128948,-0.0105634795904159,-0.09591711948812,0.1393152475357055,0.2000049501657486,0.0070542157627642,1.2026429743751883,0.4967904147416352,0.4773173602476716,0.3663092851638794,0.603825569152832,0.245504692196846
1773258092225211000,157.6022109375,0.9104694155544042,-1.4171797512859106,0.1995586957484483,-0.0480631180107593,-0.1650124341249466,0.1784331947565078,-0.1669277612566947,0.0063619362473487,-0.0966664765506982,0.1375420987606048,0.1996864378452301,0.0022922174539417,1.0945277598321437,0.7031406703263521,0.349494697932899,0.3329348266124725,0.6888898611068726,0.2437795102596283
1773258092235238000,157.61223779296876,0.9472957559093832,-1.4105975964166224,0.2318634670257568,-0.0736232623457908,-0.167478546500206,0.1469651460647583,-0.1322621060669422,-0.0047270285218954,-0.0876823751062154,0.1408511698246002,0.1960115283727646,0.0005038301460444,1.0394922474391757,0.8964607639461756,0.2528320207744837,0.2925176322460174,0.7801305651664734,0.2390433251857757
1773258092245264000,157.6222639160156,1.0172083733081818,-1.39241355881989,0.2305681665182113,-0.0821586921811103,-0.1718320250511169,0.1137222349643707,-0.124558107560873,-0.0171212306708097,-0.0438251132011413,0.1496193557977676,0.19313345849514,-0.003638716880232,0.9330017114885152,1.0069564438849687,0.1803404927983879,0.2476332485675811,0.8702974915504456,0.2227647453546524
1773258092255289900,157.6322897949219,1.0824836862951517,-1.366228439466655,0.1857318304479122,-0.0732210129499435,-0.1748943328857422,0.0737335383892059,-0.0963865270981565,-0.0663853200554847,-0.0060848728716373,0.1640669554471969,0.182474598288536,-0.0083551257848739,0.80354238788262,0.97176121186316,0.1085085977748036,0.2129125744104385,0.9361056089401244,0.1796489059925079
1773258092265316900,157.64231689453126,1.1008294903248548,-1.3271796007566152,0.092090254676342,-0.0511199682950973,-0.1754128485918045,0.0285772457718849,-0.0463023169696331,-0.1217863047599792,0.0129594348162412,0.1756367832422256,0.1606795638799667,-0.0245807003229856,0.8191590592093765,0.81116557623744,0.1246747196778655,0.1903649270534515,0.9706385731697084,0.122715838253498
1773258092275342800,157.6523427734375,1.113561546126008,-1.2793503664806485,-0.0251531459569931,-0.0212696641683578,-0.1766126155853271,-0.0277075972408056,-0.0309527721464633,-0.1980073746532201,0.0554249501019716,0.1894194185733795,0.1292119920253753,-0.0435786098241806,0.8582154967039823,0.5194248558759689,0.0924228476315736,0.1734867542982101,0.9620568156242372,0.0499363206326961
1773258092285368800,157.66236889648437,1.0803928514957428,-1.209039543544501,-0.1752823326259851,0.0100512411445379,-0.1730975061655044,-0.0938980728387832,-0.0297287833094596,-0.2509790863841772,0.0880085383206605,0.2004209458827972,0.0908723399043083,-0.0667185485363006,0.9062684567332268,0.1914911246269941,-0.0301473009824752,0.1687378138303756,0.9074692130088806,-0.031119916588068
1773258092295395800,157.67239575195313,1.04945761500597,-1.1399413112685084,-0.2872726350367069,0.0304355323314666,-0.1715129017829895,-0.1708214730024337,-0.0378922890860587,-0.3118026806592941,0.0757353322029113,0.2039496004581451,0.0487846247851848,-0.0909863039851188,0.8868776736952364,-0.0612614011704921,-0.181755912554264,0.1710430383682251,0.8073140978813171,-0.1111010387539863
1773258092305421800,157.682421875,0.9763274968653916,-1.115885459028929,-0.3642383858174085,0.0451590828597545,-0.1744000315666198,-0.2574716806411743,-0.0589221445679664,-0.3500216444164514,0.0734469290047884,0.2015359848737716,0.0037284661084413,-0.1082590371370315,0.7365924196816981,-0.1974643538177013,-0.3600666530907154,0.1705540865659713,0.6549975275993347,-0.1849893629550933
1773258092315448800,157.69244873046875,0.8995324264764786,-1.1767014545194805,-0.4076017267256975,0.0499516688287258,-0.1713687926530838,-0.3313309550285339,-0.1371020203787833,-0.3679682199954986,0.0659831689953804,0.1904155313968658,-0.034924566745758,-0.1174715608358383,0.5627554635584354,-0.2533575059533119,-0.567832620692253,0.1757380366325378,0.4571017622947693,-0.2463490068912506
1773258092325475000,157.70247509765625,0.9101073042437434,-1.2167710876446216,-0.4066758440524339,0.0533048547804355,-0.1768788695335388,-0.3967259228229522,-0.2125404154617339,-0.3695464290976524,0.0345686245560646,0.1728016436100006,-0.0623295567929744,-0.114542618393898,0.3960201561339199,-0.2427998715817928,-0.7154808042004704,0.1829679906368255,0.2211962789297104,-0.2915396690368652
1773258092335501000,157.7125009765625,0.9146052001848816,-1.29555872009024,-0.320008783468604,0.0598801597952842,-0.2028176188468933,-0.4587045609951019,-0.2998515461027622,-0.3661380819588899,-0.034191023415327,0.1485824733972549,-0.0743963420391082,-0.0978940054774284,0.240320914247632,-0.2092564984202385,-0.7668219921201467,0.1882449984550476,-0.0253208521753549,-0.3170753717422485
1773258092345527800,157.72252783203126,0.8436386898189783,-1.3292591835096477,-0.1307464408069849,0.0653470978140831,-0.2337986975908279,-0.4957435429096222,-0.380907233078219,-0.3039665802061557,-0.1115004730671644,0.1226302459836006,-0.0703771039843559,-0.0697396025061607,0.0895072524458169,-0.2040244429856538,-0.7741694322735071,0.2032521814107895,-0.2527803778648376,-0.3362205922603607
1773258092355553800,157.7325537109375,0.7131088143721223,-1.2202359872762114,0.0586924274653196,0.070168025791645,-0.2510087788105011,-0.5071345567703247,-0.4721054708182811,-0.2097293766289949,-0.1928033762693405,0.0924183055758476,-0.044692687690258,-0.0244698878377676,0.0737784990467131,-0.1991466078162193,-0.6356456354632973,0.2131505459547042,-0.4322365522384643,-0.3418906629085541
1773258092365579800,157.74257983398437,0.6183803201466799,-0.9631517889499664,0.2219458841234445,0.0705555155873298,-0.2505467236042022,-0.4736934602260589,-0.583711815412715,-0.1013712932407855,-0.2610270176678896,0.0661576762795448,0.0007981013040989,0.0352983698248863,0.0425458870455622,-0.2007429370969533,-0.4612152434915303,0.2087065428495407,-0.5517131686210632,-0.3345176875591278
1773258092375606800,157.75260668945313,0.5204641357958316,-0.5551657390818,0.3036573681265115,0.0555780157446861,-0.2342443913221359,-0.4092277884483337,-0.6554618773717433,-0.0325596228212118,-0.2675017666399479,0.0441010892391204,0.0558036491274833,0.1040854379534721,-0.0212403564274311,-0.1920049193680286,-0.3208744603872299,0.1890964955091476,-0.6074371337890625,-0.3261107802391052
1773258092385633300,157.76263330078126,0.3384036873370409,-0.0515879474886693,0.2638900058835745,0.0315871983766555,-0.1941366493701934,-0.3133601248264313,-0.6547217995941639,-0.0024509002834558,-0.2610147427082062,0.0289777964353561,0.1148275583982467,0.1714663505554199,-0.0730510615549981,-0.1353150638967752,-0.1700683973699808,0.1623711287975311,-0.6049531698226929,-0.3083155453205108
1773258092395659300,157.7726591796875,0.0986024130493402,0.5352029648421331,0.0322708690077066,0.015751015394926,-0.1508841067552566,-0.203362375497818,-0.5892763907372951,-0.0103390231847763,-0.2143447614699602,0.0172526892274618,0.16901595890522,0.2290660142898559,-0.1320570850141346,-0.07758417493999,0.0005564648389816,0.1324975788593292,-0.5520182251930237,-0.288682609796524
1773258092405686000,157.78268603515625,-0.1885907270103693,1.1599288911558687,-0.3195440885663032,0.007542354054749,-0.125656247138977,-0.0926491767168045,-0.5202759928125887,-0.0701478874593973,-0.1741495292037725,0.0046833688393235,0.2113176137208938,0.2704784274101257,-0.2014753430247306,-0.0496510428756475,0.0889899505734443,0.1058204248547554,-0.4562583863735199,-0.2614965438842773
1773258092415712300,157.79271215820313,-0.4398217423290014,1.6619221352376043,-0.7091290970861911,0.0073518226854503,-0.1010208949446678,0.015361376106739,-0.4332289199352264,-0.1418406662732362,-0.1174094048500061,-0.0067244037054479,0.2470668107271194,0.2932003736495971,-0.3327382089212536,-0.0617319412916898,0.1525990839138627,0.0934279710054397,-0.3408412337303161,-0.2376076877117157
1773258092425738200,157.80273828125,-0.4829243864744901,1.94279045618996,-1.0358125360131265,0.0075379777699708,-0.083996370434761,0.1150453612208366,-0.3327963688492775,-0.1903665045112371,-0.0798264009088277,-0.0121085159480571,0.2705564498901367,0.2984936833381653,-0.3256447435289621,-0.0740939947366714,0.2756970557942986,0.0934753715991973,-0.2209915071725845,-0.2147923856973648
1773258092435765200,157.81276513671875,-0.3710480658322572,1.9110981177225708,-1.1857815636843445,0.0079863015562295,-0.0837838053703308,0.1910465061664581,-0.237553203099966,-0.226879833394289,-0.0558750319570302,-0.018376300111413,0.2819253802299499,0.2889143228530884,-0.3237777806133031,-0.0756435622662305,0.38702597168684,0.0962819084525108,-0.100192442536354,-0.1887362003326416
1773258092445791200,157.82279125976564,-0.2287315987408161,1.5101193162679671,-1.107007886698842,0.0113823655992746,-0.0999763533473014,0.2233690321445465,-0.109915834224224,-0.2664735926359892,-0.0642991614311933,-0.025015028193593,0.2833701372146606,0.271786481142044,-0.3736309219323098,-0.0777548553317785,0.3998433676838874,0.096100278198719,0.0212162770330905,-0.1689877957105636
1773258092455817200,157.83281713867189,-0.1208203823372721,0.8407889994762837,-0.8342425004422664,0.0214416198432445,-0.1248735338449478,0.2130719125270843,-0.0226034614741802,-0.3022895869046449,-0.0700701460480689,-0.0366191491484642,0.2811838686466217,0.2505681812763214,-0.3883972600400447,0.0055938744843006,0.3705664197951555,0.0987475886940956,0.1272923052310943,-0.1589077562093734
1773258092465844200,157.84284423828126,-0.0201893860697746,0.0473562830019742,-0.4758662846565246,0.0415207855403423,-0.1356864869594574,0.1779858469963073,0.0493301403582096,-0.3154179485470056,-0.0846405231922864,-0.0439926460385322,0.2768825888633728,0.2276985645294189,-0.3293669789224863,0.1293102705240249,0.3690092534810304,0.095561645925045,0.2138056308031082,-0.1586060225963592
1773258092475870200,157.8528701171875,0.0840764595687389,-0.7249719053190201,-0.0978121394544839,0.0659599378705024,-0.1325312256813049,0.1298215836286544,0.1190869461407884,-0.2906803976535796,-0.0718453390270471,-0.0505814589560031,0.273284763097763,0.2058951407670974,-0.2679271524451673,0.1913935094714164,0.2937581976637244,0.082204982638359,0.2802081704139709,-0.1596741825342178
1773258092485896400,157.862896484375,0.1342012574359774,-1.3737331160083412,0.2411129414081573,0.0802091807126998,-0.1094594597816467,0.0730456486344337,0.1820330489952117,-0.232319978621602,-0.0672603493243455,-0.0591118298470974,0.2689445912837982,0.1901302933692932,-0.2617676069021225,0.2063128461837768,0.1898991792604327,0.0671104490756988,0.3103298544883728,-0.1718882322311401
1773258092495923200,157.87292309570313,0.1171694586142897,-1.7410712214067576,0.5082856222242117,0.085650585591793,-0.084767609834671,0.0150454454123973,0.2179401190808042,-0.1927361562520265,-0.0569634117156267,-0.0674945786595344,0.2615579664707184,0.1763067990541458,-0.2440041328050196,0.2055138047605753,0.1149441837802529,0.0514563098549842,0.2986465990543365,-0.1858723610639572
1773258092505949200,157.88294921875,0.0794090522795915,-1.7700354500845077,0.6796107416570186,0.0738282799720764,-0.0685617476701736,-0.0328816026449203,0.2285294272322207,-0.158669051477313,-0.0324134923487901,-0.0729543268680572,0.253254771232605,0.1611286550760269,-0.2623730254493653,0.1766319936692714,0.012350070746243,0.0378896333277225,0.2406775653362274,-0.2009921818971634
1773258092515976200,157.89297607421875,0.0375379957556724,-1.5475987137041984,0.7417880886286496,0.0492549501359462,-0.0634471178054809,-0.0610113739967346,0.2424678631484508,-0.1448188053011894,-0.0087888711333274,-0.0791709050536155,0.2427394390106201,0.1441562920808792,-0.3022795039020478,0.1498515387713909,-0.0897168035432696,0.0253265351057052,0.1544580608606338,-0.2092372924089431
1773258092526002200,157.90300219726564,0.0368511825352907,-1.2106701404210178,0.7013064406365156,0.0126039953902363,-0.0550278015434742,-0.074930652976036,0.2681470788061618,-0.1344154847085475,0.0792903943359851,-0.0796428173780441,0.2243559062480926,0.1260214895009994,-0.3700969025872647,0.1068295586466789,-0.1882207246541976,0.0227009262889623,0.0438735000789165,-0.2169284969568252
1773258092536028200,157.91302807617188,0.0833484375551343,-0.8491727969400584,0.6056997022718191,-0.013583249412477,-0.0428088158369064,-0.0705348700284957,0.3277134395617991,-0.1652297251671552,0.1807791764765977,-0.0776741355657577,0.202824518084526,0.1053355857729911,-0.4160859158240258,0.040666356909275,-0.2659904852941632,0.0218884740024805,-0.0873137637972831,-0.2218449264764785
1773258092546055400,157.92305541992187,0.088354575279355,-0.4041706197658553,0.5087351195573806,-0.037369005382061,-0.0321737490594387,-0.0678312182426452,0.3438110262732952,-0.2181868238508701,0.1965074914842844,-0.0790507197380065,0.1790829598903656,0.0795396715402603,-0.4232816725470125,-0.0442459689617157,-0.2939548892796039,0.0303421448916196,-0.2216606438159942,-0.2232364267110824
1773258092556081400,157.9330812988281,0.1043815809726715,0.0973096515587531,0.4839911389231681,-0.0584649667143821,-0.0318674929440021,-0.0594085827469825,0.3385480642437934,-0.2403063012003898,0.1799889028817415,-0.0855775624513626,0.1561050415039062,0.0491188801825046,-0.428451622530818,-0.1083230120748281,-0.2887915151670575,0.0341818258166313,-0.3426757156848907,-0.2192319482564926
1773258092566107400,157.943107421875,0.1400549519002437,0.5461307842329144,0.4696078087836504,-0.0672480687499046,-0.0285526551306247,-0.0445502772927284,0.2920014901895076,-0.1897621088773012,0.1657575484335422,-0.0900146514177322,0.1363686174154281,0.0176381878554821,-0.43889176800251,-0.160528415608406,-0.2659273569300771,0.0293242204934358,-0.4394661784172058,-0.2141652852296829
1773258092576134100,157.95313403320313,0.1447381412804126,0.8842956943780184,0.3889695069700479,-0.0710770562291145,-0.0189435649663209,-0.0223148446530103,0.2106476605176925,-0.140923551428318,0.1298702424943447,-0.0904227346181869,0.1225974187254905,-0.0076266061514616,-0.4464379455983638,-0.1723702445715665,-0.2324395133480429,0.0129428682848811,-0.5083860754966736,-0.2001280188560485
1773258092586160000,157.96316015625,0.1391372525334358,1.0728535420320928,0.2156809785097837,-0.0638340562582016,-0.0008487179875373,0.0093581303954124,0.1392893012899905,-0.0836427443265914,0.097541505819559,-0.088911660015583,0.1137530580163002,-0.0252090618014335,-0.5369460456497966,-0.1566144570350646,-0.1864087067961692,-0.0086250072345137,-0.5473060607910156,-0.18477863073349
1773258092596186000,157.97318603515626,0.0336731370210647,1.0432025731991976,-0.0135591542750597,-0.0552722178399562,0.0199001319706439,0.0424677655100822,0.0827846661925315,-0.0491132827371358,0.07079553771317,-0.0895681977272033,0.1065410375595092,-0.0404681041836738,-0.5894697213523089,-0.1184358252882957,-0.0744134359493851,-0.0206883996725082,-0.5525867342948914,-0.1720470786094665
1773258092606213400,157.98321337890624,-0.1011865843236446,0.8222546871371567,-0.284195127287507,-0.0317402593791484,0.0436595231294631,0.0810894593596458,0.0406499902963638,-0.0429804790705442,0.0440361256033182,-0.0879977270960807,0.1090638488531112,-0.0496722571551799,-0.5883421786271036,-0.0895703808099031,0.0870844092130661,-0.0331780947744846,-0.5305477380752563,-0.1586308777332306
1773258092616239400,157.9932392578125,-0.2885696891099214,0.4767434328172356,-0.5552046097874641,0.003730229800567,0.0727669447660446,0.1121546030044555,0.0355424014916643,-0.0448866049528121,0.0306201791912317,-0.0852298587560653,0.1173564046621322,-0.055920086801052,-0.5687785232402384,-0.0464753354489803,0.1935197078451514,-0.0447412766516208,-0.4970243275165558,-0.1399925351142883
1773258092626265300,158.00326538085938,-0.4145823793932795,0.1922616523417644,-0.7638514518767595,0.0490436479449272,0.1038388460874557,0.1429423391819,0.0216296480059623,-0.0385246687054634,0.0361053326040506,-0.079717643558979,0.126857504248619,-0.057213582098484,-0.5453682754278183,-0.0304378083616495,0.2835004230216145,-0.0531360954046249,-0.458720862865448,-0.1175354272127151
1773258092636292000,158.0132919921875,-0.4257891253232955,-0.0048914801022969,-0.8577502172797917,0.0975106284022331,0.1199564337730407,0.1665780693292617,0.0224257668197155,-0.0410369437873363,0.024662732091546,-0.0748966634273529,0.1382129490375518,-0.050726518034935,-0.5292062451779842,-0.0208966575562953,0.3413827031478285,-0.0620949454605579,-0.4169479310512543,-0.093815378844738
1773258092646318000,158.0233181152344,-0.4054781587004661,-0.1202913169618696,-0.8032926509052515,0.143608346581459,0.1205979883670806,0.1872628331184387,0.0519709737231954,-0.0667699354588985,0.021786884394288,-0.0751619115471839,0.1478434652090072,-0.0417189076542854,-0.5526373896479606,-0.0129489134222269,0.3262909324780106,-0.0575041845440864,-0.3781432807445526,-0.0699222907423973
1773258092656344000,158.03334399414064,-0.3361462637990713,-0.1515999168086796,-0.6043798518449067,0.1873076260089874,0.1093417927622795,0.1992977559566497,0.0616927417924627,-0.0731605132788419,0.0243424140959978,-0.0775916203856468,0.1532914936542511,-0.0311729460954666,-0.5785017526142299,0.0003939677536487,0.3862961961075663,-0.0359889566898345,-0.3378203809261322,-0.0400622561573982
1773258092666371300,158.04337133789062,-0.2312593636527657,-0.0801686750078573,-0.2602057644128799,0.2178135961294174,0.093177206814289,0.2056499272584915,0.077535659623146,-0.0909802476078271,0.0667103142261505,-0.0737390965223312,0.1554771512746811,-0.0224945023655891,-0.6710714613705873,0.0321457813233137,0.4108545910418033,-0.0187995824962854,-0.2910243570804596,-0.0004035304300487
1773258092676397300,158.05339721679687,-0.1082405944883823,0.0291209170768037,0.1995855837553739,0.2337157577276229,0.0756229236721992,0.2034058272838592,0.100019805566594,-0.0966682301163673,0.0894657513916492,-0.0699649229645729,0.1463911682367324,-0.0187780000269413,-0.8012585147291421,0.0225654675513505,0.3267883606061339,0.0197163522243499,-0.2387383729219436,0.0243104118853807
1773258092686423300,158.06342333984375,-0.0177343941330909,0.1259450410077814,0.6612982553750276,0.2299255430698394,0.0637548193335533,0.1974965333938598,0.1182756662905216,-0.1063449900001287,0.1037777698606252,-0.0667140036821365,0.1332862824201584,-0.0191308688372373,-0.7175812836110591,0.0106277769982814,0.4007368093922734,0.0712876692414283,-0.183079108595848,0.0351308360695838
1773258092696450300,158.0734501953125,0.0567921468019485,0.2026094981538131,1.0136585718721152,0.2101295590400695,0.053615603595972,0.191762089729309,0.1245896717429161,-0.0833306096374988,0.1152817451715469,-0.0663075298070907,0.1172282174229621,-0.0247150603681802,-0.5363074554853141,-0.064808864519,0.487146972605586,0.1057049557566642,-0.1228573694825172,0.0441488064825534
1773258092706476300,158.08347631835937,0.081879241785407,0.2204182178984396,1.1716355494320392,0.1779388636350631,0.0426532328128814,0.1834887266159057,0.1075987529208883,-0.0605330868959426,0.1307096159279346,-0.0650731548666954,0.0956028178334236,-0.0323743112385273,-0.375617857965827,-0.169293905866146,0.39976387270689,0.1189581751823425,-0.0698873624205589,0.0573980323970317
1773258092716503000,158.0935029296875,0.0526455485165119,0.18953575277552,1.1212871719419957,0.1358627676963806,0.0391747057437896,0.1811840534210205,0.0875870615055784,-0.0768430011838674,0.1237023675143718,-0.0635328739881515,0.0806159675121307,-0.0385961607098579,-0.2900933915458619,-0.1936632079690694,0.2608963770255446,0.1126533150672912,-0.0359713472425937,0.0746196955442428
1773258092726529300,158.103529296875,0.0148480250418186,0.0889325486972462,0.8714163390606642,0.0963334739208221,0.0361059419810771,0.1773698776960373,0.0338741394858807,-0.0793248811274766,0.0850485194712877,-0.0629525780677795,0.0695020630955696,-0.0433147475123405,-0.2713907369025051,-0.1313163496494293,0.115846685577929,0.1020526066422462,-0.0155536904931068,0.0910780355334281
1773258092736555300,158.11355517578124,-0.0201323951855301,-0.0683218776086345,0.5124292979001999,0.0598026663064956,0.0164896175265312,0.1697273552417755,0.012687632137537,-0.0309182853549718,0.0515811341553926,-0.0625578016042709,0.0606570839881897,-0.0436213724315166,-0.3092792996615171,-0.0559323151022195,0.0227823251724243,0.0953067019581794,0.0061507117934525,0.1101880148053169
1773258092746582300,158.12358227539062,-0.0565057310760021,-0.2281758645541965,0.1059510222464799,0.0315148346126079,-0.0028571835719048,0.153454378247261,0.0128348951211199,0.0469827004492282,0.0403244116038084,-0.0626297071576118,0.0492009632289409,-0.0356654450297355,-0.3327285643100738,-0.0681745415598154,-0.0695858696624636,0.093656875193119,0.0240317080169916,0.122452937066555
1773258092756608300,158.1336081542969,-0.0881575914025306,-0.3545676172830164,-0.2525257313042879,0.0137158269062638,-0.0226868912577629,0.1320401728153228,0.0087280808568,0.0663917497962713,0.049918753901124,-0.0628583207726478,0.0432548373937606,-0.0250566266477108,-0.2619248432904482,-0.0820294639110565,-0.0773185097411274,0.0956482365727424,0.0384045094251632,0.1329818665981292
1773258092766634200,158.14363427734375,-0.1034936922222375,-0.4024036100933328,-0.4723205748736858,0.0074568656273186,-0.0330463238060474,0.1061766147613525,0.0049754503250122,0.0700438425630331,0.0640308658838272,-0.0577184222638607,0.042048692703247,-0.0125221917405724,-0.275725258975476,-0.134838094034791,-0.0622778847366571,0.1023301109671592,0.0392074547708034,0.1391356289386749
1773258092776661200,158.1536611328125,-0.1065098251730203,-0.4126045034490525,-0.5273147323429584,0.0079785799607634,-0.0258681289851665,0.085456907749176,0.0030488661766052,0.028163433688879,0.0206207632243633,-0.0547263696789741,0.0442666597664356,-0.0033145667985081,-0.1998357591241598,-0.1639624817103147,-0.0828910491764545,0.1030577048659324,0.0390772484242916,0.144242525100708
1773258092786687200,158.16368725585937,-0.1002396588623523,-0.3354047612493857,-0.4479010038882494,0.018913784995675,-0.0241820812225341,0.0645745396614074,0.000902501797676,0.0178203188508749,0.0133656775295734,-0.047866865992546,0.0475442111492157,0.0022210795432329,-0.151150200279802,-0.1332177993565797,-0.1031032315999269,0.0993998572230339,0.0355038195848465,0.1416427493095398
1773258092796713500,158.17371337890626,-0.0516442625194788,-0.1837696452631615,-0.2686900996416807,0.0306512117385864,-0.0187959503382444,0.0431232675909996,-0.0059516018807888,0.0578857872575521,0.0118237087845802,-0.0351345352828502,0.0506605505943298,0.0050642462447285,-0.0582837005339562,-0.077233461806178,-0.1200564122274518,0.093929186463356,0.0292821414768695,0.1361931264400482
1773258092806740200,158.183740234375,0.0287646144524216,-0.0318601327823475,-0.0460983188301324,0.0412183664739131,-0.0209730844944715,0.0259932819753885,-0.0216576685240492,0.088541037762165,-0.0080465283334255,-0.0192221459001302,0.056606326252222,0.0014817618066444,0.0512312978044152,-0.0147287825763225,-0.1255479953810572,0.0874329432845115,0.0205973070114851,0.1335952132940292
1773258092816766200,158.19376611328124,0.1130512096405029,0.1119727028219494,0.1836100159883499,0.0442770086228847,-0.0237642582505941,0.0068312073126435,-0.0186252054929733,0.1048515365719795,-0.0206534964501857,-0.006771189160645,0.0585048086941242,0.001066958415322,0.0906190130800008,0.0325473478615283,-0.1569467577293515,0.0821262672543525,0.0071789408102631,0.1294175088405609
1773258092826792200,158.20379223632813,0.157152801695466,0.1751262652814388,0.3243213859707117,0.0368702262639999,-0.0225679650902748,0.0003770366311073,0.0075415379533544,0.0915039792209863,-0.0180991357922554,0.0016800861340016,0.0575964041054248,0.0018256930634379,0.087698157197237,0.0782657274633645,-0.1626677657246589,0.0795307457447052,-0.0086093433201313,0.1204205453395843
1773258092836819200,158.21381909179686,0.1802156973749399,0.1651604227906093,0.362393050211668,0.0301283188164234,-0.0086284987628459,-0.0046452679671347,0.0501811859632842,0.0658311933040618,0.0104857381790876,0.0063196141272783,0.0531226471066474,-0.0005373659078031,0.1083767880886793,0.0952180313080549,-0.1510305194228887,0.0869893059134483,-0.0260355062782764,0.1061732769012451
1773258092846845200,158.22384521484375,0.1902501846551895,0.1335581189605407,0.2586298933982849,0.018510278314352,0.0066287517547607,-0.001580502372235,0.0839151315271854,0.0265443080544471,0.0485275918036699,0.0076402761042118,0.0471164174377918,-0.0042892270721495,0.1120439322941005,0.1239893677622079,-0.128510060057044,0.0934818238019943,-0.0333458818495273,0.0984823331236839
1773258092856871200,158.23387109375,0.1467448049277067,0.1048145107635296,0.0826823748618364,0.0120616992935538,0.0226152651011943,0.0009258463978767,0.1230593934357166,0.0135001175642013,0.1070697971433401,0.013458902016282,0.0350594855844974,-0.0115134669467806,0.083060706654936,0.0866892724156379,-0.1697834429487585,0.0992362722754478,-0.0387527979910373,0.0843857377767562
1773258092866898200,158.24389819335937,0.1082052309140562,0.0953847296444699,-0.1399672736167907,0.0056088608689606,0.0313086211681366,-0.0007127961143851,0.1414928574825636,-0.003015548428893,0.1420838273793458,0.0186802968382835,0.0224672649055719,-0.020690718665719,0.1134375786095857,0.0501718518793582,-0.1888210286349058,0.1050893664360046,-0.0411198139190673,0.0689673721790313
1773258092876924200,158.25392407226562,0.0751052176058292,0.1238221031702123,-0.3388268811851739,0.006275565829128,0.031513288617134,-0.0002286140806972,0.1303039577364921,0.0070861588686704,0.1456242764651775,0.0252302903681993,0.0105330189689993,-0.0323159024119377,0.1917185036420822,0.0408446360856294,-0.1801891016289591,0.1058568656444549,-0.0375650525093078,0.0584843456745147
1773258092886950100,158.2639501953125,0.0499830513089895,0.1648086136782541,-0.4355003719985484,0.013855455443263,0.0338422246277332,0.0051765376701951,0.1322375378812663,0.0104828155696392,0.1179834053456783,0.0332309603691101,0.0005980969872325,-0.0430798679590225,0.2099497413814067,0.0411719683438539,-0.2304100533470511,0.0903692543506622,-0.0324235521256923,0.0565338470041751
1773258092896977200,158.27397705078124,0.0528375639572739,0.2063768878633156,-0.4325274936676025,0.0286936350166797,0.0476174764335155,0.0163253266364336,0.105188221180439,-0.0340939927816391,0.0760305157572031,0.037623792886734,-0.005451361183077,-0.053252026438713,0.1061043131120502,0.0562228224813938,-0.3105795686051249,0.0763007178902626,-0.029274083673954,0.0468928143382072
1773258092907003100,158.28400317382813,0.0860641262546181,0.2192407533505931,-0.3457020276516676,0.0422440655529499,0.0700277090072631,0.0241760592907667,0.1004583065817132,-0.0338169294059276,0.0594628273159265,0.041834782809019,-0.0116237699985504,-0.0646772533655166,0.1110907232224941,0.0819932235538959,-0.2965381837710738,0.0717677548527717,-0.0272096022963523,0.0332630202174186
1773258092917030400,158.29403051757814,0.0781917854443192,0.2445330885825678,-0.2191711587131023,0.0556960739195346,0.0909355282783508,0.0285121165215969,0.1088742162168025,-0.045959202620387,0.0333703546822071,0.0434081368148326,-0.0170575063675642,-0.0722720175981521,0.1764319410525262,0.039806525209546,-0.2225707380235195,0.0714457780122757,-0.0225730389356613,0.0190329533070325
1773258092927056400,158.30405639648438,0.0624164164245128,0.2885440432120114,-0.0519482139021158,0.0664688199758529,0.0922604501247406,0.0240108408033847,0.111231063274946,-0.0675958648890256,0.016494038683176,0.0433021411299705,-0.0232608076184988,-0.0788111388683319,0.2595158824525773,-0.0604220277369022,-0.2018520673826336,0.0700367018580436,-0.0220529232174158,0.0047022169455885
1773258092937082400,158.31408227539063,0.0259285142436623,0.3080374463742599,0.1140793836444616,0.0683236718177795,0.0842709839344024,0.0132850259542465,0.1156148861160501,-0.0931634368658065,0.0114542909502983,0.0415541380643844,-0.0307560972869396,-0.0900252684950828,0.3085800653509795,-0.0968400795519351,-0.2242825103774666,0.0576890036463737,-0.0315296463668346,-0.0024255206808447
1773258092947109000,158.32410913085937,0.0062143444702029,0.2661889852746389,0.2598912916362285,0.0615387447178363,0.0691186636686325,0.0070718713104724,0.1004465430786833,-0.1178390284389257,0.0267471371501684,0.0390241369605064,-0.0348333939909935,-0.0996398106217384,0.257969383662939,-0.1095341414302587,-0.282550282689929,0.0417108349502086,-0.0541633181273937,-0.0048410077579319
1773258092957135000,158.33413500976562,-0.0084358199119567,0.2052718492308631,0.3489484622269869,0.0489667207002639,0.0503061972558498,0.0006511015817523,0.0916459997738711,-0.1276052201718092,0.0476145686119794,0.0400089956820011,-0.038553386926651,-0.1047717481851577,0.2071662481427192,-0.0837561415731906,-0.3315510449633002,0.0235951803624629,-0.0743797570466995,0.0054172966629266
1773258092967161000,158.3441611328125,-0.0401209979861974,0.1410494428303092,0.3486515251070261,0.0339566096663475,0.044297307729721,-0.0045423293486237,0.0750630954971536,-0.1440256090968847,0.0723088648855686,0.0416300594806671,-0.0422589108347892,-0.1103313639760017,0.0977021032087504,-0.0470791465610265,-0.3766609372779727,0.0079645570367574,-0.0900804251432418,0.0119979679584503
1773258092977188400,158.35418823242188,-0.0753530548870563,0.1090761502633802,0.2743792511940002,0.0202559791505336,0.0453933700919151,0.001319776289165,0.0431821391224861,-0.1353255852907895,0.0771592275261879,0.0448378175497055,-0.0428401902318,-0.1135170087218284,0.0552104305684566,-0.0358007966995239,-0.3468082353278994,0.0071790674701333,-0.0956251099705696,0.0117112882435321
1773258092987214300,158.36421435546876,-0.0743523534119129,0.0988760971578769,0.1790723725587129,0.0084006516262888,0.0461973808705806,0.0028889114037156,0.0109527711689472,-0.1387199039041995,0.0754214439481496,0.0446170344948768,-0.0430726818740367,-0.1095347851514816,0.1133176054917275,-0.0498228923112153,-0.2197571419075131,0.0082651041448116,-0.0892196744680404,0.0083330683410167
1773258092997240300,158.374240234375,-0.0743207892298698,0.1170209078559186,0.0971072060555219,0.0010545504046604,0.0442092530429363,0.0080160461366176,-0.0156768770813941,-0.1233083997607231,0.0494844541370868,0.0449295379221439,-0.0386536158621311,-0.1043158993124961,0.1515934140026569,-0.0911959361851215,-0.1495452493011951,0.0057788360863924,-0.0727336183190345,0.0014344204682856
1773258093007267300,158.38426733398438,-0.0506686954855918,0.1500352430415339,0.0498398434460163,0.0055329222232103,0.0397814810276031,0.0159826260060071,-0.0379226294253952,-0.1020984384715557,0.0608387918442487,0.0450504459440708,-0.0351092144846916,-0.0957794040441513,0.1899183223523199,-0.1010305169790983,-0.1312722182467579,-0.0026458075735718,-0.060433804988861,-0.00329908169806
1773258093017293300,158.39429321289063,-0.0197930802285671,0.1926741603991016,0.0293009132862091,0.0086441012099385,0.0317368507385253,0.0246459003537893,-0.0719745183646679,-0.0439548770606517,0.0434784917205572,0.0447674207389354,-0.0320654846727848,-0.0877713486552238,0.1557236456751823,-0.0865004718452692,-0.1284793726578355,-0.0082696955651044,-0.0488790236413478,-0.0059661688283085
1773258093027319300,158.4043193359375,-0.0075964464783668,0.2212401104742661,0.040733576926589,0.0176200196146965,0.0253583155572414,0.033125139772892,-0.0879448254346847,-0.0207131176829338,0.0154793086826801,0.0412957221269607,-0.0264243781566619,-0.0785581469535827,0.1397813956558704,-0.0507107810616493,-0.1200543664008378,-0.0150170801207423,-0.0366372726857662,-0.0079630073159933
1773258093037346000,158.41434594726562,0.0020288754791021,0.2316155566792935,0.0655266573995351,0.0317814946174621,0.0149321723729372,0.037261851131916,-0.0964800140678882,-0.0353337637096643,-0.0043757308661937,0.0348594784736633,-0.0144287897273898,-0.0670347288250923,0.1186008065916597,-0.0694020375281572,-0.1000479356825351,-0.0160825531929731,-0.0224662981927394,-0.0103159053251147
1773258093047372300,158.42437231445314,0.0111316348671913,0.2291821737862192,0.0818324800342321,0.0389531217515468,0.0014717574231326,0.0378706529736518,-0.1042436520730145,-0.0332587110012769,-0.0386748908311128,0.024216691032052,-0.0034752078354358,-0.0592183582484722,0.0928163769938051,-0.0885042128831148,-0.0724734077975153,-0.0095684612169861,-0.0074500637128949,-0.0132853295654058
1773258093057398300,158.4343981933594,0.0128144733875989,0.1939385360454209,0.0687736764967441,0.0436811447143554,-0.0108417607843875,0.0402319729328155,-0.092970562908519,-0.0453770188182592,-0.0241851777076721,0.0185722950845956,0.0037689462769776,-0.0507424846291542,0.0673012658566236,-0.0865390502899885,-0.0456990903794765,-0.0005849562585353,0.0063327820971608,-0.0149048268795013
1773258093067425300,158.44442529296876,0.0125888479381799,0.1495967146269511,0.0814437729775905,0.0446537286043167,-0.0200453791767358,0.0372218042612075,-0.1014110407292842,-0.0669353551536798,-0.0118558574885129,0.0143213560804724,0.0114321922883391,-0.0443128161132335,0.0304286021418869,-0.0683066435068845,-0.0298018485456705,0.0067107733339071,0.0187537651509046,-0.0195866655558347
