time,seconds_elapsed,imu1_accel_x,imu1_accel_y,imu1_accel_z,imu1_gyro_x,imu1_gyro_y,imu1_gyro_z,imu2_accel_x,imu2_accel_y,imu2_accel_z,imu2_gyro_x,imu2_gyro_y,imu2_gyro_z,imu3_accel_x,imu3_accel_y,imu3_accel_z,imu3_gyro_x,imu3_gyro_y,imu3_gyro_z
1774472740533687300,52.93168725585937,-0.0046034021422266,0.0624774989619851,0.0601578238427639,-0.0121498871594667,-0.0018871393986046,-0.0377744436264038,0.2035693926945328,-0.115460608869791,-0.0627887568682432,-0.1278837621212005,0.1030755415558815,-0.0109108854085206,-0.3502066455945372,0.1600426779180765,-0.1106260283201932,0.1009013056755065,0.1641229093074798,-0.1011551693081855
1774472740543715600,52.94171557617187,-0.0319122648283839,0.0301629369430243,0.0775228001415729,-0.0154562015086412,-0.0051079662516713,-0.0385526195168495,0.1585223364830017,-0.0778875418007373,-0.0648877749741077,-0.1338605433702469,0.1077033355832099,-0.0225364845246076,-0.3765849494323134,0.1334393331527709,-0.1100929443567991,0.0806239992380142,0.2046293318271637,-0.0952679812908172
1774472740553742300,52.95174243164063,-0.0544490908071398,-0.0135508248381316,0.0977741455316543,-0.0165915060788393,-0.004595573991537,-0.0399798043072223,0.1327078040078282,-0.0231342073500156,-0.0837210702598094,-0.1425003707408905,0.1190617159008979,-0.0277128703892231,-0.4011833841159939,0.1507306596934795,-0.0597813917458057,0.0530698038637638,0.2290845513343811,-0.0880913063883781
1774472740563770400,52.96177026367187,-0.0588771363824605,-0.0267532746300101,0.1193611234396696,-0.0215784311294555,-0.0077139362692832,-0.0446840450167655,0.1142620467349886,0.0325742358684539,-0.0497679472535848,-0.1431643664836883,0.1270399540662765,-0.0245880000293254,-0.351266383780539,0.1513347630664706,0.0357271469414234,0.0370064154267311,0.197239801287651,-0.0866947472095489
1774472740573798400,52.97179833984375,-0.0579372251838445,-0.0327102833382785,0.1267740300446748,-0.0291130468249321,-0.0101006617769598,-0.0457919239997863,0.012933715853095,0.0365893167287111,0.0318996976077556,-0.1331809759140014,0.1367687582969665,-0.0037543573416769,-0.1966848938778042,0.16889949972108,0.1344844582915306,0.0456205829977989,0.124788723886013,-0.0918731614947319
1774472740583826200,52.981826171875,-0.0372299527198076,-0.037960312820971,0.1249614276647567,-0.0308014824986457,-0.0165521074086427,-0.0477219931781291,-0.1156201833456754,0.0240261877536773,0.1060065518260002,-0.1176059991121292,0.1560779213905334,0.0301684755831956,-0.1326668874755501,0.1935682231619954,0.1886363197177648,0.0730993449687957,0.061917882412672,-0.0833590328693389
1774472740593854500,52.9918544921875,-0.0283729847863316,-0.0286731367766857,0.1094002859175205,-0.0293303541839122,-0.0215553883463144,-0.0522070229053497,-0.2275222229510545,0.0029383915394544,0.108065822443366,-0.1072745323181152,0.1755831688642501,0.0632020607590675,-0.1161056287750601,0.2207804936058819,0.1085603279620408,0.0851117968559265,0.0288334339857101,-0.0492300912737846
1774472740603882200,53.00188232421875,-0.0232896901726722,-0.0161136610634624,0.0698193861573934,-0.0261373426765203,-0.0205528773367404,-0.0544896200299263,-0.2608151284828782,0.0185778592199087,0.0596118803977966,-0.1036812290549278,0.1831223368644714,0.084619365632534,0.0239124982461333,0.2150727834835648,0.0058925651699304,0.0767686516046524,0.021777655929327,-0.0265588629990816
1774472740613909500,53.01190942382812,-0.0221086636945605,-0.0168703246496617,0.0452595299184322,-0.0193055365234613,-0.0280083939433097,-0.0594766549766063,-0.3250707430332898,0.0371785147935152,0.0671072045892477,-0.1055009663105011,0.1905980855226516,0.0976456850767135,0.0794900085613131,0.1244113925665617,-0.0510100562691688,0.0612038858234882,-0.0015926733613014,-0.0161726139485836
1774472740623937300,53.02193725585938,-0.0286830736488103,-0.0205681562542915,0.0336076705694198,-0.0162948574870824,-0.0284436084330081,-0.0665086358785629,-0.3943994230642914,0.0457972900569438,0.0996796868920326,-0.1098922342061996,0.1970569789409637,0.1146907359361648,0.0633235943973064,-0.0454949461095035,-0.1267056409835815,0.0556370802223682,-0.0727648586034774,-0.0168645046651363
1774472740633965300,53.03196533203125,-0.0381283628642559,-0.0157400054454803,0.0295750540524721,-0.0114465737715363,-0.0228043645620346,-0.071711927652359,-0.3973275854706764,0.029612463453412,0.1395697987318039,-0.108299396932125,0.2109906375408172,0.1287966966629028,0.1100312772974371,-0.1967363318040967,-0.1972322986274957,0.0807599276304245,-0.1530424505472183,-0.0270720720291137
1774472740643993300,53.041993408203126,-0.0400245518743991,-0.0206152102664113,0.0282370834469795,-0.0086578009650111,-0.0197327099740505,-0.0796016678214073,-0.312356807410717,-0.000137947165966,0.1817600042074918,-0.1002182364463806,0.218864157795906,0.1448633372783661,0.0642751960337162,-0.317838892083615,-0.1908060649722814,0.1215550303459167,-0.1782308965921402,-0.058297898620367
1774472740654021400,53.052021484375,-0.0269578572914004,-0.037061318154633,0.0228793558061122,-0.0062186121940612,-0.0216206237673759,-0.082854725420475,-0.2544032156139612,-0.0525087703943252,0.1826081454694271,-0.0897291079163551,0.2191088944673538,0.156110405921936,-0.0834080587878823,-0.3930095761410891,-0.2941927896887064,0.1388509273529052,-0.1758289933204651,-0.0866328701376915
1774472740664048400,53.06204833984375,-0.0153106741175055,-0.0492471382498741,0.0044791912406682,-0.0029464741237461,-0.0185838025063276,-0.0816221460700035,-0.1905488753408193,-0.086788056614995,0.1755266627758741,-0.0773255750536918,0.204006090760231,0.1649170815944671,-0.1550692734196782,-0.3833208335585892,-0.5805360349208116,0.1266555190086364,-0.1664243042469024,-0.1046297177672386
1774472740674076400,53.072076416015626,-0.0001253799453377,-0.0484016273364424,-0.0172895729750394,-0.0041448967531323,-0.0151054486632347,-0.0832932814955711,-0.2086626241803169,-0.0584545270562171,0.1651549063652753,-0.0759425908327102,0.1936053782701492,0.1691946536302566,-0.1466708629086613,-0.326876769541949,-0.6589169131964445,0.1025973930954933,-0.086778312921524,-0.0994344651699066
1774472740684104400,53.0821044921875,-0.0056008887469768,-0.0519010137595236,-0.0258270996958017,-0.0062779407016932,-0.0102350544184446,-0.0841160863637924,-0.1518839213818311,-0.040295185509324,0.1377495975673198,-0.0782397165894508,0.1887814253568649,0.1691279262304306,-0.0194257082208991,-0.297717310553044,-0.3992851492792367,0.0841571316123008,0.0294047556817531,-0.1028622239828109
1774472740694132200,53.09213232421875,-0.0034738135904073,-0.0237840495608747,-0.0313093304991722,-0.0108524523675441,-0.0048448168672621,-0.0785471498966217,-0.1962459179386496,-0.1145493392437696,0.0998737481594085,-0.0784088298678398,0.1755188852548599,0.1745067089796066,0.112707803030312,-0.3046858343914151,-0.1070925934970378,0.0788244307041168,0.0990160480141639,-0.0990375503897667
1774472740704160500,53.10216040039062,0.01831423984766,-0.0018805530495941,-0.0281698634296655,-0.0155361257493495,-8.36588442325e-05,-0.0779335349798202,-0.2103545227900147,-0.2274661088496446,0.1054722988188266,-0.0688746273517608,0.1591993570327758,0.1719195246696472,0.1713791877076029,-0.3249880331858992,0.0955471171319484,0.0704674273729324,0.1433262377977371,-0.1128995716571807
1774472740714188300,53.11218823242187,0.0142076813116669,0.0090250179767608,-0.0170347214311361,-0.0207244958728551,0.0045712804421782,-0.0707232952117919,-0.1719020425379276,-0.2893605472266674,0.0905284121870994,-0.0606334768235683,0.1372983157634735,0.1658901274204254,0.0276557764276862,-0.2817934729732573,0.2108984204083681,0.0793404579162597,0.0747781172394752,-0.1250358968973159
1774472740724215300,53.12221533203125,0.0112409404605627,0.0155460903085768,-0.0016617957323789,-0.025638798251748,0.0096840290352702,-0.0689153149724006,-0.1797010258510708,-0.3151104900330305,0.0660521425783634,-0.063240461051464,0.1140386164188385,0.1560787558555603,0.2584194655179977,-0.1922264531642198,0.0506137504279613,0.0762506574392318,-0.031262032687664,-0.1172211095690727
1774472740734243300,53.13224340820312,0.0158063486799597,0.0038983226127922,0.0181686938971281,-0.0272249765694141,0.0144761214032769,-0.0634377300739288,-0.1661132300034165,-0.2914128035813569,0.0687590634495019,-0.0666767358779907,0.0882083475589752,0.1461409032344818,0.1686424562200904,-0.1751104831904172,0.1648603073328733,0.0741703808307647,-0.0354488566517829,-0.1196362674236297
1774472740744271400,53.14227124023437,0.0299438873648643,-0.000853986480832,0.0279752176403999,-0.0291615687310695,0.0177352651953697,-0.0587159618735313,-0.1536097222611308,-0.2060615017712116,0.1057405943661928,-0.0739630237221717,0.0673964545130729,0.1359533816576004,0.1047334631502628,-0.2502874508582055,0.2870715595066547,0.0758300647139549,-0.0203655119985342,-0.1260534226894378
1774472740754299400,53.15229931640625,0.0376522697851061,0.0012105448335409,0.037135844695568,-0.0294310823082923,0.0183307491242885,-0.0571686625480651,-0.1140185933679342,-0.1151303540021181,0.1130208145022392,-0.0740828663110733,0.0497311763465404,0.1247052401304245,0.1727867164179682,-0.2954815143249928,0.2639484580725431,0.077377438545227,-0.0286468900740146,-0.135872945189476
1774472740764327200,53.1623271484375,0.0579503769263625,0.0041943829499185,0.0403740959644317,-0.0262399297207593,0.0169899091124534,-0.052676934748888,-0.0829781429380178,-0.0866962866783142,0.0667097297042608,-0.0755828842520713,0.0372279919683933,0.1092217713594436,0.1856847764357924,-0.2996766279272735,0.2091805105745792,0.0757148265838623,-0.0570428445935249,-0.142912209033966
1774472740774355500,53.17235546875,0.0731155050933361,0.0127308867573738,0.0432891066282987,-0.0211998987942934,0.0212799943983554,-0.0466368868947029,-0.0481596352741122,-0.0840741214811801,-0.0205798466920852,-0.0745937824249267,0.0258744060993194,0.0891958624124527,0.1809364128649234,-0.2555113229863345,0.1553916372418403,0.0699221044778823,-0.0675379037857055,-0.1475654989480972
1774472740784382500,53.18238256835937,0.067994216556847,0.0113628132745623,0.0504810639590024,-0.0176470652222633,0.0175177119672298,-0.0477411672472953,-0.0311848273366689,-0.1383919871240854,-0.0622720395177602,-0.0720788836479187,0.0092135453596711,0.0710174515843391,0.1177905131220817,-0.1936801591038703,0.1246229894906282,0.0577685013413429,-0.0440405681729316,-0.1531810462474823
1774472740794410500,53.19241040039063,0.0251911398798227,0.0155279701299965,0.0610924743443727,-0.0122304623946547,0.0072371107526123,-0.0397514179348945,-0.031906419609487,-0.1722252831429243,-0.0525274750947952,-0.0696900337934494,0.0023085023276507,0.0611054338514804,0.0870271260678768,-0.1120413019455969,0.0741296505719423,0.0408096611499786,-0.0183976534754037,-0.1502723544836044
1774472740804438300,53.20243823242188,-0.0117278471946716,0.0167215638287365,0.059340662240982,-0.0055261040106415,-0.0024593910202383,-0.0400096327066421,-0.0024652210697531,-0.1702612895935773,-0.0674561641573905,-0.0657453089952468,-0.002004989888519,0.0541913993656635,0.0125347796633839,-0.0517278491497039,0.0540296963512897,0.0264461692422628,0.001030106563121,-0.1428780853748321
1774472740814466600,53.21246655273438,-0.037784956254065,0.011570318545401,0.0427723892778158,-0.0023516160435974,-0.0042197396978735,-0.0370338186621665,0.0444397379681468,-0.163050043040514,-0.0616606296211481,-0.0665996521711349,0.0025370311923325,0.0493849255144596,0.0105611415028572,-0.0156679631225764,0.0563128388524055,0.0074647567234933,0.0168269947171211,-0.1363151222467422
1774472740824494300,53.222494384765625,-0.0067845455735921,0.013314239603281,-0.0014531214177608,0.0017046183347702,0.0012090811505913,-0.0364822521805763,0.0525812511086463,-0.1039940429598093,-0.0799345374584197,-0.0659259185194969,0.0025066412054002,0.0431855544447898,0.0084846274897456,-0.0063068450592458,0.1194224982380866,0.0017296391306445,0.0196776427328586,-0.1340482383966446
1774472740834522400,53.2325224609375,0.0468625812008976,0.0059628539271652,-0.019623568880558,0.0020468346774578,0.0097314631566405,-0.0307202376425266,0.1368847974315285,-0.0322509952634572,-0.0456073204427957,-0.0682588517665863,0.0034099854528903,0.0336378552019596,0.0058382046341896,-0.0096196228690445,0.1649374642223119,0.0027524670585989,0.0141239259392023,-0.1239386424422264
1774472740844549400,53.24254931640625,0.0745502140715718,0.0160261289104819,0.0055073652446269,0.0008697448065504,0.0150633361190557,-0.0237930677831172,0.1412394855096936,0.0205833538234233,-0.034746903732419,-0.0708987116813659,0.006857163272798,0.0219874717295169,0.0327741423547267,0.006459405272454,0.2136708077311515,0.0067759710364043,0.01252256706357,-0.1164687499403953
1774472740854577400,53.252577392578125,0.0587260374739766,0.0258040110811591,0.0526227521628141,4.57627465948e-05,0.0186090692877769,-0.0213722549378871,0.1003922190755605,0.0022083236992359,-0.0454085830003023,-0.0724609270691871,0.0155457258224487,0.0203807856887578,0.0740133307158946,0.0373684844076633,0.2050029326289892,0.0042403019033372,0.0008351993747055,-0.1033373326063156
1774472740864605400,53.26260546875,0.0387947178184986,0.0315396321237087,0.0746662416666746,-0.0038480451330542,0.018407467752695,-0.0198020543903112,0.0616615064039826,-0.0530681578427553,-0.0746639035791158,-0.0711754783987999,0.0269413609057664,0.0245307274162769,0.0527884641185402,0.0651407268218696,0.139192782112956,-0.0025824503973126,-0.0234704073518514,-0.0840658992528915
1774472740874633200,53.27263330078125,0.0145540105313062,0.031740415392816,0.1014630631774663,-0.0064206584356725,0.0116749964654445,-0.0159527212381362,0.0253831553205847,-0.1109060143053531,-0.0890022255331277,-0.0677543804049491,0.0381402187049388,0.0268657859414815,0.0231952898874878,0.1299178810283541,0.0500122774034738,-0.0135806053876876,-0.0464312508702278,-0.0650173872709274
1774472740884661500,53.28266162109375,0.0113590138822793,0.0265828864991664,0.1232908641040325,-0.0063226814381778,0.0037041967734694,-0.0106879407539963,0.0117971130385994,-0.1342810446739196,-0.0971796867698431,-0.0728367045521736,0.039917804300785,0.0231603235006332,-0.0139066525384783,0.1911171767480671,-0.0146837743908166,-0.0151686482131481,-0.0533991456031799,-0.0480463914573192
1774472740894688800,53.292688720703126,-0.0057984571456909,0.01002425814718,0.109229605525732,-0.0047056102193892,-0.0049643921665847,-0.0122730545699596,0.0010202829584479,-0.1724456478953361,-0.0542401242315769,-0.0721264407038688,0.0367166846990585,0.0120754474774003,-0.0459852138444781,0.200626032719016,-0.1076578261643648,-0.0048073600046336,-0.0384673178195953,-0.0234623309224843
1774472740904715800,53.3027158203125,-0.028023440696299,0.0076920158073306,0.0933382089108228,-0.0058921077288687,-0.0101324953138828,-0.0068644131533801,-0.0148810505285859,-0.2165747124791145,-0.0109305593371391,-0.0716150254011154,0.0200217645615339,-0.0016258977120742,-0.0409992421254515,0.1766957065552473,-0.1710948178082704,0.0063036144711077,-0.0072872946038842,-0.0072197108529508
1774472740914743800,53.31274389648438,-0.0356695715352892,-0.0102639121219515,0.0744797791838645,-0.0036489274352788,-0.0139959435909986,-0.0101616727188229,-0.0298804667398333,-0.2008954973101615,0.0445364763408899,-0.0735186487436294,0.006920076906681,-0.0160367954522371,-0.0187280813455581,0.1159505843438208,-0.202658999851346,0.0149811767041683,0.0308304540812969,0.0143223963677883
1774472740924771800,53.322771728515626,-0.0706879856854677,-0.0347962958320975,0.0551198296755552,-0.0009691371815279,-0.0158274564892053,-0.0154100134968757,-0.0991223452702164,-0.1765256106853485,0.0715180067688226,-0.0757958069443702,-0.0107992803677916,-0.0328873097896575,-0.0104164723351597,0.073092270348221,-0.2381990997880697,0.0153622748330235,0.0692180544137954,0.0348716117441654
1774472740934800000,53.3327998046875,-0.1077110176563262,-0.0579490617521107,0.0380734178066253,-0.002255976665765,-0.0164471734315156,-0.0217115860432386,-0.1059405008524656,-0.1389724173605442,0.0461240377932786,-0.0782472491264343,-0.0235323850065469,-0.0446528904139995,-0.011119067646563,0.022474136006087,-0.2364046175867319,0.006426497362554,0.106538102030754,0.048155777156353
1774472740944828000,53.342827880859375,-0.1203285071671009,-0.0766489399164915,0.0419330158442258,-0.0014323781942948,-0.0149951614439487,-0.0256394315510988,-0.1558881885871291,-0.122297761413455,0.0566670591175556,-0.0752727687358856,-0.0307431612163782,-0.0483099408447742,0.0007572481080889,-0.0284869665548205,-0.184348267135024,0.0014027100987732,0.120269626379013,0.0517153590917587
1774472740954856000,53.35285595703125,-0.1081654834255576,-0.07379822666049,0.0494552280426025,0.0007514137541875,-0.0082123568281531,-0.0291380267590284,-0.176882753559947,-0.1452016671389341,0.0564373420149087,-0.0656699389219284,-0.0335495993494987,-0.0455759428441524,0.0173050628051161,-0.0219115336872637,-0.0817903944581747,0.0002958940458483,0.1168920323252677,0.0493291765451431
1774472740964883000,53.36288305664063,-0.0945063759073615,-0.0630048838369548,0.0595768090844154,0.0006838561384938,-0.0087152300402522,-0.0334358401596546,-0.2104194047197699,-0.1554132645517587,0.077026541057229,-0.0533264800906181,-0.0386771634221077,-0.0402363762259483,-0.0227323485508561,-0.0304949453763663,0.0188549225956201,-0.0017379620112478,0.0912447273731231,0.0474729537963867
1774472740974911000,53.37291088867188,-0.0631342093050479,-0.0462380195617675,0.0563210221588611,0.0002385756233707,-0.0080164168030023,-0.0322965383529663,-0.2368047228202223,-0.1622936717152595,0.0989519571393728,-0.0434237830340862,-0.0266516599804162,-0.0296100992709398,0.0072010174199938,-0.0356352308742702,0.1094996546387672,0.0032606846652925,0.0500491484999656,0.0376925095915794
1774472740984938800,53.38293872070312,-0.0413636915236711,-0.0381862305313348,0.0351227513074874,2.72076576948e-05,-0.0088468100875616,-0.0317972637712955,-0.2396598199903964,-0.1656061572641134,0.1320382341831922,-0.035774141550064,-0.0202918052673339,-0.0185022875666618,0.0474330745652318,-0.107332831993699,0.2012070474773645,0.0127047868445515,0.0092058461159467,0.0274159051477909
1774472740994967000,53.39296704101562,-0.0574377512291073,-0.0330929990455508,0.0280704947084188,0.0010722320294007,-0.0117885377258062,-0.0279228966683149,-0.2117301950573921,-0.1353513042539358,0.1313654494881629,-0.028683478012681,-0.0123537210747599,-0.0064666643738746,0.0698763770416378,-0.2319220653451979,0.214331901988387,0.0268604718148708,-0.0334618017077446,0.0158224292099475
1774472741004994800,53.40299487304687,-0.0731327484890818,-0.0206498431883752,0.0256751240044832,0.0020233956165611,-0.0125954682007431,-0.0270383488386869,-0.2273427747309207,-0.1374824710637331,0.1497363879591226,-0.0175901874899864,-0.0026396363973617,0.0024545351043343,0.0491182511731982,-0.3436426109038293,0.143055302760005,0.0315614826977252,-0.0651496946811676,0.0038762872572988
1774472741015021800,53.41302172851562,-0.0719102209568023,-0.0058576399870216,0.0238093301326036,0.0038623083382844,-0.0140540832653641,-0.0246529560536146,-0.2010246766477823,-0.1600070220828056,0.1704424913793802,-0.0048600118607282,0.0116833765059709,0.0108368340879678,0.0040220951229333,-0.3900944193467497,0.0740583389014005,0.0263797659426927,-0.0756437703967094,-0.0058367783203721
1774472741025049900,53.4230498046875,-0.0766948248848319,-0.000580868627876,0.0332096111625433,-4.92802355438e-05,-0.0094882827252149,-0.0191294476389884,-0.1777925618812441,-0.193160519143939,0.2144400385379791,0.0146372970193624,0.0258527603000402,0.0221733916550874,-0.037447394862771,-0.4032270187728107,0.0107931966930627,0.0045711398124694,-0.0710775181651115,-0.0143341273069381
1774472741035078000,53.43307788085937,-0.0726084323540329,-0.0046323359757661,0.0267763632446527,-0.0011528943432494,-0.0020751073025166,-0.0178298261016607,-0.1445940566346049,-0.2146124724954366,0.2564958039790391,0.0312801860272884,0.0392729640007019,0.0313932560384273,-0.0946066214114427,-0.3869048295252025,-0.0001823708295822,-0.0227773990482091,-0.0614416524767875,-0.0245000552386045
1774472741045106000,53.44310595703125,-0.0518006221249699,-0.0103102354817092,0.0136626146495342,-0.0012066608760505,0.0067578088492155,-0.0137259364128112,-0.0979372271388769,-0.2619879716545343,0.2866092026919126,0.0476649440824985,0.0457158796489238,0.0374993197619915,-0.1374085290446877,-0.3969222195401787,0.047641456618905,-0.0430728159844875,-0.0588653087615966,-0.0269696041941642
1774472741055133700,53.4531337890625,-0.037535073146224,-0.0386756214834749,-0.0040717794835567,-0.0011675122659653,0.0173201709985733,-0.0117280324921011,-0.0506686954855918,-0.2895166145712137,0.3299889102131128,0.0593516938388347,0.044280968606472,0.036472138017416,-0.1038777231037616,-0.4011864528559148,0.1283861414164304,-0.053538043051958,-0.0594308041036129,-0.0237652715295553
1774472741065162000,53.463161865234376,-0.0368389075756072,-0.0629468700394034,-0.010136194089055,0.00160314864479,0.0247444473206996,-0.0110138421878218,-0.0519163574591279,-0.3018991262823343,0.3783434835374355,0.0713091641664505,0.0367310009896755,0.0303555335849523,-0.0278197348177433,-0.4310233727149665,0.2074029795080423,-0.0605722516775131,-0.0651683136820793,-0.0157235916703939
1774472741075189000,53.47318896484375,-0.0440144982933998,-0.0814830820746719,-0.0011947627425193,0.0033238171599805,0.0257609747350215,-0.0128008238971233,-0.0332364991694688,-0.3233604319840669,0.4239426206737756,0.0830185562372207,0.0275585427880287,0.0111115304753184,0.0810544813990593,-0.4608996016710996,0.2224263611167669,-0.0641854554414749,-0.0815834775567054,0.0027722979430109
1774472741085216800,53.483216796875,-0.0373819284111261,-0.0709067430026829,0.0107318218946456,0.0055664982646703,0.0306066609919071,-0.0095271123573184,0.0316822554647922,-0.3631611119747162,0.4660363800376653,0.0992762669920921,0.0169429685920476,-0.0106133380904793,0.1440881529390811,-0.496919594079256,0.2268605441719293,-0.0758437067270279,-0.1030360385775566,0.019456734880805
1774472741095244800,53.49324487304688,-0.0238140063077211,-0.062327422966808,-0.0074433017432689,0.0068914210423827,0.0324756689369678,-0.0079459929838776,0.0506757097482681,-0.4292524175196885,0.5100280819773674,0.1168541982769966,0.0027927949558943,-0.0369530655443668,0.1388762635096907,-0.5173483418628573,0.2065121681481599,-0.0925737917423248,-0.1258577406406402,0.0369061902165412
1774472741105272800,53.50327294921875,-0.0290744110539555,-0.0646129035554826,-0.0367477221608161,0.0138710336759686,0.0382067896425724,-0.0022034188732504,0.0397872359871864,-0.48238370372653,0.5584867001980542,0.137662336230278,-0.0149833243340253,-0.0582678541541099,0.0499959107905626,-0.4820090251952409,0.1490256093412637,-0.1136860027909278,-0.1367889493703842,0.0590626262128353
1774472741115300900,53.51330078125,-0.0282063960477709,-0.0417662809751927,-0.0827525174885988,0.0200599525123834,0.0422944761812686,0.0104774888604879,0.0098737437605857,-0.5395031827867031,0.6452069522738456,0.1653403043746948,-0.0397722907364368,-0.0818485468626022,-0.0181672325924038,-0.4706272149592638,0.0948947907030582,-0.123895838856697,-0.1026153489947319,0.0887840911746025
1774472741125329000,53.52332885742187,-0.033646541275084,-0.0018725158736109,-0.1161515137434005,0.0249747540801763,0.0501139722764492,0.0223769154399633,-0.0402533921942114,-0.574093434652686,0.757224142691493,0.2008159458637237,-0.0722364485263824,-0.0966163426637649,-0.0473880663797259,-0.4667858832307159,0.0228419464051723,-0.1385634690523147,-0.0248174909502267,0.1302348673343658
1774472741135356000,53.53335595703125,-0.0240676888078451,0.0241283329539,-0.1561474240452051,0.0277447067201137,0.059037160128355,0.0395553708076477,-0.0857695272222161,-0.6291162336945534,0.8359042961746453,0.2448135018348693,-0.1136075854301452,-0.117926962673664,-0.0557537436649203,-0.5180727106146514,-0.0832066909968853,-0.171574667096138,0.0637658834457397,0.169998899102211
1774472741145384000,53.543384033203125,-0.0123562082260847,0.0418278019040822,-0.1961497640877962,0.03576535359025,0.077347032725811,0.0593971237540245,-0.0827758983641862,-0.6606202099829912,0.8470563893079757,0.2857288122177124,-0.1576894223690033,-0.1408926248550415,-0.0084486793935298,-0.6277700797826051,-0.1347609371453523,-0.2118754833936691,0.1230776831507682,0.2079329639673233
1774472741155412000,53.55341186523437,-0.0216270176574587,0.0404956765174865,-0.1911123544424772,0.0403603687882423,0.0978336632251739,0.0790448561310768,-0.1358046009793877,-0.6516542287170887,0.8426561085224151,0.3278778493404388,-0.191054031252861,-0.1673958748579025,0.0339361718714237,-0.7505638080194592,-0.1009884314030408,-0.2471808642148971,0.1534028053283691,0.2462436109781265
1774472741165439700,53.56343969726562,-0.0304398541882634,0.0408509196959435,-0.159247143626213,0.0477640181779861,0.1105864942073822,0.0888073965907096,-0.1905275402918458,-0.6839420488595962,0.8589180920153856,0.3608994781970978,-0.2131888717412948,-0.1883610486984253,0.1070788572326302,-0.9111386931180954,0.0856499924957752,-0.2661910355091095,0.1734401583671569,0.2812077105045318
1774472741175468000,53.57346801757812,-0.0431985057353973,0.0317582433104515,-0.104192195880413,0.0498969443142414,0.1220572590827941,0.0932125300168991,-0.2396490063354373,-0.7766384527355432,0.8526952719777822,0.3892485499382019,-0.2231981009244918,-0.1980741322040558,0.1604804848134517,-1.0915139649689196,0.3143623020142316,-0.2837079763412475,0.1759189218282699,0.3019556999206543
1774472741185495800,53.58349584960938,-0.0349339507371187,-0.0122720370739698,-0.0538607695251703,0.0517511516809463,0.1317974925041198,0.1041622683405876,-0.2353101003482937,-0.9120639912694692,0.8594552676320075,0.4130188524723053,-0.2381690889596939,-0.2097033858299255,0.2138122620284557,-1.1978656769707798,0.475360088700056,-0.3066686689853668,0.1590936034917831,0.3207962214946747
1774472741195522800,53.59352270507812,-0.0089849782273173,-0.057180123206228,0.0094172321647405,0.057236198335886,0.1327833980321884,0.1139091700315475,-0.2057359230786561,-1.0125146625339985,0.9382429731428624,0.4427131116390228,-0.2582615613937378,-0.2303495407104492,0.2462660863876342,-1.2361655970096588,0.558466826453805,-0.3439298570156097,0.1335456371307373,0.3452326655387878
1774472741205550800,53.60355078125,-0.0046668227672576,-0.0826852974712848,0.0607750789582729,0.061228685081005,0.1299775391817093,0.1222318857908248,-0.1548816418930888,-1.0727554884850978,1.0937743111163376,0.4821107387542724,-0.2880827188491821,-0.2633744776248932,0.2441033553957939,-1.264094637420773,0.6073311028659344,-0.3788340389728546,0.0955703034996986,0.3656013309955597
1774472741215579000,53.61357885742188,-0.0207645556092262,-0.0997545056939125,0.0939899508178234,0.066492423415184,0.1215643435716629,0.1369746178388595,-0.091916651675105,-1.0941799693077805,1.3026415179580448,0.5371859669685364,-0.3294967412948608,-0.2972634732723236,0.2116127061575651,-1.3354396257102488,0.5981348199754953,-0.4018778502941131,0.0759659931063652,0.393442153930664
1774472741225607000,53.62360693359375,-0.0601844195887446,-0.1027564639888703,0.1202718085438013,0.0776137635111808,0.1080963835120201,0.1500236988067627,-0.0518602433577179,-1.04997959305346,1.5478022734522818,0.6146544814109802,-0.3866117298603058,-0.3284572064876556,0.1826259733870625,-1.423985924169421,0.5640472569346427,-0.4311832785606384,0.0695650875568389,0.4232831597328186
1774472741235634700,53.633634765625,-0.1249009296491742,-0.0881859407141804,0.140886142027378,0.0838599428534507,0.0965244174003601,0.156848058104515,-0.0212409409493207,-0.9830343010276557,1.837057022216916,0.7138037085533142,-0.4426590204238891,-0.3594761192798614,0.1317883510753512,-1.526166926357895,0.5816261682450771,-0.4601890742778778,0.063468724489212,0.4569695889949798
1774472741245663000,53.6436630859375,-0.137378133906424,-0.02909399253726,0.1431108323395252,0.0929795801639556,0.0938931703567504,0.1726817488670349,0.054957917112112,-0.9821545955836772,2.024534235027432,0.8211494088172913,-0.5011938810348511,-0.3926041424274444,0.1380205234631896,-1.6348875594481824,0.5459159724384546,-0.4827436506748199,0.0535726882517337,0.5032939314842224
1774472741255690000,53.65368994140625,-0.1017526937738061,0.0656982145741581,0.1361678813338279,0.0954717695713043,0.0936329811811447,0.1887978762388229,0.0493044213950634,-1.0127508093774318,2.0828221733450887,0.9205596446990968,-0.5620197057723999,-0.4232382178306579,0.2081727948367595,-1.744178685902804,0.418229503723979,-0.5310666561126709,0.0547904595732688,0.556533694267273
1774472741265718000,53.66371801757813,-0.0522469045877456,0.126133978575468,0.1328764385730028,0.0989970266819,0.0979191362857818,0.214689552783966,-0.0533306081712245,-1.0591279451489448,2.0365859073489903,0.9979690313339232,-0.6281065344810486,-0.4563713371753692,0.217308579711616,-1.9419034442223608,0.3877028480350971,-0.5960786938667297,0.0634350776672363,0.6129716634750366
1774472741275745800,53.673745849609375,0.0047805122748017,0.1619222080543637,0.1237082127332687,0.0996058285236358,0.1040183082222938,0.2479356527328491,-0.1684656383484601,-1.2109341251194476,1.9870470926761623,1.0561186075210571,-0.6961258053779602,-0.4972300827503204,0.227911222268641,-2.205156028985232,0.4183668663680553,-0.6359672546386719,0.0666267126798629,0.6715748310089111
1774472741285773800,53.68377392578125,0.0215890237346291,0.1731122951105237,0.11212415792346,0.1028846129775047,0.1090082898736,0.2759425938129425,-0.1385787418678402,-1.438356394827366,1.9452491013884543,1.100174903869629,-0.7632601261138916,-0.5510486364364624,0.2428723522961139,-2.4979732925370333,0.364713017591834,-0.671378493309021,0.0818621218204498,0.7317886352539062
1774472741295801900,53.6938017578125,0.0275403333544731,0.1680104419268667,0.103420042464137,0.10865169018507,0.1144928038120269,0.3012655377388,-0.1453679636165499,-1.637846701514721,1.8987310958415269,1.1387397050857544,-0.837340772151947,-0.6080714464187622,0.1130231525897979,-2.7643425480157133,0.2972252892524004,-0.7308000922203064,0.1298971325159073,0.7854037880897522
1774472741305830000,53.70382983398437,0.0557011366948485,0.1500982070088386,0.1021639049232006,0.1176138222217559,0.1214137449860572,0.3264071345329284,-0.1055702062353491,-1.6649807921558617,1.9091747484445567,1.1764001846313477,-0.8945587873458862,-0.6653326153755188,0.0348427653223276,-2.946040300641954,0.2020896755307912,-0.7955604195594788,0.1729809492826461,0.8147444128990173
1774472741315857000,53.71385693359375,0.096512162771821,0.126541536463052,0.1074813005536794,0.1229899451136589,0.1233530640602111,0.3454650044441223,0.0201174898773431,-1.481954129013419,1.9884277333796023,1.219311237335205,-0.9549044370651244,-0.7135099768638611,-0.0042345688298344,-2.997947305750847,0.1070733042746782,-0.8724663853645325,0.2080298066139221,0.852359414100647
1774472741325885000,53.72388500976562,0.1363192725032568,0.1164234625525772,0.1290250238418579,0.1337695270776748,0.1256964802742004,0.3651922941207886,0.0878992327272892,-1.2069079383432864,2.056819717082381,1.264742732048035,-0.9693984389305116,-0.7228322625160217,0.0430623121351003,-2.896721850721538,0.1824742899566888,-0.9551929831504822,0.262684017419815,0.8790448307991028
1774472741335913000,53.73391284179687,0.1563607745349407,0.102661040790379,0.1436421627372503,0.1407110542058944,0.1244780868291854,0.3835446834564209,0.2166325801461935,-0.8956032703340053,2.1302514485180377,1.3301012516021729,-0.9744552373886108,-0.703091025352478,0.116626145517826,-2.7236908041536805,0.4171475537061691,-1.0227415561676023,0.259897232055664,0.8905916810035706
1774472741345940700,53.74394067382813,0.1474064837068319,0.1099668337590992,0.1074818850755691,0.1549989581108093,0.1224946975708007,0.4011512398719787,0.3672776073828339,-0.5491939711958169,2.376347439035773,1.4344490766525269,-0.991342842578888,-0.6672210097312927,0.0686465429857373,-2.5609689701542258,0.6181622934818267,-1.0446805953979492,0.2016579210758209,0.9249919652938844
1774472741355969000,53.75396899414063,0.1017082701101899,0.1160292025379836,0.0437327587425708,0.1750640124082565,0.1160146966576576,0.4263346195220947,0.5087827580913901,-0.4183504997551441,2.562315416327119,1.5596061944961548,-1.012256383895874,-0.6381899118423462,0.0596937134623527,-2.4943407812535763,0.7143436168640852,-1.0377684831619265,0.1083328798413276,0.9589827656745912
1774472741365995800,53.76399584960937,0.0260085937425494,0.118506990828365,-0.0345317996770143,0.1942246258258819,0.1036465317010879,0.45816570520401,0.7109425762489437,-0.4894803839892149,2.400413958799839,1.6801456212997437,-1.0589003562927246,-0.6300168037414551,0.022227029377222,-2.556716573406756,0.5484603962242603,-1.0399328470230105,0.032020803540945,1.0242071151733398
1774472741376023800,53.77402392578125,0.0005190554380416,0.1270819269500673,-0.1127390749514102,0.21198071539402,0.1053573489189148,0.492653876543045,0.7655716997981071,-0.6732470518440008,2.186754841506481,1.7791776657104492,-1.1281754970550537,-0.6315765976905823,-0.048920975035429,-2.6624481076836584,0.1634282287031412,-1.0773996114730835,0.0372448973357677,1.1390331983566284
1774472741386051800,53.7840517578125,0.0080517890304327,0.1366281923219561,-0.1873708298265934,0.2221546024084091,0.1226389035582542,0.5220843553543091,0.7867650022134184,-0.8819815722167491,1.99130358107686,1.850275039672852,-1.2234500646591189,-0.6479477286338806,-0.0063587213769555,-2.8324527921676634,-0.2499240243732929,-1.1585320234298706,0.1588344424962997,1.2600147724151611
1774472741396079900,53.79407983398438,-0.0067339844301342,0.1588376860424876,-0.2669850492894649,0.2377317100763321,0.1499083340167999,0.5549190044403076,0.6948793301984667,-1.0360194567620753,1.7808891447931527,1.8796499967575075,-1.3267003297805786,-0.6837512850761414,0.014395897360146,-3.050567719826102,-0.6113128659784793,-1.289199709892273,0.3782120645046234,1.3981740474700928
1774472741406108000,53.80410791015625,-0.0787874132499098,0.1644062799550592,-0.3598082944154739,0.2465917468070984,0.1886850148439407,0.5785476565361023,0.7527092956155538,-1.092621049427986,1.6504793885946272,1.8872907161712649,-1.4331449270248413,-0.7542676329612732,-0.0285685073584318,-3.088186964124441,-0.7094079140275716,-1.4114487171173096,0.636442244052887,1.5348283052444458
1774472741416135700,53.8141357421875,-0.150276486185193,0.1641888378120958,-0.3959481138110161,0.2561961710453033,0.2276776880025863,0.597086489200592,0.9111462919026612,-1.0953285548210143,1.6589128704190252,1.8851686716079712,-1.530913233757019,-0.8400251269340515,-0.0455076594606041,-2.949043574111164,-0.5671311944246292,-1.4925742149353027,0.8567906618118286,1.6664384603500366
1774472741426163000,53.82416284179688,-0.2154737654998898,0.1796257686577737,-0.4298661655038595,0.247672751545906,0.2685173749923706,0.6002339720726013,1.1112024157792328,-0.970783891263604,1.803576777419448,1.882173538208008,-1.6260610818862915,-0.9294289350509644,0.0532236406654119,-2.6352140637993813,-0.2806260366290807,-1.5550272464752195,0.8682821989059448,1.740829348564148
1774472741436190700,53.834190673828125,-0.2164496247947216,0.2126682065598666,-0.3768798407256603,0.2312703430652618,0.3216218948364258,0.6064316630363464,1.3586147495925425,-0.6453712029248476,2.0982120501786468,1.8904434442520144,-1.7251827716827393,-1.0237975120544434,0.0209971953213214,-2.3491940591722726,0.1961725604414939,-1.5634788274765017,0.6176769137382507,1.796101212501526
1774472741446219000,53.84421899414063,-0.1343202076405286,0.1813413404040038,-0.2169663421452045,0.2048133462667465,0.3684531152248382,0.624556839466095,1.6187351738095284,-0.2569774500161409,2.443191608774662,1.9190073013305664,-1.8120008707046509,-1.1142747402191162,0.0899313230767846,-2.1292244435578582,0.6755103206008672,-1.5038034915924072,0.2867003083229065,1.8420149087905884
1774472741456246800,53.854246826171874,-0.0277700504571199,0.1287521982498466,0.0087350951194763,0.1763135194778442,0.39375901222229,0.6563736796379089,1.719921758133173,0.0916655995234847,2.6989532532602545,1.960684418678284,-1.9143600463867188,-1.1833062171936035,0.1102995728448033,-2.040904355069995,0.9087070820569992,-1.437212347984314,-0.0094754844903945,1.871795654296875
1774472741466275000,53.86427514648437,0.0300263049513101,0.0955368879988789,0.302832023218274,0.1465408951044082,0.3869155049324035,0.6977558135986328,1.6390481862589716,0.3720306471288204,2.852573204654455,2.016587734222412,-2.0211243629455566,-1.227033257484436,-0.0913990575417876,-2.0826661060005427,0.6368214012444019,-1.4110592603683472,-0.2497213780879974,1.929321885108948
1774472741476302800,53.874302734375,0.0692488927930593,0.0932384017981588,0.5601110865294933,0.1214651092886924,0.3533767163753509,0.7352333664894104,1.3502069867312907,0.5312222611755132,2.7784271874696014,2.076728820800781,-2.128571033477783,-1.2389066219329834,-0.2584671040520072,-2.1072727239906786,-0.0752408266842365,-1.4378676414489746,-0.3748889863491058,2.0276360511779785
1774472741486329900,53.88432983398437,0.1197474924087524,0.1196330722488462,0.766549020397663,0.1035295501351356,0.2950481474399566,0.7700802683830261,0.9777262577474116,0.5922369941085577,2.5411405263513327,2.137290477752685,-2.223045587539673,-1.242652416229248,-0.4154159076079726,-2.124072175361216,-0.840199947541952,-1.5084408521652222,-0.3936688005924225,2.130028247833252
1774472741496358000,53.89435791015625,0.1863192749470472,0.1881198946282267,0.8773913218170404,0.096954733133316,0.2336287498474121,0.8040185570716858,0.7565665555655956,0.5936863161340356,2.299948674488068,2.2069339752197266,-2.2854654788970947,-1.2436503171920776,-0.6957435458123683,-2.226400623196364,-1.4659060805320738,-1.5906338691711426,-0.3426838219165802,2.233465671539306
1774472741506386000,53.90438598632812,0.2555056238979101,0.3246121856108308,0.9156839353322982,0.1009610444307327,0.1767354011535644,0.8387326598167419,0.746511610019207,0.6153209325760602,2.126855960860848,2.282035112380981,-2.3418385982513428,-1.239648461341858,-0.7824070992648601,-2.4635735948070883,-1.918240682953596,-1.6494255065917969,-0.2261809110641479,2.2905139923095703
1774472741516414000,53.9144140625,0.288924786157906,0.4813917700797319,0.8986807780832051,0.112264297902584,0.1223163828253746,0.8748555183410645,0.6858283009976148,0.8302972699478268,2.143259398651123,2.368473052978516,-2.393002510070801,-1.208579421043396,-0.9053016575276852,-2.8065701628923416,-2.0961966187030074,-1.6762083768844604,-0.1287956237792968,2.283308267593384
1774472741526441700,53.92444165039063,0.3217047737315296,0.5217589979119599,0.812700530719757,0.1472378522157669,0.0655305460095405,0.92452210187912,0.7966030901387333,1.1982359715878963,2.4914199253708125,2.485480785369873,-2.3867406845092773,-1.1712133884429932,-1.2171990307331084,-3.034540129610896,-2.163751567059755,-1.6676499843597412,-0.125513806939125,2.257108211517334
1774472741536470000,53.93446997070313,0.3870145735099911,0.455755224519968,0.6268968040794134,0.1949547678232193,0.0330503657460212,0.9933988451957704,0.9878586524441838,1.5738436004206535,2.927119034811854,2.6255364418029785,-2.368393898010254,-1.0933029651641846,-1.4546388365864753,-3.087448128455877,-2.149038566574454,-1.6472700834274292,-0.1214711293578147,2.2206852436065674
1774472741546496800,53.94449682617188,0.4372235425293445,0.4022947063587606,0.3877630537897348,0.2561782598495483,0.0459799952805042,1.0710158348083496,1.013679030138254,1.881350045190752,3.1270179223001,2.7654824256896973,-2.33734393119812,-0.9890888929367064,-1.4714856342300773,-2.92649418091178,-2.1210890678972003,-1.6360646486282349,-0.1130225136876106,2.1271004676818848
1774472741556524800,53.95452490234375,0.4112424213156104,0.357293973506987,0.1999427266299724,0.3265597522258758,0.1020888015627861,1.137338399887085,1.1141928297668695,2.0182038629621264,2.9024224004507064,2.873868942260742,-2.291583776473999,-0.8774779438972473,-1.9227552377685904,-2.862995229947567,-2.094813639912009,-1.611295223236084,-0.0951037779450416,2.082984209060669
1774472741566552800,53.964552734375,0.3245686387300491,0.3156581870436668,0.0039911154627799,0.3990630209445953,0.1608224362134933,1.179026484489441,0.9805091664642096,2.078318139924109,2.530128133949637,2.9381818771362305,-2.2511394023895264,-0.754142165184021,-2.215667924518883,-3.117052993124723,-2.3756664710342883,-1.6431692838668823,-0.0333940722048282,2.0801451206207275
1774472741576580900,53.97458081054688,0.1451528595611453,0.3219840290643274,-0.1652063442915678,0.4524889588356018,0.1854769140481948,1.1918127536773682,0.9559837970167396,2.1631468791648745,2.3550778565138577,2.969938039779663,-2.1939942836761475,-0.6516869068145752,-2.027432879078388,-3.4054511250600217,-2.78803497377038,-1.7765581607818604,0.124408520758152,2.0809473991394043
1774472741586609000,53.98460888671875,0.0126397013425827,0.335203137730062,-0.2184942823648452,0.4895839393138885,0.201144278049469,1.189426302909851,1.1801152084857225,2.1854425898641345,2.387228314012289,2.979367256164551,-2.146328449249268,-0.5815540552139282,-1.8441843898788093,-3.3276287574499843,-2.884209282889962,-1.953906297683716,0.3208589851856231,2.1031980514526367
1774472741596636700,53.99463671875,-0.0356388841360807,0.3429169269777834,-0.1334668056815862,0.5115212202072144,0.2042828053236007,1.1629747152328491,1.4656804550826548,2.159829717440903,2.491096100243926,2.9737532138824463,-2.1170759201049805,-0.5509655475616455,-1.6727356440663337,-2.964875641754269,-2.446929041737318,-2.104017496109009,0.451063722372055,2.1211042404174805
1774472741606664000,54.004663818359376,0.0069297992631793,0.3456818616464734,-0.0206166715711355,0.5159077644348145,0.202163428068161,1.1310609579086304,1.8001053019165991,2.1389777758091686,2.569036249014735,2.964539051055908,-2.119891166687012,-0.5635974407196045,-1.6167577362567185,-2.606919404946268,-1.650800875633955,-2.1639795303344727,0.4650884568691253,2.122209310531616
1774472741616691700,54.014691650390624,0.100930271475017,0.3079344609238207,0.0558645105630159,0.5113739967346191,0.1900548338890075,1.096944808959961,1.988784291732311,2.156937210869789,2.6345249124914405,2.9565019607543945,-2.1510002613067627,-0.6154939532279968,-1.5743530112475157,-2.4761095435142515,-1.2374065369814633,-2.211646795272827,0.2915241122245788,2.133901357650757
1774472741626720000,54.02471997070312,0.2025774590477347,0.3032040714010596,0.0876145705670118,0.4916584193706512,0.1732184588909149,1.0708402395248413,2.2117595189034938,2.247383497731388,2.628714764907956,2.949837446212769,-2.2238340377807617,-0.7054428458213806,-1.406397075986862,-2.359972935079038,-1.450569979712367,-2.268062114715576,0.0191093627363443,2.1484644412994385
1774472741636747800,54.03474780273437,0.31691110971421,0.2975212034590542,0.0904939253956079,0.469744324684143,0.1480982005596161,1.0477049350738523,2.333037874141336,2.415004648079723,2.667372120082378,2.9465065002441406,-2.329073190689087,-0.8109764456748962,-1.379875564286113,-2.091031783285737,-1.7772656935989857,-2.296529531478882,-0.1769533008337021,2.169960260391236
1774472741646776000,54.04477612304687,0.3804349028587341,0.2990896218195557,0.0941571240782737,0.4204901456832886,0.1207855492830276,1.0060025453567505,2.396781155255437,2.6788766799151897,2.7373914127260446,2.9440927505493164,-2.4516382217407227,-0.9311809539794922,-1.5424883849531412,-1.5826231192037463,-2.2939649239033457,-2.309697389602661,-0.2812035679817199,2.2079851627349854
1774472741656803800,54.05480395507813,0.3150403474062681,0.3036401247307658,0.0903226604819297,0.3623254001140594,0.0941962823271751,0.957600712776184,2.340215802946686,2.948430702909827,2.72231133249402,2.934067964553833,-2.5741257667541504,-1.0520048141479492,-1.6741034252882003,-1.2267159238800405,-3.1015432893037795,-2.314791440963745,-0.3326168656349182,2.264635801315308
1774472741666830800,54.06483081054687,0.217079154869914,0.1301937753602862,0.0196948805510997,0.3139798641204834,0.0832892134785652,0.8980749845504761,2.38774853849411,3.1995617649853227,2.4052087918609377,2.885476589202881,-2.7067341804504395,-1.1625655889511108,-1.6866268067747354,-0.9976993707180024,-4.052372187775373,-2.3282153606414795,-0.3635907471179962,2.3074512481689453
1774472741676859000,54.07485888671875,0.0893938551992177,-0.133373866701126,-0.031921324917674,0.2693844139575958,0.0929170697927475,0.8314767479896545,2.2033874118775127,3.5567879339531063,1.928013304427266,2.7921078205108643,-2.812371015548706,-1.2305467128753662,-1.9450468568146229,-0.7506269363835454,-4.8040439570367335,-2.339500188827514,-0.3959571719169616,2.354099988937378
1774472741686887000,54.08488696289062,-0.0068771922931075,-0.3293079422116279,-0.0768587832748889,0.234926626086235,0.1248453333973884,0.7508953809738159,2.062637463450432,3.93691508603692,1.6350614547103643,2.6809630393981934,-2.828723192214966,-1.26511549949646,-2.1958295438438653,-0.4604676399946212,-5.293889082685113,-2.34423828125,-0.3694467544555664,2.383104085922241
1774472741696915000,54.0949150390625,-0.0356818464949727,-0.5382689648166299,-0.1627759022742509,0.2219567596912384,0.176032617688179,0.6505458950996399,2.0800071159243583,4.126924155412614,1.270923022136092,2.5851080417633057,-2.782102584838867,-1.2517309188842771,-2.5376526842355727,-0.0914405585959553,-5.364780481988191,-2.3473923206329346,-0.2329808473587036,2.3901596069335938
1774472741706942700,54.104942626953125,-0.0402677129805088,-0.7129520163752138,-0.2609954534858465,0.2091722637414932,0.2169398069381714,0.5527850389480591,2.098247121492028,4.071017267012596,0.6880500687003135,2.49405288696289,-2.6956570148468018,-1.180654525756836,-2.542627550038695,0.4312289782896638,-5.196864878737927,-2.3325374126434326,-0.1269146054983139,2.3238685131073
1774472741716971000,54.114970947265626,-0.0325584537774324,-0.6443013817362487,-0.3556500056922435,0.1872858703136444,0.2316207289695739,0.4641531705856323,2.07780346840024,3.9749382349610327,0.0715501554727554,2.40770959854126,-2.571683168411255,-1.062981367111206,-2.910411061117053,0.988186569224298,-4.846643327835202,-2.30544376373291,-0.1148705407977104,2.254237174987793
1774472741726997800,54.12499780273438,-0.0042047582134604,-0.6325200507886708,-0.3595733166158199,0.1582684516906738,0.218852698802948,0.3816835284233093,1.927916858315468,3.986104356619716,-0.4850421092808246,2.3203275203704834,-2.431145191192627,-0.9014036655426024,-2.9694448493659493,1.3505562385603784,-4.6612382451236245,-2.2971553802490234,-0.1444824934005737,2.1656086444854736
1774472741737026000,54.13502612304688,0.0842947784945368,-0.6455909831553697,-0.4468716608405113,0.1438226699829101,0.203107014298439,0.2912465929985046,1.7720494202554224,3.993770361202955,-1.0276789139181377,2.213221788406372,-2.2552082538604736,-0.7067885994911194,-3.055564212939143,1.6231290248543022,-4.359616182217001,-2.258521318435669,-0.1198852732777595,2.091125965118408
1774472741747053800,54.1450537109375,0.3121542705759406,-0.5470353318572044,-0.6424661291331052,0.1330752819776535,0.1925179958343505,0.2181846052408218,1.7008470553070305,3.959012351554632,-1.4544646490633486,2.0943808555603027,-2.06134033203125,-0.4893273413181305,-3.0938930668115616,1.9134724456384773,-3.8765819056272495,-2.1753392219543457,-0.0973554626107215,2.0144834518432617
1774472741757082000,54.15508203125,0.4074409832060336,-0.395398078712821,-0.6807903068304062,0.1273337751626968,0.1694070696830749,0.1749154329299926,1.6940432205110787,3.9281697617843743,-1.6568553533673285,1.967439889907837,-1.840054988861084,-0.2701752781867981,-2.9159049823582173,2.044946908459067,-3.5895255436897275,-2.1066272258758545,-0.1298175007104873,1.9122124910354608
1774472741767110000,54.16510986328125,0.411789533804357,-0.1578349387407302,-0.5455202511191368,0.1306062936782837,0.1533767879009246,0.1412359178066253,1.951695208787918,3.815603997573256,-1.6368594440430402,1.844196438789368,-1.5984724760055542,-0.0854084342718124,-2.9422528910577297,2.1718004334807395,-3.389077790147066,-2.037371873855591,-0.2025305777788162,1.7764555215835571
1774472741777137700,54.1751376953125,0.2749909533515572,-0.0138280343443155,-0.3189876237273216,0.1468925774097442,0.1472576409578323,0.1095488294959068,2.2495418448090554,3.604942600791156,-1.551233416944742,1.7326089143753052,-1.3866864442825315,0.0429982766509056,-3.124871557921171,2.3757418743580576,-3.0403859330296514,-1.9328027963638303,-0.2821509838104248,1.6146012544631958
1774472741787165000,54.1851650390625,0.0535819525837898,0.0614097236000001,-0.2253612455248832,0.174347922205925,0.1269413977861404,0.0760231614112854,2.5722698241084814,3.3673607561185954,-1.5757833363115787,1.6297318935394287,-1.2345811128616333,0.112971007823944,-3.385501685225963,2.650550164619088,-2.74886966907382,-1.8213374614715576,-0.3693516552448272,1.4440559148788452
1774472741797192700,54.19519262695312,-0.0934749870330095,0.0276529999487102,-0.1940542531132698,0.2137858718633651,0.0972298383712768,0.0433254018425941,2.8704893850952384,3.161673056095838,-1.667059936517477,1.5272915363311768,-1.136556625366211,0.1313183158636093,-3.4782273151963947,2.935075546774268,-2.6700164971113205,-1.7151328325271606,-0.4507117867469787,1.2862250804901123
1774472741807221000,54.20522094726562,-0.1087792314097285,-0.1647558240450918,-0.1362140585631132,0.248460903763771,0.0821585804224014,0.0123443119227886,3.086595895540714,2.975036385762692,-1.7779910852640866,1.4203695058822632,-1.0655887126922607,0.1295081079006195,-3.5790462352514263,3.1650054153889418,-2.7143285170465705,-1.63426673412323,-0.4306951761245727,1.1570082902908323
1774472741817248800,54.21524877929688,-0.0385264222711324,-0.396762206672877,0.0500713141143321,0.2734679877758026,0.0621262788772583,-0.0099556669592857,3.1739146980315445,2.8166026043459773,-1.8962959776490929,1.3049489259719849,-1.008701205253601,0.1133728176355362,-3.719789169415831,3.456473164027929,-2.7172943811148405,-1.5809178352355957,-0.3283535242080688,1.0552189350128174
1774472741827277000,54.22527709960937,0.0298790054351091,-0.5429913171634078,0.1598965474456548,0.2955796420574188,0.0178887248039245,-0.012306610122323,3.222989986845851,2.781006682568788,-1.9049965859770768,1.1936606168746948,-0.9484876394271852,0.0837401896715164,-3.716526368227601,3.892434139275551,-2.575595753660798,-1.522596001625061,-0.2089426964521408,0.9630280137062072
1774472741837304800,54.23530493164063,0.0983756185561418,-0.4785844575740396,0.2321270863980054,0.3117277324199676,-0.0131685268133878,-0.0013668774627149,3.1575662052989,2.885252654463053,-1.7803338489979506,1.0893446207046509,-0.9031113386154176,0.0313230492174625,-3.5955969725579022,4.289261374008655,-2.320284191030264,-1.438797950744629,-0.1591177433729171,0.8837038278579712
1774472741847331800,54.24533178710937,0.220415605816245,-0.3845224644333124,0.2140256125181913,0.3239280879497528,-0.0212730523198843,0.0065968846902251,2.9796622919976707,3.034472909593582,-1.6582658046871424,0.9908458590507508,-0.8628942966461182,-0.0308805145323276,-3.401864791005849,4.554685749852657,-2.0611182910591364,-1.3543111085891724,-0.1641774773597717,0.8275049924850464
1774472741857360000,54.25535986328125,0.2600371298477053,-0.1804449760861694,0.1242734454005956,0.3335641920566559,0.0011851182207465,-0.0052049132063984,2.732734526830912,3.0901272845372554,-1.602027492375672,0.8952050805091858,-0.824933648109436,-0.0861813277006149,-3.1576316717505453,4.700383091554046,-1.780495177039504,-1.2703189849853516,-0.1868349015712738,0.7695023417472839
1774472741867387600,54.2653876953125,0.2749029828071594,-0.0086978318490087,0.1327075117468834,0.324940413236618,0.0296469815075397,-0.0236264429986476,2.538549340814352,3.068697835278511,-1.7302394462689756,0.7934790849685669,-0.7717830538749695,-0.1185743138194084,-2.9964930152893063,4.722781970366835,-1.500109963428974,-1.190324306488037,-0.2531580030918121,0.7188559174537659
1774472741877416000,54.275416015625,0.2847533456921577,0.1253212008878588,0.1203793605715036,0.310526579618454,0.0580669045448303,-0.0215776711702346,2.3754081123590467,2.924566427719593,-2.078433290736377,0.6873859167098999,-0.6897978782653809,-0.110963799059391,-2.9970266837745902,4.730916176983714,-1.3496663039833303,-1.1071019172668457,-0.3144220113754272,0.6531282663345337
1774472741887443700,54.28544360351562,0.3179217480614781,0.2865362835861742,0.1140904895603656,0.2863460481166839,0.0763125568628311,-0.012933294288814,2.231574226441979,2.786052275520563,-2.544969729250669,0.5578534007072449,-0.5914863348007202,-0.0725904181599617,-2.989307487699389,4.728067217293382,-1.3123890049904583,-1.0273284912109375,-0.2995754182338714,0.5746036171913147
1774472741897472300,54.29547216796875,0.2983928717270493,0.5384615647792815,0.1254296296983957,0.2467440515756607,0.0871481597423553,-0.0002326788380742,2.2034435259789227,2.728312034213543,-2.966651711516082,0.4041367769241333,-0.4720286428928375,-0.0128748901188373,-2.952375641143322,4.713261277827621,-1.3748890080451963,-0.9483538269996644,-0.2415892928838729,0.4870061874389648
1774472741907499000,54.3054990234375,0.3206239927574992,0.8756171517513692,0.1044499700337648,0.1934304386377334,0.1053263396024704,0.027309563010931,2.297830951681733,2.754117506599426,-3.18163593993336,0.2374840378761291,-0.3312157392501831,0.0516408458352088,-2.789013463413715,4.6809904088199135,-1.539981955090165,-0.8855798840522766,-0.1708530783653259,0.4028598666191101
1774472741917527300,54.31552734375,0.4017646911352873,1.18313163369745,0.0953156464636325,0.1473556160926818,0.1326359957456588,0.064198337495327,2.321738481491804,2.8532418976962566,-3.137693922354281,0.0775439068675041,-0.1827061772346496,0.1215919628739357,-2.6371605216920373,4.675869997066259,-1.5861995163857936,-0.8325895667076111,-0.0783561244606971,0.3184175789356231
1774472741927555000,54.32555517578125,0.4555605787307024,1.172271363117546,0.0113747959733009,0.1235140264034271,0.1615998595952987,0.0982748195528984,2.219661085808277,3.0390903402611613,-2.92245542691499,-0.0655887797474861,-0.0366613790392875,0.1886828392744064,-2.5088819323033094,4.774297053548693,-1.3949457076460123,-0.7527069449424744,-0.0108790788799524,0.2328417003154754
1774472741937583000,54.3355830078125,0.3993739966064691,1.1810783544294536,-0.2735924847304821,0.1129330247640609,0.2022538185119629,0.138417974114418,1.9186334816634647,3.292710881064832,-2.705327756728232,-0.1905498951673507,0.0710075572133064,0.2571138143539428,-2.341678276714682,4.943213942795992,-1.1820602050736546,-0.6426171064376831,-0.0139381065964698,0.1448947191238403
1774472741947611100,54.34561108398437,0.3306947203949094,1.1324534397311508,-0.440113418751955,0.1274450570344925,0.2595794200897217,0.1764525324106216,1.515856398615241,3.500884552684426,-2.618295369963348,-0.3206693828105926,0.1610565185546875,0.3368032276630401,-2.277780097299814,5.193067240020633,-1.0668094395622612,-0.5234968662261963,-0.0950907468795776,0.0803961381316185
1774472741957639200,54.35563916015625,0.2724187647759914,1.0379768744401634,-0.4638321479916572,0.1450767815113067,0.3098969161510467,0.2250091433525085,1.2509013938486575,3.618802783839405,-2.830799472002685,-0.4809304177761078,0.2724517583847046,0.4238686263561249,-2.181073288738728,5.467116820868849,-1.120012329700589,-0.3932617902755737,-0.1933599561452865,0.0086850309744477
1774472741967666200,54.365666259765625,0.2246022438511252,1.0265640845440327,-0.3309673998564481,0.1589081436395645,0.3357663452625274,0.2578794658184051,1.1182955889105797,3.606122458225488,-3.1619018964156504,-0.6634425520896912,0.4078944325447082,0.5050418376922607,-2.0686416723012924,5.64459052605927,-1.2736787505850196,-0.2589436769485473,-0.2686155438423157,-0.079249083995819
1774472741977694200,54.37569409179687,0.2053244196683168,0.9972324838586152,-0.0687391897052526,0.1747390329837799,0.3570343554019928,0.2751290202140808,1.2364572734326122,3.6114077051520335,-3.3745968448519705,-0.8553851246833801,0.5444717407226562,0.5724446177482605,-1.925220458838344,5.670789966198802,-1.5145909087240694,-0.1227031946182251,-0.3267059028148651,-0.2080166339874267
1774472741987722200,54.38572216796875,0.2503556937888264,0.9070442634113132,0.2145610345691442,0.1778743267059326,0.3620485067367553,0.2782541215419769,1.5444938795566558,3.575921673490107,-3.358759808772802,-1.0423951148986816,0.6846166849136353,0.6244655251502991,-1.6938082427114247,5.437554626297951,-1.696290122655034,0.0243504364043474,-0.3549764156341553,-0.3603646159172058
1774472741997750000,54.39575,0.2614057878524065,0.7808411651223898,0.462004932564497,0.1755903959274292,0.3456660509109497,0.2629454731941223,1.8399802161872385,3.51310369052738,-3.186534525629878,-1.2166131734848022,0.8141746520996094,0.6755684018135071,-1.6178846944600342,5.19717525986135,-1.7528437845259903,0.160013198852539,-0.3631194829940796,-0.5137218236923218
1774472742007778000,54.40577807617188,0.2803805374354124,0.6312181744098663,0.5995949556559323,0.1524814069271087,0.3272894918918609,0.2396136969327926,1.985121677571535,3.561697333304584,-3.0021681383162737,-1.3841499090194702,0.925140380859375,0.7361899614334106,-1.6672171729058027,5.138479909786581,-1.870276277990639,0.2616271674633026,-0.3725875616073608,-0.6507769227027893
1774472742017806000,54.41580615234375,0.2885959925949573,0.456729768640548,0.6817723036050796,0.1189607307314872,0.3204206526279449,0.2018133103847503,1.7523972098022698,3.7731262073278415,-2.8145228754624725,-1.5552910566329956,1.0041401386260986,0.8278836607933044,-1.7457547030478715,5.337185203576087,-1.8730100868687032,0.3457133769989013,-0.3695281744003296,-0.7777398824691772
1774472742027833300,54.42583325195312,0.2398392682105302,0.2670895325772464,0.722212450543046,0.0738305896520614,0.3050882220268249,0.1495008766651153,1.4642910465508698,4.109537259542942,-2.7444261336684224,-1.7452789545059204,1.0998132228851318,0.9325621724128724,-1.9014982224673032,5.596506586369872,-1.7082178763359783,0.4355175495147705,-0.3612729012966156,-0.8832322359085083
1774472742037861000,54.43586108398438,0.2473921678081154,0.0902817439496517,0.6179746619552373,0.0288825593888759,0.2903090119361877,0.0972664505243301,1.3363853821277618,4.3797418554008,-2.9378198770463464,-1.956028699874878,1.2274811267852783,1.0370588302612305,-2.0389590662211177,5.816079311621189,-1.578579689031839,0.531282901763916,-0.40062215924263,-0.9903031587600708
1774472742047889200,54.44588916015625,0.2935843024015426,-0.046029199116677,0.4449088363349437,-0.023316167294979,0.2661656737327575,0.0313160270452499,1.5475480064302682,4.499060308742523,-3.2003701587587594,-2.193921566009521,1.372859239578247,1.1200859546661377,-2.1292723743528126,5.965297228664159,-1.6005492365166545,0.6291775107383728,-0.4829905331134796,-1.1195266246795654
1774472742057917200,54.455917236328126,0.299879895414412,-0.0882573985151946,0.2588169404029846,-0.0746416673064231,0.2329587340354919,-0.0445321351289749,1.9903946495383973,4.5986710220515725,-3.2785505460262296,-2.427870273590088,1.5123087167739868,1.1928011178970337,-2.0654396613895893,5.959000758868456,-1.690112895324826,0.7564944624900818,-0.5681414604187012,-1.3068883419036863
1774472742067945200,54.4659453125,0.3408993035450577,-0.055683308777213,0.0929851576894521,-0.1319517940282821,0.2092861384153366,-0.1053272932767868,2.370814354828,4.750489184720814,-3.075499916508793,-2.634401798248291,1.647244215011597,1.245125412940979,-2.0074130043566227,5.7558566058486695,-1.8387419065639377,0.8742871284484863,-0.5931141972541809,-1.4946303367614746
1774472742077973200,54.47597314453125,0.4919622639328241,0.0661553106918931,-0.0582715717047452,-0.1792274415493011,0.2145205736160278,-0.1493493616580963,2.72889597158134,4.966218386286497,-2.7586861296892167,-2.8137753009796143,1.7585798501968384,1.2864738702774048,-2.2414117298454044,5.565678901907801,-1.990170193132758,0.9381126761436462,-0.5528970956802368,-1.6607345342636108
1774472742088000000,54.486,0.7316776135027409,0.2461455287478864,-0.2687649184435606,-0.2296152859926223,0.236880823969841,-0.1773378998041153,3.109609691381454,5.169129315072298,-2.4709008689552543,-2.9717745780944824,1.871856689453125,1.3273730278015137,-2.248832235234976,5.473975600722432,-2.2099863717511297,0.9797746539115906,-0.562892735004425,-1.8031600713729856
1774472742098028300,54.4960283203125,0.9211009919449686,0.4738340481765568,-0.5015320563107729,-0.28644660115242,0.2565738260746002,-0.1988628953695297,3.4283763658344744,5.401124884045124,-2.242082760974765,-3.131181478500366,1.9790875911712649,1.3799971342086792,-2.361216505399346,5.553696787691116,-2.467018766824901,1.0081251859664917,-0.6118272542953491,-1.9173747301101685
1774472742108056000,54.50605615234375,0.9777855867192148,0.7221900925807655,-0.6685013186216354,-0.338419497013092,0.2563311755657196,-0.2243703454732895,3.6097330499380815,5.792201007905602,-2.1542636077463624,-3.3116917610168457,2.0942165851593018,1.4290539026260376,-2.6386808631271124,5.729467780616879,-2.7568101066842674,1.0464677810668943,-0.6978489756584167,-2.023509740829468
1774472742118084000,54.516083984375,0.9790177588626742,0.866692525409162,-0.7672679823219776,-0.3905442357063293,0.2552326321601867,-0.2449893355369568,3.773599085536599,6.341999959257245,-2.12457807905674,-3.520353078842163,2.228154420852661,1.466963768005371,-2.949746461683512,5.919772910329699,-2.914450107374788,1.1128219366073608,-0.8282541036605835,-2.1214759349823
1774472742128112000,54.52611206054687,0.9822457809984684,0.9267994958475232,-0.7454366742640733,-0.4387853741645813,0.2724341750144958,-0.266611099243164,3.992575013938546,6.934169148826599,-2.0304162788033486,-3.730940341949463,2.363800287246704,1.5030503273010254,-3.283131444075704,5.996067629981041,-2.862951683066785,1.1871074438095093,-0.9300750494003296,-2.205826997756958
1774472742138139100,54.53613916015625,0.9906997210890054,0.8900440287716687,-0.7396031458050012,-0.4868857860565185,0.298056960105896,-0.292352944612503,4.254919543945789,7.31861796350181,-1.8924129987359048,-3.9055025577545166,2.4965553283691406,1.5679627656936646,-3.433431311136484,6.063463003861904,-2.8597341823250053,1.2382735013961792,-0.9474042654037476,-2.316014528274536
1774472742148167200,54.54616723632813,0.994865024074912,0.79261358211115,-0.7101496723055839,-0.540931761264801,0.3077900111675262,-0.3148155510425567,4.418658738294243,7.486120894297957,-1.6954782217502593,-4.0371856689453125,2.6335337162017822,1.668079853057861,-3.8732355178087934,6.118421505495905,-3.1070173368006944,1.2487733364105225,-0.9056304097175598,-2.4230775833129883
1774472742158195200,54.5561953125,0.9548813887327908,0.6856590819105506,-0.7196247721374035,-0.5846241116523743,0.299967497587204,-0.3361493349075317,4.527389162126183,7.7618603279292575,-1.5029881492137909,-4.160965919494629,2.752272129058838,1.7897069454193115,-4.327862030559778,6.207651110044122,-3.6679680890247215,1.2405929565429688,-0.882966935634613,-2.56458044052124
1774472742168223200,54.56622314453125,0.9586267127409576,0.5875386071592569,-0.7460656198173761,-0.6326313018798828,0.2799517512321472,-0.3688045442104339,4.623788512173295,8.419688861367106,-1.2836375422805546,-4.307162284851074,2.881797790527344,1.8959362506866453,-4.768116319087148,6.184164435994624,-4.439592512990534,1.267768383026123,-0.9396198391914368,-2.691011905670166
1774472742178251300,54.57625122070313,1.0219272185236217,0.503016449649632,-0.7662094131797552,-0.6755388379096985,0.2766284048557281,-0.4203058183193207,5.018263046300411,9.482478836154938,-0.8133475964516401,-4.462087154388428,3.089160680770874,1.9380043745040887,-5.003265383654832,5.9196764642179005,-5.258348982748389,1.3556729555130005,-1.0179941654205322,-2.8123903274536133
1774472742188279000,54.586279052734376,1.1702917336076497,0.4520686449617147,-0.7707254292994737,-0.7074781060218811,0.2828222215175628,-0.4742880463600158,5.887054297554492,10.834455755168198,0.1024637646526098,-4.594542503356934,3.321559429168701,1.9315829277038568,-5.063692087566852,5.520868284800648,-5.879962877988815,1.4921448230743408,-1.0439399480819702,-2.9786086082458496
1774472742198306000,54.59630615234375,1.2391554264754057,0.4051822444938123,-0.8295049505263566,-0.7271077036857605,0.2766514122486114,-0.5170722603797913,6.822822989538311,12.256526201105116,1.308993517333269,-4.7132649421691895,3.550722360610962,1.9064632654190063,-5.3179678774088615,5.287245406886935,-6.608271307319402,1.6294878721237185,-1.098563313484192,-3.1822304725646973
1774472742208334000,54.606333984375,1.1901382975891233,0.4335585902810096,-0.8747826006233692,-0.7372002601623535,0.2614326179027557,-0.5438405275344849,7.763789250165224,13.111615090221166,1.936905635935068,-4.908168792724609,3.8212695121765137,1.872511625289917,-5.903040971237421,5.3992696115672585,-7.857550652924179,1.764958143234253,-1.221226692199707,-3.3574211597442627
1774472742218362000,54.61636206054688,1.1694622970461843,0.5180491836085915,-0.8958569528341292,-0.7458148002624512,0.2479114979505539,-0.5593808889389038,8.518909114053844,12.91315588014722,1.2161860542982816,-5.2359490394592285,4.12680721282959,1.8491586446762085,-6.442604359778762,5.760432243201136,-9.47329833535552,1.90760338306427,-1.366889476776123,-3.3918514251708984
1774472742228390100,54.62639013671875,1.305843528869748,0.6080136783026159,-0.921529154229164,-0.7561731338500977,0.2601596713066101,-0.563453733921051,9.146244309550523,12.461088988751172,0.0694289255350828,-5.6245832443237305,4.409994125366211,1.7740896940231323,-6.459841325783729,5.935614038062095,-11.144868442773818,2.0588185787200928,-1.4108909368515017,-3.3818604946136475
1774472742238418200,54.63641821289063,1.497611132350564,0.735421330075711,-0.9698100777953864,-0.7677589058876038,0.2773072421550751,-0.5661288499832153,9.640657473766804,12.576432693243026,-0.4602373383700847,-6.036046981811523,4.5127129554748535,1.668828010559082,-6.5471057677388185,5.626020265623927,-12.383674909681082,2.217413187026977,-1.32223379611969,-3.3892295360565186
1774472742248446200,54.6464462890625,1.6736317161232233,0.8685438523642718,-1.0428916806191206,-0.7846000790596008,0.2942411601543426,-0.5631864070892334,8.927879206523299,12.65762745989561,-1.0903759008496998,-6.537283897399902,4.324242115020752,1.6134116649627686,-7.1442936622530215,5.814522145307064,-13.723317247778176,2.373715877532959,-1.3211601972579956,-3.3468027114868164
1774472742258473200,54.65647314453125,1.8950930316001176,0.8999149960532784,-1.268783672019839,-0.8055887222290039,0.3111762106418609,-0.5583341121673584,6.922877939483523,12.545025163066386,-1.8960925640314816,-7.132211685180664,3.906982660293579,1.6395013332366943,-8.103613325694203,6.998704457101225,-15.55012350961566,2.546998977661133,-1.5130090713500977,-3.1930055618286133
1774472742268501000,54.6665009765625,2.088657163108885,0.8291026533357798,-1.5646388419628143,-0.8142444491386414,0.3283418416976928,-0.5387826561927795,5.275975240331888,13.240580492830276,-1.5312065279603004,-7.7053656578063965,3.592493057250977,1.5613905191421509,-8.610775496846436,8.28723035594523,-17.363157266688347,2.798832416534424,-1.6877923011779783,-2.9814910888671875
1774472742278529300,54.676529296875,2.2237521545141936,0.7721766510210931,-1.8920681308209888,-0.8180298805236816,0.3455714285373688,-0.5206078886985779,5.723699134087562,14.869137972474098,0.3779916013598441,-8.074976921081543,3.3364505767822266,1.326174259185791,-8.749998089575767,9.147578773024678,-18.868329189682004,3.158313035964966,-1.6169568300247192,-2.844912528991699
1774472742288557000,54.68655712890625,2.404858663249016,0.7849209817819297,-2.2266566437840463,-0.8279185891151428,0.3721626996994018,-0.4944356679916382,6.605288492116332,17.483772189581394,4.327609517103434,-8.239953994750977,3.064565896987915,1.067513346672058,-8.567788588035107,9.658757194080948,-20.33885766931772,3.612964153289795,-1.36548113822937,-2.8381052017211914
1774472742298585000,54.69658520507812,2.6097446915000675,0.9263599353864788,-2.539899586379528,-0.8383190631866455,0.4058676660060882,-0.4564339518547058,6.280752002090216,18.52533408290148,8.018005418774486,-8.449052810668945,2.66572904586792,1.010747313499451,-6.954202467551827,9.713896897500751,-22.728107260024547,4.278900623321533,-1.283958911895752,-3.0355923175811768
1774472742308613000,54.70661303710938,2.8412735197439787,1.074321422627568,-2.740508083441853,-0.8534557223320007,0.4679441154003143,-0.3786704242229461,4.3363945888444775,17.180159829640388,9.355256477820872,-8.783234596252441,2.268275022506714,1.127456545829773,-4.179361614136398,8.354691196277738,-25.71384741063118,5.110230445861816,-1.4198261499404907,-2.848463773727417
1774472742318640000,54.71664013671875,3.011708120077848,1.3234960899382828,-2.815850616934896,-0.8746268153190613,0.5375615358352661,-0.2782396972179413,3.437276880648732,17.006664380431175,10.05579427217245,-9.27741813659668,1.7594454288482666,0.9915040731430054,-0.5246282697379588,5.257639373174309,-29.23284921928644,6.313412189483643,-1.8578859567642207,-2.282285690307617
1774472742328668200,54.72666821289062,2.7903239614903925,1.7101101198233664,-2.787875983816385,-0.910011351108551,0.5753477215766907,-0.1906549334526062,4.267716481676698,18.60292234949469,10.63118709898591,-9.865555763244627,1.663166880607605,0.3153238892555237,2.456177639336884,-0.1910895580887794,-32.84706964377165,7.798028945922852,-1.829610109329224,-1.460275173187256
1774472742338696200,54.7366962890625,2.2629896476641296,1.9157783844932912,-2.743388022792339,-0.9185598492622375,0.5195015072822571,-0.125436782836914,3.0772081817314025,20.46226894493103,8.219688267070055,-10.523285865783691,2.5234317779541016,-0.5710493922233582,3.332791547040641,-5.37772705732286,-35.678409506261346,8.937894821166992,-0.7721936106681824,-0.693627119064331
1774472742348724200,54.74672412109375,1.546393867959082,1.8614932520762084,-2.576723880907893,-0.8480823636054993,0.4324432909488678,-0.0271428134292364,8.40312175744772,21.88820775673389,4.419869283127785,-10.999256134033203,1.8697102069854736,-1.905764102935791,2.8856539287403224,-6.705362731283903,-38.90282163486481,9.423254013061523,0.1800169944763183,-0.2676475942134857
1774472742358752300,54.75675219726563,0.5205372010320425,1.5294117534980176,-2.0952450170665977,-0.7052245736122131,0.3771938979625702,0.1296571791172027,19.126096328771112,22.324228353214263,6.852454157692193,-11.062955856323242,1.3346081972122192,-3.0182600021362305,-0.6277838160470127,-6.190566119730472,-41.62784865605831,9.46349811553955,0.876776933670044,0.0143113667145371
1774472742368780000,54.76678002929688,-0.9605968437701464,0.8771832320243119,-1.2070756961256266,-0.5333412289619446,0.3220962285995483,0.2450485527515411,10.64135193464756,23.64042201118469,14.142383202326297,-10.556278228759766,0.9777809381484984,-3.412510395050049,-4.268422876380384,-9.444217786821724,-40.18567416424751,9.150622367858888,1.6074367761611938,0.3882788419723511
1774472742378807000,54.77680712890625,-2.9674194810181853,-0.0133165776908397,-0.1747889961510896,-0.3407155871391296,0.2727507948875427,0.2874815165996551,8.908419888293743,23.23242573218345,18.655975894290208,-10.352282524108888,-0.2280922681093216,-3.603929042816162,-5.800603510069847,-14.447314243650435,-36.17845161627531,8.692286491394043,2.489613771438598,1.1579431295394895
1774472742388835000,54.7868349609375,-4.166314208775758,-0.5059805601522326,0.9221990163147448,-0.1960482448339462,0.2854799032211303,0.3461558222770691,10.80558388094902,17.19018905622363,19.60462218802571,-10.082927703857422,-0.6461969614028931,-3.8474583625793457,-0.4774892096832394,-16.3646839889884,-30.716791307246684,8.845197677612305,2.8571536540985107,1.2903424501419067
1774472742398863000,54.796863037109375,-3.858835236534476,-0.7242568158522248,1.9685054738134145,-0.057821650058031,0.4536755681037903,0.4159764051437378,-5.046714649280905,15.398623619115352,25.21045482114553,-9.172274589538574,-0.2929829955101013,-2.798304557800293,-4.117090159140527,-19.213859952419995,-28.73471265063285,8.825389862060547,3.3760390281677246,1.5268011093139648
1774472742408891100,54.80689111328125,-3.236622790879011,-0.7436693723306059,2.3255700224787,0.0895028859376907,0.6708196401596069,0.4439845383167267,-22.005942155754564,15.863119783973692,33.91443934756517,-7.96964168548584,1.0732501745224,-0.96803081035614,-11.376456015467642,-24.766540841066835,-29.907892506897447,6.595893383026123,4.6185503005981445,2.1301071643829346
1774472742418919200,54.81691918945312,-3.308163009479642,-0.7154232287943363,2.4090888481646773,0.2586080133914947,0.864336371421814,0.4052965342998504,-20.41127759336233,11.259931576758625,34.98396009191274,-6.843596935272217,2.3820979595184326,0.8633875250816345,-8.320579083317519,-28.39296374452114,-25.04562900060415,3.6388473510742174,6.749171257019043,2.533379554748535
1774472742428947200,54.826947265625,-3.736265087920427,-1.0075853894382714,2.411017770400643,0.4201565682888031,1.0363906621932983,0.3348182737827301,-13.979029207903146,5.2919759425401685,32.099786464858056,-5.776401519775391,2.725470304489136,2.373443126678467,4.506655586177111,-36.121505155694486,-12.374938645517826,1.732475996017456,7.542495250701904,1.606505274772644
1774472742438974200,54.83697412109375,-3.797783094200492,-1.4629960383042693,2.404711363732815,0.5471411347389221,1.1988378763198853,0.2943185269832611,-9.079394294592738,1.735192392501235,33.647443776881694,-4.295000553131104,3.11895489692688,3.281296968460083,8.50502496560812,-42.98471100902557,-0.1039046111106872,0.8365135788917542,6.284830093383789,0.7822363972663879
1774472742449002200,54.84700219726562,-3.4321389332383867,-1.880576722730696,2.2149211978048085,0.6719204187393188,1.281869888305664,0.2699510455131531,-4.056779190562665,-2.2403227655649185,35.709688441622255,-2.4956579208374023,3.73885440826416,3.710533380508423,6.181620012208819,-37.20591951779127,13.343648068594932,0.961987316608429,4.297924041748047,0.3897333443164825
1774472742459030300,54.8570302734375,-3.2018367241799828,-1.9465996392145752,1.7367840456068515,0.7699652314186096,1.3075827360153198,0.2269617617130279,2.327197039158642,-7.4673577416390176,33.05148162477016,-1.1156764030456543,3.913985013961792,3.769747734069824,15.321984616070983,-43.23524176712036,22.62866138188839,0.0092148119583725,1.8033130168914795,-0.9737040400505066
1774472742469058300,54.86705834960937,-2.5049293952852487,-1.6641493097677826,1.4611398890435694,0.7868829369544983,1.3506536483764648,0.1615126430988311,7.813145694008469,-11.381249094963072,27.1374083873868,-0.3695124983787536,3.509285688400269,3.5646681785583496,29.303164864528178,-50.27754746553897,21.9645556678772,-1.3779634237289429,-1.3612613677978516,-2.0128378868103027
1774472742479086000,54.87708618164063,-1.0252689301669595,-1.222871523411572,1.2145096455186604,0.7357497215270996,1.3721038103103638,0.0576475113630294,8.597780406194925,-13.068560376870632,21.562738954293728,0.0564151220023632,2.8696088790893555,3.122596740722656,19.753433277833462,-42.41070583717823,25.530765802431105,-2.146412134170532,-3.3951451778411865,-2.121766328811645
1774472742489114000,54.88711401367188,0.276888019144535,-0.6152832309141755,0.5069844764977693,0.6347993016242981,1.2422726154327393,-0.0672605410218238,5.89616114859581,-13.114752803725004,16.86032815630436,0.4294788837432861,2.2061538696289062,2.405421495437622,10.520489174473283,-36.62149115160703,33.31483679312468,-2.289843797683716,-3.41917085647583,-1.4690645933151243
1774472742499141000,54.89714111328125,1.4363526537895202,-0.2050401958994567,-0.7447557062625885,0.3904736936092376,1.0309048891067505,-0.224801704287529,2.380222819164396,-12.335981430613996,12.850101165819169,0.9651473164558412,1.3616191148757937,1.337257742881775,8.664320040029287,-29.08447885898352,38.74404678492546,-1.3423949480056765,-2.579434633255005,-0.8291071653366089
1774472742509169200,54.90716918945313,2.813882531732321,0.1040162547916173,-1.9875176327973605,-0.0654167160391807,0.9592450261116028,-0.4798299670219421,1.3539002882912754,-10.769743336760998,9.493998009034993,1.5314775705337524,0.231954276561737,-0.0192537289112806,8.844182101660966,-20.229685346937178,35.89112403618097,0.0096402931958436,-3.0437276363372803,-0.3326137959957123
1774472742519197200,54.917197265625,4.22847226652503,0.2617769592523574,-2.7030338005721566,-0.7027684450149536,1.0458430051803589,-0.8138407468795776,2.063932179436088,-8.683991539704799,6.523600388988852,1.903018951416016,-0.9865484237670898,-1.4098416566848757,8.638290111237763,-14.559593884396552,25.27512632302045,0.7204208374023438,-3.53169059753418,0.0221120174974203
1774472742529225200,54.92722509765625,4.986591312229633,0.1446323428183794,-3.1438340325444933,-1.4226821660995483,1.1130212545394895,-1.0967386960983276,2.890129905110597,-6.358286492669582,4.402259684418142,1.9489244222640991,-1.8854292631149288,-2.5811431407928467,8.119833223611115,-11.374624123865363,18.385830919665096,0.8027599453926086,-3.67786717414856,-0.0797554925084114
1774472742539253200,54.937253173828125,4.743126254737377,-1.3242574296995997,-2.864850502425432,-2.026440143585205,0.7784150838851929,-1.4992464780807495,3.081170363360643,-3.8478064775198697,3.086270901370048,1.791775822639465,-2.2258191108703613,-3.41549015045166,8.285870173507929,-8.938063331407308,12.502716299647092,0.4347188770771026,-3.7249810695648193,-0.4439256489276886
1774472742549281000,54.947281005859374,2.784983184984326,-3.898522519278526,-1.1667343333870173,-2.311126708984375,-0.220207929611206,-1.9591120481491089,3.029717239499092,-0.8986550591200589,2.203797453983128,1.5616267919540403,-2.339149236679077,-3.975076198577881,5.334692802238464,-6.484863538837432,6.87532474566996,-0.2462700456380844,-4.242650032043457,-0.6744214296340942
1774472742559308000,54.95730810546875,-0.466564787825942,-5.878382330799102,1.5048329002976415,-2.267019033432007,-1.5993562936782837,-2.108955383300781,3.621210429503024,2.4116209969908,1.2189803611919283,1.298513412475586,-2.5517826080322266,-4.252736568450928,1.863575026786328,-5.352976646947861,1.531220556485653,-1.0837352275848389,-4.609135150909424,-0.8173666596412659
1774472742569336000,54.96733618164063,-3.108154816398024,-7.124605795964598,4.468755771371722,-1.981657147407532,-2.3611557483673096,-2.001446485519409,4.033217697711288,5.417980157256126,0.1067477255821228,0.955043613910675,-2.803314208984375,-4.19836950302124,1.208307576008141,-4.455744898629188,-1.417557352426648,-1.722055435180664,-4.381579875946045,-1.0082063674926758
1774472742579364000,54.977364013671874,-3.238471633616089,-7.35444506368637,5.756469769310951,-1.5518869161605835,-2.3109350204467773,-2.0794012546539307,3.4059996988534924,7.454028304466605,-0.4931058810099959,0.6155368685722351,-2.8859667778015137,-3.799427032470703,0.3116822691500187,-2.6345605683267115,-2.8124714958906174,-2.1008777618408203,-4.001218318939209,-0.9244329929351808
1774472742589392100,54.98739208984375,-2.3637544994443656,-6.677538320291042,5.142216758227348,-0.9833006262779236,-1.7372628450393677,-2.2439229488372803,1.117358600321412,7.400705295079946,-0.4727683186411857,0.4834247231483459,-2.8296444416046143,-3.0323057174682617,-0.7731330749630928,-1.09828119408153,-4.093564029863477,-2.1430046558380127,-3.608128786087036,-0.7815520167350769
1774472742599420200,54.99742016601562,-1.218954934489727,-5.346199700158834,4.048533048003912,-0.5118969082832336,-1.211029052734375,-2.141092300415039,-1.8666857061527669,5.303361259907484,-0.987393665280938,0.4810313284397125,-2.153510808944702,-1.8586665391922,-1.2032643211439251,0.3514409731624647,-5.150740840944647,-1.870890498161316,-3.1924796104431152,-0.6578004360198975
1774472742609448200,55.0074482421875,-0.921340938180685,-2.9055922626584767,3.5778994033038614,-0.257594883441925,-0.9757585525512696,-1.8365013599395752,-4.181512946951389,2.934533110460639,-1.457707284246385,0.6287773251533508,-1.049651026725769,-0.6954758763313293,-1.9459628026157616,1.262186611842364,-6.295705241072177,-1.3843724727630615,-2.5679492950439453,-0.5618544220924377
1774472742619475200,55.01747509765625,-0.9458312363147736,-0.3518298628821968,3.051647331756353,-0.1774923354387283,-0.9864662885665894,-1.4783486127853394,-3.939278892558813,1.5406734444856642,-1.805461860513687,0.8536950945854187,0.02344018407166,0.2106960862874984,-2.632268950258195,1.6522760627530515,-6.955635130703449,-0.8278711438179016,-1.5279393196105957,-0.454384833574295
1774472742629503200,55.02750317382812,-0.9119850808143616,2.185668799835444,1.8305963017702105,-0.2434025853872299,-0.9518416523933412,-1.056838870048523,-3.1847733611762523,0.7969272075265645,-2.1914877152472734,0.9971470832824708,0.7249014973640442,0.9039371609687804,-2.9985598846912382,1.0136507538918405,-6.161629948103427,-0.5826225280761719,-0.0276167169213295,-0.3551317453384399
1774472742639531000,55.03753100585938,-0.4403916511714458,4.888465869042277,-0.0960059668153524,-0.4080647528171539,-0.8278419375419617,-0.7212383151054382,-2.8845220021009443,0.9982418070316316,-2.5488892407819628,0.9794685244560242,1.1790512800216677,1.347259759902954,-2.3856027586370705,-0.4689964719522744,-4.627112688159943,-0.6649568676948547,1.3412948846817017,-0.3412076234817505
1774472742649559300,55.04755932617188,0.0271533798635005,6.851581466510892,-1.852956017616391,-0.5274331569671631,-0.5407633185386658,-0.5290902853012085,-1.9221067107319831,1.7767372858107089,-2.396494008877128,0.8541359901428223,1.505947470664978,1.5928107500076294,-0.6833002438247203,-1.2839660435825586,-3.281997471609712,-0.8145719170570374,2.084113836288452,-0.3381266295909881
1774472742659587000,55.05758715820313,0.9544073414802552,7.6079942928195,-2.582815768042207,-0.5657871961593628,-0.1246023327112197,-0.4128416776657104,-1.312536158376187,2.4826556041568515,-1.543286841854453,0.7032354474067688,1.6768614053726196,1.7524794340133667,0.4029188296064734,-1.3269995680145918,-1.8935475557237864,-0.895713210105896,2.273984909057617,-0.3109007179737091
1774472742669615400,55.06761547851563,1.889153704679012,7.736219690716267,-2.616283153358102,-0.5809400081634521,0.2761663794517517,-0.3069608211517334,-0.90465868344903,2.638078805580735,-0.2418783728227019,0.5893492698669434,1.7832618951797483,1.8767454624176023,0.899389803135395,-1.3126406416639684,-0.5589344439655543,-0.8694227933883667,2.051762104034424,-0.3248996436595917
1774472742679642000,55.07764208984375,2.2195383362114427,7.74997641339004,-1.79113289090991,-0.59888756275177,0.5014476776123047,-0.1527667045593261,-0.4031523461014032,1.8574474838167427,0.9646645316004752,0.5296926498413086,1.8516782522201536,1.9975131750106807,1.3846183748990295,-1.337536744119972,0.2436152796179056,-0.7709679007530212,1.4802013635635376,-0.4077404737472534
1774472742689670100,55.08767016601563,1.9061194525271647,5.0849207535564895,0.0150210435211658,-0.5376289486885071,0.3519713878631592,0.1504122614860534,-0.1748021478936076,0.5438900195688009,1.762811782441288,0.5349194407463074,1.8401042222976685,2.1037487983703613,1.5408663367092608,-1.2074074122980236,0.5647282249361276,-0.6556490659713745,0.7252095341682434,-0.4818336367607116
1774472742699698200,55.0976982421875,0.0321586408048868,1.8185460907533764,1.0874024379968643,-0.432590126991272,-0.1623784750699997,0.455966591835022,-0.1779869154095649,-0.6402893696159124,2.2695013676457108,0.5919028520584106,1.747668743133545,2.137091875076294,1.3149807750493288,-0.9412332410000264,0.6629530368447304,-0.5415516495704651,-0.0428912304341793,-0.5204031467437744
1774472742709726200,55.107726318359376,-2.183536463981867,-0.0886713861435651,1.6902496734470127,-0.336713433265686,-0.6211794018745422,0.5484273433685303,0.0808560362175107,-1.3916501732319593,2.445198564682901,0.6675931811332703,1.588737964630127,2.0504910945892334,1.1896534366816285,-0.7812532530546188,0.7687702035784721,-0.412813663482666,-0.6976288557052612,-0.5388681292533875
1774472742719754200,55.117754150390624,-2.890952911931276,-1.2619342445164918,1.805755290502309,-0.2114884108304977,-0.6863983273506165,0.4616255760192871,0.4599170203745364,-1.6310890439480543,2.239147730436176,0.7007348537445068,1.3925364017486572,1.802573204040528,1.0066142063185572,-0.7420374602798372,1.034054294168949,-0.2720780372619629,-1.1024935245513916,-0.5371044278144836
1774472742729782000,55.12778198242187,-2.0500661511689424,-1.990882725316286,1.571918477576971,-0.085349328815937,-0.4495179355144501,0.2752091288566589,0.6813005944401025,-1.4533084647655483,1.947772043994814,0.6699206829071045,1.134333610534668,1.4170953035354614,0.6403782169431448,-0.8514416917201131,1.2921318143814802,-0.1551641821861267,-1.208062767982483,-0.5251920819282532
1774472742739809300,55.13780932617188,-1.6677736377447845,-2.562531397165358,1.6182850919544696,0.0254703983664512,-0.1927732229232788,0.080213539302349,0.8144789385691285,-1.09018943836689,1.9894034465439616,0.5978618860244751,0.8407602906227112,0.9946576952934264,0.4975543848514556,-1.0671994617931544,1.2361796255350113,-0.093676321208477,-1.110126495361328,-0.5501828193664551
1774472742749837000,55.14783715820312,-1.7012538825422523,-2.853802161927521,1.6967314366817474,0.1115090772509574,-0.0928618386387825,-0.0196008458733558,0.5313917725235223,-0.7709697594493627,2.502407183331251,0.5078369379043579,0.5841992497444153,0.5948931574821472,0.6856722336530685,-1.19642680327408,0.7696721208542585,-0.0759580433368682,-1.029674768447876,-0.5869621634483337
1774472742759865000,55.15786499023437,-1.6492904710710048,-2.792820746742189,1.8486060057133435,0.1651406288146972,-0.1323786079883575,-0.0749722272157669,0.8720525911375879,-0.7118406941324472,2.8542583812624214,0.4276353120803833,0.363884687423706,0.2355289012193679,0.825886175507307,-1.1251532727856188,-0.0043003275424242,-0.0933667868375778,-1.097942352294922,-0.574090301990509
1774472742769893000,55.16789306640625,-1.3597417077958582,-2.397384966367483,1.8015671911627047,0.2060791552066803,-0.1794754415750503,-0.1260884255170822,1.2033885320454836,-1.0768348667532206,2.9326649785012004,0.3840773105621338,0.1051832810044288,-0.0192350856959819,0.5681681362569332,-1.2946237773276863,-0.715356593298912,-0.1505898535251617,-1.1512686014175415,-0.5144293904304504
1774472742779921200,55.17792114257813,-1.11991705263257,-1.581086703416705,1.4286287815392016,0.2408818751573562,-0.1375655382871627,-0.1582812517881393,0.6969669501274823,-1.513903510981798,2.8226632195591925,0.4013303220272064,-0.1641512513160705,-0.1455501466989517,0.2802157022625208,-1.79368842061162,-0.9368962347090244,-0.2304062247276306,-1.084473729133606,-0.5059252977371216
1774472742789949200,55.18794921875,-0.8617746504902839,-0.5889791613563895,1.0214128392606974,0.2449421286582946,-0.0570200644433498,-0.1495517194271087,0.0909483911648392,-1.7094845352709291,2.490347619964182,0.4587569534778595,-0.335457980632782,-0.2155475318431854,0.4353928199708461,-2.229744965188205,-0.7155664366573095,-0.2971144020557403,-0.9315022826194764,-0.491469144821167
1774472742799976200,55.19797607421875,-0.6927618996530771,0.3405596963271498,0.7117734741151333,0.2213401198387146,-0.0171999484300613,-0.0906801521778106,0.1149833467468619,-1.6594933006554842,1.8761422474145888,0.5139994621276855,-0.4296436011791229,-0.2950612604618072,0.4028858041197061,-2.047469120413065,0.0044172319203615,-0.2893644273281097,-0.6021397709846497,-0.4682028591632843
1774472742810004200,55.20800415039062,-0.7507143224060535,1.215344050516188,0.4597632911175489,0.1690810620784759,-0.0600188709795475,0.0064495438709855,0.4909755909830331,-1.3493530002504586,1.1811286233119669,0.539964497089386,-0.5131518244743347,-0.406531274318695,0.2112988179028034,-1.3104013383045792,0.8146089946895837,-0.2416986525058746,-0.1329525560140609,-0.4366915225982666
1774472742820032000,55.21803198242188,-0.7151099250614643,1.8455156384825704,0.2442313656896352,0.1083942800760269,-0.0762529596686363,0.1318764388561248,0.997763083603978,-0.7914081518441438,0.6642544017668813,0.5332416296005249,-0.5829634070396423,-0.5486139059066772,-0.0096048636913299,-0.8990259382590651,0.9754302557647228,-0.2353914082050323,0.3110828101634979,-0.4405011236667633
1774472742830060300,55.22806030273438,-0.4073112193465232,2.2236635994479057,0.1981125885933637,0.0500972755253315,-0.039321269840002,0.2471895515918731,1.2387784098565575,-0.3177706491529941,0.6430570807635784,0.5156643390655518,-0.6567991971969604,-0.6531230807304382,-0.0441460157185792,-0.6091980657815933,0.9305722923845052,-0.2741369307041168,0.5390891432762146,-0.4439083635807037
1774472742840088000,55.238088134765626,-0.2519172440171242,2.2271970342710614,0.2559276487022638,0.0057074381038546,0.0128900036215782,0.3154250681400299,0.821330119638145,-0.0434141943126916,1.032375108910352,0.4994467198848724,-0.7268656492233276,-0.6655235886573792,0.0807265646189451,-0.4606589247830212,0.9109446318507194,-0.3518039286136627,0.3630840182304382,-0.4018417000770569
1774472742850116400,55.248116455078126,-0.3561445112109184,1.794329641124606,0.4743254849553108,-0.0174715332686901,0.0327142551541328,0.3452518880367279,0.0690130382105708,0.1558610083192586,1.511264686910808,0.5157604813575745,-0.7851443886756897,-0.5787325501441956,0.2770031699568033,-0.6480538661375641,0.8140057680994272,-0.490643560886383,-0.1456263363361358,-0.2938904762268066
1774472742860143000,55.25814306640625,-0.4920961194455623,1.2425798479661343,0.7673872247874737,-0.0112666338682174,0.0086970683187246,0.350516140460968,-0.7345864866867661,0.1910971568733453,1.714537434746325,0.5355019569396973,-0.7823964953422546,-0.4341652393341064,0.4566010276943445,-1.105567186371237,0.8419394846856594,-0.661447286605835,-0.5426015257835388,-0.1429603695869445
1774472742870171100,55.268171142578126,-0.5858680435985326,0.6258133927568793,1.0199930355906486,0.0082212528213858,-0.0408659800887107,0.3372126817703247,-0.9740174663573504,0.0433212553322315,1.5357688674397765,0.5717432498931885,-0.726171612739563,-0.2917700707912445,0.3925914968594908,-1.528541254273802,1.0680974335461857,-0.7609776258468628,-0.4653573036193847,-0.0666698664426803
1774472742880199200,55.27819921875,-0.6861550487339496,0.1024780854389071,1.262584817379713,0.0494073033332824,-0.0850092098116874,0.3069786131381988,-0.9046361793562768,-0.2706494170159101,1.2068977822754532,0.6209272742271423,-0.6336307525634766,-0.182157814502716,-0.0089554598718881,-1.556697819830477,1.3860393476128576,-0.6564527750015259,-0.0598155669867992,-0.1060494780540466
1774472742890227200,55.288227294921874,-0.7477969736546277,-0.2712719328284263,1.4161971699893474,0.0945365205407142,-0.1306972205638885,0.2685694694519043,-0.5858166056722403,-0.4891477910339832,0.8822397847615182,0.6792073249816895,-0.5251641869544983,-0.1232612282037735,-0.4231161067217588,-0.6974401205971836,1.515166078263521,-0.498007208108902,0.1348908096551895,-0.1078921183943748
1774472742900255500,55.29825537109375,-0.7229623921275139,-0.5786693642660975,1.3291612760931253,0.1589288264513015,-0.1532051861286163,0.2349899411201477,-0.426222840565443,-0.4481447495162486,0.7375046391557901,0.730122447013855,-0.4452810287475586,-0.0941552743315696,-0.2953857988655567,-0.7755259614489972,0.7914782944709062,-0.4903947412967682,0.069950632750988,-0.1283580958843231
1774472742910283300,55.308283203125,-0.7424573661923408,-0.818780435155332,1.1044809985697268,0.2227655053138733,-0.1649167388677597,0.2107435762882232,-0.5866249994456768,-0.1127192012071609,0.7844174892392008,0.7608519792556763,-0.3848468065261841,-0.0816785171627998,0.1187491290211677,-1.1012952081404626,0.6746259389817715,-0.5380852818489075,-0.0239604189991951,-0.1815675199031829
1774472742920310300,55.318310302734375,-0.6969073288947344,-0.8228934234321117,0.8209528107583522,0.2793134748935699,-0.1743989139795303,0.1887650340795517,-0.5842834047555923,0.2389601472884416,0.9054867317710072,0.7639503479003906,-0.3313654661178589,-0.0674585625529289,0.2682785962313413,-1.0277313747577368,0.8536246617823838,-0.6050141453742981,-0.0631490498781204,-0.1831388920545578
1774472742930338300,55.32833837890625,-0.7540367448270321,-0.6239630887150764,0.5735995136559009,0.31369549036026,-0.1731709837913513,0.1740633100271225,-0.583601267710328,0.3452367482274771,1.0760418897446244,0.7538152933120728,-0.2925810515880584,-0.0261200256645679,0.0256210557296872,-1.2243562090113758,1.0294634592473506,-0.6378365755081177,-0.0400490574538707,-0.1662435382604599
1774472742940366300,55.33836645507812,-0.7989701115310192,-0.3017956659078598,0.4137099804729223,0.3336785435676574,-0.169582113623619,0.1848379224538803,-0.5762877298265695,0.2192851404815912,1.2697769208408891,0.7640953660011292,-0.2557972073554992,0.0432952679693698,-0.1235065526813268,-1.454020850818604,1.0432774650663137,-0.6439346075057983,-0.0150677198544144,-0.1695955693721771
1774472742950394400,55.34839428710937,-0.6551771421462297,0.0015314473509788,0.3682423607617616,0.3300584554672241,-0.1446141451597213,0.2132152616977691,-0.7123755316615105,0.0734065969944,1.4060697437286376,0.7943958640098572,-0.2143054157495498,0.1414984166622162,-0.1765945842683315,-1.5924901409626009,0.942562589907646,-0.6411337852478027,-0.0030789677985012,-0.1865321993827819
1774472742960422400,55.35842236328125,-0.3842272808790207,0.1970744777172803,0.3778822957664728,0.321813553571701,-0.0977614223957061,0.2685245871543884,-0.8885220799013972,0.035638299614191,1.4476121528200805,0.8376748561859131,-0.1640121638774871,0.2356683164834976,-0.124919926610589,-1.487287891256809,0.9168909730345012,-0.6491361260414124,-0.0371649116277694,-0.2123418748378753
1774472742970450400,55.36845043945313,-0.2832359268665314,0.3508648172423243,0.3576099075883627,0.3048089444637298,-0.0618697628378868,0.3182727992534637,-0.8233265541523694,0.0487935492634773,1.4621217396877706,0.8892930150032043,-0.125096708536148,0.3115659356117248,-0.1071282493323087,-1.3495220732070503,0.9210925163775682,-0.6677907705307007,-0.133627787232399,-0.2430870085954666
1774472742980477400,55.3784775390625,-0.5361784222781658,0.5033943430513144,0.347633287975192,0.2830218970775604,-0.0437823683023452,0.3431600332260132,-0.5512146633684635,0.0676098934143781,1.3999150204911828,0.9287126064300536,-0.0871812850236892,0.3530862033367157,-0.1697436954602599,-1.3647012298993766,0.9711106389999388,-0.6815513968467712,-0.251521497964859,-0.2720295190811157
1774472742990505500,55.38850537109375,-0.8602093008697033,0.5220426371589303,0.408068759715557,0.2646616995334625,-0.0509025454521179,0.3455066084861755,-0.0923246479541063,0.0371773457497358,1.289661478745192,0.9624823927879332,-0.0658808872103691,0.3509824872016907,-0.1407996327877044,-1.468867560686171,1.109559324747324,-0.679328978061676,-0.3477369844913482,-0.3297484815120697
1774472743000533200,55.398533203125,-0.9662778120160104,0.2857736286506057,0.4331143536448478,0.2583465278148651,-0.0533816814422607,0.3318392634391784,0.2386979892209172,0.0492927309572696,1.2808673469148577,1.0012410879135132,-0.078241154551506,0.327201783657074,-0.1660322737216949,-1.6715449729770422,1.2434206827044487,-0.676440954208374,-0.4362803697586059,-0.4023496508598327
1774472743010561500,55.4085615234375,-0.9531418515890836,-0.1044166522860527,0.4159486993104219,0.258865475654602,-0.0567905195057392,0.2963975071907043,0.2225800903737544,0.143146488174796,1.3291010703384876,1.045559048652649,-0.1151719167828559,0.2963816821575165,-0.2098322524815797,-1.8637053751677275,1.2691928373426198,-0.6821712851524353,-0.5154244899749756,-0.4606925845146179
1774472743020589300,55.41858935546875,-0.9118184920758008,-0.5280700807549059,0.4434738350957631,0.264656513929367,-0.0718024969100952,0.2533552348613739,0.0532312394499778,0.2385276010900735,1.3071755081258714,1.0860916376113892,-0.1498302817344665,0.2689276933670044,-0.1066419271200895,-1.82072226574868,1.2599679128795862,-0.6878054141998291,-0.5945777297019958,-0.4711633920669555
1774472743030617600,55.42861767578125,-0.7445598914295435,-0.8323546408690512,0.5090618672937155,0.2648407518863678,-0.0899772569537162,0.2148529142141342,-0.1355687463968992,0.2361608719587326,1.248328620751202,1.1223231554031372,-0.1813962906599044,0.2565304040908813,0.0598316606283187,-1.6423454742386936,1.1937836683541536,-0.6878003478050232,-0.6779141426086426,-0.470899760723114
1774472743040644400,55.438644287109376,-0.5088254281893372,-0.9480182249650358,0.5840706387877463,0.249545931816101,-0.1069543808698654,0.1911800801753997,-0.2953010431915521,0.1247100832521915,1.1409618864879012,1.15635347366333,-0.199772372841835,0.2572718262672424,0.0462754289627075,-1.573245926788449,1.0088450341105462,-0.6927616000175476,-0.7388157248497009,-0.4818651080131531
1774472743050672400,55.44867236328125,-0.2410895605325698,-0.906406111638248,0.6448211678266524,0.21995510160923,-0.1311403810977935,0.1724270433187484,-0.2793669764786958,-0.0260918881118297,0.989420056542009,1.195350170135498,-0.2040760219097137,0.2564136683940887,-0.253159645293653,-1.605387616458535,0.6936462812721729,-0.727318525314331,-0.7454997301101685,-0.4998752772808075
1774472743060700400,55.458700439453125,-0.0183364516794681,-0.7690905215740204,0.6440004990935325,0.1774190962314605,-0.1580026149749755,0.1524682492017746,-0.0817488934040069,-0.1544341903865337,0.8034852508679032,1.237038493156433,-0.205865666270256,0.2440472543239593,-0.5815045876920223,-1.5812795956403016,0.3534796759158373,-0.7794541120529175,-0.6838836073875427,-0.5328259468078613
1774472743070728200,55.46872827148437,0.075120415174961,-0.4792947978004813,0.5850497129529715,0.1199268922209739,-0.2091351449489593,0.1229500398039817,0.1085199959516525,-0.187850722298026,0.6908888723228126,1.2821481227874756,-0.204744204878807,0.2288585007190704,-0.8350421263873576,-1.5164111098885535,0.2113794819235801,-0.8399701714515686,-0.5757800340652466,-0.5860255360603333
1774472743080756500,55.47875659179687,-0.2111450886458158,-0.1163965745456516,0.4552227250784635,0.0730358213186264,-0.2693992853164673,0.0845978558063507,0.2352338202416896,-0.0890671074628829,0.7276569796845317,1.3195232152938845,-0.1878933161497116,0.2229529321193695,-0.940790904060006,-1.4152844390586017,0.2683288651138544,-0.892541229724884,-0.445663571357727,-0.640807569026947
1774472743090784300,55.4887841796875,-0.5789519805997609,-0.0385267145320773,0.2492372111529111,0.0416650511324405,-0.300528347492218,0.061169721186161,0.366141589090228,0.117642629083991,0.8538099552214146,1.3418484926223757,-0.1285251379013061,0.2235724180936813,-0.8237626074820756,-1.2140353060051798,0.4587888931274413,-0.9060890078544616,-0.3556082546710968,-0.6805065274238586
1774472743100811500,55.4988115234375,-0.5595867703944445,-0.2685926306165754,0.0349397959560155,0.0293135792016983,-0.299550712108612,0.0503967031836509,0.5648802006274461,0.1862193217039108,0.9721993110194802,1.3493423461914062,-0.0585780218243598,0.2548461556434631,-0.5860597667783498,-0.9718535663217306,0.6342553501486778,-0.9032143354415894,-0.3472352921962738,-0.7005625367164612
1774472743110839300,55.50883935546875,-0.3950853595018386,-0.5423023119859397,-0.1814642361313104,0.0480622015893459,-0.2684967219829559,0.0362857803702354,0.5159574720263481,0.0441799179881811,1.0339693923644722,1.35403573513031,0.0043848110362887,0.3170584142208099,-0.5095248086303472,-1.0196969752535223,0.6512643526166677,-0.9159160256385804,-0.4020056128501892,-0.7089658975601196
1774472743120867300,55.51886743164062,-0.3978162457704544,-0.7733892416812479,-0.2910504000097513,0.0876021608710289,-0.2269205152988433,0.0284936372190713,0.3703822953999042,-0.0927022490948438,1.0366974290888755,1.3644648790359497,0.0567324347794055,0.3853591680526733,-0.5340571923404932,-1.216491174724698,0.6048778644949198,-0.950781226158142,-0.4885708093643188,-0.7079977989196777
1774472743130895400,55.52889526367188,-0.4334530840799212,-0.8529838796608149,-0.1831634412646293,0.1150044202804565,-0.1880719512701034,0.0277019683271646,0.2676326995432376,-0.0521627334356308,0.9957513053901492,1.3787058591842651,0.110859490931034,0.4324557185173034,-0.569669772991538,-1.3591907959148286,0.5598328541100025,-0.9864974617958068,-0.5768359303474426,-0.676827073097229
1774472743140923100,55.538923095703126,-0.3636225920066237,-0.7340978263869882,0.0582183802127838,0.1285527348518371,-0.1750573515892028,0.0336115211248397,0.2540910809248686,0.1338151807278394,0.9327895300425588,1.390283703804016,0.1419457793235778,0.4386736452579498,-0.5341483777552842,-1.3940046274036169,0.5462678546160459,-0.9973880648612976,-0.6006293892860413,-0.6235141754150391
1774472743150951400,55.548951416015626,-0.2755734294146299,-0.5615060480192303,0.2914665795952081,0.1297992020845413,-0.1888111978769302,0.0389320775866508,0.334966114103794,0.3008247750490904,0.8239775654070078,1.3943369388580322,0.1292658150196075,0.4039085805416107,-0.4715636190265417,-1.2956781086862086,0.5326099161416292,-0.984287440776825,-0.540130078792572,-0.579142153263092
1774472743160978400,55.558978515625,-0.2228378645271062,-0.3907710034340619,0.4680962351769208,0.1137930676341056,-0.2016721367835998,0.0478704422712326,0.4344318659842014,0.2520961077153683,0.6455268318779767,1.3894494771957395,0.1052065417170524,0.3463787138462066,-0.471563034504652,-1.180666412627697,0.3953945715814829,-0.9871337413787842,-0.4213256537914276,-0.5698450803756714
1774472743171006500,55.56900634765625,-0.0767874716043472,-0.2223549033157527,0.6153881525933742,0.0948847457766532,-0.1955702453851699,0.0555465742945671,0.5104045140743255,0.0001946457892656,0.479587204875797,1.3897302150726318,0.0700138136744499,0.2839388847351074,-0.5832873794555664,-1.072367365950346,0.1659890191018581,-1.0087556838989258,-0.3009683489799499,-0.5691321492195129
1774472743181034200,55.5790341796875,0.1214554653704166,-0.049263066471368,0.7108709723174571,0.0720204412937164,-0.1866265535354614,0.0725066438317298,0.4230921413242817,-0.2135702699661254,0.4726524371765553,1.406765699386597,0.0243509840220212,0.2246590405702591,-0.6701409025222063,-1.0055120902955532,-0.1529413214802742,-1.0376465320587158,-0.2424613386392593,-0.5695745944976807
1774472743191062500,55.5890625,0.2199292836040258,0.0970337024278938,0.7318757664233446,0.0584577359259128,-0.1868454813957214,0.1002544313669204,0.2788964363574981,-0.2334831771820783,0.5626942348904908,1.4432638883590698,-0.0184924490749835,0.1601845324039459,-0.7337912446558476,-1.037385192157328,-0.4627671491086482,-1.077973246574402,-0.2322017699480056,-0.5599477887153625
1774472743201090300,55.59909033203125,0.229086111266911,0.1467499194942414,0.6550070462763309,0.0566822066903114,-0.1950128525495529,0.1198001652956008,0.1385252581149339,-0.129763274988532,0.6194115628905594,1.4755477905273438,-0.0672618523240089,0.0858320072293281,-0.6807517283856869,-1.0091758735001086,-0.6541811168462037,-1.1305513381958008,-0.1912157982587814,-0.5364288091659546
1774472743211118300,55.60911840820312,0.1800274813264608,0.1039472812086343,0.5210182625472546,0.0695777013897895,-0.2054402232170105,0.1278248876333236,0.1661784041941165,0.0802384888410568,0.557859654340893,1.4863276481628418,-0.1229191273450851,0.0029770075343549,-0.6126099200516939,-0.8532017601951957,-0.6119710376262665,-1.1748855113983154,-0.0762093290686607,-0.5168460011482239
1774472743221145300,55.61914526367188,0.1163476208373904,-0.0438486402072012,0.3719318629294633,0.0940023511648178,-0.2296603322029113,0.125944972038269,0.3262146523714065,0.3482832763165235,0.4545101928949356,1.4588921070098877,-0.1783155500888824,-0.0847469866275787,-0.5580214207738637,-0.7268886256605386,-0.4155564851224422,-1.1878074407577517,0.0749224424362182,-0.5056224465370178
1774472743231173400,55.62917333984375,0.0109025022864341,-0.2357218960195779,0.2547708798825741,0.1224291995167732,-0.2684016227722168,0.1199720352888107,0.4898614922612905,0.5636415987432003,0.3263043764814734,1.4106327295303345,-0.2342686802148819,-0.1687739193439483,-0.5177583839684724,-0.6297001710623502,-0.2509744102090597,-1.1803362369537354,0.2001733034849167,-0.4977328479290008
1774472743241201400,55.63920141601562,-0.1022498296409845,-0.3959457757234573,0.1904775636702775,0.1536246687173843,-0.3068824410438537,0.1005399972200393,0.5176239439338446,0.6020242286294698,0.2492240594103932,1.3636796474456787,-0.2862304151058197,-0.2297781407833099,-0.3637579088240861,-0.5706783655121922,-0.2232125430583953,-1.18482506275177,0.2669260799884796,-0.4979576468467712
1774472743251229200,55.64922924804687,-0.2393880173116922,-0.5249162928991019,0.1734188768416643,0.1795534193515777,-0.3344534933567047,0.0718616768717765,0.4335694039359689,0.4696785359323024,0.1738160594657063,1.3386776447296145,-0.3233323395252228,-0.2653611600399017,-0.1289186408579349,-0.5115747268974781,-0.3271814515769481,-1.2290836572647097,0.2852004170417785,-0.5077823400497437
1774472743261257500,55.65925756835937,-0.3375906173884868,-0.6456595183469355,0.1672246983766555,0.1922686845064163,-0.3560085892677307,0.0396384894847869,0.2866366752207279,0.3151502375215291,0.1371267894938588,1.3435367345809937,-0.3521400094032287,-0.2775320708751678,0.06898644246459,-0.5345025980204343,-0.4248924687445163,-1.270112156867981,0.2732745707035064,-0.5006443858146667
1774472743271285200,55.66928515625,-0.420579281720519,-0.7333306414067745,0.1875456018716096,0.1988534927368164,-0.3693107068538666,0.0021857377141714,0.1505073723316192,0.231389419773221,0.1329243693679571,1.355736494064331,-0.3660871982574463,-0.2737953662872314,0.2032470288723707,-0.526949990683794,-0.5551169315040111,-1.286547064781189,0.2247632294893264,-0.462070107460022
1774472743281312500,55.6793125,-0.4678115730166435,-0.794201581954956,0.2005138045161962,0.1943354457616806,-0.3683218955993652,-0.0259753260761499,-0.0484600795254111,0.3018453502684831,0.0857400088667869,1.352989673614502,-0.3734234273433685,-0.2512264251708984,0.2320873389095067,-0.4901286187648773,-0.7470581379860639,-1.2879977226257324,0.1615746021270752,-0.4078556299209595
1774472743291340300,55.68934033203125,-0.4589817853510379,-0.8105107655905187,0.215561151522398,0.1809778213500976,-0.3615904748439789,-0.052281230688095,-0.0530213960915803,0.3727612994909286,-0.0410331443950533,1.3197027444839478,-0.3575724065303802,-0.2233193069696426,0.241270177796483,-0.4531184462755918,-0.9910767377078532,-1.2907658815383911,0.1176817193627357,-0.3608431220054626
1774472743301368600,55.69936865234375,-0.4604752387791871,-0.7244948623917996,0.2655763515353203,0.1609966605901718,-0.3578591346740722,-0.0717974081635475,-0.0461187770962715,0.5147650473713874,-0.1477314778774976,1.259698748588562,-0.337530255317688,-0.1950535774230957,0.1943546973645687,-0.3208025641947984,-1.0676444290816782,-1.288011074066162,0.1385212987661361,-0.3162670433521271
1774472743311396400,55.709396240234376,-0.4739402850300073,-0.5829835742034017,0.3259562936961651,0.1313715875148773,-0.3553667962551117,-0.0838725715875625,-0.0563759672164917,0.6560755522906779,-0.1855757631033658,1.1985745429992676,-0.3049085438251495,-0.1692301779985427,0.156281864079833,-0.1429179401159286,-0.9942881009697914,-1.2692391872406006,0.2007830739021301,-0.2866444289684295
1774472743321424400,55.71942431640625,-0.4565785236015915,-0.409854620219022,0.3932061216264963,0.0942068994045257,-0.3596936166286468,-0.0859037637710571,-0.0163356332510709,0.724746937456727,-0.2030456610813736,1.145487666130066,-0.2594321370124817,-0.153649628162384,0.2251680610403418,0.0012672434568405,-0.9786778593838216,-1.240489482879639,0.2440044730901718,-0.2718968093395233
1774472743331452400,55.729452392578125,-0.3818418470472097,-0.2779186773665249,0.4505997414529323,0.0563996732234954,-0.3608857691287994,-0.0696597546339035,0.0999663948789238,0.6858849996209144,-0.1578992361485958,1.1164456605911257,-0.216127261519432,-0.1402208507061004,0.2573448220238089,0.0983557448118925,-1.0309960756421088,-1.221975803375244,0.2426545172929763,-0.2581727504730224
1774472743341479400,55.7394794921875,-0.2689823605865239,-0.1739019841834902,0.4689496371358633,0.0139978881925344,-0.3601896166801452,-0.0461017042398452,0.1002697617396712,0.5547288089692592,-0.0721481213659048,1.1112122535705566,-0.1958643347024917,-0.1211313158273696,0.2018713566049933,0.0851537334114313,-1.077447445693612,-1.2086328268051147,0.2148585021495819,-0.2394701391458511
1774472743351507500,55.74950756835938,-0.1996528037726879,-0.096010350729525,0.4461445156097411,-0.0318078398704528,-0.3576624393463135,-0.0184894651174545,-0.0080558806836605,0.3908113354444503,0.0559659251108765,1.1265220642089844,-0.1841692477464676,-0.0923111885786056,0.1763192744582891,-0.0358960737675428,-1.0864338852256537,-1.1791212558746338,0.1918660998344421,-0.2239905148744583
1774472743361535200,55.75953515625,-0.1720230385690927,-0.04971636319682,0.3972375690996647,-0.0689051374793052,-0.3488167524337768,0.0021327240392565,-0.1669546492636203,0.2564543029248714,0.106726682794094,1.1482412815093994,-0.1732817143201828,-0.0657195225358009,0.1441512813031673,-0.1361801562935113,-1.0999427706182003,-1.1363338232040403,0.1943408250808715,-0.1985258758068084
1774472743371563500,55.7695634765625,-0.2185650095134973,-0.0543162582077085,0.3676192604273557,-0.0884089469909668,-0.3485555052757263,0.0080347061157226,-0.2732312502026557,0.1662099683761596,0.052380467839539,1.1618679761886597,-0.1716488897800445,-0.0416692085564136,0.1274453534349799,-0.1808633476287126,-1.222047055286169,-1.0983052253723145,0.2202701568603515,-0.1636073142290115
1774472743381591300,55.77959130859375,-0.3080617405652999,-0.0762228234589099,0.4131009086638689,-0.090045727789402,-0.3670532703399658,0.0045342473313212,-0.463198526263237,0.1722743829816579,-0.0891498173102736,1.154895305633545,-0.189392477273941,-0.0280407480895519,0.0856716198056936,-0.2066945389777421,-1.3625930055737494,-1.053080677986145,0.2831580340862274,-0.1359922736883163
1774472743391619300,55.78961938476562,-0.3378656349375843,-0.1070792956240475,0.5080775324314832,-0.0783886462450027,-0.3821529746055603,-0.0038686078041791,-0.5494242728203534,0.2084229702055454,-0.2784460622414946,1.1287351846694946,-0.2010300904512405,-0.0385249629616737,0.0250596224546432,-0.2298375141561031,-1.503105053591728,-1.0029852390289309,0.3840364515781402,-0.1216927021741867
1774472743401646300,55.79964624023437,-0.2752791226431727,-0.1314088502384722,0.6391285091429948,-0.0624538920819759,-0.4046492278575897,-0.0048435907810926,-0.5362380435109139,0.2636199567705393,-0.4927548756152391,1.0901883840560913,-0.2292127311229705,-0.0663914829492569,-0.0269447055488824,-0.1398877786397933,-1.5906155792623755,-0.9633026719093324,0.4906675219535827,-0.1150996685028076
1774472743411674400,55.80967431640625,-0.1932818074360489,-0.1146782263204455,0.6863999634057283,-0.0431530773639678,-0.4291353523731231,0.0057902820408344,-0.476400829924643,0.351437940955162,-0.6163780404135585,1.0494050979614258,-0.2407300174236297,-0.1043919324874877,-0.0309790756314992,-0.0284369899332523,-1.5473703117758035,-0.9315833449363708,0.5923666954040527,-0.1238114088773727
1774472743421702400,55.81970239257812,-0.1681111258223653,-0.0457468750439584,0.6849398277252912,-0.0264915395528078,-0.4585254490375519,0.0148777868598699,-0.2948869094327092,0.4619558327257633,-0.6460638613641262,1.015332579612732,-0.2341568022966385,-0.1371064782142639,0.0135281746149063,0.0638467414885759,-1.368509536141157,-0.8998428583145142,0.6452122926712036,-0.1518982797861099
1774472743431730200,55.82973022460938,-0.2014940477252006,-0.0104649876520037,0.6210872410178184,-0.0216814279556274,-0.4840915203094482,0.0267920400947332,-0.2090834799408912,0.6030132396668195,-0.5784586441248655,0.9899823665618896,-0.21148282289505,-0.1527824997901916,0.1804930530115961,0.1460614988386631,-1.162753154796362,-0.8645203113555908,0.6372318863868713,-0.1955845206975937
1774472743441758500,55.83975854492188,-0.299779065388441,0.0175004392467439,0.5358528435856104,-0.0187362376600503,-0.5013235211372375,0.027466619387269,-0.1736678831666707,0.7116331888616084,-0.4796311901479959,0.9744704961776732,-0.1721687018871307,-0.1488652527332306,0.3346329366266727,0.1666518669247627,-0.9040665627747774,-0.820128321647644,0.585825502872467,-0.2378456741571426
1774472743451786200,55.8497861328125,-0.3876467339336872,-0.0462175612956285,0.415678065675497,-0.0143855204805731,-0.5277873873710632,0.0272576883435249,-0.0169692549794912,0.7632114004075526,-0.3886293152302503,0.9724152684211732,-0.1217630580067634,-0.130450963973999,0.483625812742114,0.1801683511018753,-0.7126695461720228,-0.7661892175674438,0.4954545795917511,-0.2701311707496643
1774472743461813500,55.8598134765625,-0.4526549204170703,-0.1581649013474583,0.3030091333508491,-0.0075486525893211,-0.5432952642440796,0.0288286879658699,0.0779264125064015,0.7263514500439167,-0.3249994313627481,0.9814148545265198,-0.0797018930315971,-0.0981832891702652,0.5747320248171687,0.1677209574609995,-0.6183662916213274,-0.7159240245819092,0.3704833388328552,-0.2842350006103515
1774472743471841300,55.86984130859375,-0.4981278008252382,-0.3087387630440295,0.284312616187334,0.0013719894923269,-0.5549137592315674,0.0301654823124408,0.1308060620397329,0.5949018294036388,-0.2921764814302325,0.9972196221351624,-0.0369916409254074,-0.0607483237981796,0.5121271000832319,0.1076601642519235,-0.6246908184677362,-0.676629900932312,0.2535564303398132,-0.288200169801712
1774472743481869600,55.87986962890625,-0.526520951616764,-0.4091203145951032,0.2905693384945392,0.0005940801929682,-0.5648801326751709,0.034887533634901,0.1548962549403309,0.4463029210418462,-0.2612602419018745,1.0164884328842163,0.002838862594217,-0.0206885207444429,0.389127912402153,0.0640045623987913,-0.7342869192183017,-0.6435291767120361,0.1578622758388519,-0.2827809751033783
1774472743491897300,55.8898974609375,-0.5553139153808355,-0.3949589566431939,0.2989011135101318,-0.0046995445154607,-0.5536091327667236,0.0568240135908126,0.0383534037917852,0.3772416597753762,-0.2460845923408866,1.035775661468506,0.0271826926618814,0.0327827595174312,0.1879629505008459,0.0676326897680759,-0.9314759632259608,-0.621500551700592,0.1113176792860031,-0.2618450820446014
1774472743501925400,55.89992529296875,-0.5663488118752836,-0.2883078233033418,0.3256242852628231,-0.0157298240810632,-0.5175765752792358,0.0836356580257415,-0.0749886054888367,0.3525730824649333,-0.3121548550978302,1.0399380922317505,0.0582359470427036,0.079270102083683,0.029612463453412,0.09815525380373,-1.1004887140631676,-0.6112293601036072,0.1226096972823143,-0.2415767163038253
1774472743511953400,55.909953369140624,-0.6081389121174812,-0.1336678812116384,0.3965864117145538,-0.0366171449422836,-0.4733297824859619,0.1159576028585434,-0.0598600099399685,0.2982014408081769,-0.4927642279654741,1.0210254192352295,0.1003456190228462,0.1141029298305511,-0.0866559546679258,0.1116407583206891,-1.204544131821394,-0.6119979619979858,0.1761003583669662,-0.2193696796894073
1774472743521980200,55.919980224609375,-0.6780161659419536,-0.0096599548794329,0.4298872082918882,-0.0560044236481189,-0.4295727014541626,0.1457644999027252,-0.0112234048038721,0.2468804188936948,-0.6592781477242707,0.9857559204101562,0.146226018667221,0.1270075589418411,-0.197132929906249,0.1537520533412694,-1.1542027685940266,-0.6124699711799622,0.2522997558116913,-0.2044393569231033
1774472743532008400,55.93000854492188,-0.7162506195291877,0.0586465424969792,0.3987099797397851,-0.0743875429034233,-0.3785864114761352,0.172235831618309,0.0022302432700991,0.257831436496973,-0.683379154279828,0.9445569515228271,0.1871463060379028,0.1243013590574264,-0.2575672326028347,0.1883516575574874,-1.0197352614372968,-0.6002157330513,0.3231851160526275,-0.2050950229167938
1774472743542036200,55.9400361328125,-0.7769973491758108,0.0506498446546494,0.3137707658618688,-0.0850713476538658,-0.3433916866779327,0.1825103014707565,0.0063818099915981,0.3210731978297233,-0.610343728685379,0.9148669838905334,0.2123973369598388,0.109219878911972,-0.2127104382663965,0.2528250065118074,-0.8760282167702913,-0.5840593576431274,0.3656922280788421,-0.2225491404533386
1774472743552064500,55.950064453125,-0.8248205921024083,-0.0162044080868363,0.21902619728446,-0.0875806212425232,-0.3180179893970489,0.1838519126176834,0.0194102183908224,0.3732482062250375,-0.5016103822439909,0.8985112309455872,0.2125039249658584,0.0811020880937576,-0.1426426303058862,0.3626239363580942,-0.7454781753182411,-0.5774552822113037,0.3690510094165802,-0.2373704314231872
1774472743562092300,55.96009228515625,-0.7749193738579749,-0.0872637113027274,0.1435486392349004,-0.0877302885055542,-0.2954258620738983,0.1807368248701095,0.0923763781413435,0.3467687801003455,-0.4323889619797468,0.8989751935005188,0.1911525577306747,0.0423325859010219,-0.1199099894940853,0.4121937306910753,-0.5866331827521324,-0.5678841471672058,0.3386066555976867,-0.243683323264122
1774472743572120300,55.97012036132813,-0.6758955205261707,-0.1842852849014103,0.0964940425932407,-0.0871952176094055,-0.273587018251419,0.1759267002344131,0.0951490577250719,0.3293471051782369,-0.3942150064080953,0.9095030426979064,0.1552322953939438,0.0028090015985071,-0.0929012787982821,0.3415174354434013,-0.4323211574405431,-0.5412381291389465,0.2979766726493835,-0.2463627159595489
1774472743582147300,55.98014721679687,-0.5968170153751969,-0.2645395558334887,0.0907633899867534,-0.0939071774482727,-0.2572285532951355,0.1702256798744201,0.0800607941865921,0.3520306461513042,-0.3201186735838651,0.9233365654945374,0.1180444359779357,-0.0403174310922622,-0.0783840931460261,0.251180746436119,-0.381106518509984,-0.5160582065582275,0.2599868476390838,-0.2478760629892349
1774472743592175400,55.99017529296875,-0.547437190656364,-0.368954016162455,0.0545312161326408,-0.1053193360567092,-0.2351355105638504,0.158174842596054,0.0818207895964384,0.4635334573060274,-0.2358908228456974,0.9383699893951416,0.0855312570929527,-0.0885173305869102,-0.0426072618439793,0.2425549569100141,-0.4479612096428871,-0.501085102558136,0.2279519587755203,-0.2480052262544632
1774472743602203400,56.00020336914063,-0.5082260009914636,-0.4207268734976649,0.0025900164932012,-0.1212402433156967,-0.2211824059486389,0.1372881978750229,0.082914430052042,0.6591162351608276,-0.1764589751899242,0.9476945400238036,0.0531229861080646,-0.1364182829856872,0.091791856251657,0.3197679604500532,-0.57399289688766,-0.501797616481781,0.1990817189216613,-0.2582356929779053
1774472743612231200,56.01023120117188,-0.5154325713694096,-0.4748275892585515,-0.028946693021059,-0.1337993592023849,-0.2188320308923721,0.1128007620573043,0.0765612616330385,0.8810060051828622,-0.1201946516543626,0.9496217966079712,0.0147237051278352,-0.1777836084365844,0.1508370426774025,0.3423819433182478,-0.6752823570638895,-0.4991280436515808,0.1968012452125549,-0.2603680789470672
1774472743622259500,56.02025952148438,-0.5458943451285362,-0.5322543807022273,-0.0644213265061378,-0.1461132764816284,-0.2225268930196762,0.0840194448828697,0.0691959935620427,1.0613473747640847,-0.1400502757251262,0.9500601291656494,-0.0096937529742717,-0.2150433659553527,0.1181689910456538,0.3108317898005246,-0.7756558714389801,-0.4933996796607971,0.224477931857109,-0.2634634971618652
1774472743632287200,56.030287353515625,-0.5609592277914285,-0.5388482260093093,-0.0428869555681943,-0.1562654376029968,-0.2407646179199218,0.0651773139834404,0.1071861169993877,1.1376081921458243,-0.2878495581418275,0.9421241879463196,-0.0172131080180406,-0.2450753003358841,0.0798977125793695,0.1965104140937328,-0.8962392301499843,-0.4979638159275055,0.2712352871894836,-0.2724322378635406
1774472743642314500,56.040314453125,-0.5919871110007167,-0.4862016545794904,0.034416648864746,-0.1689183712005615,-0.2689517736434936,0.043726623058319,0.0913379750043153,1.1868775422275066,-0.408488446432352,0.942018449306488,-0.0153518263250589,-0.2648894786834717,0.0192018363371491,0.0151677585154771,-1.0541840590059757,-0.5203027725219727,0.3428094089031219,-0.2761628031730652
1774472743652342300,56.05034228515625,-0.6189207106336951,-0.3501370874896645,0.0932365021020174,-0.183144062757492,-0.2955914437770843,0.023916907608509,-0.0165317403450608,1.2812860107183457,-0.4141670765906572,0.9427307844161988,-0.0029981692787259,-0.2638466656208038,-0.0483864297673106,-0.0645259559243917,-1.2084224345594643,-0.549485445022583,0.4180596768856048,-0.2907473444938659
1774472743662370600,56.06037060546875,-0.5783674587100744,-0.1801607523173093,0.1280272449761629,-0.1949722319841385,-0.3158112168312073,0.0118927359580993,-0.2110679317563772,1.3385282393753528,-0.427218865865469,0.9462820887565612,0.0103621110320091,-0.2400513440370559,-0.0052896308407187,-0.1358995857864618,-1.3492699981421232,-0.5871078968048096,0.4837786853313446,-0.3131728768348694
1774472743672398300,56.0703984375,-0.504883120304346,-0.0219625332221388,0.1696072095990181,-0.2086157500743866,-0.3289129436016083,0.0013087587431073,-0.389316128450632,1.3124521333545445,-0.5129015915870666,0.9419490098953248,0.0340248085558414,-0.1930487602949142,0.0206637255832552,-0.2316559617549181,-1.4475737205058334,-0.621589720249176,0.5375353693962097,-0.3313497602939605
1774472743682426400,56.08042626953125,-0.5038374106436968,0.0549041410982608,0.1951069770365953,-0.2153167873620987,-0.348540186882019,-0.0125258304178714,-0.4932736387923359,1.2231763515770435,-0.6544961741447448,0.9288768768310548,0.073116548359394,-0.1329446732997894,0.0556005989298224,-0.1772486642628908,-1.5036884064376352,-0.6585668921470642,0.5751556158065796,-0.3385798931121826
1774472743692454400,56.09045434570312,-0.5639084329858421,0.0521130490750074,0.1603238329470157,-0.2118827849626541,-0.3607773184776306,-0.0260887499898672,-0.5574380679279566,1.1903110238075256,-0.7859194912999868,0.9131278395652772,0.1295451819896698,-0.0588956847786903,0.0726727297618985,-0.0284223768860101,-1.4627981776446104,-0.6799752116203308,0.612641453742981,-0.3425202965736389
1774472743702481200,56.100481201171874,-0.5839262618809938,0.0576268440604209,0.0893278042256832,-0.2046280652284622,-0.350433349609375,-0.0356678739190101,-0.5653241450026631,1.165361875990033,-0.877009629023075,0.8964596390724182,0.2048825472593307,0.0195898041129112,0.1564051981985569,0.1410971544295549,-1.4542752639710903,-0.6964210867881775,0.6196761131286621,-0.3552932143211365
1774472743712509400,56.11050952148437,-0.5814288921073079,0.1055859883263707,-0.0147182611823081,-0.1977372914552688,-0.3384619057178497,-0.0353012681007385,-0.4945496500775218,1.0855477500408888,-0.9822861130088568,0.8748724460601807,0.2879640758037567,0.103857897222042,0.2981754295840859,0.1932850223064422,-1.4378992987096308,-0.7155668139457703,0.5964651107788086,-0.3888591527938843
1774472743722537200,56.120537109375,-0.5590238758146763,0.1598053620308637,-0.1524345410019159,-0.1848539859056472,-0.3202599883079529,-0.0422025844454765,-0.4086462673425674,1.020714335602522,-1.061733159211278,0.8585230112075806,0.3736603260040283,0.1854970902204513,0.4282674981355667,0.2155786871790885,-1.3447709331572055,-0.7239353060722351,0.5493687987327576,-0.4250648915767669
1774472743732565500,56.1305654296875,-0.540861027136445,0.1373027305826544,-0.2800806777060031,-0.1656134724617004,-0.2873731553554535,-0.0579372979700565,-0.3062716422781348,1.0103624529361723,-1.027209542840719,0.8470605611801147,0.4575859606266022,0.2592867016792297,0.4991980604052543,0.2687368613928556,-1.1023965935111044,-0.7107481360435486,0.4586175978183746,-0.4604012966156006
1774472743742593300,56.14059326171875,-0.5409083734095096,0.0363888257205486,-0.4008429001152515,-0.1400002539157867,-0.2498209923505783,-0.0865236669778823,-0.0860743553876876,1.0393541541427374,-0.948899976235628,0.8400570154190063,0.5329558253288269,0.3159257471561432,0.5009934193894267,0.2741238151282072,-0.869885476231575,-0.6914055943489075,0.335708886384964,-0.477629691362381
1774472743752621300,56.15062133789063,-0.5416866643056273,-0.1527446298643946,-0.4594248529434204,-0.1066948622465133,-0.215561643242836,-0.1177714020013809,0.096957860712707,1.0982242762625216,-0.8437842357695102,0.8315581679344177,0.5997335314750671,0.3635615408420563,0.4837152445912361,0.350704950505495,-0.6841425398677587,-0.6691583395004272,0.2136719226837158,-0.4874886870384216
1774472743762648300,56.1606484375,-0.4870055183082818,-0.3714703828975558,-0.5204647203177213,-0.072854071855545,-0.1875672936439514,-0.1494302600622177,0.2412503040522337,1.145093579465151,-0.700624888113141,0.8248445987701416,0.6539509296417236,0.3968121707439422,0.4921747376397252,0.4732645777255296,-0.5448468819022179,-0.6453970074653625,0.1046198904514312,-0.4972082674503326
1774472743772676400,56.17067626953125,-0.3789955177053808,-0.5575757228329777,-0.596188362082839,-0.0419626161456108,-0.1528267562389373,-0.1835658848285675,0.4091664918243884,1.1466209351629018,-0.5994067396074533,0.8126147389411926,0.7005460262298584,0.4174814224243164,0.4683201070606708,0.4455050486624241,-0.5155351549610495,-0.626836359500885,0.0115506695583462,-0.4991350471973419
1774472743782704400,56.18070434570313,-0.2365396421432495,-0.5957549391016363,-0.6464069757133722,-0.0177323780953884,-0.1130543053150177,-0.2294273674488067,0.5355410011574626,1.1235305669546127,-0.5027466927975416,0.7896790504455566,0.7309861779212952,0.4198037087917328,0.4237631724536418,0.4709259056448936,-0.5359451980441808,-0.6035186648368835,-0.068236619234085,-0.4910181760787964
1774472743792732400,56.190732421875,-0.0654395636379718,-0.4812397943884134,-0.6196884801357985,-0.009458347223699,-0.059254553169012,-0.2789962887763977,0.664369333383441,1.1353946077495811,-0.3838175310343503,0.763127863407135,0.7499854564666748,0.4008262753486633,0.3620654256924986,0.7075713462501764,-0.5847042605161666,-0.574049174785614,-0.1182832792401313,-0.4698913395404815
1774472743802760400,56.20076049804688,0.1083709428697824,-0.3360597545593977,-0.5589356130093336,-0.0139289954677224,-0.0175792779773473,-0.3383102118968963,0.7599912693172692,1.1986696868300435,-0.2215454866290092,0.7311962842941284,0.7517445087432861,0.3564308583736419,0.1766691108092665,0.5570353323459625,-0.740692694607377,-0.5566233396530151,-0.135234460234642,-0.4329708218574524
1774472743812788200,56.21078833007813,0.1779477524429559,-0.165795250095427,-0.5182470442682504,-0.0206512566655874,-0.011177004314959,-0.400128424167633,0.849849527157843,1.2286790406465529,-0.0556885694742202,0.691489040851593,0.7422639727592468,0.3009806275367737,0.0799926973864436,0.485582207506895,-1.037720707722008,-0.5655555725097656,-0.1312418580055236,-0.4015657603740692
1774472743822815500,56.2208154296875,0.2251891038283705,0.0204044901251792,-0.5000362647950649,-0.025569848716259,-0.0464340597391128,-0.4596261084079742,0.8842550701066851,1.1121879196852444,0.0624245997309684,0.6441047787666321,0.7023029923439026,0.2432350218296051,-0.0149634681150317,0.2158656874269247,-1.38405840292871,-0.6065462231636047,-0.1030724048614502,-0.3655781149864197
1774472743832843300,56.23084326171875,0.2822995227992534,0.2176712755441665,-0.4616378528177738,-0.0175473745912313,-0.099592849612236,-0.5189134478569031,0.84644234906286,0.8166279332965612,0.0304950915068387,0.5984429121017456,0.646024227142334,0.1837886720895767,-0.0861851222857832,0.1337368547946214,-1.7084733124017717,-0.6655727624893188,-0.0568580403923988,-0.3281045258045196
1774472743842871600,56.24087158203125,0.4719853515699505,0.3894359554380178,-0.3974555957645178,0.0034527159295976,-0.1521777659654617,-0.5479152202606201,0.71572396530658,0.4854308163374662,-0.0559714780688285,0.5559476613998413,0.5777881741523743,0.1258518546819687,-0.1616360845893621,0.1653273403227329,-1.897721334277093,-0.725337564945221,0.0036707143299281,-0.2781444489955902
1774472743852899300,56.2508994140625,0.7281658059895039,0.5187412575259804,-0.3074456544935703,0.0350085087120533,-0.2037726193666458,-0.5493955016136169,0.585966243276,0.1857248161852359,-0.1165793837666511,0.5255655646324158,0.4930405020713806,0.0615802146494388,-0.1982148799240589,0.1953402012705802,-1.9911004597201944,-0.7878912091255188,0.0764831379055976,-0.2178637832403183
1774472743862927400,56.26092724609375,0.939651670897007,0.65914896838665,-0.2249894896030426,0.0631251037120819,-0.2666056454181671,-0.5254177451133728,0.4751484917759895,-0.0631529140055179,-0.1744254235357046,0.5005465149879456,0.3990759253501892,-0.006872612517327,-0.2091419321298599,0.2003717656970024,-1.984920017519593,-0.8453762531280518,0.160109743475914,-0.1625340431928634
1774472743872955400,56.27095532226563,1.113044828775525,0.7669184382319449,-0.2523392688214779,0.083850085735321,-0.3277234435081482,-0.4815858006477356,0.3801575472220778,-0.2591542095333338,-0.2674012288749218,0.4755180776119232,0.3028324842453003,-0.0828118473291397,-0.1350084821656346,0.271701556417346,-1.9073288283169267,-0.8802250623703003,0.2287745475769043,-0.1191309094429016
1774472743882982100,56.28098217773437,1.2200249018087983,0.796544053427875,-0.3946306014716625,0.1033553406596183,-0.363372266292572,-0.4289649128913879,0.3415472460597753,-0.3878676832079887,-0.3477110293865204,0.4417124390602112,0.2136807888746261,-0.1618409007787704,-0.0291069981493055,0.3762345285594463,-1.7587793120548127,-0.8885242342948914,0.2902333736419678,-0.0930498242378234
1774472743893014300,56.29101416015625,1.236706279757619,0.8129320013880729,-0.6305752003312111,0.1212558969855308,-0.3685950636863708,-0.395141452550888,0.3356032429635524,-0.4287918142706156,-0.3782973063081503,0.4042562246322632,0.123057447373867,-0.2422632277011871,0.0260451263606548,0.4989958158314228,-1.5220122908964753,-0.8715692162513733,0.3365891575813293,-0.0787225440144538
1774472743903042000,56.3010419921875,1.1676157923966646,0.7923680829174816,-0.9050923986911772,0.1344998031854629,-0.344814658164978,-0.3814218938350677,0.3795701027229428,-0.3705027069091797,-0.3798889594137668,0.3765923678874969,0.0086882589384913,-0.3311438262462616,0.0742155752897262,0.5903267765730619,-1.2817264479622243,-0.8337903618812561,0.3584365248680115,-0.0728400945663452
1774472743913070000,56.31107006835938,1.0509712344393134,0.7201848902381957,-1.1105202787339687,0.1507723033428192,-0.3119700849056244,-0.3858112096786499,0.3989069636166095,-0.2962017914235592,-0.3735416362136602,0.3571757376194,-0.0951758474111557,-0.414557546377182,0.1646376044929027,0.6880144128650426,-1.0478308905869722,-0.7780402898788452,0.3566258549690246,-0.071094661951065
1774472743923098000,56.32109814453125,1.0158639729619026,0.6277136734202504,-1.2281681685149668,0.1722408384084701,-0.2559677958488464,-0.3850924372673034,0.3578381633862852,-0.2722042452424764,-0.3948807768404483,0.3365657925605774,-0.1857462227344513,-0.4807094037532806,0.2049324977412819,0.7362251938045025,-0.8679504165157675,-0.7147100567817688,0.3370680510997772,-0.0663573965430259
1774472743933126100,56.331126220703126,1.1180331385821105,0.5340025395438075,-1.2399760952085257,0.1995457857847213,-0.1926927119493484,-0.3867521584033966,0.3511412960961461,-0.1684282289475202,-0.4165367283314466,0.3112281858921051,-0.2558597028255462,-0.5280826091766357,0.2519853408172726,0.7696615994602442,-0.7450245863318443,-0.6512879133224487,0.3044690787792206,-0.0609471797943115
1774472743943153200,56.34115307617188,1.1599036105841398,0.4539309317022562,-1.0615671549946069,0.2221885174512863,-0.1463691443204879,-0.3815107941627502,0.3260200065821409,-0.0308469736844301,-0.3840577695310115,0.2880043685436249,-0.30937460064888,-0.5589520931243896,0.2834592142283916,0.8355150045961142,-0.6899409970134496,-0.5989578366279602,0.2714974880218506,-0.0555981621146202
1774472743953181200,56.35118115234375,1.097438386581838,0.3746123341850936,-0.7736416090071201,0.2373285889625549,-0.1285398602485656,-0.3733324408531189,0.3876245221018791,0.1291711543142795,-0.364819400575757,0.2661198377609253,-0.3376123905181885,-0.5783877968788147,0.2662625802338123,0.83932725636065,-0.708329178880155,-0.547280490398407,0.2355016469955444,-0.0545254424214363
1774472743963209200,56.36120922851563,1.0030831095829609,0.3406061658173799,-0.4535299496859312,0.2490331828594207,-0.1147936880588531,-0.3492412269115448,0.4565802771672606,0.2731920872360467,-0.3429553592920303,0.2502753436565399,-0.3778162598609924,-0.5987237095832825,0.2347781854286789,0.8224170380920172,-0.721656570225954,-0.4939970374107361,0.2032276540994644,-0.0493357703089714
1774472743973237200,56.3712373046875,1.0474570888385175,0.3500478017710149,-0.1722445723652839,0.2606049478054046,-0.0906099900603294,-0.321381539106369,0.5716182767108082,0.4226373832941055,-0.3017962504297494,0.2474498450756073,-0.4168082475662231,-0.6257038116455078,0.155671915487945,0.8227168978214263,-0.7753606878846884,-0.4472894370555877,0.1813607066869735,-0.047444924712181
1774472743983265300,56.381265380859375,1.1595227945730089,0.4239880672506987,0.0597445668667554,0.2700043320655823,-0.0547172278165817,-0.2827036678791046,0.6067798987239599,0.559641715452075,-0.3455564817011356,0.2517449855804443,-0.43933966755867,-0.6493968963623047,0.0761795688390731,0.7011795993864536,-0.8695473303183913,-0.4082556664943695,0.1705083847045898,-0.0349147021770477
1774472743993293000,56.39129296875,1.242993104942143,0.5729565395772457,0.2334288166463375,0.2723473310470581,-0.0259264409542083,-0.23631252348423,0.6167629480779171,0.6606126111984253,-0.3937824602097272,0.2573935389518738,-0.4517793357372284,-0.6796495914459229,0.0348015565291047,0.6176040750771761,-0.980887059865892,-0.3771712481975555,0.1711496859788894,-0.0222782734781503
1774472744003320300,56.4013203125,1.257307169237733,0.7270924776695669,0.3523193999648094,0.2763612270355224,-0.0176301635801792,-0.1972250491380691,0.7163000116288661,0.7858347356259823,-0.4088794915765523,0.2615131735801697,-0.4639795422554016,-0.7221997380256653,-0.0150214819125831,0.5945166294783354,-1.0573419385150074,-0.3560784757137298,0.194833904504776,-0.0030144229531288
1774472744013348000,56.41134814453125,1.2525523759260773,0.8646535669274628,0.3611211305797099,0.2697650194168091,-0.0133223896846175,-0.162872701883316,0.7151151857584714,0.943896468859911,-0.4344833039104938,0.2583806812763214,-0.452068567276001,-0.7609653472900391,-0.0831701583787798,0.5756067618250846,-1.1168591263666747,-0.3404968678951263,0.2323575764894485,0.0195681191980838
1774472744023376100,56.42137622070312,1.2907149333208798,0.9440503442473708,0.2846265044420957,0.2642538845539093,9.6606090664e-06,-0.1383226215839386,0.6516843315944075,1.1056699160933494,-0.4598632443606853,0.2437364906072616,-0.4265941083431244,-0.7860086560249329,-0.1280455112852156,0.7006722343862056,-1.1412623307392,-0.3293727338314056,0.2761419415473938,0.0450125075876712
1774472744033404200,56.43140405273437,1.2517366756290196,0.9354276234611868,0.1741793398201465,0.2472815662622451,-0.0058368174359202,-0.1207033619284629,0.6219882815107702,1.2159060683131218,-0.4867424834579229,0.2186189293861389,-0.3945522308349609,-0.7999659180641174,-0.1846227001622319,0.5903431431859731,-1.1895415007397532,-0.3485616147518158,0.3234633803367615,0.0762649700045585
1774472744043432200,56.44143212890625,1.0889943833634257,0.845205793005228,0.0387549703299999,0.2290146797895431,-0.0338974818587303,-0.1125125437974929,0.6280918590828776,1.2501000143378973,-0.5254559527337551,0.1933609843254089,-0.3733092844486236,-0.8143448829650879,-0.1607039183057844,0.3811351600825786,-1.2579232553094624,-0.387770801782608,0.3680100739002228,0.1079575419425964
1774472744053460200,56.45146020507813,0.9420540558636188,0.686044281835854,-0.0891466024398803,0.2026686817407608,-0.0577314458787441,-0.1044877618551254,0.5946083994150161,1.2066875735908746,-0.6038000061303377,0.1657244265079498,-0.3446042239665985,-0.8223505020141602,-0.1618187476798891,0.4297299719035625,-1.227923253843188,-0.4235961735248565,0.4223047494888305,0.1399285197257995
1774472744063487000,56.46148706054687,0.9054498338267206,0.5121786841399968,-0.1743915212661027,0.1723504513502121,-0.0758569166064262,-0.0956607013940811,0.4845531567201018,1.1452122374087572,-0.7055062304139137,0.143782377243042,-0.3133064806461334,-0.8272267580032349,-0.2161924351632595,0.4601508291304111,-1.2411919007390737,-0.4500084221363067,0.4741738140583038,0.1760115027427673
1774472744073515300,56.47151538085937,0.952678617991507,0.2775776088438928,-0.180452428740263,0.1481431722640991,-0.0710870176553726,-0.0916278362274169,0.4627084046587347,1.0934411336392165,-0.7345446933716535,0.1216137930750846,-0.2839539349079132,-0.8322397470474243,-0.2203822880685329,0.4436725725382566,-1.3559969683095812,-0.472293496131897,0.5049863457679749,0.2060873806476593
1774472744083543000,56.48154296875,1.061296229098737,0.0599026800379157,-0.1629080042213201,0.1335469186305999,-0.0647513568401336,-0.0872461423277854,0.3995978684902191,1.1085825886696576,-0.6845873610258102,0.099415548145771,-0.2555633187294006,-0.8372641205787659,-0.2042304869517683,0.3853764509141445,-1.5079425567507745,-0.5165122151374817,0.5296058058738708,0.2343397736549377
1774472744093571000,56.49157104492188,1.0989315477490424,-0.07506181685552,-0.192565475860238,0.122501403093338,-0.0702249184250831,-0.083970695734024,0.3104959819748997,1.0437737241506575,-0.6885457432627677,0.076936587691307,-0.244538277387619,-0.827018141746521,-0.1849509092032909,0.3793786718040705,-1.6198969110652803,-0.5732340812683105,0.5850357413291931,0.2504633665084839
1774472744103599000,56.50159912109375,1.043743036751449,-0.133309715423733,-0.2443020928382873,0.1167199462652206,-0.0966362878680229,-0.0718871355056762,0.1315755851075053,0.9555249473333358,-0.7231874330550432,0.0576747395098209,-0.2465889155864715,-0.8006251454353333,-0.147398884922266,0.4749865792125463,-1.6288444798916577,-0.6157074570655823,0.6568024158477783,0.2628929615020752
1774472744113627100,56.511627197265625,1.0090127918928862,-0.139110656787455,-0.4025742539525032,0.1121994331479072,-0.1118684709072113,-0.0596325807273387,-0.0662418199315667,0.832329944819212,-0.7167980242788792,0.0499225780367851,-0.2454857230186462,-0.7596049308776855,-0.1354720080241561,0.547854831546545,-1.575907547213137,-0.6376250386238098,0.7074661254882812,0.2715639472007751
1774472744123654100,56.52165405273438,1.0175091098204254,-0.0633957828506827,-0.6510621080428362,0.1065649837255477,-0.0844725295901298,-0.0392426177859306,-0.2366518703460693,0.7218553076684474,-0.7571224358826876,0.0467022843658924,-0.2338567674160003,-0.7053883075714111,-0.138937346047163,0.5219640189647674,-1.5425433300107716,-0.6539669036865234,0.7317482829093933,0.2798976600170135
1774472744133682200,56.53168212890625,1.036913482992351,0.0519939527399837,-0.8752946417987346,0.1056558713316917,-0.0356543622910976,-0.0226837433874607,-0.3966963018298149,0.6448807890594005,-0.7863269030570983,0.0323727391660213,-0.2089443951845169,-0.6431810259819031,-0.1182218902766704,0.4532406113505363,-1.5315902665808796,-0.6663886904716492,0.7267066240310669,0.2792555689811706
1774472744143710200,56.541710205078125,0.8985410773515701,0.1396782275423407,-1.0804472120314836,0.1062827780842781,0.0062438184395432,-0.010161560960114,-0.4703837615922093,0.5780740287214517,-0.8223550787717103,0.012706097215414,-0.1954152733087539,-0.5796214938163757,0.0199438868761062,0.4179699760049581,-1.5159095901072024,-0.6722261905670166,0.698071300983429,0.2621013522148132
1774472744153738200,56.55173828125,0.582025396695733,0.2121314693346619,-1.2209206816047429,0.1090418621897697,0.0424895621836185,-0.0127202067524194,-0.5859262035265564,0.5140063379585743,-0.8183025885105133,-0.0167005080729722,-0.1753160506486892,-0.5128157734870911,0.1129533022239804,0.4348077135592699,-1.4352499532446263,-0.6592888236045837,0.6681616306304932,0.2418158203363418
1774472744163766300,56.561766357421874,0.291162920473516,0.216686502290517,-1.2866419847935435,0.1119337901473045,0.0859406366944313,-0.0228700470179319,-0.6906652196347713,0.4366431122928857,-0.7760995235532522,-0.0427203923463821,-0.1517824977636337,-0.4380469918251037,0.2312161090329289,0.5119716172605753,-1.2514558128610254,-0.6077762246131897,0.6204116344451904,0.2104570865631103
1774472744173794300,56.57179418945312,0.1298325408324599,0.1530724005140364,-1.2607108402013778,0.115500658750534,0.156844675540924,-0.0463563427329063,-0.7205754969909787,0.3524164305984973,-0.7270026074290276,-0.0561238378286361,-0.1251682043075561,-0.3705585598945617,0.3980924323633313,0.5147966115534305,-1.0794789515212178,-0.5329163670539856,0.5432779788970947,0.1696729063987732
1774472744183821300,56.5818212890625,0.1081038163661956,0.1111107430972158,-1.0930319683164358,0.1204344257712364,0.2388215661048889,-0.0693327635526657,-0.6787646462216973,0.3756459150165319,-0.6371311978459357,-0.0564689859747886,-0.0938339754939079,-0.310056060552597,0.4353589177012443,0.4329863433510065,-0.9560819966942072,-0.4449016749858856,0.4543352127075195,0.1340237110853195
1774472744193849000,56.59184912109375,0.1348731653481721,0.0893697436712682,-0.8652776901751756,0.1341621428728103,0.3130642175674438,-0.0913355946540832,-0.5727487420454621,0.4674924240648746,-0.5504278969049453,-0.0489707477390766,-0.0660822615027427,-0.2615717947483063,0.4482888341620564,0.3967506623655557,-0.9231412656009196,-0.3543552458286285,0.3637046217918396,0.0911494717001915
1774472744203877000,56.60187719726562,0.1534974940583109,0.0504248037271201,-0.5881546932309866,0.1469775289297104,0.3507402241230011,-0.1116501837968826,-0.4507198607012629,0.6087263566166162,-0.5156161112427711,-0.0488650202751159,-0.038647174835205,-0.2260745167732238,0.4918146721556782,0.3976888199985027,-0.9991504463091492,-0.2614253759384155,0.276643842458725,0.0418520122766494
1774472744213905200,56.6119052734375,0.2035278916403651,0.0237929635196924,-0.2912368624925613,0.1533535867929458,0.3687384128570556,-0.1282999217510223,-0.3159104082390666,0.7617991955220699,-0.4870382515341043,-0.0492399595677852,-0.0108058443292975,-0.2027241438627243,0.4988894328474998,0.3998275855928659,-1.1219570340275764,-0.1818815469741821,0.1918037980794906,0.0063339625485241
1774472744223933200,56.62193310546875,0.2371694644793868,0.0199494398340582,-0.059340662240982,0.153075560927391,0.3780312538146972,-0.1483122408390045,-0.2317363335147499,0.8784504754811525,-0.4438514362365007,-0.0512176230549812,0.008566522039473,-0.1868772655725479,0.4440514888532459,0.4062117336720228,-1.1648968888267874,-0.0969984605908393,0.1111630797386169,-0.0270008090883493
1774472744233961200,56.63196118164063,0.2075207606688141,0.0102957685649394,0.0961854150354862,0.1498609185218811,0.3669736981391907,-0.1691231727600097,-0.149944477751851,0.9195371036291122,-0.4388286396384239,-0.0515849217772483,0.0183861758559942,-0.1727015674114227,0.428332087804377,0.3582943827211857,-1.0975742879211905,-0.0136196743696928,0.0264143738895654,-0.0552827827632427
1774472744243988200,56.64198828125,0.1470250831738114,-0.0206827225446701,0.1324210960209369,0.148088589310646,0.3400765657424927,-0.1935131996870041,-0.1235638358265161,0.8817442563295363,-0.5186719916820526,-0.0518150180578231,0.0364503972232341,-0.1503890752792358,0.3719093588367104,0.2376695229560136,-1.0284244715884328,0.0628514140844345,-0.0587374866008758,-0.0792293101549148
1774472744254016300,56.65201635742188,0.1566477747827768,-0.0598347293682396,0.1332727444142103,0.1425038427114486,0.3294136226177215,-0.2150459736585617,-0.1896171474486589,0.8213163833737372,-0.6037310325473547,-0.0475372038781642,0.0671671107411384,-0.118844486773014,0.3201905697762966,0.1444213304162025,-1.0038242833390831,0.1321375370025634,-0.1473933309316635,-0.0952708646655082
1774472744264044000,56.6620439453125,0.1888122608065605,-0.0994496775284409,0.1697252830207347,0.1280492693185806,0.3251784145832062,-0.240758791565895,-0.2121948899596929,0.7617886741280555,-0.6791998227685689,-0.0492336377501487,0.1086738109588623,-0.0715829655528068,0.2904080104529857,0.0872235254228115,-1.055927395541966,0.1847679018974304,-0.2278885692358017,-0.108068436384201
1774472744274072000,56.672072021484375,0.0796533824294805,-0.1016669151864945,0.2325684004247188,0.0999682992696762,0.3103215992450714,-0.2707391381263733,-0.2356327564314007,0.691976886755228,-0.7626315546929836,-0.0535291209816932,0.160782054066658,-0.0105103673413395,0.2357243802376091,0.0775093561381101,-1.1166273634374142,0.2265014946460724,-0.2786380052566528,-0.1228870600461959
1774472744284100000,56.68210009765625,-0.2298416058093309,-0.1234065994381904,0.2899491607695817,0.0698250457644462,0.2715387940406799,-0.3068649172782898,-0.2909495699837803,0.5963379996865987,-0.8764332904398441,-0.0655959025025367,0.2215748280286789,0.0657364651560783,0.2133141032479703,0.1406172619581222,-1.185944353030622,0.2554254829883575,-0.2848338484764099,-0.1351723074913025
1774472744294128000,56.69212817382813,-0.5547960289865732,-0.1617645332746207,0.3377928619623184,0.041406076401472,0.2250421643257141,-0.3484226763248443,-0.3164198190659284,0.4596995782315731,-1.0243594141066077,-0.0844325870275497,0.2941277623176574,0.1524192839860916,0.176875154775381,0.2234136185884475,-1.2511980387076735,0.2774183750152588,-0.2522926926612854,-0.1470305621623993
1774472744304155100,56.70215502929688,-0.7573685195982456,-0.2102452171966433,0.4099930057764053,0.0185441710054874,0.1746892482042312,-0.3901855647563934,-0.3175178434357047,0.354772638335824,-1.1597568955898283,-0.0968066975474357,0.3691237270832062,0.2410229295492172,0.1576475994750857,0.3170511027067899,-1.313277478262782,0.3003447651863098,-0.2037461996078491,-0.1560800224542617
1774472744314183200,56.71218310546875,-0.7943000738933682,-0.2565894736118614,0.5471627576291561,-0.0015437592519447,0.1424413472414016,-0.4231491982936859,-0.2961801641136408,0.2543506086438894,-1.1948258708834647,-0.1106354892253875,0.4463575780391693,0.3280642628669739,0.1766544977620243,0.42773909034729,-1.2896280148670076,0.329130619764328,-0.1493785679340362,-0.1710898578166961
1774472744324211200,56.722211181640624,-0.6438403400957584,-0.285591111690551,0.7298427992910146,-0.0187515094876289,0.1010313332080841,-0.4416027665138244,-0.2186865900665521,0.2022346369594335,-1.1998358079999685,-0.1255904734134674,0.5152963995933533,0.4099588692188263,0.1921218237459659,0.4851899933189153,-1.2334268196955325,0.3569371700286865,-0.0915366411209106,-0.1833736151456833
1774472744334239200,56.7322392578125,-0.5089364873483777,-0.2569320034392178,0.890700885245204,-0.0285269692540168,0.0550308376550674,-0.4612640738487243,-0.0897486599862575,0.1189829377770423,-1.1794096905648708,-0.1511676758527755,0.5714901089668274,0.47686767578125,0.2297524662211537,0.557727990785241,-1.164875553777814,0.3702801465988159,-0.0363154634833335,-0.1995358169078827
1774472744344267000,56.74226708984375,-0.454093428787589,-0.1517148484252393,1.0289099170178175,-0.0368429571390152,0.0110103841871023,-0.4631519913673401,0.0601902648076415,0.0786065037250518,-1.1089496684163809,-0.184013232588768,0.6130133271217346,0.5263262987136841,0.2455985623896122,0.694373426502943,-1.0128788196712732,0.380655288696289,0.0008427421562373,-0.213032841682434
1774472744354295300,56.75229541015625,-0.3566255727261305,-0.0591727583281695,1.0674375083327292,-0.0397559143602848,-0.0339512713253498,-0.4568394422531128,0.2142874783247709,0.0482815080881118,-1.0015274045735596,-0.2241334021091461,0.6375669240951538,0.5571357011795044,0.2264893727719783,0.8219295468360185,-0.7924825030773878,0.3933926522731781,0.0038047102279961,-0.2223275452852249
1774472744364322300,56.762322265625,-0.1992111974850297,0.0242674491636455,1.009400914427638,-0.0355782136321067,-0.0740648731589317,-0.4404261112213135,0.385563790179789,0.0583691868603229,-0.8277209897190332,-0.2641897201538086,0.6429609060287476,0.5687319040298462,0.2032195563435554,0.8992389964878559,-0.4924129303097724,0.4138597548007965,-0.0390290990471839,-0.2269833236932754
1774472744374350000,56.77235009765625,-0.0281774622142314,0.1406171158276498,0.873223680743575,-0.0254566110670566,-0.1193942278623581,-0.4099604189395904,0.5757736428245902,0.0707236415207386,-0.6299164441615343,-0.3046510815620422,0.6343875527381897,0.554905354976654,0.1702723955094814,0.944912952426076,-0.2278074696332216,0.4434333443641662,-0.1211519390344619,-0.225836843252182
1774472744384378000,56.78237817382813,0.1263011518359184,0.3185536162242293,0.6843366011351346,-0.0092938859015703,-0.1733304262161255,-0.364682137966156,0.7355617614597082,0.1041512793481349,-0.3951210153371095,-0.3422456085681915,0.6083753705024719,0.5182533264160156,0.1314944826953113,0.9985253001481296,-0.0355143809735774,0.4714761674404144,-0.2325917333364486,-0.2241231054067611
1774472744394406100,56.79240625,0.2905027029991149,0.5630323808036745,0.551805030477047,0.006047876086086,-0.2318312972784042,-0.3066969513893127,0.8534459442146122,0.1534165377765894,-0.1817716946452856,-0.3706822395324707,0.5699164867401123,0.4651646316051483,0.0750651778563857,1.0193670126467942,0.0904369345113635,0.4960185289382934,-0.3559626936912536,-0.2095486968755722
1774472744404434200,56.80243408203125,0.4257397332236171,0.898349061910808,0.4749935934752226,0.019507760182023,-0.2860961556434631,-0.2499572336673736,0.9238783477038144,0.1306575934797525,-0.0019984803408384,-0.3909052312374115,0.5250797867774963,0.4003017544746399,0.0201940622448921,0.9774661455065012,0.1179530102074146,0.5135589241981506,-0.4692425429821014,-0.1904462426900863
1774472744414462200,56.812462158203125,0.5470172116786242,1.2140940504550932,0.4658902495652437,0.0201799720525741,-0.3259176015853882,-0.1933077871799469,0.9153831988200544,0.0858025527089834,0.1279261226892471,-0.4008842408657074,0.4708917737007141,0.3271445631980896,-0.0653679597064852,0.8432792088568211,0.0227627436891198,0.5090757608413696,-0.5545265674591064,-0.1663158684968948
1774472744424489200,56.8224892578125,0.6571694850072264,1.473470378306508,0.4490647869706153,0.0279641263186931,-0.3490253388881683,-0.1410983800888061,0.856612153160572,0.0496849451452493,0.2572854930520057,-0.4011923670768738,0.4158340990543365,0.2519627213478088,-0.1514613120555877,0.6485001486003399,-0.1587161054894328,0.480722576379776,-0.5979849696159363,-0.126767411828041
1774472744434517200,56.83251733398438,0.7115402498811483,1.560896440564096,0.3616331717550754,0.0343117378652095,-0.349164068698883,-0.0938091725111007,0.7732341972500085,0.0443973601311445,0.3450426869601011,-0.3991272449493408,0.3588148355484009,0.1759964376688003,-0.2356980767525732,0.477363245216012,-0.3540270806655287,0.441155731678009,-0.6027781367301941,-0.0868735238909721
1774472744444545300,56.842545166015626,0.7184475450515747,1.4702116687715052,0.2483399700522422,0.0386529564857482,-0.333737701177597,-0.0513591840863227,0.6725427029669284,0.040793198159337,0.3721837918639182,-0.3956307768821716,0.3015014827251434,0.1046918928623199,-0.3125634358987212,0.3433376366078853,-0.5481602442339062,0.389101505279541,-0.5741354823112488,-0.0437538921833038
1774472744454573000,56.85257299804688,0.6024097208157181,1.3281839554935693,0.1014390977799892,0.0420813374221324,-0.3147017061710357,-0.0187347363680601,0.510618156825006,0.0299970788568258,0.3359925345420837,-0.3880301117897033,0.2571830153465271,0.0461343117058277,-0.4018615756385028,0.2065215204983949,-0.6824535638675093,0.3272684812545776,-0.5129227042198181,-0.0037558791227638
1774472744464601000,56.86260107421875,0.3951110784649849,1.0564216087996958,-0.0800298145264387,0.0408349782228469,-0.2865728735923767,-0.0130313113331794,0.3457935053274035,0.0301665902048349,0.2795926019281148,-0.3779204785823822,0.231992170214653,0.0087762866169214,-0.4715409688033163,0.055370005044341,-0.7570920407444238,0.2660033404827118,-0.4198257625102997,0.0334500782191753
1774472744474629000,56.87262915039062,0.1373737499922513,0.7139367896288633,-0.2917676083683967,0.043240550905466,-0.2554067075252533,-0.0201413370668888,0.1885252605587244,0.0579255347460508,0.2218956152409315,-0.3668833971023559,0.223630279302597,-0.0061106607317924,-0.4898144382491707,-0.0334434199184179,-0.749931939856708,0.2057267129421234,-0.3108840882778168,0.0608444176614284
1774472744484656000,56.88265625,-0.0969759808912873,0.3541984917096793,-0.499903578326106,0.0443492233753204,-0.2274983823299408,-0.0525048673152923,0.0143967741429805,0.0845820710033178,0.1677466764241457,-0.3481557965278625,0.22943677008152,0.0023616533726453,-0.4620379580512642,-0.1131447331428527,-0.6488949931368231,0.1544839441776275,-0.1899397373199463,0.0780787393450737
1774472744494684200,56.89268408203125,-0.2755786901116371,0.0203913383826613,-0.6413017615288495,0.0467457734048366,-0.1907169818878173,-0.0880584940314292,-0.1017236138097941,0.0740069009751081,0.1042471409380435,-0.3295469582080841,0.2481097131967544,0.0297820661216974,-0.4330579472824931,-0.179710085940361,-0.5248419124886393,0.1188242211937904,-0.0667174085974693,0.0832793563604354
1774472744504712200,56.90271215820312,-0.3320084333419799,-0.2477766370810568,-0.6581406681269407,0.0418982878327369,-0.1576937884092331,-0.1289936900138855,-0.2297483745679259,0.043609424623847,0.0578425326377153,-0.3041899502277374,0.2753035426139831,0.0723343268036842,-0.3907533216468989,-0.1983434747397899,-0.3748202778473496,0.0876805856823921,0.0349366515874862,0.0871939212083816
1774472744514740200,56.912740234375,-0.3808113349556922,-0.4295920247375965,-0.5846463928490877,0.0331704206764698,-0.1226527765393257,-0.1675738543272018,-0.3207856130599975,0.0294967281192541,0.0628530542761087,-0.2734360992908478,0.3070728182792663,0.1168332621455192,-0.3137394939407706,-0.2336211243480443,-0.2352954873010516,0.0628037303686142,0.1150349527597427,0.0828971788287162
1774472744524768000,56.92276806640625,-0.3668836396291852,-0.5447498512685298,-0.4424573515295982,0.0291296057403087,-0.0925454795360565,-0.200770154595375,-0.3739231828771531,0.0185164844214916,0.0462684147000312,-0.2552286088466644,0.3420012593269348,0.1669880449771881,-0.2458288640141487,-0.2625005973517894,-0.0783829241022467,0.0467293411493301,0.1643512994050979,0.0747807249426841
1774472744534796300,56.93279638671875,-0.3152031367525458,-0.6089984515562653,-0.2541857734709978,0.0171538386493921,-0.0791641846299171,-0.2257302701473236,-0.4027192153811454,-0.0599625935316085,-0.0044137247890233,-0.2459585666656494,0.3715103268623352,0.2151908427476883,-0.1949824738740921,-0.271802094182372,0.0577922637552022,0.0448840372264385,0.1767991781234741,0.0591900497674942
1774472744544823300,56.9428232421875,-0.2379518470287323,-0.5600672473877668,-0.0612836130023002,0.0048993029631674,-0.0829043313860893,-0.2454163581132888,-0.4108610207825899,-0.1575830098062753,-0.0637006110161542,-0.2421691566705703,0.393265962600708,0.2531776428222656,-0.1470189456939697,-0.2767196768403053,0.19886545278728,0.054420817643404,0.1491405516862869,0.0450425222516059
1774472744554851000,56.95285107421875,-0.0976902666404843,-0.5145591495357453,0.0538327124744653,-0.0044561638496816,-0.0921445041894912,-0.2470229566097259,-0.3296703457832336,-0.2078624137133359,-0.0353442851036787,-0.2373817414045334,0.3987350761890411,0.2759357988834381,-0.1023943526782095,-0.2843827588140964,0.3272065860182047,0.0652835890650749,0.0927166864275932,0.0292710158973932
1774472744564879000,56.96287915039063,0.0286228678941726,-0.40379239757061,0.1621755982935428,-0.0141988061368465,-0.0978391394019126,-0.2464509159326553,-0.2252268054902553,-0.2030781020462513,0.0734223790854215,-0.2275208532810211,0.3872659206390381,0.2826754748821258,-0.0769699885644018,-0.2598778476327658,0.4196060527741909,0.0765795558691024,0.0177423637360334,0.0081615950912237
1774472744574907100,56.9729072265625,0.1123985909506678,-0.2377433188445866,0.178438166308403,-0.0231329426169395,-0.1000315696001052,-0.2381653934717178,-0.0985327088139951,-0.2151204220175743,0.1783084024488926,-0.2207491993904113,0.361694723367691,0.2756689488887787,-0.0520271243572235,-0.2051765356302261,0.4859261986389755,0.0940573513507843,-0.0661248415708541,-0.0154941994696855
1774472744584935200,56.98293505859375,0.2258177571207285,-0.0864003724716603,0.1540577582895755,-0.0331544168293476,-0.1114091277122497,-0.224885806441307,0.0096612700536847,-0.2193178737074136,0.2267868944138288,-0.2137725204229354,0.3191267549991607,0.2643017768859863,-0.0119549339488148,-0.1416571263998746,0.5198968573018908,0.1098552197217941,-0.1533065289258957,-0.0373266674578189
1774472744594963200,56.99296313476562,0.2980529722481966,0.1001290380947291,0.1796358516603708,-0.0496618710458278,-0.1255600303411483,-0.2005138397216797,0.0986076737463474,-0.2097591872453689,0.264726456707716,-0.2033408880233764,0.2632728219032287,0.2418612390756607,0.0129530050754547,-0.0936520971655845,0.5322989504963159,0.1245641186833381,-0.2295112907886505,-0.0505122430622577
1774472744604990200,57.002990234375,0.3204132726162672,0.2793020945489406,0.1945978584706783,-0.0642179101705551,-0.138661190867424,-0.1779619306325912,0.145695149744302,-0.2477513565093278,0.2335311079770326,-0.1963972300291061,0.2035924345254898,0.2093070298433303,0.0268345231726765,-0.0658142421692609,0.5120531580641865,0.140076071023941,-0.296721339225769,-0.0605657771229743
1774472744615018200,57.01301831054688,0.322159239500761,0.4252703621461987,0.2131242797642946,-0.0802505537867546,-0.1460328251123428,-0.1613737493753433,0.1837194677121937,-0.266516847255826,0.1913163525819778,-0.1879297494888305,0.143886387348175,0.1679526269435882,0.0535550645768642,-0.0800257228732109,0.4813137364074588,0.147062599658966,-0.3528109788894653,-0.0719641000032424
1774472744625046300,57.02304638671875,0.2844415032640099,0.5584215260073542,0.2122334684044122,-0.0936193540692329,-0.1437669992446899,-0.1482118666172027,0.2047458891279995,-0.2601356217861175,0.1674228512972593,-0.1721763461828231,0.0877637341618537,0.1161948814988136,0.0533680175721645,-0.1299842242628336,0.3931371480435133,0.1456406414508819,-0.3867909908294678,-0.0774598270654678
1774472744635074000,57.03307397460937,0.2067477304697036,0.6018653848059475,0.2368769112735986,-0.1050787046551704,-0.1434934437274933,-0.1482926309108734,0.2247891447253525,-0.2486065120339393,0.1166536180466413,-0.1594867706298828,0.038459125906229,0.0566523857414722,-0.0116658878743648,-0.165672208237648,0.2686936067730188,0.1308121681213379,-0.3952081799507141,-0.0760667324066162
1774472744645102300,57.04310229492187,0.1144917638376355,0.5861085743561387,0.2562017894685268,-0.1147859320044517,-0.1579301655292511,-0.1568115353584289,0.2068213802278041,-0.2483580902308225,0.0107049338877201,-0.149180606007576,-0.0068020951002836,0.0074190576560795,-0.0193055889725685,-0.1545703839868307,0.1527609964773058,0.1105035319924354,-0.3991348147392273,-0.0764114633202552
1774472744655130000,57.05313012695313,0.0348868967249989,0.4182501081205904,0.2351350360423326,-0.1126701608300209,-0.1648802906274795,-0.1738883256912231,0.1587275036662817,-0.2107254019290208,-0.1127343987762928,-0.1400320827960968,-0.0403701439499855,-0.033169362694025,-0.0375710212424397,-0.0898310775727033,0.060974400922656,0.0841243937611579,-0.3872943818569183,-0.0709887370467186
1774472744665157000,57.0631572265625,0.0374964947015047,0.2029851630657911,0.1571533862173557,-0.1053161099553108,-0.1714258193969726,-0.1953773647546768,0.1333465403027832,-0.1232587154000997,-0.1673889490276575,-0.1326945424079895,-0.0575222335755825,-0.0584012158215045,-0.0736193629622459,-0.0102367318540811,0.0145648241862654,0.061633538454771,-0.3502911031246185,-0.0680378824472427
1774472744675185200,57.07318505859375,0.0429220268815755,-0.0480916846044361,0.0872013135910034,-0.0919928252696991,-0.1745556592941284,-0.2184237241744995,0.1117903959244489,0.01314823538661,-0.212127669942379,-0.1244712695479393,-0.0597989968955516,-0.0722007155418396,-0.1137916527442634,0.0562210689157247,-0.0100622520700097,0.0414454452693462,-0.309429407119751,-0.0665417239069938
1774472744685213200,57.08321313476562,0.0369604881286621,-0.291414557147026,0.0377782342523336,-0.0782810077071189,-0.1622523963451385,-0.2413777709007263,0.0857160434693098,0.1225099428594112,-0.251363701787591,-0.1164788603782653,-0.0489034727215766,-0.0687457919120788,-0.1497416486561298,0.1220697978764772,-0.0231476513534784,0.0213761404156684,-0.2600181400775909,-0.0590026080608367
1774472744695241200,57.0932412109375,0.0271633167356252,-0.4749197975866496,0.0187473705679178,-0.0708713755011558,-0.1404542475938797,-0.2704066336154938,0.004649287110567,0.2048135475367307,-0.2862812859117984,-0.1080767884850502,-0.0309346411377191,-0.0525238625705242,-0.1595546021401882,0.1970598646700382,-0.0613967179879546,-0.0068469755351543,-0.2244715988636016,-0.0526704080402851
1774472744705269000,57.10326904296875,0.0171291217163205,-0.5971694820746779,0.0068587798535823,-0.0714588686823844,-0.1257096529006958,-0.3029019832611084,-0.0994376948297023,0.3016746698766946,-0.297684723457694,-0.1015155538916587,0.0026986850425601,-0.0222501140087842,-0.1113340304590761,0.2664233237534761,-0.1048240640431642,-0.0371552743017673,-0.2077882885932922,-0.0472294613718986
1774472744715297300,57.11329736328125,0.0045680385679006,-0.5829642849810421,0.0186146840989589,-0.0794529989361763,-0.1187013164162635,-0.3378006815910339,-0.2055810247778892,0.4007540527880192,-0.2694254281789064,-0.0977305099368095,0.045387040823698,0.0171991884708404,-0.0728171066686511,0.2647328864485025,-0.0820142663419246,-0.0614249259233474,-0.1970733255147934,-0.0379518046975135
1774472744725324000,57.12332397460938,0.0095265377581119,-0.5499655400902033,0.0355891997754573,-0.0954226404428482,-0.1126950904726982,-0.3698920309543609,-0.3016691169187426,0.4617015657037496,-0.2561474289327859,-0.0986927151679992,0.0973802059888839,0.0585064142942428,-0.0343289705812931,0.2292214280843734,-0.0411357279866933,-0.076155386865139,-0.1891377866268158,-0.0288598369807004
1774472744735352000,57.13335205078125,0.0648430590495467,-0.4816346389248966,0.053657940429449,-0.1106425151228904,-0.0992379337549209,-0.3834347724914551,-0.3774658239200711,0.4817763854831456,-0.2379968552142381,-0.1017383709549903,0.1522885113954544,0.1023731231689453,-0.020084172129631,0.1689525450825691,-0.0286345583319664,-0.089909017086029,-0.1858594268560409,-0.023751625791192
1774472744745380000,57.143380126953126,0.1224339550137519,-0.3784646256990731,0.0641851796627044,-0.1347278952598571,-0.0854294449090957,-0.3901126384735107,-0.4399234491378068,0.493564438432455,-0.1997322987496853,-0.0975718572735786,0.2019841521978378,0.1485842913389206,0.0347314139023423,0.1125502743810415,-0.0874094033837318,-0.1048324033617973,-0.1935895681381225,-0.023342989385128
1774472744755408100,57.153408203125,0.1771457884103059,-0.269249925481528,0.0860188258081674,-0.160273790359497,-0.0784409642219543,-0.3875621557235718,-0.4881809918284416,0.5353776272892952,-0.1008726960688829,-0.0873746275901794,0.2499666810035705,0.1907460987567901,0.0582554973527789,0.0447942504942417,-0.1412315944641828,-0.1248183622956276,-0.2125336974859237,-0.0225118175148963
1774472744765436200,57.16343627929688,0.1935457190692424,-0.1579753701247274,0.1006441480100154,-0.1897674947977066,-0.0668128058314323,-0.3679415583610534,-0.5443135056778788,0.5666477948218583,-0.0120002343952655,-0.0745144858956337,0.2876013815402984,0.2333172708749771,0.1027507649004459,-0.0302794029295444,-0.186670280341804,-0.1486008316278457,-0.2320012599229812,-0.0225819516927003
