time,seconds_elapsed,imu1_accel_x,imu1_accel_y,imu1_accel_z,imu1_gyro_x,imu1_gyro_y,imu1_gyro_z,imu2_accel_x,imu2_accel_y,imu2_accel_z,imu2_gyro_x,imu2_gyro_y,imu2_gyro_z,imu3_accel_x,imu3_accel_y,imu3_accel_z,imu3_gyro_x,imu3_gyro_y,imu3_gyro_z
1774471301670115000,59.807114990234375,-0.1683934498950839,0.1157536004669964,-0.0409656321167945,-0.0020587011240422,-0.0238070879131555,-0.0098521197214722,-0.1039361752927303,-0.0084364044338464,0.0014180501043796,0.0388509519398212,-0.0363616831600666,0.0039834063500165,-0.0579191050052642,0.0544669187247753,0.023110095822066,0.0401135236024856,-0.0370252691209316,-0.0081175845116376
1774471301680142000,59.81714208984375,-0.1543134866163134,0.1316335806387476,-0.069876084780693,-0.0015750708989799,-0.0227325018495321,-0.003292754292488,-0.0862663708284497,-0.0083522332817316,-0.0150268887400627,0.04109812900424,-0.0364935100078582,0.0003196959150955,-0.0412066012658178,0.0473737455934286,0.0155814538829028,0.0430037640035152,-0.0273789763450622,-0.0042112073861062
1774471301690170000,59.82717016601563,-0.1491974587768316,0.157221409952268,-0.1011585272729396,-0.003695256775245,-0.0217064134776592,-0.0003728326410055,-0.0945958077564835,-0.0262812732040882,-0.0441851786851882,0.0425140336155891,-0.0368257313966751,-0.0001976741477847,-0.0337025092460215,0.0582616348326206,0.0384933967843651,0.0487727038562297,-0.0232119280844926,-0.0008918438106775
1774471301700196900,59.83719677734375,-0.1426069744706153,0.1729049907690845,-0.1298889471948146,-0.0057118022814393,-0.0117794806137681,0.0058376593515276,-0.1349973762497305,-0.0473784217685461,-0.0652314738452434,0.0458477772772312,-0.0366907082498073,0.0011325748637318,0.0005494505763053,0.0388344653069972,0.0724120329990982,0.0534997135400772,-0.022968478500843,0.0009533183183521
1774471301710224100,59.84722412109375,-0.1364689101070165,0.1849409540648572,-0.1628460449010133,-0.0076599782332777,-0.0028346898034214,0.0075457813218235,-0.1429649941280484,-0.0479085831224918,-0.0608306085377931,0.044582113623619,-0.0372211523354053,0.0025627685245126,0.0202643510021269,0.0088262805342674,0.1076794534742832,0.05582145601511,-0.0170168448239564,0.0040045017376542
1774471301720251100,59.85725122070313,-0.1204255378007888,0.170076452812273,-0.156401106545329,-0.0123902847990393,0.0003491193056106,0.0121061773970723,-0.1406169696971774,-0.0644008682399988,-0.0915104089617729,0.0418712832033634,-0.0324088223278522,0.003421904053539,0.0165372933030128,-0.0084480948716402,0.1192256604917347,0.0602781996130943,-0.0187245663255453,0.0101387854665517
1774471301730279000,59.86727880859375,-0.1449181740224361,0.1337891512374393,-0.1536807416707277,-0.0199950616806745,-0.0027953386306762,0.0124106351286172,-0.1438867851480841,-0.0929430721133947,-0.1115863977849483,0.0394071638584136,-0.0252526327967643,0.0021729809232056,0.0306429755449295,-0.0116460141301155,0.1144350652143359,0.0603298656642437,-0.0166060216724872,0.0095662055537104
1774471301740306200,59.87730615234375,-0.1711357343405485,0.0992921306128613,-0.125214525642991,-0.0239064451307058,-0.0117867030203342,0.0169151052832603,-0.1393570327639579,-0.1093348194658756,-0.1365951668351888,0.0361658297479152,-0.019943356513977,0.0036587584763765,0.0442903926253318,-0.0367693494707346,0.1229316754028201,0.0569598451256752,-0.0174428895115852,0.0096615059301257
1774471301750333200,59.88733325195312,-0.1763128447175025,0.0947695751545019,-0.0854278741776943,-0.0294199399650096,-0.018125670030713,0.022168830037117,-0.1305731300666928,-0.0850415052086114,-0.1529822380125522,0.0322625562548637,-0.0133168185129761,0.0050870208069682,0.0726221686184406,-0.0267424609750509,0.0888653012804687,0.0566738210618495,-0.0182104110717773,0.0106444787234067
1774471301760360000,59.89735986328125,-0.1651174969643354,0.1037399768671952,-0.0671048665016889,-0.0353547930717468,-0.0248016826808452,0.0249851234257221,-0.0844248346149921,-0.0557335776597261,-0.1372416480451822,0.0313355103135108,-0.009129530750215,0.0088788289576768,0.0436297367595136,-0.0182645554870367,0.0820782714888453,0.0546922795474529,-0.0169447977095842,0.0111258924007415
1774471301770388200,59.90738818359375,-0.1684369967758655,0.1341198810291476,-0.0628109687000513,-0.0308705195784568,-0.0301724467426538,0.0329239815473556,-0.0573325372889637,-0.0512105472773313,-0.1271294193536043,0.0288318395614624,-0.0091600883752107,0.0093476539477705,0.0388027549944818,-0.0242325239807367,0.0530037143044173,0.0514107309281826,-0.0130882747471332,0.0102928550913929
1774471301780415000,59.9174150390625,-0.1696861200541257,0.1561763578787446,-0.0590653524309396,-0.0303112566471099,-0.0309471618384122,0.0327109321951866,-0.0145104636505246,-0.0361859966248273,-0.101776951432228,0.0283543318510055,-0.0099225519225001,0.0074080741032958,0.0316062676191329,-0.0216805014103651,-0.0022749591946601,0.048466432839632,-0.0123245362192392,0.0074642589315772
1774471301790442000,59.92744189453125,-0.1781476589292287,0.1503523096340708,-0.067155135384202,-0.0293609127402305,-0.0283261537551879,0.032557874917984,-0.0187733817920088,-0.0434440049290657,-0.0920090061336755,0.02784264087677,-0.0135293379426002,0.0058084381744265,0.0087491236448287,-0.0028080431580543,-0.0141056822419166,0.0506006889045238,-0.0144441444426774,0.0071241734549403
1774471301800469200,59.93746923828125,-0.1827829175144434,0.1240900881903245,-0.0516337411254644,-0.0267353039234876,-0.0298036783933639,0.0314798280596733,0.0083344053640961,-0.0428881246119737,-0.0772469058096408,0.0268527418375015,-0.0222394708544015,0.0018523121252655,0.0037641748391091,0.0275771582335233,-0.0060052317641675,0.0502594634890556,-0.0096542779356241,0.0064922953024506
1774471301810496000,59.94749609375,-0.1823386808782816,0.0840986166016198,-0.0510819524616003,-0.0233437977731227,-0.0266594924032688,0.0282229799777269,-0.02228665060997,-0.0324222601771354,-0.0696077892333269,0.0287180822342634,-0.0306312255561351,0.0031860065646469,-0.0288123991169035,0.0663771367490291,-0.0294105111405253,0.0515614822506904,-0.0026112822815775,0.0071777929551899
1774471301820524000,59.95752392578125,-0.1794824146643281,0.0352865635670721,-0.0598731616824865,-0.0183543656021356,-0.0254666619002819,0.0268740896135568,-0.0576984479919075,-0.0358195013999938,-0.0613917495518922,0.0269843656569719,-0.0357106700539588,0.0056246630847454,-0.0449006334781646,0.0663677843987941,-0.0371592255711555,0.0507572144269943,0.0037183947861194,0.0121872965246438
1774471301830551000,59.96755102539063,-0.1716758325666189,-0.007843260846287,-0.0585544802993535,-0.0145469373092055,-0.0258173160254955,0.0226811375468969,-0.0839130857005715,-0.036654783180356,-0.0970037456810474,0.0268183760344982,-0.034481756389141,0.0083138728514313,-0.0197369661271572,0.080538348570466,-0.0046533787637948,0.0477222763001918,0.0041578169912099,0.0114248339086771
1774471301840578000,59.977578125,-0.1795636632069945,-0.0180178872495889,-0.0718143593668937,-0.0120584787800908,-0.0243360660970211,0.0208922922611236,-0.0745706723377108,-0.0172217684358358,-0.1153372747510671,0.0236894283443689,-0.0288909804075956,0.0110143180936574,-0.0217418762087821,0.0811795690834522,-0.0047901568859815,0.0461159497499465,0.0042082257568836,0.0113583719357848
1774471301850605000,59.98760498046875,-0.1697474948525428,-0.013692352200672,-0.0786988581836223,-0.0089470101520419,-0.0280516631901264,0.0145493922755122,-0.0636050416871905,-0.0068558572441339,-0.1147580135583877,0.0240997560322284,-0.0222918018698692,0.0092031192034482,-0.0155891987979412,0.0743996996849775,-0.0028454525589942,0.0402173101902008,0.0008033742196857,0.0107572963461279
1774471301860633000,59.99763305664062,-0.1838359336987137,0.0039731779472902,-0.084900635433197,-0.0075925262644886,-0.0307875275611877,0.0129863834008574,-0.0298839738711714,0.0068441668063402,-0.080715458703041,0.024710152298212,-0.0200464911758899,0.0075900424271821,-0.014678367563337,0.0628740970641374,-0.0021273674175143,0.0359513685107231,-0.0028510903939604,0.0081363627687096
1774471301870660000,60.00766015625,-0.1899991325035691,0.0105258327274583,-0.0868599528074264,-0.0064413398504257,-0.0382364355027675,0.0076856762170791,-0.0112397714167833,0.0181043964892625,-0.0687818598031997,0.0246836505830287,-0.0193327609449625,0.0043966127559542,-0.0145651164472103,0.0860007056295871,0.0033405425995588,0.033281285315752,-0.0050583183765411,0.0081576677039265
1774471301880687000,60.01768701171875,-0.1906225250989198,0.0140367451915517,-0.0758212569206953,2.69457232207e-05,-0.0401682928204536,0.0049087982624769,0.0048629298612475,0.0175035079866647,-0.0394499668568372,0.0282035507261753,-0.020817207172513,-0.0018354505300521,-0.02590484110713,0.0851776988089084,0.0313182444579899,0.0300004743039608,-0.0069584622979164,0.0083002736791968
1774471301890714000,60.02771411132812,-0.1854535980284214,0.0242847473583184,-0.0702753132313489,0.0017105475999414,-0.0381503067910671,0.0044410377740859,0.0108826285421848,0.0399357045471668,-0.0320586875617504,0.0288961585611104,-0.0255228169262409,-0.0053508314304053,-0.0067561962619423,0.0650000031769275,0.0218944364219903,0.0268480908125638,-0.0116767846047878,0.0071567129343748
1774471301900741000,60.0377412109375,-0.1767009672522544,0.042637291656062,-0.079980714687705,0.0034578475169837,-0.0326900258660316,-0.0027335179038345,0.0242322317197918,0.0426052160173654,-0.0371831909686326,0.0297025647014379,-0.0276240520179271,-0.0097599606961011,0.0077776482641696,0.0543657964378595,0.0143105571642518,0.0234009567648172,-0.0199544429779052,0.0048385700210928
1774471301910769000,60.04776879882812,-0.1531628552764654,0.0443028685144148,-0.0695510906100273,0.0059850895777344,-0.0307534225285053,-0.0058861197903752,0.0125166594848036,0.0478080453574657,-0.0430430229127407,0.0282862726598978,-0.0292780734598636,-0.0136580560356378,-0.0302818871475756,0.0680284110873937,0.0242145499326288,0.0177459996193647,-0.0193570964038372,0.0026065749116241
1774471301920796200,60.05779614257813,-0.13971680598706,0.0444747179499827,-0.0806032305002212,0.0094623789191246,-0.0208376739174127,-0.0137560274451971,0.0164911160737276,0.0520358921855688,-0.0448158778041601,0.0300570111721754,-0.0305246990174055,-0.0196610875427722,-0.0582044978179037,0.0306043971002101,0.012237111891061,0.0140018761157989,-0.0185207482427358,-0.0009047659114003
1774471301930823200,60.0678232421875,-0.1422913326501846,0.0568223044781945,-0.0930634836226701,0.012520101852715,-0.0164304114878177,-0.0152580644935369,-0.0041854689911007,0.0451303505808114,-0.0575730680465698,0.031022872775793,-0.0330988429486751,-0.0219174083322286,-0.0516401708662509,0.0263368027836084,0.0237320271126925,0.0093237673863768,-0.0265528410673141,-0.0032169218175113
1774471301940850000,60.07784985351562,-0.1594113942772149,0.0778016536155715,-0.1180237373560667,0.0147395804524421,-0.0160154923796653,-0.020746573805809,-0.0250292273163795,0.0465425554662942,-0.0837590641826391,0.0284734293818473,-0.0294929202646017,-0.0210891645401716,-0.0359621247410774,0.0506353777378797,0.0262007553137838,0.0067035034298896,-0.036628920584917,-0.0099995927885174
1774471301950877700,60.08787768554687,-0.1655553038597106,0.0733758913288824,-0.144308517691493,0.0166457016021013,-0.0161004588007926,-0.0246677845716476,-0.041369536742568,0.0425993707984685,-0.1138245321005582,0.0257125794887542,-0.0256525017321109,-0.0203478261828422,-0.0232626560352742,0.0931283655524253,0.0084448800012469,0.0053072082810103,-0.0426873452961444,-0.0144912796095013
1774471301960904700,60.09790478515625,-0.1716582969099283,0.0740561286780051,-0.1490226867318153,0.0182041823863983,-0.0140223940834403,-0.0248747132718563,-0.0449850968912243,0.0607756634801626,-0.0998152959704399,0.0241562277078628,-0.0204606708139181,-0.0166923701763153,-0.0617206892453134,0.1010229181945324,0.020170827499777,0.0010933084413409,-0.0457395985722541,-0.019224114716053
1774471301970931700,60.107931640625,-0.1668272234916687,0.0918632957863621,-0.1509603767961263,0.0188448429107666,-0.0130740301683545,-0.0260497257113456,-0.04217705373317,0.0818926857888698,-0.0822311239629983,0.0218057353049516,-0.0177772752940654,-0.0102517139166593,-0.0781435623884201,0.0883861394613981,-0.0170810447908937,0.0002189927035942,-0.0501303523778915,-0.0215802136808633
1774471301980958700,60.11795874023438,-0.1662549765616655,0.1041723038698546,-0.1465647721856832,0.0208459421992301,-0.0102353664115071,-0.022975105792284,-0.0246443196520209,0.0991723218917846,-0.0759498517364263,0.0206744242459535,-0.0104597071185708,-0.0059517733752727,-0.0362964712619781,0.0573807603448629,0.002989537204802,-0.0001667410833761,-0.0540595166385173,-0.0274379178881645
1774471301990986500,60.12798657226563,-0.1795388210266828,0.1063359299108386,-0.1608294443815946,0.017007116228342,-0.0104754623025655,-0.0262743644416332,-0.0167149879574775,0.0769815328717231,-0.0587783521831035,0.0204790886491537,-0.0018659543711692,-0.0035871197469532,-0.0247230839766561,0.0101852939277887,0.0507607576832175,0.0003110300167463,-0.0588912889361381,-0.0279050357639789
1774471302001013800,60.138013671875,-0.1838046617776155,0.1200131210749968,-0.1617412985295057,0.0156486369669437,-0.0068612853065133,-0.0240034870803356,0.0107867669522762,0.0340308644175529,-0.0615513240277767,0.0230913832783699,0.0020970955956727,-0.0062353666871786,-0.0287419642291963,-0.0445464132130146,0.0507704022943973,0.0011738110333681,-0.0639355555176734,-0.0302819162607193
1774471302011040800,60.148040771484375,-0.1653106814488768,0.1452504381841048,-0.1568827525824308,0.0181943774223327,-0.00460503436625,-0.02345647290349,0.0266439690366387,-0.0046697453767061,-0.0580862782657146,0.028045866638422,0.0041971304453909,-0.0121864499524235,-0.0070353054642677,-0.0654576838165521,0.0530843783251941,-0.0024867039173841,-0.0669965893030166,-0.0328633189201355
1774471302021067500,60.15806762695313,-0.1433469791829586,0.1527369945472106,-0.1451940683543682,0.016333095729351,-0.0032026134431362,-0.0210596285760402,0.0340551220759749,-0.0701180768430232,-0.0650379970997571,0.0293918251991271,0.0036162950564175,-0.0218577198684215,0.0009038169719278,-0.0599018032550811,0.0665847881503403,-0.0024277723859995,-0.0655203089118003,-0.0334255993366241
1774471302031094800,60.1680947265625,-0.1334714818567037,0.159270688898582,-0.1360199972957372,0.0154710970818996,0.0013773315586149,-0.019159834831953,0.0176762342050671,-0.0957633902311325,-0.0926788682192564,0.0337935350835323,0.00319459522143,-0.029556006193161,-0.0042224400006234,-0.048208442851901,0.0854120920866727,-0.0023982112761586,-0.0680457800626754,-0.0350570529699325
1774471302041122600,60.17812255859375,-0.1168196222633123,0.1550192237328738,-0.1021218193471431,0.0133195295929908,0.0025251535698771,-0.0191465206444263,0.0134206225872039,-0.1119014550834894,-0.1011982747614383,0.0344047285616397,-0.0006145241204649,-0.0355158932507038,0.0148586925663053,-0.068320672032237,0.0623114947453141,-0.0040508331730961,-0.0644879937171936,-0.0365667529404163
1774471302051149600,60.18814965820312,-0.1218491408631205,0.1616139092901721,-0.0845809019595384,0.0097895618528127,0.0107604032382369,-0.0168257914483547,-0.0106385906532406,-0.0984048446506261,-0.1187654956340789,0.0335864536464214,0.000571499869693,-0.0388957262039184,0.0101017072975635,-0.0407639720648527,0.0545164569549262,-0.0059070563875138,-0.0647567063570022,-0.0369012467563152
1774471302061176800,60.1981767578125,-0.1419493873447179,0.1685562575076706,-0.0814899502068758,0.0092848930507898,0.0216844230890274,-0.0143059091642498,-0.0212239898145198,-0.0897106660634279,-0.1374655199289322,0.0311653744429349,-0.0011851211311295,-0.0420861952006816,-0.008286182308197,0.0008095628172159,0.0330504750780761,-0.0089772017672657,-0.0696101486682891,-0.035505786538124
1774471302071203600,60.20820361328125,-0.1693283926576375,0.1877238079827278,-0.0894061301589012,0.0075794057920575,0.0289652980864048,-0.0121256541460752,-0.034519232456386,-0.0568552751660347,-0.1489519595831632,0.0286284498870372,-0.0023745475336909,-0.0409338846802711,0.0017687632381916,0.0254231950700283,0.0532487751066684,-0.0077409627847373,-0.071125753223896,-0.0353425368666648
1774471302081231600,60.21823168945313,-0.1734849278151989,0.1793656929494813,-0.1061070895910263,0.0078656952828168,0.0363955199718475,-0.0105530573055148,-0.0178626966878771,-0.054049570095539,-0.1472381414026022,0.0263282787054777,-0.0029769546817988,-0.0417299047112464,0.0167607267953455,0.0725572866886854,0.039279724856466,-0.0052714589983224,-0.0709501206874847,-0.0382199175655841
1774471302091259000,60.2282587890625,-0.1941337480902671,0.1671123240433633,-0.1750947010993957,0.003025327110663,0.0397660471498966,-0.0104068769142031,-0.0224459328249096,-0.0466957002013921,-0.1144932251423597,0.0235241334885358,-0.0053813220001757,-0.0422584190964698,-0.0048642450354993,0.1133218432754278,0.0064750412330031,-0.0038091174792498,-0.0680304914712905,-0.0401062332093715
1774471302101285600,60.23828564453125,-0.223125449296832,0.1576441836752928,-0.2243722344875335,-0.0055857375264167,0.0392952002584934,-0.0059846984222531,-0.0325207521155476,-0.0299000482231378,-0.0616162059575319,0.0264123324304819,-0.0095315920189023,-0.0449471436440944,-0.004304419195652,0.1238882454752922,-0.0122960024714469,-0.0034436322748661,-0.0631801187992096,-0.0416789576411247
1774471302111312600,60.24831274414063,-0.2400204699963331,0.141678406649921,-0.2578577399820089,-0.0079033412039279,0.0374237298965454,-0.0085167782381176,-0.0427624524056911,-0.0093453359723091,-0.0215320328503847,0.027515985071659,-0.0127689996734261,-0.0437879785895347,0.0062928165338933,0.0605254881113767,-0.0106412210017442,-0.0061840252019464,-0.0580751039087772,-0.0406839996576309
1774471302121340000,60.25833984375,-0.2485918989866971,0.1297874230490997,-0.2642909878998994,-0.013816624879837,0.0351155698299407,-0.0080118430778384,-0.07976619515419,0.0227507609903812,-0.0173749131709337,0.0243130009621381,-0.006513234693557,-0.0416782200336456,0.0311035787940025,0.0122720370739698,0.0120022802218794,-0.0067019346170127,-0.0580984465777874,-0.0431863963603973
1774471302131367700,60.26836767578125,-0.2521048755437136,0.1109931263332255,-0.2361883444875478,-0.0163766965270042,0.0215921159833669,-0.0096740024164319,-0.0816027629315853,0.0298071092426776,-0.0584551115781068,0.0200662612915039,0.002343772444874,-0.0363012813031673,0.0353143283568322,0.0035077158600091,-0.0247800748609006,-0.0100489957258105,-0.0641784444451332,-0.0461286567151546
1774471302141394700,60.27839477539062,-0.2540349668234586,0.0981669807741418,-0.1679039128124713,-0.0178406368941068,0.0162599347531795,-0.0057130828499794,-0.043506841032207,0.004110357928276,-0.0993009167075157,0.0169562213122844,0.0120288906618952,-0.0343049764633178,0.0763397278368473,0.0282680631071329,-0.0386551632173359,-0.0083539690822362,-0.0710630714893341,-0.050343282520771
1774471302151421700,60.288421630859375,-0.251777543285489,0.0831661945897154,-0.0865484026402235,-0.0138289248570799,0.0115511734038591,-0.0079468917101621,-0.0085851652547717,-0.0059895958036184,-0.0548263996869325,0.021255787461996,0.0162984635680913,-0.0319788046181201,0.0757552059471607,0.0798106188178062,-0.0490218050613999,-0.0048766792751848,-0.0670805796980857,-0.0545372292399406
1774471302161448700,60.29844873046875,-0.2641641466498375,0.0850544742880389,-0.022861235627532,-0.0089332349598407,0.009563123807311,-0.0081056170165538,-0.0373974182412028,0.0123252285659313,-0.0069511343121528,0.0276593603193759,0.0130081288516521,-0.0268053486943244,0.0356583194889128,0.1340086574733257,-0.0966995020374655,-0.0002685590879991,-0.0552958697080612,-0.0530941188335418
1774471302171476500,60.3084765625,-0.2477671386003494,0.0860229357277043,0.0134369892001152,-0.00119403982535,0.0064935134723782,-0.0066666807979345,-0.0745320938929915,0.0545674564898014,-0.0011731354326009,0.0315930768847465,0.0050365556962788,-0.0138612110167741,-0.0065045595884323,0.1583797131419181,-0.1260856093890965,0.0086791291832923,-0.0399501994252204,-0.05060326308012
1774471302181503700,60.31850366210937,-0.2438154783651232,0.0841760657520033,0.0214133749067783,0.0061855791136622,0.0050570042803883,-0.0056184604763984,-0.1170952243342995,0.0863233617126941,0.0020972645401954,0.0326705947518348,-0.0005289182299748,-0.0006759017705917,-0.0116987672306597,0.1493821676939725,-0.0565144989043474,0.0201992839574813,-0.0248695667833089,-0.045206356793642
1774471302191530800,60.32853076171875,-0.239045195223391,0.087208473984152,0.0013572598278522,0.0162209272384643,0.0112890871241688,-0.0044277613051235,-0.1495791515707969,0.0651291825145483,0.0339139600396156,0.0327362902462482,0.0007127844728529,0.0132901305332779,0.0149487089373171,0.1296855335772037,-0.006525602376461,0.0211644135415554,-0.012619026005268,-0.0412678085267543
1774471302201557800,60.33855786132813,-0.2406961773008108,0.0873943519450724,-0.0433662635177373,0.0204926375299692,0.016942711547017,-0.0097482241690158,-0.1365679865673184,-0.0292605812758207,0.0129816466480493,0.0289311613887548,0.0024888466577976,0.0173069760203361,0.0247698457278311,0.0890437265872955,-0.0108833591945469,0.0150637282058596,-0.005245289299637,-0.0366892963647842
1774471302211585800,60.348585693359375,-0.2287257535219192,0.0911926299831829,-0.0921031141579151,0.0190380681306123,0.0210310872644186,-0.011854144744575,-0.0662312985375523,-0.1531546719700098,-0.0539940405160188,0.0258592329919338,0.007419092580676,0.008477889932692,0.0574561636686325,-0.0061345572322607,0.0202861244425177,0.0058577135205268,0.0041788383387029,-0.0344248041510582
1774471302221612800,60.35861279296875,-0.2260308153495192,0.0774397797669284,-0.1438946761935949,0.0147727485746145,0.020728550851345,-0.0137583054602146,-0.0241860544905066,-0.1517769538760185,-0.0531388849914073,0.0191355496644973,0.023498460650444,-0.0021558457519859,0.1081996779561042,-0.0675233841747045,0.0438286203324794,-0.0012030397774651,0.0015275990590453,-0.0381002910435199
1774471302231639600,60.3686396484375,-0.237592366066575,0.0536318196075037,-0.1908493195921182,0.0119305746629834,0.0116576682776212,-0.0182740688323974,0.0273120775565505,-0.0837695855766534,-0.0734995359748601,0.0114927841350436,0.0435276255011558,-0.0067893043160438,0.1615501598715782,-0.0914110402405262,0.0091764091461896,-0.007672656327486,-0.0054898303933441,-0.0453882962465286
1774471302241666800,60.37866674804688,-0.2374824759513139,0.0140284888198599,-0.2126946561753749,0.0051946411840617,0.0034487410448491,-0.0230445899069309,0.0632514059439301,0.0393517671793699,-0.1240834757864475,0.0100195230916142,0.0607905015349388,-0.0039535705000162,0.1821709230959415,-0.0748585493683815,-0.0529385401137173,-0.0082783885300159,-0.0143977645784616,-0.0513015277683734
1774471302251693800,60.38869384765625,-0.2273065343737602,0.0260684889699332,-0.213507726123929,0.0006718190852552,-0.0023129303008317,-0.0272271633148193,0.1047562595039606,0.125242582693696,-0.115822427919507,0.0210269633680582,0.0664855390787124,0.0042952876538038,0.1718330689549446,-0.0224029704660177,-0.0974843688048422,-0.0004590813769027,-0.0067001632414758,-0.0580220147967338
1774471302261721600,60.3987216796875,-0.2071533886611461,0.0236445680249482,-0.2017459766596555,-0.0022392822429537,0.0074230534955859,-0.0319657251238822,0.1144578615680336,0.1596598160803318,-0.067977557682991,0.0343331806361675,0.0551876090466976,0.0165130719542503,0.1195956628479063,0.049900049200654,-0.1229250995315611,0.0081723872572183,0.0089850910007953,-0.0564967021346092
1774471302271748900,60.40874877929687,-0.2252057627022266,0.0393944555436261,-0.1803092208772897,-0.0022011033724993,0.0161928292363882,-0.0395751558244228,0.0857198428615927,0.0897229410231113,-0.0092296006381511,0.0404287651181221,0.0304167512804269,0.0218942891806364,0.1126844221547245,0.0789215610235929,-0.1391721777163445,0.0161733217537403,0.0268346611410379,-0.0532630905508995
1774471302281775600,60.41877563476562,-0.2526590022951364,0.0406120329061523,-0.1642313617795705,0.0021773995831608,0.016344629228115,-0.0406843610107898,0.03789689219594,-0.0234200385540723,0.0419634109824895,0.0344763323664665,0.009203340858221,0.0234303995966911,0.1320104693934321,0.0722504126965999,-0.0954819429412484,0.0226699393242597,0.0347801707684993,-0.0477789640426635
1774471302291802600,60.428802734375,-0.2816355059325695,0.0260243393009528,-0.1349392163217067,0.005888876505196,0.0122097879648208,-0.042900625616312,-0.0113072836950421,-0.1466559576004743,0.0615098229736089,0.0230649802833795,-0.0023132972419261,0.0226062424480915,0.1881527739845216,0.0440431398659944,-0.028861791216582,0.0229378528892993,0.0383125878870487,-0.0416600853204727
1774471302301830700,60.43883056640625,-0.2939683332830667,0.0341375031298026,-0.1070066687792539,0.0185016058385372,0.0076645715162158,-0.0430598855018615,-0.0216954067185521,-0.2296907991617917,0.0394610727727413,0.0087278522551059,-0.0022381960880011,0.0159917492419481,0.1891081750132143,0.0076584057986736,0.0219689629629254,0.0215412098914384,0.0464216731488704,-0.0355606563389301
1774471302311857700,60.44885766601563,-0.2773234879523515,0.0364838105276227,-0.0709796621084213,0.0233179125934839,0.0065255817025899,-0.0459143221378326,-0.0142363228842616,-0.2314525481373071,-0.0007125321835279,-0.0016168672591447,0.007721628062427,0.0137280458584427,0.1929506757855415,-0.0474608393549919,0.0145572254016995,0.0148276472464203,0.0503695420920848,-0.0307398028671741
1774471302321884700,60.458884765625,-0.2612675484254956,0.0498329935801215,-0.0455021065026521,0.0250100847333669,0.0083903269842267,-0.0437742099165916,0.0008355740413069,-0.1462789409816265,-0.0411111780673265,-0.0028025065548717,0.0146189481019973,0.0156308747828006,0.1986125009395182,-0.0820212806046009,0.0013987608820199,0.0048810625448822,0.0555801168084144,-0.0278595518320798
1774471302331911700,60.46891162109375,-0.2119309783264994,0.0727105410216376,-0.0536462499916553,0.0219159498810768,0.0125331133604049,-0.0465307980775833,0.0598021422728896,-0.0518067596048116,-0.0722901601850986,-0.0022567231208086,0.0226465817540884,0.0199573207646608,0.2036450882792472,-0.0204231948256492,0.0030707857474684,-0.0019315696554258,0.0561447069048881,-0.0245433840900659
1774471302341938700,60.47893872070313,-0.1943257635310292,0.0828901358610019,-0.0799468124181032,0.0204884950071573,0.0189603865146636,-0.049376118928194,0.0858487299382686,0.0077110127687454,-0.0871446149677038,0.0037630859296768,0.0200726352632045,0.0270445253700017,0.1717922985531389,0.0162362645298242,-0.0063235039331018,-0.0039238748140633,0.0530918054282665,-0.022169079631567
1774471302351966700,60.488966796875,-0.1901145755767822,0.0684501436308026,-0.1279641166120767,0.0117780240252614,0.0169002581387758,-0.0488699525594711,0.1287619889914989,0.0212976395726203,-0.0833370393782854,0.0052484571933746,0.0117430696263909,0.0274207964539527,0.1383469789385795,0.0414390948474407,-0.0192320853449404,-0.0046527818776667,0.0584178566932678,-0.0174566153436899
1774471302361993700,60.49899365234375,-0.1970201171815395,0.0552196185219101,-0.1618687243014574,0.0067015062086284,0.0117462426424026,-0.052868690341711,0.1507587167441844,0.0260340204447507,-0.0352548532545566,0.0082711447030305,0.0004206402809359,0.021851859986782,0.0937795229375362,0.0450122771590948,-0.0626337124370038,-0.0011459317756816,0.068144254386425,-0.0081661771982908
1774471302372020700,60.50902075195312,-0.2041483616262674,0.0414028362239711,-0.1748018556326627,0.0050083897076547,0.0069891605526208,-0.0501582585275173,0.157188165269792,0.0013660276561975,0.0055453591674566,0.0043792258948087,-0.0124400937929749,0.0139530152082443,0.0444027669586241,0.0526905567020177,-0.0754461399979889,-0.0007075754692777,0.076500192284584,2.1444633603e-05
1774471302382047700,60.5190478515625,-0.2036760679394006,0.0094232235141098,-0.180875622588396,0.0075482465326786,0.0032231844961643,-0.0549775138497352,0.1496329275846481,-0.0223112005293369,0.0028436989933252,0.0033871983177959,-0.025839788839221,0.0027592168189585,0.0511982723176479,0.0675450114846229,-0.0747134418092668,0.0003448646748438,0.0841227024793624,0.0092647392302751
1774471302392075800,60.52907568359375,-0.1805208178013563,5.8580053132e-05,-0.1684445955604314,0.0085865650326013,0.0014584735035896,-0.0525883175432682,0.1353343531191349,-0.0560287612140178,-0.0244657482147216,0.0016037058085203,-0.0321930348873138,-0.0081103406846523,0.0347404739916324,0.0389069460213184,-0.0833785404324531,0.0013669859617948,0.0909350663423538,0.0228716284036636
1774471302402102800,60.53910278320313,-0.159724698010087,0.0101489257064647,-0.1542711087793111,0.0118193756788969,0.0029048360884189,-0.0500628426671028,0.0775613785862922,-0.0498287375301122,-0.0843359872877597,0.0012740064412355,-0.0354343689978122,-0.0200021527707576,0.0145734458841383,-0.0096206457823514,-0.0815169843442738,0.0039563225582242,0.0921357870101928,0.0313396416604518
1774471302412129500,60.54912963867187,-0.1426160345599055,0.0223378876068629,-0.1229372283607721,0.0157657917588949,0.004574192687869,-0.0501686185598373,0.0479842787072062,-0.0616501082271337,-0.1285030457943677,0.0052588181570172,-0.0343191660940647,-0.0251716654747724,0.0325343422494828,-0.0421270771116018,-0.062156888705492,0.006822682917118,0.0886316001415252,0.0312064830213785
1774471302422156800,60.55915673828125,-0.1292611706852912,0.0490782296900637,-0.0901169087767601,0.0150944096967577,0.0046551530249416,-0.0489851087331771,0.0247954185605049,-0.0718500152021646,-0.1069715974658727,0.0119372271001338,-0.0311904866248369,-0.0314897485077381,0.0869732039235532,-0.0625409195870161,-0.0438642761677503,0.0111236339434981,0.0802832916378974,0.0258952993899583
1774471302432184600,60.5691845703125,-0.1381137547045946,0.0791576530680991,-0.0452899250566959,0.0135037284344434,-0.0030108876526355,-0.0436080805957317,-0.0122574240267276,-0.0692559070557355,-0.0966664765506982,0.0171851254999637,-0.0273978803306818,-0.0308580137789249,0.0924865605175495,-0.0788087482988834,-0.0543763178318738,0.0115899536758661,0.0729667842388153,0.0200653746724128
1774471302442211600,60.57921166992188,-0.15680968734622,0.1099738662880845,-0.0231435597002506,0.0101587977260351,-0.0050759026780724,-0.0376338139176368,-0.0186263745367527,-0.0842734434455633,-0.1059650507718324,0.0200909003615379,-0.0243126079440116,-0.0275311935693025,0.0654490621186792,-0.0847761322706937,-0.0451401413224637,0.0162501726299524,0.0560715645551681,0.0141812842339277
1774471302452238800,60.58923876953125,-0.1643292691960931,0.1301960769152268,-0.002534486913681,0.0116058345884084,-0.0044750729575753,-0.0250865891575813,-0.027637363988161,-0.0453659129023551,-0.1330529641836881,0.0206477157771587,-0.0250893216580152,-0.0201184675097465,0.0961526818096637,-0.0707692342281341,-0.0257236393213272,0.0222563985735178,0.0414273738861084,0.0049574258737266
1774471302462265900,60.59926586914062,-0.1793374532356858,0.1583502861180342,0.0248807587563991,0.0092891510576009,-0.0033613387495279,-0.0180012471973896,-0.0673459817811846,0.0278454537808895,-0.102539752498269,0.0156478974968194,-0.0237414967268705,-0.009485263377428,0.0928304055191576,-0.0274643455088138,-0.0157468735776841,0.0294958781450986,0.0264552868902683,-0.0030402927659451
1774471302472292600,60.609292724609375,-0.1770820755243301,0.1896151929535903,0.0275607916206121,0.0053766081109642,-0.0011849254369735,-0.0100081218406558,-0.0188090376272797,0.0051911389023065,-0.0826274298042058,0.0109591828659176,-0.0278594568371772,-0.0005347738042473,0.0926116482019424,-0.0310714300900697,-0.0211646608427166,0.0347415097057819,0.0118262758478522,-0.0091999191790819
1774471302482321000,60.61932080078125,-0.1627420000046491,0.1951054061340168,-0.0133826286643743,0.0031374220270663,0.0034345937892794,-0.0091724218800663,0.051177521790564,-0.0649181701123714,-0.0746644881010055,0.0159821715205907,-0.035583958029747,0.000498799025081,0.0949206557966768,-0.0374848042637109,-0.0301835413396358,0.0371343046426773,-0.0025019361637532,-0.0187245514243841
1774471302492347600,60.62934765625,-0.1558235989183187,0.184989067522902,-0.0612333441197872,0.000339598627761,0.0072809187695384,-0.0021527768112719,0.0910612038895487,-0.1377390761733055,-0.021941782695055,0.0272211339324712,-0.0439729243516922,-0.0014963392168283,0.0826842745579779,-0.025211013624072,-0.0342722719579935,0.0366802364587783,-0.0105409547686576,-0.0233123786747455
1774471302502374700,60.63937475585937,-0.1499251885294914,0.1543911549624055,-0.1150397531092166,-0.0016162269748747,0.0068124686367809,0.0014909598976373,0.0696329236745834,-0.1690063210964202,0.0554717118531465,0.0328539870679378,-0.0577260218560695,-0.0088831484317779,0.0545345771335065,-0.0158452193856239,-0.0371124638199806,0.0363633818924427,-0.0220514237880706,-0.0282255038619041
1774471302512401700,60.64940161132812,-0.1320370651394128,0.1278312840126454,-0.1427338157206773,-0.0048638517037034,0.0035560661926865,0.0079237138852477,0.0641045156419277,-0.1688596061021089,0.0610275924146175,0.033742643892765,-0.0696667060256004,-0.0113714560866355,0.0822412069655954,0.0061725511550903,-0.0250518775396049,0.0394337400794029,-0.0331006124615669,-0.0318276956677436
1774471302522429700,60.6594296875,-0.1174053131967782,0.1162761813026852,-0.1561620370924472,-0.0041474616155028,-0.0081503903493285,0.0200251191854476,0.0274596693336963,-0.1066109474599361,0.020641806012392,0.0330036133527755,-0.0811864808201789,-0.0134857390075922,0.0911573577404022,0.0538946717947721,0.0064607204467058,0.0475550517439842,-0.0388090945780277,-0.0328929610550403
1774471302532456700,60.669456787109375,-0.1087771855831146,0.1065501937160268,-0.1400806708633899,-0.0131575418636202,-0.0134591041132807,0.0226698741316795,-0.0010202829584479,-0.0520528433203697,0.0245224468380212,0.0356634780764579,-0.0909015461802482,-0.0142100369557738,0.0347825595676898,0.0901969882756471,-0.027334435518831,0.0513529852032661,-0.0411084704101085,-0.0305381938815116
1774471302542483700,60.67948364257813,-0.0973664415135979,0.1294628490035422,-0.108985275375843,-0.0181701425462961,-0.0084371818229556,0.0294904969632625,-0.0239946235716342,-0.0187888716220855,0.026188334223628,0.0428865030407905,-0.1037219986319542,-0.0118440855294466,-0.0019790449880063,0.091230422976613,-0.0685784461855888,0.0540395341813564,-0.0458245240151882,-0.0283619612455368
1774471302552510700,60.6895107421875,-0.1128717614203691,0.1467194512907415,-0.0667751961559057,-0.0220628175884485,-0.0015623932704329,0.0313540622591972,-0.0405175960883498,-0.0252478385031223,0.0313046543240547,0.046116679906845,-0.1155164018273353,-0.0092303687706589,0.0253529063127934,0.0606242723107337,-0.015014175388962,0.0605373829603195,-0.0504685454070568,-0.0287427939474582
1774471302562537700,60.69953784179688,-0.1148082824409008,0.1659050488791428,-0.0493903461128473,-0.0248551424592733,0.0050859218463301,0.0324070751667022,-0.0644569823414087,-0.0341635508865118,0.0322954189270734,0.0483497381210327,-0.1209900006651878,-0.010933194309473,0.0294951206840574,0.0451987396419048,0.0091045129537582,0.065020240843296,-0.0462352931499481,-0.0271501280367374
1774471302572565800,60.70956567382812,-0.1144201599061489,0.1829282625355757,-0.0516851790517568,-0.0338645353913307,0.0127506544813513,0.0387145951390266,-0.1026896823629736,-0.0331774624586105,0.010917699855566,0.047033604234457,-0.11960169672966,-0.0121031207963824,-0.0259773218214511,-0.0013023147702217,0.0325862185671925,0.0656178519129753,-0.045925036072731,-0.0291272588074207
1774471302582592800,60.7195927734375,-0.123728086477518,0.1449984727170318,-0.0587999794930219,-0.0355141013860702,0.0114816576242446,0.0411585792899131,-0.1312812783360481,-0.0206792154133319,-0.0179886611551046,0.0498008951544761,-0.1180578619241714,-0.0109321288764476,0.030333325073868,-0.0661281304240226,0.0496750082731246,0.0689089596271514,-0.0543401986360549,-0.0323911383748054
1774471302592619800,60.72961987304687,-0.1348626439541578,0.1238769386299885,-0.0467120668143033,-0.0421563647687435,0.0020995838567614,0.0400800518691539,-0.1591854765668511,-0.0301771115988492,-0.0484054267287254,0.045581929385662,-0.1115759387612342,-0.0024581057950854,0.0769394472956657,-0.0963233622014522,0.1046552833475172,0.0685193389654159,-0.0634308978915214,-0.0353112891316413
1774471302602646500,60.739646484375,-0.1680330921500921,0.1011932149938307,-0.0203197344511747,-0.0481418184936046,-0.0123818879947066,0.0389514043927192,-0.1562441624179482,-0.0498082792639732,-0.0756172587811946,0.0451638102531433,-0.1067119464278221,0.0092965550720691,0.0861022663079202,-0.0834054284393787,0.1377525201767682,0.0677775368094444,-0.0769061595201492,-0.0370932966470718
1774471302612674800,60.7496748046875,-0.1801467237919569,0.0996191523438319,0.0066816697210073,-0.0505582690238952,-0.0185497235506773,0.0381052643060684,-0.1155421496734023,-0.0591957008123397,-0.112858901938796,0.0424274019896984,-0.1052309647202491,0.0183469746261835,0.0976689315915107,-0.0924070655405521,0.1171409631721675,0.0604570433497428,-0.081165887415409,-0.0354823470115661
1774471302622701600,60.75970166015625,-0.1555921282500028,0.0897544321399182,0.0157271459639072,-0.0519801378250122,-0.0204064790159463,0.0381018035113811,-0.027083529497683,-0.0836684632897376,-0.143691262575984,0.0381335876882076,-0.1024905741214752,0.0197131764143705,0.1298245036564767,-0.0782078597962856,0.1067604389332234,0.0524131618440151,-0.0868888795375824,-0.0387705266475677
1774471302632728800,60.76972875976563,-0.1383715288579463,0.0818337952084839,-0.0058399581998586,-0.0490502454340457,-0.0245195887982845,0.040216214954853,0.0611687544509768,-0.1144996548831462,-0.1435544844537973,0.0370384193956851,-0.1013591215014457,0.0159165225923061,0.1298736034952104,-0.0647924979060888,0.1032787342973053,0.0405908562242984,-0.0911203697323799,-0.0376424118876457
1774471302642755800,60.779755859375,-0.1367389592200517,0.0870890671218745,-0.0171142164081335,-0.0465500690042972,-0.0216598846018314,0.0447824746370315,0.1189203939348459,-0.1417471427708864,-0.1350064363390207,0.0344056189060211,-0.1037509068846702,0.0053496332839131,0.156317227654159,-0.0643114363908767,0.0842145528651773,0.0308237094432115,-0.1036481186747551,-0.0381771102547645
1774471302652782600,60.78978247070312,-0.1556751303583383,0.0797787441085092,-0.0288631063908338,-0.0425146073102951,-0.0158089399337768,0.0457529351115226,0.1811234598696231,-0.1381903270721435,-0.0965618471324443,0.034663338214159,-0.1067111417651176,-0.0089380107820034,0.1812966244794428,-0.0632365006357431,0.0805519387044012,0.0285275317728519,-0.109608270227909,-0.0356894508004188
1774471302662811000,60.79981079101562,-0.1588666198760271,0.0612834851381368,-0.0274234289765357,-0.0431793294847011,-0.0201363116502761,0.0474163442850112,0.2088409033566713,-0.0977683003127574,-0.0579775571942329,0.0335227064788341,-0.1191275939345359,-0.0231134835630655,0.1423755038022995,-0.0386141005545854,0.0913650091417133,0.0235368683934211,-0.1088786497712135,-0.0325534231960773
1774471302672837600,60.809837646484375,-0.1513794789910316,0.0421934568786993,-0.0346019423037767,-0.042238775640726,-0.0331120602786541,0.0532026402652263,0.1974915340855717,-0.0670119275212287,-0.0565565844804048,0.0356726609170436,-0.1329504698514938,-0.0354128293693065,0.1361586751140654,-0.004089899662137,0.0596563040614128,0.0195285435765981,-0.1078567951917648,-0.0289690773934125
1774471302682864600,60.81986474609375,-0.1772995176672935,0.0317043394324369,-0.0239881938308477,-0.0442859455943107,-0.0505645535886287,0.0612315349280834,0.1531988033726811,-0.070717211779952,-0.0684632953733205,0.0350079350173473,-0.1479374021291732,-0.0461509600281715,0.1293267832674086,0.0210305130690336,0.024060382284224,0.0124562727287411,-0.1077871546149253,-0.0318320095539093
1774471302692891600,60.8298916015625,-0.2084060190707445,0.0228476820262148,-0.0098772508919239,-0.0491915866732597,-0.0577595420181751,0.0649308264255523,0.0814513717621564,-0.0735761083424091,-0.0736070880025625,0.0339511446654796,-0.1603095233440399,-0.0555683486163616,0.127972884440422,0.0737426970809698,0.0029747780270874,0.0074623133987188,-0.1080015450716018,-0.0334746465086936
1774471302702919700,60.83991967773437,-0.1796457885324955,0.0436298646236769,-0.0037760114073753,-0.0519500896334648,-0.0590961836278438,0.0660426989197731,0.0140460610091686,-0.0569523057997226,-0.0694032065719366,0.0315827950835228,-0.17076376080513,-0.0586778558790683,0.0995604444265365,0.143359254142642,0.0082433660797774,0.0080167381092906,-0.1024788990616798,-0.0369556099176406
1774471302712946700,60.84994677734375,-0.1136643731027841,0.0768981289045885,-0.0224397953450679,-0.0542675256729126,-0.0500416010618209,0.0689071267843246,-0.0352291342914104,-0.0274871418625116,-0.0193161103665828,0.0300307460129261,-0.1791317462921142,-0.0560464896261692,0.0903146233059465,0.1856044046759605,0.0155284085214138,0.0052502462640404,-0.0979616418480873,-0.0365385562181472
1774471302722973700,60.8599736328125,-0.0807721573263406,0.1092187005392275,-0.0433972431778907,-0.0549034848809242,-0.0422915369272232,0.0726792216300964,-0.0617979922652244,0.0058569093346595,0.0179220256596803,0.0322409011423587,-0.1859614104032516,-0.0474322289228439,0.0799881673417985,0.2269260106235742,0.0362925257392227,0.0070938076823949,-0.094847559928894,-0.0343509167432785
1774471302733000700,60.87000073242187,-0.0682590049728751,0.1276934464445337,-0.0804150144517421,-0.0570206753909587,-0.0333959683775901,0.0696764290332794,-0.0995040380641818,0.0242886380821466,0.0228892926782369,0.0312275439500808,-0.1876892149448394,-0.033525563776493,0.0510508266709744,0.2471697572290897,0.0745256641522049,0.010796932503581,-0.0834556221961975,-0.0333287939429283
1774471302743027700,60.88002783203125,-0.0942278512269258,0.1183906527060084,-0.1152449202924966,-0.0544427335262298,-0.0312177687883377,0.0753857120871543,-0.1480456583932042,0.0212637373030185,-0.0062882864892482,0.0273180231451988,-0.1769481599330902,-0.0219685062766075,0.0274912335157394,0.235635971301794,0.0962711936227977,0.0098087368533015,-0.0683456808328628,-0.0272278822958469
1774471302753055700,60.8900556640625,-0.119813543382287,0.1061334661412984,-0.1450888544142246,-0.053700752556324,-0.0268628895282745,0.0774338692426681,-0.1601250955045223,0.0101414547860622,0.0099018008112907,0.0260975696146488,-0.1564039289951324,-0.006107778288424,0.0275697055794298,0.1800064385384321,0.1216428046360611,0.0074880574829876,-0.0599727034568786,-0.0204908847808837
1774471302763082800,60.90008276367188,-0.1234568683207035,0.0876473585917614,-0.1266986267209053,-0.0491643249988555,-0.0229959823191165,0.0777454599738121,-0.1750572916984558,0.0214876091867685,0.0049140755265951,0.0231949910521507,-0.1313702166080474,0.0070586237125098,0.0404958226479589,0.1338560972601175,0.1575442852310836,0.006869610864669,-0.0503951162099838,-0.0138181457296013
1774471302773109800,60.91010986328125,-0.1181213525116443,0.0559575774076394,-0.1281850658863783,-0.0507686138153076,-0.0141293117776513,0.0749409645795822,-0.1554386912539601,0.0139823481231927,-0.0344224940836429,0.0190955623984336,-0.1043441221117973,0.0185958798974752,0.0552957707643508,0.0957277343958616,0.1732014346987009,0.0009573932620696,-0.0461340583860874,-0.0053546205163002
1774471302783136500,60.92013647460937,-0.1175648876726627,0.030157256120909,-0.1419733527421951,-0.0535180605947971,-0.0077712815254926,0.0707510113716125,-0.1417836753889918,-0.0019043723165988,-0.0649286915063858,0.0159152168780565,-0.0836028903722763,0.0210166927427053,0.0687666622340679,0.0789776751250028,0.2053429782383143,-0.0058273426257073,-0.0501234605908393,-0.0006963592022657
1774471302793164800,60.93016479492187,-0.1042290207594633,-0.0003552249121479,-0.1595201153486967,-0.0538114681839942,-0.0014028372243046,0.0647250264883041,-0.0915352511420845,-0.0306271934539079,-0.0870113439768552,0.0117733273655176,-0.0651682168245315,0.0211396962404251,0.1414461139976978,0.030942250752449,0.2023160316325724,-0.0110202403739094,-0.0662683397531509,-0.0011530914343893
1774471302803191600,60.940191650390624,-0.0989917046278715,-0.0351075172057375,-0.1881967592567205,-0.0539462231099605,0.0019514141604304,0.0621098056435585,-0.0083820438981056,-0.0712310065209865,-0.0918248817384242,0.0076150684617459,-0.0516806431114673,0.0110231470316648,0.190402160346508,-0.0063958385169506,0.1714820635601878,-0.0155781880021095,-0.0782151892781257,-0.0051925336010754
1774471302813218600,60.950218505859375,-0.1170914249420165,-0.0553397377702407,-0.1742103194802999,-0.0496172569692134,0.003910488449037,0.0611333958804607,0.028771336454153,-0.0648258156538009,-0.0384819986075162,0.0052141025662422,-0.0407704710960388,1.18089374154e-05,0.1872995181560516,-0.0584428366184234,0.0955748819217085,-0.018590223044157,-0.0891160368919372,-0.0077781961299479
1774471302823245800,60.96024584960937,-0.1225537820011377,-0.0493215917255729,-0.1467278537929058,-0.0451199784874916,0.0068511511199176,0.0620905347168445,0.0969569839298725,-0.0416378322899341,-0.0002688800692558,0.0018657103646546,-0.0380766838788986,-0.0120837353169918,0.1982861915946006,-0.1254331368297338,0.0056835985943675,-0.0204512476921081,-0.0936784446239471,-0.0125008774921298
1774471302833273600,60.97027368164063,-0.1079033253580331,-0.0682118048302829,-0.1287847853451967,-0.0411916449666023,0.0142484549432992,0.0608979202806949,0.1599430169358849,0.0081640172332525,0.0241530290037393,0.0008169955108314,-0.0452486462891101,-0.0214131623506546,0.235769388423115,-0.1404138483405113,-0.073521309415251,-0.0179334953427314,-0.0956915318965911,-0.0219148844480514
1774471302843300600,60.98030053710937,-0.1236304713219404,-0.0763380473364144,-0.10192249738276,-0.0380669608712196,0.0168889798223972,0.0546554736793041,0.1708425966128706,0.0045826516151428,0.0367319400697946,-0.00016730860807,-0.0627967491745948,-0.0287624225020408,0.2375508650124073,-0.1144067159026861,-0.1294054014615714,-0.0153617039322853,-0.0945537760853767,-0.0300256162881851
1774471302853328000,60.990327880859375,-0.132737906885147,-0.0549315222955308,-0.0698047731101512,-0.0286946892738342,0.0184309184551239,0.0548035725951194,0.1701291876465082,-0.0601747749775648,0.076146251091361,0.0015205014497041,-0.0855660364031791,-0.0342878252267837,0.2763103653870523,-0.0829331347525119,-0.157999481652677,-0.0085083246231079,-0.0938072949647903,-0.0403831824660301
1774471302863354600,61.00035473632813,-0.1199304477602243,-0.0320392156763002,-0.0538163458615541,-0.0236626453697681,0.0252736434340477,0.0477408729493618,0.1670636625960469,-0.1374982531547546,0.1050216324418783,0.0011473926715552,-0.1105065420269966,-0.0340675823390483,0.2949346940971911,-0.0907037687540054,-0.1199744330324232,-0.0005437366198748,-0.0796080827713012,-0.044469017535448
1774471302873381600,61.01038159179687,-0.1043944404542446,-0.0186802601484581,-0.0654606064260005,-0.0201095305383205,0.0371774733066558,0.0433961600065231,0.1170449554517865,-0.1776981615960597,0.1193225449949502,0.0030153582338243,-0.1300813853740692,-0.027096664533019,0.2491081779457628,-0.0401034623295068,-0.1510107918091118,0.0071264333091676,-0.0574050433933734,-0.0418748334050178
1774471302883409700,61.02040966796875,-0.0959533598452806,-0.0022889694537036,-0.0928068785130977,-0.0198397524654865,0.0431991443037986,0.0400917120277881,0.0662488341942429,-0.20964520547688,0.0730868635207414,0.0017836464103311,-0.1428698748350143,-0.0171122085303068,0.2421472528919577,-0.0030792613148689,-0.2020610339581966,0.0075072748586535,-0.0452598147094249,-0.0402526035904884
1774471302893436700,61.03043676757813,-0.1174503213822841,-0.0060201918712817,-0.1407037711977958,-0.023879500105977,0.0462269559502601,0.0370750725269317,0.0293298471197485,-0.2126134076327085,0.0185877960920333,-0.0014505209401249,-0.1403861492872238,-0.0046915831044316,0.2630382113598287,0.0439379259258508,-0.1887787969283759,0.0069496091455221,-0.0300680808722972,-0.0373763889074325
1774471302903463700,61.04046362304688,-0.1597410646229982,0.0051766171866096,-0.1630763465255499,-0.0281131267547607,0.0438351705670356,0.0366188734769821,0.0011722586497664,-0.1586947704404592,-0.0302016615182161,-0.0048212837427854,-0.1235509738326072,0.0072218021377921,0.2296117425762116,0.0548538722157478,-0.1844093496724963,0.0072724735364317,-0.0127663388848304,-0.0330878905951976
1774471302913490700,61.05049072265625,-0.2117746187210082,0.0128975120285525,-0.1664396854788065,-0.0346520841121673,0.038521908223629,0.0310493782162666,0.0152715111508965,-0.0940928266704082,-0.0453045381039381,-0.0015988210216164,-0.1104624047875404,0.0214941073209047,0.1853166737757623,0.0304261179238557,-0.1849561699002981,0.00957584194839,0.0026680105365812,-0.0305610820651054
1774471302923518700,61.06051879882813,-0.22698972350955,-0.0012333594535477,-0.175319742026925,-0.0478515103459358,0.0363751351833343,0.0319442003965377,0.0066550739750266,0.0119686702132225,-0.0110725981563329,0.003597272792831,-0.1055190488696098,0.0376211442053318,0.1514751944504678,0.0434609560638666,-0.1902675741814077,0.0122385723516345,0.0157413929700851,-0.0335115194320678
1774471302933545500,61.07054541015625,-0.2075520325899124,-0.0022309739224612,-0.1736602843821048,-0.0518518909811973,0.0373336598277092,0.0313777178525924,0.0091357848748564,0.0390425550997257,0.0312882877111434,0.0153693947941064,-0.108926348388195,0.0502826683223247,0.1551017143845558,0.0338040699243545,-0.156573686633259,0.0234566070139408,0.021916463971138,-0.0371360816061496
1774471302943572700,61.08057275390625,-0.2022042418211698,0.0019211773209273,-0.1738549301713705,-0.0600387118756771,0.0408615469932556,0.0324222147464752,0.0225172444954514,0.0224520703047513,0.0530132127851247,0.0280969087034463,-0.1158713400363922,0.0586676299571991,0.1425998140774667,0.0718055915385484,-0.1173679037958383,0.031270608305931,0.0301022194325923,-0.0444937273859977
1774471302953600500,61.0906005859375,-0.1875204674303531,0.0032362419748678,-0.1855927142381668,-0.0606594979763031,0.0483301728963851,0.0414262786507606,0.0306561272874474,-0.008502455407381,0.1117465567827224,0.0421764850616455,-0.1276515126228332,0.0630100890994072,0.0860018746733665,0.0573614711225032,-0.0858532599829137,0.0351068936288356,0.0355550423264503,-0.0527971982955932
1774471302963627300,61.10062719726562,-0.1855716714501381,-0.0082852507264353,-0.191252639696002,-0.0567430555820465,0.0552575886249542,0.045719027519226,0.0080801383420825,-0.046496378237009,0.1356032331883907,0.0477648600935936,-0.1375739127397537,0.0645414069294929,0.0607389847315847,0.0610182400643825,0.0051931847289204,0.0428239218890666,0.0388332419097423,-0.0720157325267791
1774471302973655600,61.11065551757813,-0.2112970643371343,-0.0317487082971259,-0.1807248159408569,-0.0556907877326011,0.0583853051066398,0.055666122585535,-0.028305180247128,-0.0707633890092372,0.0632464375078678,0.0457118600606918,-0.1425059288740158,0.0703096613287925,0.0980887644387781,0.1055430259674787,0.1162029516696929,0.0408281497657299,0.0386705212295055,-0.0900855436921119
1774471302983682300,61.12068237304688,-0.2348345917910337,-0.0288231762392446,-0.15459025773108,-0.0564239583909511,0.0652203112840652,0.0593194477260112,-0.0874058962523937,-0.0845142664641141,0.0518845010161399,0.0442870706319808,-0.1386153250932693,0.0759867206215858,0.0424677072428166,0.030815409502387,0.2000669375315308,0.0264482945203781,0.0268348194658756,-0.1044971495866775
1774471302993709300,61.13070922851563,-0.2716752529323101,-0.0112333051433786,-0.127445061174035,-0.0499382615089416,0.0726490318775177,0.064287431538105,-0.0229947988793253,-0.0624345366030931,0.0412701680213212,0.0403578579425811,-0.1323419958353042,0.0745183229446411,0.0342458223424851,-0.0955506242632865,0.26055998467803,0.0069848489947617,-0.0040181674994528,-0.1230252906680107
1774471303003736600,61.14073657226562,-0.3153472213983536,0.0181792700900696,-0.1116220536202192,-0.0464636385440826,0.0829836949706077,0.0723538845777511,0.109805944108963,-0.0644581513851881,0.0380897844195365,0.0412265807390213,-0.1303342282772064,0.0670281797647476,0.1109327561818063,-0.173078100579977,0.4171234421782195,-0.0108801648020744,-0.051799226552248,-0.1466035395860672
1774471303013764400,61.15076440429687,-0.2941726236835122,0.0244493085365742,-0.1177969428628683,-0.0481316000223159,0.0948112457990646,0.0748264417052269,0.2047156401202082,-0.1425204652309417,0.0576823736399412,0.0395149812102317,-0.1333726495504379,0.0524229444563388,0.1326022247415036,-0.1647328815609216,0.5553447489105164,-0.0274719260632991,-0.1040176823735237,-0.1749480962753296
1774471303023791400,61.16079125976562,-0.2736889308422803,0.0424525462063029,-0.0960772784858942,-0.0581384263932704,0.0876513347029686,0.0766275376081466,0.2749181803762912,-0.2507885322481393,0.1161053365141153,0.0364334397017955,-0.1466069519519806,0.0308904871344566,0.1024606228474527,-0.1078740992635488,0.535814265140891,-0.0498731806874275,-0.1572576165199279,-0.1926980316638946
1774471303033818400,61.170818359375,-0.3187012080013752,0.0708283440042287,-0.0314338336616754,-0.0682401359081268,0.0623009502887725,0.0841366425156593,0.3591021919727325,-0.3314578137218952,0.1408218446195125,0.0323252864181995,-0.1576402336359024,-0.0022835528943687,0.0181507198490202,-0.0258662626624107,0.5122904739513993,-0.0737686604261398,-0.192126914858818,-0.2150795012712478
1774471303043845400,61.18084545898437,-0.3189183578833937,0.0565080691635608,0.0518225416958332,-0.0924261659383773,0.0220488682389259,0.0932731479406356,0.4394444334492087,-0.2797381478786468,0.1544587403059005,0.0368364155292511,-0.1841703802347183,-0.0379842929542064,-0.0119194242440164,0.017933716097474,0.4533934638246893,-0.1149795725941658,-0.2221441268920898,-0.2492685765028
1774471303053872400,61.19087231445312,-0.3296837897866964,0.1115552354617044,0.1339864456415176,-0.1212190240621566,-0.0318838581442832,0.1076632514595985,0.4363207484707236,-0.1751841329485177,0.180249015122652,0.0408921912312507,-0.2125827074050903,-0.0763733088970184,-0.0008452186524868,0.0148819273114204,0.3827718213737011,-0.1769441217184066,-0.2901500761508941,-0.2730453014373779
1774471303063900400,61.200900390625,-0.2334396303012967,0.2110823986731469,0.2222773080348968,-0.1529111862182617,-0.0722746923565864,0.1201220601797103,0.3472445809185505,-0.0816384187668562,0.1950268975377082,0.042906604707241,-0.2436974793672561,-0.1080814376473426,-0.0268282395623624,-0.0018652093499898,0.4023223250180482,-0.2484219670295715,-0.3683449327945709,-0.2822287678718567
1774471303073927400,61.210927490234376,-0.101335052883625,0.2916515077080577,0.2926969981729984,-0.1831446588039398,-0.0853294134140014,0.127497598528862,0.1926949474588036,-0.0146510411649942,0.1875806731849908,0.0321256481111049,-0.2587380409240722,-0.136051058769226,-0.1463467455208301,-0.0105108726203441,0.4144542229689657,-0.3520932197570801,-0.4468378722667694,-0.2993297278881073
1774471303083954400,61.22095434570313,0.051490825523436,0.3305084040425717,0.3222738057911395,-0.2129875123500824,-0.0769353955984115,0.1244589239358902,0.0880111686691641,0.1765454844295978,0.1674637678295373,0.0243819765746593,-0.262379914522171,-0.1544729471206665,-0.2872679588615894,-0.1088753852605819,0.3632875148333609,-0.4423442482948303,-0.515347421169281,-0.3246926069259643
1774471303093981400,61.2309814453125,0.1682742074295878,0.3402914738450199,0.2968266453236341,-0.2312426418066024,-0.0586746856570243,0.1212242841720581,0.0352399479463696,0.3846042974978685,0.1678676724553108,0.0228352379053831,-0.2684764862060547,-0.1597949117422104,-0.2016309719778597,-0.4016413570165634,0.3514681899629533,-0.5344963073730469,-0.6442116498947144,-0.3672411143779754
1774471303104009500,61.24100952148437,0.2146945978209376,0.2984950534598902,0.2368494387447834,-0.2309262603521347,-0.0439221002161502,0.1363481134176254,-0.0628559768855571,0.5502794283449649,0.1805079583197832,0.0380703844130039,-0.2878680229187011,-0.1669889092445373,-0.0978700071215629,-0.2870698059409857,0.2695848565243184,-0.6283590793609619,-0.7918804287910461,-0.4153577983379364
1774471303114036200,61.2510361328125,0.2369593288600444,0.2681761953027918,0.1547977630019187,-0.2260781675577163,-0.0368754677474498,0.1610588878393173,-0.1351060973212123,0.7068605676323175,0.1728998214036226,0.0741918608546257,-0.3169770836830139,-0.1709340214729309,-0.3540180936414748,-0.3423749290555715,0.5504869336158037,-0.694390058517456,-0.8492444157600403,-0.4576341509819031
1774471303124063500,61.2610634765625,0.2446118894398212,0.2627925295030698,0.0568418311625719,-0.2152060717344284,-0.0391546003520488,0.1931265443563461,-0.0580006458088755,0.7103869881927967,0.0620095891892909,0.1100848838686943,-0.3370461165904999,-0.1711185723543167,-0.663534124668315,-0.3164730105578899,0.893601721253246,-0.7432482242584229,-0.8946722745895386,-0.5090477466583252
1774471303134090500,61.27109057617187,0.2232633964627981,0.3159623941546305,-0.0345540115088224,-0.1980194002389907,-0.0401275940239429,0.2320679575204849,0.0398711148783564,0.4500011910378932,-0.2042904004454612,0.1240781173110008,-0.3381477296352386,-0.1771885007619857,-0.4319325234491378,-0.312181450843811,1.1434580872178075,-0.8319935202598572,-0.9952212572097778,-0.5778965950012207
1774471303144118300,61.2811181640625,0.1930979753017425,0.3968194898180663,-0.1133516538918018,-0.1818998157978058,-0.0342973992228508,0.2686126828193664,-0.0157259769201278,0.0599140782147645,-0.4419084854751825,0.1245883777737617,-0.2974533140659332,-0.1895548850297927,-0.1194786854047328,-0.2318430087596178,1.345963357812166,-0.9971271753311156,-1.1165634393692017,-0.6178533434867859
1774471303154145500,61.2911455078125,0.1494856280684471,0.4970369003159925,-0.1541664793610572,-0.1729380488395691,-0.0330580584704875,0.302103579044342,-0.1032607602491974,-0.2075163767546415,-0.4987567463785409,0.1109267324209213,-0.2267471253871917,-0.207450121641159,-0.2349356410127133,-0.1725713201016187,1.6805971712216734,-1.1888489723205566,-1.2036490440368652,-0.6140522360801697
1774471303164172300,61.30117236328125,0.0762462043344974,0.548185451740399,-0.1441705705255269,-0.1756994873285293,-0.0328407473862171,0.3370072543621063,-0.0954018634423613,-0.2478103932201862,-0.4518798443913459,0.0829204022884368,-0.1664939075708389,-0.2232328057289123,-0.3346914253482594,-0.1174772093892097,2.1438860061168667,-1.3773208856582642,-1.2388200759887695,-0.6043192744255066
1774471303174199300,61.31119921875,0.01541413449198,0.5364767111049965,-0.1373082835406064,-0.1803026497364044,-0.0337408483028411,0.3756518065929413,0.0943853798761963,-0.0489864414870738,-0.4126590101152658,0.0474629215896129,-0.1455414295196533,-0.2436374723911285,-0.2509913613438606,-0.2476122402995824,2.8816195586577056,-1.5590482950210571,-1.3356672525405884,-0.6048857569694519
1774471303184226600,61.3212265625,-0.0318660875990986,0.4977407742690294,-0.1285240885823965,-0.1945321857929229,-0.049896914511919,0.4045060873031616,0.342659298954904,0.228750303441286,-0.3127694798648357,0.028021577745676,-0.1367743015289306,-0.2804980278015136,0.2014133837044238,-0.369534154137969,3.619504210107028,-1.740073323249817,-1.4976468086242676,-0.6418048143386841
1774471303194254300,61.33125439453125,-0.1056347959041595,0.4515255510609596,-0.1217477263152599,-0.2112258672714233,-0.0675987526774406,0.4265914857387543,0.3955143985688686,0.4795300678610801,-0.2778215006023645,0.029060972854495,-0.1158308610320091,-0.3348764777183532,0.5725614027798176,-0.186088388800621,4.230919951938093,-1.941547393798828,-1.6325100660324097,-0.673932671546936
1774471303204281300,61.34128125,-0.1246203591421246,0.4075577779861167,-0.1220195289939641,-0.2263140082359314,-0.0759086161851883,0.4473481774330139,0.3198866183936595,0.5328033928871154,-0.5534995594352483,0.0220621842890977,-0.0574570409953594,-0.396954208612442,0.6672796678721904,-0.1741910302579402,4.667678507304191,-2.184680461883545,-1.7710835933685305,-0.7115678191184998
1774471303214308600,61.35130859375,-0.0874801305323839,0.3326706966429948,-0.1058019691646099,-0.2364611476659774,-0.0747467502951622,0.4523203372955322,0.1695174854889512,0.3134451871693134,-0.9521090014100074,-0.0251442100852727,0.0463607013225555,-0.4527021646499634,1.051805639436841,-0.2314274136960506,4.908092360532284,-2.4403233528137207,-1.8652167320251465,-0.7423430681228638
1774471303224335400,61.36133544921875,-0.0181155024051666,0.2467868588587269,-0.0848760855138301,-0.235920250415802,-0.0637835785746574,0.4552388787269592,-0.0204126734316349,0.3801473180890083,-0.9736310973882676,-0.1282242536544799,0.16262286901474,-0.4943153858184814,1.002556163099408,-0.2413169395476579,5.25717117114067,-2.689368724822998,-1.8711751699447632,-0.7367106676101685
1774471303234363400,61.37136328125,0.0289312031909823,0.2004130840880796,-0.045666357153654,-0.2347112596035003,-0.0514321327209472,0.4565034210681915,-0.4256152300611138,-0.5134504576414823,-0.8123147462725638,-0.2291740179061889,0.2455337196588516,-0.5175133347511292,0.9116606711655856,-0.3672685472935438,5.572818836790323,-2.935136318206787,-1.8918756246566768,-0.7186310291290283
1774471303244390400,61.38139038085937,0.0222337513789534,0.1919503396365791,0.0234732300460338,-0.2296062409877777,-0.0500326417386531,0.453773945569992,-0.3024164281547069,-1.003611809632182,-0.9102689245462418,-0.3708851039409637,0.3212753534317016,-0.5727238059043884,1.2400287021785974,-0.4345253894865513,5.652455852606892,-3.165270566940308,-1.8963836431503296,-0.7182358503341675
1774471303254417400,61.39141748046875,-0.0412038247868418,0.1956208813754841,0.1060848777592182,-0.2294046282768249,-0.0445122495293617,0.4440230429172516,-0.2543517776876688,-0.8775462201178074,-0.4117933331966399,-0.4840521216392517,0.3685775697231293,-0.6456819176673889,1.32831313483119,-0.5433236178576946,5.728838250541687,-3.409801483154297,-1.917386054992676,-0.7309287190437317
1774471303264444400,61.4014443359375,-0.1151513967901468,0.1525612726541236,0.1918248866260051,-0.2332933694124221,-0.0295668561011552,0.4258123636245727,-0.3628586218968033,-1.0935399178385734,-0.1337777713268995,-0.5966628193855286,0.3768804967403412,-0.7472050786018372,1.5013433046162128,-0.7220856092929839,5.787045524838566,-3.657708168029785,-1.986752986907959,-0.763533890247345
1774471303274471400,61.41147143554687,-0.1789075373858213,0.0551989958589896,0.2177478479117155,-0.2344322651624679,-0.0120985601097345,0.4125186502933502,-0.6577496229827403,-1.3850322163969278,-0.2257575513660907,-0.7505452632904053,0.3943930566310882,-0.8687711954116821,1.670842377665639,-0.9128507577329874,5.823652377223969,-3.918994188308716,-2.0125620365142822,-0.7987991571426392
1774471303284499500,61.42149951171875,-0.2550938282266259,-0.0521500566171482,0.1803027911365032,-0.2356128394603729,-0.0058230869472026,0.3936663866043091,-0.919630627131462,-1.632186191534996,-0.2740396439760923,-0.8983187079429626,0.4104948043823242,-0.957244873046875,1.5271492153935131,-1.4449667528778314,5.714066797867417,-4.192784309387207,-1.9597805738449097,-0.8376204967498779
1774471303294526500,61.4315263671875,-0.330710210224986,-0.1029683531738817,0.0710638332605361,-0.2300882041454315,0.0041470024734735,0.3883993923664093,-0.8841738215640187,-2.343924009814858,-0.1376648418933153,-1.042050838470459,0.4085587561130523,-1.0553380250930786,1.4765553387098014,-1.9654770659029484,5.6382940562635655,-4.4405598640441895,-1.8240762948989868,-0.8345118165016174
1774471303304553500,61.44155346679688,-0.355869201400876,-0.1017426473038271,-0.074072367426753,-0.2175644189119339,0.0091260485351085,0.3832182288169861,-0.4383516697764396,-2.683290404704213,0.2284615496277809,-1.1657052040100098,0.3530358374118805,-1.2023597955703735,1.0875058983713388,-1.9561703083753583,5.628598007157445,-4.683644771575928,-1.6674078702926636,-0.7855653762817383
1774471303314580500,61.45158056640625,-0.3658119187444448,-0.0603045388370752,-0.2201870577573776,-0.204375758767128,0.0057557122781872,0.3873949944972992,-0.3379883845344185,-2.754198170620203,0.4963397483646869,-1.3261929750442505,0.287362664937973,-1.3817386627197266,1.166943592223525,-2.078842163798213,5.463715487992763,-4.91111946105957,-1.5371620655059814,-0.731036901473999
1774471303324608300,61.46160815429688,-0.3883718333378434,0.0247856278188526,-0.3341694107681512,-0.1896988004446029,-0.0071840547025203,0.3883159160614013,-0.2242456854984164,-2.839478745281696,0.5325538020402193,-1.495603084564209,0.1877431273460388,-1.5822981595993042,1.3414577169559896,-2.23341956204772,5.407887802308798,-5.116560459136963,-1.3885515928268433,-0.6859926581382751
1774471303334635500,61.47163549804687,-0.3686588326081633,0.1373463870612904,-0.4176970042824744,-0.1777426302433014,-0.0129756154492497,0.3897795677185058,0.1825368337988853,-2.8309195912510154,0.5154080214500427,-1.657655954360962,0.0442801229655742,-1.7864000797271729,1.2703000679321583,-2.4764415519475937,5.336157029572129,-5.306309223175049,-1.2598797082901,-0.6498340964317322
1774471303344662500,61.48166259765625,-0.3417617655932903,0.2719832229029387,-0.4843909518957138,-0.1619391739368438,-0.0143636548891663,0.3966230750083923,0.5369089285098015,-2.7824048589289188,0.3995627971768379,-1.773385524749756,-0.1010547056794166,-1.9899872541427608,1.4199550612181424,-2.658543501460552,5.193982601299882,-5.464931488037109,-1.1872565746307373,-0.6306678652763367
1774471303354689300,61.491689208984376,-0.286576761727035,0.4169540038954466,-0.573073443955183,-0.1515440046787262,-0.0025818850845098,0.4075168073177337,0.422353013394773,-2.861823848080635,0.2412093875199556,-1.8522566556930544,-0.2070668339729309,-2.1850838661193848,1.394289874085784,-2.800836003154516,5.273219804143905,-5.5823469161987305,-1.0361578464508057,-0.5962851047515869
1774471303364716300,61.50171630859375,-0.2326739066258072,0.5399867285199463,-0.6865349879622459,-0.140798419713974,0.0033364575356245,0.4091983139514923,0.1642341382585465,-2.7732623520523307,-0.0488180991828441,-1.9430397748947144,-0.2346388101577758,-2.32695746421814,1.0432466315366329,-3.052755000737309,5.107790757012367,-5.684675693511963,-0.8499574661254883,-0.5477179884910583
1774471303374744300,61.51174438476563,-0.1999281135827302,0.640635114313662,-0.7364134098529815,-0.1411311626434326,0.0178808011114597,0.4086174666881561,-0.1407353353798389,-2.757247621318698,-0.325118966089189,-2.057003259658813,-0.2375204712152481,-2.398344278335572,0.8729746744185686,-3.081767452470958,4.442711814054847,-5.808428287506104,-0.5702376365661621,-0.4970633387565613
1774471303384771300,61.52177124023437,-0.1567588339418172,0.7104929327853023,-0.7350695940285921,-0.1497294455766677,0.0292213410139083,0.402309775352478,-0.4866752634406089,-2.744194078478217,-0.4702142502442002,-2.1766886711120605,-0.1819754540920257,-2.4153406620025635,0.4671978250324726,-3.144028093811869,4.012489090198279,-5.927095890045166,-0.3587612211704254,-0.4368780553340912
1774471303394798600,61.531798583984376,-0.1180178921371698,0.719621484201774,-0.6452420235872268,-0.1629489660263061,0.0306277554482221,0.3910073041915893,-0.8497720780074596,-2.871678887140751,-0.4715954754695296,-2.300916910171509,-0.1298579424619674,-2.422642707824707,0.4654185404002666,-3.100328945077956,3.995676487085223,-6.006924152374268,-0.2546435892581939,-0.4124094545841217
1774471303404825300,61.54182543945313,-0.0927040026605129,0.6744982209488749,-0.4967921683073043,-0.1775659918785095,0.0299174897372722,0.3734496235847473,-1.0474047741293906,-2.879499205502868,-0.5262547018960118,-2.4127674102783203,-0.0633071437478065,-2.411838293075561,0.4421937321573496,-2.902898493529856,4.370265002003312,-5.995213985443115,-0.0884172320365905,-0.3969170153141022
1774471303414853400,61.551853271484376,-0.0854728823632001,0.5491968207400292,-0.3055015346884727,-0.1899141520261764,0.0306031107902526,0.3503028750419616,-1.0548995868641882,-2.7685592889279125,-0.5751885364130139,-2.4896950721740723,-0.0378003530204296,-2.387103319168091,0.0661538493871688,-2.998453501707316,4.769963408258557,-5.956597328186035,0.0253594033420085,-0.3637180626392364
1774471303424880400,61.56188037109375,-0.1049929908692836,0.3962169938802719,-0.0895627820253372,-0.1990171074867248,0.029539443552494,0.3332932889461517,-0.8881202941674738,-2.8415888693034645,-0.5812818848520517,-2.5637400150299072,-0.0160186272114515,-2.34893536567688,-0.047147243361175,-3.385588194465637,4.729399342679977,-5.88246488571167,0.2061553746461868,-0.2834815084934234
1774471303434907400,61.57190747070312,-0.0854734668850898,0.2601009157989174,0.1298041915208101,-0.202836737036705,0.0260309278964996,0.3173950612545013,-0.7568962259113788,-2.856729739812016,-0.6392188177749514,-2.644254684448242,0.0109754782170057,-2.31021499633789,-1.167042668683827,-3.949407487863302,2.337707034996152,-5.874354362487793,1.4424657821655271,0.1165184527635574
1774471303444934400,61.58193432617188,-0.0819780259847641,0.1074578466128557,0.3409486956447363,-0.204238086938858,0.014604102820158,0.3001407086849212,-0.4787421323537826,-3.006124182465672,-0.6076072894588113,-2.71606969833374,0.0305728819221258,-2.274263620376587,-1.5237250861637293,-3.611781506900489,2.236893960160017,-5.8189802169799805,1.8040164709091189,0.4045473933219909
1774471303454961400,61.59196142578125,-0.0893856718927621,-0.0203997408848255,0.496382418462634,-0.1991423368453979,0.0073295123875141,0.2787027359008789,-0.3613157763689756,-3.0752859814971685,-0.6371008027076721,-2.798973560333252,0.0547320321202278,-2.250806331634521,-1.557421750190854,-3.2156673888728022,2.868915267646313,-5.790012836456299,2.072549343109131,0.5650539994239807
1774471303464989400,61.60198950195313,-0.1014744613543152,-0.0746452719438821,0.5688298150360583,-0.1878308355808258,0.0089130280539393,0.2529595494270324,-0.514985996645689,-3.036771249663829,-0.9415265248581768,-2.899792432785034,0.092224009335041,-2.2476327419281006,-0.8755144220292568,-3.564143557412922,2.1727526196390388,-5.7656025886535645,2.075016975402832,0.7482042908668518
1774471303475016400,61.61201635742187,-0.1241255613625049,-0.0849118144143372,0.54805064637959,-0.1682864874601364,0.0302453786134719,0.2224951833486557,-0.5912537917574867,-2.845644866696,-1.3631734358102083,-2.993367910385132,0.1597537845373153,-2.2497777938842773,-0.9262953457176684,-3.767121121694147,2.2494237713873386,-5.738284587860107,1.99715256690979,0.8912922143936157
1774471303485043200,61.622043212890624,-0.1234527766674757,-0.0706353421827778,0.441776968050003,-0.1390226036310196,0.0608946345746517,0.1913660317659378,-0.4628566540230065,-2.4581255585342645,-1.6037120844617485,-3.06351637840271,0.2137816101312637,-2.2525382041931152,-1.124234915831685,-3.920701617860794,2.47107739456594,-5.609292984008789,1.9651236534118648,0.9917253255844116
1774471303495070500,61.63207055664063,-0.1849324967637658,-0.0386917689006775,0.2619692669540643,-0.1111115515232086,0.081649549305439,0.1475556194782257,-0.2636591197371483,-1.936611036902666,-1.831596418723464,-3.1408181190490723,0.2756703794002533,-2.2661008834838867,-1.1006786836773157,-4.440757757377624,2.1321435458749534,-5.439846038818359,1.8108824491500848,1.0575681924819946
1774471303505098200,61.64209814453125,-0.31125089199543,-0.0680609981827437,0.0478285036236047,-0.0807613730430603,0.0903788581490516,0.0939113050699234,-0.2168612743355333,-1.4211960011899472,-2.0182253441415727,-3.2190260887146,0.3330625593662262,-2.2832963466644287,-1.3963088126927614,-4.677539683844149,1.5859019947439432,-5.176891326904297,1.8270469903945925,1.122779369354248
1774471303515125500,61.65212548828125,-0.4474687499508261,-0.1918662415497005,-0.1438116740852594,-0.0484631620347499,0.0836589932441711,0.0363999605178833,-0.2716366744875907,-0.8614455646663903,-2.072255917275697,-3.282172918319702,0.3693991601467132,-2.320728063583374,-1.6297057728961108,-4.995200735142827,0.7017746426701545,-5.032993316650391,1.913967847824097,1.1331827640533447
1774471303525152500,61.662152587890624,-0.5634244488611817,-0.3769806342190131,-0.2616869428813457,-0.0144231710582971,0.0701961815357208,-0.0280045960098505,-0.2526917355209588,-0.3369944050610065,-2.122678529045731,-3.31300687789917,0.4270406067371368,-2.3608341217041016,-2.396291910433769,-5.591731627053022,-0.1663011537909507,-4.922905921936035,2.1166279315948486,1.216929912567139
1774471303535179300,61.67217919921875,-0.6497054327368735,-0.6343162134904414,-0.330357743525505,0.0207460708916187,0.0539302416145801,-0.0960819944739341,-0.3633063656643033,-0.0365863941192626,-2.140982101368904,-3.318695068359375,0.4440070688724518,-2.372486114501953,-3.496099656495452,-5.711939138188958,-0.6974409973800182,-4.878984451293945,2.3865346908569336,1.315683364868164
1774471303545206300,61.68220629882813,-0.654896863900125,-0.9293171777568756,-0.3836369137704372,0.0568585358560085,0.025923378765583,-0.1605057269334793,-0.2329021624237298,0.198257550022006,-2.0857415679231286,-3.317346811294556,0.461883008480072,-2.358820676803589,-3.845570096769929,-5.546435856777429,-0.6860328836590052,-4.701758861541748,2.556596040725708,1.4305559396743774
1774471303555234600,61.69223461914063,-0.6368064959362149,-1.2482777673467993,-0.3700888654112815,0.0883899256587028,-0.034723475575447,-0.2110892683267593,0.0142795775040984,0.3889817819297313,-2.051824246882647,-3.3039345741271973,0.4283255040645599,-2.3409745693206787,-3.759288236111402,-5.443413873720169,-0.6448083083450794,-4.486453533172607,2.421823740005493,1.515225529670715
1774471303565261300,61.70226123046875,-0.5916612400472164,-1.5245992386497556,-0.2938584431678056,0.1248057261109352,-0.0995733141899108,-0.2408317178487777,0.2341241054341196,0.1808615940630435,-1.9430492532566188,-3.286898136138916,0.3401884436607361,-2.352928638458252,-3.33136735945642,-5.886381512859463,-0.8031529501736163,-4.280786514282227,2.257275104522705,1.5542134046554563
1774471303575288300,61.71228833007813,-0.5339022940397262,-1.6175706600748,-0.1754997747689485,0.1481004953384399,-0.171245202422142,-0.2540177404880523,0.1594528953313827,-0.2064484552621841,-2.003928084850312,-3.2585225105285645,0.2757250666618347,-2.38394832611084,-3.357846201059222,-6.129876965489983,-0.7358353177040815,-4.168747425079346,2.3006553649902344,1.649991512298584
1774471303585315600,61.72231567382813,-0.4811579613238573,-1.4732869845636187,-0.0248608850121498,0.1653399318456649,-0.2399126887321472,-0.2442705929279327,0.0761906747549772,-0.6559259146869182,-2.2868638597264885,-3.2184362411499023,0.2204261124134063,-2.45319938659668,-3.965252122727036,-6.095601770922541,-0.5235626863330602,-4.139924049377441,2.2702603340148926,1.7193983793258667
1774471303595343400,61.73234326171875,-0.4069973310917615,-1.0903376146659254,0.2675076118588447,0.1572914123535156,-0.3148972690105438,-0.2332234233617782,0.2393202127724885,-0.9001648791611194,-2.404615502142906,-3.128661870956421,0.1800204217433929,-2.577489852905273,-3.5565836435526608,-5.312005754134058,-0.3727893565416336,-4.046786308288574,1.9430707693099976,1.762487769126892
1774471303605370600,61.74237060546875,-0.3919248496443033,-0.6188917768001556,0.6793979756891727,0.1416309475898742,-0.3448096215724945,-0.2096965163946151,0.5826563880756497,-0.7084639111757278,-2.2145133476562795,-2.983337640762329,0.1500169932842254,-2.7208011150360107,-3.8196991579324,-4.82421054675281,0.5384527969509363,-3.844213962554932,1.62511944770813,1.7925236225128174
1774471303615397400,61.7523974609375,-0.3150046915709972,-0.1648892046337947,1.0079805262356996,0.1316146850585937,-0.3371771275997162,-0.1750656962394714,0.949651671385765,-0.274394448763132,-2.1456080076038835,-2.786534786224365,0.1032161340117454,-2.833578109741211,-3.185764710301161,-4.913123924958706,0.5912304474145174,-3.636794328689575,1.27999746799469,1.8149194717407229
1774471303625424400,61.76242431640625,-0.1962239983677864,0.2634839093007147,1.162342820429802,0.1067388877272605,-0.3513824045658111,-0.1406121253967285,1.1910124500751496,0.5046621710300445,-1.9533616806954144,-2.5226869583129883,0.0601443015038967,-2.916261672973633,-3.193068895834684,-4.874251465728879,-0.7978922531664371,-3.3441286087036133,1.2408522367477417,1.9333441257476809
1774471303635451400,61.77245141601563,-0.1257557929128408,0.7106340948216616,1.3124749297082423,0.0764019265770912,-0.3233915269374847,-0.1047257855534553,1.3988172883823513,1.408488495308161,-1.6071154631644486,-2.208343267440796,0.0427178293466568,-2.965421676635742,-3.241404179936647,-4.5959611785709855,-2.7573949208348987,-3.230708122253418,1.3114955425262451,2.0484652519226074
1774471303645479400,61.7824794921875,0.0199935712367296,1.0588687096908689,1.323380354604125,0.0490011945366859,-0.266438215970993,-0.0614177286624908,1.468397312825918,2.225561249762773,-1.6674492280960085,-1.9194880723953247,0.0669453963637352,-2.976020336151123,-2.4994161848217247,-5.460786448803543,-3.757507782435417,-3.209165096282959,1.3584250211715698,2.1095001697540283
1774471303655506400,61.79250634765625,0.2240630224078893,1.253188920263946,1.1806687507152556,0.0189146883785724,-0.2274092137813568,-0.0125962998718023,1.1663806976437567,2.7426901036560536,-1.7257856817305086,-1.657923460006714,0.1941857039928436,-2.929840087890625,-2.3459411948561666,-5.516864309856295,-3.5904654548883435,-3.1777710914611816,1.3131449222564695,2.1311538219451904
1774471303665533200,61.802533203125,0.3463634141698479,1.3488532340347763,0.9709756144434212,3.04805580526e-05,-0.2192415595054626,0.0503563024103641,0.5488824210286141,2.813783163011074,-1.8829501738637684,-1.4377529621124268,0.4214130043983459,-2.8248419761657715,-1.5844488733261823,-5.298375288188457,-2.021491214069724,-3.055215835571289,1.0701065063476562,2.043308019638061
1774471303675560400,61.812560546875,0.3736895202517509,1.3841675623916088,0.7269564301997423,0.0100275762379169,-0.2262320220470428,0.1060344278812408,-0.0092553196012973,2.6848990089446305,-2.2288512312188744,-1.2579104900360107,0.6899187564849854,-2.687376976013184,-0.9208569540560244,-4.740819146838784,-0.4924310504883527,-2.8472278118133545,0.7585188150405884,1.873003602027893
1774471303685588500,61.82258837890625,0.2449444823950529,1.377362996943295,0.313393749243021,0.01274533290416,-0.2129742801189422,0.1327467262744903,-0.415862774592638,2.7386592407047745,-2.321619531287253,-1.0687121152877808,0.9092777371406556,-2.523544788360596,-0.9007219285219908,-4.947577983224392,0.7209975217953324,-2.598780393600464,0.366171658039093,1.6660984754562378
1774471303695615200,61.832615234375,0.2261316453754902,1.5805930746808647,0.0968359878987073,-0.0107640363276004,-0.2298602610826492,0.1755575686693191,-0.5233510894089937,2.8612708903729915,-2.3016584010154006,-0.8687118291854858,1.0606284141540527,-2.362440586090088,-0.6166589031815528,-4.986593065795302,1.0780953882083295,-2.3884060382843018,-0.0302110873162746,1.4069228172302246
1774471303705642500,61.842642578125,0.2835375401616096,1.544878641090542,0.0193570268988609,-0.0405461639165878,-0.2286882102489471,0.2071993798017501,-0.5999345628738403,2.8170687605530023,-2.272831827242672,-0.6757434606552124,1.231330633163452,-2.186016321182251,-0.3172526166282594,-5.048861013659835,0.9130544636115432,-2.199660539627075,-0.4519383311271667,1.1292423009872437
1774471303715669500,61.85266943359375,0.319331907120347,1.2846750686347483,-0.2717956644415855,-0.0667447969317436,-0.1513444632291793,0.2129219621419906,-0.217303026753664,2.553310856616497,-2.231609005494416,-0.5334925651550293,1.3999881744384766,-2.030222654342652,-0.2475127254478633,-5.595027161467075,0.7900342331424355,-2.097306489944458,-0.8250903487205505,0.9202876687049866
1774471303725696300,61.8626962890625,0.3512397880345583,1.0889948217548429,-0.7473685191094875,-0.1282992362976074,-0.0459908694028854,0.2103621363639831,0.4307236591160297,1.989008163616061,-1.9749735007837408,-0.4099285304546356,1.4194148778915403,-1.90179455280304,-0.0457961210131645,-5.304314030587673,0.260144097353518,-2.082989454269409,-1.0241559743881226,0.7311347126960754
1774471303735724500,61.872724609375,0.4041501249670982,0.9466444523938,-1.0524071124613283,-0.2263447940349578,0.0337493866682052,0.2095872610807418,0.7566279303640127,0.8855553390502929,-1.0220783174321055,-0.3522140383720398,1.357285737991333,-1.8590612411499023,-0.3208281370274722,-5.15556548462212,0.1047244030609726,-2.071812391281128,-1.172646403312683,0.6124434471130371
1774471303745751300,61.88275122070313,0.3774187699079513,0.6850979408964515,-1.012666053703427,-0.3213975429534912,0.0896443426609039,0.2095515727996826,0.8335100945144891,0.7623720269739628,-1.1235811280980703,-0.3003396391868591,1.279572606086731,-1.8438135385513303,-0.473414799851179,-5.104623232892156,-0.1079167693614959,-2.027494430541992,-1.3424330949783323,0.5119171738624573
1774471303755778300,61.8927783203125,0.3126005530387163,0.1109665123209357,-0.9001496815919876,-0.3843195736408233,0.1156950443983078,0.2151049375534057,1.437031868225336,-0.0341179581791162,-1.0371525524452327,-0.266385406255722,1.1602823734283447,-1.8766721487045288,-0.7510299642264843,-4.612656292784214,0.2065925399079918,-1.9196597337722776,-1.5849865674972534,0.3601332902908325
1774471303765805600,61.9028056640625,0.2029454155772924,-0.3370361253108829,-0.9768021286398172,-0.3996769785881042,0.1312380582094192,0.2067620605230331,1.8790034820646049,-0.6974860055655241,-1.3161466039583083,-0.2009504735469818,0.9997144341468812,-1.928901553153992,-0.4851454235248267,-4.5500376317858695,0.6904024770453572,-1.715222954750061,-1.6942901611328125,0.253624826669693
1774471303775833300,61.91283325195312,0.0670791475385427,-0.5204179585665464,-1.2278168708592652,-0.3870637714862823,0.1511794924736023,0.1797661185264587,2.301936048913002,-0.6693757633686065,-1.261215867114067,-0.0487857423722744,0.8335775136947632,-1.9912999868392944,-1.0994383282274007,-3.7738317252486944,0.5679828428179026,-1.5587358474731443,-1.6231694221496582,0.0694118365645408
1774471303785860400,61.9228603515625,-0.0374047247648239,-0.6102578039675951,-1.413661514031887,-0.3700557351112366,0.159045934677124,0.1468009799718856,2.4698545747727154,-0.110393388608098,-1.1288076305747032,0.1543143838644027,0.7468897700309753,-2.033604860305786,-0.6861340059459209,-4.695063942357898,-0.4125295385167002,-1.44370436668396,-2.0649993419647217,-0.2505956590175628
1774471303795887400,61.93288745117187,0.0388935020178556,-0.5998339885761961,-1.4396265608936547,-0.3293414115905761,0.1609812378883361,0.0947719290852546,2.187194986489415,0.4510971695810556,-1.289148122395575,0.32405886054039,0.75208580493927,-2.020484209060669,-0.0677142305716872,-5.815631567853689,-0.4036155796989798,-1.279515504837036,-2.2388176918029785,-0.5414823889732361
1774471303805914400,61.942914306640624,0.0717307727366685,-0.4994118127537891,-1.41941847012341,-0.2710970044136047,0.177112266421318,0.0358998216688632,1.7914543779492378,0.9947148019492624,-1.8278677535891528,0.4169589579105377,0.8570822477340698,-1.9634053707122805,-1.1960609656363723,-5.389322802570462,-0.7797928251132369,-1.131516695022583,-1.803131937980652,-0.633280336856842
1774471303815941400,61.95294140625,-0.0021603929042816,-0.3981467198338359,-1.3294324942499398,-0.1909357160329818,0.2078155577182769,-0.0228269137442111,1.3569927013486622,1.3640735995203257,-2.730437355804443,0.4477459192276001,1.003171443939209,-1.8583284616470337,-1.7909112109832463,-5.81693505166769,-1.7771610641807316,-1.0385154485702517,-1.7476284503936768,-0.8404215574264526
1774471303825969400,61.96296948242188,-0.1011398225724697,-0.344023061588779,-1.0916951667547226,-0.0978670343756675,0.2261149436235427,-0.090609960258007,0.9925532400012016,1.5229501562684773,-3.313688494902849,0.5006893277168274,1.165966272354126,-1.7064508199691772,-1.3300963649861517,-6.202000536936521,-2.697110548003017,-0.9565494656562804,-1.6528505086898804,-0.987136721611023
1774471303835996400,61.97299633789063,-0.2038967249527573,-0.4408043236255645,-0.7967331462591886,0.0128382770344614,0.2280989438295364,-0.1582003235816955,1.1038462077975273,1.5208008692800998,-3.564257831442356,0.5896349549293518,1.315815806388855,-1.5477763414382937,-1.8295302799738944,-5.770525767192244,-2.9429250912308693,-0.8234076499938965,-1.5078202486038208,-1.1170642375946045
1774471303846023400,61.9830234375,-0.2807651528388261,-0.670106854122132,-0.5186123704493045,0.1329772025346756,0.2302686274051666,-0.2332327663898468,1.4853174679666756,1.4100234497904778,-3.5124355820074675,0.6979901790618896,1.4069116115570068,-1.4015454053878784,-2.2555156585216523,-5.265272644531726,-2.839234999653697,-0.6507934331893921,-1.515134572982788,-1.2477033138275146
1774471303856050400,61.993050537109376,-0.293525850212574,-0.9220994283977896,-0.3064116352707147,0.2565298080444336,0.221324473619461,-0.3171258866786957,1.7270540942311283,1.2712959471017122,-3.1575588987752794,0.8130444288253784,1.3980311155319214,-1.2665430307388306,-2.2037796260654927,-4.654631394204497,-2.7326468485474584,-0.4231876730918884,-1.5304347276687622,-1.380795121192932
1774471303866078500,62.003078369140624,-0.2238867890581488,-1.1202814289655536,-0.2353518936634063,0.3762282431125641,0.2280686646699905,-0.4005185067653656,2.079430777341128,1.4162731578350067,-2.594497438007593,0.9182246327400208,1.3092082738876345,-1.1678545475006104,-3.053841042408347,-3.9454526127576814,-2.921478106315434,-0.2655502259731293,-1.5283262729644775,-1.4620981216430664
1774471303876105200,62.013105224609376,-0.1225356618225574,-1.2637939009085295,-0.2790098336040973,0.4708494246006012,0.2427103817462921,-0.4860245585441589,2.2503882325053213,1.8620675448328257,-2.2870725340411067,0.974108099937439,1.206733465194702,-1.0890201330184937,-3.974611487224698,-3.3331419679135084,-3.561590658059716,-0.160271480679512,-1.3653026819229126,-1.5138731002807615
1774471303886132500,62.02313256835937,-0.0618552754104137,-1.3618201215051111,-0.3640373102873563,0.5311478972434998,0.2422323375940323,-0.5717644691467285,1.862109045886993,2.449799044215679,-2.025553348942101,0.9942895770072936,1.1513041257858276,-1.004172921180725,-4.201739742422103,-3.285850639906525,-3.4784278062045573,-0.0595988146960735,-1.199810266494751,-1.6028289794921875
1774471303896159500,62.03315942382813,-0.0769622436493635,-1.4100154126144946,-0.4015215300291776,0.5666329264640808,0.2195538580417633,-0.6525295376777649,1.348169927945733,3.106797556570172,-1.963207951927185,0.993213713169098,1.158829927444458,-0.91488915681839,-4.182914045920968,-3.2254221824288365,-3.356279682394862,0.0445709973573684,-1.204372525215149,-1.7441010475158691
1774471303906186200,62.04318627929688,-0.1873302055552601,-1.4676301278457045,-0.4131494239807128,0.5727997422218323,0.1830349862575531,-0.7323125600814819,0.6944020680755376,3.785096046584844,-1.686659247739613,1.0302854776382446,1.219569206237793,-0.8107824921607971,-4.2668280084043735,-3.231525760000944,-3.268100463682413,0.187977984547615,-1.1799030303955078,-1.918303608894348
1774471303916214500,62.053214599609376,-0.3877899417966604,-1.5416656703934073,-0.5203279421955347,0.5773422718048096,0.1343965977430343,-0.8004891872406006,0.0105319154083728,4.320492963096499,-1.510973595009744,1.073075294494629,1.3385443687438965,-0.7072917819023132,-4.289019381946325,-2.9710856023103,-2.926999792346358,0.3764858543872833,-1.2666858434677124,-2.156200647354126
1774471303926241300,62.0632412109375,-0.5258826537132263,-1.6005457293853165,-0.8231155417501926,0.5769369006156921,0.06941519677639,-0.865157961845398,-0.1741419304192066,4.549460124158859,-1.581575363716483,1.1229286193847656,1.4962223768234253,-0.6139490604400635,-4.336376176404952,-1.97220608189702,-2.929827709248662,0.5445243716239929,-1.4082502126693726,-2.412978172302246
1774471303936268300,62.07326831054687,-0.4761933246538042,-1.50888305247128,-1.338292677053809,0.589719831943512,0.0201365202665328,-0.9058075547218324,-0.6242576877474785,4.526375016647577,-1.3415209914505482,1.2138842344284058,1.6381114721298218,-0.4940762221813202,-4.465174405753612,-0.7074170324712992,-3.226315916398168,0.7230307459831238,-1.5196475982666016,-2.6637892723083496
1774471303946295600,62.08329565429688,-0.2668985400497913,-1.25863154970929,-2.0835200924813746,0.6203837394714355,-0.033548280596733,-0.9130947589874268,-1.2149708332896232,4.364887985140085,-1.0222478287801149,1.323990821838379,1.7599068880081177,-0.3473208546638489,-4.545575391680002,1.0567033483505248,-3.438809789304435,0.9171572923660278,-1.7232191562652588,-2.8669676780700684
1774471303956326400,62.09332641601563,0.0489683213084936,-0.9179405551526696,-2.930127568978071,0.6630020141601562,-0.0648436769843101,-0.8887731432914734,-1.7960078034698963,4.204343787440657,-0.5565630386590957,1.4630959033966064,1.841610550880432,-0.1512830108404159,-4.945625680112839,3.2610528832584618,-4.124248214201629,1.0600916147232056,-1.7714297771453855,-2.917468547821045
1774471303966353400,62.103353515625,0.3813935187578201,-0.4761960280675441,-3.7265287068039177,0.7178892493247986,-0.0753644928336143,-0.8316975831985474,-2.8629607431560755,3.983896617442369,0.0473360439315438,1.5778839588165283,1.8824286460876465,0.1147816926240921,-5.590058725404739,5.373116933178902,-4.792619476702809,1.2023532390594482,-1.7292343378067017,-2.8117709159851074
1774471303976380700,62.11338061523438,0.6687172994598746,-0.0311358370957896,-4.411588946038484,0.7876936197280884,-0.0620215982198715,-0.7497518062591553,-3.854532570904493,3.940685836747289,0.282326410806179,1.6431748867034912,2.0108346939086914,0.4135235548019409,-6.276814662641287,7.26334089743793,-5.107421923699975,1.3230650424957275,-1.6677976846694946,-2.608227491378784
1774471303986407400,62.12340747070313,0.9222674053758382,0.2937884101388975,-4.93014461786449,0.8492767810821533,-0.0380960255861282,-0.6592530608177185,-4.325924925017357,3.769672267481684,0.5253709047988057,1.658284068107605,2.2052195072174072,0.6756324172019958,-6.285210735064744,8.658786955821514,-4.439317203180492,1.4696946144104004,-1.477932691574097,-2.3983712196350098
1774471303996434400,62.13343432617187,1.055785356722772,0.530649283593148,-5.175832027581333,0.8975624442100525,-0.039777997881174,-0.5826033353805542,-4.33785384774208,3.386819197565317,0.7232502691581845,1.638910174369812,2.463669776916504,0.8199693560600281,-6.954574807995558,9.943907430136203,-3.556273262429237,1.6110302209854126,-1.43098247051239,-2.1635141372680664
1774471304006462500,62.14346240234375,0.9714046535104512,0.7115591737773269,-5.025027133607864,0.9175270795822144,-0.0799603015184402,-0.5146277546882629,-4.586445746728778,3.031727994799614,1.506100728276372,1.6180464029312134,2.7173290252685547,0.8523831963539124,-8.24789612442255,10.44761683048606,-2.3314020896330474,1.8146263360977173,-1.36999773979187,-1.9495829343795776
1774471304016489500,62.153489501953125,0.6274053381234407,0.7761854482710361,-4.363427264937759,0.9228362441062928,-0.1329130679368972,-0.4921000003814697,-5.564987412512302,2.6150164944231507,2.50582254473269,1.567657470703125,2.942140579223633,0.7702538371086121,-8.172891444581747,10.781484043437242,-0.98428488561064,2.038243770599365,-1.3789739608764648,-1.8589462041854856
1774471304026516500,62.1635166015625,-0.0567719807967543,0.8191877007819711,-3.326672479638457,0.8913446664810181,-0.1887486279010772,-0.5126622319221497,-6.507933448779583,2.135755306631326,3.521757829365134,1.49153733253479,3.1377153396606445,0.5979803800582886,-7.7161366876304145,10.916108786982296,-0.8767758202672005,2.222215414047241,-1.5476608276367188,-1.900895357131958
1774471304036543500,62.17354345703125,-0.8984060527950525,0.8686555691104382,-2.066148101919889,0.8179839253425598,-0.2003840059041977,-0.6028485894203186,-7.503195947739481,1.622729211881757,4.651143552088738,1.4033869504928589,3.189023733139038,0.4285747408866882,-7.413145089936256,11.059494344609975,-0.6142986037909984,2.410794734954834,-1.6642225980758667,-1.983987808227539
1774471304046571500,62.18357153320313,-1.4876473722189665,0.8672128960214555,-0.4437906459599733,0.6921085715293884,-0.1361666768789291,-0.7331117987632751,-8.321911208704114,1.2506231614291667,5.571185098108649,1.3360882997512815,3.178377866744995,0.2122091203927993,-7.165962473225593,11.345025104415416,-0.1150999588638544,2.597303628921509,-1.6732255220413208,-2.0913569927215576
1774471304056598500,62.1935986328125,-1.4315259642854332,0.7713937570150942,1.5134142661601304,0.6011371612548828,-0.1095337942242622,-0.868739902973175,-8.779101434463263,0.5953916587471961,6.425801109015941,1.3705849647521973,3.1564829349517822,-0.0721081420779228,-7.613949401831626,11.552827312374117,0.53481853210181,2.7475838661193848,-1.7773253917694092,-2.140732526779175
1774471304066625500,62.20362548828125,-1.0910369951069354,0.4376534949118271,2.7953543568730352,0.6376336216926575,-0.0885528773069381,-1.0079153776168823,-9.239931478029488,-0.6365203724712133,6.721587305375933,1.4517810344696045,3.057458877563477,-0.4045177698135376,-7.419164496356249,11.59047402920127,0.8079641498476267,2.7803304195404053,-1.712673306465149,-2.1705923080444336
1774471304076652500,62.21365258789063,-0.9849942029237748,-0.3121112716844305,2.9591426510602235,0.6599056124687195,0.0587053373456001,-1.0589580535888672,-9.88769980522394,-1.8109721483677623,6.384053971132635,1.543541669845581,2.988960027694702,-0.6945641040802002,-6.183022280222177,11.2541179220438,1.4792299647465348,2.90334701538086,-1.5731137990951538,-2.148895263671875
1774471304086679600,62.22367944335937,-0.4207818185552954,-1.1285489065732806,3.8611201326012607,0.5878631472587585,0.0781978145241737,-1.106113314628601,-10.635597901165484,-2.159761036118865,6.411002183812856,1.648048996925354,3.0087344646453857,-0.8902481198310852,-4.728454755306244,10.9635123431921,2.678198050001264,3.153173446655273,-1.5863865613937378,-2.1214025020599365
1774471304096707600,62.23370751953125,-1.124078556226194,-1.8913490227662024,5.9950312726706265,0.5299826860427856,-0.1579713076353073,-1.2109862565994265,-11.08574288458824,-2.0773580627202985,6.825984668439626,1.7081243991851809,3.1204380989074707,-0.9427245259284972,-2.925184559617936,10.919448745059968,3.0625685387432573,3.505260705947876,-1.7300691604614258,-2.1046576499938965
1774471304106734600,62.24373461914063,-3.2687647728100417,-2.4637039431884884,7.534749608388543,0.5286170244216919,-0.5013999938964844,-1.3369675874710083,-11.021367150789498,-1.813286855050921,6.865975318044423,1.6469215154647827,3.265535831451416,-0.8508140444755554,-1.0145664804972707,10.19520040477514,3.361670143261552,3.8148889541625977,-1.648948311805725,-1.9374009370803835
1774471304116761300,62.25376123046875,-4.467265825074911,-2.6837495466485617,9.051291066658496,0.5817185044288635,-0.7039253115653992,-1.431156873703003,-9.81287983430028,-1.651871135213971,6.437718925824761,1.4505224227905271,3.4625227451324463,-0.7859881520271301,0.8712348450139165,7.443121126005053,3.803703131899237,4.067415714263916,-1.4115376472473145,-1.687124490737915
1774471304126788600,62.26378857421875,-4.062082265406847,-2.7989550117135047,10.334098003333809,0.7006661891937256,-0.739646315574646,-1.5123175382614136,-8.989356880792975,-1.5003870268046855,5.657882553830743,1.193630933761597,3.6102569103240967,-0.7848949432373047,2.640318108940124,3.406089715224504,4.577652199420332,4.468180179595947,-1.1212629079818726,-1.413084626197815
1774471304136816400,62.27381640625,-3.6911744848281134,-2.760604530531168,11.28418222091794,0.8738217949867249,-0.7671562433242798,-1.5889933109283447,-8.18435742596984,-0.6211223123311996,4.3059144026458265,0.9031197428703308,3.8856022357940674,-0.8325393795967102,4.420255067574978,-0.2935550763070583,7.115618771910667,5.108012199401856,-0.8148670196533203,-1.1296894550323486
1774471304146843400,62.28384350585937,-4.287546386784315,-2.41016612200737,12.026597501534225,0.9828063249588012,-0.8817847967147827,-1.670651078224182,-7.925420658579468,-0.4161538664937019,2.5085481703042984,0.568519115447998,4.152713775634766,-0.798406183719635,5.373441927349568,-3.45477571246028,7.884469639509915,5.506287574768066,-0.6113193035125732,-0.7308878302574158
1774471304156870700,62.29387060546875,-4.769820784917473,-1.747146449667215,12.547309474611282,0.9470831751823424,-0.976049304008484,-1.7841923236846924,-8.481984281760454,-1.0298480746507643,0.0702127693891525,0.1234967783093452,4.481046199798584,-0.5766143202781677,5.387068301641941,-8.053847132006288,6.977345442730188,5.706629753112793,-0.6173076629638672,-0.2722707092761993
1774471304166897400,62.3038974609375,-4.708306870290636,-1.0048151940725742,12.133507724201678,0.861931562423706,-1.1299924850463867,-1.8921608924865725,-8.996520196551083,-1.8066887719601392,-2.602054136997461,-0.3683483302593231,4.805558681488037,-0.1826939284801483,7.20449883236885,-14.11332311205864,6.946470411995053,5.6393866539001465,-0.8007327318191528,0.0795096606016159
1774471304176924400,62.31392431640625,-4.109230970072746,-0.6361217285424471,10.558242274284362,0.7662333846092224,-1.3077430725097656,-1.9690399169921875,-7.977305159595608,-2.893162989196181,-5.13512650770545,-0.9025509357452391,5.064693927764893,0.1697560250759124,9.882095409345624,-21.908794617688656,5.881987077292799,5.254012584686279,-1.7164852619171145,0.0690525025129318
1774471304186952700,62.32395263671875,-3.744640117555857,-0.3280250262616202,8.764365053102374,0.6964346170425415,-1.4815527200698853,-1.968594431877136,-5.246795907598734,-4.717096910467744,-7.496169410103559,-1.4910272359848022,5.091869831085205,0.3607270419597626,10.628970591980218,-26.89730783789157,1.5815297710090874,4.688056945800781,-1.570996642112732,0.384699285030365
1774471304196979500,62.3339794921875,-3.7421483007401215,0.2016404704585671,7.105286762988567,0.6781692504882812,-1.6355935335159302,-1.8902392387390137,-1.8844225845038889,-7.051864969402551,-8.7797736346364,-1.995132565498352,4.880515575408936,0.3187891244888305,7.218942368263006,-35.566302883994574,-0.8165501918852329,3.487690687179565,0.3651215136051178,0.741753339767456
1774471304207006500,62.34400634765625,-3.3676100547045467,0.872254981841892,5.736096258845925,0.7204346656799316,-1.7471040487289429,-1.7816781997680664,0.8017617880761623,-9.03257701383829,-9.791404500073194,-2.4193785190582275,4.5584564208984375,0.038797952234745,10.663857196444273,-43.18126935391426,-3.58823433483541,3.454067707061768,-3.357388496398926,-0.4056357443332672
1774471304217033700,62.35403369140625,-2.770450217241049,1.4853417256250976,4.613599126592278,0.8146812915802002,-1.8328217267990112,-1.621275782585144,1.8663719640284773,-9.647112348994613,-10.011804323798415,-2.819917917251587,4.232537269592285,-0.3428804874420166,4.425737882900238,-0.3647787763044238,-19.750328297555445,2.1216166019439697,-3.616765975952149,0.1353518813848495
1774471304227061500,62.3640615234375,-2.01086928229034,1.998438985914737,3.301962985795736,0.9171615839004515,-1.9033292531967163,-1.426557540893555,2.5907904001832005,-8.392923019516468,-11.158735640084744,-3.218099594116211,3.785745143890381,-0.7662312388420105,-3.8494273567199695,-14.882422985982894,-16.42576185028553,1.6639957427978516,-3.8348662853240967,-0.2197272181510925
1774471304237088500,62.37408862304687,-0.7313760002076626,2.308305876205861,1.7280203089147803,1.08202862739563,-1.932570219039917,-1.2682313919067385,4.586352807748318,-5.661366304293274,-13.433457518857717,-3.4246914386749268,3.175280809402466,-1.1403179168701172,14.38430862916112,-27.20335180889368,-23.551280084919927,0.0743684396147728,-5.33416223526001,-1.5294374227523804
1774471304247115500,62.384115478515625,0.8844447474598884,2.50894593745023,0.2220487599760293,1.3570655584335327,-1.804136872291565,-1.1396872997283936,7.45252549868822,-3.2788813854157923,-16.120425150769947,-3.499031782150269,2.432398796081543,-1.418603777885437,8.008390618211031,-9.933737918299435,-28.07841614906788,-0.6246998310089111,-6.184324741363525,-2.568679094314575
1774471304257142500,62.394142578125,2.726106633123756,2.306605794289708,-0.8451385729879141,1.7915087938308716,-1.553874969482422,-1.0338529348373413,10.564558617824316,-2.4924083518862723,-19.1583058229804,-3.3391711711883545,1.8787775039672847,-1.737108588218689,6.796258807739615,-6.32628742634058,-19.47399206707477,-0.6381008625030518,-6.20074987411499,-3.0598201751708984
1774471304267169500,62.40416943359375,4.404624952244759,1.697136802612245,-1.1462795743793248,2.336463928222656,-1.2466093301773071,-0.9701533317565918,10.898409464162588,-3.848846341961622,-19.685834490334987,-3.2288081645965576,1.4380065202713013,-2.2157347202301025,5.4195490140080445,-1.4656325242877006,-19.39018448757529,-1.1288760900497437,-5.953765392303467,-3.3685173988342285
1774471304277197600,62.41419750976563,5.745103741165996,0.9209588069953024,-0.5238607924968004,2.843366861343384,-1.0418927669525146,-0.9501238465309144,10.170317307931183,-4.733563184361159,-21.80070482984781,-2.6818432807922363,0.5621029734611511,-2.9766957759857178,7.006851523199677,-1.55716806769073,-18.689853613972662,-1.7952964305877686,-5.584826946258545,-3.627944231033325
1774471304287224600,62.424224609375,6.857858647084235,0.5232431720551103,0.499530653360486,3.1084201335906982,-1.1794253587722778,-1.040114402770996,12.87292440752387,1.1752882267206906,-19.29589643059373,-0.8388749957084656,-1.0976660251617432,-3.859087467193604,7.728020017647743,-3.440369585967064,-15.88022873968482,-2.26585340499878,-5.078950881958008,-3.6746246814727774
1774471304297251600,62.43425146484375,7.530349912124872,0.8843244820810854,1.372116620722413,3.186870813369751,-1.2728047370910645,-1.241559982299805,18.48001726983785,9.383764779424666,-17.926463349866864,0.8089191913604736,-2.5769550800323486,-4.0621209144592285,7.348600429311395,-3.401730935493112,-9.947093074434996,-2.505878448486328,-3.398358106613159,-3.194434642791748
1774471304307278600,62.44427856445313,8.406410277599095,1.088624015681073,1.454439514622092,3.0342185497283936,-0.8943096995353699,-1.27562415599823,14.315289453470706,11.280366462022066,-13.887606477224828,1.8127793073654173,-2.8235509395599365,-3.4129223823547363,4.540751917046308,-2.7775334535002707,-3.4347003081589933,-2.671038866043091,-0.2578538358211517,-2.1530866622924805
1774471304317306600,62.454306640625,9.954586645060775,0.6876569046642631,0.6639958238959313,2.5343618392944336,-0.0067057907581329,-0.8298214077949524,6.226076993572711,10.381488700062036,-11.526535517776011,2.257523775100708,-2.498041868209839,-2.558272123336792,3.648683250579238,-1.7172306193530558,-3.313328429418802,-2.458799362182617,2.0887904167175293,-1.2943302392959597
1774471304327333400,62.46433349609375,11.421616176664829,1.1990362551201137,-0.928178090724349,2.0400397777557373,0.4459501206874847,-0.4371068775653839,2.7994901415035125,10.760346562862397,-11.255624819475411,2.612494945526123,-1.8536856174469,-1.3167256116867063,6.3567158823519945,-2.332039510753751,-3.903035612788796,-1.965065121650696,2.764743089675904,-0.6861663460731506
1774471304337360600,62.474360595703125,10.719528230261805,2.3110788480505344,-3.0447295151919125,1.8146886825561523,0.1357988715171814,-0.3352173268795013,1.0570692590534687,11.287992134594916,-7.139026535505056,2.888855695724488,-1.077253341674805,0.1734586209058761,9.225787801864742,0.0472527495622634,-1.3405413327634337,-1.114588975906372,3.220668315887451,-0.2064290046691894
1774471304347387600,62.4843876953125,8.718105406230688,2.84950504925549,-5.133917131915688,1.7416614294052124,-0.2096360176801681,-0.3139772713184356,1.302037414585054,9.75679905063808,-6.144352065566181,2.9341630935668945,-0.3530836403369903,1.6713449954986572,8.788134051224588,3.9943572211802,0.6583084259092807,-0.1975467950105667,3.1072587966918945,0.2447434514760971
1774471304357414400,62.49441430664063,8.309396595045923,3.850554022662341,-7.09845662470758,1.775174260139465,0.0450912490487098,-0.1537256687879562,0.438490785986185,7.221108606386184,-5.198706707212328,2.853505849838257,0.3552377223968506,3.0235490798950195,8.00093153437674,5.134167307284474,0.9195166453629732,0.54221510887146,2.467063665390014,0.5655736327171326
1774471304367442700,62.50444262695312,8.912028141918778,5.877271154686809,-9.85452468085289,1.8484673500061035,0.7494041323661804,0.037015788257122,-0.6153209325760602,4.406529324561357,-4.156505931466818,2.7033793926239014,1.0476223230361938,3.945048093795776,8.22924403092265,3.802905844041705,0.6487362954437732,1.1416122913360596,1.7555150985717771,0.7474061846733093
1774471304377469400,62.51446948242187,8.614549754688143,7.3239382817417376,-12.34656361490488,1.7907267808914185,1.183656096458435,0.0628343075513839,-1.128447857351601,1.026902084326744,-2.68238205768764,2.6666712760925293,1.644023895263672,4.305403232574463,7.957455965265631,1.6217366937130688,0.8800152405798435,1.7507160902023315,1.1502585411071775,0.809010922908783
1774471304387496400,62.52449633789063,6.565643879470229,7.279205990567803,-13.55553491551876,1.4712822437286377,0.9456605315208436,-0.0819252729415893,0.5688590411305428,-3.1224948919177056,-0.3507335920780897,2.691486597061157,1.7536728382110596,4.02854585647583,6.709906804454326,-0.0837438666135072,1.5835732595354317,2.3184871673583984,0.7577968835830688,0.8039623498916626
1774471304397523700,62.53452368164063,3.854227450478077,6.261946763855218,-13.973676156437396,0.8921342492103577,0.3349996209144592,-0.3121399879455566,4.10657431808412,-7.77724202145636,1.991746064147353,2.6671996116638184,1.089263677597046,3.22738003730774,4.807916999077797,-1.2693202631145717,1.8436977754056447,2.6590847969055176,0.4753548204898834,0.7901975512504578
1774471304407551500,62.54455151367188,0.4056687128365039,4.494172536700964,-15.059077191483974,0.3984342515468597,0.1782872527837753,-0.5384188890457153,7.376908239907026,-11.103045901566745,4.896510643810034,2.61669397354126,-0.0719526335597038,2.1529436111450195,3.132214906421304,-2.6344763971745966,1.2447931401014327,2.65612268447876,0.4059767723083496,0.7245701551437378
1774471304417578500,62.55457861328125,-2.209395712381601,1.6014353717014194,-14.929941108483074,0.5418452620506287,0.117983341217041,-0.9063398241996764,8.214483684164286,-11.708262204235792,6.365916841417551,2.398339033126831,-1.2847644090652466,1.0870102643966677,1.8046242406457664,-4.7446495187819,0.8072539557516575,2.414252281188965,0.5244355201721191,0.5978811979293823
1774471304427605500,62.56460546875,-3.401543303966522,-1.7910436051912604,-11.829385661172866,1.0200833082199097,0.0026298519223928,-1.07083261013031,6.826379805237054,-10.486825389802457,5.847549385640025,2.1133406162261963,-2.2973387241363525,0.1882562488317489,1.1710849298119543,-6.859899213001132,0.4590250399708747,2.136866807937622,0.570000946521759,0.3802783787250519
1774471304437632500,62.57463256835938,-3.6142478970140215,-3.984506273773312,-8.881595594254135,1.5810188055038452,0.1134173795580864,-0.9464462399482728,5.533886756327748,-8.107717838403582,4.692769693940877,1.9454636573791504,-3.005394220352173,-0.4515718817710876,0.7335761406004428,-8.389977029192448,0.4820084406733512,1.9314552545547483,0.5708459615707397,0.1112067028880119
1774471304447659500,62.58465942382813,-2.970238630092144,-5.490946024745703,-6.05151420739293,1.9126158952713013,0.4982033967971802,-0.8717312216758728,4.407319013634324,-5.541542824038863,3.162607706597447,1.897768378257752,-3.41542387008667,-0.8221144676208496,0.6466752712607383,-9.052341452494264,1.2221703894048928,1.6969391107559204,0.4574683606624603,-0.2043461501598358
1774471304457687600,62.5946875,-3.457519458210468,-6.269520998501777,-1.5526783550560477,1.7277367115020752,0.29986372590065,-0.862966001033783,3.621728023636341,-3.030567718848586,1.799827654018998,1.9676555395126345,-3.6141650676727295,-0.9653637409210204,0.9072352559387684,-8.869678946489095,1.9448890359044075,1.379969596862793,0.1502913683652877,-0.5809764862060547
1774471304467714600,62.60471459960937,-4.860308865094185,-6.444743125373125,4.785498246520757,1.052228927612305,-1.1863188743591309,-1.113253116607666,3.3356653489112853,-0.8298416351348161,0.4213064269512891,2.088736057281494,-3.6583094596862793,-0.9171242713928224,1.2626152125179766,-7.818624417680501,2.574014621949196,1.1973427534103394,-0.2882820665836334,-0.9697280526161194
1774471304477741600,62.614741455078125,-9.651167761865258,-5.440452685827016,9.57594973153472,0.3522298634052276,-1.2033976316452026,-1.197673201560974,3.253286340910196,0.5710241102099418,-1.4175456619888542,2.2187507152557373,-3.4846761226654053,-0.6947693228721619,1.480007086598873,-6.4329533188581465,3.041382542851568,1.140827775001526,-0.6980692744255066,-1.2797160148620603
1774471304487768300,62.62476831054688,-5.402954437559843,-4.088880255961418,11.537246296882628,-0.0431137233972549,-0.8918811082839966,-1.4746273756027222,3.1370041865244507,1.0528133551746606,-2.545377725529671,2.437055349349976,-3.212725877761841,-0.3093729317188263,0.9538263267219066,-5.571124892354011,3.009580460399389,1.125120997428894,-0.8253628015518188,-1.4441907405853271
1774471304497796600,62.63479663085938,-0.8724585415899753,-3.250478882274032,9.892148016804455,0.0398129038512706,-0.328136533498764,-1.475417971611023,3.4223312404513355,1.1456126349031923,-2.6496815650910137,2.808665990829468,-2.97404146194458,0.212287425994873,0.5241688355326652,-5.120715705037116,3.393488007804751,1.2809721231460571,-0.7036685943603516,-1.5992416143417358
1774471304507823400,62.6448232421875,-0.1929787328362464,-2.7965473660498854,9.650947981634737,0.6508552432060242,0.1000171899795532,-1.1272051334381104,3.83161755926311,1.3134785537928342,-2.2866852882891893,3.2149133682250977,-2.7315237522125244,0.7891563177108765,1.3478197993338108,-4.686792080835998,3.921476693886518,1.603675127029419,-0.4905862510204315,-1.7365360260009766
1774471304517850600,62.6548505859375,0.8243547281563282,-2.2089225419119,9.77065338846743,1.3981517553329468,0.2989675402641296,-0.982585608959198,3.795329855829477,1.3804092327713966,-2.281598194283247,3.53969407081604,-2.3761141300201416,1.360523700714111,1.6931342889726162,-4.470921717233956,3.271131209680438,1.8484894037246704,-0.3393706381320953,-1.9169936180114744
1774471304527877600,62.66487768554688,1.133994677823782,-0.3469059966139495,8.86745074904561,1.546220302581787,0.1872138381004333,-0.863570511341095,2.950755638726056,1.4298545239418743,-2.3555372907191514,3.747382402420044,-2.0411927700042725,1.9476990699768064,0.1822305443286895,-4.625693469011783,1.8531231908768413,2.0294411182403564,-0.3327350914478302,-2.152873992919922
1774471304537904400,62.674904296875,0.5333972671270371,2.065119489524513,4.09859384072423,1.159972906112671,0.1842195391654968,-0.7809562683105469,1.6833026307880878,1.35296826813817,-3.085192166222632,3.763149738311768,-1.700047731399536,2.4699978828430176,-0.7380582544505596,-4.060672983130813,1.2531336829453703,2.219988346099853,-0.3703250885009765,-2.375676393508911
1774471304547932700,62.6849326171875,0.1036059204250574,3.921424671438336,-0.654296267658472,0.7318159937858582,0.066772811114788,-0.8483616709709167,0.7032473455712199,1.0206967999458312,-3.7572894635096192,3.676349639892578,-1.442929983139038,2.9215962886810303,-0.8695406083166599,-2.797423564362526,1.3384095814317465,2.32849645614624,-0.2497756779193878,-2.474724292755127
1774471304557959700,62.69495971679687,-0.2219938149183988,3.3287197675570845,-3.54108679921329,0.4431142807006836,-0.0038066999986767,-0.8464097380638123,0.3025131665274501,0.2673071208506822,-4.891683954305947,3.458438873291016,-1.0693103075027466,3.288818597793579,-0.3854103531837463,-1.9255743868425488,1.703194495216012,2.3241777420043945,0.1259348392486572,-2.4549429416656494
1774471304567986400,62.704986328125,0.2902256396234035,1.6879676999896764,-4.450941297739744,0.3016820251941681,0.0451978594064712,-0.811834990978241,1.0595616603910922,-0.5695189663439989,-5.157675024122,3.3346517086029053,-0.5315816402435303,3.551081657409668,0.7785153525233268,-1.7048356865517793,1.933386229637265,2.515211820602417,0.3101305663585663,-2.5497593879699707
1774471304578013400,62.71501342773438,0.8605161748617887,0.4100898902796208,-3.5913130116283893,0.2764289677143097,0.1782142370939254,-0.7741532921791077,2.448203445587307,-1.8759680598914623,-5.041859025943279,3.3077492713928223,-0.1640019863843917,3.65056037902832,1.6907365801811218,-3.083803634473681,2.916921465924382,2.77331805229187,0.2540292143821716,-2.5582425594329834
1774471304588040700,62.72504077148437,1.2156886261701585,-0.3427168743610382,-1.7617624195188284,0.3361474275588989,0.2861508131027221,-0.7018247842788696,3.8989918903559446,-2.7443419625163075,-4.830734980085492,3.374417304992676,0.0123040610924363,3.608176946640015,1.9435808759152888,-1.046617130883038,2.5787510028213263,3.093705892562866,0.1313955932855606,-2.749534368515014
1774471304598068500,62.735068359375,1.5981915674746037,-0.8090557444766163,0.2587351073384284,0.4299134612083435,0.3238185048103332,-0.5693272948265076,4.221239392662048,-2.7395903840750453,-3.1984000277295705,3.524241209030152,0.1379912048578262,3.5163793563842773,2.4555589229166506,0.0598748421829193,2.731497093990445,3.553448438644409,-0.2284986674785614,-2.97552490234375
1774471304608095700,62.745095703125,1.7528601511389017,-0.9606656712226568,1.700059119799733,0.4499343037605285,0.4021516740322113,-0.4803103506565094,3.585258533895016,-2.115006533113122,-1.763294889783114,3.563892602920532,0.2368280440568924,3.417307615280152,1.2493570870161057,1.5680911743737755,2.1686410926669835,3.978785991668701,-0.2435740381479263,-2.955103635787964
1774471304618122500,62.75512255859375,1.9225328271895643,-0.8039521377272904,2.0723627386510373,0.4598640203475952,0.4817990362644195,-0.4664670825004577,2.873093430113792,-0.8435410746634006,-1.6989381529457863,3.448215961456299,0.355035662651062,3.287383794784546,0.3316658669820055,3.0079779936388134,-0.1268400810182094,4.238114833831787,0.1143742501735687,-2.8825697898864746
1774471304628149500,62.7651494140625,2.357690084838867,-0.6819402075178921,1.2981219947069882,0.4040747880935669,0.5053075551986694,-0.4973661303520202,1.9078817860245705,0.3183171771198511,-0.9518835220910608,3.333221912384033,0.5262412428855896,3.204037666320801,0.9352677567243576,2.232521298033744,-1.947138860657811,4.339745044708252,0.6909806728363037,-2.6316123008728027
1774471304638177500,62.77517749023438,2.854077763998508,-0.6273517082400619,-0.3518137885302305,0.3471705019474029,0.6561383605003357,-0.4658572077751159,1.2532289600133897,0.5149491717666387,-0.531616228929162,3.1244208812713623,0.679655134677887,3.1601696014404297,0.4228641777873039,1.34085551327914,-2.248216149163246,4.357393264770508,1.1371277570724487,-2.208326816558838
1774471304648204500,62.78520458984375,3.7413428295761344,-0.705011432634294,-1.963435330942273,0.2842125594615936,0.8172196745872498,-0.5381884574890137,1.1937584608476608,-0.1155915417730808,-0.488230018601939,2.85329818725586,0.8037957549095154,3.155859470367432,0.3739034552633762,0.4099733512278646,-1.530190628916025,4.471782684326172,1.5672099590301514,-1.7700929641723633
1774471304658231600,62.7952314453125,4.028098162740469,-0.4969022045530378,-2.787186247986555,0.2894372940063476,0.9646146893501282,-0.5711749196052551,1.3996950941301882,-1.0637819084346294,-0.2497567780476063,2.5941593647003174,0.8642385005950928,3.1604268550872803,0.6337679319579154,-0.558874092080444,0.2514776835560798,4.793558597564697,2.024613857269287,-1.4202923774719238
1774471304668258300,62.80525830078125,3.933344826334715,-0.29956659168154,-2.6123276937305926,0.3279958665370941,0.9893954396247864,-0.5283107757568359,1.241282355501503,-2.0461738199055195,0.5586928902946412,2.441513776779175,0.9020876288414,3.153522729873657,0.782325266200304,-1.103627012088895,1.6551298447489735,5.133771896362305,2.4132068157196045,-1.2220369577407837
1774471304678285600,62.81528564453125,2.826220619779825,-0.2545863170959055,-1.8558739508897064,0.3238904476165771,0.8900229930877686,-0.4430381059646606,0.9593313538789748,-2.837649776288867,0.8291854362484067,2.294230461120605,0.8145037889480591,3.0672407150268555,1.2748200295746326,-1.3536574194461106,1.7493705554574728,5.25682258605957,2.7757232189178467,-0.9284079670906068
1774471304688313600,62.82531372070312,1.5738216808497905,-0.342506446480751,-1.7008920634925364,0.2659693360328674,0.8059275150299072,-0.4025644361972809,0.1901798958979547,-3.05351780180335,0.6808992470975965,2.235273122787476,0.7619316577911377,2.946751594543457,0.200466604373604,-2.441585634882748,1.962643303781748,5.220181465148926,3.0076754093170166,-0.5226526856422424
1774471304698340400,62.83534033203125,1.1986480595201252,-0.6318899361915886,-2.5731518676400182,0.2024778425693512,0.8389877080917358,-0.4121832251548767,-1.3154841945268212,-3.044315089172125,0.7228393502697348,2.2856249809265137,0.812781572341919,2.822364091873169,0.9430418978571892,-4.013587406828999,2.8620447973549363,5.250858306884766,3.266310930252075,-0.3083733916282654
1774471304708367600,62.84536767578125,1.805038082143664,-0.7117514084137976,-3.837488497123122,0.1607101559638977,0.898455798625946,-0.4480006098747253,-2.0285092761382457,-3.524682192379236,-0.0388901410169899,2.3643441200256348,0.9119697213172911,2.632596492767334,1.9747182108484207,-5.227938062393665,4.667722930967807,5.347192287445068,3.5712926387786865,-0.17273810505867
1774471304718394600,62.85539453125,2.1943092024087902,-0.3781584823593497,-5.073366509363055,0.1363750547170639,0.9422847628593444,-0.4669148623943329,-1.1251438473701476,-5.084685775756836,-2.0927274812877177,2.3408148288726807,0.8859170079231262,2.3621671199798584,1.6154782178401943,-6.423830101203918,6.117333710259199,5.509188175201416,3.770946741104126,-0.084532082080841
1774471304728422700,62.86542260742188,1.2979507297933102,0.355271381638199,-6.055532210862636,0.150862380862236,0.9639482498168944,-0.4339132308959961,0.4156827418506145,-7.583760599794983,-3.961310983885825,2.1828463077545166,0.7034539580345154,2.027909994125366,0.8976108107641338,-7.049720943111181,5.943487547916174,5.633378028869629,3.792317390441896,-0.0717260539531707
1774471304738449700,62.87544970703125,0.6891571531593799,1.1752275825746357,-6.415504171407222,0.2204201221466064,0.9343149065971376,-0.3521881103515625,1.246939212219417,-9.925083487200736,-4.896230073302984,1.984477043151856,0.4963875114917755,1.6332367658615112,0.2845005399748683,-7.472269479078054,5.0562365108639,5.597030162811279,3.727910280227661,-0.1385916322469711
1774471304748476400,62.88547631835937,0.0303588979065418,1.7241241782590746,-5.880986960339546,0.2909606099128723,0.8981989622116089,-0.315054327249527,1.2167942493245003,-9.969104999756812,-3.3835862069934604,1.9097578525543213,0.4348828792572021,1.0663896799087524,1.1624421891510486,-7.675001544165611,4.782875496801734,5.563739776611328,3.8218934535980233,-0.2593292593955993
1774471304758503400,62.89550341796875,-0.7722755813509226,2.207753205871582,-4.62014168010354,0.3682279586791992,0.7617915868759155,-0.2485305219888687,1.522249606783688,-8.206582117259503,-1.6622262327507138,1.97984516620636,0.2687628865242004,0.4173113405704498,1.907916857337952,-7.685500141826272,4.403850460740924,5.392898082733154,3.664152622222901,-0.3745557367801666
1774471304768531500,62.90553149414063,-1.8895488414764403,2.586322314858436,-3.0550469110667704,0.4729016423225403,0.6847032308578491,-0.0507103949785232,2.075541076426208,-6.76948653614819,-0.8802662927314638,2.1253461837768555,-0.0856228843331337,-0.1542168855667114,1.9118369533911344,-8.008511614242195,3.517319554656744,5.135764598846436,3.289516925811768,-0.5558116436004639
1774471304778558500,62.91555834960938,-2.0644167480826376,2.880805611926317,-1.186065641322732,0.5851948857307434,0.8770939111709595,0.1275174766778946,2.5673493188410994,-6.049918462634087,-0.7620370959311723,2.301168203353882,-0.4898380637168884,-0.5564178228378296,2.3948972412049767,-7.929507635632157,4.406557381612062,4.931262493133545,2.919097900390625,-0.8494570851325989
1774471304788585500,62.92558544921875,-1.2812146990478035,2.909974131004512,1.5854951675087212,0.4295442700386047,0.8422842621803284,0.1311417669057846,2.477975337386132,-6.370219507047533,-1.0877557814791798,2.433321714401245,-0.9224233031272888,-0.764854907989502,2.585827224817872,-7.533731955778598,4.916313660910725,4.658842086791992,2.543540477752685,-1.2137446403503418
1774471304798612500,62.935612548828125,-1.5299825391232966,2.79762230180502,5.483718996101618,0.2635967433452606,0.90693998336792,0.1021099761128425,1.9944038851797576,-6.578879793140292,-2.293471295167506,2.3783679008483887,-1.2497941255569458,-0.8799043297767639,2.159586848595738,-7.413516845858097,4.192009206524491,4.326299667358398,2.1386077404022217,-1.5688483715057373
1774471304808639500,62.94563940429688,-1.850109980535507,1.4186585916668175,10.68950601696372,0.1883595287799835,0.6647619605064392,0.1049712747335434,0.942175051894784,-5.277432453402876,-2.929596238580346,2.228754997253418,-1.258746862411499,-0.9255146980285645,1.4632450446292755,-6.979494729718565,4.047565372015535,3.979741334915161,1.9962382316589355,-1.7526894807815552
1774471304818667500,62.95566748046875,-2.955429768016934,-0.7047142032533884,13.643407260239124,0.1272796392440796,0.6373472213745117,0.1198450475931167,-0.4610226435288787,-3.076618106883764,-2.6160633731275795,2.091040849685669,-1.1190834045410156,-0.8511772155761719,0.5000207749649882,-6.214420458048582,3.098341862913966,3.549998998641968,2.02795934677124,-1.7583191394805908
1774471304828694500,62.96569458007812,-3.154870974865556,-1.1198340505242348,13.656350912964344,0.2276888042688369,0.6382675766944885,0.0704245045781135,-0.5979772913262248,-1.0069330630093811,-2.024903945122659,2.031527280807495,-1.0631635189056396,-0.6434711217880249,0.2892024340555071,-5.4567889035999775,1.8086524732485407,3.059545993804932,1.6972638368606567,-1.8156077861785889
1774471304838721500,62.97572143554687,-3.084026337313652,0.0089614512212574,12.575110504728556,0.2255751639604568,0.4330706000328064,0.1028292700648307,0.4014110553920268,0.6701029085993766,-0.9999147086799144,2.0371415615081787,-1.0774943828582764,-0.3163337409496307,0.7359121823325753,-4.07250136809051,2.147504488874972,2.760128736495972,1.4364598989486694,-1.9053044319152832
1774471304848748500,62.98574853515625,-3.7587247570097446,1.4844316250428558,7.371036133003234,0.0709706768393516,0.4739511609077453,0.1164761111140251,1.2160171274721625,1.7539982152581215,-0.2067614667341113,2.0797972679138184,-1.0705422163009644,0.1013852134346962,1.0229966013208032,-2.512942605870962,2.908206244549155,2.633387804031372,1.28162944316864,-2.087955474853516
1774471304858775600,62.99577563476562,-3.273410845050216,2.540257898297906,3.290661839580536,-0.0788881108164787,0.5409314632415771,0.127614751458168,1.4393991818785667,2.190712054699659,-0.0247135854959487,2.134897470474243,-0.9981008768081664,0.5537412762641907,1.2198632815063,-1.313534667894244,2.792661756788194,2.561553478240967,1.1256762742996216,-2.3085379600524902
1774471304868803600,63.00580346679688,-2.653491478767991,2.6501240481615067,1.4798434204697608,-0.2248823344707489,0.4705963432788849,0.1568296253681183,0.8739093249201774,2.163472165596485,-0.5239098923355341,2.14766526222229,-0.8216978907585144,0.9448712468147278,0.906323694051802,-0.1746563096821308,1.935643068653345,2.4879164695739746,0.9591744542121888,-2.478414535522461
1774471304878830300,63.01583032226562,-2.546823832684755,2.751752823294699,1.2738099757492545,-0.3309411704540252,0.4089677333831787,0.1982012093067169,-0.1538625279784202,2.0916589752733707,-1.6802227849513292,2.096455335617065,-0.6028924584388733,1.1981831789016724,0.5127955008640885,0.6163181269198655,1.123249996447563,2.400596618652344,0.8083817362785339,-2.5826783180236816
1774471304888857600,63.025857666015625,-2.348831071078777,3.047539896437525,1.635416259497404,-0.3926801681518554,0.3996687829494476,0.2122035771608352,-0.8613184311553835,2.517284434467554,-2.398782265944779,2.083174228668213,-0.4127046167850494,1.3748887777328491,0.3440443235725164,0.92375618262887,0.8001734959714114,2.3260536193847656,0.7452320456504822,-2.5746867656707764
1774471304898884600,63.03588452148438,-1.834834085470438,3.406985202759504,2.179740578830242,-0.4164415597915649,0.408009260892868,0.2216772735118866,-0.9794263396635652,2.620211140456796,-2.4556138679742814,2.0569264888763428,-0.3238062262535095,1.4991592168807983,0.1423629365816712,1.1589064162403344,0.6264720027960836,2.215172529220581,0.5385746955871582,-2.4869868755340576
1774471304908912400,63.045912353515625,-1.229894846177101,3.3013357938081023,2.809628965941071,-0.4355931580066681,0.3855990469455719,0.2499547153711319,-0.5794242742866277,2.511573655605316,-2.296807453852892,1.95069682598114,-0.1953230649232864,1.6008938550949097,-0.122082218966633,1.2130021635651589,0.7909336662001908,2.104438543319702,0.5343511700630188,-2.172189235687256
1774471304918939600,63.05593969726562,-0.7319540923565626,2.8190204791426656,2.870284802433848,-0.4761982262134552,0.3707462847232818,0.2489109933376312,-0.3156862440943718,2.0719050580114127,-1.4445137484133244,1.7732990980148315,0.0241327807307243,1.7043142318725586,-0.5353823034644126,1.8465227696985005,1.001598570113629,1.9914438724517824,0.492569088935852,-1.822535872459412
1774471304928966400,63.06596630859375,-0.3560457270115614,2.331800149039924,2.0720126100391147,-0.518096387386322,0.3627179265022278,0.23647241294384,-0.8069821530729532,1.3342729200184344,0.1736661296010017,1.667389750480652,0.1935489773750305,1.85553789138794,-0.4051195545211434,1.777080400159955,1.2636729048773645,1.905633449554444,0.537263810634613,-1.4579209089279177
1774471304938993400,63.075993408203125,-0.0778685448393225,1.95059645376578,0.8166074750304222,-0.5608792304992676,0.370617151260376,0.2066082805395126,-1.2863900558590888,0.6699608697801828,1.539784971213341,1.6006791591644287,0.2306066751480102,1.921781301498413,-0.6493116111136973,2.1238982800990343,1.880490505751968,1.833126425743103,0.5089432001113892,-1.1362648010253906
1774471304949020700,63.08602075195312,0.0293739785224199,1.627874173554778,-0.4161702331066131,-0.5851518511772156,0.3627046346664428,0.1798730790615081,-1.34054776250422,0.74857614133358,2.1574632805705067,1.5603141784667969,0.142713576555252,1.8480885028839111,-0.8968119154714047,2.868961444875598,2.440747722753882,1.7582485675811768,0.5241551995277405,-0.89018714427948
1774471304959048200,63.096048095703125,-0.0430874465763568,1.4719123352095485,-1.489003463003039,-0.5926346778869629,0.3115238547325134,0.1599825620651245,-1.3668077006593349,1.1008610545068978,2.221234618735313,1.5466506481170654,-0.0422631800174713,1.6505651473999023,-1.0066830337710675,3.41657837601304,2.950309064002335,1.8518009185791016,0.5577986240386963,-0.702126681804657
1774471304969075200,63.1060751953125,-0.1274459379568696,1.5107589293457566,-2.3859201540231703,-0.5845139026641846,0.2294396162033081,0.1526106745004654,-1.2825491625219585,1.510773980784416,1.7417115651369093,1.5530502796173096,-0.3019917011260986,1.3590067625045776,-0.9879285028100012,2.635933025723696,2.6885890956342218,1.83405351638794,0.641791045665741,-0.576913595199585
1774471304979102200,63.11610229492187,-0.0644920536547899,1.5923023633055389,-3.095118809214234,-0.5691507458686829,0.1597080528736114,0.1741669923067093,-1.0879460433542727,1.8575871845483776,1.091108891299367,1.619439721107483,-0.571286141872406,0.9811651706695556,-1.411080265367031,2.1848855405032634,2.4768670838832856,1.874006748199463,0.7811042070388794,-0.4201010763645172
1774471304989129200,63.12612915039063,0.1463452842161059,1.7080930809125303,-3.590904430827498,-0.5384961366653442,0.1166167706251144,0.2117497771978378,-0.5211188003122806,2.0121429554879664,0.2534019296169281,1.7174508571624756,-0.7862820625305176,0.5548298358917236,-1.3003729885041713,1.8227689691454168,2.5731758330374954,1.78972065448761,0.7119930386543274,-0.3090126514434814
1774471304999157200,63.1361572265625,0.3208253605484962,1.8367009022556244,-3.783147250604629,-0.4777443706989288,0.1093165352940559,0.2646263539791107,-0.518064965699613,1.3909709587961434,-0.2021007814466953,1.8583675622940063,-0.9428056478500366,0.1833569407463073,-0.8840672924496233,1.3239105159580706,3.1906492674723266,1.6666362285614014,0.4597972929477691,-0.1764881461858749
1774471305009184000,63.14618408203125,0.4849994391828775,2.0091013958349824,-3.684824823540449,-0.3931514620780945,0.1084837689995765,0.3457600772380829,-0.7279436876714229,0.5966548105508088,-0.9652660046249628,1.8933082818984983,-1.0173944234848022,-0.1442454308271408,-0.7563001597143709,1.1838754378020764,4.28015276940167,1.554466724395752,-0.0375649854540824,-0.0173534471541643
1774471305019211300,63.15621118164062,0.7407032160013913,2.184589480166137,-3.3215859701544046,-0.2974140346050262,0.1185297220945358,0.427752673625946,-1.1582646112054586,0.5264145686328411,-1.597049411702156,1.797921895980835,-0.987124800682068,-0.4253624975681305,-0.3815760357178747,1.034544708034396,5.41564323874116,1.576526165008545,-0.5387380719184875,0.1921563744544983
1774471305029238300,63.16623828125,0.9131140848442912,2.3336237112052736,-2.796225879010558,-0.2112407982349395,0.1495038866996765,0.4867105185985565,-1.8328180694729088,0.6868798558771609,-1.8021090429544449,1.6775065660476685,-0.9137462377548218,-0.6155164241790771,-0.1736867339976131,0.643330052486062,5.892159511739015,1.5946388244628906,-0.951554238796234,0.351264625787735
1774471305039265300,63.17626538085938,0.8675491422384977,2.3769316686645148,-2.3473545687854287,-0.1466781795024871,0.1873029768466949,0.5422939658164978,-2.3070225583970547,0.6183206989139318,-1.9190192661106584,1.507221221923828,-0.84676593542099,-0.7872938513755798,0.3997849154949188,-0.0233756148904561,4.8224423680365085,1.4732905626296997,-1.6003247499465942,0.3993021845817566
1774471305049293300,63.18629321289063,0.8241337788820267,2.329123184915632,-2.077484319448471,-0.1027562469244003,0.2052265703678131,0.5922838449478149,-2.1438418747141954,0.9992723191231488,-2.1069342858165503,1.3268704414367676,-0.821963369846344,-0.9692431092262268,0.2976971445478499,-0.1726923161327838,4.48863156144768,1.469220519065857,-1.9790359735488887,0.4912301898002624
1774471305059320300,63.1963203125,0.7447326176479458,2.212498939093947,-1.969078889787197,-0.0896760672330856,0.208217367529869,0.6375516057014465,-1.9621175263419743,1.205646540105343,-2.198936862209439,1.207395315170288,-0.8100597858428955,-1.131119966506958,-0.2280835100956261,-0.1261491761445999,4.110013060361147,1.412857174873352,-2.329353094100952,0.4877188205718994
1774471305069347000,63.20634716796875,0.6277969677895308,2.077169700541347,-1.9783862318366765,-0.108892910182476,0.2126022577285766,0.6743189692497253,-1.7239669418707488,1.3726467820763588,-2.402422376012802,1.161971092224121,-0.8559234142303467,-1.2859662771224976,-0.0088740651987493,-0.4247095133930444,3.699965109527111,1.3416627645492554,-2.9980506896972656,0.4191717803478241
1774471305079374300,63.216374267578125,0.4790373159080743,1.9043534657679493,-2.056085557588935,-0.1547315567731857,0.2003385722637176,0.6898180246353149,-1.326800684441626,1.582716934967041,-2.8710779986381527,1.1459532976150513,-0.9123849272727966,-1.4403409957885742,0.0102808632567524,-0.5536690707832574,4.542670610149204,1.3929888010025024,-3.5161831378936768,0.3655535578727722
1774471305089402000,63.22640209960937,0.2889142647638917,1.712747774850577,-2.089002323284745,-0.2052469253540039,0.1810445040464401,0.7051732540130615,-1.0001789125740528,1.9869524001300327,-3.2293992693662643,1.158310055732727,-0.9495480060577391,-1.5937223434448242,-0.0459165325224399,-0.6172557000309229,4.306530488717556,1.4335612058639526,-3.849703073501587,0.4090041518211365
1774471305099429000,63.23642919921875,0.0600073094561696,1.538309053441882,-1.954548260131478,-0.260469913482666,0.1453312933444976,0.7235236167907715,-0.7421575064629315,2.115776932963729,-3.2493554312020536,1.221338152885437,-0.9314099550247192,-1.711262583732605,-0.6218507727362215,-1.061902086037397,3.314054405605793,1.4464412927627563,-4.063966751098633,0.4984344244003296
1774471305109456400,63.24645629882812,-0.2472293784618377,1.3893924574330447,-1.5372773723065851,-0.288519412279129,0.1195242032408714,0.7561312913894653,-0.9953636212468148,1.1516413936734198,-3.3204180954188107,1.24680757522583,-0.8262633085250854,-1.806051135063172,-0.8131471054434776,-1.485359553542733,2.434052609029412,1.4343007802963257,-3.887903213500977,0.5957214832305908
1774471305119483100,63.25648315429687,-0.497790531694889,1.2866691650614142,-0.8493331020683049,-0.2751038372516632,0.1238053068518638,0.7869179844856262,-1.2580775690883397,0.4719640165209769,-3.26594299338758,1.2078227996826172,-0.7029727697372437,-1.8916422128677368,-1.026128177344799,-1.9784762482076883,1.627500079545379,1.3611091375350952,-3.478492259979248,0.6765729188919067
1774471305129510100,63.26651025390625,-0.6379314083129167,1.2792280552752315,0.0613391425818204,-0.2377357184886932,0.1570623219013214,0.8351251482963562,-1.5612819327503442,-0.0852098475128412,-2.893468694144487,1.1347272396087646,-0.593787431716919,-1.982973456382752,-1.3785387627243997,-2.0978449704319235,0.6969833167403936,1.2391963005065918,-3.0882837772369385,0.7319790720939636
1774471305139538200,63.2765380859375,-0.7638011829942465,1.331288497380167,1.0657570078998804,-0.2109346687793731,0.1825175136327743,0.8751025199890137,-1.6037065315037964,-0.5897527760773896,-2.5004519576102493,1.056472897529602,-0.5253322720527649,-2.09467887878418,-1.3136439734876155,-2.039727712506056,0.2321916030015796,1.0932973623275757,-2.6968584060668945,0.7413038611412048
1774471305149565200,63.28656518554688,-0.8824211326777934,1.406970345830172,1.8150737384676927,-0.2175648808479309,0.1943438053131103,0.903777539730072,-1.3065715508833526,-0.97107147603333,-2.160267816597224,0.9986382722854614,-0.5136364698410034,-2.22852087020874,-1.0952338622748852,-1.955559483000636,0.4699992192540317,0.9562477469444276,-2.4570653438568115,0.6719827651977539
1774471305159592200,63.29659228515625,-0.9739327106833456,1.4670353768229485,2.0829776561677456,-0.2578495144844055,0.1892521977424621,0.9346520304679872,-0.8904770133614539,-1.0539736311256884,-1.722226527944207,0.9674261808395386,-0.5580431222915649,-2.366504669189453,-0.7896209761664271,-1.8095470840007064,1.0836755264282223,0.8472493290901184,-2.379866361618042,0.5360180139541626
1774471305169619200,63.306619140625,-1.063200893676281,1.425945387674123,1.9036071774452925,-0.3123777508735657,0.1688023060560226,0.9594330191612244,-0.6312161285832524,-1.0232669426947831,-1.3012532784700392,0.9440167546272278,-0.6413071155548096,-2.473949909210205,-0.5431748570367694,-1.5675029992222784,1.526980288567394,0.7370496988296509,-2.4523253440856934,0.3751623928546905
1774471305179647200,63.31664721679687,-1.2253490194410086,1.3270359545022248,1.545931803405285,-0.373835414648056,0.1405339241027832,0.9699732661247252,-0.7040420030802488,-0.9269792363286018,-0.982686510503292,0.8936173915863037,-0.7229143977165222,-2.52249526977539,-0.2481654902681708,-1.2327286082983016,1.744703586559743,0.637361466884613,-2.6527795791625977,0.1736388504505157
1774471305189674200,63.32667431640625,-1.4175859939992428,1.3675517970249056,1.277035367536545,-0.4322550594806671,0.1139619648456573,0.9826467037200928,-0.963790379114449,-0.7853677026361227,-0.8071329597204923,0.8055927157402039,-0.7718891501426697,-2.5030579566955566,0.1447159294486045,-0.9077759386867283,1.679979477714747,0.4951906502246856,-2.847962141036988,0.0249676797538995
1774471305199701200,63.336701171875,-1.6110715073138475,1.540339974747598,1.2084954997956752,-0.4742739498615265,0.0860645249485969,0.9908756613731384,-1.159841651263833,-0.6283779825478791,-0.7494827347844839,0.701330840587616,-0.7980585694313049,-2.4106295108795166,0.3705646662294864,-0.7072077736347914,1.3328744513973594,0.3444416224956512,-2.959800720214844,-0.1167753413319587
1774471305209728300,63.34672827148437,-1.8311682564392684,1.6992821440778672,1.2263912219703197,-0.5056704878807068,0.0707383006811142,0.9967708587646484,-1.147989593167603,-0.4452823458224534,-0.5851683708965778,0.609578549861908,-0.8294793367385864,-2.278043508529663,0.5672963218584657,-0.6831067670792341,1.2817466139674183,0.276260495185852,-2.9827892780303955,-0.2671990394592285
1774471305219755300,63.35675537109375,-1.9625521183669563,1.80790413909927,1.2079489718288183,-0.541354775428772,0.0725790336728096,0.9880988001823424,-1.017518754431605,-0.2906564322561025,-0.3159937026083469,0.5465927720069885,-0.8667116165161133,-2.1166608333587646,0.5505038847506046,-0.5502238987654448,0.7136383912041783,0.1870563328266143,-2.956517457962036,-0.3595049977302551
1774471305229783300,63.366783203125,-1.927694447736442,1.87405565039888,1.1190560518890618,-0.603069543838501,0.0695073455572128,0.9539674520492554,-0.9456415589615702,-0.1991021841526031,-0.012003157004714,0.5143826603889465,-0.8931706547737122,-1.9499907493591309,0.5325435729071497,-0.5328630141198635,0.2678724996484816,0.0784284919500351,-2.928633689880371,-0.4235411882400512
1774471305239810300,63.37681030273438,-2.0424796415627,1.9121818213060493,0.965539560869336,-0.6696687340736389,0.0571626797318458,0.9348255395889282,-0.948631680688262,-0.1852121904879808,0.1446837807446718,0.502635657787323,-0.911065638065338,-1.7838902473449707,0.8284671319112181,-0.6284042860329151,0.3838050368789583,-0.0099101606756448,-2.9329097270965576,-0.4964779913425445
1774471305249837000,63.38683715820312,-1.926675918343663,1.7074813787549734,0.5681581993848085,-0.7249181270599365,0.0499782711267471,0.9155789017677308,-1.0250324910625814,-0.1212882921099662,0.1586222897261381,0.4913515746593475,-0.910253405570984,-1.6145219802856443,1.1645911838784813,-0.7290157008171081,0.922044775601104,-0.053044643253088,-2.928515672683716,-0.5422903299331665
1774471305259864000,63.39686401367187,-1.675664683255553,1.3222605567939578,0.0168885909587144,-0.7801715135574341,0.049088928848505,0.8759751319885254,-1.10658235476315,-0.0270616099268198,0.0974170026570558,0.4821428060531616,-0.9086268544197084,-1.4398040771484375,1.2554521890208123,-0.7961848647266626,1.302227384199202,-0.0815013200044632,-2.887423515319824,-0.5606948733329773
1774471305269891300,63.40689135742188,-1.586508143943548,0.9838352421469986,-0.4595721524596214,-0.8263725638389587,0.0635443031787872,0.8471059203147888,-1.1719967839598655,0.074844520843029,0.0283487271279096,0.4617459177970886,-0.8749605417251587,-1.2572009563446045,1.27806032667011,-0.933909327852726,1.3980955499790608,-0.1060485616326332,-2.872331142425537,-0.5609042048454285
1774471305279919000,63.416919189453125,-1.3060516186624764,0.6851357886888086,-0.880051480937004,-0.8480826616287231,0.0837370380759239,0.8143685460090637,-1.3520108212828634,-0.0149561615914106,-0.1100070196390151,0.4199533462524414,-0.8231934905052185,-1.067023515701294,1.2873752675041557,-1.179817686843872,1.49711487326622,-0.1400195807218551,-2.84997034072876,-0.5361567735671997
1774471305289946000,63.42694604492188,-0.9135720577448606,0.359477016634494,-1.414314424982667,-0.8483039736747742,0.1245987191796302,0.7843017578125,-1.3252259824708104,-0.225052033445239,-0.3829822492539882,0.3463481068611145,-0.736708402633667,-0.8965328931808472,1.320461544547975,-1.4468816465884446,1.4692515915676951,-0.1977819502353668,-2.8217108249664307,-0.4854206144809723
1774471305299973400,63.43697338867187,-0.5592533006563782,0.0075227967202663,-1.924281132161617,-0.8247795701026917,0.1395892798900604,0.7556968927383423,-0.9924117857038974,-0.5283417373031377,-0.5958499239087105,0.2797014713287353,-0.6434722542762756,-0.7662515044212341,1.4045230988085269,-1.5774626677006482,1.3399514040462672,-0.2670821845531463,-2.7891106605529785,-0.4382781386375427
1774471305310000000,63.44700024414063,-0.2617819276884198,-0.4560110989771783,-2.3612124137461183,-0.7738894820213318,0.1194749474525451,0.7409951686859131,-0.4949418642655014,-1.0003998618483545,-0.581221679097414,0.2566246688365936,-0.5665729641914368,-0.7101331353187561,1.497784443090856,-1.429810684800148,1.3208391456887123,-0.3270961046218872,-2.7494900226593018,-0.4124825298786163
1774471305320028400,63.4570283203125,-0.1087450368791818,-0.9281754603758454,-2.6081571300476787,-0.6923200488090515,0.0769782811403274,0.7228785753250122,0.0214721193566918,-1.476798645946383,-0.4980787009865045,0.2532213032245636,-0.5337048768997192,-0.7169448733329773,1.5810989783763885,-1.034179381853342,1.2201670867584644,-0.3883663713932037,-2.691814661026001,-0.4040682911872864
1774471305330055200,63.46705517578125,-0.1357341660916805,-1.303696872229874,-2.5508611253768203,-0.6012924313545227,0.010241325944662,0.7147886753082275,0.2542284435689449,-1.9917507403224703,-0.5718208135455847,0.2355666905641555,-0.4966949224472046,-0.7562760710716248,1.696338637971878,-0.5937737021565437,1.0328824739106,-0.4604008495807647,-2.5898611545562744,-0.4132327735424042
1774471305340082200,63.47708227539062,-0.156183079880476,-1.4564046772152184,-2.0895406679451463,-0.518165111541748,-0.0488264076411724,0.7046816349029541,0.5354141599074006,-2.14900934047997,-0.5307639960139989,0.2100337445735931,-0.490098237991333,-0.8318068981170654,1.8125699389532208,-0.2596633280992508,0.9118097973126916,-0.5121641755104065,-2.4702084064483643,-0.4503258168697357
1774471305350109200,63.48710913085937,-0.245177414368093,-1.436229173540324,-1.183990004092455,-0.4547683000564575,-0.0874126851558685,0.6809827089309692,0.817928202240169,-2.232833871114254,-0.4488835851848125,0.184112399816513,-0.5187447667121887,-0.9217267036437988,2.05912536367625,-0.0429857397675514,0.7963453890506178,-0.5712525844573975,-2.339231014251709,-0.4995703101158142
1774471305360136200,63.49713623046875,-0.4450187264502048,-1.358104023591429,-0.1630044503331184,-0.409790575504303,-0.0905794501304626,0.6494421362876892,1.1522571874842047,-2.100974500629306,-0.1417640939056873,0.1812359243631363,-0.573395311832428,-1.0235965251922607,2.252471322389692,0.1669271767348051,0.6199795720368624,-0.6365748643875122,-2.2010865211486816,-0.5236602425575256
1774471305370164200,63.50716430664063,-0.4628302774727344,-1.2724955321498217,0.7113806754052638,-0.3582592308521271,-0.0423416160047054,0.6154300570487976,1.4923054271578788,-1.8172382230252029,0.2961819176793098,0.1888906508684158,-0.6541127562522888,-1.1420480012893677,2.330141275916993,0.4252566258817911,0.5604132843464613,-0.6983562707901001,-2.05728816986084,-0.5180845260620117
1774471305380191000,63.51719091796875,-0.2176587083235382,-1.2766399384781717,1.3817664925992488,-0.2932440936565399,0.0578596331179142,0.59076327085495,1.658458112388849,-1.6498720703512428,0.5834124671399593,0.1896033883094787,-0.746450662612915,-1.2572811841964722,2.316218987417966,0.6999503498524428,0.6495657320052385,-0.7422901391983032,-1.9280472993850708,-0.484743058681488
1774471305390218200,63.52721826171875,0.2231409391269087,-1.4954622837536036,1.6669208203077317,-0.221024751663208,0.1570277661085128,0.5630304217338562,1.515716405622661,-1.4998960284173488,0.7668541408240794,0.1592897027730941,-0.8306409120559692,-1.346648097038269,2.193182098075002,0.928425928005576,0.8152895973648876,-0.7561460137367249,-1.805552959442139,-0.419891893863678
1774471305400245200,63.537245361328125,0.6537134993344546,-1.8279929874040184,1.5038801296174524,-0.168367862701416,0.2433604896068573,0.529877245426178,1.291577979891002,-1.354786715736985,0.7098188329160213,0.0842686668038368,-0.8939806222915649,-1.4064429998397827,1.9405831554040311,1.0914327164262532,0.9992439698114992,-0.7519363164901733,-1.6980429887771606,-0.3299050331115722
1774471305410273300,63.54727319335937,0.8611392751961946,-2.068696325097978,0.971591700515151,-0.1194493174552917,0.3106527328491211,0.4872126281261444,1.1335206305712462,-1.1471090109407902,0.5624965203613043,-0.0144587066024541,-0.9359527826309204,-1.4431935548782349,1.7689330418005584,1.1805664593845606,0.987397756934166,-0.7419559359550476,-1.6083370447158811,-0.2286377549171447
1774471305420300300,63.55730029296875,0.8537497494667768,-2.161477923039347,0.2679436651885509,-0.0761788487434387,0.3323391079902649,0.4454724490642547,0.9533157468512654,-0.8866711913377046,0.6518652411192655,-0.0906005650758743,-0.9602031111717224,-1.4746785163879397,1.6282301473855971,1.2466349685758351,0.8694725845817476,-0.7346311807632446,-1.5000420808792114,-0.1198912858963012
1774471305430327300,63.56732739257812,0.7586819402843713,-2.0675869025513527,-0.264521289524436,-0.0309330765157938,0.3071810007095337,0.4203178286552429,0.721895347417891,-0.5697375775307416,0.831031721702218,-0.1340545713901519,-0.9788814783096312,-1.5033305883407593,1.3599414681516586,1.3000485788553953,0.7489309461206197,-0.7137961387634277,-1.3834489583969116,-0.0087097287178039
1774471305440354000,63.57735400390625,0.6167682087749242,-1.861771776756644,-0.4916735101193189,0.0043150940909981,0.2735746502876282,0.4200543165206909,0.3948337228283285,-0.2646329332053661,0.8700321912258863,-0.1494639664888382,-0.9759286046028136,-1.5186972618103027,1.1174163218580186,1.416570679476857,0.5738058498829602,-0.713044285774231,-1.240328073501587,0.0907542780041694
1774471305450381300,63.58738134765625,0.4893734164834022,-1.4052867766574024,-0.4444494021296501,0.0472132936120033,0.2498839646577835,0.4414376318454742,-0.0510275919258594,-0.0495312158882617,0.7916606653004884,-0.1615706980228424,-0.9407256245613098,-1.504329800605774,0.9674816348478198,1.5446265660256149,0.4553513929594308,-0.7007849216461182,-1.0761826038360596,0.1744824796915054
1774471305460409000,63.5974091796875,0.4938420863300561,-0.9377614732362328,-0.1905482908189296,0.0860183835029602,0.2217716425657272,0.4870458245277405,-0.4908221539869904,0.0226063840836286,0.6067606095016003,-0.1865485608577728,-0.8839449882507324,-1.4763822555541992,0.9184170135580004,1.5618758069902658,0.3863527486003935,-0.707744300365448,-0.9401655197143556,0.2320901155471801
1774471305470436000,63.60743603515625,0.4761591301232576,-0.5395421996228397,0.2214928796589374,0.1053795665502548,0.1841457039117813,0.547088623046875,-0.7011015657141805,-0.0389034388899803,0.4649778108954429,-0.2118227630853653,-0.8105980753898621,-1.4628733396530151,0.8247275069914758,1.4783388611257076,0.395448347595334,-0.6866751313209534,-0.7894360423088074,0.2814179062843323
1774471305480463400,63.61746337890625,0.3805819101139903,-0.2868674152366817,0.6595142945677042,0.1022235006093978,0.1468943655490875,0.6116728186607361,-0.7311068278774618,-0.1729822389900684,0.5692231982678174,-0.2308759838342666,-0.7430058717727661,-1.475514531135559,0.8092330007396638,1.3077730356276034,0.3586541559442877,-0.649803638458252,-0.657577633857727,0.3223970532417297
1774471305490490000,63.62748999023437,0.3467985907167196,-0.2278334808573126,1.1352747807621957,0.0731577575206756,0.1193724572658538,0.671615481376648,-0.7729635636150837,-0.4824263738244772,0.6816133136510849,-0.2656355798244476,-0.6905155181884766,-1.5078938007354736,0.8406807167962193,1.0767957037866116,0.4265433046914637,-0.6180371642112732,-0.531126856803894,0.3450407981872558
1774471305500517000,63.63751708984375,0.3996849622517824,-0.213453657849133,1.333923375928402,0.0019207178847864,0.1230756565928459,0.7223646640777588,-0.613928309173882,-0.5971031388401985,0.9387275417894124,-0.2926087975502014,-0.6494041681289673,-1.5660796165466309,0.9603880233250558,1.1134358739197254,0.2108566270932555,-0.6362580060958862,-0.4685095250606537,0.3325806856155395
1774471305510545200,63.647545166015625,0.5924331012025476,-0.3077997286282479,1.3537848452180623,-0.0884211584925651,0.1255175173282623,0.7484450340270996,-0.4645870580121874,-0.5186702381163836,1.329943366381526,-0.303957849740982,-0.6448200345039368,-1.611628770828247,1.1811410444021224,1.278372169098258,0.2738466056220233,-0.6053623557090759,-0.3732371628284454,0.3285859227180481
1774471305520572200,63.657572265625,0.7375351073592901,-0.4998161923035979,1.2204723533153534,-0.1778401136398315,0.1200638115406036,0.7667121887207031,-0.612863310290873,-0.6227940449357032,1.211457272210717,-0.332893818616867,-0.6257928013801575,-1.6233422756195068,1.192022503900528,1.172369124403596,0.2534434306710958,-0.6192653775215149,-0.2982710599899292,0.3213671445846557
1774471305530599200,63.66759912109375,0.8517547762572765,-0.6411372186169028,0.8374819207549095,-0.2718401253223419,0.1288511753082275,0.7798641920089722,-0.5753244377523661,-0.4267337126970291,1.1780319724708794,-0.3489279150962829,-0.6218132376670837,-1.6145849227905271,1.369757198114693,1.2587462621301413,0.050264644729346,-0.6484072208404541,-0.2709997296333313,0.2924700975418091
1774471305540626200,63.677626220703125,0.9535855037033556,-0.6192604639820755,0.3649211073845624,-0.3464753925800323,0.1311901807785034,0.7768964767456055,-0.5499275461673736,-0.1928448773235082,1.361390644046664,-0.3530753552913666,-0.6143964529037476,-1.5774013996124268,1.4855620903775095,1.5306190834611653,-0.0663349050424993,-0.650132417678833,-0.218082457780838,0.2768804728984833
1774471305550654200,63.687654296875,1.0290735831469298,-0.5266323030367493,0.0085872110813856,-0.4034662246704101,0.1213205084204673,0.7621737718582153,-0.5794099535003304,-0.0149929864704608,1.4112269803613424,-0.3559728860855102,-0.6112893223762512,-1.5257357358932495,1.3330183899126946,1.5908675081968306,-0.2174333751350641,-0.6566051244735718,-0.1761985570192337,0.2786058485507965
1774471305560681200,63.69768115234375,1.0802025896206495,-0.4270604604333639,-0.2305377713799476,-0.4457690715789795,0.0996672660112381,0.731000542640686,-0.5896250580444932,0.1625695660471916,1.4133148925513028,-0.3728525936603546,-0.6283522844314575,-1.4558601379394531,1.145562219890207,1.652977050629258,-0.1547289355494082,-0.6093313694000244,-0.1483253836631775,0.29653000831604
1774471305570708200,63.70770825195312,1.0968687700003386,-0.297881561204046,-0.3725935417085886,-0.4798298180103302,0.0872169882059097,0.6946542263031006,-0.6383451036803424,0.4805640870839357,1.4467992290019989,-0.4041780233383178,-0.6438812017440796,-1.3697301149368286,0.9055809128604828,1.6639584633708,-0.0459935432814061,-0.5308837890625,-0.0810897201299667,0.332678347826004
1774471305580735200,63.7177353515625,1.063363098500669,-0.278950796893239,-0.3653033847004175,-0.5069968104362488,0.0595275461673736,0.6556722521781921,-0.7320023154124617,0.7693249148517847,1.514675664398074,-0.4195763170719147,-0.6583421230316162,-1.2696452140808103,0.6045660220667719,1.6662439439594745,-0.3038359395638108,-0.5116134285926819,-0.0402011424303054,0.3743765354156494
1774471305590762200,63.72776220703125,0.9976537780106068,-0.4133510840326547,-0.1841512832581996,-0.5305995941162109,0.0305398367345333,0.631700873374939,-0.7890265174046158,0.942868879377842,1.6191934389710425,-0.4139144420623779,-0.6755551695823669,-1.1642072200775146,0.4294141839526593,1.7704881622880695,-0.3286038855955004,-0.465401291847229,-0.0313941463828086,0.4109592735767364
1774471305600790300,63.737790283203125,0.9231988410070538,-0.58860988965258,0.045519057637453,-0.5545243620872498,0.0199776068329811,0.6147830486297607,-0.9481459429979324,0.9865162979245186,1.635586355367303,-0.4042812585830688,-0.6666285395622253,-1.0484838485717771,0.2313572710692882,1.6604238595038652,-0.0324913798905909,-0.3622967302799225,0.0192903392016887,0.4619566798210144
1774471305610817300,63.7478173828125,0.830345493003726,-0.7904515817716717,0.2740080797940492,-0.5747675895690918,0.0257856920361518,0.6068244576454163,-1.278668521696329,0.8951385754317045,1.4975240385890003,-0.3997906148433685,-0.6168103814125061,-0.9228787422180176,-0.0937453284069895,1.0052227519601582,0.083600658750534,-0.2354948073625564,0.1067897006869316,0.5080811381340027
1774471305620844000,63.75784399414062,0.711272246594727,-0.9529612343251704,0.3322814050644636,-0.6145082116127014,0.0563757047057151,0.6138560771942139,-1.5722759127125143,0.7557669296205043,1.229917642530799,-0.4029591679573059,-0.5230592489242554,-0.7970860004425049,-0.3673009882584214,0.2087795285582542,0.0909901844799518,-0.0775051712989807,0.2416979819536209,0.5551857948303223
1774471305630871300,63.76787133789063,0.5725520504295826,-0.9018437721587717,0.1127197857290506,-0.6690489053726196,0.0945284143090248,0.6218596696853638,-1.7544480048522353,0.5694727891147137,1.0141074846833944,-0.4039109647274017,-0.4153168201446533,-0.6845975518226624,-0.7453437352836132,-0.7338543730199336,0.1258572074607014,0.0759853348135948,0.3878556787967682,0.6039573550224304
1774471305640899000,63.777899169921874,0.4694228076055645,-0.6789929020196199,-0.2853033807903528,-0.7322427034378052,0.1208798810839653,0.6511573195457458,-1.8375909829631447,0.4083674504011869,0.816868756315112,-0.3935623168945312,-0.2886109054088592,-0.5839465260505676,-1.001698377226293,-1.6771604747712612,0.376961527659744,0.2222344130277633,0.4902510344982147,0.6362511515617371
1774471305650926000,63.78792602539063,0.4431611158847808,-0.4497787804588675,-0.6560334667146206,-0.7825418710708618,0.101901389658451,0.6968414783477783,-1.913852092605829,0.2703758607715368,0.626170243370533,-0.3701765537261963,-0.1797113269567489,-0.4842318892478943,-1.04908469004035,-2.361006077519059,0.8291336329959332,0.367013931274414,0.5194389224052429,0.6479201316833496
1774471305660953300,63.79795336914062,0.4194254355102777,-0.1821104981455951,-0.9652782795846462,-0.8166338205337524,0.0357954874634742,0.7511307001113892,-1.996643773061037,-0.082269117885828,0.2119955679953098,-0.3361954092979431,-0.0576061867177486,-0.3976850211620331,-1.0991571731984615,-2.7939216937214133,1.2514034981518982,0.4856031537055969,0.5056504011154175,0.6489492058753967
1774471305670980000,63.80797998046875,0.3453068908542394,0.1326936293520033,-1.0833657298266888,-0.8240815997123718,-0.0437153205275535,0.8098810911178589,-2.049207050121576,-0.4322048375844955,-0.2335240937143564,-0.2908790707588196,0.0826137736439704,-0.3376669585704803,-1.075543365637958,-3.070817311650514,1.3432722190320492,0.5494081377983093,0.4630146324634552,0.6505043506622314
1774471305681007000,63.818007080078125,0.2406955927789211,0.3936236163862049,-1.113169916459918,-0.8316379189491272,-0.1380727589130401,0.8529812097549438,-2.176448259286582,-0.8697317469745874,-0.6864607536822557,-0.2075350731611251,0.1777342557907104,-0.2455581277608871,-0.7692275919571518,-3.00338628193438,1.2580338760770855,0.5316262245178223,0.3700143992900848,0.6270349621772766
1774471305691035400,63.82803540039063,-0.0008896423161029,0.5191905356634408,-1.006995022329688,-0.8399456143379211,-0.2026826441287994,0.85267573595047,-2.5474106926620004,-2.208338896805048,-1.67013159904778,-0.1718625575304031,0.33620086312294,-0.1719142794609069,-0.3631006139591336,-2.4059628250986336,1.0137620322465897,0.4476252496242523,0.2481733113527298,0.5742314457893372
1774471305701062100,63.83806225585938,-0.4383429019480943,0.5346805118706077,-0.7291939799934625,-0.8539059162139893,-0.2524612843990326,0.8103499412536621,-2.418353227855265,-2.9116502475231885,-2.2933973531484604,-0.1509875655174255,0.4976127743721008,-0.0774905905127525,-0.1994493901550769,-1.463960791683197,0.6408772525064647,0.3150229752063751,0.1374220103025436,0.4978836476802826
1774471305711089200,63.84808911132812,-1.3866545569017528,0.4025938354358077,-0.2119347777187824,-0.871562123298645,-0.3286050260066986,0.7360134124755859,-2.2696343463756143,-3.2981682696878907,-2.5518939755558967,-0.1370613574981689,0.6833594441413879,0.0102461883798241,-0.1492781227976083,-0.5891805291473865,0.1067971176818013,0.1511919051408767,0.079030618071556,0.4032377004623413
1774471305721116400,63.858116455078125,-2.522878016690909,-0.0089851974230259,0.4505979878872633,-0.8379294276237488,-0.4115359187126159,0.6371087431907654,-1.692253999006748,-2.7658886084139347,-2.511394791907072,-0.1097810640931129,0.8314123749732971,0.1269854307174682,-0.0408431747809052,0.0889881970077753,-0.3945049292653799,-0.0428931452333927,-0.0071889515966176,0.2776291966438293
1774471305731143200,63.86814306640625,-3.142166391593218,-0.6155004538614303,1.2176783386826515,-0.7272425889968872,-0.4394953548908233,0.5306960344314575,-1.0593991633057591,-1.7712796049267052,-2.213828141871095,-0.0792756155133247,0.913537621498108,0.2666109800338745,0.0376022931635379,0.6700473790198564,-0.4728986670225858,-0.1400627791881561,-0.1186448037624359,0.1440080404281616
1774471305741171200,63.878171142578125,-2.875818763424456,-1.160195506202802,2.057347540348768,-0.516876757144928,-0.4028747677803039,0.4880402088165283,-0.3332451355300843,-0.5248357750087976,-1.901302992156148,-0.0461402758955955,0.9360367655754088,0.4026555716991424,-0.0470566424682736,1.103259347820282,-0.3539876254379749,-0.1732228696346283,-0.2118306756019592,0.0194549318403005
1774471305751198200,63.8881982421875,-1.7416060589358209,-1.374915896052122,2.67846576102674,-0.223283439874649,-0.2697483897209167,0.531105101108551,0.3867874867558479,0.6438947006314992,-1.3900298785537482,-0.0104475263506174,0.9027440547943116,0.5096155405044556,-0.2126002558901905,1.3327169227480888,-0.3945134048327803,-0.1765099167823791,-0.3018482029438019,-0.0885383710265159
1774471305761225200,63.89822509765625,-0.4586486078739166,-1.1697595994923262,2.6998762133240697,0.0683766826987266,-0.0894867107272148,0.6164706349372864,0.951985082769394,1.4819827705860138,-0.6337281114041805,0.0229194611310958,0.8008430600166321,0.5845022201538086,-0.2489958036124706,1.668847988978028,-0.4191910422325134,-0.1280262768268585,-0.4152786135673523,-0.1771209686994552
1774471305771252200,63.908252197265625,0.2205459541976451,-0.2737412455514073,1.7703297568559646,0.2325482964515686,0.1338036358356475,0.7097201943397522,1.2566286854542792,1.8739397689342496,0.2823521297693252,0.0479563698172569,0.621457040309906,0.6089257597923279,-0.243148246628046,1.894235537987948,-0.2905769372791051,-0.1212517470121383,-0.61434006690979,-0.2616104185581207
1774471305781280300,63.9182802734375,0.7008528516501188,0.8993811083722859,0.4343529555290937,0.2601312696933746,0.3583897650241852,0.7428765296936035,1.3551343601308763,1.785170767635107,1.2969003439575433,0.0666311606764793,0.4031656682491302,0.574216365814209,-0.0457382533460855,1.8859078546255823,-0.028714491700381,0.0155630921944975,-0.7516878247261047,-0.3165269196033478
1774471305791307300,63.92830737304688,1.1436363663941622,1.2681284229815006,-0.5950701717078686,0.2018253654241562,0.5585590600967407,0.7236402630805969,1.2990179206334054,1.2914274655044078,2.144277635782957,0.0696687623858451,0.1862876713275909,0.4761119186878204,-0.2372220714494586,1.6795494157344102,0.0759008980281651,0.1403557211160659,-0.7929701805114746,-0.2939475476741791
1774471305801334000,63.938333984375,1.2520721911936998,0.8906234360948204,-1.4539853411138055,0.1003061681985855,0.7121357917785645,0.6502333879470825,1.060878149817139,0.6887848127156496,2.6424370007902382,0.0556384772062301,-0.0301043707877397,0.3322328627109527,-0.4892471597552299,1.2178174548923968,-0.2010493726976215,0.2483303993940353,-0.7227932214736938,-0.2513505518436432
1774471305811361300,63.948361328125,1.1267392998680472,0.1776834024183452,-2.022261613920331,7.78345856815e-05,0.777759850025177,0.5471919775009155,0.7411410228967666,0.1676642588376999,2.864325017246604,0.0320740267634391,-0.2371182739734649,0.1610438227653503,-0.9340803005054592,0.818940886414051,-0.2778064491637051,0.3282737731933594,-0.5927122235298157,-0.1711476445198059
1774471305821388300,63.95838818359375,0.8782005923733115,-0.5175735289208591,-2.2377754191696644,-0.0802861973643302,0.7711110711097717,0.4216853678226471,0.3977788363695144,-0.2012128926962614,2.822695952785015,-0.0006831432692706,-0.4215461015701294,-0.0157809145748615,-1.355581373246014,0.6609399434566497,-0.1961240451246499,0.3798472285270691,-0.4267703890800476,-0.0590951368212699
1774471305831416000,63.968416015625,0.5428931174859404,-1.1898228018991648,-2.2510405589342115,-0.1270302683115005,0.7126075625419617,0.3068754374980926,0.0272981951616704,-0.3664911331802606,2.450099488466978,-0.0411970131099224,-0.5640361309051514,-0.1940007209777832,-1.2813923937022684,0.3920879312515258,0.080954235894978,0.4642775654792785,-0.2420795857906341,0.0690603479743003
1774471305841443300,63.978443359375,0.2954991961121559,-1.798606295530498,-2.111978709724545,-0.1403321772813797,0.6150018572807312,0.2239927947521209,-0.3898470204569399,-0.3312093919187784,1.832920360803604,-0.0656484141945838,-0.6497756242752075,-0.3519265949726105,-0.8998086130693554,-0.3469827151119709,0.0724377519622445,0.5192769169807434,-0.0972419679164886,0.1709427833557129
1774471305851470300,63.98847021484375,0.2111529796913266,-2.251298479218036,-1.84928522014916,-0.0937532186508178,0.5328880548477173,0.1670011430978775,-0.7917081577040255,-0.2073971342891454,1.0620195749372243,-0.055898580700159,-0.6739243268966675,-0.4660190641880035,-0.7475935600370168,-0.7663169652074575,0.1483208220727741,0.5393009781837463,-0.0386600419878959,0.2351569384336471
1774471305861497000,63.9984970703125,0.2395221650853753,-2.4704478644907475,-1.461180221053958,-0.0126374009996652,0.4948922097682953,0.1158682852983474,-1.1870470535755158,-0.1392284379482269,0.2200467725038528,-0.0187516044825315,-0.6365586519241333,-0.523978590965271,-0.6961492040038109,-0.6208312204301357,0.4776224806740879,0.5574477314949036,-0.021911421790719,0.2623675167560577
1774471305871524000,64.00852416992187,0.260804314827919,-2.3852140515804288,-0.87849256105721,0.0511639453470706,0.4584828019142151,0.083883449435234,-1.641536349812895,-0.0609919365793466,-0.5571773711651563,0.0275423899292945,-0.5265656113624573,-0.5037680864334106,-0.5794190135896206,-0.4653577501237392,0.7341859430618584,0.5458890199661255,-0.0242997221648693,0.2491482645273208
1774471305881552100,64.01855224609375,0.1921867056757211,-1.9451625921487807,-0.1921820295006036,0.0822559893131256,0.3904497325420379,0.0549408681690692,-1.9909363551996648,0.0032733225822448,-1.1723030734300612,0.0682288855314254,-0.3772206604480743,-0.4132309257984161,-0.4056768961429596,-0.5026929167836904,0.7752237636320293,0.5414546132087708,0.0053745503537356,0.2144962698221206
1774471305891579100,64.0285791015625,-0.030977614326775,-1.224198241970688,0.4081313035577535,0.0683106034994125,0.3081479370594024,0.0238639079034328,-2.1056397159613667,0.0484165326446294,-1.5708786131352186,0.1221837326884269,-0.1974490284919738,-0.2824609279632568,-0.3185398799598217,-0.5259662403434515,0.6256906431600451,0.4907447099685669,0.068361148238182,0.1624505966901779
1774471305901606100,64.03860620117187,-0.2098293298721313,-0.4843202978122979,0.800598589515686,0.0126924570649862,0.2342488318681717,-0.0016566608101129,-2.0245031092368064,0.0938520036518573,-1.6228203972965478,0.193869948387146,-0.0131719503551721,-0.1439865827560424,-0.221016202057898,-0.4780068038165569,0.3844911925122141,0.4339030086994171,0.1298412978649139,0.1052030250430107
1774471305911633200,64.04863305664063,-0.2122334684044122,0.2250160122837871,0.9941390478879212,-0.0716810151934623,0.1964625716209411,-0.0055896174162626,-1.7010403859220444,0.0001478840380907,-1.347051153048873,0.2669034004211426,0.1472512781620025,-0.0175985470414161,-0.1125111114144325,-0.3885620952129364,0.4902892161540687,0.3911989033222198,0.1806231439113617,0.0457248799502849
1774471305921661200,64.0586611328125,-0.1114835219323635,0.8029164380040019,1.0197317543059587,-0.157697319984436,0.1759426295757293,0.0061410991474986,-1.1892647296249863,-0.3214005300879478,-0.9136679193347692,0.3068303167819977,0.2490681707859039,0.0758810192346572,0.0776844204440712,-0.3519073120325803,0.6783567960731685,0.331184834241867,0.1761495620012283,-0.0150354038923978
1774471305931688200,64.06868823242188,-0.0535641246661543,1.1642577872056514,0.917534531635046,-0.2241341322660446,0.1630731523036956,0.0161364749073982,-0.5965642096579075,-0.6627408553987741,-0.4328372902691364,0.3205775618553161,0.2865124642848968,0.1214815229177475,0.2616927881002426,-0.1564315016835928,0.7905148562662303,0.266142338514328,0.1271261572837829,-0.0767724141478538
1774471305941715200,64.07871508789063,-0.0402881712466478,1.3609943382054566,0.8023410492688416,-0.2613453269004822,0.1647863835096359,0.0215412881225347,-0.0402070688344538,-0.8156973744481801,0.0186707982003688,0.3247562646865845,0.2717265188694,0.1141259968280792,0.2837260484710335,0.2339437804311513,0.7658376572579145,0.1812341064214706,0.0522108934819698,-0.1383108794689178
1774471305951742200,64.0887421875,0.0177066293433308,1.349417589919269,0.7389180861502885,-0.2367350757122039,0.1840929687023162,0.0391075015068054,0.3770775552548467,-0.8542536073356867,0.2797071682184934,0.3204035758972168,0.216954618692398,0.0735703110694885,0.2652095640495419,0.4679857605397701,0.7510710268892348,0.1294503957033157,-0.0063420962542295,-0.1827315539121627
1774471305961769200,64.09876928710938,0.0297977568924427,1.1237484474889934,0.8433031742542981,-0.1846543401479721,0.2024809122085571,0.0623521618545055,0.5521507751747966,-0.7257371175378561,0.3405301779717207,0.2991876006126404,0.1413874626159668,0.0293994192034006,0.2647927999421954,0.4247621203631162,0.6994612511612475,0.0861111879348754,-0.0120753496885299,-0.1907767057418823
1774471305971797500,64.10879760742188,0.0118619949683547,0.7764153845693915,1.0041308650702236,-0.1340713202953338,0.2206056118011474,0.0880758911371231,0.5308699406065046,-0.425431982448697,0.3527653901666402,0.2599546909332275,0.0610963441431522,0.0004181012045592,0.1905366003811359,0.2369990763485431,0.5271610030859708,0.0393970645964145,0.0042147585190832,-0.1820788234472274
1774471305981824500,64.11882446289063,-0.0140051444768905,0.5397337036069483,1.066380692756176,-0.0938374251127243,0.2208732366561889,0.0997566059231758,0.4017432099558413,-0.0763578480154275,0.353375631019473,0.2163180857896804,-0.0070079932920634,-0.0083063719794154,0.0979749288007617,0.1961369046062231,0.3643323477111757,0.0250263791531324,0.0477694272994995,-0.1521214544773101
1774471305991851300,64.12885131835938,-0.1689253648146987,0.3945827437419444,0.9024895227164028,-0.0780190452933311,0.1800248771905899,0.0958020761609077,0.2633842483185231,0.2738759778469801,0.2988034983545541,0.1788354218006134,-0.0551089420914649,0.0019396076677367,-0.0162809804543852,0.2534621353715658,0.3241831465438008,0.0159064549952745,0.1002214029431343,-0.118399977684021
1774471306001878500,64.13887841796875,-0.4274924221098423,0.2941515078302472,0.6263309868901967,-0.0884400680661201,0.109889231622219,0.0779423639178276,0.118082774066925,0.4966133046090603,0.1938444097548723,0.1493711322546005,-0.0786964669823646,0.0246333964169025,0.058866907249391,0.3161801650911569,0.3167728702872991,-0.0034416757989674,0.057803638279438,-0.1175552234053611
1774471306011906300,64.14890625,-0.6102832306697964,0.2256592786233872,0.3735141636848449,-0.1247046068310737,0.05701270326972,0.0559209510684013,-0.0334498496592044,0.5521627578735351,0.1058691891819238,0.1270477175712585,-0.0776005759835243,0.0515875183045864,0.047538873027265,0.3856014918416738,0.5052778187103569,0.0343875735998153,0.0999961718916893,-0.0851244032382965
1774471306021933600,64.15893359375,-0.5837687332317233,0.1162942101497203,0.0956236894994974,-0.1530312597751617,0.050450824201107,0.0231628455221653,-0.1459714824676513,0.4824158524304628,-0.0086865798026323,0.1098430305719375,-0.0613675825297832,0.0664044618606567,-0.0569829931989312,0.1128343520194292,0.392473715698719,0.0827561765909195,0.1590808033943176,-0.0241638459265232
1774471306031960600,64.16896069335938,-0.4915384855628013,-0.1222524609670042,-0.2687479673087596,-0.1554526090621948,0.0649474784731864,0.0028690248727798,-0.2057832693517208,0.3390899160355329,-0.0975029273748397,0.0953359901905059,-0.0370760895311832,0.0667072683572769,-0.0885948137760162,-0.080128014203906,0.1685539011538028,0.0976453945040702,0.1700668632984161,0.0098152942955493
1774471306041987300,64.1789873046875,-0.4016226523160934,-0.3939041138280182,-0.6585650310188531,-0.1313890367746353,0.0831641852855682,-0.0168856680393219,-0.2695357566855847,0.1513496683746576,-0.1438181038260459,0.0818274468183517,-0.007125015836209,0.0526161417365074,-0.029685236428678,0.0814174694925546,0.0632974370427429,0.1237496957182884,0.1864383667707443,0.0301264263689517
1774471306052014300,64.18901440429687,-0.3847346458792686,-0.5430047611668706,-1.0415899503707886,-0.0880607366561889,0.1098501235246658,-0.0350641384720802,-0.3164686266437173,-0.0353477922350168,-0.1742518205344677,0.0764875411987304,0.0157675165683031,0.0272159781306982,-0.2038017401456832,0.2124170082777738,0.0613534633681178,0.1414380222558975,0.2459750175476074,0.063467726111412
1774471306062042400,64.19904248046875,-0.3958133815154433,-0.5293088287696242,-1.2554706014603376,-0.0443049073219299,0.1270797997713089,-0.0566233992576599,-0.4011583958052098,-0.1321370183825492,-0.2172948434472084,0.070682555437088,0.0377089865505695,0.0073021063581109,-0.2879047954604029,0.1816279022604227,-0.1250266018554568,0.1183055415749549,0.2551826238632202,0.0712327063083648
1774471306072069400,64.2090693359375,-0.3800865278124809,-0.3861134599518031,-1.2098135966569183,-0.0104729104787111,0.1177933514118194,-0.0814813375473022,-0.5416064386762678,-0.1532546252131462,-0.2623001063436269,0.0657431855797767,0.0697508081793785,-0.0065726963803172,-0.1245180678114294,0.2288824053883552,-0.065944590550661,0.0989026874303817,0.1887175291776657,0.0481806024909019
1774471306082096400,64.21909643554687,-0.3902642229557037,-0.1767194527570158,-0.9326999520629644,0.0108702201396226,0.0935048758983612,-0.1100661978125572,-0.6621406975485384,-0.1374894853264093,-0.3142261084139346,0.0614055767655372,0.1124628335237503,-0.0018820991972461,-0.1331900345668196,0.1457476105839014,0.2001435098990797,0.1257646679878235,0.2733817994594574,0.0774455517530441
1774471306092123400,64.22912329101563,-0.4292112087264657,0.0269889830820262,-0.4641898753881454,0.0223415195941925,0.0690783560276031,-0.1314417868852615,-0.7365326523184775,-0.0761591105729341,-0.35030396848917,0.0564635470509529,0.1619369089603424,0.0155711937695741,-0.3664066697672009,-0.2724450682610273,0.0844376940965652,0.1065319702029228,0.3229366540908813,0.0855541229248046
1774471306102150400,64.239150390625,-0.4103334897771477,0.210815564430505,0.0488134230077266,0.02876703068614,0.0619375705718994,-0.1362294852733612,-0.7219616906523704,-0.0100555300682783,-0.3770248021543025,0.0536389015614986,0.2123821377754211,0.0454735048115253,-0.1502817468822002,-0.2631219441205263,-0.0828568546459078,0.0781599879264831,0.265618234872818,0.0472253747284412
1774471306112178700,64.2491787109375,-0.3029556495979428,0.4114017765957862,0.4740893381118774,0.0346816442906856,0.0543193332850933,-0.1286850124597549,-0.6364626509346067,0.0377373177200555,-0.3451139986306428,0.0553694255650043,0.2528238594532013,0.0752473771572113,-0.1000505660310387,0.0438332965075969,0.1469558173298835,0.0350122451782226,0.1859717667102813,-0.0150691196322441
1774471306122205400,64.25920532226563,-0.2288295061573386,0.580542391596362,0.735498633095622,0.0385483615100383,0.0504603758454322,-0.1076840981841087,-0.4456080706454813,0.0951455505937337,-0.2859603833943605,0.0724481344223022,0.2751355469226837,0.1013945862650871,-0.1093093927636742,0.1486830795139074,0.3040798313222825,0.0116286259144544,0.0861301273107528,-0.0708993673324585
1774471306132232400,64.269232421875,-0.2038093389302492,0.7099028579376637,0.812031253156066,0.0308864451944828,0.0503365397453308,-0.0888757854700088,-0.2838506977640092,0.1323205582559108,-0.1792518207788467,0.0955965965986251,0.2845444977283478,0.1189823672175407,-0.2124859818607568,0.1157084461510181,0.4331846424020826,0.0087322182953357,0.1089634969830513,-0.0850163772702217
1774471306142259500,64.27925952148438,-0.1714119209334254,0.7615258584734051,0.7011895362585783,0.0099636316299438,0.0555975511670112,-0.0660591572523117,-0.1104420500554144,0.0984118589133024,-0.0732283178180456,0.1100755929946899,0.2650066316127777,0.1221992149949073,-0.2541258599773049,-0.1636217054486274,0.2203809728942811,-0.0138399358838796,0.0947640538215637,-0.1049091294407844
1774471306152287500,64.28928759765626,-0.1536392406165599,0.7274347883012146,0.4567629402577877,-0.0159435998648405,0.0535221472382545,-0.0526959486305713,0.0819544989787042,0.0464560462266206,0.0183726920366287,0.1221690103411674,0.2324042171239853,0.1044154241681099,-0.0610176555424928,-0.1292196696311235,0.261129747390002,-0.0415651015937328,0.0051604607142508,-0.1425811350345611
1774471306162314500,64.299314453125,-0.2212748529940843,0.5992405892603099,0.1798784282445907,-0.0439727194607257,0.0394266843795776,-0.0518420226871967,0.2428323125466704,-0.0255891992866992,0.117642629083991,0.1249700710177421,0.1886450946331024,0.074868619441986,0.0677037091776728,0.0878682530671358,0.4793080956734716,-0.0647276788949966,-0.0890089124441146,-0.1742868721485138
1774471306172341200,64.30934130859374,-0.3027005057930946,0.4001605438742786,-0.012648469170928,-0.0703036561608314,0.027836874127388,-0.0417590290307998,0.3075904697917401,-0.0651952334880828,0.1603080508559942,0.1180272027850151,0.1436826884746551,0.0357654243707656,0.158253164152801,0.1149193415999412,0.7281137835413217,-0.0811525508761406,-0.1991631984710693,-0.1913567036390304
1774471306182368500,64.31936840820312,-0.35126463021487,0.1978290954768657,-0.1158487314045429,-0.0898141041398048,0.0117513071745634,-0.0444969944655895,0.3297298208855092,-0.0722603495687246,0.1541559579670429,0.1158738806843757,0.0928939282894134,-0.0055532669648528,0.2211407052204012,0.0902501797676086,0.9205163239248096,-0.0844596698880195,-0.3121078610420227,-0.1879028528928756
1774471306192395500,64.3293955078125,-0.3952876040756702,0.0719047410640865,-0.1833154169559478,-0.1015325412154197,-0.0103025957942008,-0.0523916706442832,0.3437012092232704,0.0236889186233282,0.1789887859284877,0.1260250508785247,0.0382815562188625,-0.0537160038948059,0.2900891537621617,0.002073883664608,0.9626431087754668,-0.089854821562767,-0.403975248336792,-0.1735343486070633
1774471306202423300,64.33942333984375,-0.4394122847452759,0.0618812135692685,-0.1719002889722585,-0.1052977293729782,-0.0395810194313526,-0.0721597373485565,0.292757496188581,0.0441126979708671,0.1661614530593156,0.1304228901863098,-0.0112293697893619,-0.1085690557956695,0.3426540382578968,-0.0491921931922435,0.8842091851383447,-0.126093253493309,-0.534218430519104,-0.170822724699974
1774471306212450600,64.34945043945312,-0.4559253203898668,0.1142228107031434,-0.0649701925605535,-0.1013682335615158,-0.0768711268901825,-0.09570874273777,0.2220272787965834,-0.1167933187782764,0.0727004945516586,0.1247056201100349,-0.045515701174736,-0.1675897687673568,0.26862609449476,0.1427086812794208,0.9177147105075418,-0.1243773102760315,-0.5678703188896179,-0.1209158301353454
1774471306222477300,64.35947729492187,-0.4765925531044602,0.1824675679549574,0.0699567488014697,-0.0930825173854827,-0.1249452009797096,-0.1151452511548996,0.1469125627100467,-0.3334165465742349,0.0248012637794017,0.1144109070301055,-0.0637037605047226,-0.2380916327238083,0.1807563801229,0.0779541772961616,0.7791961743943393,-0.1508565843105316,-0.6035007238388062,-0.0897597819566726
1774471306232504300,64.36950439453125,-0.4371057613685727,0.2770052157834172,0.2019844615906476,-0.075626827776432,-0.1833965182304382,-0.1149495095014572,0.1707457121096551,-0.4016372653633356,0.0720364776849746,0.1004104018211364,-0.0835741385817527,-0.3156617879867553,0.3935562502384185,0.1051543189108371,0.5883024311386048,-0.1763160824775695,-0.6748546957969666,-0.0765905380249023
1774471306242532600,64.37953271484375,-0.3379255484312772,0.3324666985034942,0.2628758604049682,-0.0589725784957408,-0.2430713325738906,-0.1079924777150154,0.2347216329358518,-0.3001309475660323,0.0833072287619113,0.088041253387928,-0.1197140738368034,-0.3986664712429046,0.4235676498815417,0.2949012302190065,0.6280117795839906,-0.1981489509344101,-0.7619696259498596,-0.078471265733242
1774471306252559400,64.38955932617188,-0.2357248186290264,0.3307801336560398,0.2810083139449358,-0.0370025634765625,-0.2940951287746429,-0.0912976562976837,0.2579550628766417,-0.2146948900818824,-0.0277080911368131,0.065317302942276,-0.1498538702726364,-0.4867617189884186,0.3597708850145339,0.3422124319702386,0.675671064120531,-0.1923856139183044,-0.8231128454208374,-0.0977600142359733
1774471306262586400,64.39958642578125,-0.1712608220249414,0.331916955666244,0.3202963682383298,-0.0205914191901683,-0.321388304233551,-0.072105087339878,0.2478757135413587,-0.1981564277350902,-0.1417395439863205,0.0436535514891147,-0.1659007519483566,-0.5701642036437988,0.1942737410828471,0.3186871794760227,0.5379004237651824,-0.1711485087871551,-0.8194619417190552,-0.095726691186428
1774471306272613600,64.40961352539063,-0.0772927907779812,0.3790902102515101,0.4042389722943306,0.0009849790949374,-0.3146126866340637,-0.0544826835393905,0.2929379673220217,-0.1454915899962186,-0.1230365970820188,0.0305244326591491,-0.1767041236162185,-0.6530977487564087,0.0789227300673723,0.2834095298677683,0.0653475014403462,-0.1616061925888061,-0.7462707161903381,-0.0829499065876007
1774471306282640400,64.41964038085938,0.0229307937324047,0.5094741744216531,0.4904664724171161,0.0117809753865003,-0.3254521191120147,-0.0472142584621906,0.380561013456434,-0.0828010328054428,-0.0140314479619264,0.0329982414841651,-0.1892116814851761,-0.7369042634963989,0.0109340664684772,0.4253980801790952,-0.4304654465712607,-0.1783681362867355,-0.7113001942634583,-0.0864301174879074
1774471306292668400,64.42966845703126,0.0104658644348382,0.6697533645093441,0.4639946450769901,0.0055076340213418,-0.3583469688892364,-0.0506119206547737,0.4153578938104212,-0.050185295882821,0.1291454353511333,0.0389544032514095,-0.2016561031341552,-0.810280442237854,0.005488660544157,0.6653998454749583,-0.5419865240350366,-0.1666601151227951,-0.6342071890830994,-0.0759000331163406
1774471306302695400,64.4396953125,-0.1262064592897891,0.8229820515636355,0.4193991320252418,-0.017875213176012,-0.3962940871715545,-0.0505272559821605,0.4000609559573232,-0.015779752933979,0.2399924129456281,0.0313361138105392,-0.2017217427492141,-0.872444212436676,-0.1183764963164925,0.7498235110461712,-0.685381287882477,-0.1875033527612686,-0.6013794541358948,-0.0807943865656852
1774471306312722400,64.44972241210938,-0.231478851622343,0.924803499724716,0.4209451924234628,-0.0425659120082855,-0.4403435885906219,-0.0579388327896595,0.3123183750964701,0.0372498264640569,0.3036158670723438,0.0111320428550243,-0.195252925157547,-0.9120842814445496,-0.1547317120283842,0.942557329210639,-0.7712501838259398,-0.175117626786232,-0.5036761164665222,-0.0603203140199184
1774471306322749400,64.45974951171875,-0.2330222816720605,0.890496448714286,0.3865963480979204,-0.0635948330163955,-0.4786917865276336,-0.0625422894954681,0.1923965490341186,0.123825117111206,0.3290975143313407,-0.0091019077226519,-0.1768757551908493,-0.9260234832763672,-0.2644377028942108,0.8011457020044326,-0.8786717170163989,-0.1874653697013855,-0.4438449740409851,-0.0654546245932579
1774471306332776400,64.4697763671875,-0.1908689010754227,0.7924003777518868,0.3077379154384136,-0.0845959857106208,-0.4897665381431579,-0.0564665496349334,0.0573018498897552,0.2609843475699424,0.3279401609897613,-0.0173526462167501,-0.1388679146766662,-0.9188076257705688,-0.158366853660345,0.710084205853939,-0.9874623466029764,-0.1944988965988159,-0.3837095499038696,-0.0923543274402618
1774471306342804500,64.47980444335937,-0.1489697875007987,0.6773849553663284,0.255033914732933,-0.0979082137346267,-0.4908705651760101,-0.0443317368626594,-0.101145813921839,0.4215139322221279,0.2476572484850883,-0.0179705936461687,-0.0858494639396667,-0.884497344493866,-0.2225394661024212,0.6158347273170948,-1.0857640231400727,-0.2047299593687057,-0.3023805916309356,-0.1254912465810775
1774471306352831500,64.48983154296874,-0.1442094412311911,0.6036245764981955,0.2330699202060699,-0.106059618294239,-0.4853503406047821,-0.0317554883658885,-0.2606302003700286,0.6203916599690914,0.1930915455609559,-0.0146602839231491,-0.0280082654207944,-0.8170973062515259,-0.3099675741866231,0.3729512691050767,-1.2201269008785485,-0.2122645527124405,-0.2194897681474685,-0.1537883877754211
1774471306362858500,64.4998583984375,-0.113205815680325,0.615520473736152,0.2524795540750026,-0.107087530195713,-0.4912814795970917,-0.029958214610815,-0.3885621682781726,0.8662199394613503,0.1712491315871477,-0.0085396850481629,0.0140012484043836,-0.7322710752487183,-0.3112178665086627,0.1662532229959964,-1.2027044953040775,-0.2103763818740844,-0.1446751803159713,-0.1914883702993393
1774471306372885500,64.50988549804687,-0.111833066022396,0.724784712183848,0.3009358342081308,-0.1041569858789444,-0.4784117341041565,-0.025529108941555,-0.4913150520704686,1.0693816281378268,0.2454822425335645,0.005405425094068,0.0318524166941642,-0.6271741986274719,-0.3552560379385948,-0.0482218868553638,-1.0378351278819142,-0.1979900747537613,-0.0665304437279701,-0.2164448350667953
1774471306382913300,64.51991333007813,-0.0822100811749696,0.8040700650185346,0.3062123133063316,-0.0990573465824127,-0.4572117924690246,-0.022852998226881,-0.6067500150423497,1.218639877191186,0.3307780147641897,0.0199582446366548,0.0147602781653404,-0.5064919590950012,-0.4684253210008144,-0.2161456734120845,-0.7874602910012006,-0.1738184243440628,-0.0140059813857078,-0.2192113399505615
1774471306392940500,64.5299404296875,-0.0561532643765211,0.8017670487731695,0.1838490854412317,-0.0969310849905014,-0.4260589480400085,-0.0190976746380329,-0.756285985058546,1.1988193244338037,0.3494558272272348,0.0316718928515911,-0.0165526382625103,-0.3786250650882721,-0.4899637835919856,-0.3985936598837375,-0.423829077296704,-0.1353421360254287,0.0122349206358194,-0.2120643556118011
1774471306402967600,64.53996752929687,-0.072268825136125,0.7360458917148411,0.005106383228302,-0.0997271984815597,-0.3738963901996612,-0.005675627849996,-0.964090531104803,1.0498889921605583,0.2745095995754003,0.0317580327391624,-0.0386059656739234,-0.2393440455198288,-0.5207929293587803,-0.5622136117666959,-0.0807835555031895,-0.0955361276865005,0.0090766781941056,-0.1946507394313812
1774471306412994300,64.54999438476563,0.0331061507880687,0.5888196599457413,-0.169448804166913,-0.1188526898622512,-0.3233855366706848,0.0161883905529975,-1.1686007848460227,0.7950462160855531,0.0182820911437273,0.0247174352407455,-0.0287474766373634,-0.0918355509638786,-0.5088710208967328,-0.7306991238594055,0.1500036605931818,-0.0630420893430709,-0.0106511851772665,-0.1698157787322998
1774471306423021600,64.560021484375,0.2344157818570733,0.3706897173812613,-0.4094873943418264,-0.1484142541885376,-0.2481913268566131,0.0239136312156915,-1.3253694825947284,0.5277572154134511,-0.3349824807167053,0.0161135829985141,0.021331375464797,0.0578622743487358,-0.4288276162363588,-0.9060258801490068,0.246077139686793,-0.0455437861382961,-0.031178031116724,-0.1503379493951797
1774471306433049300,64.57004931640626,0.4244628451555967,0.156319310013391,-0.715298725631833,-0.1739121675491333,-0.151405930519104,0.0194674842059612,-1.357030695271492,0.3080886285722256,-0.7043851174294948,0.0231115706264972,0.1097858771681785,0.203796312212944,-0.4588458840116858,-1.055341412347555,0.2662120190903544,-0.0451007075607776,-0.044596791267395,-0.1300677508115768
1774471306443076400,64.58007641601563,0.4912754507124424,-0.0276074072413146,-1.0759417173057797,-0.184655413031578,-0.0725967586040496,-0.0081605166196823,-1.2485679824650286,0.1664624818325042,-0.9864157601594924,0.0420088060200214,0.2180076837539672,0.3301446437835693,-0.5096247618734836,-1.1363806961774825,0.2672355169191956,-0.0505785644054412,-0.0563397370278835,-0.1124301627278328
1774471306453103600,64.590103515625,0.3803323192670941,-0.1471880917157977,-1.355128076520562,-0.1919178515672683,0.0027965302579104,-0.0438649877905845,-1.00786771351099,0.0919219123721122,-1.21978846270442,0.0682230964303016,0.3338165581226349,0.4293034672737121,-0.447481901693344,-1.1783762558639048,0.2770233359619975,-0.0625011771917343,-0.0773056522011756,-0.10678181797266
1774471306463130400,64.60013037109375,0.2467524085998535,-0.1640765730766579,-1.4693927536040543,-0.1961474120616912,0.1063106805086135,-0.0697011947631836,-0.7753378184657543,0.0311672916799783,-1.400927120143175,0.0908889696002006,0.4379832446575165,0.5024454593658447,-0.3726211603678763,-1.1376263123244046,0.3194656165026128,-0.075897142291069,-0.1142130717635154,-0.1115299686789512
1774471306473157400,64.61015747070313,0.0689835198551416,-0.1489749020673334,-1.4476333417385816,-0.1928019374608993,0.2098109722137451,-0.0858873575925827,-0.566811972407624,-0.0441413395434618,-1.5500912611722946,0.1095060631632804,0.5290052890777588,0.5473186373710632,-0.2978217938408255,-0.9703349784523247,0.3077671415328979,-0.0920034274458885,-0.1986629217863083,-0.1423185169696808
1774471306483185400,64.62018530273437,-0.1971896285295486,-0.1876284578494727,-1.3671891011923551,-0.1796159446239471,0.2805261313915252,-0.0950126126408577,-0.3376642671465873,-0.1079711298972368,-1.632555609369278,0.123691514134407,0.5986365675926208,0.5626912713050842,-0.1474339562356472,-0.6744798085093497,0.2976825315006077,-0.0983350947499275,-0.2727986574172973,-0.179397702217102
1774471306493212400,64.63021240234374,-0.3914493410870432,-0.2572834837580099,-1.2443366285055877,-0.1596928238868713,0.3310162127017975,-0.0887778848409652,-0.061790904937312,-0.2315624382525682,-1.5753116271466017,0.1321164220571518,0.6392924189567566,0.5532063841819763,-0.1645920117855072,-0.5067629427015781,0.1834352439433336,-0.1085749790072441,-0.3182882666587829,-0.207642912864685
1774471306503239400,64.64023950195312,-0.4781982347354293,-0.225684522662498,-1.0859867259800433,-0.1257958561182022,0.3751849830150604,-0.0796882510185241,0.2034860252600163,-0.3719160808384418,-1.3627525800496338,0.1392796039581298,0.6331444382667542,0.5192788243293762,-0.2138277518585324,-0.3791688284456729,0.0540292579598724,-0.1203253790736198,-0.3601883351802826,-0.2245372086763382
1774471306513266700,64.6502666015625,-0.5520587129771709,-0.0879151974814012,-0.9279618176251648,-0.0819005593657493,0.3875226080417633,-0.061037603765726,0.4700349481545388,-0.4822317280352115,-1.0478361512839791,0.1419254541397094,0.5880842804908752,0.4545522630214691,-0.2570427703373134,-0.2517605921506881,-0.0655365942716598,-0.1241363584995269,-0.3834645748138428,-0.2297933548688888
1774471306523294500,64.66029443359375,-0.5687246010959148,0.1366949739478528,-0.7780173398733139,-0.0317291691899299,0.3811709880828857,-0.0345359109342098,0.7096656151156872,-0.5485954207807779,-0.6618149727255106,0.1413758993148803,0.5115114450454712,0.3557716608047485,-0.2795274277374148,-0.2295259639889001,-0.1456919348739087,-0.1187120378017425,-0.4004832506179809,-0.224551185965538
1774471306533321500,64.67032153320312,-0.5472141955554485,0.3421970152053982,-0.5818056164652109,0.0029694230761379,0.3661549985408783,-0.0042616287246346,0.8991220921099186,-0.5820937857568264,-0.3273819425851106,0.1356194764375686,0.4116849899291992,0.2322982102632522,-0.1953106829151511,-0.2317535769104957,-0.2272958668492734,-0.1040196791291236,-0.4185584783554077,-0.2255818247795105
1774471306543348500,64.68034838867187,-0.5320516977369785,0.4711882463755086,-0.3540846560716629,0.0271162763237953,0.3505280613899231,0.0146646322682499,1.023324737296626,-0.5214157374322415,-0.0483382067114114,0.124647781252861,0.2964012920856476,0.0951907336711883,-0.127215636332333,-0.1660480558127164,-0.3306121566779911,-0.0718170031905174,-0.4215041995048523,-0.2229285240173339
1774471306553375500,64.69037548828125,-0.5422247167050838,0.4696315184528007,-0.0978945570409298,0.0345960333943367,0.3216282427310943,0.0267495214939117,1.023004492366314,-0.4361474377304315,0.118218967667222,0.1126696839928627,0.1761041730642318,-0.0399082265794277,-0.092728990971297,-0.0668149436444044,-0.4664734562806785,-0.0335273034870624,-0.4170836210250854,-0.2209383100271225
1774471306563402500,64.70040258789062,-0.5262111550152302,0.3701958694497123,0.1885369509965181,0.032533872872591,0.2959354519844055,0.030202031135559,0.915203531404212,-0.3380430373311042,0.1717547430217266,0.1078183203935623,0.0635704547166824,-0.1609126478433609,-0.0715220984220504,0.03187280960083,-0.5644046920701861,0.0126308714970946,-0.3861747086048126,-0.2099996358156204
1774471306573430500,64.71043041992188,-0.4968085349202156,0.1943016520030796,0.4807277532130479,0.0243228171020746,0.2714165151119232,0.0250655896961689,0.7127811167877167,-0.2154723041951656,0.1794423749148845,0.1184121146798133,-0.0459632277488708,-0.2681799829006195,-0.0805390792228281,0.0641354953020811,-0.5750348071560263,0.0715132504701614,-0.3669221401214599,-0.1904288977384567
1774471306583457500,64.72045751953125,-0.4675304179877042,-0.0091712580470368,0.747677146667242,0.0158086903393268,0.2409677803516388,0.0153687549754977,0.4376759624719619,-0.1603197412937879,0.1559007558077573,0.1372556090354919,-0.1332590579986572,-0.3458035886287689,-0.0126490536928176,0.0391243881642818,-0.5317326949156821,0.1361974477767944,-0.3574897646903991,-0.170310840010643
1774471306593484300,64.730484375,-0.4106365643769502,-0.1791241392785683,0.9848340439260004,0.0111098084598779,0.1979151219129562,-0.0133742103353142,0.1173463495511561,-0.1311328097760677,0.0587678307890892,0.1509629040956497,-0.1903905272483825,-0.3993134200572967,0.1262682724796235,-0.0161193601518869,-0.4553501508504152,0.198606938123703,-0.3316702842712402,-0.1628471165895462
1774471306603511300,64.74051123046875,-0.3213490921616554,-0.2985205532273277,1.1276292344450949,0.0070465756580233,0.1495056301355362,-0.0530953593552112,-0.2222200979549437,-0.096258480271697,-0.0904822349578142,0.1620367020368576,-0.2093604505062103,-0.4172848761081695,0.1501218801453709,-0.0647498278081417,-0.5008627787470817,0.2550435960292816,-0.2821402847766876,-0.1427759379148483
1774471306613538600,64.75053857421875,-0.26420593996495,-0.3446262151136994,1.076095446562767,0.0088700419291853,0.1180289313197135,-0.0765338391065597,-0.5396013093989342,-0.0977817443162202,-0.2387234159231185,0.1740158796310424,-0.1970254927873611,-0.4045480489730835,0.0457879377067089,-0.0547562570601701,-0.5552681765429676,0.299396812915802,-0.2137633860111236,-0.116879791021347
1774471306623566300,64.76056640625,-0.2504156072825193,-0.3345802565913647,0.8069406520187854,0.0053442353382706,0.0994196683168411,-0.0845604464411735,-0.7631775712031871,-0.1238946752160787,-0.3249029852509498,0.183385893702507,-0.1601144969463348,-0.365311712026596,0.0748117876172065,-0.0595259556800127,-0.5537542648486793,0.3185404241085052,-0.1504038572311401,-0.0988872051239013
1774471306633593600,64.77059350585938,-0.2649877379924059,-0.2592640631159767,0.4121843783408403,0.0096007660031318,0.0771814733743667,-0.0859356969594955,-0.9157283589959144,-0.1386953539848327,-0.3563566926568746,0.1970135569572448,-0.1051170229911804,-0.3019303381443023,0.1875967475369572,-0.1268745678097009,-0.455697356852889,0.3288826942443847,-0.1021004617214202,-0.0915489196777343
1774471306643620600,64.78062060546876,-0.2597556825578213,-0.1320802466940134,0.0274485634177923,0.018211830407381,0.0541882775723934,-0.0846637710928917,-1.020328624220565,-0.1488128433734178,-0.4001163394063711,0.2113047987222671,-0.0422053262591362,-0.2211948037147522,0.2612847918212413,-0.1983762079656124,-0.3221639156758785,0.3298739492893219,-0.0515392832458019,-0.0852180570363998
1774471306653647400,64.7906474609375,-0.2076063931256532,-0.0020813363187015,-0.2813467521190643,0.0301856696605682,0.0346963331103324,-0.0807665064930915,-1.051140964983031,-0.1507435191750526,-0.4469961640030145,0.2311450839042663,0.0315671637654304,-0.1260565668344497,0.2820398489497602,-0.2163362275481224,-0.2272486667066812,0.3158707618713379,-0.0056087421253323,-0.0830401182174682
1774471306663675600,64.80067553710937,-0.140524322977662,0.0988144848974421,-0.4786626373767852,0.0401034504175186,0.012002745643258,-0.075503870844841,-1.0257692809045311,-0.1202104337453842,-0.4392606013149023,0.2499523162841797,0.1077730432152748,-0.0200245641171932,0.3643720951996743,-0.1887052933007478,-0.1779762478850781,0.2920666337013244,0.0410836637020111,-0.0884593799710273
1774471306673702400,64.81070239257812,-0.1456961726576089,0.1550971843399107,-0.5623042126595974,0.0472401902079582,-0.0094855017960071,-0.0607614181935787,-0.892043532025814,-0.0914233152002096,-0.4166892885446548,0.2703052759170532,0.1885605752468109,0.0904606655240058,0.435762237805128,-0.1521744287610054,-0.1505566183008253,0.264656662940979,0.0841123387217521,-0.0985371246933937
1774471306683729400,64.8207294921875,-0.2026543236762285,0.1874126962069422,-0.5339782818853854,0.0496752820909023,-0.0297103412449359,-0.049613207578659,-0.6882767901282757,-0.0668745648771524,-0.4161807545006274,0.2872592508792877,0.2613846063613891,0.1984591335058212,0.4543929962560534,-0.1123147120594978,-0.0990798213027417,0.2385291904211044,0.1308042109012603,-0.1075788289308548
1774471306693756400,64.83075634765625,-0.2614765150010585,0.1947279511237516,-0.4269938249379396,0.0475769750773906,-0.0469737537205219,-0.0357306823134422,-0.4846854778628796,-0.0365431394994258,-0.3666168053865432,0.2972109615802765,0.3112235367298126,0.2886353731155395,0.4816130116149782,-0.064340662485361,-0.0285442497000098,0.2158368378877639,0.1717628836631775,-0.1083922088146209
1774471306703783400,64.84078344726562,-0.2828773226872086,0.1890249537091702,-0.2521194885909557,0.0453507974743843,-0.0471941903233528,-0.0309923700988292,-0.2112579013705253,0.0144721774667501,-0.2322100885063409,0.2937632203102112,0.3311426043510437,0.3605286180973053,0.5285305378735066,-0.0088578447163105,0.029204905565828,0.1990280300378799,0.1977015435695648,-0.1126668453216552
1774471306713811500,64.8508115234375,-0.2638108031675219,0.204294126772508,-0.0764560476928949,0.0490893423557281,-0.042304627597332,-0.0285545140504837,0.0913246040660887,0.0271527953416109,-0.0673737465709447,0.2820932567119598,0.3164171874523163,0.3975479006767273,0.6282756912171841,-0.0079231942147016,0.1235078678555786,0.1901100873947143,0.2273270338773727,-0.1097977310419082
1774471306723838200,64.86083813476563,-0.2264081242293119,0.2234616589812561,0.092071549975872,0.0476239286363124,-0.0371563993394374,-0.0269489325582981,0.411126905177161,-0.091631404992938,0.0697200174361467,0.2683217227458954,0.2665744423866272,0.3882615268230438,0.6162332251153886,0.0265992531120777,0.147579794447124,0.1837528645992279,0.2549240291118622,-0.0937308818101883
1774471306733865500,64.87086547851563,-0.1735916030600666,0.214812232851237,0.2174684464484453,0.0502234399318695,-0.0382269918918609,-0.0253350585699081,0.7008931836605071,-0.2664811914205551,0.2152297276109457,0.2493890225887298,0.1854942291975021,0.3367871344089508,0.6243253461562097,0.0766769969671964,0.1115299914225935,0.1716496050357818,0.2696240842342376,-0.0722636803984642
1774471306743892500,64.880892578125,-0.1083864326998591,0.1747081859998404,0.3031891660928726,0.0447059981524944,-0.036618448793888,-0.0273342542350292,0.879177036190033,-0.4375982210606336,0.3831453308612108,0.226042091846466,0.0902842283248901,0.2591837048530578,0.6927469943448901,0.0907633899867534,0.1552621656432747,0.1705419868230819,0.297873318195343,-0.0550002679228782
1774471306753919500,64.89091943359375,-0.0984863854542374,0.1158018965881317,0.3378390391916036,0.0434764176607131,-0.0371422916650772,-0.0288136396557092,0.9646084905643016,-0.5243722491502761,0.482020131111145,0.1930814832448959,-0.0101441051810979,0.1637221723794937,0.6983269864343107,0.087808047312498,0.1847827130295336,0.172776460647583,0.3293526470661163,-0.0280832462012767
1774471306763947500,64.90094750976563,-0.0885188259303569,0.0324447642698884,0.3119564099162817,0.0410187616944313,-0.0301598124206066,-0.0410532169044017,0.940212811911106,-0.5411199703335762,0.4687456389963627,0.156773179769516,-0.1031161695718765,0.0631997361779213,0.6279096343837678,0.0674152476251125,0.071082830221951,0.1651595532894134,0.3732748329639435,0.0070667518302798
1774471306773974500,64.910974609375,-0.0834442991450429,-0.0560393556732684,0.2259153722763061,0.0387167260050773,-0.0199037119746208,-0.062648519873619,0.8381786708474159,-0.4820774142563342,0.3688017482101917,0.1239968538284301,-0.1716688573360443,-0.0235428791493177,0.5614148626044392,0.0367231722414493,-0.0225127144508063,0.156937837600708,0.4149302244186401,0.0414672121405601
1774471306784001300,64.92100122070312,-0.1262058747678995,-0.1177604833099991,0.1568669704914093,0.0360625684261322,-0.0039679752662777,-0.0876310244202613,0.6330149216335267,-0.3207236537396907,0.2104991919577121,0.0970525443553924,-0.2194421887397766,-0.0782313123345375,0.5030328162625431,0.0308376213341951,-0.1081969014771282,0.1470162272453308,0.4669921100139618,0.0687752589583396
1774471306794028500,64.93102856445313,-0.1737076306551694,-0.1567510159615427,0.0701209994524717,0.0334513373672962,0.0123406909406185,-0.1077751740813255,0.359583764944598,-0.0883715264141559,-7.59878456592e-05,0.0819556191563606,-0.2355958670377731,-0.1000583171844482,0.4218658143997192,0.0818371562093496,-0.2121934286549687,0.1395887732505798,0.5294190049171448,0.0948449820280075
1774471306804056300,64.94105639648437,-0.2164735901921987,-0.1210857552751898,-0.0486333902657032,0.0321225672960281,0.0249010473489761,-0.1348361372947693,0.0647545039832592,0.124304425060749,-0.1802045914590358,0.0719905495643615,-0.2321901023387909,-0.080945648252964,0.3689209906756878,0.159206227093935,-0.2224902201332151,0.1349261105060577,0.5831738114356995,0.1118284910917282
1774471306814083300,64.95108325195312,-0.233474409353733,-0.057729792978242,-0.1922469114303588,0.034550305455923,0.021010436117649,-0.158993661403656,-0.1788088262517005,0.2488964348912239,-0.3105067956298589,0.061543233692646,-0.2055776566267013,-0.0338292680680751,0.3307715850234031,0.2337888821303844,-0.1917902537040412,0.1329440921545028,0.6300837397575378,0.1216548457741737
1774471306824110600,64.96111059570312,-0.2264513788491487,0.038960174045898,-0.2923170589447021,0.038906306028366,0.0125230150297284,-0.1725278496742248,-0.3220774064362049,0.2735404622823,-0.3640145139336586,0.0515058301389217,-0.163029208779335,0.0243063047528266,0.2847442856028676,0.289184021615982,-0.191836284802854,0.128091275691986,0.6678990125656128,0.1214639022946357
1774471306834137300,64.97113745117187,-0.2191705741912126,0.1573170158138498,-0.3415764721542597,0.0474481284618377,0.0075623448938131,-0.174891397356987,-0.4006464276950806,0.2225087787032127,-0.3680751875013113,0.0438428521156311,-0.1098003536462783,0.0882472023367881,0.3028527737453579,0.2408610124737024,-0.1831971974037587,0.1172034665942192,0.7080258727073669,0.1205167546868324
1774471306844164400,64.98116430664062,-0.1679290472537279,0.2534289637543261,-0.3599345511436462,0.0543221607804298,0.0052008051425218,-0.1744510382413864,-0.4556757295429706,0.172186704698205,-0.3054214551895857,0.0362999811768531,-0.0582311935722827,0.1566006392240524,0.2367068154036998,0.1396037010014057,-0.1604426370210945,0.1020660623908042,0.7393648624420166,0.1231871098279953
1774471306854192400,64.9911923828125,-0.0792605837196111,0.3033261634107679,-0.3188128516823053,0.0600990876555442,-0.0076721161603927,-0.1763381510972976,-0.4704862721186131,0.1791676496267318,-0.208449858212471,0.0241940505802631,-0.0074452431872487,0.2294828295707702,0.1956802468799054,0.1095440783023834,-0.0993827497720718,0.0912230014801025,0.7605901956558228,0.1280256658792495
1774471306864219400,65.00121948242187,-0.0023082769423723,0.3042836102660745,-0.2134165407091379,0.0674168020486831,-0.0246197897940874,-0.1732742935419082,-0.4484346723735332,0.2410696867883205,-0.1516407602757215,0.0106184408068656,0.0328369736671447,0.3007626831531524,0.1387196116432547,0.0720773942172527,-0.0511824902266263,0.082574650645256,0.780368983745575,0.1361805349588394
1774471306874246400,65.01124633789063,0.0600672229498624,0.2975926977926865,-0.0766986242771148,0.0672977641224861,-0.0181826651096344,-0.1643716096878051,-0.4267115739304572,0.275949861511588,-0.1204851590335369,-0.0009274270851165,0.0676189213991165,0.3689087033271789,0.0415337873935699,-0.0023217209458351,0.046210108641535,0.0825212150812149,0.7881909608840942,0.1454959362745285
1774471306884273400,65.0212734375,0.1059992453023791,0.3161621179778128,0.0335270065486431,0.064395323395729,0.003818966448307,-0.1543458402156829,-0.3660662588316947,0.2517109077900648,-0.105326168346405,-0.0095036048442125,0.0881521627306938,0.4252452254295349,-0.0410977340638637,-0.0598164630591869,0.1265517655961215,0.082489788532257,0.7836588025093079,0.1568945348262787
1774471306894300400,65.03130053710937,0.0958335328578949,0.3704554702339693,0.0865180075019598,0.0594370514154434,0.0056474930606782,-0.1425541639328003,-0.2644108148872852,0.2428197453260421,-0.1031044006437063,-0.0131960771977901,0.0983339622616767,0.4653404355049133,-0.0926224618569016,-0.143515906009078,0.2134358299314975,0.0814290568232536,0.7580810785293579,0.1697071343660354
1774471306904328400,65.04132836914063,0.1104676228880882,0.4456410230670124,0.117230541151762,0.0516025461256504,-0.0014851046726107,-0.133116528391838,-0.202947023012489,0.2597568516016006,-0.1392220082074403,-0.0153520265594124,0.1068807989358902,0.4986131191253662,-0.1083930085711181,-0.2354091768085956,0.2691891352050006,0.0834714323282241,0.7211204171180725,0.1735066771507263
1774471306914355500,65.05135546875,0.1046925466179847,0.5342937045101076,0.1174777939110994,0.0472738444805145,0.0035764994099736,-0.123992271721363,-0.2087468683976679,0.2762052975773811,-0.241279530146718,-0.0111530208960175,0.120865061879158,0.5251467227935791,-0.1263642802000045,-0.2280991460561752,0.366073638420552,0.0917401909828186,0.6798909306526184,0.1725371032953262
1774471306924382500,65.06138256835938,0.0807692347168922,0.5755307739794254,0.1053138933867216,0.037309069186449,0.0365119539201259,-0.1131570190191268,-0.2377040097475051,0.2619236742466688,-0.3603630056887865,-0.0026202080771327,0.1420973241329193,0.5543545484542847,-0.1353752696514129,-0.1901210053175687,0.4134638967573642,0.1034146919846534,0.6385498642921448,0.1669141054153442
1774471306934409500,65.07140942382813,0.0396893285706639,0.5330496227331459,0.0277776492416858,0.0268215425312519,0.0925941243767738,-0.0961146503686904,-0.2596165663480758,0.1524953312784433,-0.4390402365624904,-0.0111143607646226,0.1619615703821182,0.5648844242095947,-0.1274424308255314,-0.1632347519576549,0.3973927596613764,0.1041565537452697,0.5891957879066467,0.1620781421661377
1774471306944436500,65.0814365234375,-0.0747542122110724,0.4363093137612566,-0.1504015738695859,0.0006918124854564,0.1674087047576904,-0.0841760337352752,-0.1926163292646407,-0.0726379507094621,-0.4251192632377147,-0.0337115973234176,0.1746599078178405,0.5545520782470703,-0.2100923647224903,-0.1719640018582344,0.3375460475943982,0.1103982105851173,0.5446267127990723,0.1647463589906692
1774471306954464500,65.09146459960938,-0.2292614678338169,0.3240335454726591,-0.3682394381523132,-0.0149507960304617,0.2198780179023742,-0.0751263424754142,-0.0494494558889418,-0.2619242587685584,-0.3779828335314988,-0.0535992868244648,0.1692685931921005,0.5113348364830017,-0.2959855183243751,-0.1198608896553516,0.3192489050120115,0.1127864643931388,0.502675473690033,0.1692421585321426
1774471306964487700,65.10148779296875,-0.3555468375787138,0.2015456683145836,-0.5582815330147743,-0.0267499797046184,0.2447352856397628,-0.0715234577655792,0.1262614043474197,-0.278570273143053,-0.28866555069983,-0.063476875424385,0.1397992223501205,0.4451304972171783,-0.3172532011501491,-0.1123649809420108,0.271534529287368,0.1109920218586921,0.4528884589672088,0.1727889627218246
1774471306974514400,65.11151440429687,-0.4221232962921261,0.0954245136655867,-0.6233043325453996,-0.0280173793435096,0.2493547946214676,-0.0751200541853904,0.2109061653234064,-0.2412438743114471,-0.2227799968600273,-0.0685949400067329,0.100247822701931,0.3632582724094391,-0.2898153052568435,-0.139485627579689,0.2786909038480371,0.1140711605548858,0.3948031961917877,0.1667574346065521
1774471306984541400,65.12154150390624,-0.4764131048843264,0.0504354347189888,-0.5509165572047233,-0.017217855900526,0.2167337089776992,-0.0782621353864669,0.2590392048515379,-0.245837631842494,-0.1987900494635105,-0.0723445191979408,0.0562699623405933,0.2758338153362274,-0.3287301423236727,-0.1622854884088039,0.27154008224532,0.1128751412034034,0.3356019258499145,0.1597120463848114
1774471306994569500,65.13156958007812,-0.4756909280896186,0.022562837202847,-0.3566641511708497,0.0055564325302839,0.1585835814476013,-0.0830664783716201,0.2204327030815184,-0.2624468213379383,-0.199577984970808,-0.0735120549798011,0.0184490792453289,0.1933560073375702,-0.3632309623405337,-0.1776280189692974,0.1767232521492987,0.107545793056488,0.2841905057430267,0.1495916992425918
1774471307004596500,65.14159643554687,-0.4199561813861131,0.0359613575560972,-0.0937462051898241,0.0317456535995006,0.1043230444192886,-0.0801571086049079,0.1625720502652227,-0.3003957359820604,-0.1942582512527704,-0.0729165971279144,-0.0208828542381525,0.1151472777128219,-0.3564905481696128,-0.2238420731335878,0.1343831168089062,0.0981443002820015,0.239149272441864,0.1384136229753494
1774471307014623700,65.15162377929687,-0.4090811516284942,0.055009208907932,0.1556377209573984,0.0673816800117492,0.0459731817245483,-0.081630103290081,0.1110451305150985,-0.2669564077168703,-0.1808715309351682,-0.0738734677433967,-0.0517728589475154,0.0465112216770648,-0.3570774081468582,-0.2635667652785778,0.1209627134174108,0.0877454653382301,0.2001582831144333,0.1235188394784927
1774471307024650500,65.161650390625,-0.3982727573662996,0.0676034636735916,0.3310977482378482,0.1068326383829116,-0.0102316532284021,-0.0802522823214531,-0.0235879424668848,-0.1573749200135469,-0.2104869169980287,-0.0754975825548172,-0.0694285631179809,0.0052551012486219,-0.3330339769974351,-0.2679015796124935,0.1127708583291619,0.0815853029489517,0.1702672392129898,0.097118392586708
1774471307034677500,65.17167749023437,-0.3537286822408437,0.0766023973610252,0.4280120620697736,0.1351007521152496,-0.0501742772758007,-0.0839402303099632,-0.1523768194653093,-0.0126437929958105,-0.2421481296747922,-0.0718988552689552,-0.0774297639727592,-0.010495631955564,-0.3100163817644119,-0.2245347315728664,0.1066810170214623,0.0730243176221847,0.1410435289144516,0.0665752813220024
1774471307044705500,65.18170556640625,-0.2749450683832168,0.0726492027558386,0.462758381280303,0.1496663093566894,-0.0830027163028717,-0.0797533392906189,-0.2671886090375482,0.0982131214708089,-0.2463590253680944,-0.0609917901456356,-0.0855219438672065,-0.0067592901177704,-0.2338637009322643,-0.1781920825928449,0.1288371000543236,0.0663355216383934,0.1106302216649055,0.0336114689707756
1774471307054732500,65.19173266601562,-0.2135007118612527,0.067093102998659,0.4630985730201005,0.1462135165929794,-0.1111605837941169,-0.0746323466300964,-0.3124738579191267,0.1110065520703792,-0.2102338190197944,-0.0425254292786121,-0.0946797579526901,0.0073128528892993,-0.1223763796076178,-0.165731829470396,0.180966077350825,0.0529860779643058,0.0620285309851169,0.0034268917515873
1774471307064759600,65.20175952148438,-0.1973331286534667,0.0876027339987456,0.4385930773168802,0.133938580751419,-0.1374944597482681,-0.0605151504278183,-0.3392098891533911,0.060064300340414,-0.1433528244018554,-0.0223352592438459,-0.1029620692133903,0.0272340532392263,0.0075146134138107,-0.1540735403805971,0.2500417324688285,0.0372550524771213,0.0004186918959021,-0.0247019492089748
1774471307074786300,65.21178637695313,-0.146777830414474,0.0914487419024109,0.4433452402800321,0.1167705133557319,-0.1416796147823333,-0.0401696637272834,-0.3472175467811524,-0.0243441676616668,-0.0657616351991891,-0.0044100540690124,-0.1022835001349449,0.0521010532975196,0.1350298172146082,-0.1833557489663362,0.3222672299198806,0.0205267518758773,-0.0449389517307281,-0.047610156238079
1774471307084813600,65.2218134765625,-0.0776385354757309,0.0878900995727628,0.4689981524527072,0.0949303433299064,-0.1500825434923172,-0.024233965203166,-0.2959666674934327,-0.1358960786551237,-0.0996533834069967,-0.005379217211157,-0.0921234861016273,0.0766413956880569,0.1528209099709987,-0.0920475845783948,0.3251226924162357,0.0047874692827463,-0.0791179686784744,-0.0621475540101528
1774471307094841600,65.23184155273438,-0.0597504120856523,0.0710964568885043,0.5141331792086362,0.0763633102178573,-0.1800263226032257,-0.0139299286529421,-0.2472702949941158,-0.2165846493512392,-0.124461076927185,-0.0092610409483313,-0.0763660967350006,0.0953642204403877,0.1856485360786318,0.0016220482438802,0.2584501529172063,-0.0128716938197612,-0.1011048853397369,-0.0741670727729797
1774471307104868400,65.24186840820313,-0.0199023858219385,0.0730447048794478,0.5494231037765741,0.0600983165204525,-0.1999890655279159,-0.0001425798982381,-0.1584931103885173,-0.200663442119956,-0.101277185216546,-0.0140415718778967,-0.0766102373600006,0.104761317372322,0.2678288066372275,0.0647065731883049,0.2451671121697872,-0.0269219987094402,-0.108462668955326,-0.0838348791003227
1774471307114895600,65.2518955078125,0.0229591430440545,0.1127405362561345,0.5466501319319009,0.0426913648843765,-0.2156708240509033,0.0140533996745944,-0.0865852275192737,-0.1600467695713043,-0.0497445663779973,-0.0140498271211981,-0.0878173485398292,0.1105081513524055,0.3131973498880863,0.0968885948687791,0.2387975771378725,-0.0366712734103202,-0.1193536147475242,-0.0897291004657745
1774471307124922600,65.26192260742188,0.055696460519731,0.154634279535897,0.4225853608459234,0.0348263494670391,-0.2182231545448303,0.025524903088808,-0.0329411694847047,-0.1204115092754364,0.0064969608038663,-0.0186657290905714,-0.1112934499979019,0.1117786094546318,0.3785694012477993,0.1350040982514619,0.2527401047073304,-0.0485367216169834,-0.121191993355751,-0.0911618769168853
1774471307134950700,65.27195068359374,0.0976642554163932,0.1666713388102129,0.210115161076188,0.0334929004311561,-0.2077122032642364,0.0361999161541461,0.0382218863666057,-0.0573567949473857,0.0432499436616897,-0.0286477897316217,-0.1347588449716568,0.1091620549559593,0.4356522015593945,0.1111567741960287,0.3070430650420487,-0.0558518022298812,-0.1113126128911972,-0.085291564464569
1774471307144977700,65.28197778320313,0.1265510349437594,0.172170776476711,-0.0137181442290544,0.0351682044565677,-0.203314334154129,0.0511681139469146,0.0853719062067568,-0.025962708774209,0.1008528223246335,-0.0342383719980716,-0.1492747515439987,0.1078832745552063,0.427187009422481,0.1166857667505741,0.3144671506281942,-0.068201944231987,-0.0998929738998413,-0.0680063143372535
1774471307155004400,65.29200439453125,0.1343634622603654,0.1887952366065234,-0.2149526642352342,0.041640218347311,-0.2009206861257553,0.0658527836203575,0.0964461117982864,-0.0346451969236135,0.1222767186254262,-0.0429988391697406,-0.1666582822799682,0.0960066393017768,0.4448974381580948,0.1551046369940042,0.2845619147732853,-0.0903786942362785,-0.0862101688981056,-0.0521059483289718
1774471307165031400,65.30203149414062,0.1431333364322781,0.1971471776273101,-0.3520861757308244,0.0537957772612571,-0.2016646862030029,0.0765888839960098,0.1236427462816238,-0.1016080246061086,0.083317165634036,-0.0584890022873878,-0.1742868423461914,0.0798820853233337,0.5546294402480125,0.1395961022168398,0.2496823976371437,-0.1162233427166938,-0.069457821547985,-0.0357432216405868
1774471307175058700,65.31205859375,0.1428343534857034,0.1900519221367314,-0.4480705152362584,0.0641394928097724,-0.1954938769340515,0.0852859690785408,0.1178033726036548,-0.2266501162916421,0.0318529358565807,-0.076788380742073,-0.1676702201366424,0.0630066990852356,0.5740085328482091,0.167736739552021,0.2202091234587132,-0.1407621800899505,-0.0458444356918334,-0.0226099416613578
1774471307185086500,65.32208642578125,0.1536862946286797,0.1763880653781816,-0.4783393967717885,0.0644269213080406,-0.1916400492191314,0.0932797268033027,0.1223439386427402,-0.2679728912830352,-0.0401285967707633,-0.0962607786059379,-0.1522946655750274,0.0448419488966465,0.5193526674225926,0.2573340083688497,0.1655381335292011,-0.164007306098938,-0.0103144068270921,-0.0055979355238378
1774471307195113500,65.33211352539062,0.165224464470148,0.1829644480938091,-0.4460620980232954,0.0671073943376541,-0.1911782622337341,0.0927566885948181,0.1268047174438834,-0.2114922946482896,-0.07100070489645,-0.1140586882829666,-0.1264215260744094,0.0334012731909751,0.4915945996642112,0.3149620214730501,0.0974279624424874,-0.1874187737703323,0.0307939276099205,0.0074261827394366
1774471307205140500,65.34214038085938,0.1663353483214974,0.1678927703639492,-0.376910235863924,0.0626267492771148,-0.1924941092729568,0.1008727326989173,0.132051678186655,-0.0925654709726572,-0.1023591352343559,-0.1253802627325058,-0.0932892337441444,0.0390623919665813,0.4915738491371273,0.3054255468428135,0.0880718858804553,-0.2051189392805099,0.0607267916202545,0.0197174698114395
1774471307215167500,65.35216748046875,0.1665755868181586,0.1725638309149071,-0.2474877371370792,0.0524766445159912,-0.1794949471950531,0.1015928536653518,0.0925635712765157,0.0756155052155256,-0.1641518668025731,-0.1368840485811233,-0.065465860068798,0.0562829263508319,0.4506052944108843,0.2848877857267856,0.1181515284541994,-0.2155837416648864,0.0874197259545326,0.0348309502005577
1774471307225194500,65.36219458007812,0.1275838851228356,0.1816694398472085,-0.1395744749069213,0.0440583676099777,-0.1574251353740692,0.1052063181996345,0.0429588517606258,0.197552616623044,-0.1816243951290845,-0.14176806807518,-0.0344495438039302,0.0809993669390678,0.4263851915203034,0.2886830863565206,0.1128849131628871,-0.2257588803768158,0.104634404182434,0.0486200004816055
1774471307235222500,65.37222241210938,0.0932476080179214,0.230515705678612,-0.0628150603532791,0.028923625126481,-0.1334620118141174,0.1130051165819168,0.0517884932957589,0.2518131991207599,-0.1308943248450756,-0.1500238627195358,-0.0134137654677033,0.1045739352703094,0.3701680681273341,0.3228799549907445,0.0996988299839198,-0.2351429760456085,0.1193945556879043,0.0672900080680847
1774471307245249500,65.38224951171875,0.0307663096636533,0.3211484550230205,-0.0177951844096183,0.0153512824326753,-0.1041322723031044,0.1199806109070777,0.0820946381017565,0.2286620406359434,-0.0449397964447736,-0.1581585109233856,0.0050456905737519,0.1203034222126007,0.2888005752563476,0.370972077986598,0.1151926055833697,-0.2424267083406448,0.1341996043920517,0.0839627310633659
1774471307255276500,65.39227661132813,-0.0093055884838104,0.3989016298543661,-0.0066682257175445,0.0038410995621234,-0.0933893471956253,0.1202631816267967,0.1155459490656852,0.1643155329316854,0.0163707045644521,-0.1673429608345031,0.0211439672857522,0.1253820657730102,0.2398445289075374,0.3515139288008213,0.1097568442702293,-0.2480116188526153,0.1460608839988708,0.0994492843747139
1774471307265303600,65.40230346679688,-0.0155114573866128,0.4584201328802854,0.0239835176557302,-0.0015398175455629,-0.0814599841833114,0.1233923956751823,0.1071240115486085,0.0819499689340591,-0.0170732998758554,-0.178164467215538,0.0372665375471115,0.1279891431331634,0.2251736139982938,0.3381803999751806,0.083272449709475,-0.2533512711524963,0.1517629772424698,0.110675036907196
1774471307275330600,65.41233056640625,-0.0173328275948762,0.4907662590812891,0.0526379497319459,-0.0034389174543321,-0.0656647756695747,0.1278648972511291,0.0751949417158961,0.0730675742983818,-0.0189642281889915,-0.1863070726394653,0.0552146434783935,0.120089940726757,0.1542635099947452,0.3415694578915834,0.0675163699120283,-0.2555499076843261,0.1595340520143509,0.1176482886075973
1774471307285358300,65.4223583984375,0.0024491467177867,0.5095652137059719,0.0553133064210414,-0.0057700546458363,-0.0467142201960086,0.1337499320507049,0.0437830276250839,0.0674047262310981,0.0151589906871318,-0.1960814744234085,0.0662077739834785,0.1141417920589447,0.0734460522219538,0.3744230952233076,0.0575834433101117,-0.2592756748199463,0.1684306114912033,0.1273491233587265
1774471307295385600,65.43238549804687,0.0104959673121571,0.5146566916260868,0.0233382054895162,-0.0124559197574853,-0.0354863330721855,0.1418225020170211,0.00600055558905,0.1014186395138502,0.0559217937082052,-0.206180989742279,0.0749978050589561,0.110810175538063,0.0095966803848743,0.3638344811916351,0.0010299275696277,-0.2641176879405975,0.1700570732355117,0.1334508955478668
1774471307305412600,65.44241259765624,0.0189119134798645,0.4997288062810897,-0.0256201789468526,-0.024370227009058,-0.0194930545985698,0.1496783345937729,-0.0421298535905778,0.1320557698398828,0.0524748681247234,-0.2130635678768158,0.079840563237667,0.1105599775910377,-0.0745315093711018,0.3785030580133199,-0.0109808282196521,-0.2657994627952575,0.1706227213144302,0.1357073932886123
1774471307315439400,65.452439453125,-0.0020917115822434,0.4912121031526476,-0.1342792911082506,-0.03255545347929,-0.0015513394027948,0.1544142365455627,-0.0616084610424935,0.1641612191528081,0.0177408238738775,-0.2183230519294738,0.0880308523774147,0.1114721074700355,-0.1807429361194372,0.3883879076898098,0.0033247605085372,-0.245279312133789,0.188830554485321,0.1478321999311447
1774471307325467600,65.46246752929687,-0.0280678643599152,0.4794587561905384,-0.2348655714511871,-0.0394124835729599,0.0116977514699101,0.1560800075531005,-0.1107014316439628,0.1699567536890506,0.0429705421984195,-0.2206379771232605,0.0970402881503105,0.1125335618853569,-0.259729963594675,0.3343447673350572,-0.0313563845112919,-0.235663965344429,0.196398988366127,0.1509265303611755
1774471307335494400,65.47249438476562,-0.0290501533955335,0.4571531086191535,-0.3079530194938182,-0.0393341854214668,0.0249080955982208,0.1550514847040176,-0.1388787477277219,0.1991775874763727,0.1042436338067054,-0.223268911242485,0.1054891645908355,0.1131948232650756,-0.2844996631920337,0.2868506102323532,-0.0568606819935142,-0.2224043607711792,0.1929299980401992,0.1467774659395218
1774471307345521400,65.482521484375,-0.0254845698684453,0.4334535224713385,-0.3243699012875556,-0.0382932797074317,0.0432290248572826,0.1514172852039337,-0.1468622938275337,0.2014689132839441,0.0949018049657344,-0.2242868542671203,0.108025461435318,0.1074768155813217,-0.3448471643880009,0.2708680282026529,-0.0202672736115753,-0.2062677294015884,0.1825713664293289,0.1451502740383148
1774471307355548700,65.49254858398437,-0.0300976166218519,0.3979345383878797,-0.3123831108957529,-0.0354847125709056,0.0573613569140434,0.1457607299089431,-0.152513597587496,0.1460714357107877,0.1008726960688829,-0.219511017203331,0.1103559955954551,0.0980018228292465,-0.3469885603308677,0.1970791538923978,0.0160590082667767,-0.1936817765235901,0.1600812524557113,0.136539801955223
1774471307365575400,65.50257543945312,-0.0523000960797071,0.3646945320870727,-0.2817214306503534,-0.0312838144600391,0.0740197747945785,0.1375328153371811,-0.1564509370364248,0.0992290205150842,0.128149994572997,-0.2120896577835083,0.1113151609897613,0.0837691724300384,-0.3543643497958779,0.1808341215342283,0.0302555836625397,-0.1818152666091919,0.1342661678791046,0.1295974850654602
1774471307375603500,65.512603515625,-0.0912862448170781,0.3191523127697408,-0.2272153489589691,-0.0267199575901031,0.0818691700696945,0.130905270576477,-0.1615561512209475,0.0742079765051603,0.1682207236766815,-0.2012548595666885,0.1165951415896415,0.0666586235165596,-0.3872697173148393,0.1990571759670972,0.0171980952993035,-0.1708224415779113,0.1053559109568595,0.1161572262644767
1774471307385630700,65.52263061523438,-0.1215925357535481,0.254900497611612,-0.1811205372601747,-0.0203114263713359,0.0780978798866272,0.1196863874793052,-0.1619065720938146,0.0266401696443557,0.12723054164052,-0.1908238232135772,0.1142985299229621,0.0461026467382907,-0.3867421863093972,0.1767062279492616,0.0174286891847848,-0.1551659852266311,0.0731982439756393,0.0979803502559661
1774471307395657500,65.53265747070313,-0.1281976331070065,0.1952521576609462,-0.119276367765665,-0.0183902215212583,0.0645943135023117,0.1138130575418472,-0.1864214201472699,-0.0032440964877605,0.0942073929607868,-0.1838324964046478,0.1167654171586036,0.0297681465744972,-0.3856047067120671,0.1327577806293964,0.0199042855180799,-0.1427903175354004,0.0342600755393505,0.0777393653988838
1774471307405684500,65.5426845703125,-0.1347752579316496,0.1527930721160024,-0.0068880059480667,-0.0171590894460678,0.0540139563381671,0.1089300438761711,-0.21703063955307,-0.0011555997759103,0.0689028558343648,-0.1779314875602722,0.1242292150855064,0.0157988611608743,-0.3718684423044324,0.1073790092229843,0.0003235328659415,-0.1308577507734298,-0.0075182612054049,0.0524648986756801
1774471307415711700,65.55271166992188,-0.147673025688529,0.1419349934931844,0.0758282711833715,-0.0135880568996071,0.0485345050692558,0.1015722602605819,-0.2095230404019355,0.0218938519001007,0.0625572861999273,-0.1718927770853042,0.1260705292224884,0.006397902034223,-0.368057067322731,0.0849409674435854,-0.0144451433293521,-0.1161380633711814,-0.0454183481633663,0.0275483038276433
1774471307425739500,65.56273950195313,-0.149800977627933,0.1678819932416081,0.1156394725680351,-0.0140000209212303,0.0427035428583622,0.0903894156217575,-0.1997590406261384,0.0817453862726688,0.0859036749958992,-0.1583710014820099,0.1209693402051925,-0.0032569291070103,-0.3613660452514887,0.0635246699273586,-0.0098033088728785,-0.099992386996746,-0.0868627279996872,0.0055623110383749
1774471307435766500,65.5727666015625,-0.1435305190563202,0.1901608989365398,0.1432522866368293,-0.0165260303765535,0.0448186285793781,0.0763439014554023,-0.177755444741249,0.1218652152150869,0.121311088463664,-0.1392582952976226,0.1134139522910118,-0.0127838551998138,-0.3732718793615698,0.0635229163616895,-0.0010289046563208,-0.085312619805336,-0.1245054528117179,-0.0116268564015626
1774471307445793500,65.58279345703124,-0.1357628076642751,0.2138596813667565,0.136093062531948,-0.0202586948871612,0.0435138009488582,0.069845862686634,-0.1660289127208292,0.1313788934916257,0.1452098504453897,-0.1157492771744728,0.0999639853835105,-0.0206557810306549,-0.3424690370798111,0.0733446376740932,0.0190801096536219,-0.0658156126737594,-0.1585712730884552,-0.0301776379346847
1774471307455820500,65.59282055664063,-0.1567091495811939,0.227923716424033,0.1014607250899076,-0.0283230151981115,0.0358947627246379,0.0658535212278366,-0.2111120631590485,0.1091296522825956,0.1154448267787694,-0.1005490198731422,0.0942190140485763,-0.0236545018851757,-0.3006312983036041,0.0374579162567853,0.0045199616424739,-0.0533142201602458,-0.1869604140520095,-0.0441959947347641
1774471307465847600,65.60284765625,-0.1687435785070061,0.2244103014755994,0.0555161355167627,-0.0377716720104217,0.0303870439529418,0.0592789351940155,-0.2322647413030266,0.0816471865952014,0.1032183824121952,-0.0853519141674041,0.0894691869616508,-0.0267439391463994,-0.2823220268920063,0.0028033669829368,-0.0388802041448652,-0.0432381518185138,-0.2071791291236877,-0.0525497943162918
1774471307475875600,65.61287548828125,-0.1685822504654526,0.230240907325223,0.0415209279119968,-0.042794395238161,0.0268799271434545,0.0576967522501945,-0.2418286884620785,0.0526794507861137,0.0733458067178726,-0.0766649469733238,0.0925592556595802,-0.0270235706120729,-0.2557683664873242,-0.0285533097892999,-0.0702304511763155,-0.0363070964813232,-0.218400701880455,-0.0583565980195999
1774471307485902600,65.62290258789062,-0.1757885285824537,0.2347169567607343,0.0221837747573852,-0.0460149198770523,0.0149153489619493,0.0593303069472312,-0.2365853809811174,0.0091916067153215,0.0376899714469909,-0.0649644210934639,0.0963160395622253,-0.0286289099603891,-0.2458545829772949,-0.0055225628137588,-0.0882788796946406,-0.0305197797715663,-0.2236604392528534,-0.0612964555621147
1774471307495929600,65.6329296875,-0.1997328832715749,0.2402890578046441,0.0086205288290977,-0.049493808299303,0.0008061882108449,0.0577891319990158,-0.1923661538958549,0.0137187287509441,0.0377735580772161,-0.0496967807412147,0.1004591211676597,-0.0316617153584957,-0.2130605668783187,-0.009765022689104,-0.1087576040998101,-0.0255581121891737,-0.2244992554187774,-0.0718898773193359
1774471307505956400,65.64295629882812,-0.2128875483989715,0.249121768079698,0.0102706341236829,-0.0482986569404602,-0.0102860117331147,0.0606648623943328,-0.1707740614213049,0.0144786072075366,0.0069143094331026,-0.0354964509606361,0.1029585972428321,-0.0377636887133121,-0.1919043816030025,-0.0301578223764896,-0.1260080141082405,-0.0243687443435192,-0.2144836336374282,-0.0823209509253501
1774471307515984600,65.65298461914062,-0.217498841586709,0.2660407541766763,0.0132931968152523,-0.0446519926190376,-0.0192081332206726,0.0577138140797615,-0.1677452151194214,0.0273690684407949,-0.0534644636839628,-0.0246107783168554,0.1053069680929184,-0.0412050224840641,-0.1817538667276501,-0.0522884056419134,-0.172277159460634,-0.0347211547195911,-0.1970784366130828,-0.0941196307539939
1774471307526011400,65.66301147460938,-0.2187953111380338,0.2649265823896974,0.0074088149517774,-0.0413671731948852,-0.0241832677274942,0.055304579436779,-0.1772901653170585,0.0239601367801427,-0.0772954211264848,-0.0170166715979576,0.1120892912149429,-0.0381153374910354,-0.1905257867261767,-0.0007633855879306,-0.182243549940735,-0.0508388727903366,-0.1669466346502304,-0.1029171198606491
1774471307536038700,65.67303857421875,-0.2134238472327589,0.2384618423774838,0.001820201164484,-0.0371868088841438,-0.018924057483673,0.053377516567707,-0.1883097181119024,0.0443815780401229,-0.0913128405630588,-0.0097832595929503,0.1171812489628791,-0.029153537005186,-0.2405015315115451,0.0644072979807853,-0.1923926035113632,-0.0764128342270851,-0.1326542049646377,-0.1136880815029144
1774471307546065700,65.68306567382812,-0.2361848373562097,0.2049918267130851,-0.0166851773411035,-0.0363245271146297,-0.018169205635786,0.0410325974225997,-0.1790485532917082,0.0666068538516759,-0.1170008240491151,-0.0027187198866158,0.1233127042651176,-0.0166778471320867,-0.2004310946688056,0.1387356859952211,-0.178995800191164,-0.0875291302800178,-0.1006328836083412,-0.1223881095647811
1774471307556092400,65.69309252929688,-0.2512061731383204,0.1662499350603669,-0.0469973134964704,-0.0335247442126274,-0.0112212840467691,0.0291266683489084,-0.1305064945712685,0.0585059649825096,-0.1206231061995029,0.0090031838044524,0.1192559152841568,-0.0058310595341026,-0.1215302841722965,0.0779798962593078,-0.0700055563792586,-0.0870472937822341,-0.0728542357683181,-0.1331774592399597
1774471307566120700,65.70312060546875,-0.2532113754808902,0.1143462178871035,-0.0814981335133314,-0.0325338058173656,-0.0039679752662777,0.0163853876292705,-0.0802538325406611,0.0486380664408206,-0.0728214905828237,0.0204696841537952,0.1180556565523147,0.0044900113716721,-0.0459156557396054,-0.0505529601514339,-0.0612760142177343,-0.0871045514941215,-0.0633512735366821,-0.1374307870864868
1774471307576147500,65.7131474609375,-0.2504512631177902,0.0646541854139417,-0.1191203004211187,-0.0312959663569927,-0.0042428132146596,0.0063641788437962,-0.0144283383250236,0.0467827939629554,0.0160030402958393,0.0296341516077518,0.1099204942584037,0.0147269358858466,0.0180257782950997,-0.0515852258086204,-0.0444585887990891,-0.0889993906021118,-0.0619800128042697,-0.1373690068721771
1774471307586174500,65.72317456054688,-0.2620505154967308,0.0177137897364795,-0.148965403586626,-0.0277155432850122,-0.0036058202385902,-0.0028042648918926,0.1211010989747941,0.1082172136127948,0.0549818825095891,0.0348380878567695,0.0944265127182006,0.0175049696117639,0.1059057218000292,0.0097808047801256,-0.1275184186711907,-0.0781118497252464,-0.0792223885655403,-0.1240992695093154
1774471307596201500,65.73320141601563,-0.2644172446280717,-0.0067153527949005,-0.1463391467362642,-0.0214256886392831,-0.0084359962493181,-0.0086224731057882,0.2302770746171474,0.1385147367209196,0.0449374583572149,0.0405915826559066,0.0796848461031913,0.0095908548682928,0.2462356912493705,0.0867144068568945,-0.1614019835725426,-0.0588232465088367,-0.076390840113163,-0.1145074367523193
1774471307606228500,65.743228515625,-0.2447267479911446,-0.0049582799945026,-0.1209761574208736,-0.0147085450589656,-0.002938580699265,-0.0159500390291214,0.2679904269397258,0.0961234557151794,-0.0575508562147617,0.0436748899519443,0.0701171085238456,-0.0065022357739508,0.2120508053138852,0.2454021630346775,-0.2767056483149528,-0.0316480845212936,-0.059228628873825,-0.0891312435269355
1774471307616256500,65.75325659179687,-0.2720452552884816,0.0336724063687026,-0.1039057801544666,-0.0053746975027024,0.0001232558861374,-0.0213059224188327,0.2091279036045074,0.0646872839659452,-0.1336778180837631,0.0436178967356681,0.0693064406514167,-0.0234873443841934,0.2045578192099928,0.4050046959698199,-0.3379559435695409,-0.0006334929494187,-0.0407798998057842,-0.0616011060774326
1774471307626283500,65.76328344726562,-0.2906748446956276,0.0865196149371564,-0.1060550671428442,-0.0002243148628622,-0.0049111433327198,-0.0282765440642833,0.1346631758593022,0.0386702146559953,-0.144133161124587,0.0386282280087471,0.0715753957629203,-0.0389353893697261,0.28695903904289,0.4405892195701599,-0.3761727153696119,0.0305832810699939,-0.0354349352419376,-0.0367514193058013
1774471307636310500,65.773310546875,-0.250778010854125,0.1464686183348298,-0.1191968727886676,0.004874306730926,-0.0003568716347217,-0.0361014455556869,-0.0247695534668862,0.0432119497388601,-0.1191933656573295,0.0363978296518325,0.0743280425667762,-0.046187974512577,0.3683437753096222,0.4321902245372533,-0.3756881467230618,0.0582535788416862,-0.0325221493840217,-0.0190588161349296
1774471307646337500,65.78333764648437,-0.2285103572055697,0.1768156796731054,-0.1341127023696899,0.0072691924870014,0.0060005858540534,-0.0385440289974212,-0.1738227814674377,0.0647404754579067,-0.0638426498353481,0.0368030071258544,0.0809641331434249,-0.0476590134203434,0.3764370653942227,0.3914204072535038,-0.4129905801571905,0.0812707543373107,-0.0270733200013637,0.0003750678151845
1774471307656364500,65.79336450195312,-0.2155839478760957,0.1909595019683241,-0.1495312207758426,0.0115222595632076,0.0057281446643173,-0.0415390208363533,-0.2828618328571319,0.0936181948959827,-0.0495692098110914,0.0374964959919452,0.0956940799951553,-0.0425622537732124,0.2866796375796199,0.3210340348631143,-0.4270926091372966,0.1005167812108993,-0.008186612278223,0.0219397041946649
1774471307666392600,65.803392578125,-0.2270294709980487,0.1853499184582382,-0.1755576424360275,0.0138750113546848,0.0067128730006515,-0.0445244237780571,-0.3269152018561959,0.0845902543097734,-0.0437093778669834,0.0342940054833889,0.1145823821425437,-0.0288372281938791,0.2309574580967426,0.2262374438375234,-0.4165653699040412,0.1123103275895118,0.018343798816204,0.0353204905986785
1774471307676419600,65.81341967773437,-0.2125108240410685,0.1754719369139522,-0.1681441513091325,0.0109455343335866,0.0108205322176218,-0.0501186624169349,-0.3228386000670492,0.0963210241138935,0.0169721775889396,0.0328074283897876,0.1368908733129501,-0.0107439775019884,0.2045122265025973,0.1289367610365152,-0.3951230611637234,0.1148964241147041,0.0470956936478614,0.0410849899053573
1774471307686446300,65.8234462890625,-0.1857967123776674,0.171237806475535,-0.1265004738003015,0.0133787458762526,0.0150218196213245,-0.0547678545117378,-0.3136288731731474,0.1387754334837198,0.0605669891655445,0.0362239368259906,0.1566977202892303,0.0101639218628406,0.1734180000588297,0.0329354703962802,-0.4043246047511696,0.1070523485541343,0.0695962086319923,0.0452411174774169
1774471307696473600,65.8334736328125,-0.1787877103984355,0.178084676695615,-0.0829956785947084,0.0164909157902002,0.0173957608640193,-0.060269683599472,-0.2765492887094616,0.1560720207214355,0.0430173039495944,0.0440887846052646,0.1711661517620086,0.0278478451073169,0.1283709438472986,-0.075059040376544,-0.360624140843004,0.0969894900918006,0.0997664481401443,0.0401312597095966
1774471307706500600,65.84350048828125,-0.1956038206428289,0.1744466124542057,-0.04763210426867,0.015160359442234,0.0212869271636009,-0.0633614957332611,-0.1896763302899897,0.1072942535489797,0.0380377619713544,0.0529895350337028,0.1825172156095504,0.0410275757312774,0.0977908044055104,-0.118317751866579,-0.2821272349722683,0.0825751349329948,0.1207212656736373,0.0346584618091583
1774471307716528400,65.8535283203125,-0.2106640271306037,0.1546631768368184,-0.0406698640406131,0.0172394886612892,0.0255466550588607,-0.0669546350836753,-0.0780218357048928,0.0237514624655246,0.0366559522241353,0.0559120886027812,0.1745194792747497,0.0466947853565216,0.0599178776070475,-0.1225339082568883,-0.2056479525342583,0.064936026930809,0.1286653727293014,0.0283364206552505
1774471307726555600,65.8635556640625,-0.1944628339141607,0.1432744984686374,-0.0490939935147762,0.0136222355067729,0.0282704345881938,-0.0705147311091423,0.0577028319060802,-0.0282096109181642,0.0353916313767433,0.0556991770863533,0.1593119949102401,0.0483373999595642,0.054191316653788,-0.1556523340046405,-0.1251556350626051,0.0519163645803928,0.1331469416618347,0.014740184880793
1774471307736582400,65.87358251953125,-0.183242351719737,0.1430298760578036,-0.0690776278793811,0.0093017891049385,0.0313237495720386,-0.0696606561541557,0.2071519273564219,-0.0547357987940311,-0.002858896562457,0.0581503510475158,0.1350394189357757,0.0364160276949405,0.0351017085194587,-0.1788905862510204,-0.0510930583775043,0.0402406491339206,0.136855736374855,0.0001802090555429
1774471307746609400,65.883609375,-0.1996177324593067,0.143105571642518,-0.070745268830657,0.0067008258774876,0.0260007716715335,-0.068083643913269,0.2859970621429383,-0.0550321513921022,-0.0206108263522386,0.0615662485361099,0.106604054570198,0.017158206552267,0.0217231715083122,-0.1817459756821393,-0.0330500366866588,0.0269354954361915,0.1271490454673767,-0.0157793164253234
1774471307756637700,65.8936376953125,-0.2050643074274063,0.172904132252559,-0.0826490571141242,0.0050288932397961,0.0195260941982269,-0.072305291891098,0.3596994272135198,-0.0475742366015911,-0.0201899705916643,0.0654962733387947,0.0702335238456726,-0.0057327290996909,-0.0202659584373235,-0.1432400116771459,-0.0301592836812138,0.0192098729312419,0.1178334057331085,-0.0315909348428249
1774471307766664400,65.90366455078124,-0.2120356077447533,0.2061922520114109,-0.0784188721984624,0.0018798486562445,0.0194011200219392,-0.0752123668789863,0.4203809826694428,-0.0461216997057199,-0.0282581262350082,0.0692763999104499,0.0290823075920343,-0.0328894294798374,-0.0443307246357202,-0.074719433158636,-0.0092841073043644,0.0138252275064587,0.1088476330041885,-0.0441320240497589
1774471307776691500,65.91369140625,-0.2109951587811112,0.2374447012241929,-0.0622965894371271,0.004777634050697,0.0176671370863914,-0.072702869772911,0.4232441170156001,-0.0474286906510591,-0.008707622590661,0.0722548812627792,-0.0088751930743455,-0.058411568403244,-0.08208820836097,-0.019114450314641,0.0250274737507104,0.0136946374550461,0.0950259715318679,-0.0551805943250656
1774471307786718700,65.92371875,-0.1935381202846765,0.2562407697720453,-0.0466606288880109,0.0072870594449341,0.0112265832722187,-0.0736072957515716,0.4022283631242811,-0.0441822560757398,-0.0091050974756479,0.0768166705965995,-0.0440804399549961,-0.0778552591800689,-0.1118926872551441,0.0263484932214021,0.0693507457323372,0.0181535687297582,0.0746799483895301,-0.0661248564720153
1774471307796745500,65.93374536132812,-0.184230778235197,0.2625089267887175,-0.0478957236409187,0.009965400211513,0.0054011847823858,-0.0721303075551986,0.3022211978435516,-0.0381371306926012,0.0064110360860824,0.0805794522166252,-0.07034932076931,-0.0908892974257469,-0.1401324010506272,0.0819610748499631,0.1196317570745944,0.0277285687625408,0.0574726648628711,-0.0697805136442184
1774471307806773500,65.9437734375,-0.1946928432777523,0.2704776406455785,-0.0349678530067205,0.0096900537610054,0.0041580973193049,-0.0719958990812301,0.1851449704706669,-0.0215489839851856,-0.0275134453475475,0.0812913253903389,-0.089979238808155,-0.096540592610836,-0.1611909711703658,0.1313619423568248,0.1400968913458287,0.0341710224747657,0.0446703173220157,-0.0720034539699554
1774471307816800500,65.95380053710937,-0.1971311763405799,0.2722517011133953,-0.0184714762359857,0.0088674034923315,0.0079602925106883,-0.0783299580216407,0.0659187985222786,-0.0140554133594036,-0.0422819754123687,0.0814796090126037,-0.0943534821271896,-0.0969355404376983,-0.2010524414375424,0.1085188269078731,0.13451339212507,0.0335885360836982,0.0382077693939209,-0.0681216567754745
1774471307826827500,65.96382763671875,-0.2132552126675844,0.2425594504220411,-0.0404255338907241,0.004913302604109,0.0115319006145,-0.0788571760058403,-0.0314846870660781,0.0202034145951271,-0.0545242018699645,0.0816953256726265,-0.0897675156593322,-0.0923405215144157,-0.240393687222898,0.0621767624497413,0.0966091934055089,0.0269487425684928,0.0379076302051544,-0.0637447461485862
1774471307836854500,65.9738544921875,-0.2155593979567289,0.1998028067026287,-0.0687865359783172,-0.0003522993065416,0.014773765578866,-0.0837366208434104,-0.10568974096179,0.0424585010230541,-0.0687386051833629,0.0825368836522102,-0.072337657213211,-0.0869153961539268,-0.2014525466710329,0.0591255581855773,0.0447857749268412,0.0007657225360162,0.0027440176345407,-0.0756789818406105
1774471307846881500,65.98388159179687,-0.2101300663843751,0.1606394382348284,-0.080480480903387,-0.0024889770429581,0.0162466838955879,-0.089691624045372,-0.1596657343644648,0.0693213735073804,-0.0947404769241809,0.0801228210330009,-0.0458721630275249,-0.0774240121245384,-0.1200188566960394,0.168715813717246,0.1236938919469714,-0.0022276705130934,-0.02559201605618,-0.0886517763137817
1774471307856909600,65.99390966796875,-0.1983449360445141,0.1420675338316708,-0.0872258635103702,-0.0020058795344084,0.015089807100594,-0.0934474840760231,-0.173218458898738,0.0844563987970352,-0.1749754586338996,0.0737200528383255,-0.0144354095682501,-0.072275586426258,-0.0991615082368254,0.1353852065235376,0.107362642610073,-0.0029625659808516,0.0091173127293586,-0.0784157067537307
1774471307866936300,66.00393627929688,-0.1964844028696417,0.1342825425112619,-0.0755892017304897,-0.0053065726533532,0.0175812318921089,-0.0947635769844055,-0.1620224535584449,0.0847936679273843,-0.2564350137025117,0.0657801330089569,0.0178010296076536,-0.0725103244185447,-0.2424037118710577,-0.1392237617731094,-0.0606011836960911,0.0203547403216362,0.0557974688708782,-0.0617653578519821
1774471307876963600,66.01396362304688,-0.1894955668956041,0.1346295658506452,-0.0459977810651063,-0.0075734546408057,0.0172190424054861,-0.0954988747835159,-0.1003578784145414,0.086564184731245,-0.2575701552122831,0.0674520656466484,0.0441146604716777,-0.0789615660905838,-0.0047943946696817,-0.3746709325045347,-0.2013382726415991,0.0228828955441713,0.0362247750163078,-0.0733992382884025
1774471307886990600,66.02399047851563,-0.186838038124144,0.140949891445972,-0.0308446355968713,-0.0118389744311571,0.0176579300314188,-0.097601018846035,-0.0242212719343602,0.1370206987708807,-0.2033276928931474,0.0740432292222976,0.0549876019358634,-0.0905158743262291,0.0225371182397007,-0.0016845920860767,-0.1782932048797607,0.0350239798426628,0.0392250940203666,-0.0813085585832595
1774471307897017600,66.034017578125,-0.1965942929849028,0.1483743423582985,-0.0357025970220565,-0.0116144707426428,0.0220247153192758,-0.0973043441772461,0.0052865621007978,0.1537906317859887,-0.1588438235223293,0.0820279195904731,0.0540978386998176,-0.101136565208435,-0.0615942863866686,0.1527788243949413,-0.2762785089440643,0.0516277328133583,0.0931238010525703,-0.0598127171397209
1774471307907045600,66.04404565429688,-0.1962798202082514,0.1490311257665977,-0.046300563403964,-0.0183202996850013,0.0208089035004377,-0.0983089059591293,-0.0189769415400922,0.120997784730792,-0.1199316168040037,0.0871309414505958,0.0420518182218074,-0.1106845661997795,-0.1008335331022739,0.0597106645971536,-0.3735642864368855,0.0542695857584476,0.1221839413046836,-0.0475469976663589
1774471307917072600,66.05407275390625,-0.169741649633646,0.1256666898572817,-0.0669318480223417,-0.0210231412202119,0.0212938636541366,-0.0997576713562011,-0.0791852534610778,0.0746767630606889,-0.1165939968138933,0.0881147161126136,0.0344045534729957,-0.1126944497227668,0.1152417054221034,-0.1561602835267782,-0.3057011489138007,0.0668768361210823,0.1163380146026611,-0.0351484604179859
1774471307927099400,66.06409936523437,-0.1434863876536488,0.1010129813224077,-0.0724058955192566,-0.0203645415604114,0.0270960927009582,-0.0995832383632659,-0.1520119316756725,0.0091840079307556,-0.1387672501772642,0.087416872382164,0.0321881733834743,-0.1092724129557609,0.216967218928039,-0.1233288580268621,-0.1421503167442977,0.0743832290172576,0.0880190283060073,-0.0421198159456253
1774471307937126700,66.07412670898438,-0.1433908183246851,0.0665026628248393,-0.0711123485773801,-0.0184723660349845,0.0285025089979171,-0.0947940647602081,-0.2475191551886499,-0.0860907220005989,-0.1586123528540134,0.0804114267230033,0.0455833412706851,-0.1004765257239341,0.2923325487747788,-0.1499368789672851,-0.0883279795333743,0.0855763033032417,0.0918617099523544,-0.0414179041981697
1774471307947154400,66.08415454101562,-0.1462967688992619,0.0681547408808022,-0.0715484019070863,-0.0171440336853265,0.0318377427756786,-0.0907513424754142,-0.3390611283324659,-0.1584393343746662,-0.2255225735664367,0.0739497169852256,0.0671316906809806,-0.0851465091109275,0.2633785492300987,-0.2213660384088754,-0.1713645746603608,0.0783556699752807,0.0764116495847702,-0.0488361380994319
1774471307957182200,66.09418212890625,-0.1684352432101964,0.0907568871807306,-0.0707832627534866,-0.0130169335752725,0.0312547758221626,-0.0869720503687858,-0.3254313930392265,-0.1239601416677236,-0.2684083600908518,0.0692510977387428,0.0879794433712959,-0.0603543445467948,0.4142024401649832,-0.3247352274686098,-0.2157020212978124,0.0661363378167152,0.0478581599891185,-0.0617987811565399
1774471307967209200,66.10420922851563,-0.1867749097600579,0.1352062332274392,-0.0695639500916004,-0.0074147023260593,0.0233621876686811,-0.0823324397206306,-0.2318774955511093,-0.0914782602578401,-0.2398071195065975,0.076354019343853,0.1018742248415947,-0.0361462086439132,0.4778767476961016,-0.2785936540186405,-0.1743377452522516,0.0542842075228691,0.0302791614085435,-0.0802177339792251
1774471307977236000,66.11423608398438,-0.2182160499453544,0.1634575278628617,-0.0651233372956514,0.0038539306260645,0.0197549369186162,-0.0759464502334594,-0.1672610117990523,-0.0565396333456039,-0.231458393356204,0.0898325368762016,0.1129686832427978,-0.0166140515357255,0.4185013064026832,-0.1922363900363445,-0.1317360363662242,0.0421117134392261,0.0280961208045482,-0.0952560678124427
1774471307987263000,66.12426293945313,-0.2407645663619041,0.1822777810038998,-0.0525789130210876,0.0072634052485227,0.0151522355154156,-0.0633851811289787,-0.1184101063251495,-0.0715484019070863,-0.2450783379077911,0.0924896895885467,0.1169858500361442,0.0064841560088098,0.2972629909142851,-0.1634212144404649,-0.1401828160636127,0.0176135599613189,0.0429448448121547,-0.0975842028856277
1774471307997291000,66.134291015625,-0.242409703220427,0.210735850257799,-0.0569318475335836,0.0090844742953777,0.01115483045578,-0.0556974299252033,-0.0215806212324649,-0.0711217009276151,-0.2120294702649116,0.0910073742270469,0.1030231639742851,0.0242327935993671,0.2265177220836281,-0.1676350327432155,-0.1045047689609229,-0.0085669532418251,0.048892255872488,-0.0975072607398033
1774471308007318000,66.14431811523437,-0.239300631289184,0.2056905130343511,-0.0612315905541181,0.0092207565903663,0.0064253602176904,-0.0504097454249858,0.0914600670140236,-0.0882493613392114,-0.151216397383809,0.08881177008152,0.0764782950282096,0.0360357202589511,0.273131881481409,-0.1602671343237161,0.0123942021489143,-0.0249248892068862,0.0423752330243587,-0.1055609211325645
1774471308017345300,66.15434521484374,-0.2302683067888021,0.2018037712614983,-0.0752531016439199,0.0126053672283887,0.0097537785768508,-0.0438389256596565,0.1321452016890049,-0.1081412257671356,-0.0858195038437843,0.0844084993004798,0.0484173633158206,0.0396901071071624,0.3136301883473992,-0.1687473778992891,0.1340377374373376,-0.0429000258445739,0.0196661110967397,-0.1204239651560783
1774471308027372000,66.1643720703125,-0.2268567447796463,0.2008459225473925,-0.0786111799001693,0.0121298413723707,0.0199053734540939,-0.04041064158082,0.1487128901302814,-0.1371837803781032,-0.0731704501509666,0.0787265822291374,0.0201379247009754,0.0414765737950801,0.3449056165769696,-0.2436129415303468,0.1821630320504307,-0.0626462996006012,-0.0124231148511171,-0.1353893280029297
1774471308037399000,66.17439892578125,-0.2278077618941664,0.1932907944601029,-0.1064630634218454,0.0105748223140835,0.026741974055767,-0.0411105193197727,0.2265489209394902,-0.1497930865824222,-0.0797486594974994,0.0734836161136627,-0.0148059446364641,0.0378458872437477,0.3883984290838241,-0.2509475222021341,0.2009264769703149,-0.0741397365927696,-0.0426357723772525,-0.1451462209224701
1774471308047427000,66.18442700195313,-0.2363569790527224,0.1769791996717453,-0.1175023438304662,0.0094526940956711,0.0339216217398643,-0.0407447852194309,0.3355868763506412,-0.1351087276697158,-0.0354500835657119,0.0704812556505203,-0.0540478080511093,0.0260139312595129,0.2886133821211755,-0.1296639062672853,0.2036751911565661,-0.0811936482787132,-0.0642406642436981,-0.1453227996826172
1774471308057454000,66.1944541015625,-0.2400365443482995,0.1562498249737546,-0.1259200435638427,0.0072558526881039,0.0411361269652843,-0.0384435467422008,0.3594588964559138,-0.1215302841722965,-0.0410334366559982,0.0680756196379661,-0.0853727087378501,0.0080269407480955,0.1604673330709338,0.0046183074504137,0.1595186540439724,-0.0841564536094665,-0.0665727481245994,-0.136994183063507
1774471308067481000,66.20448120117187,-0.2426373744964599,0.1425276621567085,-0.1237082127332687,0.0037691905163228,0.0415573269128799,-0.0377726443111896,0.3222866652727127,-0.1227145255208015,-0.1105547166496515,0.0658321678638458,-0.107815146446228,-0.0062134535983204,0.0275508547484874,0.0974322002261877,0.147597476234287,-0.0759667009115219,-0.0504121519625186,-0.117441788315773
1774471308077508000,66.21450805664062,-0.2481067458182573,0.1549353813743218,-0.1367214235633611,0.006529024336487,0.0398185513913631,-0.0346828438341617,0.2696352715373039,-0.1013718777626752,-0.1847550943702459,0.0557622201740741,-0.1218279004096984,-0.0179026015102863,-0.0169103643991053,0.1075894371032714,0.1094736434146761,-0.0739466324448585,-0.0293114408850669,-0.1010856851935386
1774471308087535000,66.22453515625,-0.2414203999221325,0.179009317259863,-0.1296300039976835,-1.1657830327e-06,0.0376929640769958,-0.0328962467610836,0.1831530660010874,-0.0832230576097965,-0.1893447602480649,0.0434089489281177,-0.1272550374269485,-0.0232734121382236,0.0325707287371158,0.1147913313060998,0.0258985574968159,-0.0718824192881584,-0.016681931912899,-0.0835615545511245
1774471308097563100,66.23456323242188,-0.2658200971633195,0.2106616525104269,-0.1112479596108198,0.0028721187263727,0.0351328663527965,-0.0312373638153076,0.0731669430196285,-0.0731406395345926,-0.2049450649619102,0.0302185788750648,-0.1200402602553367,-0.0261424370110034,0.077238284111768,0.0875216315865516,-0.0260280290953814,-0.062978520989418,-0.0056162062101066,-0.0745653212070465
1774471308107590000,66.24458984375,-0.2607382638543844,0.2066225331874564,-0.0749462276518344,0.0060349367558956,0.0287840459495782,-0.0312540419399738,-0.046441287048906,-0.0548398436903953,-0.2250713226675987,0.0148667674511671,-0.1077380031347274,-0.0240094605833292,0.0487143465474247,0.1298597211003303,-0.0667816258966922,-0.0611659735441207,0.0148469917476177,-0.0623781643807888
1774471308117617200,66.2546171875,-0.2368143674314022,0.2082227714583277,-0.0382417601108551,0.0096967825666069,0.0243946239352226,-0.032206654548645,-0.1055249788541346,-0.0252244576275348,-0.2240571771889924,0.0033461982384324,-0.0928794294595718,-0.0186533108353614,-0.02880494646281,0.187938400581479,-0.0872292245112359,-0.0535268224775791,0.0309875849634408,-0.0493543036282062
1774471308127644200,66.26464404296875,-0.2193222576215863,0.2049640984559431,-0.0179781397610902,0.0146833807229995,0.0156991761177778,-0.0356749556958675,-0.1487093829989433,0.0171323365867137,-0.1986415809035301,0.0017722393386065,-0.0776175931096077,-0.0130579005926847,0.0648290305241942,0.1656400595337152,-0.0282971430711448,-0.0336804129183292,0.028476221486926,-0.0416026413440704
1774471308137672200,66.27467211914062,-0.2034331990942358,0.1771327827982604,0.0154255326688289,0.0167712979018688,0.0102175921201705,-0.03461155295372,-0.2111268223367631,0.0197667767435312,-0.1656727927595377,0.0035195392556488,-0.0561325438320636,-0.0083086844533681,0.2498293318271637,0.0788829825788736,-0.0156850603878498,-0.0191730987280607,0.0125156883150339,-0.0422805435955524
1774471308147699200,66.28469921875,-0.2011491798102855,0.1727978953991085,0.0339221433460712,0.0163521170616149,0.0047684982419013,-0.0340842492878437,-0.2596210963927209,0.0115519061058759,-0.1788169364929199,0.0037762604188174,-0.0307342279702425,-0.001699190121144,0.2478593469284474,0.0788332982182502,-0.0398676077470183,-0.0085156597197055,-0.0030448955949395,-0.0397185795009136
1774471308157726000,66.29472583007812,-0.2013952635258436,0.1789480885919183,0.0374076473742723,0.014743834733963,0.0052928742952644,-0.0274806730449199,-0.3167044812262058,0.0044803602844476,-0.178674897673726,0.0005778039339929,-0.0003752580378204,0.0102000795304775,0.1406783444955945,0.0995984383493661,-0.0741299428328871,-0.0044172056950628,-0.0038593187928199,-0.0308367498219013
1774471308167753000,66.3047529296875,-0.2101826733544468,0.1842049131415784,0.021775778478384,0.012444395571947,-0.0001634685322642,-0.0246253125369548,-0.3052502633411437,0.0112345107197761,-0.1425824245512485,-0.0034636720083653,0.0197553038597106,0.0262631718069314,0.0964773837193846,0.0010661679267883,-0.0753458944939076,0.0052748364396393,0.0313415452837944,-0.0167733952403068
1774471308177780200,66.3147802734375,-0.2144160731405019,0.209499988319911,0.0003238251268863,0.0105815138667821,-0.0067489333450794,-0.0173484906554222,-0.307291340714693,0.0088356328845024,-0.1216062720179557,-0.0053225588053464,0.0361097753047943,0.045815035700798,-0.004026479037106,-0.0325327348142862,-0.2170836849145591,0.0052801226265728,0.1204224675893783,0.0052112475968897
1774471308187808000,66.32480810546875,-0.2258770860925316,0.2354202461918816,0.0021668226450681,0.0135106761008501,-0.0077407993376255,-0.010118206962943,-0.2971357112728059,0.0069353522211313,-0.1098603046447038,-0.0057605197653174,0.0564845614135265,0.0641045868396759,-0.1625872478343546,0.0644809477388858,-0.4077594015054404,-0.0309274159371852,0.164452239871025,0.0410472750663757
1774471308197835000,66.3348349609375,-0.2388116787284612,0.2735095556873828,0.0053232408493757,0.01374476775527,-0.0119347441941499,-0.0062888474203646,-0.3003367723364383,-0.0020657003581523,-0.1383890645146369,-0.0085022440180182,0.0807677954435348,0.0804952830076217,0.3287678439855575,-0.1026549033105373,-0.3756327632740139,0.0164787415415048,0.1554019898176193,0.000314638018608
1774471308207862000,66.34486206054687,-0.2591001412585377,0.2948126386201009,0.003541618129611,0.0124261854216456,-0.0096719646826386,-0.00085274502635,-0.2633854173623025,-0.0218500127583742,-0.1746808596014976,-0.0142176691442728,0.0977585241198539,0.1004904806613922,0.3952313438437879,-0.3717378016620874,-0.0945377939589321,-0.0379970148205757,0.1039859354496002,-0.0108719700947403
1774471308217889000,66.35488891601562,-0.2666772985145449,0.2824752081597224,-0.0341091903507709,0.0080950865522027,-0.0071289120241999,0.0028027100488543,-0.1615922454476356,-0.016238602617383,-0.141490537661314,-0.0159766878932714,0.102867804467678,0.1193166375160217,0.007631517791748,-0.3883078281909227,-0.1098017063252627,-0.030525142326951,0.1990378499031067,0.0305403731763362
1774471308227916000,66.364916015625,-0.2647124281823635,0.2487874580914154,-0.088343469363451,0.0048190504312515,-0.0041955886408686,0.0068161031231284,-0.0533995817542076,0.0018581950873136,-0.0694476302355527,-0.0082677789032459,0.1002145186066627,0.129446655511856,0.0894040843322873,-0.3038485067844391,0.1047908924259245,0.0172293297946453,0.214813619852066,0.016148118302226
1774471308237944000,66.37494409179688,-0.2620738963723182,0.2182361794179305,-0.1517342837780713,0.0008008731529116,0.0038644685409963,0.0140825370326638,-0.0022293664872646,0.023879472759366,-0.0622293694198131,0.0027483869343996,0.0970267131924629,0.1295289397239685,0.1058586677879095,-0.1108113217592239,-0.2405962240576744,-0.0115924468263983,0.2532591223716736,0.0316410660743713
1774471308247971000,66.38497119140625,-0.2669119840532541,0.2019876764610409,-0.1879500910192728,-0.0040445923805236,-0.000471357256174,0.0204148553311824,0.0072725482862442,0.0348790056794881,-0.1478004514604806,0.0099470168352127,0.0919800773262977,0.1325154900550842,-0.0688531714737415,0.0435819520950317,-0.5828253149017691,-0.0565878860652446,0.2426141798496246,0.0333891659975051
1774471308257998000,66.394998046875,-0.2687932677552104,0.1945873005440458,-0.2030471223860979,-0.0092958137392997,-0.0013656467199325,0.0281207114458084,0.1118073470592498,-0.0017056348741054,-0.2675496974349022,0.0094396844506263,0.0747520923614502,0.1262602657079696,-0.0347357978165149,0.2183662720710039,-0.1926378104440868,-0.0409100726246833,0.1850457042455673,0.0195182468742132
1774471308268025000,66.40502514648438,-0.2699368848323822,0.210611420160532,-0.1732113715708255,-0.0102116297930479,-0.0036901216953992,0.0318515263497829,0.140529510609433,-0.0372094944536685,-0.1669908896207809,0.0078403502702713,0.0698728561401367,0.1168059632182121,-0.0272433962345123,0.2548199797213077,0.2688400295063853,-0.0374495610594749,0.143970713019371,0.0072176391258835
1774471308278052000,66.41505200195313,-0.2810723190918565,0.2296242367316037,-0.117182025834918,-0.0121488133445382,-0.0111104864627122,0.0347130931913852,0.0654934857822954,-0.023342297142744,-0.0069902972787618,-0.0024074930697679,0.0708193480968475,0.1084867864847183,0.0816518627703189,0.1468359903424978,0.380427596335113,-0.0212827585637569,0.1136301830410957,0.0050104549154639
1774471308288080000,66.42507983398437,-0.2708259426265955,0.2489763682596385,-0.0636550183087587,-0.0070184762589633,-0.0151440342888236,0.0364216938614845,0.0368799702383577,-0.0840355430364608,-0.1639262413531541,-0.0167046729475259,0.0675785467028617,0.1046896502375602,0.0914822057805955,0.1360690971344709,0.2929509729340672,-0.0131888799369335,0.0745528191328048,0.0101578123867511
1774471308298107100,66.43510717773438,-0.2648977216213941,0.2725982860613614,-0.0143318922132253,-0.0039720861241221,-0.0180681832134723,0.0395546332001686,0.0399779362536966,-0.0678261665135622,-0.3003974895477295,-0.0259216073900461,0.0611800327897071,0.1064444035291671,0.189928405354917,0.134183429518342,0.0324653686664998,-0.0281958393752574,0.0041393674910068,-0.0047099734656512
1774471308308134100,66.44513403320312,-0.2591989254578948,0.2695246873022988,0.0072527476072311,-0.000591732095927,-0.022443801164627,0.0374684259295463,0.0598984422542154,0.0184200383096933,-0.2223895362377166,-0.0238511934876441,0.0631644800305366,0.1113991364836692,0.2212602399468421,0.1866150430232286,-0.0327549992628395,-0.0438656099140644,-0.026928536593914,-0.0105060767382383
1774471308318161000,66.45516088867187,-0.2600567113310098,0.2353071046736091,0.0017652561068534,-0.002186166588217,-0.0267149806022644,0.0412690192461013,0.0643885202150791,0.0876245074391365,-0.11329904692173,-0.0176090095192194,0.0620099976658821,0.1190565228462219,0.0722596189163625,0.1571165613383054,0.0275216286540031,-0.0542140193283557,-0.027691887691617,-0.0013231793418526
1774471308328188200,66.46518823242188,-0.2744575771272182,0.2055513968246057,-0.0115191728800535,0.0015966591890901,-0.022354356944561,0.0416794382035732,0.1170855797231197,0.1783919890791177,-0.0219850373148918,-0.0086702443659305,0.0486782193183898,0.1250452101230621,-0.0664624769449234,0.1043792428851127,0.0758992905929684,-0.0581637546420097,-0.0278098657727241,0.0076785711571574
1774471308338216200,66.47521630859374,-0.2782563848882913,0.1802110942650586,-0.0449544094920158,0.0002917102538049,-0.0186717361211776,0.0408080518245697,0.1770307837285101,0.1836141076415777,-0.0229945066183805,-0.007661439012736,0.0357333905994892,0.1187268570065498,-0.0259787831261754,0.0749848060965538,0.0351280120044946,-0.0640231817960739,-0.0362589433789253,0.0024654623121023
1774471308348243000,66.48524291992187,-0.271595173433423,0.1710175147883594,-0.0562491259664297,0.0009586329106241,-0.0199780128896236,0.0441563427448272,0.1052781644862145,0.0856429782330989,-0.1638590213358402,-0.0146520659327507,0.0317273810505867,0.1090564429759979,0.0359036725521087,0.0294891293346881,0.0619765637025237,-0.0507712922990322,-0.0644269362092018,-0.0041431724093854
1774471308358270200,66.49527026367187,-0.2742319516777992,0.1731943839034065,-0.0659866761267185,0.0054071769118309,-0.0193974431604146,0.0418292731046676,0.0462239179711788,-0.0013081599891185,-0.2106716259151697,-0.024695111438632,0.0326592214405536,0.099624864757061,0.0966354968905448,0.0341208807885646,0.0914177622422575,-0.045208141207695,-0.1193399727344513,-0.0230916589498519
1774471308368297200,66.50529711914062,-0.2755453723639249,0.1865569196278229,-0.0553740966975688,0.007187689654529,-0.021296203136444,0.0410682633519172,0.031001871985197,-0.0034679683715105,-0.1394026254713535,-0.0281249713152647,0.0299717765301466,0.0985616818070411,0.0993374493256211,0.0141465987741947,0.0363878028072416,-0.0344766676425933,-0.174949437379837,-0.0390072427690029
1774471308378324000,66.51532397460937,-0.2844263056948781,0.1788373582264408,-0.0587561403512954,0.0077373664826154,-0.0248496569693088,0.0391827449202537,0.0470304120484739,0.043719314739108,-0.0325701442152261,-0.029438441619277,0.0254057869315147,0.0971512719988823,0.0696878687322139,0.02368541149199,-0.0918940014518797,-0.0313730984926223,-0.2096772789955139,-0.0563560463488101
1774471308388352300,66.52535229492187,-0.2793962025731802,0.1766443782268092,-0.0666711512595415,0.0091947773471474,-0.0287721920758485,0.0368001088500022,0.0629340836230665,0.0577531007885932,-0.0315156667262315,-0.0294736213982105,0.0227003321051597,0.1008989140391349,-0.0172504100084304,0.0912707549870014,-0.2259292546711861,-0.0196581222116947,-0.2173351943492889,-0.0680633038282394
1774471308398379000,66.53537890625,-0.2674088276594877,0.1823190263297408,-0.0842249281287193,0.0107119800522923,-0.0286624711006879,0.036245372146368,0.0493931225918233,0.0548322449058294,-0.0938543417394161,-0.0308645907789468,0.0289286673069,0.0989454910159111,-0.1005234442397952,0.1145598606377839,-0.3428777640111744,-0.0161891486495733,-0.1919820755720138,-0.0709780231118202
1774471308408406000,66.54540600585938,-0.2649105811029672,0.190295412036404,-0.1077770686298608,0.0131882578134536,-0.0169994570314884,0.0348208621144294,0.0350593306824564,0.0389607220351696,-0.1409013395965099,-0.0333900079131126,0.0372954085469245,0.0964515507221221,-0.1884358287096023,0.1095300497770309,-0.4627765014588832,-0.0101637467741966,-0.1507931053638458,-0.0624298155307769
1774471308418433300,66.55543334960937,-0.2605667066797614,0.199269211282581,-0.1429635328233242,0.0162365119904279,-0.0080163488164544,0.0340229794383049,0.0220423204600811,0.0535661704927682,-0.118826870432496,-0.0349737890064716,0.0457783751189708,0.0969042927026748,-0.2388204465568065,0.1366179631888866,-0.4912726742334664,-0.0053417142480611,-0.1031100377440452,-0.0558862388134002
1774471308428461000,66.5654609375,-0.2718155381858348,0.2017659600017592,-0.1736526855975389,0.0202452503144741,-0.008826601319015,0.0287764407694339,0.0042633565329015,0.0756383015692234,-0.065249009501934,-0.0346495173871517,0.0527406111359596,0.1028315499424934,-0.1916705728471279,0.1368710611671209,-0.490074112098664,0.0013593316543847,-0.0643860697746276,-0.0515423566102981
1774471308438488000,66.57548803710938,-0.2856792283654212,0.185974370499514,-0.1775233895510435,0.0228740572929382,-0.010148593224585,0.026588387787342,-0.0124678519070148,0.0942342809677124,-0.0530330865293741,-0.0314601138234138,0.0611873567104339,0.1076595932245254,-0.1544306832551956,0.0653396103948354,-0.4328966192409396,0.0084048770368099,-0.0300661493092775,-0.049563817679882
1774471308448515000,66.58551513671875,-0.2737204950243234,0.1687745581671595,-0.142596453076601,0.026408739387989,-0.0195650327950716,0.0236455015838146,-0.0265549755789339,0.1240466509073972,-0.0648363370478153,-0.0271048750728368,0.067106157541275,0.1117473393678665,-0.1126464282318949,0.0005471124887466,-0.3739864573717117,0.0126888379454612,-0.0148469824343919,-0.0495539605617523
1774471308458542000,66.5955419921875,-0.2640650701895356,0.1754065800601616,-0.0838052414119243,0.0233421102166175,-0.0211464185267686,0.0199698060750961,-0.0105868604660034,0.1286415774822235,-0.0858165812343359,-0.0217167679220438,0.0687386691570282,0.1144027784466743,-0.0545771011009812,-0.0260953952431678,-0.3290804170660674,0.0147225996479392,-0.0075005111284554,-0.0516444593667984
1774471308468569000,66.60556909179688,-0.2475818451613187,0.188915721181035,-0.0630494536310434,0.020790010690689,-0.0182340219616889,0.0187083929777145,0.0101367786109447,0.1117126545131206,-0.0988555110275745,-0.0186564829200506,0.0727333128452301,0.1187311187386512,0.0210699682965874,-0.0909814166516065,-0.3530206801019608,0.0107901757583022,0.0102619742974638,-0.0552610345184803
1774471308478597000,66.61559716796874,-0.2434042672157287,0.1883901264043525,-0.0777829123824834,0.0215633921325206,-0.0119076846167445,0.0187597908079624,0.0141863462626934,0.0853156459748745,-0.1153764377176761,-0.0141911599785089,0.0736238732933998,0.1197447180747985,0.1053133088648319,-0.1889426091879606,-0.3697762923307716,0.0041933637112379,0.019042594358325,-0.0621881298720836
1774471308488624000,66.6256240234375,-0.2288303829401731,0.1952907726382836,-0.1109077678710222,0.0217175353318452,-0.009086444042623,0.0131040792912244,0.0439572151482105,0.072556117644906,-0.1320364806175231,-0.0052189864218235,0.0748372450470924,0.1226859018206596,0.2049624544881284,-0.1975952867209911,-0.344183147521317,-0.0017446868587285,0.029094697907567,-0.075941763818264
1774471308498651100,66.63565112304687,-0.2165752970010042,0.201780098124966,-0.1318424193501472,0.0206631906330585,-0.0048094075173139,0.0128601342439651,0.0743524995423853,0.0590998392224311,-0.1205868658423423,0.0010610138997435,0.07174052298069,0.1283832043409347,0.1941933693230152,-0.1531938349366187,-0.3133066554814577,0.0035938387736678,0.0439797863364219,-0.0818129852414131
1774471308508678000,66.64567797851562,-0.2037792360529303,0.1983714952578768,-0.1404752231389284,0.0196502730250358,-0.0004219636321067,0.0133979795500636,0.0906685513101518,0.0666349109023809,-0.1157131223261356,0.0084776198491454,0.0634565576910972,0.1352950036525726,0.2105965148523449,-0.1736912640422582,-0.251944570415467,0.005005314014852,0.0599097535014152,-0.0763052999973297
1774471308518705200,66.655705078125,-0.185649997383356,0.2015583451330661,-0.1314747550815344,0.0183605030179023,0.0070245009846985,0.0160813815891742,0.0794504072032868,0.0392781174212694,-0.1319353583306074,0.0129354856908321,0.0503966808319091,0.144660010933876,0.2346048746883869,-0.1991109519809484,-0.1409932556636631,0.0195152703672647,0.0624069422483444,-0.0750614777207374
1774471308528733000,66.66573291015625,-0.1904901308909058,0.1904160062087699,-0.1266939505457878,0.0170645788311958,0.0126842111349105,0.0151516264304518,0.0639069472432136,0.0226642517507076,-0.1234030923068523,0.0182818435132503,0.0355382487177848,0.1545592993497848,0.2861059293448925,-0.2100695683687925,-0.0576756516382098,0.038373913615942,0.0672179386019706,-0.0714686065912246
1774471308538760200,66.67576025390625,-0.2046890443742275,0.2048496417634189,-0.1259586220085621,0.0122786117717623,0.0150765283033251,0.0212952718138694,0.0219663326144218,0.0001660042166709,-0.1058294416934251,0.0245535876601934,0.0240696109831333,0.1674884110689163,0.2930686079643667,-0.2120551892280578,-0.0283801451794803,0.0552907027304172,0.0705517157912254,-0.0628377720713615
1774471308548787200,66.685787109375,-0.2075748289436101,0.2121471783604472,-0.127210083374381,0.0113292420282959,0.0268209539353847,0.0200056005269289,-0.0431051283635199,-0.0496300000876188,-0.1061450835138559,0.028199590742588,0.0161498971283435,0.1842798739671707,0.2893883120164275,-0.1852145285755395,-0.0161661219030618,0.0697199776768684,0.0850678086280822,-0.0581942871212959
1774471308558814000,66.69581396484375,-0.1995852914944291,0.2306457617990672,-0.1496931333392858,0.0073102656751871,0.0353361442685127,0.0225092377513647,-0.118986298777908,-0.132454413768649,-0.1366179631888866,0.02503202855587,0.0139072481542825,0.2046208381652832,0.2598829621993005,-0.1901648444592952,-0.0430137968182563,0.0815817266702652,0.1014478504657745,-0.0487104877829551
1774471308568841000,66.70584106445312,-0.1992091516584158,0.2462863254580646,-0.1618015042841434,0.0030686147511005,0.0425948463380336,0.0247382894158363,-0.1468972190104424,-0.1782248158186674,-0.1730816077113151,0.0222096797078847,0.0138389263302087,0.228810504078865,0.2682030467770993,-0.2335860530346631,-0.1176623566977679,0.0901467129588127,0.1256346702575683,-0.0435428880155086
1774471308578869000,66.71586889648438,-0.2155675812631845,0.2384636690083891,-0.1555997270345687,0.0032734118867665,0.0496058836579322,0.0258640088140964,-0.2152009399078786,-0.2184995430618524,-0.1779044978231191,0.0190610252320766,0.0167164709419012,0.258156955242157,0.2985385638080537,-0.2315764667779207,-0.1209609598517417,0.0988151282072067,0.1591769903898239,-0.032647855579853
1774471308588896000,66.72589599609375,-0.2173953812122344,0.2154472428191453,-0.1514788477122783,0.0041027176193892,0.0520917251706123,0.0288652852177619,-0.2828172630630433,-0.193766668343544,-0.2054717191845178,0.0161497239023447,0.0264954641461372,0.2895185947418213,0.2432677813544869,-0.0833271025061607,-0.0575087706387043,0.1079132854938507,0.1979813873767852,-0.0210529845207929
1774471308598923000,66.73592309570313,-0.2221235787779092,0.1871305547973141,-0.1277367375969886,0.0031855250708758,0.0531050562858581,0.0325790643692016,-0.333006942860037,-0.1727086827456951,-0.236329798784852,0.0171729102730751,0.0377134941518306,0.3242020010948181,0.1941129975631833,0.0443283865481615,0.0060486325144767,0.1222519055008888,0.2273004800081253,-0.0066091162152588
1774471308608950000,66.74594995117188,-0.224766786763072,0.1806940554764121,-0.1077747305423021,0.0029933052137494,0.0575959831476211,0.0345309264957904,-0.4261703797258436,-0.2025450180828571,-0.2652069337010383,0.0190234333276748,0.0491088517010211,0.3691766262054443,0.2357243802376091,0.162874686473608,0.0439838108941912,0.1253547519445419,0.2473165392875671,0.0012874223757535
1774471308618977000,66.75597705078125,-0.2069052591189742,0.1837292584538459,-0.090389295977354,0.0071792621165513,0.0577480494976043,0.0373669266700744,-0.5369114127278327,-0.213821029856801,-0.2461217094808817,0.022494863718748,0.0667885094881057,0.4160535931587219,0.2868232838340103,0.2443102761447429,0.0926120865933597,0.1284801214933395,0.2645247876644134,0.0095596732571721
1774471308629005000,66.76600512695312,-0.2012456259220838,0.1950807466167956,-0.0888642783671617,0.0039306199178099,0.064003974199295,0.0389841608703136,-0.6379040819145738,-0.199001646387577,-0.1749129147917032,0.025571372359991,0.0931383073329925,0.4723897874355316,0.2617661455973982,0.3075859397470951,0.1236203883193433,0.1295139491558075,0.2915284335613251,0.0206022039055824
1774471308639032000,66.77603198242187,-0.1721446191221475,0.1973227899225428,-0.0691232205867767,0.0026067625731229,0.0630383118987083,0.0448694787919521,-0.6571392359994351,-0.1220575229167938,-0.1453781927496194,0.0250320825725793,0.1263087838888168,0.529708206653595,0.1723170530796051,0.351066769555211,0.1156510168753564,0.1200651451945304,0.3322420120239258,0.0359086319804191
1774471308649059000,66.78605908203124,-0.1547299584627151,0.196893093268387,-0.0687117171764373,0.0030915585812181,0.0629493594169616,0.0473449453711509,-0.6805284410238266,-0.051220484149456,-0.1585942326754331,0.0215375982224941,0.1585988402366638,0.5878683924674988,0.1024981053136289,0.3795867615967989,0.116677437313646,0.1072050109505653,0.3691283762454986,0.0572312287986278
1774471308659086000,66.79608618164062,-0.1550283568874001,0.1792537570076063,-0.0643178661316633,0.0005932471249252,0.0561806708574295,0.0481968894600868,-0.6251436768017709,0.0310679229587316,-0.1375473529934883,0.0175921246409416,0.1843044608831405,0.634480893611908,0.0453051226258277,0.3791922093212604,0.1973661541402339,0.1030066534876823,0.3976648151874542,0.079113021492958
1774471308669114000,66.80611401367187,-0.1416366681337356,0.1506398396048694,-0.0503933856755495,-0.0010233628563582,0.0531502962112426,0.0518579185009002,-0.2760686655856669,0.2710118205875158,0.0481324550062417,0.0121295833960175,0.2213631421327591,0.7067492604255676,-0.0092179102003574,0.3304775705128908,0.2652180396169424,0.1045712605118751,0.4222292900085449,0.105979785323143
1774471308679141000,66.81614111328125,-0.1330342594832181,0.1388640250826254,-0.0275444250077009,-0.0040274085476994,0.0502586364746093,0.055570363998413,-0.1728456069983542,0.1984989575624466,0.0136900871783494,0.0054722735658288,0.220873013138771,0.6892656683921814,-0.0523442274823784,0.282835529372096,0.299708338239789,0.107345663011074,0.4473311603069305,0.1303206533193588
1774471308689168000,66.82616796875,-0.1372673670083284,0.1311314946018159,0.0051999067306518,-0.0049651991575956,0.061450220644474,0.0639035776257515,-0.101151366879791,0.1229278760105371,-0.0283949043571948,-0.0064064897596836,0.2268059998750686,0.6573737859725952,-0.146352590739727,0.2779489263743162,0.3418050202131271,0.1078804284334182,0.4702892303466797,0.1586976945400238
1774471308699195100,66.83619506835937,-0.1507481953501701,0.1347025580216199,0.0159808284640312,-0.000413057859987,0.0589654929935932,0.0620508193969726,-0.038653117390722,0.0350911871254444,-0.1010229181945324,-0.0214678589254617,0.2379470467567443,0.6139988303184509,-0.1615818701840937,0.2082511207699775,0.3827304664500057,0.1026700884103775,0.4759591817855835,0.1779647916555404
1774471308709222100,66.84622216796875,-0.1939315035164356,0.1601259722873568,0.0155488667875528,0.0038440490607172,0.0622941106557846,0.06166997179389,0.0164276954486966,0.0015805471897125,-0.1540291167169809,-0.0380052924156188,0.2467730343341827,0.5687610507011414,-0.165224464470148,0.1010737715989351,0.3587413958363235,0.0988868027925491,0.4677550196647644,0.1956431120634079
1774471308719250000,66.85625,-0.2488128482609987,0.2124697248456999,-0.0051952305555343,0.0106681324541568,0.0653098747134208,0.0636582896113395,0.0550571397028863,-0.0169242467939853,-0.170545367231965,-0.052425742149353,0.252478539943695,0.5258094072341919,-0.1233528234243392,0.0154512516319751,0.3170172004371881,0.0854791700839996,0.4461073577404022,0.2016539126634597
