time,seconds_elapsed,imu1_accel_x,imu1_accel_y,imu1_accel_z,imu1_gyro_x,imu1_gyro_y,imu1_gyro_z,imu2_accel_x,imu2_accel_y,imu2_accel_z,imu2_gyro_x,imu2_gyro_y,imu2_gyro_z,imu3_accel_x,imu3_accel_y,imu3_accel_z,imu3_gyro_x,imu3_gyro_y,imu3_gyro_z
1774471350412303000,108.54930322265623,-0.159651925034821,0.1692600401291623,-0.0547650248885154,-0.023221343755722,-0.0519258826971054,0.0889555141329765,0.0666996467016637,0.0695651191353797,-0.0721241559684276,-0.008736228570342,-0.1149479895830154,0.0060961279086768,-0.136909931872785,-0.047404725253582,-0.1319878191702067,0.0079101473093032,-0.1220198273658752,-0.0369466915726661
1774471350422330400,108.55933032226562,-0.1424412625148892,0.1285521821657195,-0.0742220050305128,-0.0184665918350219,-0.052152644842863,0.0867893099784851,0.042251580274105,0.0408083957284688,-0.0651712680906057,-0.0046093943528831,-0.1211883053183555,-0.0068822549656033,-0.1271159753501415,-0.0399374581128358,-0.1057646328289061,0.0208168588578701,-0.1369245797395706,-0.0426060855388641
1774471350432357400,108.569357421875,-0.1542623409509658,0.0958364919999614,-0.1136252101361751,-0.0157376490533351,-0.0470710694789886,0.0821719169616699,0.0276749195195734,0.0388362188726663,-0.0871282483547925,-0.000687098596245,-0.1254715472459793,-0.0164961647242307,-0.1170730125024914,-0.0207522806495428,-0.107111005936563,0.0299776010215282,-0.1438133716583252,-0.0437192842364311
1774471350442384100,108.57938403320313,-0.1618099798515438,0.0720304132703691,-0.1393646315485238,-0.0125401206314563,-0.0419879779219627,0.078985720872879,-0.0070329673767089,0.0362999783933162,-0.1106663603305816,0.0078424736857414,-0.1333126872777938,-0.0216174237430095,-0.1226864684700965,0.041056233009696,-0.0839480108834803,0.0418196022510528,-0.1503321379423141,-0.046454980969429
1774471350452412400,108.58941235351564,-0.1702516449823975,0.0520425045894458,-0.1402478441238403,-0.0075597437098622,-0.0427922531962394,0.0756807327270507,-0.0674561641573905,0.0092155721127986,-0.1265121642380952,0.017898928374052,-0.1348143368959427,-0.0225265715271234,-0.0999731168806552,0.0808224262088537,-0.1008532607160508,0.0491068102419376,-0.1453096866607666,-0.0442312434315681
1774471350462439400,108.599439453125,-0.1535451325923204,0.0467860088333487,-0.1372632753551006,-0.0047154640778899,-0.036589678376913,0.0728600844740867,-0.0889104555964469,-0.0194020350843667,-0.1181131692051887,0.0271390322595834,-0.1323509216308593,-0.0202098879963159,-0.076179861100018,0.0850286457270383,-0.1092412228982895,0.0579129233956337,-0.1327973902225494,-0.0454476326704025
1774471350472466200,108.60946606445312,-0.1156497017011046,0.0304205649659037,-0.1128705923765897,0.0040348842740058,-0.0335392914712429,0.0688866525888443,-0.1009361166939139,-0.0439408485352992,-0.1568278075248003,0.0302895400673151,-0.1321077048778534,-0.0215095970779657,-0.0138955466225743,0.0732739105254411,-0.1070513116385787,0.0604599714279174,-0.1243327930569648,-0.0434332117438316
1774471350482493200,108.6194931640625,-0.1088651561275124,0.0357836994342505,-0.1105289976865053,0.0090100634843111,-0.0286592282354831,0.0671542659401893,-0.1087958902835845,0.0054442368805408,-0.1109732343226671,0.0276524778455495,-0.1233440488576889,-0.0189156793057918,0.0194727622330188,0.0529115059763193,-0.0843880097359418,0.0636712983250618,-0.121815912425518,-0.0370342247188091
1774471350492520400,108.6295205078125,-0.081786010544002,0.0532990805217996,-0.1026058034718036,0.0102455038577318,-0.0232511498034,0.0662024468183517,-0.0670190879143774,0.0578296731561422,-0.0619189882963895,0.0195252802222967,-0.1166554167866706,-0.0152191203087568,0.0651484717369079,0.0456634345442056,-0.0528037347529083,0.0650558769702911,-0.1295015215873718,-0.0312924496829509
1774471350502548200,108.63954833984376,-0.0772089118868112,0.0875679184136912,-0.0991711528480052,0.0128902923315763,-0.0177180543541908,0.0692664310336113,-0.0224243055149912,0.0643523529231548,-0.1365729550033807,0.0155475828796625,-0.1142508462071418,-0.0165235362946987,0.1518494345903396,0.0467231727302074,-0.0023689210884273,0.077073834836483,-0.1248694211244583,-0.0330657958984375
1774471350512575500,108.64957543945312,-0.0683592504769563,0.1167432325588539,-0.100846392583847,0.0109914597123861,-0.0141020147129893,0.0699585899710655,-0.0116352004751563,-0.0013899930536746,-0.0756844787985086,0.0201349761337041,-0.1088702157139778,-0.0193467754870653,0.1260083063691854,0.0630231501460075,-0.0690490593720227,0.0752463713288307,-0.1095674335956573,-0.0156934633851051
1774471350522602200,108.65960229492188,-0.0567936081066727,0.1422146141521632,-0.0874450592190027,0.0112349716946482,-0.0153671149164438,0.0744996145367622,0.0009074702337384,-0.0700081867277622,-0.0327834947049617,0.0235544759780168,-0.1048302054405212,-0.0271809957921504,0.1855646571874618,0.1124678567945957,-0.1133793456163257,0.0816668942570686,-0.1025953665375709,-0.0154900420457124
1774471350532629200,108.66962915039062,-0.0626087241262197,0.1671752697443589,-0.0773474435746669,0.0065075946040451,-0.0145362094044685,0.0781667903065681,0.0117784083381295,-0.0980237363785505,-0.0713461573332548,0.0283248219639062,-0.1123601719737052,-0.0342316590249538,0.2833502008959651,0.0858814631640911,-0.1045220854219049,0.0786506012082099,-0.0955640897154808,-0.0091602411121129
1774471350542656300,108.67965625,-0.0716881026387214,0.1851762423917651,-0.0433031351536512,0.0058816247619688,-0.017039131373167,0.0819820314645767,-0.0013137129470705,-0.071342065680027,-0.0400362423121929,0.0325656421482563,-0.1144092082977294,-0.03567935526371,0.2433691959023475,0.1107744968801736,-0.1272047496121376,0.0895550474524498,-0.0834130719304084,-0.0063481600955128
1774471350552684300,108.68968432617189,-0.0849187556117773,0.189691016402468,-0.01290565880239,-0.0010393981356173,-0.0169206224381923,0.0845714211463928,-0.0349856809243559,-0.0284907659471034,-0.0156891520410776,0.0368523672223091,-0.1159204021096229,-0.0313346348702907,0.2203238358795642,0.136609779882431,-0.1166062717735767,0.0918826535344123,-0.0690415874123573,0.0030322920065373
1774471350562711300,108.69971118164062,-0.1008154129236936,0.1872845397826284,0.0107949502587318,-0.0051160152070224,-0.016747623682022,0.0888366550207138,-0.0376230436906218,0.016708558216691,-0.0137719202429056,0.0357133336365222,-0.1166346594691276,-0.0167128145694732,0.1936021254315972,0.1499573372334241,-0.0718125327359884,0.1068483963608741,-0.0602894499897956,0.0072606741450726
1774471350572738000,108.70973803710936,-0.0868897634238004,0.1780232288319617,0.025425533157587,-0.006200720090419,-0.0150767555460333,0.0968098938465118,-0.0955669908761978,0.0316600436329841,0.0056961658149957,0.0342666581273078,-0.1140439435839653,-0.0029376719612628,0.2106570128679275,0.1310468850582838,-0.0346416167270392,0.1138306707143783,-0.0521873123943805,0.0151361748576164
1774471350582765300,108.71976538085936,-0.0805146754339337,0.1689206155743449,0.0267260943621397,-0.0068189436569809,-0.0139265488833189,0.1034453362226486,-0.1298959614574909,0.013666706302762,-0.0003624035716056,0.031536653637886,-0.114743024110794,0.0079972678795456,0.1968199184343218,0.1149374617785215,-7.29921709746e-05,0.1243293061852455,-0.0442519858479499,0.0189600307494401
1774471350592792300,108.72979223632812,-0.1085404542177915,0.160344729604572,0.0141132810264825,-0.0127790989354252,-0.0227996688336133,0.1125323101878166,-0.1417079798042774,-0.0394008670181035,0.0099947397917509,0.0278094578534364,-0.1136465817689895,0.019055001437664,0.1665887385606765,0.0813747993946075,0.0260009949579834,0.1235623210668563,-0.0332406125962734,0.0229334682226181
1774471350602819300,108.7398193359375,-0.1173936227589845,0.159634608573839,0.009813538005948,-0.0169235244393348,-0.031779296696186,0.1133060455322265,-0.1309106914579868,-0.1013169327050447,0.0223012636572122,0.0238035321235656,-0.1102949902415275,0.0255611017346382,0.1628907608255743,0.0472650245219469,0.0342321591433137,0.12416722625494,-0.0192348510026931,0.0245458278805017
1774471350612847400,108.74984741210938,-0.118737438583374,0.1557590092495083,0.0242284323275089,-0.0183861292898654,-0.0457696840167045,0.1201599538326263,-0.1095090069890022,-0.1096785183370113,0.0311965177744627,0.0183288212865591,-0.106394812464714,0.0345923565328121,0.1670455424174666,-0.0309001651763916,0.0529261920887976,0.1233104914426803,0.0076311179436743,0.0289866477251052
1774471350622874400,108.75987426757813,-0.1358984167426824,0.1482058173909783,0.0328711729884147,-0.0208909697830677,-0.0547617562115192,0.1213586404919624,-0.1029682070434093,-0.0783855544507503,0.0370253700584173,0.0161479581147432,-0.0986657813191413,0.0404118970036506,0.0918012086018919,-0.0645791474163532,0.0463607691586017,0.1178786158561706,0.0312238596379756,0.0408324413001537
1774471350632901000,108.76990112304688,-0.1157996315658092,0.1437683464001864,0.0537777674168348,-0.021448902785778,-0.0657427683472633,0.1243690773844719,-0.0988638404645025,-0.0616015929102897,0.0041898529052734,0.0111507568508386,-0.0901611670851707,0.04934823513031,0.0893535231888294,-0.0520621956706047,0.056794411824271,0.1086829900741577,0.0480209477245807,0.0449158698320388
1774471350642928400,108.77992846679687,-0.1015706152051687,0.1351058050602674,0.0667845485061407,-0.0251095797866582,-0.068176083266735,0.1257489472627639,-0.0409036727964878,-0.0654874944329261,-0.0328548063755035,0.0074359131976962,-0.086683876812458,0.0545786842703819,0.1444666308626532,-0.0653770197957754,0.0626341508284211,0.1011731997132301,0.061716616153717,0.0469433702528476
1774471350652955400,108.78995532226564,-0.090943130467832,0.1326716367159038,0.0539513704180717,-0.0257591251283884,-0.0659145265817642,0.1256735920906067,-0.0002735562443733,-0.1171685818314552,-0.0709779085427522,0.0023955681826919,-0.0835985317826271,0.05534578114748,0.1660121077165007,-0.0651490562587976,0.0453843984071165,0.0989976599812507,0.0773650854825973,0.044803787022829
1774471350662983200,108.79998315429688,-0.0970601520434022,0.1444887696292251,-0.0083165774464607,-0.0273548439145088,-0.0492480546236038,0.1297302097082138,0.0113766956694424,-0.1604962669044733,-0.0782441001534462,-0.0014897177461534,-0.0804322957992553,0.0544480308890342,0.1605681630969047,-0.0365010539233684,0.0295762961614876,0.102240614593029,0.093422345817089,0.0453171133995056
1774471350673010400,108.81001049804688,-0.109253863184154,0.1639886390648782,-0.0853209066718816,-0.0243446752429008,-0.0307092554867267,0.127321109175682,0.0114563367769122,-0.1324520756810903,-0.0661059185922145,-0.0036593726836144,-0.0809023156762123,0.0586496889591217,0.138655606496334,-0.0150906016260385,0.0276288884207606,0.1014491245150566,0.1077179238200187,0.0509046912193298
1774471350683037200,108.820037109375,-0.132101947069168,0.1637805492721498,-0.1574427245527505,-0.0218572113662958,-0.018800176680088,0.1200623959302902,-0.0144832833826541,-0.1231838965982198,-0.056280105626583,-0.002209547907114,-0.0831204652786254,0.0647110417485237,0.1433262286558747,0.0189513687074184,0.0444927102643996,0.1078963726758956,0.1175667941570282,0.0542623437941074
1774471350693064200,108.83006420898438,-0.1521943025052547,0.145865318679437,-0.2076630917489528,-0.0224276613444089,-0.0142512312158942,0.1142929270863533,-0.0735329998530447,-0.0898883607178926,-0.0613379735380411,-0.0037149160634726,-0.0873596742749214,0.0773098841309547,0.1404454125225543,0.0532885225951671,0.0714293055720627,0.114371582865715,0.1269637644290924,0.0625913813710212
1774471350703091500,108.84009155273438,-0.1814186434239149,0.1137641802154481,-0.2147971814125776,-0.0181492809206247,-0.0193360242992639,0.1060098707675933,-0.1190732464089989,-0.1054103394985199,-0.0641799189656972,-0.0052297222428023,-0.0914851725101471,0.0877707824110984,0.1274748717904091,0.0690109923839569,0.1136930146753787,0.1133555024862289,0.1279521137475967,0.0718248859047889
1774471350713118200,108.8501181640625,-0.1938464555814862,0.0832743494056165,-0.1815133359700441,-0.0165106393396854,-0.0285471007227897,0.0937478765845298,-0.1546250367835163,-0.1362169811725616,-0.0622357991605997,-0.0091378930956125,-0.091519758105278,0.0994101092219352,0.1426350315213203,0.0562654925793409,0.1451183727696537,0.1150458082556724,0.1272082924842834,0.0753876566886901
1774471350723146200,108.86014624023436,-0.2220095970094203,0.0358520884953439,-0.1307277361065149,-0.0154883097857236,-0.0302700288593769,0.0872012972831726,-0.2133997357048094,-0.1399123285591602,-0.0920037454366684,-0.0172797087579965,-0.0838722288608551,0.1129064783453941,0.12924480407238,0.0390279420524835,0.153555727051571,0.1139540374279022,0.1238467767834663,0.0788427889347076
1774471350733173200,108.87017333984376,-0.214499952031672,-0.0012499269958585,-0.0831628518551588,-0.0097462674602866,-0.0301238186657428,0.0753502324223518,-0.226505885515362,-0.1503349383741617,-0.1045154364854097,-0.0244242921471595,-0.0716002061963081,0.1204875782132148,0.1027493035957217,0.0390595062345266,0.1470152924321592,0.1075139865279197,0.1205247491598129,0.0803946182131767
1774471350743200300,108.8802001953125,-0.21145430072546,-0.0240000303991138,-0.045604982355237,-0.0028274338692426,-0.0280036553740501,0.0627592429518699,-0.1860053866922855,-0.1313350543498992,-0.0865536633372306,-0.0272376555949449,-0.0601294450461864,0.1257747411727905,0.1014469888255,0.0487964718729257,0.1331947107419371,0.1029313579201698,0.1151404455304145,0.0744390413165092
1774471350753227300,108.89022729492189,-0.2169762790173292,-0.0400656145371496,-0.0318044205397367,-0.0028372872620821,-0.0319451317191123,0.0511957928538322,-0.152814772491157,-0.0903869578897953,-0.0639151305496692,-0.0273270606994628,-0.0487692952156066,0.1277529150247573,0.0787158093184232,0.053548050314188,0.1500403393417596,0.0985403358936309,0.1052031219005584,0.0700251162052154
1774471350763254300,108.90025415039062,-0.2000070240378379,-0.0433075921330601,-0.0340484000742435,0.0010024118237197,-0.0351886339485645,0.0406837724149227,-0.1168552780985832,-0.064907648718357,-0.0538841504007577,-0.0266181267797946,-0.0465317070484161,0.1296911686658859,0.0260135621786117,0.0677262132704257,0.1371467363033443,0.0858715549111366,0.0828013718128204,0.0679424107074737
1774471350773282300,108.9102822265625,-0.1806155103474855,-0.0227782335191965,-0.0425187067776918,0.0037252276670187,-0.0325033701956272,0.0337920449674129,-0.0936591114282607,-0.0256137492060661,-0.0280646494895219,-0.0272185672074556,-0.0473087541759014,0.1316425949335098,0.0581061520099639,0.047747839602828,0.1418238612689077,0.0792179107666015,0.0547779984772205,0.057151012122631
1774471350783309300,108.92030932617187,-0.1483323663800954,0.0178675920587033,-0.0584288080930709,0.0047780219465494,-0.0297658704221248,0.0220648050308227,-0.0818625829115509,-0.001879822397232,-0.0349795434445142,-0.0311978626996278,-0.048636071383953,0.1329672485589981,0.0830552998274564,0.0195393977284431,0.1677874468259513,0.0767504274845123,0.0368321985006332,0.0435032024979591
1774471350793336300,108.93033642578123,-0.1446381880372762,0.0449848776955157,-0.0659808309078216,0.0045457938686013,-0.0236259512603282,0.0155099667608737,-0.057511108726263,-0.030873277169466,-0.0333808760762214,-0.0338625609874725,-0.0485816039144992,0.1304127275943756,-0.0092602880373597,0.0327197818189859,0.127898723225668,0.0753448083996772,0.0294611006975173,0.0361384935677051
1774471350803363300,108.94036328125,-0.1308396720483899,0.066215589511767,-0.0548182163804769,0.006140484008938,-0.0195725969970226,0.0083791874349117,-0.0735131261087954,-0.0337163916409015,-0.0007499415844678,-0.0337794721126556,-0.0444489121437072,0.1296476125717163,-0.0543386161699891,0.0372264455884695,0.0717570031564682,0.0703076124191284,0.0185271389782428,0.0285750720649957
1774471350813390300,108.95039038085936,-0.142919109159708,0.0643769028425216,-0.052395373147726,0.0088779469951987,-0.0151224555447697,-0.0008923411369323,-0.0764773827418685,-0.0251724351793527,0.0136924252659082,-0.0372918397188186,-0.0401667319238185,0.1310375779867172,-0.0443953143045306,-0.0312093772560358,0.05051832722947,0.0659131333231926,0.0090678567066788,0.017333336174488
1774471350823418400,108.96041845703124,-0.1625739499613642,0.0559673133503645,-0.0459048420846462,0.0130935348570346,-0.0138388555496931,-0.0093955462798476,-0.0420985816694796,0.0028577275186777,-0.001978606596589,-0.0371368452906608,-0.0402013547718524,0.1330735683441162,-0.0597486585199832,-0.1002227077275514,0.0301951587121933,0.0596533454954624,-0.0081441877409815,0.0054495809599757
1774471350833445400,108.9704453125,-0.1571101315975189,0.0651584086090326,-0.0360813672065734,0.0130565166473388,-0.0181638300418853,-0.0170683804899454,0.0041544893309473,0.022725042027235,-0.0025526070922613,-0.0367912873625755,-0.0399638079106807,0.1360086798667907,-0.0705421474739909,-0.1186439150810241,-0.0071366469468921,0.0522950291633605,-0.0280238855630159,-0.0111951753497123
1774471350843472100,108.98047216796876,-0.1642182100370526,0.0679945088177919,-0.036986791613698,0.0148019632324576,-0.0155938984826207,-0.0190384164452552,0.0415207817815244,0.0327823256611824,-0.0201572373658418,-0.039922896772623,-0.0446815975010395,0.1300093680620193,-0.058480830541253,-0.1352753164082765,-0.0378311334833502,0.0487621538341045,-0.0412679240107536,-0.0312850251793861
1774471350853499100,108.9904990234375,-0.1723912873595953,0.0746482676185667,-0.070786185362935,0.012408846989274,-0.0109733147546648,-0.0284737311303615,0.0804823805995285,-0.0093014968305826,-0.0390986692011356,-0.0440055802464485,-0.0517321899533271,0.1226279065012931,-0.082858315950632,-0.1484247208386659,-0.0298160597341135,0.0453676879405975,-0.0495993569493293,-0.0474517457187175
1774471350863526400,109.0005263671875,-0.1665361315906047,0.0655370326630771,-0.1145920093417167,0.0131315477192401,-0.0055960621684789,-0.034188512712717,0.1309694359079003,-0.0738712918967008,-0.0404793099045753,-0.0452596619725227,-0.0608029179275035,0.1083184778690338,-0.1131806812390685,-0.1344002871394157,-0.0652984016016125,0.038437258452177,-0.0566010512411594,-0.0648760199546814
1774471350873553200,109.01055322265626,-0.1696317595183849,0.0631648236390203,-0.150030402469635,0.0135997319594025,-0.0049126949161291,-0.0382250659167766,0.1546257674358785,-0.1013362219274044,-0.0328074601024389,-0.0449530743062496,-0.0730360075831413,0.0946111679077148,-0.0822647339716553,-0.0945411549597978,-0.0884132831966504,0.0341586247086524,-0.0583744496107101,-0.0765574425458908
1774471350883581200,109.02058129882812,-0.1616460214614868,0.0635842180948704,-0.1620271297335624,0.0151095120236277,-0.0016926145181059,-0.0387975648045539,0.1633493182480335,-0.123491355112195,-0.0326624986737966,-0.0378317832946777,-0.0892740935087204,0.0799776315689086,-0.1225353695616126,-0.0971042834460735,-0.142869205603376,0.0108655653893947,-0.0521273203194141,-0.0801576673984527
1774471350893608400,109.0306083984375,-0.1454039117127656,0.0595867459565401,-0.166222243335843,0.0167087391018867,0.0011910563334822,-0.0383349731564521,0.1647755516588687,-0.1149146654248237,-0.0381844769656658,-0.0361904613673687,-0.1076717972755432,0.0678054690361023,-0.0784241328954696,-0.0244821148276329,-0.0718194374008104,0.0022795340046286,-0.071623258292675,-0.0917133912444114
1774471350903635200,109.04063525390625,-0.1456841899588704,0.0575850507453084,-0.128127782741189,0.0181778911501169,0.0039610182866454,-0.037270501255989,0.1897092096462845,-0.1073363391250371,-0.0162421097487211,-0.0287823490798473,-0.1285911947488784,0.0550332181155681,0.0589443563997745,0.0379272873342037,-0.0104515071159228,-0.0043031089007854,-0.0971871763467788,-0.1113522127270698
1774471350913662200,109.050662109375,-0.1440495744943618,0.0699620094984769,-0.087229955163598,0.0233151279389858,0.00274208933115,-0.0384537428617477,0.1812310118973255,-0.0775175394445657,-0.0113227735251188,-0.0281453225761652,-0.1513669490814209,0.0443093888461589,0.0043447512060403,0.0117097270160913,-0.0053442836374044,-0.010293623432517,-0.1041257753968238,-0.1167461797595024
1774471350923689500,109.060689453125,-0.1323953770577907,0.0763457191862165,-0.0512105472773313,0.0216789506375789,0.0051279701292514,-0.0347692593932151,0.174442228540033,-0.0492851321727037,0.01909749917984,-0.0271897818893194,-0.1765359491109848,0.031274814158678,-0.0785366533592343,0.0599526566594839,0.0525896536108106,-0.008464315906167,-0.127358078956604,-0.1181524097919464
1774471350933717200,109.07071728515623,-0.1187768938109278,0.0957365022242069,-0.0390291110962629,0.0234973579645156,0.0040725599974393,-0.0367522500455379,0.1830170185312628,0.0116653033524751,0.038532852011919,-0.0279172174632549,-0.2000959664583206,0.0159139949828386,-0.0617687661707401,0.0887298383325338,0.016456263956055,-0.0174775179475545,-0.1547036916017532,-0.1206911951303482
1774471350943744300,109.080744140625,-0.1057584222838282,0.1155397385206073,-0.028398411488533,0.0227555055171251,0.0090502891689538,-0.0364504233002662,0.1770727231740951,0.0540635986208915,0.0138502461761236,-0.0206622332334518,-0.2179775089025497,0.0018341292161494,-0.0396852369174361,0.1130114621520042,0.0105384912796318,-0.021162187680602,-0.1887264400720596,-0.1229570731520652
1774471350953771300,109.09077124023436,-0.0861304694890976,0.1372198746047914,-0.0334293913930654,0.0181279964745044,0.0086675928905606,-0.0333758033812046,0.1270882105603814,0.0699655166298151,-0.0056090720534324,-0.0123763382434844,-0.2286883294582367,-0.0088683944195508,-0.0279062440574169,0.1600993765413761,0.0422225003100931,-0.0225917715579271,-0.2239089161157608,-0.1288815289735794
1774471350963798300,109.10079833984376,-0.0811816149100661,0.1509999781541526,-0.0315904855281114,0.0176777485758066,0.0088204881176352,-0.0312549509108066,0.0950727776184678,0.0904623612135648,-0.0173690679520368,-0.0068856994621455,-0.2340295612812042,-0.0183151587843894,-0.0775868052884936,0.1818120266556739,0.1140846443414688,-0.012158527970314,-0.2494534403085708,-0.1375344097614288
1774471350973825300,109.1108251953125,-0.0747428140342235,0.154484532334283,-0.0216711490601301,0.0174109004437923,0.0097632464021444,-0.029285542666912,0.0527580689802765,0.0677414108395576,-0.0237771814286708,-0.0056479196064174,-0.2317335158586502,-0.0255610682070255,-0.1326306471183896,0.1616968748658895,0.0980740052610635,-0.0017173379892483,-0.2635982632637024,-0.1421669721603393
1774471350983853300,109.12085327148438,-0.0525213376149535,0.1607255456157028,-0.0225578687667846,0.0143921952694654,0.0090435687452554,-0.0252215638756752,-0.0071031100034713,0.0699012192219495,-0.0624888971388339,-0.0078439619392156,-0.2296160459518432,-0.0352826714515686,-0.1260708502113819,0.1485585763514041,-0.002845014167577,0.0019061367493122,-0.2798941433429718,-0.1424581855535507
1774471350993880300,109.13088037109377,-0.0584609567970037,0.1401267019622027,-0.0201677587598562,0.0145069770514965,0.0086140008643269,-0.0224862303584814,-0.0209773215770721,0.0986287165343761,-0.0698614717334508,-0.00452710269019,-0.2210336774587631,-0.0411235839128494,-0.0804243668019771,0.1297732118606567,-0.0633205256573855,-0.0002965638414025,-0.2961812615394592,-0.1473120748996734
1774471351003907000,109.14090698242188,-0.0536059179812669,0.1211422347027808,-0.0295469970017671,0.0128293456509709,0.0119633246213197,-0.0188940986990928,-0.0574468113183975,0.131904378670454,-0.0794072987139224,0.002137724077329,-0.2060352861881256,-0.0442623868584632,-0.0816530318140983,0.0912315920203924,-0.0872733559139072,0.0026665874756872,-0.2994395792484283,-0.1541149318218231
1774471351013933800,109.15093383789062,-0.0516840100079774,0.107101653586328,-0.0370621949374675,0.0114716663956642,0.0145836090669035,-0.0159635562449693,-0.0903401961386203,0.128901689723134,-0.0993570308089256,0.0059785163030028,-0.189783900976181,-0.0418945550918579,-0.0970797335267067,0.0557996286332607,-0.0701053634919226,0.0066200499422848,-0.2959910333156585,-0.1571810394525528
1774471351023960800,109.1609609375,-0.075476681266725,0.1132608338031917,-0.0471130488306283,0.0096126412972807,0.013910673558712,-0.012777685187757,-0.1660568236410617,0.1043219597399234,-0.0905465323656797,0.0058360369876027,-0.1738656610250473,-0.0363085716962814,-0.1140045648425817,0.0508539889246225,-0.0707885234504938,0.0079153105616569,-0.2889306247234344,-0.1630669683218002
1774471351033988000,109.17098803710938,-0.0714452337935566,0.1067373503185808,-0.0516495232164859,0.0057044522836804,0.0140528865158557,-0.0138453468680381,-0.2222831532537937,0.0477010778516531,-0.087218849247694,0.0018330265302211,-0.1578243374824524,-0.0280776266008615,-0.0707397158727049,0.0298813435226678,-0.0821628810323774,0.0043394840322434,-0.2837337553501129,-0.1705155670642852
1774471351044015900,109.18101586914062,-0.0504088755056262,0.1088190519634634,-0.0526402878195047,0.0044287773780524,0.0125948935747146,-0.0125904567539691,-0.243607826963812,0.0142044664412736,-0.0759650493055582,0.0003073017578572,-0.1451681852340698,-0.0170774403959512,0.0086605685785412,-0.0203600664615631,-0.0279026638608425,-0.0031567988917231,-0.2876825630664825,-0.184213101863861
1774471351054043000,109.19104296875,-0.0399216760218143,0.0979686451904475,-0.0588175151497125,8.35638493299e-05,0.0088512878865003,-0.0098322201520204,-0.2147466202691197,-0.0207411747336387,-0.0379138433307409,-0.0021366812288761,-0.1380274593830108,-0.0073398589156568,0.0508800001487135,-0.0072480714321136,-0.0034538667809218,-0.0071161198429763,-0.2899686396121979,-0.1948870420455932
1774471351064070000,109.20106982421876,-0.0216501062721014,0.1036442066088318,-0.0629623598694801,-0.0008105305023491,0.0101430714130401,-0.0095996409654617,-0.1644286379173398,-0.0442336940020322,-0.0111415717393159,-0.0011297399178147,-0.1327362805604934,0.0036890902556478,0.0530823324985802,0.0210211607187986,0.0093896135054528,-0.0144913299009203,-0.2884944081306457,-0.1947372853755951
1774471351074097000,109.21109692382812,0.0007461421921849,0.1086235293913632,-0.0449397964447736,-0.0045552011579275,0.0055344710126519,-0.0097197499126195,-0.1057888174220919,-0.0345452436804771,-0.0156073189765214,-0.0018747429130598,-0.1307752728462219,0.0148801831528544,0.0401671752154827,0.0675911887139081,-0.007599296022579,-0.0242238529026508,-0.2850325405597687,-0.19459268450737
1774471351084124000,109.2211240234375,0.0122521633297204,0.1054069784976542,-0.0292559051007032,-0.0043148323893547,0.0049757910892367,-0.0118174403905868,-0.0416267263740301,-0.0233469733178615,-0.0216723181039094,0.0035248163621872,-0.130452498793602,0.0240720845758914,0.062590457817167,0.0913829831898212,0.0091934333462268,-0.0323491878807544,-0.2796573340892792,-0.1905616223812103
1774471351094152000,109.23115185546877,0.0205257784172892,0.0991292864676565,0.0107861824303865,-0.0060948897153139,-0.0008972780779004,-0.0118323545902967,-0.0030675708770751,0.0014244798451662,0.004248305094242,0.0086782779544591,-0.136248767375946,0.0325825735926628,0.0773942053258419,0.0994412019610404,0.0367863736707717,-0.0308527555316686,-0.2748636603355407,-0.1851125359535217
1774471351104179000,109.24117895507813,0.0097889880865812,0.0937624987374991,0.0346966348499059,-0.0089404182508587,-0.0004725251346826,-0.0106934821233153,0.0560699700072407,0.0302899243235588,0.0047603462696075,0.0128463916480541,-0.1402762681245803,0.0345008485019207,0.0435877973139286,0.1283756200224161,0.0306483093071728,-0.0347402468323707,-0.2641983032226562,-0.1752662062644958
1774471351114206000,109.2512060546875,-0.0132242232322692,0.0672482935603707,0.0621241554796695,-0.0151349315419793,-0.0033045308664441,-0.0123899159952998,0.0649012189775705,0.0278080443799495,-0.0073071081429719,0.018406618386507,-0.1394718140363693,0.0386367030441761,0.0188394327655434,0.1652145275980234,0.0123323158938437,-0.0415989533066749,-0.2515650689601898,-0.1620782315731048
1774471351124233000,109.26123291015624,-0.0341883930668234,0.0368937795680016,0.0911275471240282,-0.0146863050758838,-0.0071638226509094,-0.0146451741456985,0.0440893170952796,0.0437093778669834,-0.0310188231199979,0.0197706893086433,-0.1402934044599533,0.0339005403220653,0.0293475289069116,0.1617734472334384,0.0328452348295599,-0.0457623228430748,-0.2377747744321823,-0.1544989198446273
1774471351134260000,109.27126000976564,-0.0539335425004363,0.0162649061024189,0.0921679960876703,-0.0114100836217403,-0.0083276247605681,-0.0098618697375059,0.0330766324326396,0.0386766443967819,-0.0293541047781705,0.0230515208095312,-0.1347531974315643,0.0248645897954702,0.0237926712587475,0.1490577580451965,0.0096061788655817,-0.055156622081995,-0.2222605347633361,-0.1457379162311554
1774471351144287700,109.28128784179688,-0.053031332963705,0.0038942309595644,0.081888594135642,-0.0168031584471464,-0.0069169159978628,-0.0081894919276237,0.023062603418529,0.0083954879015684,-0.0326098917037248,0.0233167707920074,-0.131714254617691,0.0132707860320806,0.0013876549661159,0.1259405018299818,-0.0239654705423861,-0.0617385767400264,-0.2031759619712829,-0.142006516456604
1774471351154315000,109.29131494140626,-0.0489005167692899,0.0134654115770012,0.0613461568444967,-0.0155187156051397,-0.0033714491873979,-0.0145946601405739,0.0106429745674133,0.0084773209661245,-0.0262122996211051,0.022526366636157,-0.1314095705747604,0.0008021179819479,0.0038595980376005,0.0788864897102117,0.0014268179327249,-0.0611071400344371,-0.1773422211408615,-0.1380828768014907
1774471351164342000,109.30134204101564,-0.0571463670670986,0.0169382753193378,0.0208534029364585,-0.0135593619197607,0.0033792331814765,-0.0160411410033702,0.0212450326025486,0.0191033443987369,-0.0017664251506328,0.0264819599688053,-0.1334578096866607,-0.0119467005133628,-0.0342239027716219,0.0393529362231492,-0.0030921938616782,-0.0658207163214683,-0.1527070254087448,-0.1351497173309326
1774471351174368800,109.31136865234376,-0.062391866505146,0.013915566497296,-0.0352875864803791,-0.0083920294418931,0.0123399719595909,-0.0226985104382038,0.0037304186999797,0.0133721072703599,0.0177495917022228,0.0253907833248376,-0.1372756212949752,-0.025981793180108,-0.049004853926599,0.0317518135696649,0.0008663345057517,-0.0677363276481628,-0.129642978310585,-0.1330889612436294
1774471351184395800,109.32139575195312,-0.0882210120275616,0.0033062750037759,-0.0860135651111602,-0.0057950275950133,0.0219918154180049,-0.0267257150262594,-0.0144642864212393,0.0164028532683849,0.0015308628290891,0.0245585460215806,-0.1409910023212433,-0.0369220599532127,-0.0228736567176878,0.0180675716102123,0.0354626507863402,-0.0704909786581993,-0.1077074036002159,-0.1315744668245315
1774471351194423000,109.33142309570312,-0.0772743783384561,-0.0010263473730534,-0.1471715059071779,-0.0019901697523891,0.0320907868444919,-0.0347793772816658,-0.010184709405899,-0.0299357040584087,-0.0310533099114894,0.020722271874547,-0.1502916067838668,-0.0528516694903373,-0.0095535718955099,-0.0148380881696939,0.0672451517552137,-0.07474085688591,-0.0955487415194511,-0.1292844265699386
1774471351204450800,109.34145092773436,-0.0816235134586691,0.0017434826664626,-0.1795622019022703,0.0019414549460634,0.0372594520449638,-0.0410535223782062,0.0021796821266412,-0.0807914465487003,-0.0225999543428421,0.0187054611742496,-0.1607903093099594,-0.0627160221338272,0.0239873170480132,-0.0252291338026523,0.085146719148755,-0.0778644829988479,-0.0873132869601249,-0.1321273893117904
1774471351214478000,109.35147802734376,-0.0756242730438709,0.0012911357890814,-0.1957593034654855,0.0083010829985141,0.0394248664379119,-0.0459180511534214,-0.0250771581113338,-0.1126028813511133,-0.0159463416725397,0.019873384386301,-0.1658342480659485,-0.0698070898652076,0.0313537541627883,-0.0590484012961387,0.1324733376648277,-0.077886052429676,-0.0684024468064308,-0.1349002718925476
1774471351224504800,109.3615048828125,-0.0938090412929654,-0.007641235468164,-0.1966997991859913,0.013663126155734,0.0418936721980571,-0.0539399459958076,-0.049480362483859,-0.141374802327156,-0.0315834712654352,0.0210664793848991,-0.1652885675430297,-0.0714766234159469,0.0084895959258079,-0.0875467660278081,0.1160229189276695,-0.089364469051361,-0.0518923513591289,-0.134245753288269
1774471351234531800,109.37153173828123,-0.1076604565128684,-0.0288466667126864,-0.1883826372176408,0.0228374488651752,0.0443030335009098,-0.0593400374054908,-0.1356611008554697,-0.1175607960194349,-0.0793693047910928,0.0202084798365831,-0.1546137332916259,-0.0643699094653129,0.0609542349174618,-0.0984843396276235,0.0747653911922126,-0.1080785021185875,-0.0623191595077514,-0.1456560641527176
1774471351244558800,109.38155883789062,-0.1014960886642336,-0.0241274561710655,-0.1550520300239324,0.0252635888755321,0.040665153414011,-0.0620348900556564,-0.179857385456562,-0.0975906056582927,-0.1211649579912424,0.0187405459582805,-0.1394116133451461,-0.0532706528902053,0.2198269922733306,-0.0974964976340532,0.1542237625062465,-0.1118696555495262,-0.075610376894474,-0.1645451635122299
1774471351254587000,109.3915869140625,-0.0845277104675769,0.0050804450694471,-0.104604283812642,0.0252284370362758,0.0440186075866222,-0.0646442547440528,-0.2321735558882355,-0.0435188237309455,-0.1304319680303335,0.0168565548956394,-0.1216465532779693,-0.0355553738772869,0.1752773641899228,-0.1064303301960229,0.1864942661877721,-0.1130273342132568,-0.066719152033329,-0.1734486371278762
1774471351264614000,109.40161376953124,-0.0887646173849701,0.0326518311493098,-0.0694429540604353,0.0279457177966833,0.0449773222208023,-0.0639533326029777,-0.2829825366273522,-0.0020826514929533,-0.1307756669014692,0.0132956430315971,-0.1051666438579559,-0.0103024821728467,0.0931076150253415,-0.0555272414326667,0.1290409520633518,-0.118958331644535,-0.0597198083996772,-0.1745003312826156
1774471351274641000,109.41164086914064,-0.1041375430837273,0.0577315465439111,-0.0468155271887779,0.0269358474761247,0.0442646592855453,-0.0650883689522743,-0.2760831325024366,0.0073702365070581,-0.1251835459828376,0.0050214794464409,-0.0957457572221756,0.0210225041955709,0.1157901330851018,-0.0548679007411003,0.1018093923971057,-0.1268846839666366,-0.0674222037196159,-0.1732654124498367
1774471351284668000,109.42166796875,-0.1234896015465259,0.0715441641233861,-0.0250280582726001,0.023903639987111,0.0392815768718719,-0.0630337446928024,-0.1819929361805319,0.0101005382537841,-0.1138631105452775,0.0007122186943888,-0.096023790538311,0.0521434061229229,0.1899403880536556,-0.0668470923483371,0.1561882675122469,-0.1296554803848266,-0.0885558202862739,-0.1770177185535431
1774471351294695000,109.43169482421877,-0.1256689914122223,0.1041804323773831,0.0126490536928176,0.0198039710521698,0.0376581139862537,-0.0631362721323967,-0.0807183813124895,-0.0099655136972665,-0.0895657046347856,-0.0003075981512665,-0.0904211550951004,0.0744744837284088,0.180929690863192,-0.0215694422513246,0.1797678074769675,-0.1342321187257766,-0.1105822920799255,-0.1738959699869156
1774471351304723000,109.44172290039064,-0.1253895899489522,0.1363796974536031,0.0487730909973382,0.0155568532645702,0.0347674340009689,-0.0629116967320442,-0.0832248111754655,-0.0292763633668422,-0.0764911190062761,-0.0007001480553299,-0.0822612270712852,0.0898923203349113,0.1349602591097354,0.0281856455206871,0.1843556467238813,-0.1332612931728363,-0.1295187771320343,-0.1717285960912704
1774471351314750000,109.45175,-0.1351022979289293,0.1755269550368189,0.0933633433520793,0.0102611575275659,0.029632594436407,-0.0629002451896667,-0.1044017469778657,-0.0374929875701665,-0.1058481463938951,-0.0052731554023921,-0.0743765234947204,0.1024527996778488,0.1662719276964664,0.0328664968132972,0.1959265497911721,-0.1321451514959335,-0.1428377777338028,-0.1734447330236435
1774471351324777000,109.46177685546876,-0.1697106699734926,0.2021050192303955,0.1279407357364892,0.0100251678377389,0.0236702561378479,-0.0642396211624145,-0.0701698070302605,-0.0760638335049152,-0.1301338618665933,-0.0110080065205693,-0.0690294280648231,0.1087096333503723,0.1362260412618517,0.009332476490736,0.1833396015491336,-0.1361724883317947,-0.1505799293518066,-0.170814111828804
1774471351334803700,109.4718037109375,-0.1767263939544558,0.2157749404035508,0.1357417648762464,0.0068240477703511,0.0166248641908168,-0.0624611675739288,-0.0534630023792386,-0.0994224972605705,-0.1224462299734353,-0.0157635323703289,-0.0585899353027343,0.10759187489748,0.0711804453775286,0.0103366850972175,0.1701188854482024,-0.1397792100906372,-0.1500651538372039,-0.1643221229314804
1774471351344831000,109.4818310546875,-0.1913300888463854,0.2198862481798976,0.1110895541787147,0.0077041760087013,0.0116613814607262,-0.0591615960001945,-0.0345461204633116,-0.0972585972249507,-0.1362935535401105,-0.0172746088355779,-0.0513155125081539,0.1017366498708725,0.0176961079493165,0.0329892464101314,0.1276337886791676,-0.1424801051616668,-0.149006187915802,-0.1592382341623306
1774471351354858000,109.49185791015626,-0.1899836426734924,0.2081658536393195,0.0471650712788105,0.0071081602945923,0.0118856197223067,-0.0560073480010032,-0.0182221776500344,-0.071343819245696,-0.1554442442119121,-0.0235988646745681,-0.0454929657280445,0.0940647199749946,-0.0481575894474983,0.0355517903745174,0.0839450882740318,-0.1486937999725341,-0.1426641345024109,-0.1584009379148483
1774471351364885800,109.5018857421875,-0.1711594074770808,0.2153026467166841,-0.0141238024204969,0.0081002581864595,0.0080865770578384,-0.0533905252814292,-0.013944646461308,-0.0106797994464635,-0.1759843434154987,-0.0310434643179178,-0.0354219563305377,0.0885242819786071,-0.0726572399318218,0.0499351205140352,0.0238530962090939,-0.1560051292181015,-0.1263016909360885,-0.1529599726200103
1774471351374913000,109.5119130859375,-0.1673360497966408,0.2266801461037248,-0.0614455255657434,0.006346033886075,0.0087560964748263,-0.0529279336333274,-0.0063271571949124,0.0143850837051868,-0.1760883883118629,-0.0347666814923286,-0.0305132307112216,0.0821417868137359,-0.1233870179548859,0.0862497119545936,-0.0097450758796185,-0.1610297113656997,-0.0947014167904853,-0.1453004479408264
1774471351384940000,109.52193994140625,-0.1835091859623789,0.2066325796574354,-0.1045686279773712,0.003301793243736,0.0058998055756092,-0.0436702109873294,0.0302341024830937,0.0207838448315858,-0.1263490826308727,-0.0345088839530944,-0.0244723819196224,0.0755387470126152,-0.2001698133841156,0.1099269401401281,-0.0497645131874829,-0.1688562333583831,-0.0604349486529827,-0.1323045790195465
1774471351394966800,109.531966796875,-0.1848316667377948,0.2121113763947039,-0.1243511868119239,-0.0015914989635348,0.0067778495140373,-0.0383572019636631,0.0162426942706108,0.00376724357903,-0.1003752679407596,-0.0329145230352878,-0.024000821635127,0.0669864639639854,-0.1762283813044428,0.1022580129474401,-0.0441201506249606,-0.1788558810949325,-0.0387019552290439,-0.1205896064639091
1774471351404994000,109.541994140625,-0.1949953333556651,0.2077077346082776,-0.1305307522296905,-0.0055785253643989,0.0064392373897135,-0.0285831801593303,0.0062941317081451,0.0276414556413888,-0.0988379753708839,-0.0309653542935848,-0.0192201808094978,0.0591168217360973,-0.0926116482019424,0.1080605617463588,-0.0356118499986827,-0.1847115606069564,-0.0335883274674415,-0.1126606687903404
1774471351415021800,109.55202172851564,-0.2084957431808114,0.2087812821239233,-0.119520697915554,-0.0089008193463087,0.0034138862974941,-0.0270241647958755,0.0388227748692035,0.0588759673386812,-0.096523268687725,-0.0339486710727214,-0.0168554857373237,0.0478376448154449,-0.0539737283803522,0.1223076982855796,-0.0341835707612335,-0.1856995820999145,-0.0239879004657268,-0.1060102209448814
1774471351425048800,109.562048828125,-0.2150391734749078,0.2040739081505685,-0.1047416464567184,-0.0085121588781476,0.0029409229755401,-0.0210271701216697,0.0368441682726144,0.0578290886342525,-0.125576344692707,-0.0359223410487175,-0.011362450197339,0.0363911092281341,-0.0675426733970642,0.1369271752685308,-0.0531182075295597,-0.1844967603683471,-0.0221385229378938,-0.093626745045185
1774471351435076000,109.572076171875,-0.2233554586604237,0.2094916223503649,-0.0737573101282119,-0.0128187555819749,-0.0006229188293218,-0.0187632162123918,0.0341442616641521,0.0461474186688661,-0.1249731181025505,-0.0350608080625534,-0.0055698081851005,0.0235935561358928,-0.0443757328212261,0.1550578752428293,-0.0841753898985683,-0.1849335283041,-0.0146579705178737,-0.0857437849044799
1774471351445102800,109.58210278320313,-0.2240384724885225,0.237504322456941,-0.0665723670601844,-0.0137657672166824,-0.0038061067461967,-0.0152276093140244,0.0163873634383082,0.0666577072560787,-0.1270306351542472,-0.0353750586509704,0.0004798282752744,0.0109557919204235,-0.0014086977541446,0.1862970631152391,-0.1096099831454455,-0.1694966107606887,-0.0127745550125837,-0.0763855800032615
1774471351455129900,109.5921298828125,-0.2168234265431761,0.2397758475854992,-0.0536123477220535,-0.015349281951785,-0.0099478894844651,-0.0118174310773611,-0.0164288644924759,0.1081301198512315,-0.1461041689366102,-0.0346460789442062,0.0060465387068688,0.0015755724161863,-0.0348256680570542,0.175396314394474,-0.1792298281427472,-0.1622123271226883,-0.007516941986978,-0.0663822144269943
1774471351465158000,109.60215795898438,-0.2058908213794231,0.2529811469215899,-0.047561377120018,-0.0194974783807992,-0.0120597453787922,-0.0080640567466616,-0.0360857511207461,0.1451478911250829,-0.1522755510479211,-0.0367031022906303,0.0148437581956386,-0.003110792255029,-0.0219558112204074,0.1951338650435209,-0.214902687613666,-0.1468119323253631,-0.0071434928104281,-0.0618297606706619
1774471351475185000,109.61218481445312,-0.1999567551553249,0.2787187417030334,-0.0399754520356655,-0.0166369769722223,-0.0125023638829588,-0.0063575031235814,-0.0621402298316359,0.1557084481060504,-0.136130471932888,-0.0342102870345115,0.0236204508692026,-0.0049681025557219,0.0287982244610786,0.2009036806166172,-0.2388208849482238,-0.1383769065141677,-0.0096106454730033,-0.0617519915103912
1774471351485212000,109.6222119140625,-0.2023284527227282,0.2808515890132635,-0.0167284319609403,-0.0147374710068106,-0.0141128646209836,0.0003893505781888,-0.0901914353176951,0.1519610782712697,-0.1326420452952385,-0.0328483469784259,0.0344262272119522,-0.0027781850658357,0.0059774669744074,0.1564332552492618,-0.2956407965399324,-0.1309389472007751,-0.0242637358605861,-0.0585102960467338
1774471351495239000,109.63223901367188,-0.1954740567833185,0.2759193933080882,-0.0031949966490268,-0.013619209639728,-0.0181611366569995,0.0122875543311238,-0.0970765186563134,0.1637356872171163,-0.1009282256484031,-0.0285125263035297,0.0444815717637538,0.0009405046002939,0.0033411271214485,0.1208756196558475,-0.310915084169805,-0.1245422959327697,-0.0394269749522209,-0.0639005303382873
1774471351505266000,109.64226586914064,-0.1883472736433148,0.2729074250757694,0.0083037179648876,-0.0114918649196624,-0.0183568969368934,0.0199509747326374,-0.156556004846096,0.1425736567229032,-0.0657049365758895,-0.0249004811048507,0.0565981566905975,0.0107380077242851,0.0405612890996038,0.0578676670789718,-0.2730031405352056,-0.1163293123245239,-0.0589915290474891,-0.0758470296859741
1774471351515293000,109.65229296875,-0.1655102956742048,0.2732273777451366,0.0368839157611131,-0.0125568639487028,-0.0200189761817455,0.0284768175333738,-0.1884603786289692,0.1282961250454187,-0.0834118581801652,-0.0241768527776002,0.0686844363808631,0.0236138328909873,0.0594704261004924,0.0225455938071012,-0.21676029817909,-0.1066537797451019,-0.0900059044361114,-0.0907487496733665
1774471351525321000,109.66232104492188,-0.1468175779029727,0.2654777134664356,0.0349041401207447,-0.0158302262425422,-0.0200415700674057,0.0350676067173481,-0.1834194618523121,0.119421913716197,-0.0925397520095109,-0.0261041838675737,0.0759471431374549,0.0357687659561634,0.0907120981909334,-0.0114607206910848,-0.1664040296435356,-0.0967889055609703,-0.1227250695228576,-0.1081344336271286
1774471351535348000,109.67234790039062,-0.1400926535621285,0.2689432706851512,0.0257429285436868,-0.0187905952334404,-0.0216029807925224,0.0433942489326,-0.1725996694132685,0.0811737238645553,-0.0699082334846258,-0.0241678189486265,0.0815578624606132,0.0463774800300598,0.0475284977637231,-0.0588484948098659,-0.1492386675700545,-0.0864923223853111,-0.1514946669340133,-0.1200036108493805
1774471351545375000,109.682375,-0.1184746959939598,0.2578657040927559,-0.0102291330695152,-0.020501110702753,-0.019052155315876,0.0499715246260166,-0.1339654028534889,0.0857780027896165,-0.0158440503418445,-0.0184856988489627,0.0757838636636734,0.0590562559664249,-0.0187573074400424,-0.0689917031615972,-0.1479926130317151,-0.079995147883892,-0.1775748282670974,-0.1298006325960159
1774471351555401700,109.69240161132812,-0.1016980409771203,0.2383801554434001,-0.0394973131299018,-0.0254037231206893,-0.0185890328139066,0.0570600628852844,-0.0378679583624005,0.0941606312096118,0.0181979199916124,-0.0091006848961114,0.0562700591981411,0.0670689865946769,-0.0454991838932037,-0.0619347703874111,-0.1187087970107793,-0.0754334181547164,-0.2053081840276718,-0.1336102783679962
1774471351565429000,109.70242895507812,-0.0859796628415584,0.2481127371676266,-0.0550602084428071,-0.0278099812567234,-0.0169974397867918,0.0617636777460575,0.0644140199825167,0.0690922409266233,0.0393225410848855,0.0007687236648052,0.0319711081683635,0.0643722712993621,-0.0481679647110402,-0.0609521890908479,-0.1034181427679955,-0.0721313804388046,-0.2395528703927993,-0.1359675377607345
1774471351575456800,109.71245678710936,-0.0899032660260796,0.2398573883891105,-0.0537280830562114,-0.0267313979566097,-0.0177596360445022,0.0634854063391685,0.1130468257263302,0.0344131417334079,0.0176063838392496,0.0070870602503418,0.0105735985562205,0.0559117719531059,-0.0231285082615911,-0.0344441213935613,-0.0559874062903225,-0.0635338947176933,-0.2657162845134735,-0.1371462494134903
1774471351585483800,109.72248388671876,-0.1026411670461297,0.2356409397378563,-0.0502361492872238,-0.0250631384551525,-0.0215901993215084,0.0703006982803344,0.15691227093786,-0.030386370435357,-0.0043225393742322,0.0118455961346626,-0.0120534170418977,0.0443142391741275,-0.0511094249904155,0.0079483286559581,-0.0259286603741347,-0.061747096478939,-0.2890901565551758,-0.1324870884418487
1774471351595511000,109.73251098632812,-0.1147843170434236,0.226820577487722,-0.0409445893287658,-0.0246612653136253,-0.0244677439332008,0.0709859281778335,0.1791746638894081,-0.055603229278326,-0.0233680161058902,0.0152651201933622,-0.031863048672676,0.0304348953068256,-0.0596283931411802,0.0274070623636245,-0.0391303795136511,-0.061104480177164,-0.3162578642368316,-0.132111057639122
1774471351605537800,109.74253784179687,-0.1459641759440302,0.2133208252497017,-0.0354074134677648,-0.0264641102403402,-0.022169329226017,0.0724177360534668,0.1619540644973516,-0.0570592733055353,-0.0409054263621568,0.0194039400666952,-0.0455753989517688,0.0152508821338415,-0.0145160166084766,0.0299614230215549,-0.0259701614283025,-0.059912160038948,-0.3401719927787781,-0.1348923295736313
1774471351615564800,109.75256469726564,-0.1571636153504252,0.174799517545104,-0.035541268980503,-0.0270143188536167,-0.0203344114124774,0.0694600343704223,0.1357151691302657,-0.0450052628964185,-0.0899953282237052,0.0261842757463455,-0.0550656579434871,-0.0023542786948382,-0.019023995552212,0.0581856469869613,0.0232272924609482,-0.0502715148031711,-0.3516001403331756,-0.138649508357048
1774471351625592800,109.7625927734375,-0.1605576417028903,0.1334451783716678,-0.0565682749181985,-0.0215657576918602,-0.0221701264381408,0.0720355734229087,0.1194654605969786,-0.0103033673495054,-0.1070639519244432,0.0316136628389358,-0.0616713613271713,-0.0212544668465852,-0.0214357328690588,0.0558744474351406,0.0309660700194537,-0.0444903671741485,-0.355339914560318,-0.1439694017171859
1774471351635619800,109.77261987304688,-0.1705401065349578,0.1103589748818427,-0.0814057790547609,-0.0184288211166858,-0.0212148539721965,0.0721130743622779,0.1165019346162676,0.0054454059243202,-0.0994394483953714,0.0346571952104568,-0.0712091252207756,-0.039288256317377,-0.0494305319927632,0.0587082095563411,-0.0361750368393957,-0.040050346404314,-0.3496327698230743,-0.1387658566236496
1774471351645646800,109.78264672851564,-0.1598755046576261,0.0923316622167825,-0.0932785876780748,-0.0218253470957279,-0.018036413937807,0.0737818032503128,0.1064730002939701,0.0052706338793039,-0.0683493136048317,0.0385765694081783,-0.0810289978981018,-0.0540435016155242,-0.028763007017225,0.1013274540990591,-0.0498684850186109,-0.0366990976035594,-0.3405275344848633,-0.1401199847459793
1774471351655673900,109.792673828125,-0.1444791980832815,0.0840337164055556,-0.1053314290434122,-0.0225936695933341,-0.0147375548258423,0.0711364895105362,0.0815980867564678,-0.0019113865792751,-0.0324240137428045,0.0413962639868259,-0.0883285924792289,-0.0689172372221946,0.0941758287787437,0.1189665711641311,-0.0306632876805961,-0.04134152084589,-0.3380981981754303,-0.1383183449506759
1774471351665700900,109.80270092773438,-0.1466954128280282,0.0774445472735911,-0.1077098486125469,-0.022761333733797,-0.0130721749737858,0.0718439072370529,0.0828372731626033,0.0044447044491767,0.0033656770408153,0.0442839302122592,-0.0969955772161483,-0.0855239108204841,0.1011466907046735,0.1395569392502307,-0.0107652857728302,-0.0391685515642166,-0.3483257889747619,-0.1298987567424774
1774471351675729000,109.81272900390626,-0.1444450035527348,0.0737293261427432,-0.1004191070824861,-0.0238577555865049,-0.0136082703247666,0.0673807263374328,0.0931572993859648,-0.014194529569149,0.026852351090312,0.0453237071633338,-0.1061574891209602,-0.1016690954566001,0.167763773689419,0.167395378768444,0.065792760989815,-0.0383501648902893,-0.3635148704051971,-0.1241513863205909
1774471351685756000,109.822755859375,-0.1524994229316711,0.0711397480409592,-0.0848953747361898,-0.0239393860101699,-0.0101455403491854,0.0660014748573303,0.087058397988975,-0.0412181455731391,0.0294061272263526,0.0439756140112876,-0.1116012558341026,-0.1118687391281127,0.2088544934906065,0.1073988829672336,0.1290972122952342,-0.0168099626898765,-0.3771353363990783,-0.1152765378355979
1774471351695783000,109.83278295898438,-0.1341100720211863,0.0728712480086833,-0.0827665460139513,-0.0234357826411724,-0.0097167724743485,0.0670126676559448,0.0415361254811286,-0.0482505284279584,0.0258323603928089,0.041785717010498,-0.1153006181120872,-0.120516188442707,0.1270199676297605,0.0915384660124778,0.104885000450164,0.0039078332483768,-0.3664112985134125,-0.0999958515167236
1774471351705810000,109.84280981445312,-0.1201134031116962,0.0815145001262426,-0.0628361031413078,-0.0234649069607257,-0.0104357516393065,0.0651347786188125,-0.0059703065812587,-0.0201630825847387,0.0243809925407171,0.040639229118824,-0.1153110042214393,-0.1256550252437591,0.0728043933175504,0.0913069953441619,-0.0272524563238024,0.0145908370614051,-0.3207109272480011,-0.073620967566967
1774471351715837000,109.8528369140625,-0.1129416117861866,0.0691710052512586,-0.0419902989894151,-0.0226899273693561,-0.0116405664011836,0.0610220581293106,-0.033749124866724,0.0209071789503097,0.012698738053441,0.0411648675799369,-0.1147000342607498,-0.1350807398557663,0.0811840991280972,0.0952349824428558,-0.1208998773142695,0.0278919953852891,-0.2840504050254822,-0.0553346388041973
1774471351725864000,109.86286401367188,-0.1115554181247949,0.0617250000942498,-0.0545884992778301,-0.0175307802855968,-0.0140415532514452,0.0583348535001277,-0.0764303287297487,-0.012004910570383,-0.0567319410473108,0.0398487336933612,-0.1101228594779968,-0.1414651274681091,0.0788918965376913,0.0511602783948183,-0.2297857839688658,0.0270830243825912,-0.2557624876499176,-0.039999846369028
1774471351735891700,109.8728916015625,-0.1191208849430084,0.0681510145537555,-0.0647632718116044,-0.0165651179850101,-0.0192725360393524,0.0516833402216434,-0.1284311496019363,-0.0604758037507534,-0.1055716675400733,0.0347180999815464,-0.0991828665137291,-0.1472083032131195,0.1529433673068881,0.0051133974909782,-0.3042303457088768,0.0263570453971624,-0.2178686410188675,-0.0398222133517265
1774471351745919000,109.8829189453125,-0.1214540040656924,0.0884614697199314,-0.0702513478338718,-0.0133559629321098,-0.0170204155147075,0.0486447662115097,-0.196897952106595,-0.0908627587080001,-0.1135603282064199,0.0333894491195678,-0.0859568044543266,-0.1411104649305343,0.2136556101620197,0.0387485405892133,-0.2506473702117801,0.0274210516363382,-0.1982559710741043,-0.043205589056015
1774471351755946000,109.89294604492189,-0.1153545181468129,0.1059643931847065,-0.0605061988890171,-0.0169536266475915,-0.0201275274157524,0.0509257614612579,-0.20320172842592,-0.1097410621792078,-0.1340104110389947,0.027280943468213,-0.0735304504632949,-0.1340246796607971,0.2141968774318695,0.0244295078575611,-0.2266431020289659,0.0179415289312601,-0.219553530216217,-0.0439962819218635
1774471351765972700,109.90297265625,-0.1058268113449215,0.1076952355653047,-0.0409749844670295,-0.0190447308123111,-0.0135560864582657,0.0486255846917629,-0.2041892781585454,-0.1215893208831548,-0.1261450844913721,0.0248406901955604,-0.0582910403609275,-0.1200281679630279,0.2684042684376239,-0.0346463659673929,-0.1339626263745129,0.0289084780961275,-0.2447602450847625,-0.0634192079305648
1774471351776000000,109.913,-0.085594462916255,0.0951120867155492,-0.014461071550846,-0.0264778807759284,-0.013683651573956,0.0449693314731121,-0.2860486461997032,-0.0860194103300571,-0.1385369485527277,0.0261651743203401,-0.0446269549429416,-0.0975752621889114,0.3243570418059825,-0.1063765541821718,-0.0755189129732549,0.027595805004239,-0.2639840245246887,-0.075098767876625
1774471351786028000,109.92302807617187,-0.0525301054432988,0.0825384363465011,0.0021212299376726,-0.030663326382637,-0.0056243147701025,0.0423048287630081,-0.2591889885857701,-0.0238689513653516,-0.0982967081010341,0.0270109940320253,-0.0453318916261196,-0.0651699230074882,0.3079192633546889,-0.1032183824121952,-0.13506371948421,0.0094939591363072,-0.3114008903503418,-0.0850975066423416
1774471351796054800,109.9330546875,-0.037296295954287,0.0828960176125168,0.0176192433208227,-0.0273554138839244,-0.0028889821842312,0.0391545742750167,-0.1063672018319368,-0.0047831426233053,-0.0381903221845626,0.0269172023981809,-0.0564870908856391,-0.0380873344838619,0.3627789807893335,-0.0460895510017871,-0.01984817141667,0.0120055871084332,-0.3606778979301452,-0.1044128835201263
1774471351806082000,109.94308203125,-0.0222948339164257,0.0933234497331082,0.0203828628152608,-0.0285413525998592,-0.0025172568857669,0.0348447039723396,-0.0679205667987465,-0.0494751017868518,0.0330155498951673,0.0266402345150709,-0.0670467913150787,-0.0183130968362092,0.314140622087568,-0.044118543189764,0.0374180226378142,0.0147690866142511,-0.3915523290634155,-0.1077198386192321
1774471351816109000,109.95310913085936,-0.0040665187865495,0.1186101224092766,0.0123439332664012,-0.0290630683302879,-0.0006333366036415,0.0304478257894516,-0.1087955980226397,-0.0216904382824897,0.065103463551402,0.0276020411401987,-0.0830941572785377,0.0006850444478914,0.1443031108640134,-0.0053927989542484,-0.0211629072770476,0.0130454888567328,-0.4155631363391876,-0.099260039627552
1774471351826135800,109.9631357421875,0.0127007838800549,0.1295272742755711,-0.0073456865876913,-0.022397581487894,-0.0016764113679528,0.0271028913557529,-0.0112242815867066,0.0837818605363368,0.0881593449681997,0.0358429253101348,-0.1109633445739746,0.0161628033965826,0.1034076213739812,0.0476332733124494,0.0264515152044594,0.0185320507735013,-0.4474677443504333,-0.0955259650945663
1774471351836164000,109.9731640625,0.0251733119621872,0.1253134559728205,-0.021464228311181,-0.0185650251805782,-0.0033099940046668,0.0229387730360031,0.1186956452682614,0.087612232479453,0.0729173521727323,0.0426832549273967,-0.145211860537529,0.0312999449670314,0.0881738118849694,0.0679436554133892,0.0967595616616308,0.0159439910203218,-0.4950275421142578,-0.0871796235442161
1774471351846190800,109.98319091796876,0.0165308635622262,0.1311433677027002,-0.0146750065624713,-0.015198522247374,-0.0065630450844764,0.0189304500818252,0.1867649728879332,-0.0045674540460109,0.0310743526995182,0.0473696216940879,-0.1618323922157287,0.0327766686677932,0.0424022407911717,0.0660375295311212,0.1396281047903001,0.02000935934484,-0.5442737936973572,-0.0839955061674118
1774471351856217900,109.9932177734375,-0.0177665428370237,0.158577573801577,0.0199883105397224,-0.016120508313179,-0.0042950976639986,0.0191727951169013,0.1832812224254012,-0.0731377169251441,-0.0406909068286418,0.0466518998146057,-0.1551582366228103,0.0242532212287187,-0.0291055368445813,0.087649641880393,0.2164410030968487,0.0241942498832941,-0.5806145071983337,-0.0825344920158386
1774471351866244900,110.00324487304688,-0.058456572882831,0.1715519504586234,0.0436339745432138,-0.0124297039583325,-0.0028102323412895,0.0162798967212438,0.1215700316607952,-0.0529839866906404,-0.0851338596671819,0.0473736152052879,-0.1484625190496444,0.0118697881698608,-0.1237001755572855,0.0866121155261993,0.1951528620049357,0.0218031164258718,-0.5965238809585571,-0.0773153156042099
1774471351876271900,110.01327197265626,-0.0739937492325902,0.1666532186316326,0.0506768787920475,-0.0126044088974595,0.0052546188235282,0.0114270858466625,0.0962599415764212,-0.0290495688736438,-0.1323877782732248,0.0453529246151447,-0.1393457055091858,-0.0031566016841679,-0.2024152542233467,0.1401595813184976,0.1458950562305748,0.0105752293020486,-0.5965816974639893,-0.0725029855966568
1774471351886299000,110.023298828125,-0.092491236692667,0.1420777629647404,0.0264379250705242,-0.0125599550083279,0.0092763379216194,0.0149208754301071,0.034429800607264,-0.0083493106722831,-0.2011737297296524,0.0462394915521144,-0.1286432594060897,-0.0146713107824325,-0.2162778484243899,0.1401116505235433,0.153875971981883,0.0012177317403256,-0.5896764993667603,-0.075691282749176
1774471351896327000,110.03332690429689,-0.0946674116879701,0.106952637037076,-0.0297778831481933,-0.0150337656959891,0.0104630421847105,0.0143272578716278,0.0219222012117505,-0.0214098677754402,-0.1605085418641567,0.0475807376205921,-0.1225160881876945,-0.0371980369091033,-0.1994141727112233,0.1616331619799137,0.1916341863594949,-0.0086178546771407,-0.5812004804611206,-0.0766340345144271
1774471351906354000,110.04335400390624,-0.0943587841302156,0.082263564927876,-0.0720002373278141,-0.0143996113911271,0.0105276145040988,0.0120715396478772,0.0722822691395878,-0.0602905103117227,-0.1091898580372333,0.0489551946520805,-0.1190302744507789,-0.0665756314992904,-0.1767993130601942,0.17633622559309,0.211346164175868,-0.0291067454963922,-0.5910062789916992,-0.076030820608139
1774471351916381000,110.053380859375,-0.1049123268485069,0.0927690672533586,-0.0952431657493114,-0.0144174555316567,0.0056694764643907,0.0168969221413135,0.1030669912427663,-0.0642523996800184,-0.0922813933342695,0.0479657351970672,-0.1155614927411079,-0.097229391336441,-0.0962532195746898,0.1972194391459226,0.229808726453036,-0.056305605918169,-0.6374006867408752,-0.0797121077775955
1774471351926408000,110.06340795898436,-0.0911491744339466,0.1169093098407611,-0.0836918441653251,-0.0149712171405553,0.0034532845020294,0.0166792832314968,0.094305884899199,-0.0323386735469102,-0.0590706131279468,0.0470770448446273,-0.1151921153068542,-0.123611994087696,0.0787247232772409,0.1568956120640039,0.3751625154137611,-0.0603904612362384,-0.683468759059906,-0.0973049625754356
1774471351936435000,110.07343505859374,-0.0964773837193846,0.1369421901745721,-0.0698281539857387,-0.0165408831089735,0.0053353402763605,0.0217395555227994,0.0730921242177486,0.0123082774311304,0.0044458734929561,0.0506823025643825,-0.1163586676120758,-0.1474926918745041,0.08368731412068,0.1394604931384325,0.5200101084180176,-0.0551384389400482,-0.7102966904640198,-0.0991750285029411
1774471351946463000,110.083462890625,-0.0925903131529688,0.1376537725100293,-0.0681874010413885,-0.0220928788185119,0.0071255043148994,0.0167870540171861,0.0233390822723507,0.02607259888947,0.0135866268038749,0.0519523620605468,-0.1126347705721855,-0.1645374596118927,0.0064895081497728,0.1354723002851009,0.4798243746325373,-0.0756036713719368,-0.7535198330879211,-0.0925229787826538
1774471351956489700,110.09348974609377,-0.1061734328255057,0.1457319746233522,-0.0733867232501506,-0.0250601731240749,0.0090847918763756,0.0192603319883346,-0.0465372947692871,0.0672428136676549,-0.0339683205753564,0.0482982657849788,-0.1041014418005943,-0.1735432147979736,0.1342107559166848,-0.0111953477531671,0.5019235398463905,-0.0907208397984504,-0.8120737075805664,-0.0959986671805381
1774471351966517000,110.10351708984376,-0.126061205600202,0.1483711274879053,-0.0652203679293394,-0.0252063367515802,0.014314473606646,0.0186192877590656,-0.1324424310699105,0.0902536868989467,-0.0657803398996591,0.0403857454657554,-0.0871943607926368,-0.1753376573324203,0.3200151401441544,-0.1229465807110071,0.6726129917241632,-0.1255742460489273,-0.9245916604995728,-0.0888246595859527
1774471351976544000,110.1135439453125,-0.1367699388802051,0.1419876735284924,-0.0652624535053968,-0.0202227625995874,0.0160756222903728,0.0163356289267539,-0.1949006408095359,0.1293541096657514,-0.0653209056943655,0.0372542031109333,-0.0651472955942154,-0.1706104725599289,0.3972013287425041,-0.1720218695253133,0.7116103925079107,-0.1651778519153595,-1.075977444648743,-0.0917770341038703
1774471351986570800,110.12357080078124,-0.1213867840483784,0.1345529204178601,-0.0892091462820768,-0.0181217715144157,0.0180613510310649,0.0207787603139877,-0.2102162833631038,0.1621586471587419,-0.0435164856433868,0.0318501181900501,-0.0534600168466568,-0.1628793179988861,0.5336838289834559,-0.2670639597445726,0.8066950066946447,-0.2046204805374145,-1.2325254678726196,-0.1049259454011917
1774471351996598000,110.13359790039064,-0.1109241344839334,0.1113398391453549,-0.101952307999134,-0.0131272785365581,0.0157499928027391,0.0202738232910633,-0.1592582495421171,0.2024532481461763,-0.0255880302429199,0.0332746654748916,-0.0544681251049041,-0.154297649860382,0.5653403654851019,-0.2907797663748264,0.8289654368221759,-0.2450035959482193,-1.4072996377944946,-0.1193054243922233
1774471352006625500,110.14362548828124,-0.1184805412128567,0.112513011110574,-0.1178401974827051,-0.0117042930796742,0.0207700319588184,0.0246084928512573,-0.0598728694215416,0.1635644223034381,-0.0587064559906721,0.0331995636224746,-0.0666616708040237,-0.1560324281454086,0.5824865844666958,-0.3224117529571056,0.8911303627036511,-0.2805547416210174,-1.5641963481903076,-0.1518507599830627
1774471352016652500,110.15365258789062,-0.1284250121220946,0.1086142135737463,-0.112517541155219,-0.0120206763967871,0.0222749821841716,0.0218859426677227,0.0321639015018939,0.0727449182152748,-0.0787637401133775,0.0355687588453292,-0.081073448061943,-0.1698223799467086,0.5738485199809074,-0.379551105761528,0.960956470862776,-0.324889987707138,-1.7028189897537231,-0.1968158334493637
1774471352026679800,110.1636796875,-0.1492123640850186,0.1086447913751006,-0.0851268454045057,-0.0103840259835124,0.0125487651675939,0.0223852843046188,0.0353244113594293,0.0464905330181121,-0.014069441884756,0.0448213778436183,-0.1084523424506187,-0.190178781747818,0.5406488456904888,-0.3773427820622921,0.8300580543644726,-0.3951568901538849,-1.811718225479126,-0.2486082762479782
1774471352036706600,110.17370654296874,-0.1416810917973518,0.1040534449968487,-0.0437614003151655,-0.0132583752274513,0.0140121728181838,0.0245096869766712,0.1640381772950291,0.0601554857552051,0.0160772745758295,0.0532888881862163,-0.1501185148954391,-0.21761554479599,0.6234768395680934,-0.3621779461562633,0.5853218078926206,-0.507652223110199,-1.9151674509048464,-0.2838610708713531
1774471352046733600,110.18373364257812,-0.1340273621737956,0.0930172333281487,0.003582534661889,-0.0111906863749027,0.0070178937166929,0.0276052523404359,0.2102422945871949,0.0017705168038606,-0.0323836817324161,0.0565467327833175,-0.1922462582588195,-0.2356573939323425,0.4527425256352871,-0.2293780799508094,0.4000415206044912,-0.6270589232444763,-1.9251031875610352,-0.281619131565094
1774471352056761900,110.19376196289062,-0.1177174478858709,0.0984637717636302,0.0242559048563241,-0.0105480644851922,0.0039091855287551,0.0283781047910451,0.2024494487538933,-0.1002361517310142,-0.0647556730270385,0.0616727210581302,-0.2109581530094146,-0.2478377074003219,0.3492668805263936,-0.0723141255825758,0.2470287413232028,-0.7489118576049805,-1.9053966999053955,-0.2714503705501556
1774471352066788600,110.20378857421876,-0.089285134127736,0.1120624177988618,0.0318652108162641,-0.014902158640325,0.0043714782223105,0.0355932191014289,0.3006047025576234,-0.1722597699344158,0.0953963104844093,0.0796916633844375,-0.2142538130283355,-0.2557163834571838,0.4978091998627409,0.0112900402992963,0.3466866547748446,-0.8562537431716919,-1.8766915798187256,-0.2675441205501556
1774471352076815600,110.21381567382812,-0.065933484634757,0.1219190642941743,0.0370317997992038,-0.0140965534374117,0.0062636537477374,0.0402388423681259,0.3634326223924756,-0.2328407876253128,0.3325000162512064,0.0948519632220268,-0.2283596843481063,-0.2625811100006103,0.5739805853953585,0.1162245789796113,0.6565519376307726,-0.936854600906372,-1.8022831678390503,-0.2730600535869598
1774471352086842600,110.22384252929687,-0.0508873066723346,0.1272525708092376,0.0193769006431102,-0.0190114863216877,0.0024306080304086,0.0415975786745548,0.3746960669457912,-0.1228957273066043,0.4025982193499803,0.0968445390462875,-0.2562533617019653,-0.2673540413379669,0.6460170996129513,0.2802835068017244,0.896589504892379,-1.0421432256698608,-1.737448811531067,-0.2814481556415558
1774471352096869600,110.23386962890623,-0.0474526560485362,0.141249349316582,0.0129459908127784,-0.023827813565731,0.000781578477472,0.0493471138179302,0.2419990765929222,0.2023182235896587,0.2447591889560222,0.094409741461277,-0.2775910794734955,-0.2665840089321136,0.8416028000771999,0.4585796342909335,1.0250748688995837,-1.1585017442703247,-1.7283464670181274,-0.2988535165786743
1774471352106897700,110.24389770507813,-0.0302732654497027,0.1518989362878725,0.0078922145545482,-0.0302673373371362,0.0014489670284092,0.0544699691236019,0.1458335353016853,0.4325263246238231,0.0068032502740621,0.0978513434529304,-0.2783567309379577,-0.269437313079834,0.9341595032215118,0.571021772122383,1.3312062259241937,-1.3043086528778076,-1.6596128940582275,-0.2995770871639251
1774471352116924700,110.25392456054688,-0.0240291103631258,0.1588947499919682,-0.0008399579554796,-0.0351971164345741,-0.0032573714852333,0.0575094334781169,0.0922606428071856,0.3695774087578058,-0.1700368331879377,0.0913652703166008,-0.2559804320335388,-0.273057609796524,0.8295487896680831,0.232799286571145,1.609941918762028,-1.5017250776290894,-1.6599162817001345,-0.2708391845226288
1774471352126951700,110.26395166015624,-0.018327391590178,0.1525076793033629,0.0070908350437879,-0.0390742123126983,-0.0202211327850818,0.0523045472800731,0.012493570870161,0.0901174932986497,-0.1547644452542066,0.0582089163362979,-0.2156335413455963,-0.2767181396484375,1.018058268135786,-0.1777618744820356,2.3913705283835527,-1.6919978857040403,-1.7160207033157349,-0.2557276785373688
1774471352136978700,110.27397875976564,-0.0341787484556436,0.1524185031825676,0.0249357038140296,-0.035919964313507,-0.0645425245165824,0.041127260774374,-0.0408887674883007,-0.1560550695866346,0.0180021051585674,0.0099089825525879,-0.1705818325281143,-0.2910349369049072,1.0894435884356497,-0.5678694455713034,3.4370576849401,-1.855514883995056,-1.778996467590332,-0.2522429227828979
1774471352147005400,110.28400537109376,-0.0528591912671923,0.1601508875329047,0.0513145921736955,-0.0281948409974575,-0.095079630613327,0.0356155037879943,-0.0593123129293322,-0.2904828292548656,0.1181821427881717,-0.0462312512099742,-0.1383104473352432,-0.3128483593463897,1.1291162581324576,-0.9385819958388804,4.121868041066826,-2.02273178100586,-1.8723976612091064,-0.3037749826908111
1774471352157033700,110.29403369140626,-0.0407622184991836,0.2060389246132224,0.0920493381440639,-0.0224557295441627,-0.0739684849977493,0.0454420372843742,-0.0856909090280532,-0.4135755404382943,0.009694295540452,-0.1107716858386993,-0.103230096399784,-0.3277199566364288,1.2809627701133488,-1.306811497119069,4.570598189255595,-2.205894708633423,-1.9964964389801023,-0.3743197321891784
1774471352167060700,110.30406079101564,-0.0157677702352404,0.2392499970804899,0.0841997936874628,-0.023755095899105,-0.0877401977777481,0.0532941967248916,-0.0561471268966793,-0.4744447274208068,-0.1990209356099367,-0.1836751848459243,-0.0578860491514205,-0.3505901098251343,1.0800497371464968,-1.632753177767992,4.762284251932799,-2.4178144931793213,-2.1003215312957764,-0.453997790813446
1774471352177087500,110.31408740234374,-0.039110944160819,0.1684301651762798,0.0577215366065502,-0.0243638940155506,-0.1172075420618057,0.063052549958229,0.0575914804860949,-0.5617699596524238,-0.4034598046153783,-0.2588236033916473,-0.0120256058871746,-0.3890491127967834,0.9851841725379228,-1.922508861792088,4.754990880054235,-2.6579647064208984,-2.18192720413208,-0.5367566347122192
1774471352187114800,110.32411474609376,0.0073936173826456,0.1148688900543376,0.0749316146045923,-0.0196800082921981,-0.1116204410791397,0.0757322162389755,0.1709159541100263,-0.7161047813177108,-0.5278823030978441,-0.3515650033950805,0.0325000472366809,-0.4329608976840973,0.9988619116913526,-2.2251456546992063,4.767895662073791,-2.926894187927246,-2.24645471572876,-0.6301671862602234
1774471352197141800,110.33414184570312,0.067319093774259,0.1191511704834178,0.08556640586555,-0.0111285988241434,-0.0898365825414657,0.093743972480297,0.3882832782715559,-0.8669985226184129,-0.4736223051220178,-0.4551567435264587,0.0632791593670845,-0.4854063391685486,0.994361166206002,-2.4937194344848392,4.714907291468978,-3.2384228706359863,-2.414583921432495,-0.7099493741989136
1774471352207168500,110.34416845703124,0.1008978305101394,0.1655151179797947,0.0979600234925746,-0.001422616187483,-0.0725588724017143,0.1113155931234359,0.7258131053835153,-1.0800514907121657,-0.1438736334055662,-0.5473527312278748,0.0529831051826477,-0.5609024167060852,1.1138521265704184,-2.589143217498064,4.996920983064174,-3.48296332359314,-2.566370964050293,-0.7954224348068237
1774471352217196800,110.35419677734374,0.0992383728653192,0.2428372444501146,0.1185790331512689,0.0053567267023026,-0.0549782775342464,0.1262668371200561,0.9619334992013872,-1.4115472983568906,0.2987906388729811,-0.6223024725914001,0.0056047365069389,-0.6747964024543762,1.2021798869080842,-2.805291813519597,5.265422866657376,-3.680310726165772,-2.660218477249145,-0.8687448501586914
1774471352227223600,110.3642236328125,0.0653577305734157,0.3248362036250531,0.1172422315895557,0.0125586669892072,-0.034816700965166,0.1429125666618347,1.1365825023598968,-1.796398264092207,0.5826607719898224,-0.6978909969329834,-0.0774328932166099,-0.8354483842849731,1.2543937660090625,-2.8856711721360684,4.858227382645011,-3.8845739364624015,-2.733126401901245,-0.946518898010254
1774471352237250600,110.37425048828123,0.0217374922946095,0.4041311280056834,0.0774696086496114,0.0098374485969543,-0.0197938121855258,0.1604636013507843,1.3649778548836706,-2.159275298428536,0.5751531728386878,-0.805782675743103,-0.1937731504440307,-1.0185413360595703,1.3391893336325884,-2.862716997528076,4.356922120827436,-4.107474327087402,-2.784351110458374,-1.0272116661071775
1774471352247277800,110.38427783203124,-0.0353559755414724,0.4624602020513266,-0.0049251814424991,-0.0036903549917042,-0.014566802419722,0.1751201450824737,1.5522047461949289,-2.2206056731820105,0.5517506699413061,-0.9241751432418824,-0.3486479520797729,-1.224346399307251,1.2777093212753534,-3.0037434248089787,4.0357051306128495,-4.328860282897949,-2.83746600151062,-1.0844029188156128
1774471352257304600,110.3943046875,-0.1428045428693294,0.4901688777100294,-0.1128606555044651,-0.0260047148913145,-0.0255520790815353,0.1884263604879379,1.5299126887574792,-2.0131085856497286,0.6270984641313553,-1.0136548280715942,-0.5232729315757751,-1.4427074193954468,1.1438681293234227,-3.306080942508578,3.8954426734417673,-4.543047904968262,-2.810696840286255,-1.116683840751648
1774471352267332600,110.40433251953124,-0.2531245739802718,0.4688454095764085,-0.2224403896421194,-0.0513368993997573,-0.0503498762845993,0.1998449265956878,1.2522620146773755,-1.7457932814925907,0.6666524758845568,-1.0702024698257446,-0.6891817450523376,-1.6508963108062744,0.7829923518069088,-3.385211762368679,3.669897303521633,-4.721036434173584,-2.645970582962036,-1.1297194957733154
1774471352277359600,110.41435961914064,-0.3501090304389596,0.4110971310934052,-0.3098766810327768,-0.0763437151908874,-0.0711246579885482,0.2029690891504287,0.8166872622683644,-1.6389818430244922,0.5248837058037519,-1.1190497875213623,-0.8039013147354126,-1.819596767425537,0.2958957942143082,-3.482030214610696,3.1727409780770537,-4.966114521026611,-2.4460198879241943,-1.1258307695388794
1774471352287386600,110.42438671875,-0.4500327552199363,0.3379179861793294,-0.3477624673128128,-0.0867374166846275,-0.079237513244152,0.1982594579458236,0.1251765317201614,-1.7004811446040868,0.1948252374857664,-1.188858151435852,-0.8417405486106873,-1.9368438720703125,0.2624681563869118,-3.283108063200116,2.781281407856941,-5.198420524597168,-2.366022109985352,-1.1437835693359375
1774471352297413600,110.43441357421877,-0.5064706817567348,0.2828598600957542,-0.3405588195443153,-0.0921002253890037,-0.0856083258986473,0.1946799010038375,-0.4802152736462652,-1.72723821862638,-0.1827986996054649,-1.267736792564392,-0.8570873737335205,-2.012052536010742,0.165821261319518,-3.3581840547114608,3.232896463832259,-5.324479579925537,-2.206742763519287,-1.148858666419983
1774471352307440600,110.44444067382813,-0.4806953122481703,0.2275010340325534,-0.2733785497188568,-0.0900796204805374,-0.0854528397321701,0.1881018877029419,-0.7489689400434494,-1.5451047049313782,-0.450023987391591,-1.3297317028045654,-0.849872887134552,-2.063114881515503,-0.0602940174430608,-3.8107618182390928,3.3245494961351154,-5.452707767486572,-2.0753841400146484,-1.1484309434890747
1774471352317468700,110.45446875,-0.4360854784101247,0.2225739528939127,-0.1673369265794753,-0.0873448178172111,-0.0903224274516105,0.181833878159523,-0.9149193807005882,-1.3407464999467134,-0.5744537923976779,-1.361693024635315,-0.8428113460540771,-2.08672308921814,-0.1132540387362241,-3.9056200763240456,2.8779572367578745,-5.696971893310547,-1.828778624534607,-1.2901294231414795
1774471352327495700,110.46449560546876,-0.408645098298788,0.2442395124634727,-0.0276923090457916,-0.0931981056928634,-0.091429017484188,0.1680488288402557,-0.9678104284107684,-1.200911328276992,-0.5992839900106192,-1.373712420463562,-0.8351134657859802,-2.09089732170105,-0.4287444679975509,-3.8600598098933694,2.5998586727797983,-5.787558078765869,-1.7277281284332275,-1.3397846221923828
1774471352337522700,110.47452270507812,-0.3422349360629916,0.2835569389818236,0.0873205560564994,-0.1031455472111702,-0.0749054327607154,0.1541170328855514,-1.078987807003409,-1.2431786906421185,-0.724103378856182,-1.403612732887268,-0.7941539883613586,-2.0868043899536133,-0.5000280814886093,-3.5591973331823943,2.217494263163209,-5.8034539222717285,-1.5750004053115845,-1.3939021825790403
1774471352347549700,110.4845498046875,-0.3115986825197935,0.2887995523430406,0.1326151572883129,-0.1137861236929893,-0.0437627881765365,0.1366161406040191,-1.347290368632227,-1.4638590848743915,-0.9603171500459312,-1.4558879137039185,-0.7500019669532776,-2.062135934829712,-0.5821621748179197,-3.3259307213604448,2.103527107721567,-5.778578758239746,-1.3700504302978516,-1.436516284942627
1774471352357576700,110.49457666015626,-0.3178945677936077,0.2741402182737365,0.1212345160961151,-0.1279152482748031,-0.01064158603549,0.1273326277732849,-1.49261989993453,-1.697105530691147,-1.1100114524289966,-1.528005838394165,-0.6702613234519958,-2.0311825275421143,-0.9403454983800648,-2.838717697781324,1.2740484606802462,-5.764525890350342,-1.0112313032150269,-1.446905493736267
1774471352367603500,110.504603515625,-0.3230067962408066,0.2794015728680417,0.0654758039951324,-0.1387350261211395,0.012701952829957,0.1275043338537216,-1.747718112075329,-1.95536659077704,-1.1628604145631194,-1.6053813695907593,-0.5863094329833984,-1.984205722808838,-1.4943331335932015,-2.4099650464773177,0.0847726251393556,-5.757580280303955,-0.5424243807792664,-1.4022704362869265
1774471352377631700,110.5146318359375,-0.2716723303228616,0.2814442942094057,-0.0071118778318166,-0.1429931670427322,0.0275059342384338,0.1207438930869102,-1.625996104723215,-1.9317051446825264,-1.0567278982698918,-1.6918236017227173,-0.5573034286499023,-1.9371930360794067,-1.947500679707527,-1.879774758698046,-0.85176705121696,-5.769827842712402,-0.054578773677349,-1.3137128353118896
1774471352387658500,110.52465844726562,-0.2659714883327484,0.2704044658115133,-0.1395201143711805,-0.1343139857053756,0.040980577468872,0.1128081232309341,-1.4100363092720507,-1.7866063533961771,-0.9584735680058598,-1.787837266921997,-0.5497317910194397,-1.9138535261154173,-2.347833876734972,-1.191732142651826,-1.1303601207137106,-5.766319274902344,0.4192045927047729,-1.1485966444015503
1774471352397685800,110.53468579101562,-0.2763724708378315,0.2970184050360694,-0.2864315080374479,-0.1274352967739105,0.0423518419265747,0.1120541840791702,-1.3733107989430426,-1.706642005321383,-0.8615364578202366,-1.883912920951844,-0.5465426445007324,-1.891285061836243,-2.578304428097605,-0.8826860672242939,-0.8000736888587474,-5.773637771606445,0.7038227319717407,-0.9749945402145386
1774471352407712800,110.54471264648436,-0.2405126374274492,0.3131709368051961,-0.385000603339076,-0.1141798123717308,0.0440876185894012,0.107094407081604,-1.1480337245702743,-1.4579080675154923,-0.8109595322713256,-1.991198897361756,-0.5346575379371643,-1.8901082277297967,-2.326512856286764,-0.7694187306150794,-0.6702659902065992,-5.722017765045166,0.957709789276123,-0.786929190158844
1774471352417739500,110.55473950195312,-0.1920288847655057,0.3316120544355362,-0.4137117340385913,-0.1073839589953422,0.0341995693743228,0.1014650166034698,-1.0750561666429042,-1.2804729407697917,-0.8737129255652427,-2.114408016204834,-0.5030717849731445,-1.905598759651184,-2.154756651960313,-1.462953368206322,-0.6161895321041345,-5.722606658935547,1.1303225755691528,-0.5443317294120789
1774471352427767800,110.56476782226562,-0.1398784262895584,0.3489631118068471,-0.3787088097184896,-0.1003112271428108,0.0251252353191375,0.0904296487569809,-1.2887012554109096,-1.1413006169229745,-1.0768591244116426,-2.255256414413452,-0.4255277216434479,-1.9307243824005127,-2.0284984624832867,-1.7493844378523526,-0.6548889728546142,-5.702506065368652,1.2033607959747314,-0.313017338514328
1774471352437794600,110.57479467773436,-0.0928752675741911,0.3201592978551983,-0.2942243538707494,-0.0951830446720123,0.0224175974726676,0.0700418204069137,-1.48650287835896,-1.0852455522239208,-1.3134852757945656,-2.396474123001098,-0.3183901011943817,-1.9746266603469849,-1.678690168556571,-1.7486080466523766,-0.3155629099756479,-5.61738920211792,1.1500378847122192,-0.1881022900342941
1774471352447821600,110.58482153320313,-0.1104141391351819,0.2451224327778443,-0.1827262188911438,-0.0917240008711814,0.0293987467885017,0.0500628948211669,-1.669562859249115,-1.2163386145114898,-1.5541957738816736,-2.515590190887451,-0.1511811465024948,-2.046815872192383,-1.61106683113873,-1.9272770991072057,-0.161682846340537,-5.573665142059326,1.0895299911499023,-0.0754190012812614
1774471352457848600,110.5948486328125,-0.1367705234020948,0.1400038793001324,-0.1018657987594604,-0.0867398977279663,0.033362329006195,0.031243136152625,-1.6522732862740754,-1.3532096756786107,-1.5876269188404082,-2.5897042751312256,-0.0295552406460046,-2.155526876449585,-1.9344898069649927,-2.301569845949113,-0.117983989867568,-5.482197284698486,1.054597020149231,0.0462395176291465
1774471352467875800,110.60487573242187,-0.170485745999217,0.0228362107841298,-0.0233101484388113,-0.079787366092205,0.0333302840590477,0.0087394881993532,-1.4259060785770414,-1.325388771817088,-1.538638577657193,-2.633021116256714,0.0738313347101211,-2.3058080673217773,-1.8497171818256373,-2.982983837635815,0.36751813814044,-5.348978996276856,0.9952011704444884,0.1075378879904747
1774471352477903600,110.61490356445312,-0.233366272804141,-0.0909830606194213,0.0257891057729721,-0.0653439760208129,0.0270050093531608,-0.0178452506661415,-1.435668763178587,-1.315783908125758,-1.398805013422668,-2.665655374526977,0.1352792084217071,-2.4854519367218018,-1.5415256774008272,-3.3660534729123115,0.3558721240103245,-5.2444586753845215,0.8292454481124878,0.0918353572487831
1774471352487930600,110.6249306640625,-0.281332431332767,-0.180775450149551,0.0618494301915168,-0.0492749884724617,0.0311135873198509,-0.0419957488775253,-1.258371583598852,-1.2643646865338087,-1.3431805952258409,-2.691011428833008,0.1315848678350448,-2.6966114044189453,-1.632723367151618,-3.6412235822230574,0.0982248119086027,-5.1805100440979,0.8491213917732239,0.0749758258461952
1774471352497957600,110.63495751953126,-0.3145961107701063,-0.23950510435272,0.0677682988464832,-0.035769835114479,0.0427169799804687,-0.0703807845711708,-0.9970959979973733,-1.0919149469852447,-1.043525740738958,-2.685091972351074,0.1321809738874435,-2.905285358428955,-2.425416298109293,-3.918577465313673,-0.1447632757216692,-5.023244857788086,0.9284135699272156,0.1130307987332344
1774471352507984600,110.64498461914064,-0.342761882546544,-0.2934598723042756,0.0460644165605306,-0.0239588879048824,0.0363870933651924,-0.1059075519442558,-0.6722811294212937,-1.178713524994254,-0.7471163709793239,-2.6684885025024414,0.0963127091526985,-3.075167417526245,-2.0279896361783147,-3.911185601496696,-0.817033006966114,-4.938915252685547,0.860855221748352,0.0585912093520164
1774471352518011600,110.65501171875,-0.3795201261013746,-0.3827473445195704,0.0743617057621479,-0.0089040379971265,0.001809143461287,-0.1389768272638321,0.0938914588794112,-1.0702800382822752,-0.4608977019749581,-2.623971939086914,-0.011003928259015,-3.2458529472351074,-1.4419190557450057,-3.810567172449827,-1.3455693900585173,-4.943549156188965,0.8209035396575928,0.0361335687339305
1774471352528038700,110.66503857421876,-0.3530550207629799,-0.5127603564854711,0.1559399187743663,0.0143320653587579,-0.033456515520811,-0.1792459338903427,0.8101856252893805,-0.7183838321655989,-0.2960811607185751,-2.562065362930298,-0.1571925580501556,-3.439473867416382,-1.9348036952197551,-3.614316286075115,-1.3930951113432646,-4.94564151763916,0.7214475870132446,0.0451300479471683
1774471352538066700,110.67506665039062,-0.204559280514717,-0.6159189715344459,0.2865297077149152,0.0521087385714054,-0.0728931352496147,-0.2035288959741592,0.8618950619995593,-0.4359843561232089,-0.3609614830385893,-2.479225873947144,-0.2647199332714081,-3.613169431686402,-1.7015326994836328,-3.58636912548542,-1.71750242203176,-4.996403694152832,0.5916864275932312,0.0831477418541908
1774471352548093400,110.68509350585936,-0.0424348278865218,-0.642376624218747,0.3853367034256458,0.079799510538578,-0.1062588542699813,-0.208475649356842,0.6598933570131659,-0.1450637199729681,-0.3410673901209607,-2.3736331462860107,-0.308499664068222,-3.753263235092163,-1.4383680852651597,-3.588212123003602,-1.247855450281501,-4.784367084503174,0.5238474607467651,0.0870655104517936
1774471352558120700,110.69512060546874,0.0782557905912399,-0.6113235700355842,0.5477911186605692,0.1133635938167572,-0.1376942694187164,-0.2122919559478759,0.6505044741600752,0.0963484966427087,-0.5397369915425777,-2.2714407444000244,-0.2962095141410827,-3.839719533920288,-1.7242463433340192,-3.468103980588913,-0.5988134498894214,-4.372295379638672,0.6728555560112,0.0818470492959022
1774471352568147700,110.70514770507812,0.1834992490902543,-0.5564254933519288,0.6995838546276092,0.1429474651813507,-0.170287624001503,-0.2104474306106567,0.7047142032533884,0.3663040861755609,-0.6969627123437822,-2.179166316986084,-0.2680026590824127,-3.86932373046875,-2.896598224341869,-3.5030566360265016,-1.3178443477869033,-4.084656715393066,0.8232572674751282,0.1233968585729599
1774471352578174500,110.71517456054688,0.2643772048786282,-0.4399776270104572,0.8132797919124365,0.1539410054683685,-0.1933386176824569,-0.2086905390024185,0.6399596992701292,0.758279789224267,-0.7547545377075672,-2.096521377563477,-0.2329693287611007,-3.8531763553619385,-2.931632712844014,-3.312889453479648,-2.527230074420572,-3.846869945526123,0.7787028551101685,0.0899534076452255
1774471352588202800,110.72520263671876,0.3143774995833635,-0.2375029707500711,0.8930664453327656,0.1481838673353195,-0.1958858966827392,-0.2112970799207687,0.3669634268671274,1.2097568980336189,-0.9067363665059208,-2.010922908782959,-0.1640059798955917,-3.804515838623047,-1.9495739788502453,-2.9990555592536925,-2.9196640426307914,-3.59897255897522,0.6818483471870422,-0.0785112977027893
1774471352598229800,110.73522973632812,0.3586050561055541,-0.0848549696605652,0.9225883078932762,0.1433084160089492,-0.2159187197685241,-0.2090765237808227,-0.088815178528428,1.4728408482313156,-1.112152044654265,-1.8980553150177,-0.0548731423914432,-3.7137646675109854,-2.465886255663633,-3.288066562390328,-2.5424106924176213,-3.3184943199157715,0.6739845871925354,-0.1090873181819915
1774471352608256500,110.74525659179687,0.3348483329430222,0.0050715676432475,0.8004933755755425,0.1363407969474792,-0.2144034057855606,-0.1932601034641266,-0.4187842149972915,1.6918880883038043,-1.4028300311550497,-1.7910019159317017,0.1033804044127464,-3.604223251342773,-3.671150226192176,-3.851519360563159,-1.6999243875041603,-2.998484373092652,0.5643130540847778,-0.1611950546503067
1774471352618283800,110.75528369140623,0.3235536164686083,0.1930709046317264,0.6686649847507476,0.1164057180285453,-0.2682120501995086,-0.1612952500581741,-0.6711696610480546,1.8089239836663007,-1.9597879143506287,-1.6844761371612549,0.3298138976097107,-3.4405195713043213,-3.2835043690413235,-4.252863780459761,-1.4475176064044235,-2.6120870113372803,0.5144136548042297,-0.2742694020271301
1774471352628310800,110.76531079101562,0.271673499366641,0.4627831138627603,0.7296048988819122,0.116494745016098,-0.2476492077112198,-0.1276083886623382,-0.90180504758358,1.813752134475112,-2.158147463442385,-1.5697319507598877,0.5678312182426453,-3.241774082183838,-3.6719700181424617,-5.27518730482459,-1.6308362382307648,-2.319234132766724,0.3616056442260742,-0.3502990007400512
1774471352638338600,110.77533862304688,0.3394321536019444,0.7661009113039821,0.5408978520154952,0.1346244663000106,-0.2393441349267959,-0.090958759188652,-0.7583201212346553,1.6794518005788326,-2.2381058201678097,-1.460797905921936,0.8643723726272583,-3.005444288253784,-3.950442676129937,-5.77857288004756,-2.8990359728828072,-2.355626583099365,-0.0176095757633447,-0.4418731331825256
1774471352648365800,110.78536572265624,0.3677770813375711,1.069652992425114,0.3297223682314157,0.1420644074678421,-0.236361563205719,-0.055090244859457,-0.6300836174219846,1.305920101237297,-2.3617409676648675,-1.3624370098114014,1.1062419414520264,-2.7569055557250977,-4.059722842799127,-5.909576510486007,-2.9236998740181326,-2.4299211502075195,-0.2769882380962372,-0.4629377126693725
1774471352658392600,110.795392578125,0.3436673069536686,1.2429308533608914,0.155090023946762,0.1160416007041931,-0.2214129716157913,-0.0064441440626978,-0.7746528318762779,0.8111737595438957,-2.582453364470601,-1.2955265045166016,1.2583158016204834,-2.5218071937561035,-4.099014111962914,-6.232374632412195,-1.467444542145729,-2.286818742752075,-0.3367732763290405,-0.4282412528991699
1774471352668419600,110.80541967773438,0.3593079436779022,1.3110630170837043,0.0332008433341979,0.0861826241016388,-0.1655773222446441,0.0328178629279136,-0.9184200822979212,0.4804916063696146,-2.9293466477334498,-1.241235852241516,1.4119458198547363,-2.299753189086914,-3.83376158555448,-6.83187255743444,-0.5248056721314788,-2.052359342575073,-0.3533836603164673,-0.4531925320625305
1774471352678446800,110.81544677734377,0.3495312305510044,1.3104980766773222,-0.1353705934762954,0.055132295936346,-0.0749483406543731,0.0522283092141151,-0.9569090951681136,0.365406845074892,-3.155737528567016,-1.174707055091858,1.628772497177124,-2.105885505676269,-3.616166297855973,-7.179966448658704,-0.8060551013559103,-1.7948508262634275,-0.3228846192359924,-0.4820880889892578
1774471352688473600,110.8254736328125,0.2026461403697729,1.1421506578810512,-0.6360661989629268,0.0293116066604852,0.009028760716319,0.0508408024907112,-0.5741705915421247,0.361572381478548,-3.357285352306068,-1.0832306146621704,1.8561028242111208,-1.9783227443695068,-3.837066472318768,-6.991794239321351,-1.672233247502148,-1.5950052738189695,-0.4132221341133117,-0.5778750777244568
1774471352698501600,110.83550170898438,0.1158574992328882,0.843759905045852,-1.1492214730501171,-0.0142854060977697,0.0359903387725353,0.0655971094965934,0.1122889930963516,0.6699427496016025,-3.600865852871537,-0.9231696724891664,1.9708558320999143,-1.9341278076171875,-4.350694624614715,-6.196036660096049,-2.429509704902768,-1.4089232683181765,-0.4502416849136352,-0.706826388835907
1774471352708528600,110.84552856445312,0.2742018488004804,0.6410225061960518,-1.3941940124958754,-0.0969691723585128,0.0361040979623794,0.0756465569138526,1.3502286140412092,2.9355525166362524,-3.4236727181881665,-0.6574171185493469,1.9449355602264404,-1.9650654792785645,-4.9310260768741365,-5.265391886997223,-2.527498662228882,-1.2117208242416382,-0.4883100390434265,-0.912537693977356
1774471352718555600,110.8555556640625,0.3975713310986757,0.4458201790262013,-1.2699942168533802,-0.1859064996242523,0.0374119766056537,0.07109335064888,1.4278162961125374,2.783443554326892,-3.586393967665732,-0.3020965754985809,1.8205527067184448,-2.0221543312072754,-5.211707643082738,-4.871676062282919,-2.781846348263324,-1.0904327630996704,-0.6126141548156738,-1.1641494035720823
1774471352728582700,110.86558276367188,0.5113011706531048,0.2317204783584922,-1.067441599985957,-0.2477616071701049,0.0452345684170722,0.0407503508031368,1.139063651651144,3.542246490642428,-3.4018326423019167,0.0584737844765186,1.6687697172164917,-2.050514936447144,-5.667592631462216,-4.357147746276855,-2.92444192455709,-0.9565548896789552,-0.8178683519363403,-1.4160404205322266
1774471352738609700,110.87560961914062,0.6178878604546189,1.88142983242e-05,-0.9607038112759588,-0.2636423110961914,0.071192666888237,-0.0073338183574378,0.438520596602559,3.8822546905666586,-3.2404213063791394,0.3675187826156616,1.5596723556518557,-2.003181934356689,-5.5460407199800015,-3.8419144968718286,-2.516419634331762,-0.7471612095832825,-0.980405867099762,-1.6982065439224243
1774471352748637700,110.8856376953125,0.6777873256221413,-0.1394701012169942,-1.001987423300743,-0.2538838386535644,0.1019793599843978,-0.0456190668046474,-0.3322387349665164,3.886748494854569,-3.1235210200950503,0.5910557508468628,1.525208592414856,-1.867684245109558,-5.357625349536538,-2.755027607181668,-1.8934271442145107,-0.4378164708614349,-1.115459680557251,-1.958636283874512
1774471352758664700,110.89566479492188,0.7308604519009589,-0.0705634459903463,-1.060474099060893,-0.2234404534101486,0.1117089539766311,-0.0680918842554092,-0.981992683020234,3.510530332908034,-2.9880159865841267,0.7443063259124756,1.525896430015564,-1.661103367805481,-5.663713159680366,-1.8053467097014189,-2.068226661759615,-0.1720199286937713,-1.2547091245651243,-2.1426963806152344
1774471352768691500,110.90569140625,0.6360498323500156,0.0208363422038033,-1.087421142697334,-0.1713998019695282,0.0910185202956199,-0.0987896993756294,-1.2216688696235418,3.0408968051612377,-2.673266438817978,0.8653723001480103,1.5709930658340454,-1.4537246227264404,-5.966251168388128,-1.0917927819103002,-2.858559877848625,0.0248853340744972,-1.3353660106658936,-2.236722946166992
1774471352778718700,110.91571875,0.4932034961655736,-0.0305380903983488,-0.996353216806054,-0.0986430346965789,0.0468353480100631,-0.137772262096405,-0.9190215553224086,2.5531559583157297,-2.2645149575352668,0.9854028820991516,1.5925955772399902,-1.3093181848526,-6.039875207525491,-0.7198550737619399,-3.1557477577000856,0.2432054132223129,-1.3574566841125488,-2.291008234024048
1774471352788745700,110.92574584960936,0.4434124602973461,-0.1214097630651667,-0.8471750472515821,-0.0220380201935768,-0.0010928632691502,-0.1963338553905487,-0.6542927605271339,2.332328264567256,-1.8195348095297808,1.1223231554031372,1.6258827447891235,-1.234793186187744,-5.820811016318202,-0.6402846934407949,-2.684937295128405,0.4452274143695831,-1.3652160167694092,-2.3452277183532715
1774471352798773800,110.93577368164064,0.4520622152209281,-0.1124144461069256,-0.5260685316741466,0.0670324712991714,-0.0583817213773727,-0.2644686996936798,-0.7649076829314232,2.460100073477625,-1.554359440010786,1.2541128396987915,1.698076248168945,-1.1988476514816284,-5.813270683941245,-0.332950098106265,-1.974539493280649,0.5848643779754639,-1.4432668685913086,-2.365832567214966
1774471352808800800,110.94580078125,0.4906973585635423,-0.0424503177165985,-0.1008902317255735,0.1749615222215652,-0.0997021943330764,-0.3106698989868164,-1.2557576017081735,2.6669687999784943,-1.7707047276481984,1.3373504877090454,1.8307565450668333,-1.1475461721420288,-6.0180433149456976,0.2052706436544656,-1.3625468283444642,0.6941403150558472,-1.556055784225464,-2.345168113708496
1774471352818827500,110.95582763671877,0.5649576497778296,0.0328624782253056,0.5841863741219043,0.3198031187057495,-0.1337850540876388,-0.3539958000183105,-2.1160756236493588,2.7412258763223885,-2.0002534879907965,1.392617106437683,2.0716047286987305,-1.0198317766189575,-5.893508588260412,0.7479261529922485,-0.611930705615878,0.8009365200996399,-1.5593857765197754,-2.255943775177002
1774471352828854500,110.9658544921875,0.4625815634086728,0.0113275592980906,1.354548230805993,0.490857869386673,-0.161451056599617,-0.3754095733165741,-2.944063155350089,2.656316473060846,-2.3447373720243574,1.4101670980453491,2.3600752353668213,-0.8354880213737488,-5.867232575753331,1.299502635410428,-0.3062897624567151,0.7723156809806824,-1.6271284818649292,-2.1130306720733643
1774471352838881800,110.9758818359375,0.4045955306470394,-0.1081086386717855,1.970368929597736,0.6038581728935242,-0.1597367823123932,-0.3822616040706634,-3.6450597993850704,2.472874214854836,-2.7617762046590446,1.4249608516693115,2.6388401985168457,-0.6197755932807922,-5.893318034124374,1.9037877947092048,-0.2050926567390561,0.6818147897720337,-1.7764877080917358,-1.9421347379684448
1774471352848908500,110.98590844726564,0.4279138623923063,-0.2566117950415238,2.377742692786455,0.6168012022972107,-0.1349529027938842,-0.391143262386322,-4.413326729616522,2.2523329368323086,-3.016660189527273,1.4589009284973145,2.9118075370788574,-0.4136238098144531,-5.176681922408938,2.73081612598896,0.6208166073828936,0.7068748474121094,-1.9462249279022217,-1.8276605606079104
1774471352858936600,110.9959365234375,0.35223435202986,-0.3176240802891552,2.40503869599104,0.5616415739059448,-0.1091322302818298,-0.3885099291801452,-4.710658401852846,2.165329776161909,-3.36655119330138,1.4976556301116943,3.190446376800537,-0.2498462945222854,-4.721240586143732,3.2216479245871303,1.2036238021060823,0.7395502328872681,-2.1777894496917725,-1.7333824634552002
1774471352868963800,111.0059638671875,0.2356739652246236,-0.2805720048869028,1.7275994531542065,0.4562467038631439,-0.0770432949066162,-0.3787319660186767,-4.444770500150323,2.273355851116776,-3.5382533293530343,1.5297856330871582,3.487794876098633,-0.1652829349040985,-4.47165032376945,3.792510122233629,1.0175482727870344,0.8014254570007324,-2.3447093963623047,-1.6654404401779177
1774471352878990600,111.01599047851562,0.3188563985630869,-0.0756358904164284,0.8367962765783071,0.3338784575462341,-0.0392021723091602,-0.369228720664978,-4.218126229077577,2.324108133232593,-3.120767045211792,1.5876182317733765,3.6977717876434326,-0.169157937169075,-4.5671015793114895,4.597364031106233,0.4823521395444869,0.9801464676856996,-2.40598726272583,-1.6009502410888672
1774471352889017600,111.026017578125,0.4402189249530434,0.2002864255011081,0.1892424689173698,0.2182181626558303,-0.0136160235852003,-0.3671487867832184,-4.219811405685544,2.42256850746274,-2.7259713163062926,1.618167281150818,3.841856241226196,-0.2738012671470642,-4.919277771413326,5.956732229414582,-0.706887455639243,1.1341172456741333,-2.420115232467652,-1.5094155073165894
1774471352899044900,111.036044921875,0.5667524242401123,0.4039567943520843,-0.0513420647025108,0.1318028569221496,-0.0156642608344554,-0.3889180123806,-4.717233104068041,2.4752269154608246,-2.071680601605773,1.6489752531051636,3.931213855743408,-0.4281128048896789,-5.663422652301192,7.250722238883376,-2.2631144430875776,1.2408097982406616,-2.3250436782836914,-1.3452651500701904
1774471352909072600,111.04607275390624,0.6610007337331771,0.5278142793629318,-0.2256242803752422,0.089086577296257,-0.033663872629404,-0.4166144430637359,-5.334409309121966,2.510194183945656,-1.5866925605997442,1.6019688844680786,3.997349739074707,-0.618935763835907,-6.316249431928992,8.242499233815073,-2.439170682695508,1.427961349487305,-2.1353557109832764,-1.1597570180892944
1774471352919099600,111.056099609375,0.809323163241148,0.6559964226398617,-0.4418430190235376,0.0836675763130188,-0.0549369342625141,-0.45199054479599,-5.263181225210428,2.570828977650404,-1.330316291347146,1.4962873458862305,4.05385684967041,-0.8409836888313293,-6.25478227905333,9.256104614195229,-2.4913112042993304,1.7607132196426392,-2.0216376781463623,-1.029636263847351
1774471352929126700,111.06612670898436,0.9336217430830002,0.6886229001522064,-0.6717629507660865,0.113643541932106,-0.0795671790838241,-0.4625983536243438,-5.188752299430966,2.4745634831160306,-0.3950163859188556,1.441258430480957,4.033213138580322,-1.0925060510635376,-6.26589871635139,10.124025512355566,-2.943395339091122,2.183338165283203,-1.847999930381775,-0.8882166743278503
1774471352939153700,111.07615356445312,1.0455284588634968,0.6192459970653057,-0.8569231188058852,0.1646974086761474,-0.1233229041099548,-0.4484391212463379,-5.331421233221889,2.383292728129029,1.01314594617486,1.445138692855835,3.894463539123535,-1.3506944179534912,-8.026966139343381,10.78846440384388,-3.473044067339599,2.634437561035156,-1.6788095235824585,-0.6368800401687622
1774471352949180700,111.0861806640625,1.094163310433924,0.5682674319129437,-0.89080142301023,0.2183582633733749,-0.1672113686800003,-0.4290820062160492,-6.104709791007638,2.097297857943177,2.01900115081966,1.3800773620605469,3.7099218368530273,-1.5597498416900637,-11.008927355933189,11.11773026047945,-3.378967315021157,2.945338010787964,-1.5164501667022705,-0.3781011998653412
1774471352959207700,111.09620776367188,1.0462354380890726,0.6309528014719485,-0.7304775900632142,0.2647729218006134,-0.2259862571954727,-0.3948169946670532,-6.588998451572656,1.65769180419147,2.458247139087319,1.211431622505188,3.578019142150879,-1.7098126411437988,-10.892874041867255,11.038065772134065,-3.532466562645137,3.296972751617432,-0.9122969508171082,-0.2987187504768371
1774471352969235700,111.10623559570313,0.939636473327875,0.7138299682535231,-0.4456938492327928,0.3056077063083648,-0.3016136586666107,-0.3601484894752502,-7.201868483865261,1.1372194850891828,2.744716056525707,1.012395977973938,3.532416820526123,-1.866477847099304,-11.4441974263072,8.63402719309628,-1.266408175060153,3.747481346130371,-0.089364543557167,-0.25732421875
1774471352979262500,111.11626245117188,0.8361074175313115,0.7494340733371675,-0.1838409021347761,0.334511250257492,-0.3485787808895111,-0.3514854907989502,-7.970681942063569,0.8468833708286285,3.027790655350685,0.866799533367157,3.56406307220459,-2.039994478225708,-11.480690296924111,5.409689298772811,1.43277245721519,4.181277751922607,0.369290143251419,-0.4119561612606048
1774471352989289700,111.12628979492187,0.8763602252036332,0.7658477402605116,0.1130178918927907,0.3571341633796692,-0.3479439914226532,-0.344789445400238,-9.330641092002391,0.5567670367985964,3.230421598151326,0.706305205821991,3.576768398284912,-2.070338726043701,-9.198703980106115,0.8262520862102508,3.8463597858428953,4.701756477355957,0.5203999280929565,-0.7744182348251343
1774471352999316700,111.13631665039064,0.9089958358705044,0.7697361260011791,0.4815402386397123,0.3894209861755371,-0.3148331940174103,-0.3424591720104217,-10.241505059832336,0.2549982588976621,3.079040365594625,0.5099767446517944,3.7348029613494873,-2.0108745098114014,-6.216935071218013,-4.652043131276965,7.207464111915231,5.308378219604492,0.412174642086029,-1.1618062257766724
1774471353009343500,111.14634350585938,0.8698851839706301,0.7137845216765999,0.8464245211452245,0.433453768491745,-0.282397598028183,-0.3335567712783813,-10.650885486668347,-0.3124783879637718,2.884441922602057,0.3278415501117706,3.967146158218384,-2.0243020057678223,-3.042449295300245,-10.25834981164932,10.209778380703924,5.63938045501709,0.2330659627914428,-1.4539892673492432
1774471353019371300,111.15637133789062,0.8729366804957389,0.599887654992193,1.0845172379493713,0.4596262574195862,-0.2663208842277527,-0.3394527435302734,-10.725175880759954,-1.2394155387163162,1.2637626289874315,0.0842055529356002,4.3150129318237305,-2.114468574523926,1.044448262411356,-15.617106211042405,11.087849501478672,5.473516464233398,-0.0995735079050064,-1.6756266355514526
1774471353029398300,111.16639819335936,0.7139756603345274,0.4488109583400189,1.0877408761709928,0.4599465131759643,-0.2746521830558777,-0.3504106700420379,-9.9441342246294,-2.251573642897606,0.1221387714594602,-0.0962545052170753,4.638598918914795,-2.1306381225585938,4.0077521248042585,-19.98280668160915,9.601306291109324,4.912256717681885,-0.4344913959503174,-1.7026684284210205
1774471353039425300,111.17642529296874,0.6154021811187267,0.3890419146191328,0.8531038527786731,0.441924124956131,-0.2868246734142303,-0.3781986236572265,-8.590508369365335,-2.765427420642972,-0.9093588239639996,-0.3164856135845184,4.995607852935791,-2.114091396331787,8.144736194199323,-23.23428918796777,8.848933095580339,4.331529140472412,-0.3240208029747009,-1.609163522720337
1774471353049452300,111.18645239257812,0.8490168757259845,0.2908043162941932,0.5823328552097082,0.4100564122200012,-0.2845862209796905,-0.4321832954883575,-7.63923114260435,-2.8881057058066126,-1.4068717077612876,-0.5163204669952393,5.237716197967529,-2.007252216339112,11.264869617682695,-25.36741297705173,8.087270678180456,4.153480052947998,-0.0448143891990184,-1.4648183584213257
1774471353059479300,111.19647924804688,1.042286700463295,0.0349457142401486,0.4967097507208585,0.3593996167182922,-0.281336635351181,-0.5359392166137695,-7.638630254101753,-2.9481369806602595,-1.747702329984307,-0.8434411883354187,5.422379493713379,-1.8344182968139648,15.716155783337353,-29.76113776509761,6.471156500524282,3.4992237091064453,0.3335864245891571,-1.311332106590271
1774471353069506000,111.20650610351562,1.091384493370354,-0.4089709692522883,0.7299930214166641,0.3161122798919678,-0.3132053315639496,-0.7003575563430786,-7.824307724013924,-3.106130324833095,-2.8511937329947945,-1.155967354774475,5.633152961730957,-1.4833989143371582,12.587885815149544,-27.90863358290196,1.4857248797237872,3.677242994308472,5.274407386779785,1.1995009183883667
1774471353079534300,111.21653442382812,0.7222229719370603,-1.0256892014056445,1.0235182871073485,0.2717828750610351,-0.4006678164005279,-0.8969926238059998,-7.728878095781803,-3.633824996404349,-5.400992782098054,-1.471037745475769,5.782086372375488,-1.0581594705581665,11.605649386501312,-56.126367017245286,3.6756063288182017,1.061776041984558,1.359094500541687,-2.028216361999512
1774471353089561300,111.22656127929687,0.3989040410071611,-1.724772413034737,1.4418132572829725,0.2502742707729339,-0.5018725395202637,-1.122612476348877,-6.316622356894612,-4.725741989216208,-10.032104769027232,-1.6502398252487185,5.792264938354492,-0.6883926391601562,20.265065287876126,26.31020002336502,-36.1893167091608,1.394303798675537,-0.2038541734218597,-2.210612773895264
1774471353099588400,111.23658837890623,0.2413058336317539,-2.520482938247919,1.82792971290946,0.2524119913578033,-0.5906993746757507,-1.3498564958572388,-3.682608316534757,-6.250199627438187,-13.199492111116648,-1.622645616531372,5.504434585571289,-0.5449530482292175,-4.287515991646052,-8.858296551731229,-9.419677219805122,0.5369493961334229,5.314469337463379,2.469637155532837
1774471353109615400,111.24661547851562,0.0980213982909917,-3.321741452977061,2.226624495080113,0.255357414484024,-0.6752827167510986,-1.5971375703811646,-0.3366429612748324,-8.993721505743265,-16.991702958142756,-1.608859300613403,5.039333343505859,-0.6022757291793823,39.771898132801056,-27.82352251958847,-42.37655573029518,-0.9173591136932372,1.353517770767212,0.4253472089767456
1774471353119642400,111.25664233398436,-0.2356149285137653,-3.9414229188501833,2.8665158052891493,0.2194803804159164,-0.8095377683639526,-1.8293603658676147,2.305782349077612,-11.99474924185276,-19.76868462297916,-1.4183374643325806,4.651703834533691,-0.4871519207954407,22.68048275454044,-6.640272711735963,-23.39277879122496,0.4072093367576599,-5.051695823669434,-2.649489164352417
1774471353129670400,111.26667041015624,-1.033302599018812,-4.201526099671423,3.99659535549581,0.1210730969905853,-1.032953858375549,-2.018693923950196,4.610670087403059,-13.617148198866843,-19.02620387591124,-1.1262352466583252,4.710167407989502,-0.178704634308815,11.52463699067831,8.326493275797366,6.1293432970047,2.7192068099975586,-8.421280860900879,-3.903733491897583
1774471353139697400,111.27669750976564,-2.1442893262207505,-3.9070442639082654,5.534588182595372,-0.0051301061175763,-1.328535556793213,-2.1615548133850098,8.127872737681866,-13.663325428152085,-18.27717531463504,-1.011325716972351,4.615562915802002,0.1191422194242477,7.54105952218771,-5.440284928044677,-19.932149676561355,1.7312628030776978,-7.805789470672607,-4.1397552490234375
1774471353149724200,111.28672412109376,-3.457240349008143,-3.282351399613917,7.080501281300187,-0.0934888795018196,-1.6628953218460083,-2.318504095077514,11.019688403922318,-11.61636016560793,-15.265862331354615,-0.9522773027420044,4.298421382904053,0.3329732716083526,-1.336737264305353,-10.290416682517527,-28.43050174027681,0.4145547747611999,-5.964108467102051,-4.2401299476623535
1774471353159751200,111.29675122070311,-4.969461313730478,-2.441729573398084,8.217294649931787,-0.059844896197319,-1.9711860418319704,-2.435736656188965,12.544684971326587,-10.583512324619292,-13.384322608810663,-1.901225090026856,2.8824615478515625,-0.0034342603757977,-2.7060125241219994,-9.595831659090518,-19.23628805732727,-0.0170411244034767,-4.737503528594971,-4.531228542327881
1774471353169778400,111.3067783203125,-5.341454551458359,-1.228453415197134,8.745565075564384,0.1147886142134666,-2.19307017326355,-2.4332878589630127,14.79540988844037,-2.543101597291231,-13.9118255572021,-0.1874479204416275,1.6989905834197998,-2.149385452270508,0.6228524971246719,-10.723981118017434,-11.475279962313175,0.2191166281700134,-3.4360604286193848,-4.422366142272949
1774471353179805200,111.31680517578124,-3.992968397170305,0.2730421573713422,8.268448498585819,0.3016980290412903,-2.272580146789551,-2.4052212238311768,15.92200451914072,10.9323690169096,-16.138029781043528,1.8467023372650144,0.0050647500902414,-4.240927219390869,0.6898071415007114,-10.469932707190512,-8.016255944758653,0.4553709626197815,-2.051987409591675,-3.937979698181152
1774471353189833200,111.32683325195312,-2.6655232773452995,1.954986943809688,7.043181312209367,0.4764562547206878,-2.095430612564087,-2.3658711910247803,15.88938585960865,12.59662558644414,-6.7595753829866645,2.3658266067504883,-2.111069202423096,-4.673391819000244,3.247166981247067,-10.695816515284776,-8.793568351233006,0.7306365966796875,-1.4927055835723877,-3.5641746520996094
1774471353199860200,111.33686010742188,-2.2192560121387244,3.0363869265213608,5.24661529033482,0.6460221409797668,-1.7221084833145142,-2.0797324180603027,18.918067326319218,4.524196503564715,3.0657389854729176,2.695639133453369,-3.6725857257843018,-4.879781246185303,7.492018720164895,-11.29041205521822,-8.227519691348075,1.0288957357406616,-1.313060998916626,-3.254383087158203
1774471353209887200,111.34688720703124,-0.9289572584033012,3.0058278298676013,2.7400626777619124,0.7091302871704102,-1.2466764450073242,-1.5897796154022217,16.524351988375187,-2.342251692688465,-1.9887702632069584,3.1987733840942383,-4.286929130554199,-4.7445831298828125,7.244814476144313,-8.484888186508417,-6.840576088371873,1.337022066116333,-0.8788766860961914,-2.772292375564575
1774471353219914200,111.35691430664062,0.6278460676282643,2.5956886936187744,0.2107417685419321,0.7588843107223511,-0.7823807597160339,-1.1796307563781738,10.79222755576968,-0.3137418320283293,-8.545752697315812,3.872371196746826,-4.233731269836426,-4.395412921905518,5.522185212618112,-6.50553223285675,-5.27654865630567,1.738176941871643,-0.0232805907726287,-2.2615675926208496
1774471353229941200,111.36694116210936,1.3876046972334384,2.252915997417271,-2.0118834277689457,0.8963439464569092,-0.4125882983207702,-0.8845729231834412,5.171088632446527,5.9070975531518455,-10.455686739695071,4.522706985473633,-3.890416145324707,-3.61492919921875,5.823927102512121,-7.760351676931977,-3.287021437251568,2.205745220184326,0.4327565133571625,-1.9352222681045528
1774471353239969300,111.37696923828123,2.3682249228566885,1.7937984568573533,-3.3521792613387107,1.1117055416107178,-0.2818976640701294,-0.6735251545906067,-0.8944549770817161,8.827545439636706,-10.44826681882739,4.990628242492676,-3.075979471206665,-2.458914995193481,8.335173425859212,-8.089907456424832,-2.128700711944699,2.522945165634156,-0.2535683214664459,-2.051536798477173
1774471353249996300,111.38699633789062,3.9601661977648734,1.7472304746888576,-3.5734441774606704,1.1556169986724854,-0.2850215435028076,-0.4200018048286438,-5.198025739210844,8.80814048194289,-10.061994880378244,5.446483612060547,-2.12485933303833,-1.148571491241455,10.022671754771473,-7.079868244093656,-1.3339204533189537,2.76163649559021,-0.1406894326210022,-1.9867762327194207
1774471353260023300,111.39702319335936,5.133574017566442,2.468229896180332,-2.8505671255290506,1.2039533853530884,-0.0995723381638526,-0.2211992591619491,-6.881831643345952,6.703201753857732,-9.357076094463467,5.640619277954102,-1.5707024335861206,0.2289337217807769,6.932606137293577,-7.042608480757474,-0.2014057849198579,2.994101524353028,0.2771973013877868,-1.9077777862548828
1774471353270050300,111.40705029296876,6.011233050408959,2.529751994113624,-2.116621567094326,1.3818784952163696,0.06419687718153,-0.0147982202470302,-6.464183738902211,3.688073011681437,-12.157145789420603,5.220101833343506,-0.9954872727394104,1.2974653244018557,6.460337000346184,-8.228548449873923,0.2650707401007414,3.330742835998535,0.940849781036377,-2.12354040145874
1774471353280077300,111.41707739257812,6.451369265514612,2.153788975971937,-1.7589830179333683,1.4166460037231443,-0.0780121907591819,0.1844040900468826,-2.809139428858459,1.0730231995105743,-12.348453958696126,4.991551876068115,-0.3240356743335724,1.9425841569900515,8.142341992539167,-9.09377061046958,0.6607599107146263,3.7895989418029785,1.2603843212127686,-2.402735948562622
1774471353290105300,111.42710522460938,6.482205133283138,2.9596231280535457,-2.00393100745976,1.3682301044464111,-0.4693115949630737,0.3079733550548553,1.448365747666359,-0.5217646970003843,-8.046662773460149,5.217531204223633,-0.1046444699168205,2.208141565322876,6.733041011804342,-8.08690769008696,2.097686564999819,3.974637985229492,1.642392873764038,-2.540748357772827
1774471353300132400,111.43713232421877,5.976179272684455,3.9570737847074864,-3.51598392213881,1.4956437349319458,-0.4433076977729797,0.2159425020217895,4.506591873291135,-1.4829162520438433,-4.710232285395264,5.654274940490723,-0.3311511576175689,2.2500321865081787,6.304978096330165,-5.835640336659551,5.379259673717618,4.4029154777526855,1.4698240756988523,-2.5991969108581543
1774471353310159000,111.4471591796875,5.777960301107168,3.811981130900979,-6.425220678779483,1.6905674934387207,0.1164155676960945,0.0713108405470848,5.905556753450632,-1.8064274906754487,-1.4961498276263474,6.139568328857422,-0.6688503623008728,2.2417185306549072,6.7975336499810215,-4.099839456871152,9.063305914101004,4.951709747314453,1.3321733474731443,-2.501142740249634
1774471353320186400,111.45718627929688,5.532814158660173,3.1951068314030766,-9.102760557132958,1.6982948780059814,0.9208755493164062,0.03681331127882,6.641576195549964,-1.9829741441488264,0.845658797469735,6.417660713195801,-1.066395282745361,2.166062355041504,5.918717848318815,-3.720871119433641,12.51864685922861,5.213073253631592,1.5879491567611694,-2.0269291400909424
1774471353330213400,111.46721337890624,5.051804665896296,2.5952672533363104,-10.59334164471626,1.428570032119751,1.245572209358215,0.1653961539268493,6.667157211530208,-2.674826527741552,0.8493097211927175,6.26679801940918,-1.7408602237701416,1.9947693347930908,5.292862077724934,-5.522979577866196,13.240975629627703,4.83504581451416,1.4587452411651611,-1.48974347114563
1774471353340240100,111.477240234375,2.904401591569185,1.856304889652878,-11.380239041137695,1.0905680656433103,0.819709837436676,0.2418137043714523,5.201628732138872,-2.9393858111888167,0.4971963651940226,5.825046539306641,-2.369875192642212,1.9062726497650144,5.99066080250144,-7.841456427213549,11.19199610465169,4.32881498336792,0.0037211119197309,-1.0582871437072754
1774471353350268400,111.48726831054688,-0.2534574591964483,-0.2094616656035184,-11.40318737052679,1.1133553981781006,0.6364842057228088,0.1998876184225082,3.42871042009443,-2.6891730330020187,-0.7909414111152291,5.069204807281494,-2.473984718322754,1.887195110321045,9.128699300509693,-8.097253727534413,10.93324346165657,4.205307960510254,-1.3079380989074707,-1.305683970451355
1774471353360295200,111.49729516601562,-0.8714671924650669,-2.7316972927376626,-9.14334098932445,1.379032850265503,0.6963366270065308,0.0895304903388023,2.9392303283661603,-3.290444981959462,-2.001009274794161,4.423906326293945,-2.322967767715454,1.9898381233215328,8.521803081929683,-6.018759354260563,11.336349630528687,4.489029884338379,-1.987011194229126,-1.475018858909607
1774471353370322200,111.507322265625,-0.1058066453397273,-3.870756560474634,-5.588609111118316,1.640791654586792,0.8576074242591858,-0.1181825920939445,2.500885088330507,-5.261016156131029,-1.7025995980627833,3.988091230392456,-2.1762855052948,2.258294105529785,4.050451448845863,-2.380877483680844,8.898207706359027,4.506483554840088,-1.5192687511444092,-1.4989548921585083
1774471353380349400,111.51734936523438,-0.8943301816582679,-4.314178373122215,-2.395947627040744,1.6413437128067017,0.8608841896057129,-0.364883691072464,1.9035091238982973,-7.745173981544375,-2.7267218424126503,3.626477003097534,-1.985922932624817,2.531543254852295,0.018373861080408,-0.744403093432635,4.597385658416152,4.074859142303467,-0.4742374122142792,-1.221983790397644
1774471353390376400,111.52737646484375,-1.78259127253592,-4.450177912151814,1.4865852959454058,1.2128878831863403,0.3305768966674804,-0.8056369423866272,1.2647184684075414,-9.553871170717477,-4.906864280042052,3.4300670623779297,-1.8132131099700928,2.639620542526245,-0.4629075074274092,-0.7566662165477871,2.0621172389686104,3.39585280418396,0.9452190399169922,-0.9225412011146544
1774471353400404200,111.537404296875,-4.100273756635189,-4.692631454513967,6.098384679639339,0.6228194832801819,-0.0103551195934414,-1.307149887084961,0.7460124283254146,-8.767650066122412,-5.554550189650058,3.608757257461548,-1.5794050693511963,2.5291733741760254,-0.1082474626205861,-1.171315669827908,1.633774922031164,3.1018784046173096,2.0693514347076416,-0.5149854421615601
1774471353410431500,111.54743139648436,-5.192595530855655,-5.0855830168575045,8.915908198222517,0.3154621720314026,0.0991769284009933,-1.648768424987793,0.9667856154076756,-5.877314993828535,-5.731334743532538,3.900444269180298,-1.4806084632873535,2.262614250183105,-0.7082476380765438,-1.2574845716312526,3.407455742880702,3.1590209007263184,2.790214776992798,-0.1328493505716323
1774471353420458200,111.55745825195312,-2.242865435785055,-5.299290064945817,7.452650586372614,0.3547403216361999,0.3888998329639435,-2.040648937225342,1.4974236469544469,-2.6909084784924984,-6.0718532310664655,4.065341472625732,-1.3549250364303589,2.068664312362671,1.5497477084316311,-2.249525770457089,5.008576349544525,3.5123326778411865,2.771019697189331,-0.1985716372728347
1774471353430485200,111.5674853515625,-0.7524129430174827,-5.433776276803016,5.383281768840551,0.6991820335388184,0.6991655826568604,-2.225242376327514,1.9915853206276888,-0.3811123637288808,-4.651315986046194,4.105326652526856,-1.048732876777649,2.112506866455078,6.353019365921616,-6.941211468553543,8.000711169624328,3.4383606910705566,2.6542530059814453,-0.3672014772891998
1774471353440512300,111.57751220703123,-0.5629033475965262,-5.057642870530485,4.039810812366008,1.1102614402770996,0.9497647881507874,-2.087636947631836,1.8842939896881576,-0.4680711007356643,-2.6296251577511427,3.856259346008301,-0.6773273944854736,2.397466897964477,5.432920536756515,-2.374036824005842,7.610387909957766,3.43798303604126,3.347940444946289,-0.4599016010761261
1774471353450539300,111.58753930664062,0.4460919086396694,-3.6210575770288704,3.329857539415359,1.4929821491241455,0.8775893449783325,-1.8932044506073,2.1222844151616096,-1.8431407260447736,-1.4109841115161776,3.434443235397339,-0.3554771840572357,2.628213882446289,1.953806209592521,2.94033156760633,6.440321801799535,3.60787844657898,3.598575592041016,-0.8164659738540649
1774471353460567300,111.5975673828125,0.2696101370960473,0.6891193053670227,2.068987124738097,1.6711533069610596,0.8214014172554016,-1.6864062547683716,2.720312267631292,-2.4265245516121388,0.3345077758770436,3.0844950675964355,-0.2007714956998825,2.6440491676330566,2.2651968023195863,5.077531812348962,3.810571848624945,3.9112086296081534,3.316214799880981,-1.3302488327026367
1774471353470594000,111.60759399414064,-0.4817623569577932,5.009698631572723,0.3111439244896173,1.631449580192566,0.7336340546607971,-1.5083578824996948,2.255942359501123,-3.1611955017119646,0.8333953820936382,2.800894021987915,-0.2633765637874603,2.437791585922241,2.695061214257777,4.859280106568336,1.4310101237177848,4.252775192260742,3.401421546936035,-1.4711307287216189
1774471353480621300,111.61762133789064,-1.2019845104664564,7.17389501979053,-0.9962976872265338,1.4374606609344482,0.6228470802307129,-1.3195995092391968,1.2515303394019603,-3.708961485931277,-0.345230172356218,2.5926215648651123,-0.4185254573822021,2.063138008117676,1.81365247349292,2.9368016399145125,0.1813677900195121,4.5040602684021,3.963116884231568,-1.206798434257507
1774471353490648300,111.6276484375,-0.9662135146081448,7.569913860750198,-2.1539228314846754,1.2037546634674072,0.495134174823761,-1.1108241081237793,0.6219849935751408,-3.8919408028006552,-1.2786409030370414,2.470529794692993,-0.4638375639915466,1.68150532245636,1.1294725242242216,0.1072977606803178,-0.8130249403685331,4.470162391662598,4.59145450592041,-0.6574001908302307
1774471353500675300,111.63767529296877,-0.444886039981246,6.385062855914235,-3.280349119880796,1.007489562034607,0.3519043028354645,-0.9108124375343324,0.7154699905455112,-4.756690669709444,-1.7901771976202725,2.3706722259521484,-0.3950484097003937,1.4421818256378174,1.7838696219086645,-2.612106159934401,-1.2458236521929502,4.180769443511963,5.03346061706543,-0.0755999311804771
1774471353510703400,111.64770336914064,-0.4169207592129707,4.515443872788548,-3.923403278034925,0.872277557849884,0.2234746068716049,-0.7678388953208923,1.4646072728931905,-6.12234773902893,-1.4505544898822902,2.222304344177246,-0.3602784276008606,1.4353725910186768,2.8633517883002755,-4.256691814315319,0.3883995981276035,3.889705181121826,5.216983318328857,0.4478496313095093
1774471353520730400,111.65773046875,-0.7335048289299011,2.7933605527073144,-3.713947457650304,0.7919257283210754,0.1398936957120895,-0.735811173915863,2.488002225881815,-6.867416749024391,0.1745996110588312,2.035153865814209,-0.333311378955841,1.5689072608947754,3.2472295250892635,-4.898818336230516,2.9917502046763893,3.6747243404388414,5.559826850891113,0.5795661211013794
1774471353530757000,111.66775708007812,-0.9071633597463368,1.610124143461138,-2.9037381592243907,0.769712507724762,0.1458159536123275,-0.7640328407287598,2.4362381363749503,-7.390196760547161,2.1451719542741774,1.7785613536834717,-0.2625357508659363,1.7541383504867554,2.9251436430856583,-4.710995670983195,4.425910316857696,3.5165722370147705,5.509768962860107,0.5193443894386292
1774471353540784400,111.67778442382811,-0.6460375578790902,0.9089671942979096,-2.004021608352661,0.8173716068267822,0.1949230581521988,-0.8039680123329163,0.873401813789457,-6.802388688796758,3.000732552555203,1.3864424228668213,-0.10434141010046,1.852160811424256,2.672070507031679,-4.652569785499573,5.205565487065911,3.503989219665528,5.285706520080566,0.1141428127884864
1774471353550811400,111.68781127929688,-0.3082973028868436,0.3680895082876086,-1.2659113314539194,0.8817312717437744,0.2800488173961639,-0.847221314907074,-1.537823461882025,-4.4365755032569165,2.472086571608484,0.970933735370636,0.0940028354525566,1.8266587257385247,2.8000971674859523,-5.760907459497451,5.907579199188947,3.52721643447876,4.767277717590332,-0.6026275157928467
1774471353560839200,111.69783911132812,0.03271218303442,-0.158295103598386,-0.8790373354583978,0.9203537702560424,0.3919748067855835,-0.9209821224212646,-3.504933535814285,-1.7656810542672872,1.393025260977447,0.7167378067970276,0.2787005007266998,1.6879396438598633,2.894206360769272,-6.801828716826439,5.431424745240808,3.4506983757019043,4.028148651123047,-1.3919715881347656
1774471353570866400,111.70786645507812,0.2476741996198892,-0.6468732780508697,-0.910833572691679,0.8824995756149292,0.4955804049968719,-0.996552348136902,-3.94519893025756,0.0989566333144903,-0.0093278003156185,0.7213056683540344,0.3891718685626983,1.4620630741119385,2.553153035706281,-7.154504675143957,3.971878847390413,3.267810583114624,3.591404438018799,-1.9653937816619875
1774471353580893200,111.71789306640623,0.4018178826272487,-0.97807916283831,-1.0411422066032885,0.7806571125984192,0.549101710319519,-1.0538642406463623,-2.7364105849951503,0.8822223952353,-1.345795892290771,0.9945275187492372,0.3991867005825043,1.2015098333358765,0.4552729939609766,-6.74764821382761,2.810647787594795,3.0063722133636475,3.441596031188965,-2.079413652420044
1774471353590920200,111.72792016601562,0.5028583364784718,-1.052013875360042,-1.0285708943217993,0.6730162501335144,0.5906761288642883,-1.109378457069397,-1.1552376645997169,0.2883271125257015,-2.233980995322764,1.43125319480896,0.3676721751689911,1.0296988487243652,-1.472950153824687,-5.961886543437839,1.7698796750009058,2.6363718509674072,3.418159008026123,-1.978371381759644
1774471353600947500,111.73794750976562,0.685581632760167,-0.8519745564877986,-1.1066747092217206,0.6069748997688293,0.629863977432251,-1.1464080810546875,0.1647229446887969,-1.4584937584489583,-2.628144856065512,1.8307942152023315,0.3064422607421875,1.0216798782348633,-0.8183312300831079,-5.356437016534805,1.1772180257394909,2.220997810363769,3.3374125957489014,-1.904424905776977
1774471353610974200,111.74797412109376,0.7410381470441818,-0.385564813093096,-1.4485025257885455,0.5815693140029907,0.6704419851303101,-1.1625651121139526,0.8794818643555045,-3.376067501926422,-2.4646418085604904,2.039954900741577,0.2525723576545715,1.2046469449996948,-0.1721691690415143,-4.79608744507432,1.317402741499245,1.8557369709014893,3.047025918960572,-1.889531135559082
1774471353621002200,111.75800219726564,0.7299737321943044,0.075003949188441,-1.872003247913718,0.5720223784446716,0.704526424407959,-1.1760058403015137,0.9779702956363558,-4.727482695403695,-1.583155326384306,2.041921377182007,0.2319045513868332,1.5173115730285645,-0.8019687088251113,-4.121615235349536,1.95845681187734,1.6197234392166138,2.6212918758392334,-2.017500877380371
1774471353631029200,111.768029296875,0.5867553478270768,0.301889335540682,-2.2972908534556624,0.5764397978782654,0.7391715049743652,-1.191782832145691,0.7273395842984318,-5.283704957801104,-0.5792872039034962,1.852861762046814,0.2836281955242157,1.7977861166000366,-0.9341688555717468,-2.9758851115465164,2.275677718193084,1.5064858198165894,2.1078481674194336,-2.290565252304077
1774471353641056300,111.77805615234377,0.5253595066219567,0.0521979508794844,-2.595359607794881,0.5775601863861084,0.7400016188621521,-1.2172785997390747,0.5452148384317755,-5.113796719428897,-0.2531175597175956,1.538282871246338,0.3235440552234649,1.892583131790161,-0.8890490263849496,-1.7830711650073527,2.0568770002275705,1.479825735092163,1.7102487087249756,-2.598237991333008
1774471353651083300,111.78808325195313,0.3349222749620676,-0.5416052696324885,-2.721516967245936,0.587337851524353,0.7295112013816833,-1.2304980754852295,0.4906006201907992,-4.155485356247425,-0.020709026029706,1.291417360305786,0.2169798016548156,1.7538460493087769,-1.9028867542162533,-0.9312854090899229,1.0685647587969898,1.470203876495361,1.26751708984375,-2.701134443283081
1774471353661110300,111.7981103515625,0.050478141349554,-1.2917691185489295,-2.7107892370045183,0.6315484642982483,0.723332405090332,-1.2291114330291748,0.7999152834266424,-2.520557172527909,0.4083838170140981,1.228448510169983,-0.104416474699974,1.4031312465667725,-1.989436618161201,-0.2816840212494135,-0.747136829245463,1.3129631280899048,0.9092856645584106,-2.5168254375457764
1774471353671138300,111.80813818359375,0.2337836214333772,-1.7778259578302502,-2.605492294752598,0.6892256736755371,0.7300208806991577,-1.252827525138855,1.3529562854394317,-0.8973772942692041,0.5310860675752163,1.3208434581756592,-0.4697803258895874,0.9535278677940368,-1.960408384336531,0.0590080692857503,-1.379538879677653,1.1964954137802124,0.6618775129318237,-2.124159574508667
1774471353681165300,111.81816528320311,0.6587614303737879,-1.3331556064262986,-2.4653280372589825,0.7335867285728455,0.7717443704605103,-1.2447803020477295,1.8426584954857823,0.7034680025845765,0.2591863582372665,1.4786545038223269,-0.7989331483840942,0.5430477857589722,-2.0845032582998275,0.6485673686176538,-0.9985146326236426,1.2339383363723757,0.3049936592578888,-1.6827563047409058
1774471353691192300,111.8281923828125,0.7838716188594699,-0.27105069129318,-2.2524346436411142,0.7438247203826904,0.849250078201294,-1.258337378501892,2.571183490176499,2.2153233488649127,-0.287755450117588,1.6394822597503662,-1.0934447050094604,0.2450605779886245,-1.508575593957305,1.1514175217896698,-0.5313910418711603,1.4333417415618896,-0.0940238088369369,-1.4240736961364746
1774471353701219300,111.83821923828124,0.1413119662240147,0.6736085786327719,-1.478542859265208,0.7114214897155762,0.8957358598709106,-1.3217400312423706,2.770005980604887,3.161784115254879,-1.1294336535185574,1.7277591228485107,-1.2747173309326172,0.0815848633646965,-0.4614800319075584,1.3770172522455453,0.0046776364222168,1.751378297805786,-0.4506444931030273,-1.383689522743225
1774471353711246300,111.84824633789064,-0.8659624575689434,1.2617067193709313,-0.1333084002494812,0.5986011028289795,0.8048619627952576,-1.4153927564620972,2.0452786246314645,3.613088790106773,-1.997624600791931,1.7533193826675415,-1.19449782371521,0.0675036683678627,0.1091390046328306,1.499060162115097,-0.484578875683248,1.992679476737976,-0.7317547798156738,-1.3687227964401243
1774471353721273000,111.85827319335938,-2.037429956957698,1.197477554436028,1.5546797580063343,0.407670795917511,0.6942489147186279,-1.5241632461547852,0.6807695563033223,3.5845091768324373,-2.4437381367415187,1.7611405849456787,-0.9527016878128052,0.1504362970590591,-0.0487912111759185,1.3141302956998346,-1.5783568400613963,2.0592634677886963,-0.8315538167953491,-1.2648526430130005
1774471353731301400,111.86830126953124,-3.1413387085974214,0.330197292266786,3.5510055511593817,0.237312376499176,0.6573486924171448,-1.5982509851455688,-0.7260042440414428,3.9024458302021023,-2.0547692142933607,1.810739040374756,-0.7942588329315186,0.2002334147691726,-0.4021890540271997,0.7711626516729593,-1.7987999184064567,2.1118202209472656,-0.7265804409980774,-1.1210516691207886
1774471353741328100,111.878328125,-3.438396240067482,-1.122009640997648,5.385451514095068,0.1679911017417907,0.6626049876213074,-1.596521258354187,-1.281854165995121,4.8274470444560045,-0.9364987598240376,1.9621202945709229,-0.7502132058143616,0.1653306782245636,-0.663011489033699,0.0635235008835792,-1.0967515733614563,2.118387460708618,-0.5927347540855408,-0.9895706176757812
1774471353751355100,111.88835522460936,-2.675522693312168,-2.222318614579737,6.442541231414675,0.2691324651241302,0.6670061349868774,-1.4871468544006348,-0.6701032008603215,5.556992322105169,-0.2830523869931697,2.203766107559204,-0.8860035538673401,0.0053751082159578,-0.1645171929836273,-0.6491361084163189,-0.1264718139613978,2.0601696968078613,-0.550729513168335,-0.9411202669143676
1774471353761382400,111.89838232421874,-1.2064765611886978,-1.816555939849466,6.191646900704503,0.4285868406295776,0.6563735008239746,-1.3212604522705078,0.7478679930642247,5.285482488867641,-0.3436924413949251,2.469769239425659,-1.1228379011154177,-0.2812695801258087,1.0215896571323275,-1.4154478129267691,1.2062776045504957,1.972388505935669,-0.6582703590393066,-0.99274480342865
1774471353771409200,111.9084091796875,-0.3661018416017293,0.4689551900938153,4.950467859447002,0.5336658358573914,0.6369036436080933,-1.1461354494094849,1.613912575958669,3.726725690680742,-0.8775117333263158,2.610402107238769,-1.2689064741134644,-0.6119612455368042,2.046081465446949,-2.1385598426580428,2.221590300305188,1.7751572132110596,-0.9679579734802246,-1.0452779531478882
1774471353781437400,111.9184375,-0.1185492225348949,2.9542446498855948,3.8151416407585135,0.5830366015434265,0.5800192952156067,-0.9436880946159364,1.5227365135177968,1.4781097285449505,-1.3216484162449835,2.536839723587036,-1.3404713869094849,-0.8928407430648804,2.4763591343611475,-2.561151633244753,2.5915552470758554,1.504766821861267,-1.3366897106170654,-1.042014241218567
1774471353791464400,111.92846435546876,0.2924070753157138,4.426281195996702,3.010009499466419,0.5687206387519836,0.4746609628200531,-0.71751868724823,0.9737386494159698,-0.4930243402063846,-0.8619389011412858,2.2718825340271,-1.3956393003463743,-1.1357316970825195,2.5013389695778487,-2.6657348742693663,3.151044986836612,1.2186256647109983,-1.6033990383148191,-0.9565858840942384
1774471353801491200,111.9384912109375,0.4434504542201757,4.942018011009693,2.260866371899843,0.4517173171043396,0.3481187522411346,-0.4920299351215362,0.9884379136368632,-1.6612568031966686,0.533828059759736,1.984674334526062,-1.4525762796401978,-1.4017573595046997,2.103038739682734,-2.5627619910508392,3.702819622175395,0.9360568523406982,-1.8240773677825928,-0.8138801455497742
1774471353811518200,111.94851831054687,0.2710059753686189,5.1025692229717965,1.3450830678462982,0.2494587302207946,0.2379436790943145,-0.3236638307571411,1.89409086882025,-1.9504279653310768,1.5102677848279475,1.7766345739364624,-1.5398403406143188,-1.7268943786621094,1.8662401543423528,-2.341190200936794,3.787037243780493,0.6662492156028748,-2.05291485786438,-0.6694197058677673
1774471353821545500,111.95854541015623,0.119960842898488,5.147153630107641,0.5100947174727917,0.030069388449192,0.1780505180358886,-0.1860468685626983,2.611291920942068,-1.430651811799407,0.7458423324555158,1.6348248720169067,-1.8244314193725584,-1.9950947761535645,1.8423901999384165,-2.1827163797706364,3.653001698300242,0.4030103981494903,-2.4399454593658447,-0.6076932549476624
1774471353831573200,111.9685732421875,-0.0110340197116136,4.936878894555568,0.0110620767623186,-0.176443263888359,0.138062372803688,-0.0957308784127235,2.410520634533465,0.1539893692284822,-1.1767203053504227,1.54290509223938,-2.148844242095948,-2.0951595306396484,2.590284496487677,-2.530286539381742,4.103972026631236,0.2614525258541107,-3.403507709503174,-0.7553914189338684
1774471353841600300,111.97860034179688,-0.1126174943983554,4.551790905193984,-0.052434536114335,-0.3639644086360931,0.094843253493309,-0.028940662741661,2.013902074114978,1.9547440749645235,-2.617298467880487,1.477164387702942,-2.400984048843384,-2.0587236881256104,2.9835107841193675,-2.702313085082173,5.137259428080916,0.2504187822341919,-4.010504245758057,-0.7709477543830872
1774471353851627300,111.98862719726564,-0.1072971761584281,4.0645895720526575,0.140337860494852,-0.4928440153598785,0.0600331798195838,0.0044133840128779,1.2929460533738135,2.863783165454864,-3.3433956509023903,1.430861234664917,-2.4775097370147705,-1.8844248056411743,2.12321614305377,-2.08518948699832,4.681453350156545,0.2468916773796081,-4.239432334899902,-0.6979761719703674
1774471353861654300,111.998654296875,-0.1911222913146019,3.423637062352896,0.2918850972682237,-0.5548327565193176,0.0570938475430011,0.0396712385118007,0.5749506360039115,3.023649902284145,-3.668954469713568,1.3666000366210938,-2.3330867290496826,-1.5780152082443235,1.3408023217871785,-1.655068469950557,3.526431958656013,0.2588370144367218,-4.302079200744629,-0.6269789934158325
1774471353871681300,112.00868139648438,-0.3146110160782933,2.787069343608618,0.1802835019141435,-0.5509464740753174,0.0429326631128788,0.0693292692303657,-0.2665750071838498,2.679757554402947,-4.351798201942444,1.224661350250244,-1.9937973022460933,-1.187213897705078,0.8134794061377644,-1.3952508280724287,2.300617659790814,0.2802048325538635,-4.307940483093262,-0.6185383200645447
1774471353881708300,112.01870825195311,-0.3598094634592533,2.2799816989973185,-0.1373772571235895,-0.5025081038475037,0.0097528742626309,0.0948197096586227,-0.8117702641323208,2.0619342836171386,-5.102704832050204,1.0368629693984983,-1.656976342201233,-0.8382942080497742,0.7641229622945189,-1.165897298040986,0.9290125687871128,0.2509396076202392,-4.230939865112305,-0.6718758344650269
1774471353891736300,112.028736328125,-0.3062017919123173,1.8350893754057584,-0.538013236489892,-0.4395769238471985,-0.0087433252483606,0.1039383560419082,-0.9896367680326104,1.1751777520835398,-5.300187306046485,0.8465932607650757,-1.393882393836975,-0.6295636296272278,0.5179892701148987,-0.8911714253664016,-0.3065155340366065,0.1735257804393768,-4.090403079986572,-0.6866517663002014
1774471353901763300,112.03876342773438,-0.1355856975317001,1.416636876580864,-0.9537199437379836,-0.3789681792259216,0.0007487125694751,0.1145214885473251,-0.7927706723690032,0.5178454777300358,-4.617582058748603,0.6786934733390808,-1.2215468883514404,-0.5636388659477234,-0.2587447519496083,-0.4327519500732422,-1.2216039876937863,0.0603768453001976,-3.9085168838500977,-0.5939822793006897
1774471353911790300,112.04879028320312,0.1719464662015438,1.0757587619543074,-1.294825291249156,-0.3347321152687073,0.0071695866063237,0.1360722482204437,-0.5615633311644196,0.0685527272224426,-3.812602477669716,0.5417258143424988,-1.1253715753555298,-0.6192622184753418,-1.0802946518182754,0.1265747080802917,-1.4064920607939362,-0.0398512855172157,-3.692364931106568,-0.4136045277118683
1774471353921817300,112.0588173828125,0.4623392790853977,0.914721081649512,-1.5515128184080125,-0.3073971569538116,0.0101968022063374,0.1771235316991806,-0.3836369137704372,-0.1829091742426156,-3.442955510807037,0.4231935441493988,-1.1388741731643677,-0.756607174873352,-1.6463517872706055,0.5477274057745933,-0.8772014983333647,-0.0364621505141258,-3.434680938720703,-0.2027698010206222
1774471353931844400,112.06884423828124,0.5605974087417125,1.0108425646033137,-1.566591729596257,-0.3045241832733154,0.003724371548742,0.2342921942472458,-0.4456140619948506,-0.4108423160821199,-3.1460008551895617,0.2943452894687652,-1.1971372365951538,-0.8933240175247192,-1.7017068870067595,0.9190349993258714,-0.4236704161362722,0.019882658496499,-3.222381114959717,-0.0284277461469173
1774471353941872400,112.07887231445312,0.54533700350672,1.4317115499854087,-1.279741119363904,-0.3175475895404815,-0.0246484130620956,0.3108895123004913,-0.970338485583663,-0.6331435895144939,-2.869477577704191,0.1390042006969452,-1.2072179317474363,-0.977738916873932,-1.697845243142545,1.0896768126696348,-0.5053437966186552,0.0370946675539016,-3.071582555770874,0.098074272274971
1774471353951899400,112.0888994140625,0.3379442531317472,2.139253377880156,-0.8140273954093455,-0.3320536017417907,-0.0612715184688568,0.4080473184585571,-1.641816774189472,-0.6290986980378628,-2.6066250981748103,-0.0163997691124677,-1.177382469177246,-1.0049549341201782,-1.7686990869142114,1.3812801703870297,-1.1341973607890308,0.0796404853463172,-2.8462560176849365,0.2534963190555572
1774471353961926100,112.09892602539064,0.1953136055245995,2.931149605502188,-0.2886217115581035,-0.3419302105903625,-0.0662156715989112,0.5271747708320618,-2.1010160016834734,-0.3865454946935177,-2.1754431738972664,-0.156822457909584,-1.1408077478408811,-0.9700972437858582,-2.352020222508908,1.5080413409501314,-1.8569618922568856,0.1085190027952194,-2.4146759510040283,0.4407452940940857
1774471353971953400,112.10895336914062,0.0555646508336067,3.728418758334219,0.2279687976747751,-0.3335528671741485,-0.0497060902416706,0.670492947101593,-2.318959079906344,0.0481470680534839,-1.6775708091378212,-0.2483196258544922,-1.132166862487793,-0.8762251138687134,-3.428927277715504,1.832003830480576,-2.790373645851016,0.1289925277233123,-1.982089877128601,0.84455406665802
1774471353981980400,112.11898046875,-0.0761906747549772,4.363998927345872,0.6635539253473282,-0.316594123840332,-0.0502062328159809,0.8378936648368835,-2.199157519222796,0.707628044873476,-1.3964432527273891,-0.2794848382472992,-1.1548089981079102,-0.7756373882293701,-2.674039176756144,1.785084842917323,-2.6952345249980687,0.3077300488948822,-1.7526252269744873,1.0118120908737185
1774471353992007200,112.12900708007813,-0.1516530352354049,4.80608276938796,0.9210416629731656,-0.3059174716472626,-0.0627151727676391,1.0145785808563232,-1.987344614318013,1.4715876332998274,-1.5049375297158956,-0.2618448436260223,-1.194097876548767,-0.7098146677017212,-1.1491358405932783,0.4050198935389518,-2.4249330446369943,0.3508807420730591,-1.6884963512420654,1.049146294593811
1774471354002035500,112.13903540039064,-0.1167792902529239,4.996898186710476,0.8965548719704151,-0.317241758108139,-0.0698929205536842,1.1739439964294434,-1.8762310947418213,2.017721047881245,-1.867171005451679,-0.225784882903099,-1.207688808441162,-0.6736237406730652,-2.321295998421311,-0.0540156678259372,-2.346038371620327,0.398924171924591,-1.5602469444274902,1.186771035194397
1774471354012062500,112.1490625,-0.1314481593355536,4.878456516203284,0.6566226647794247,-0.3516700267791748,-0.0953786522150039,1.3049824237823486,-1.980783356106281,2.3338778320968148,-2.3859236611545085,-0.2129204720258712,-1.1415324211120603,-0.6295393705368042,-3.7120170741096135,0.7961942170768975,-2.126061449482292,0.5028687119483948,-1.3154876232147217,1.3114700317382812
1774471354022089500,112.15908935546877,-0.1507049407303333,4.541350467461347,0.3636392508804797,-0.4043686389923095,-0.1187553405761718,1.3909919261932373,-2.2895810097306963,2.557075762107968,-2.8973721313238143,-0.232911467552185,-1.0262415409088137,-0.5601308941841125,-3.5145874993443487,1.2097440385520457,-2.4975720182597634,0.584887683391571,-0.9790754318237304,1.35541033744812
1774471354032116500,112.16911645507813,-0.1328618255257606,4.064127799759805,0.1850304041802883,-0.4546148478984833,-0.1400427371263504,1.4712809324264526,-2.6820512182980774,2.733939810967445,-2.989377045804262,-0.2391520589590072,-0.8857102394104004,-0.4695437252521515,-3.073779668587446,0.4190285451471805,-2.698836641143262,0.6676855087280273,-0.6626450419425964,1.350206732749939
1774471354042143200,112.17914331054688,-0.2081836084917187,3.501130636399984,0.1281383041352033,-0.4994883239269256,-0.1415042728185653,1.541782021522522,-3.015841274359822,2.938638207691908,-2.793577410328388,-0.2420891970396042,-0.739767849445343,-0.3623663485050201,-2.992651245169341,-0.5857751046180725,-2.515270756557584,0.7553957104682922,-0.414692759513855,1.3354530334472656
1774471354052171500,112.18917163085938,-0.250015209788084,2.935640194919705,0.1420645381569862,-0.5424991250038147,-0.110896348953247,1.5857597589492798,-2.982362198606133,2.966109567463398,-2.8851182144284246,-0.2493897229433059,-0.6656509637832642,-0.256607174873352,-3.1023055058479305,-1.032293714237213,-2.3762840184107423,0.8129907250404358,-0.1859911233186721,1.3275429010391235
1774471354062198500,112.19919848632811,-0.2328326043188572,2.3923373275890945,0.1703735177963972,-0.5979061722755432,-0.0714373588562011,1.593869686126709,-2.5997610576242205,2.9327596710473296,-2.703529475134611,-0.2308224439620971,-0.6425376534461975,-0.2062879204750061,-2.911500025397539,-1.172497134697437,-2.304935815250873,0.8281699419021606,-0.0220815576612949,1.3128899335861206
1774471354072225300,112.20922534179688,-0.1624789651542902,1.9749173866823315,0.1878045450687408,-0.6630863547325134,-0.0522279180586338,1.5785356760025024,-2.151857131126523,3.0051608903914686,-2.0397370648562907,-0.2080681324005127,-0.6392305493354797,-0.191087394952774,-2.6951395401909948,-1.3368208509355783,-1.8975158748328684,0.8496078848838806,0.0944234877824783,1.305433988571167
1774471354082252500,112.21925244140624,-0.1804047902062535,1.6824617960497736,0.2674602655857801,-0.720207154750824,-0.0471338219940662,1.5475196838378906,-1.7394617403835058,2.7635236328482624,-1.6526579016774892,-0.2080345153808593,-0.634017825126648,-0.1746991574764251,-2.49328922637403,-1.748812337052822,-1.2580400135569274,0.8627974390983582,0.1652465164661407,1.2933744192123413
1774471354092279600,112.22927954101564,-0.1994505591988563,1.4234724216893315,0.3602782500147819,-0.7564195990562439,-0.0367738381028175,1.5064280033111572,-1.2858324219763275,2.137675461038947,-1.723953790128231,-0.2298087775707245,-0.6923258900642395,-0.1852005273103714,-2.1950240726798773,-2.230762910059094,-0.7581677071519196,0.8407095670700073,0.1811412572860717,1.2831752300262451
1774471354102307600,112.2393076171875,-0.2905652468413114,1.2908790378414094,0.3684796766489744,-0.7675231695175171,-0.0086133051663637,1.4687905311584473,-0.8546528357863425,1.428600139966607,-1.8895003261595964,-0.2465018481016159,-0.7211660742759705,-0.2200038731098175,-2.0608347979426385,-2.4803841520935297,-0.4733843681802973,0.8176511526107788,0.165672019124031,1.2705601453781128
1774471354112334600,112.24933447265624,-0.3260600463315844,1.341944477559626,0.2714057883411646,-0.7586067914962769,0.0291729532182216,1.4375159740447998,-0.739732325142622,0.7985422415077685,-1.7483073101401327,-0.2284080535173416,-0.6938521265983582,-0.255299299955368,-1.6744012391909957,-2.661042917060852,-0.1041613075518049,0.7696846127510071,0.0518835708498954,1.2019306421279907
1774471354122361300,112.259361328125,-0.2553685535147786,1.5049666096799077,0.0723199708014726,-0.7245654463768005,0.0710556954145431,1.4163297414779663,-0.777159261739254,0.1979606129020452,-1.5919669938713312,-0.1941045522689819,-0.6413295269012451,-0.2831113338470459,-1.105601527032256,-2.460804422354698,0.2771655209116637,0.741155207157135,-0.0919428393244743,1.0709340572357178
1774471354132388400,112.26938842773436,-0.2117749109819531,1.6671917462036012,-0.2775339158326387,-0.6606147289276123,0.0981535017490387,1.4084868431091309,-0.681637279048562,-0.3195475956976413,-1.5724842947661877,-0.1432805210351944,-0.6140552759170532,-0.3041020929813385,-0.5816559788614512,-1.94553668615818,0.595303249811381,0.7257753014564514,-0.3078930675983429,0.8821435570716858
1774471354142415600,112.27941552734374,-0.2383516600012779,1.8381176371857524,-0.746250328734517,-0.591894268989563,0.1132717356085777,1.411190152168274,-0.430721321028471,-0.6976537633478641,-1.5324387001037596,-0.0658961534500122,-0.6444376111030579,-0.3227936029434204,-0.2147588952288031,-1.3863263478606938,0.9103839292280376,0.7233020067214966,-0.5410842299461365,0.6620718836784363
1774471354152442400,112.2894423828125,-0.3119002958148718,1.9967416804775595,-1.1829384492129087,-0.5334121584892273,0.1219813674688339,1.4180964231491089,-0.0220224467158317,-0.9501356555104256,-1.4139929379433394,0.0178951453417539,-0.6955679059028625,-0.3592735826969147,-0.0717576607435941,-0.7993903827697039,1.0832444415345788,0.7014791369438171,-0.8357973694801331,0.439358115196228
1774471354162470400,112.29947045898436,-0.2748430693134665,2.10859973481074,-1.4784803154230115,-0.4836978316307068,0.1324041783809662,1.4182040691375732,0.4571896412372588,-1.0698545063465834,-1.0907809745192527,0.124936357140541,-0.7613461017608643,-0.4243076741695404,-0.2997550999909639,-0.2838204487562179,1.2684767980277538,0.7001046538352966,-1.057870388031006,0.2840811908245086
1774471354172497400,112.30949731445313,-0.1450213421359658,2.123740166927874,-1.681392413252592,-0.4416689872741699,0.1501847505569458,1.4211626052856443,0.833767576406896,-1.1483376759529114,-0.4388789085209369,0.2673755288124084,-0.8713676929473877,-0.503961443901062,-0.6054845982164144,-0.0896165580391883,1.4183764137245711,0.7151350975036621,-1.2222013473510742,0.1758998781442642
1774471354182524400,112.3195244140625,-0.0811900904774665,2.01530814152062,-1.841817953008413,-0.4048180282115936,0.1787825673818588,1.4288312196731567,1.0949831023842096,-1.1545733554720878,0.1093798276513814,0.3918432891368866,-1.0275412797927856,-0.5988631844520569,-0.6959913830935954,-0.287354468101263,1.466220114917308,0.7312003970146179,-1.343918800354004,0.1020072773098945
1774471354192551400,112.32955151367187,-0.1475584593981504,1.8968182479575275,-1.9504262117654083,-0.3780844211578369,0.1975569874048233,1.4329957962036133,1.19112350923419,-1.0881482879281044,0.3403004608690738,0.4573634564876556,-1.1781656742095947,-0.6929249167442322,-0.7427545955732464,-0.8427543081998825,1.505822788117826,0.7457294464111328,-1.3931903839111328,0.0850512906908989
1774471354202578400,112.33957836914064,-0.4546066390067338,1.8973593690969048,-1.964776808679104,-0.3860946893692016,0.1873048841953277,1.4238656759262085,1.001924002675712,-0.9704618197023868,0.5406663813471794,0.4778041541576385,-1.29209303855896,-0.7671206593513489,-0.7346048991262912,-1.5380466031134128,1.7337381020396947,0.7870593070983887,-1.4612383842468262,0.0554904676973819
1774471354212606500,112.3496064453125,-0.7182318564742803,1.9678839809142048,-1.7280951277166603,-0.4299556016921997,0.1601862609386444,1.4016308784484863,0.6723959879726171,-0.8120014425396919,0.7885504243254661,0.4649293720722198,-1.3613224029541016,-0.8234691619873047,-0.5825833228394389,-2.1363860057502984,2.065216666288674,0.8423125743865967,-1.574996829032898,0.0096513908356428
1774471354222633500,112.35963354492188,-0.8685627031952142,1.9646914684832093,-1.2235884395092724,-0.4811932444572449,0.1551017463207245,1.4000418186187744,0.3322445801854133,-0.7464519887864589,0.9709060563385488,0.4494983851909637,-1.3958059549331665,-0.8611851334571838,-0.4528893136948347,-2.4240929405510423,2.370693358796834,0.9147798418998718,-1.687976956367493,-0.0944073647260665
1774471354232660500,112.36966040039064,-0.7988385941058397,1.6855518710196018,-0.7745248215824365,-0.5276723504066467,0.1424141079187393,1.3910517692565918,0.1555468278035521,-0.8191331941157579,1.0199924510687588,0.4520305097103119,-1.3876745700836182,-0.9114203453063964,-0.2115560075342655,-2.2640935172528027,2.436651685611904,0.969601273536682,-1.7663581371307373,-0.2341666966676712
1774471354242687500,112.3796875,-0.8756415555402636,1.2670996644556525,-0.3276011382937431,-0.5621895790100098,0.0992045775055885,1.3881605863571167,0.1815291180610656,-1.1183125400453806,0.8417652971625328,0.5103352665901184,-1.3515560626983645,-0.9906248450279236,0.1342249305725097,-1.7238725415855645,2.098573138576001,0.9592702984809875,-1.810782551765442,-0.3869746327400207
1774471354252714500,112.38971459960938,-0.9885326061829924,0.7808081396356225,0.1833709465354681,-0.5847845673561096,0.0298446603119373,1.38202965259552,0.2999915390953421,-1.6823627195894717,0.3679968615680933,0.6150084137916565,-1.3058385848999023,-1.099876046180725,0.5199915498480201,-1.024768579429388,1.5314328840620814,0.8875386118888855,-1.8606770038604736,-0.5490394234657288
1774471354262741500,112.39974145507811,-0.9031324967950582,0.3194052646175027,0.7192196984678506,-0.5688657760620117,-0.043787483125925,1.3336645364761353,0.3524474102586508,-2.334709606745839,-0.2870107692301273,0.733928382396698,-1.226229190826416,-1.2188613414764404,0.688289722675085,-0.2650584651410579,1.071803886848688,0.7797279953956604,-1.8658454418182373,-0.6856278777122498
1774471354272769500,112.40976953125,-1.0380424870222806,-0.1104606086254119,1.2168600080370902,-0.5068445801734924,-0.0841690376400947,1.3251017332077026,0.2678393280312419,-2.895688708281517,-0.8770002766728401,0.8445928692817688,-1.1187325716018677,-1.3346235752105713,0.6425584835916757,0.6422007561951876,0.7319929630622267,0.6586506366729736,-1.8756049871444704,-0.7997492551803589
1774471354282796300,112.41979638671874,-0.878427094605565,-0.4102862896345555,1.4861901591479778,-0.4474417269229889,-0.0257006641477346,1.3612549304962158,0.1146218199580907,-3.180547267913818,-1.1683844386816025,0.9273374676704408,-0.9941388964653016,-1.4175907373428345,0.640062575122714,1.5987281585693358,0.6375690047413111,0.5358469486236572,-1.7800445556640625,-0.8380114436149597
1774471354292823600,112.42982348632812,-0.2114931714311242,-0.2600632872022688,1.5071511141121388,-0.4062234461307525,0.0522297285497188,1.3369368314743042,-0.0283382057338953,-2.965712092578411,-0.8784586587876081,0.9858985543251038,-0.8765427470207214,-1.438991665840149,0.6679974607527256,2.2637749528229234,0.6832644418589771,0.4407259523868561,-1.6269488334655762,-0.8280887603759766
1774471354302850600,112.4398505859375,0.133163146559894,-0.2595509537659585,1.3856594083845617,-0.3696478605270386,0.086489699780941,1.2537108659744265,-0.3092337069541215,-2.38452314670682,-0.1841197190761566,1.0203871726989746,-0.8029294013977051,-1.3710657358169556,0.6548223373591899,2.646198983672261,0.808253634313494,0.3837268352508545,-1.5097239017486572,-0.7937324047088623
1774471354312877300,112.44987719726562,0.1830266631424427,-0.3467421843543648,0.9918892231345176,-0.3384534418582916,0.0886434838175773,1.1989089250564575,-0.6535942568689584,-1.6709984450101851,0.5214233362168074,1.008358120918274,-0.76938796043396,-1.2195502519607544,0.6006470950573682,2.878174094378948,0.9398106608510016,0.3578876554965973,-1.418940544128418,-0.7415195107460022
1774471354322905600,112.45990551757812,0.5948644200026989,-0.4539889454998075,0.5373953968524933,-0.3191401958465576,0.0685355588793754,1.1571753025054932,-0.910481105992198,-0.8173129929512739,1.0368442171484231,0.9592353105545044,-0.7514521479606628,-1.0215376615524292,0.6355564958751201,2.9401421825140712,1.0586860466003418,0.3460634648799896,-1.3532915115356443,-0.6693369150161743
1774471354332932400,112.46993237304687,0.8383715630710125,-0.8585279236540198,0.2192541608214378,-0.289913535118103,0.0595625080168247,1.0907634496688845,-1.1020932266503571,0.0847054051220417,1.4991396570920943,0.9079825282096864,-0.73395836353302,-0.8231781721115112,0.6452288718447089,2.814101727440953,1.157815040807053,0.348370611667633,-1.2908620834350586,-0.5708818435668945
1774471354342959400,112.47995947265623,0.7944549721941352,-1.5758775904662907,0.0670616118818521,-0.277179092168808,0.0651567429304122,1.006181716918945,-1.2261048062443731,0.8401865035384893,1.932190882372856,0.869001030921936,-0.727521538734436,-0.6432583928108215,0.5418059067711234,2.558599026152492,1.351763568523526,0.3829442858695984,-1.2061938047409058,-0.4480035603046417
1774471354352986400,112.489986328125,0.5692682064533233,-2.2943068692088127,0.0824082340955734,-0.2963597476482391,0.0836013853549957,0.9446857571601868,-1.280320965078473,1.3524234937369823,2.1784213129252192,0.8413957953453064,-0.7406514286994934,-0.5026496052742004,0.5450608169138431,2.3100778543144465,1.4085706206336617,0.4310651421546936,-1.1401511430740356,-0.341989129781723
1774471354363013600,112.500013671875,0.3094420890077948,-3.0358710859537124,0.4395727360039949,-0.3561000227928161,0.0522610358893871,0.921668291091919,-1.301824648617208,1.6433371156245469,2.2755343641996384,0.8147311210632324,-0.761110246181488,-0.4093441963195801,0.3871311856269836,2.105864026236534,1.3181402619935572,0.4717558622360229,-0.9828048944473268,-0.1875952929258346
1774471354373040400,112.51004028320312,0.0065144964605569,-3.669991119284928,1.1866577619969845,-0.4446558356285095,-0.0536278560757637,0.8988795280456543,-1.383640469777584,1.619302744564414,2.243782550629973,0.7880587577819824,-0.7762375473976135,-0.3600810468196869,0.0969146060928702,1.7752888405680656,1.2108484926626086,0.5034672617912292,-0.8098368048667908,-0.0496387183666229
1774471354383068700,112.52006860351564,-0.3111331108346581,-3.946268605315685,2.064606133174896,-0.5430452823638916,-0.1343216300010681,0.8533365726470947,-1.4551219439283012,1.3646458464503288,2.0847698002815247,0.7471612095832825,-0.7969663739204407,-0.3547886312007904,0.0919543533369898,1.4004045575737951,1.1735330536164343,0.5341660380363464,-0.6771328449249268,0.0373369306325912
1774471354393095400,112.53009545898438,-0.4033507912829518,-4.005886623193323,2.9229139843374488,-0.6207699179649353,-0.1066556572914123,0.7963555455207825,-1.5217735137045385,0.9679927992403506,1.8250117796361445,0.6886414289474487,-0.8247674107551575,-0.3828231990337372,0.1757318299591541,1.012796986606717,1.2939569839820264,0.5481748580932617,-0.5907562375068665,0.0759389623999595
1774471354403122400,112.54012231445311,-0.0456733714163303,-3.770496443346143,3.650402329456806,-0.6211989521980286,-0.0506901256740093,0.785770833492279,-1.5572627602368592,0.5742413186907768,1.6008920586049555,0.6317474246025085,-0.8447862267494202,-0.4521728157997131,0.3222466255232691,0.4389204095751047,1.53495082905516,0.572364091873169,-0.5581541061401367,0.0593040585517883
1774471354413149400,112.5501494140625,0.4389414523631334,-2.915203848351538,3.845336288014054,-0.5319560766220093,-0.0346302166581153,0.8153281211853027,-1.458934487953782,0.2244452997237443,1.4641238732904196,0.6013375520706177,-0.8566617965698242,-0.5647129416465759,0.5733329716742038,-0.1597609383672475,1.8274157720379527,0.6122425198554993,-0.5740076303482056,-0.0101501196622848
1774471354423176400,112.56017651367188,0.698183632440865,-1.4102015828363597,3.237060597774386,-0.3747497200965881,0.0012335078790783,0.8611999750137329,-1.259163610759377,-0.1724018087536096,1.342173902401328,0.6030515432357788,-0.877695620059967,-0.704233705997467,0.5750207786306738,-0.6102420218765735,2.0925655687242743,0.6453368663787842,-0.5973566174507141,-0.0818903520703315
1774471354433204500,112.57020458984375,0.9820201555490492,-0.133610890327394,2.375407527837157,-0.1877447515726089,0.0637459307909011,0.8994041085243225,-1.0496204043522477,-0.6018868659853935,1.1943705283313988,0.6225504279136658,-0.9144432544708252,-0.849634051322937,0.5286258149415254,-0.8897598050028085,2.1354647992521523,0.6475417613983154,-0.6285179853439331,-0.1512850970029831
1774471354443231200,112.58023120117188,1.2951572996824978,0.6918767873816192,1.5989917779415843,-0.0262844860553741,0.0752766206860542,0.9391035437583924,-0.9421697911977768,-1.0134598344296215,1.0669377421170472,0.6469367742538452,-0.938334047794342,-0.983798325061798,0.6727700819820165,-1.0769313128650189,2.0853008384183047,0.6106460690498352,-0.6684076189994812,-0.2137466073036193
1774471354453258500,112.59025854492188,1.3946779966205358,1.071797310977429,0.919218539199233,0.0465129762887954,-0.0018947478383779,0.97418874502182,-0.9445984796494244,-1.337211311557889,0.986765304249525,0.6638171672821045,-0.9410675168037416,-1.0852917432785034,0.7976870859831571,-1.135995496252179,2.1340175230532883,0.5526815056800842,-0.7161474823951721,-0.2699120342731476
1774471354463285500,112.60028540039062,1.3465905497998,0.9085827250249684,0.3278536517500877,0.0476884953677654,-0.1232904195785522,0.9968921542167664,-1.0269178664177656,-1.5267173998475074,0.8482593353569507,0.6717510223388672,-0.930338978767395,-1.136394500732422,0.9833364988446236,-1.0625246018499137,2.2679317802414296,0.4945891797542572,-0.7731530070304871,-0.3147903084754944
1774471354473312300,112.61031225585936,1.338650988972187,0.3564712589472532,-0.1836725598305463,0.0309420861303806,-0.2340837270021438,1.0227736234664917,-1.178445229446888,-1.612750838702917,0.563185087147355,0.6672540307044983,-0.9020061492919922,-1.1325371265411377,1.1364660363733767,-0.872634482678771,2.384756517071277,0.4373186826705932,-0.8208339810371399,-0.3532450199127197
1774471354483340500,112.62034057617188,1.3909946319326758,-0.1781413753189146,-0.7054004319518804,-0.0063751921989023,-0.3305053412914276,1.0506137609481812,-1.2878016762226818,-1.6558540673702955,0.2850473602026701,0.6601428985595703,-0.8557100892066956,-1.0802041292190552,1.1354746872484682,-0.583012069645524,2.374981557510048,0.3946119844913482,-0.8376206755638123,-0.3728751838207245
1774471354493367600,112.63036743164062,1.4283675002545118,-0.5230301868915558,-1.187546235269308,-0.0565621852874755,-0.3747740089893341,1.056276559829712,-1.3394488613516091,-1.709988393139839,0.1319575701624155,0.6610443592071533,-0.7879478335380554,-0.98931485414505,1.0898135907918214,-0.295493350893259,2.2237813806086777,0.3390747010707855,-0.8458782434463501,-0.365149050951004
1774471354503394300,112.64039428710936,1.4458873748540877,-0.7458074072726071,-1.6338877347558736,-0.1105370000004768,-0.3468773961067199,1.020926594734192,-1.2573679595142602,-1.77250184019804,0.023010288709402,0.6587874293327332,-0.719131588935852,-0.8809453248977661,1.213897066578269,-0.1013689551532268,2.119396292504668,0.2727260589599609,-0.8837150931358337,-0.3544205129146576
1774471354513421600,112.65042163085936,1.4393515433445572,-0.8892842964455485,-1.931581226041913,-0.1684552133083343,-0.273153692483902,0.9458054900169371,-1.103917519468069,-1.8140555013358592,-0.0003670797467231,0.6543945670127869,-0.6569465398788452,-0.7754742503166199,1.3392162216395138,0.1211708032101392,2.067944629947841,0.2160491943359375,-0.9234240055084229,-0.335103303194046
1774471354523448600,112.66044848632812,1.4311246900081631,-1.0429805279463529,-1.958478000795841,-0.2159598767757415,-0.1933962851762771,0.8557091355323792,-0.8152803180798888,-1.773992371016741,0.1340647715747356,0.6485832333564758,-0.615604817867279,-0.7017401456832886,1.2980389925986529,0.3644797933578491,1.9190382630720733,0.168695256114006,-0.9484212398529052,-0.3092083036899566
1774471354533475300,112.67047534179687,1.3418556302323936,-1.1959247720360755,-1.8063976800590755,-0.2424941062927246,-0.1347793340682983,0.7627431154251099,-0.4442708306923508,-1.6909885091155767,0.2856365582674741,0.6407127976417542,-0.5838629007339478,-0.6677500009536743,1.2104381582960486,0.6100193190366029,1.6553706677675246,0.1326633244752884,-0.9584699869155884,-0.2883714437484741
1774471354543503600,112.68050366210936,1.208890928854048,-1.359485102686286,-1.5039385818064213,-0.2475075125694275,-0.1128785610198974,0.681969165802002,-0.1089247773602604,-1.5764742411851882,0.403050054770708,0.6282042264938354,-0.5616051554679871,-0.6815442442893982,1.3008628178477286,0.8208347373366356,1.319954471808672,0.0784871652722358,-1.030578851699829,-0.3053799867630005
1774471354553530400,112.6905302734375,1.123848839123547,-1.555212695839256,-1.1847703408151864,-0.2484878450632095,-0.1050078421831131,0.6118093132972717,0.098916009043157,-1.5498077680557965,0.4106272120267152,0.6054584383964539,-0.5454999804496765,-0.7303491234779358,1.1657006064251063,0.7594131771683692,1.1618407161265611,0.0329783670604229,-0.9599465727806092,-0.242187887430191
1774471354563557400,112.70055737304688,1.0681704987823963,-1.637766037493944,-0.9299643896192312,-0.2391875386238098,-0.0727689415216445,0.5386282801628113,0.2296925527274608,-1.4716104296535253,0.4457300895899534,0.5583110451698303,-0.5505596995353699,-0.803824245929718,1.084504378467798,0.1466460207283496,1.0644057394213975,0.035983745008707,-0.8623358607292175,-0.2012023776769638
1774471354573584600,112.71058471679687,1.1315098752707242,-1.7443465898156163,-0.8172504491090774,-0.2346426546573639,-0.0182145908474922,0.4673420488834381,0.2616474876537918,-1.293245328581333,0.6331272229015826,0.5122165083885193,-0.5821878910064697,-0.9007161259651184,1.1219719393357634,-0.3126291946113109,0.9747744222044944,0.060911513864994,-0.7368753552436829,-0.1748303771018982
1774471354583611400,112.720611328125,1.2018258127734065,-1.7645562880210577,-0.7562631887048482,-0.2323446124792099,0.0317974425852298,0.4037574827671051,0.2691045256614685,-1.016661260819435,0.8917121081143617,0.4862304925918579,-0.6439784169197083,-1.0048401355743408,0.8958119446486235,-0.4204664689958095,0.6969380162939429,0.0632883831858635,-0.5980266332626343,-0.139391154050827
1774471354593639400,112.73063940429688,1.2550395165666937,-1.5254891732268034,-0.6276105053067207,-0.2409561276435852,0.0576513670384883,0.3691939115524292,0.1745338523462414,-0.7135463290065527,1.016933648020029,0.4650988280773163,-0.7236383557319641,-1.1078721284866333,0.6819689952209591,-0.4709557162612676,0.4590114498369395,0.0526209957897663,-0.4530287683010101,-0.1070809364318847
1774471354603666400,112.74066650390624,1.2328221318006516,-1.2126298231214283,-0.3477729887068271,-0.2736184597015381,0.0474826171994209,0.3760347962379455,-0.0450151997685432,-0.449475705859065,0.8671575125724077,0.4228088855743408,-0.7750793695449829,-1.1787161827087402,0.6781713565036654,-0.5530436323612928,0.3077028806576505,0.0249281171709299,-0.3402899801731109,-0.0906066223978996
1774471354613693400,112.750693359375,1.1403683045089243,-0.6924993031941354,0.1402589500397443,-0.3496236205101013,0.0076224501244723,0.440628319978714,-0.4738952768445014,-0.3465747188329696,0.4200152180969715,0.3568511605262756,-0.7709853053092957,-1.1916899681091309,0.6067115096628666,-0.5914145718097686,0.3079906480904668,0.00011919636745,-0.2370762377977371,-0.0798137485980987
1774471354623720400,112.76072045898438,1.1131930050745606,0.0192715405724942,0.7464063960790633,-0.4633192718029022,-0.038788191974163,0.5405203104019165,-0.9896347222059964,-0.362189636594057,-0.1583271061718464,0.2860550582408905,-0.6811366677284241,-1.126850962638855,0.4940601129949092,-0.475830044299364,0.3654699734389782,-0.0289936829358339,-0.1573409289121627,-0.076299175620079
1774471354633747500,112.77074755859375,1.2960738300055266,0.7915040134340524,1.3204361178457735,-0.5826134085655212,-0.0863359421491622,0.653648316860199,-1.51062697352916,-0.2805705070495605,-0.6849760680824518,0.2442950755357742,-0.5207864046096802,-0.973997175693512,0.413676954986155,-0.1504828224122524,0.4754794042307883,-0.043742049485445,-0.0904010385274887,-0.0824417695403099
1774471354643774500,112.7807744140625,1.6321028971657157,1.396749396067113,1.6603770977526902,-0.6982337832450867,-0.1272681951522827,0.7606096267700195,-1.8810662598133083,-0.114091658604145,-0.9570067103236912,0.2335128039121627,-0.3303795754909515,-0.752368152141571,0.3276446851745248,0.2623386847883462,0.5990191285293549,-0.0605335459113121,-0.0359375290572643,-0.0927631184458732
1774471354653802500,112.79080249023436,1.7641344093471765,1.6155273176789282,1.7787182304948568,-0.8108157515525818,-0.1795018911361694,0.8320320844650269,-2.085441123671829,-0.0813596018254756,-1.0904834528774023,0.2319221049547195,-0.1401667594909668,-0.4911439716815948,0.190418819220364,0.6536813506305217,0.6529262944795191,-0.0846778526902198,-0.00181469717063,-0.0933245196938514
1774471354663829500,112.80082958984374,1.5972858508065342,1.4001988058686257,1.7951251754164694,-0.9057015180587769,-0.2342868447303772,0.8853070139884949,-2.150659445774555,-0.2058282775372266,-1.1950444820702075,0.2250555455684662,0.0398655943572521,-0.222401961684227,0.1020759343788027,0.9539525834500788,0.7485876125756651,-0.1060358732938766,0.0123471952974796,-0.0956124439835548
1774471354673856500,112.8108564453125,1.267959788416326,0.902596636352688,1.7829174357503652,-0.9732208847999572,-0.2819244861602783,0.9303629994392396,-2.081896290671825,-0.3256359757006168,-1.1059060629367827,0.2128747701644897,0.1769171953201294,0.0244831945747137,0.0895312178432941,1.149923483839631,0.8991662235125899,-0.1209092438220977,-0.000942162470892,-0.0896491706371307
1774471354683883500,112.82088354492188,0.8844234124109148,0.3536217147350311,1.7323235590666533,-0.9998705983161926,-0.3241145610809326,0.951691210269928,-1.913261433236301,-0.225891406878829,-0.8195528808325528,0.1987571865320205,0.2731031775474548,0.2349811941385269,0.0833262257233262,1.2525707883656023,1.0043363245144483,-0.1475555002689361,-0.066745676100254,-0.0837476104497909
1774471354693910300,112.83091015625,0.5997998305782676,-0.1460192671321332,1.7159300581485033,-0.979927897453308,-0.3737029731273651,0.9578821659088136,-1.6528873265191912,-0.0783919841915369,-0.3826742062181234,0.1892835199832916,0.3307079076766968,0.3998494744300842,0.084572426392138,1.2447650830507275,1.2418794446118175,-0.1282843649387359,-0.1433257758617401,-0.0878221541643142
1774471354703938600,112.8409384765625,0.5177665672749281,-0.5207980439253151,1.6174597470462322,-0.9302285313606262,-0.3793917596340179,0.934383988380432,-1.3950269561886786,0.0267436300188303,0.0627384879857301,0.1742448210716247,0.3509212434291839,0.5130031108856201,-0.0444566891029477,1.0316478175491095,1.4553572139889002,-0.0852945446968078,-0.1695121079683303,-0.0734970122575759
1774471354713965300,112.85096533203124,0.573826892670989,-0.8025149445310235,1.317742640978098,-0.8502275943756104,-0.3423420786857605,0.8861314654350281,-1.1485478115722536,0.0543710571348667,0.4313900140702724,0.1525440514087677,0.3443940877914428,0.5708677768707275,-0.3350423942103981,0.6642828241437673,1.378800482400507,-0.0651369169354438,-0.1394895762205124,-0.0210817828774452
1774471354723992300,112.86099243164062,0.429553738553822,-1.159662860630825,0.9110463386595248,-0.7250241637229919,-0.2784855961799621,0.8324099183082581,-0.9290683175623417,0.0450812507420778,0.6803314571470022,0.1149312555789947,0.3208712339401245,0.5684919357299805,-0.5052955004975199,0.2798199809432029,1.1841908604267983,-0.0463256761431694,-0.1056479886174202,0.0349047891795635
1774471354734019600,112.87101953125,-0.0535766918867826,-1.5938305957861243,0.5875508821189404,-0.5643893480300903,-0.2538307905197143,0.8098635673522949,-0.7027814816251396,0.0411287137240171,0.8620183961182832,0.0776968151330947,0.2727042436599731,0.5079165101051331,-0.4622407871469855,-0.1250228024631738,1.0959057701870798,-0.0273090805858373,-0.0730108544230461,0.0754475966095924
1774471354744046300,112.88104638671877,-0.2726812151044607,-1.7582552881807088,0.3044493952870368,-0.3964080810546875,-0.2863194942474365,0.8119674324989319,-0.4844833063542842,0.0068494275033473,0.9797948807150124,0.0491305440664291,0.2156502902507782,0.3982292711734772,-0.3947770242050289,-0.5158405676484108,1.0802383915863931,-0.0128230825066566,-0.0536432787775993,0.1035889536142349
1774471354754074400,112.89107446289064,-0.2626069803357124,-1.4811363828897477,-0.0142675948053598,-0.2705927193164825,-0.2773317992687225,0.8346502184867859,-0.3323097543761134,-0.0629658670008182,0.962421136587858,0.0298982597887516,0.1444658488035202,0.2501692175865173,-0.3365446154668927,-0.839170604494214,1.1106671398587524,0.006382814142853,-0.0520789325237274,0.1065600961446762
1774471354764101600,112.9011015625,-0.2531388947665691,-0.9508662348072976,-0.307623349148035,-0.1976412683725357,-0.1702937483787536,0.8510848879814148,-0.2897705893322825,-0.2605056241422891,0.7932447196215391,0.0146612515673041,0.0764433741569519,0.0912921652197837,-0.2929670472860336,-0.9429998122811316,1.1461875852469354,0.0296410005539655,-0.0650455951690673,0.0935263186693191
1774471354774128400,112.91112841796875,-0.3105021194547414,-0.4180429681759327,-0.6344342138469219,-0.1578526496887207,-0.0280116684734821,0.8551525473594666,-0.3148299195259809,-0.5254921930909157,0.4900391869157552,-0.0071878554299473,0.0090704644098877,-0.0661896020174026,-0.303980900992453,-0.8994406565397978,1.120355370984599,0.0513213798403739,-0.0634066462516784,0.0711939707398414
1774471354784155400,112.9211552734375,-0.4804720248863101,-0.0201298379022628,-0.9454168102949856,-0.1410667449235916,0.1157553493976593,0.847705602645874,-0.3499190608248114,-0.7828869917362928,0.2172626947432756,-0.0224492661654949,-0.0383409336209297,-0.2102401852607727,-0.2793351200357079,-0.8380828092575072,0.9823262258235363,0.0620776191353797,-0.0330569967627525,0.0423820354044437
1774471354794182700,112.9311826171875,-0.5795689434543252,0.3148885909106582,-1.2139058344066145,-0.1482757180929184,0.2168626636266708,0.8386039733886719,-0.3934992593541741,-0.9880044906556604,0.0285445419609546,-0.0108338892459869,-0.0665890797972679,-0.343441367149353,-0.2564116328269243,-0.7215911037743091,0.7576652375224977,0.0585510954260826,0.0218391511589288,0.014721343293786
1774471354804209400,112.94120947265624,-0.5783125136524438,0.4712489270541816,-1.403521228289604,-0.1616937816143036,0.2732833325862884,0.8159391283988953,-0.4643032726347446,-1.1508663176476954,-0.1958323687016963,0.0182554870843887,-0.0790602639317512,-0.4554256796836853,-0.2779571096807718,-0.5215642059922218,0.5233751644043252,0.0426757261157035,0.0845549926161766,-0.0104244891554117
1774471354814237400,112.95123754882812,-0.4706149399995804,0.3586474339425564,-1.5589444297134876,-0.1699114441871643,0.3249285221099853,0.7723639607429504,-0.5565688838779926,-1.270653557544947,-0.4681155243992805,0.0542947128415107,-0.0759656727313995,-0.5228001475334167,-0.2361529809132218,-0.3535924886405467,0.3757973061859607,0.0209720991551876,0.1533253639936447,-0.0329690389335155
1774471354824264400,112.96126440429688,-0.2680506326943636,0.0138144442103803,-1.6542606606990098,-0.1565000265836715,0.3723711669445038,0.7105831503868103,-0.7067489239513873,-1.2489508443027737,-0.6343909592270851,0.0874488428235054,-0.0521120727062225,-0.5394903421401978,-0.1564753408253192,-0.3057815206736326,0.3975300492402165,0.0143988849595189,0.2153061777353286,-0.0579918324947357
1774471354834291500,112.97129150390624,-0.1467696471080184,-0.4217159576002508,-1.6076701744377613,-0.1501981317996978,0.3841560482978821,0.6412600874900818,-0.8629086229562759,-1.0651917752325537,-0.6554477757811545,0.1163878142833709,-0.0190049856901168,-0.5105926394462585,-0.0982514076545834,-0.2812725178390741,0.5351712910622358,0.0187162104994058,0.2481744736433029,-0.0787683054804802
1774471354844318500,112.981318359375,-0.1363508366852998,-0.8388239099483936,-1.4103455213516949,-0.1417122334241867,0.3752667009830475,0.545604407787323,-1.0154966009542346,-0.8335475039154291,-0.5929109478473663,0.138784721493721,0.0109539963304996,-0.4412262737751007,0.0067637950465083,-0.2272960129797458,0.7167687981843948,0.0271320659667253,0.2465890794992447,-0.1007449775934219
1774471354854345500,112.99134545898436,-0.2545163205996155,-1.268267831452191,-1.2051356679737568,-0.1506801396608352,0.3864018321037292,0.4161347150802612,-1.1841808504894376,-0.6265957753062248,-0.5360632714658975,0.1519077122211456,0.0328268073499202,-0.344222217798233,0.1203787760496139,-0.1314034434109926,0.8487476303305477,0.0393152832984924,0.2301604151725769,-0.1157630309462547
1774471354864373500,113.00137353515623,-0.370766910803318,-1.689438064803183,-0.9932505746155976,-0.1727412343025207,0.3676238656044006,0.2825444340705871,-1.3602704078450798,-0.4250801002711057,-0.4746522326916456,0.1585710495710373,0.0658897310495376,-0.2392806112766266,0.1520490488156676,-0.0116851770967245,0.8686918094675987,0.0369272269308567,0.2194595783948898,-0.1195918619632721
1774471354874400300,113.01140014648438,-0.3085439711242914,-2.06888834053874,-0.7741244240880012,-0.1876480728387832,0.2992384433746338,0.1576578021049499,-1.4528420162975788,-0.3487053011208772,-0.3848790227860212,0.1662052720785141,0.1092843413352966,-0.143700823187828,0.1035106433570385,0.1287573128163814,0.7715202329389751,0.0185393765568733,0.2199859768152237,-0.1039399728178978
1774471354884427500,113.02142749023436,-0.1401560741871595,-2.3844889521762727,-0.5446633420288562,-0.1978426426649093,0.2330295890569687,0.0394089221954345,-1.5270660671547054,-0.3805845404624938,-0.417673623406887,0.1571463048458099,0.1682895421981811,-0.0473819114267826,0.0774465200349688,0.2982382656872272,0.661453299806267,-0.001479604630731,0.235874131321907,-0.0867929458618164
1774471354894454500,113.03145458984376,-0.0245014040499925,-2.4635569359332323,-0.2838841616421937,-0.1950865536928177,0.191962331533432,-0.0666726902127265,-1.6088532467424868,-0.3318184637278318,-0.4604056806743145,0.1334588080644607,0.2314951419830322,0.055592406541109,0.1749310349702835,0.4441536340534687,0.5647956276165321,-0.035028763115406,0.2513144612312317,-0.077337622642517
1774471354904481500,113.0414814453125,0.0883648044124245,-2.178478888331353,0.0562380200505256,-0.1703359335660934,0.1594946682453155,-0.1310807019472122,-1.6587500810727476,-0.2285591647833585,-0.4520920258373022,0.100759819149971,0.3006567358970642,0.1635439097881317,0.2065183056280017,0.4968745858937501,0.4601555783707648,-0.0701982006430625,0.2644497156143188,-0.0746033564209938
1774471354914508300,113.05150830078124,0.1809893120959401,-1.629682245890051,0.40640345685184,-0.1275704354047775,0.1235004961490631,-0.1578523963689804,-1.5829153801485896,-0.0874193402558565,-0.3643856853336095,0.0708815455436706,0.3660498559474945,0.2665094435214996,0.2050824276059865,0.4542465735226869,0.4247709247240796,-0.0956406518816948,0.2841015160083771,-0.0713784918189048
1774471354924536600,113.06153662109377,0.2013791891738772,-0.9058872753959148,0.7322539520859718,-0.0890430137515068,0.0893704891204834,-0.1530150324106216,-1.403416891132295,0.0655740036725997,-0.3112771954804659,0.0414275862276554,0.4375702142715454,0.3646143674850464,0.155177702230215,0.4100321687430143,0.4687991958145052,-0.1072235405445098,0.3138937652111053,-0.0663080960512161
1774471354934563300,113.07156323242188,0.1496545548945665,-0.1478832343731075,1.115071950688958,-0.049855500459671,0.081995278596878,-0.135153666138649,-1.1357540887117386,0.206170807364583,-0.2668734056085348,0.0167278312146663,0.5099397301673889,0.4526587426662445,0.113373573462665,0.3139244951188564,0.4383682921176776,-0.1283760517835617,0.3524409532546997,-0.0511868074536323
1774471354944590300,113.08159033203124,0.1268491411074996,0.5573068427637219,1.4132377356618642,-0.016379565000534,0.0914918407797813,-0.1381832808256149,-0.888436739705503,0.3347451648294925,-0.187516960299015,-0.0025493623688817,0.5735566020011902,0.5221322774887085,0.02259440138489,0.1564911229163408,0.331829277382791,-0.1544204354286193,0.3957998752593994,-0.0252492185682058
1774471354954617600,113.09161767578124,0.0282701089337468,1.106334152155742,1.5343524247705935,0.0034479696769267,0.0881457403302192,-0.1630197167396545,-0.6425681282028556,0.4042319580316543,-0.0866243904858827,-0.0115883965045213,0.6278315782546997,0.5682967901229858,0.0828702986493706,-0.042035307174921,0.1835156522357836,-0.1968665122985839,0.4230630993843078,-0.0041518337093293
1774471354964644400,113.10164428710938,-0.139291566312313,1.3436639948286115,1.4891934326171874,0.0143456254154443,0.0731076672673225,-0.1912854611873626,-0.4119076072260737,0.4068617220133543,-0.0084182842552661,-0.0173954851925373,0.668657124042511,0.5875378847122192,0.1695779835045337,-0.2930529720038175,0.1191025821013376,-0.2407924234867096,0.4294104874134063,0.0075181382708251
1774471354974672600,113.11167260742188,-0.2808630602553487,1.1483950321633367,1.263006257662177,0.0187638085335493,0.0534929558634758,-0.2235547006130218,-0.2125979178026318,0.3196966487795114,0.0257838450759649,-0.0262795239686965,0.6976190209388733,0.5878089666366577,0.1722971793353557,-0.464470445895195,0.1029056814675219,-0.2758017182350158,0.4319592118263244,0.0191165171563625
1774471354984699400,113.12169946289065,-0.3281587721765041,0.6849182734806091,0.8776701387584209,0.0178791061043739,0.0471282675862312,-0.2667756974697113,-0.0694613664999604,0.1845247927457094,-0.0132622171550989,-0.0518274940550327,0.7179293632507324,0.569414496421814,0.0849710703209042,-0.5348416207164526,0.061691810210701,-0.3034176230430603,0.4366442561149597,0.0243592150509357
1774471354994726400,113.13172631835936,-0.2924550061106681,0.2726972163911909,0.4601654421776532,0.0066802483052015,0.0640870109200477,-0.3205356001853943,0.0428194432899355,0.061131052789092,-0.0836702168554067,-0.0887192040681839,0.7373288869857788,0.5413479804992676,0.0911903832271695,-0.5294564205467701,-0.0070625405310653,-0.3208099901676178,0.4215430915355682,0.013978075236082
1774471355004753400,113.14175341796874,-0.1887009093865752,-0.0189433315314352,0.086075524431467,-0.0059548527933657,0.0781282633543014,-0.3769812881946563,0.1210436696991324,-0.0119359369874,-0.1917699415683746,-0.1270826011896133,0.7507222890853882,0.5079236626625061,-0.1364849844589829,-0.5153706120491027,0.0321865699914284,-0.3295406401157379,0.4830237627029419,0.0476183257997036
1774471355014782000,113.15178198242188,-0.0576812045961618,-0.2120703137319534,-0.2452536944746971,0.0082969842478632,0.0956196784973144,-0.4306506514549255,0.2120376535713672,-0.0175654673069715,-0.3241115426123142,-0.1543192863464355,0.7369526624679565,0.4688023328781128,-0.2719876798823475,-0.6544605183094739,-0.1125814549705944,-0.3335958123207092,0.5041175484657288,0.0622008666396141
1774471355024809200,113.16180932617188,0.0593061754494905,-0.3509564410485327,-0.5148100555568933,0.0335120595991611,0.1277688294649124,-0.4689745903015136,0.3413835799306631,-0.0123024322122335,-0.3925269071906805,-0.1656663119792938,0.6942216753959656,0.4216323494911194,-0.1552072205856442,-0.640260143521428,-0.2167943465791642,-0.3436066508293152,0.5029926300048828,0.0645894557237625
1774471355034837000,113.1718369140625,0.1174818855643272,-0.4555004460413008,-0.7010241165637969,0.0447920858860015,0.1899038702249527,-0.4861757755279541,0.4429281839117407,-0.0218844995498657,-0.4270727353930473,-0.1677933782339096,0.6387000679969788,0.3706046044826507,-0.1690834779858589,-0.5118962139368057,-0.1910967367482371,-0.352075457572937,0.4925286769866943,0.057190965861082
1774471355044864000,113.18186401367188,0.1449865630835294,-0.4412418382599949,-0.9207114081054926,0.0494030825793743,0.2771096229553222,-0.4964148104190826,0.5225757211223244,-0.1374298640936613,-0.53208618452847,-0.1723703145980835,0.5777565836906433,0.3118784129619598,-0.1160302254512906,-0.4580325218021869,-0.1942759695725515,-0.3479933440685272,0.4586743116378784,0.0277148336172103
1774471355054891000,113.19189111328124,0.1397369719922542,-0.4267162501055747,-1.1636585792034864,0.0477418005466461,0.3385964035987854,-0.5118614435195923,0.5751949661538005,-0.2660924843639135,-0.6694207715541124,-0.1813880503177642,0.5385207533836365,0.2492512464523315,-0.1586348569467663,-0.3751771284610032,-0.2390397701296024,-0.3538137078285217,0.4455388486385345,0.0027488968335092
1774471355064918000,113.20191796875,0.0391562446072697,-0.361807359278202,-1.3008943820297718,0.0518491938710212,0.371837168931961,-0.5266976356506348,0.5494412239551544,-0.4010492363423109,-0.7695254058599471,-0.1919990926980972,0.5168683528900146,0.1843953877687454,-0.1555821913778781,-0.1752197887837886,-0.4559230553675443,-0.3710116147994995,0.4415369033813476,-0.0216214247047901
1774471355074945000,113.21194506835936,-0.0733794167265295,-0.2240866224791854,-1.3142255727678536,0.0634795427322387,0.3808863162994385,-0.538588285446167,0.4882242464482784,-0.4762719428479671,-0.7380074010461568,-0.1944894045591354,0.5041006207466125,0.1188715100288391,-0.1097521680951118,0.0530401007920503,-0.6037296808404847,-0.3821780085563659,0.4583140313625335,-0.0524314008653163
1774471355084973000,113.22197314453123,-0.2128127295970916,-0.0446017966620624,-1.2338923913806676,0.0816207304596901,0.3715482056140899,-0.5454530715942383,0.3986079806700349,-0.4757967265516519,-0.6195318282693624,-0.1911433041095733,0.4849331378936767,0.0559445545077323,-0.1589119203224778,0.2422206103891134,-0.6944179962970316,-0.3891661465167999,0.4755380153656006,-0.085671916604042
1774471355095000000,113.232,-0.2881350970849394,0.1389815505150705,-1.0845312664747238,0.1031320691108703,0.3769917786121368,-0.5294786095619202,0.2733955008536577,-0.3838227917313575,-0.4810445640772581,-0.1816683113574981,0.4546825587749481,0.0121352914720773,-0.2080573517635464,0.3980699282705783,-0.714084308340773,-0.3865073025226593,0.5080121755599976,-0.1002328842878341
1774471355105027000,113.24202709960936,-0.2437833296611904,0.3307417744070291,-0.8169570191204547,0.1208223849534988,0.3810264766216278,-0.5116495490074158,0.069484455114603,-0.2107657339394092,-0.3046130614161491,-0.1762991547584533,0.4168726801872253,-0.0004887187387794,-0.3251932003691792,0.4691197330057621,-0.6586684913933277,-0.3715203702449798,0.5453411340713501,-0.108297199010849
1774471355115054000,113.25205419921876,-0.2235661788016557,0.5441723436415196,-0.4455459651947021,0.1377226114273071,0.3809254765510559,-0.4802975654602051,-0.1175757013276219,0.0499818822652101,-0.1639677424073219,-0.173804834485054,0.374648779630661,0.0307592153549194,-0.3256958891943097,0.4911053548425436,-0.5436097047900781,-0.3438710272312164,0.5373518466949463,-0.1296258419752121
1774471355125081000,113.2620810546875,-0.2418164135023951,0.7805736002273858,-0.0288818110913038,0.1534999758005142,0.3766716122627258,-0.439207375049591,-0.2903609564408659,0.3326192587167024,-0.0670388155281543,-0.1741957515478134,0.3420873284339905,0.0871626660227775,-0.3075836016595363,0.4932669167906046,-0.3338448184562846,-0.3114699423313141,0.5198322534561157,-0.1418713182210922
1774471355135108000,113.27210815429687,-0.2295370699048042,0.949388636535406,0.3905179054558277,0.1543830633163452,0.3597359657287597,-0.3880667686462402,-0.3799479961246252,0.5729255599170923,-0.0268272166490554,-0.1706854254007339,0.3295073509216308,0.1622480899095535,-0.3553247192606329,0.3678103990852832,-0.1442120989791583,-0.2824039161205292,0.4931036531925201,-0.1446804106235504
1774471355145136000,113.28213623046877,-0.2267190898746252,1.017698933304101,0.7023842990010977,0.1452268362045288,0.3564049005508423,-0.3473017811775207,-0.4817465748667717,0.69868719804883,0.0210322666347026,-0.159295305609703,0.3475977778434753,0.2499773949384689,-0.332153687031567,0.1463981834471225,-0.1075169746552593,-0.2677530646324157,0.4669351577758789,-0.1423829048871994
1774471355155163100,113.2921630859375,-0.2476613401383161,1.0189286942947655,0.8683154504358768,0.1219943687319755,0.3518763184547424,-0.3059650659561157,-0.5831535239428282,0.696704499799013,0.047895139119029,-0.1457794904708862,0.3833144903182983,0.3392420411109924,-0.3329509748890996,0.0241430921316146,-0.0907702581189572,-0.25493124127388,0.4390017390251159,-0.135375291109085
1774471355165190000,113.30218994140624,-0.2211918508857488,0.920812384261936,0.8995990619719028,0.0948160141706466,0.3039830923080444,-0.2801598608493805,-0.6311027313366532,0.6026958442807198,0.070569912263751,-0.1302383095026016,0.4247742593288421,0.4216825067996979,-0.3649263680815696,-0.0465156674593687,-0.0237823964599054,-0.2438631504774093,0.4155541956424713,-0.1166748404502868
1774471355175217000,113.312216796875,-0.1473369256019592,0.7812603403825312,0.8586883749127387,0.0648488700389862,0.2297261357307434,-0.2633966505527496,-0.6344029419258237,0.4770522795706987,0.0375707289814949,-0.1220669448375701,0.4772643744945526,0.4884964227676391,-0.3823033270791173,-0.1690314555376768,0.0557746037898585,-0.232884868979454,0.4039315283298492,-0.1043255403637886
1774471355185244200,113.322244140625,-0.0890589241564273,0.6091201782397926,0.7672253122240305,0.0421387664973735,0.1370180398225784,-0.265984445810318,-0.5913783314526081,0.347368499559164,-0.0338414793252944,-0.1139993593096733,0.5290784239768982,0.5312933325767517,-0.3732408997014165,-0.3067693626672029,0.17813664434487,-0.2203168720006942,0.3848334550857544,-0.0953781157732009
1774471355195272000,113.33227197265624,-0.1409849262267351,0.4188447860781103,0.6019388884335756,0.0230250526219606,0.0457758679986,-0.2697610855102539,-0.5172530647948383,0.2685433846473694,-0.137508774548769,-0.1051075980067253,0.5529422163963318,0.5506377220153809,-0.317468743596971,-0.4264198244422674,0.2801393490906804,-0.2087564170360565,0.352166473865509,-0.0955022647976875
1774471355205299200,113.34229931640624,-0.2134580417633056,0.3014837504144758,0.4273924688667058,0.0158675406128168,-0.0088586155325174,-0.261945515871048,-0.4534752968892455,0.2078407864034175,-0.1718675557464361,-0.1001065820455551,0.5410482883453369,0.5442243814468384,-0.2599824770510197,-0.5277005167901516,0.3235939850116148,-0.2043883055448532,0.3167051672935486,-0.1039306372404098
1774471355215326000,113.35232592773436,-0.2631011935934424,0.2885428011029958,0.3129559423476457,0.0147093320265412,-0.0238820388913154,-0.2532319128513336,-0.3467901151493192,0.1647720445275306,-0.1181254441648721,-0.0974519401788711,0.5172902345657349,0.5161091089248657,-0.2110834215864539,-0.5538368285655975,0.2641808968552388,-0.2077210843563079,0.2805542051792145,-0.1165572255849838
1774471355225353000,113.36235302734374,-0.3253665111094713,0.3598128975253552,0.2390314589589834,0.0103787658736109,-0.0128533579409122,-0.2355517297983169,-0.1574164210677146,0.0629179362058639,-0.1287275022000074,-0.0905073508620262,0.4856393337249756,0.4703276753425598,-0.1986173232451081,-0.5023965641856193,0.1096197190881706,-0.2255986183881759,0.2704387307167053,-0.1275414377450943
1774471355235380000,113.3723798828125,-0.3681725103959441,0.4249662646330893,0.193768421909213,0.0035832813009619,-0.0042869104072451,-0.2192146480083465,0.0171823132082819,-0.0823573806911706,-0.2679343128383159,-0.0847876816987991,0.4657367169857025,0.4152636229991913,-0.2223734618857502,-0.3593973755270242,0.0358632674764841,-0.2372426092624664,0.2835752367973327,-0.1471358239650726
1774471355245408000,113.38240795898436,-0.3347565630063414,0.4851283262595534,0.1474777953773736,-0.0091319810599088,0.0070224697701632,-0.2090040892362594,0.0927232918828725,-0.2618184603065252,-0.4348720109671354,-0.0777879208326339,0.4516381621360779,0.3506799042224884,-0.1518614172890782,-0.1944692636549472,-0.0147668130317702,-0.2517373859882355,0.2888277769088745,-0.1649829894304275
1774471355255435000,113.39243505859376,-0.2574880298867821,0.5454798460435122,0.097804540669918,-0.0245213005691766,0.01755934022367,-0.2061260938644409,0.1286968148007989,-0.3710872287988662,-0.5492699590414762,-0.071917250752449,0.4372624158859253,0.2829882204532623,-0.046902913211286,-0.0528115527331829,-0.1075278339759912,-0.2792924344539642,0.2838039398193359,-0.1927988231182098
1774471355265462000,113.4024619140625,-0.2054410317853093,0.5798616427905857,0.0399368735909461,-0.0253761745989322,0.0221146773546934,-0.203014999628067,0.117198684708774,-0.3860217630803584,-0.5689677622020244,-0.0626251175999641,0.4199604392051697,0.2238987386226654,-0.0169300920128822,0.0886819075375795,-0.1259340446897316,-0.2872195839881897,0.2934049069881439,-0.2036943435668945
1774471355275489000,113.41248901367187,-0.184465756034851,0.5870159715246409,-0.0333919819921255,-0.0137302409857511,0.0244492478668689,-0.1910464763641357,0.0632248101979494,-0.3048264119058847,-0.5132809462934732,-0.0566156916320323,0.4001915454864502,0.1866371184587478,-0.1023021443501114,0.275858676096797,-0.116673254328873,-0.2882167100906372,0.3204362988471985,-0.2035446763038635
1774471355285516000,113.42251611328123,-0.1905161421149969,0.5893062744189054,-0.096258480271697,0.0067939423024654,0.0254532601684331,-0.1790579855442047,-0.0767360336780548,-0.1602110202223062,-0.4203454729646444,-0.0531392693519592,0.3758130967617035,0.1780832558870315,-0.1140159630194306,0.4374012371838092,-0.1406732847279869,-0.2841010391712188,0.3505063354969024,-0.196628987789154
1774471355295543000,113.43254296875,-0.2307657349169254,0.570175092165172,-0.1686994471043348,0.0302756484597921,0.0246633067727088,-0.1694728434085846,-0.1509375804424285,-0.0270785610616207,-0.3272708834260702,-0.0544849634170532,0.3624677360057831,0.1897135525941848,-0.0719496761843562,0.4860393036246299,-0.1832177652677521,-0.2821948528289795,0.375605970621109,-0.1851184517145156
1774471355305571000,113.44257104492188,-0.2717062325924634,0.5327132303856313,-0.224766786763072,0.0423922315239906,0.0182749144732952,-0.1631603389978408,-0.230093242482841,0.1068804120510816,-0.2898041993409395,-0.0655112564563751,0.3586077392101288,0.2218748927116394,-0.030418226878345,0.4411164583146572,-0.2532095123173669,-0.2862220704555511,0.3946137428283691,-0.1670566201210022
1774471355315598000,113.45259814453124,-0.3494216326966881,0.5363605739120394,-0.2863993593335151,0.0408516712486743,0.008570559322834,-0.1539520323276519,-0.2599365920826793,0.247101952689886,-0.2418026772379875,-0.0837515145540237,0.372075617313385,0.2639578878879547,-0.031309622760117,0.3550800968497991,-0.2807913832586258,-0.2813199758529663,0.4234927892684936,-0.1454187035560608
1774471355325624800,113.46262475585938,-0.3991068701028823,0.5421393034439533,-0.3658493281453848,0.0267326589673757,0.0035534300841391,-0.1391730904579162,-0.2959446017920971,0.3665174366652965,-0.1629839920669794,-0.0942936614155769,0.3994993269443512,0.3123558461666107,-0.0919230814158916,0.3262409558564424,-0.3076245912570506,-0.2766605019569397,0.4557295441627502,-0.1159769222140312
1774471355335652000,113.47265209960938,-0.380017261968553,0.5592443136323243,-0.4208089988231658,0.0024173576384782,0.0113520948216319,-0.1176357790827751,-0.2838999437332153,0.4467208541929721,-0.0902764832526445,-0.0973128899931907,0.434069812297821,0.3552686870098114,-0.0878057092249393,0.3424742977768182,-0.3346031260102987,-0.2679017186164856,0.4856575727462768,-0.0932758674025535
1774471355345679000,113.48267919921877,-0.3062216656565666,0.5588575793370604,-0.4033797251164913,-0.028762400150299,0.0113520948216319,-0.120267242193222,-0.2640700386255979,0.4683171844512224,-0.0914630626887083,-0.0957063660025596,0.4605395793914795,0.3890363574028015,-0.089632047869265,0.2994552402615547,-0.2823488053010776,-0.2457650154829025,0.517116904258728,-0.0651118755340576
1774471355355707000,113.49270678710936,-0.1146016539528965,0.6006555706247687,-0.2668874341338872,-0.064235121011734,0.0048968666233122,-0.1336030662059784,-0.2881049942076206,0.4410229348123073,-0.0950432592630386,-0.0920831337571144,0.4881336390972137,0.4175723791122436,-0.1191661853894591,0.1563040759116411,-0.1673025676521472,-0.2151677757501602,0.5497943162918091,-0.0411156862974166
1774471355365734100,113.50273413085938,0.0680380556985735,0.694107249847427,-0.0899152487248182,-0.0977179780602455,-0.0158803164958953,-0.1448839604854583,-0.3379614965274929,0.4352408442795276,-0.070512044596672,-0.0933315008878707,0.5165727734565735,0.4424330592155456,-0.0801870509147644,-0.049969022783637,-0.1582717044564895,-0.199845552444458,0.5765092968940735,-0.0167962312698364
1774471355375761200,113.51276123046875,0.1172109596684575,0.7511154505528509,0.0095493341118097,-0.1157945692539215,-0.0450295209884643,-0.1442582160234451,-0.3860284850820898,0.4149783929735421,-0.0724117407381534,-0.1002938002347946,0.5409276485443115,0.462880790233612,-0.0115434305384755,-0.3252162889838219,-0.171025369301252,-0.1898364871740341,0.5892939567565918,2.5480985641e-06
1774471355385788000,113.52278784179688,0.0550353662624955,0.6941345762457698,0.0512695839881897,-0.1210732236504554,-0.0657427832484245,-0.1410922408103943,-0.2936360325887799,0.3762152393370866,-0.0899088189840316,-0.0996786057949066,0.5341480374336243,0.4580966830253601,0.051078737591207,-0.4852817632555961,-0.1378337139205075,-0.1841852664947509,0.587344229221344,0.0053610946051776
1774471355395815200,113.53281518554688,0.0140291098743677,0.5572898185636848,0.1129810670137405,-0.1209528967738151,-0.0848052054643631,-0.1366522312164306,-0.1531479499682784,0.2242319492340087,-0.1140899050384759,-0.0982740595936775,0.5194625854492188,0.4312443137168884,0.158616736768186,-0.4594751218259334,-0.1091082624346949,-0.1776133328676223,0.5826197266578674,-0.0001879534684121
1774471355405842200,113.54284228515624,0.0206041043505072,0.417098307736963,0.22441607362926,-0.1123314425349235,-0.0735967606306076,-0.1270195692777633,-0.1091901502981781,0.0094540570437908,-0.1377718093991279,-0.0954137593507766,0.5143409371376038,0.4026861786842346,0.1997851979807019,-0.3711018418461084,-0.1353049626278691,-0.1829273998737335,0.5764108300209045,-0.0055480976589024
1774471355415870000,113.55286987304687,0.046041327945888,0.295390767301619,0.3338450011193752,-0.102851964533329,-0.0458476766943931,-0.1183069497346878,-0.1355468268260359,-0.2014712513715028,-0.1503665025562048,-0.1010652557015419,0.5147790312767029,0.372166633605957,0.1801367869198322,-0.2558195121526718,-0.1127265990623272,-0.1787061095237732,0.5814374089241028,-0.0163483247160911
1774471355425897200,113.56289721679688,0.0416565369904041,0.1980987061984837,0.3950228156596422,-0.089383028447628,-0.0178149752318859,-0.103669948875904,-0.1523009777501225,-0.32579788826406,-0.2500461894482374,-0.1063241958618164,0.5060675144195557,0.3431034982204437,0.1557645622074604,-0.1139689090073108,-0.1798904109433293,-0.1774658858776092,0.5930671691894531,-0.0201169662177562
1774471355435924000,113.57292407226562,0.0188522922471165,0.1379657976012676,0.4215753070205449,-0.0777774155139923,-0.0084099909290671,-0.0911132246255874,-0.1389414377003908,-0.3592307867884636,-0.3197200296550989,-0.1096281111240387,0.4937823712825775,0.3264627456665039,0.1171709199190139,0.0379535908192396,-0.269512631538324,-0.1868384629487991,0.5997954607009888,-0.0206685457378625
1774471355445951000,113.58295092773436,0.0198874805137515,0.1610997857555746,0.4158277032792568,-0.0619518458843231,-0.0096251899376511,-0.0791889205574989,-0.1789282879129052,-0.2738859147191047,-0.3592518295764922,-0.1121705323457717,0.4717801809310913,0.3250560760498047,0.1157362109407782,0.1562082143217325,-0.2956192057626322,-0.1941336542367935,0.6004215478897095,-0.0227013360708951
1774471355455978000,113.59297802734376,0.0401268432050943,0.2252447795383632,0.3858469910353422,-0.0516149811446666,-0.0158266685903072,-0.0656717866659164,-0.1391235162690282,-0.1942716952562332,-0.3864151463121175,-0.1118195280432701,0.4427112340927124,0.3290500044822693,0.1201236322447657,0.2492535777658224,-0.2258008973174728,-0.1935455203056335,0.5835711359977722,-0.0232674852013587
1774471355466005000,113.6030048828125,0.0215074829310178,0.296021539485827,0.2905570635348558,-0.0288406945765018,-0.0305126719176769,-0.0637234151363372,-0.1483227217689156,-0.0793716428786516,-0.3799889126569032,-0.1156311482191085,0.4369308054447174,0.3616040050983429,0.1168061782598495,0.3131482500493526,-0.1395114196080714,-0.1784355342388153,0.5669685006141663,-0.0258305110037326
1774471355476033000,113.61303295898438,-0.0491086065620183,0.3396145974967628,0.1508183379769325,-0.0067131239920854,-0.0466889888048172,-0.0631565153598785,-0.2713382760629058,0.0800859286278486,-0.3827478559762239,-0.1197422668337822,0.4429042637348175,0.4121047258377075,0.0749050188586115,0.3248538854122161,-0.1082659663916565,-0.1608406603336334,0.549515426158905,-0.0209634937345981
1774471355486060000,113.62306005859377,-0.1195566460117697,0.3552943241223693,0.0079389763057231,0.0101516097784042,-0.0651063546538353,-0.0577689372003078,-0.2912278024032712,0.1581324603825807,-0.3452601291030645,-0.117661565542221,0.4653848707675934,0.4691807329654693,0.0525382887497544,0.2988479220181703,-0.0797840230718255,-0.1462223082780838,0.5214744806289673,-0.0124693419784307
1774471355496087000,113.63308715820312,-0.1543961964637041,0.3564852144073694,-0.1043500167906284,0.0164172165095806,-0.0695326179265976,-0.0592153072357177,-0.2894704373419284,0.1943675568461418,-0.2249725384682416,-0.1101778149604797,0.4879602193832397,0.521407961845398,0.0460518493399024,0.2239619001209735,-0.0831527871188707,-0.141160100698471,0.476760983467102,-0.0045224209316074
1774471355506114000,113.64311401367188,-0.1876128218889236,0.3193066265486181,-0.2288368126809596,0.011270391754806,-0.0563417114317417,-0.0575811900198459,-0.2455813189938664,0.1913303811073303,-0.101816114398837,-0.1009736061096191,0.5050709247589111,0.5599229335784912,0.0650225072696805,0.1362941380620002,-0.1271178567799739,-0.132350891828537,0.430923730134964,0.0031943549402058
1774471355516141000,113.65314111328124,-0.2000610923126339,0.2475290189955383,-0.3729869249403476,0.0036074931267648,-0.0224793031811714,-0.0537851154804229,-0.1939338416039943,0.2266635602951049,-0.022462007176876,-0.0978899300098419,0.5141664147377014,0.5885441899299622,0.0153577281296253,0.0488911644190549,-0.1470401711450889,-0.1171472817659378,0.4023695886135101,0.0112507753074169
1774471355526169000,113.66316918945311,-0.1829907150462269,0.1376162535112351,-0.4890338092654943,-0.002439746633172,0.0147567484527826,-0.0529784448444843,-0.1265551265969872,0.2284305699676275,0.0071247373133897,-0.0957343429327011,0.5186920762062073,0.5964974761009216,-0.0892915638685226,-0.0340408012896776,-0.220501548800338,-0.1128880903124809,0.3775507807731628,0.0242776274681091
1774471355536196000,113.67319604492188,-0.0920481691002845,0.0444196450281888,-0.5074228679150342,-0.0032845358364284,0.0350195094943046,-0.0774008780717849,-0.1027148168042302,0.2059709008783102,0.0467670118719339,-0.0976147949695587,0.5173096060752869,0.5894081592559814,-0.1410425016328692,-0.098293200969696,-0.2284498591899871,-0.100218616425991,0.3464215397834778,0.0294022131711244
1774471355546222800,113.68322290039065,0.0384852134779095,-0.0109464144933968,-0.4462169963240623,-0.0076380050741136,0.0304868072271347,-0.1075385361909866,-0.0523334138274192,0.1534744054436683,0.0668774874866008,-0.1038079336285591,0.5101355910301208,0.5684642791748047,-0.1002490112125873,-0.1717038896173238,-0.1960967187263071,-0.0914685353636741,0.3008857369422912,0.0277662333101034
1774471355556250000,113.69325,0.0335173619374632,-0.0280424376577138,-0.3648334291011095,-0.0145561806857585,0.0029031806625425,-0.1367836892604828,0.0406336236834526,0.0976017115741968,0.0730132137626409,-0.1125601455569267,0.4815707504749298,0.5292588472366333,-0.0522004350975155,-0.2483095749139785,-0.1881499061740003,-0.0847284421324729,0.2393523305654525,0.0145718250423669
1774471355566277000,113.70327709960938,-0.1313122579962015,-0.0673171210128814,-0.3011041765123605,-0.0217906571924686,-0.0166271105408668,-0.1632807999849319,0.3412339423269033,-0.1185270107030868,-0.0144902976453304,-0.1145615801215171,0.3112918436527252,0.3213528096675873,0.0034437107130885,-0.2919745291173458,-0.1206379749750718,-0.0671071037650108,0.1756111681461334,-0.0076085771434009
1774471355576305000,113.71330493164062,-0.2308946219936013,-0.0801589938640594,-0.2236550261288881,-0.0147471521049737,-0.0186045821756124,-0.1801995187997818,0.339097222559154,-0.2330278346300125,-0.075784432041645,-0.1119056120514869,0.2716333866119385,0.2607949376106262,-0.0361877501904964,-0.2431616906315088,-0.0885354117389768,-0.0557901784777641,0.1122194901108741,-0.0314486175775527
1774471355586332200,113.72333227539062,-0.1733341211676597,-0.0692154289148747,-0.1042792896419763,-0.0015178991016,0.0087032048031687,-0.1860052049160003,0.3960015975639224,-0.320877967518568,-0.1598462785631418,-0.1001890078186988,0.2244213074445724,0.1947180777788162,-0.0501730209231376,-0.1345364807397127,-0.1121594849651679,-0.0368676222860813,0.0615102387964725,-0.0519522950053215
1774471355596359000,113.73335888671876,-0.1096691659867763,-0.028892990072444,0.0290308641731739,0.015290293842554,0.0347819998860359,-0.1820612400770187,0.4148459987655282,-0.3491372627973556,-0.1872802289336919,-0.083199642598629,0.1784365028142929,0.1307617276906967,-0.0874693168774247,-0.0438987629592418,-0.1337719078416936,-0.0200860798358917,0.0355356149375438,-0.0652012974023819
1774471355606386000,113.74338598632812,-0.0565481089130043,0.0270550340555608,0.1284422555178404,0.0268603973090648,0.0518267676234245,-0.1691965758800506,0.3509329140424728,-0.2748579746216535,-0.1891565441995859,-0.0704063400626182,0.1367838978767395,0.0793888196349144,-0.1264084116026759,0.0184095169156789,-0.2603030873075127,-0.0198131054639816,0.0237492620944976,-0.0741210281848907
1774471355616413200,113.7534130859375,-0.0428109677225351,0.1135281795024871,0.2087123085409402,0.0323314107954502,0.0680829063057899,-0.1580060571432113,0.2590089558437466,-0.1744791995495557,-0.1762251664340496,-0.0637321919202804,0.1046885401010513,0.0426419898867607,-0.1091840128183364,0.0563765517383813,-0.3221400964088737,-0.0183934941887855,0.0166915375739336,-0.0808407366275787
1774471355626440000,113.76343994140623,-0.0044856209814548,0.2490826416457071,0.2225321595788001,0.0486105158925056,0.0848746746778488,-0.1392046809196472,0.1569616630375385,-0.0559393293648958,-0.1621890422970056,-0.061869777739048,0.0886452347040176,0.0247072577476501,-0.0785629568442702,0.0743576141089201,-0.3311149185683578,-0.0222548115998506,0.0145905707031488,-0.0898795127868652
1774471355636468000,113.77346801757812,0.0480444844618439,0.358919382751733,0.2111561945617198,0.0694859027862548,0.104392759501934,-0.1287799924612045,0.0951326911121606,-0.0209597859203815,-0.1111105969667434,-0.0627227872610092,0.0766082853078842,0.0105272559449076,-0.0168228322461247,0.0322194310814142,-0.3339549642998725,-0.0190106034278869,0.0163204539567232,-0.1016261130571365
1774471355646495000,113.78349487304688,0.0525020483925938,0.3821636628801003,0.1798129617929458,0.0948264151811599,0.1110772937536239,-0.1278382986783981,0.0811959356963634,-0.0242044669300317,-0.0778238289147615,-0.0628334432840347,0.069134920835495,-0.0035278107970952,0.0128077513858675,-0.0194306766569614,-0.3190164479630067,-0.0100522628054022,0.0093829184770584,-0.1133898273110389
1774471355656522000,113.79352197265624,0.0262280817121267,0.3569250671293586,0.1699345418572425,0.1150560975074768,0.101408302783966,-0.1280179768800735,0.1057864793345332,-0.0365028074890375,-0.0213104990541934,-0.0568554438650608,0.0642418935894966,-0.0175237860530614,0.031117607319355,-0.0449772058457136,-0.2781148940583691,0.0027786395512521,0.004881449509412,-0.1253193914890289
1774471355666549000,113.80354907226562,-0.0225210438877344,0.3068620093867182,0.1792354541659355,0.1294685900211334,0.0750374048948288,-0.1247084736824035,0.1097328788727521,-0.0260240835726261,0.0952227074831724,-0.0436527319252491,0.0543323345482349,-0.0312875248491764,0.1042269749328494,-0.0504109213322401,-0.3227039408367127,0.0079502314329147,0.0106405355036258,-0.1365848332643509
1774471355676576300,113.813576171875,-0.0355514981135726,0.2361859333347529,0.1457739140689373,0.1346007883548736,0.0550876520574092,-0.1240861862897872,0.0945785643607377,-0.0251005389869213,0.1501274331033229,-0.0335404425859451,0.0398388765752315,-0.041072778403759,0.1728770250499248,-0.0961526818096637,-0.4257018854312598,0.009268844500184,0.019038463011384,-0.141876071691513
1774471355686603000,113.82360302734376,0.0195084180682897,0.1140005462545901,0.050399815416336,0.1296073496341705,0.0569265633821487,-0.1216461956501007,0.0798939131870865,-0.0356318698734045,0.1441015969425439,-0.0210709888488054,0.0275055132806301,-0.0372711159288883,0.1854480450704693,-0.0963029039353132,-0.4535728389795869,0.011123470030725,0.0456935092806816,-0.1455943882465362
1774471355696631000,113.83363110351564,0.0757344554200768,-0.0196489225175231,-0.0799485659837722,0.1142209991812706,0.0692199617624282,-0.1197805553674697,0.0388984704539179,-0.0370569342404603,0.0849345377027988,-0.0139965694397687,0.0225863885134458,-0.0179940890520811,0.1822343437209725,-0.0444002827405929,-0.4988001471288502,0.0106715261936187,0.0879683643579483,-0.1389294266700744
1774471355706658000,113.84365795898438,0.1644981960222125,-0.0988304496515542,-0.2048024416208267,0.10379259288311,0.0816965997219085,-0.1410067528486251,-0.0194590259686112,-0.0474701917052268,-0.0226291804373264,-0.0100656431168317,0.0266035683453083,0.0131423994898796,0.129746616114676,0.078445760205388,-0.5642788006681948,0.0059510739520192,0.1425024569034576,-0.1199876964092254
1774471355716685000,113.85368505859375,0.2484156656369567,-0.0775842480052262,-0.2151239291489124,0.0886604711413383,0.0728146359324455,-0.1621336936950683,-0.1270262512400746,-0.0126379477769136,-0.1590332086145877,-0.0093244854360818,0.0465037710964679,0.0561500526964664,0.0919365254193544,0.2254272964984178,-0.4937880180552601,0.001679457956925,0.184083953499794,-0.093522623181343
1774471355726712000,113.86371215820311,0.3351376712784171,0.0100754038125276,-0.1463765561372041,0.0798134505748748,0.0507154576480388,-0.1885980516672134,-0.2222626949876546,0.0964005190908908,-0.3030032881319522,-0.0119199976325035,0.0745508596301078,0.1122946143150329,0.0584238396570086,0.3031727994799614,-0.3572425355806946,0.0093397740274667,0.2142879217863083,-0.0616824030876159
1774471355736738800,113.87373876953124,0.317395970621705,0.0533451481532305,-0.0830365951269865,0.0742769986391067,0.0204410869628191,-0.2149702757596969,-0.3103542354166507,0.205027482548356,-0.3022586072444915,-0.0082637425512075,0.0875396281480789,0.1616382002830505,0.0080211016312241,0.280692672124505,-0.2013586213098838,0.0211412198841571,0.2229625433683395,-0.0231767334043979
1774471355746767000,113.88376708984374,0.1988660373091697,0.0564851997446268,-0.0560503885239362,0.0727994740009307,-0.0091229304671287,-0.238931804895401,-0.2553109781086444,0.2598456989288329,-0.1680325076282024,0.0052997670136392,0.0719914883375167,0.1857998222112655,0.0003954290583729,0.2434744098424911,-0.0255862218783237,0.0376610718667507,0.2122052311897277,0.0111578051000833
1774471355756793900,113.8937939453125,0.0999234325200319,0.0556211302611976,0.001633738681674,0.078509122133255,-0.0267817042768001,-0.2425135821104049,-0.1034805404797196,0.2028653360784053,-0.0027279636591672,0.0243166014552116,0.0334978923201561,0.172499731183052,0.0406958752647042,0.181588154771924,0.1399120545645244,0.0540759041905403,0.1928566396236419,0.0386274755001068
1774471355766821000,113.90382104492188,0.0643044221282005,0.0807969995066523,0.0756704502731561,0.079989843070507,-0.0218050517141819,-0.2508634030818939,0.0489966706201434,0.038074002328515,0.0763110862642526,0.0327596254646778,-0.0050367079675197,0.1320195347070694,0.0926914354398846,0.0500619617640972,0.2068841067330911,0.0644979178905487,0.170756384730339,0.0582824051380157
1774471355776848100,113.91384814453124,0.0735953975647687,0.1301429219558835,0.159295658943057,0.0788797587156295,-0.0119657795876264,-0.2391739785671234,0.1281391809180379,-0.1155494561970233,0.0357049351096153,0.0246910471469163,-0.0258200168609619,0.0772268623113632,0.0805661133602261,-0.0721948831170797,0.2035091138746589,0.0669526383280754,0.156544879078865,0.0792107731103897
1774471355786875100,113.92387524414065,0.1197536298885941,0.2156168272323906,0.219425425735116,0.0792664512991905,-0.0009919591248035,-0.2276816368103027,0.1533317821025848,-0.1978261728674173,-0.0880728357285261,0.011671544983983,-0.0258749537169933,0.0214709192514419,0.0451119381412863,-0.1152443357706069,0.1297611469635274,0.0552709475159645,0.1485612541437149,0.0927705243229866
1774471355796902000,113.93390185546876,0.130139999346435,0.3150214235100895,0.2703758607715368,0.079873651266098,0.0047302548773586,-0.2137949615716934,0.106657709211111,-0.195225050458312,-0.2320604509025812,-0.004464547149837,-0.0173560343682765,-0.0280353799462318,0.0337280820786952,-0.1572340502381324,0.0849361999369226,0.0418571382761001,0.1499636769294738,0.0968230590224266
1774471355806930200,113.94393017578123,0.1470546015292406,0.4202164397574961,0.2918681461334228,0.0806105434894561,0.0177046433091163,-0.1979102790355682,0.0965358359083533,-0.1528442908465862,-0.3295902662843465,-0.0147504042834043,-0.0096700154244899,-0.0695630684494972,0.019429507613182,-0.183622875469923,0.0551653310514055,0.0164748169481754,0.1501053571701049,0.0964219868183136
1774471355816957000,113.95395703125,0.150595342876017,0.4705092146027833,0.3018342443525791,0.0831247121095657,0.0332197174429893,-0.1783697456121444,0.1298421854436397,-0.0745201111942529,-0.3442816394597291,-0.0208612941205501,-0.0028485949151217,-0.1038318276405334,0.0242070972785353,-0.196771110856533,0.0463406670854892,-0.0010481607168912,0.1379229575395584,0.0904709324240684
1774471355826984000,113.96398388671876,0.1480789761409163,0.4885916915211826,0.2775415146172046,0.0832115337252616,0.0384043604135513,-0.1647314429283142,0.1698302046999335,-0.0220388133287429,-0.3802034321904182,-0.0241313930600881,0.0013637244701385,-0.1315633803606033,0.0137716279819607,-0.144711253273487,0.0458417593863327,-0.0216000415384769,0.1185210272669792,0.0776890963315963
1774471355837011200,113.97401123046876,0.0801394123807549,0.4658945604141801,0.2533896546572446,0.0842158943414688,0.0349128954112529,-0.1511571258306503,0.1860197074785828,0.0236737210541963,-0.4383978470057248,-0.0284774061292409,0.0124432742595672,-0.1452885121107101,0.0049321957051753,-0.0544663342028856,0.0331177407611627,-0.0394069105386734,0.0826431140303611,0.0558590814471244
1774471355847038000,113.98403784179688,0.0294710091561079,0.4234663083989173,0.2179313877850771,0.0858880877494812,0.0200282223522663,-0.1382399946451187,0.1497229439556598,0.0788280375212431,-0.4600865317225456,-0.0332901999354362,0.0236129723489284,-0.1469087302684784,0.0331064430490136,0.0674035571873188,0.0140789220991544,-0.0674409419298172,0.0532130599021911,0.0402042232453823
1774471355857066000,113.99406591796875,-0.0305287015154957,0.3788900115042924,0.139164725062251,0.0780737027525901,0.0077772354707121,-0.1285295784473419,0.1180737139776349,0.1462421161025762,-0.4249088353574276,-0.0411446616053581,0.0333502888679504,-0.1386342942714691,-0.0897615194678306,0.1175946982890367,0.0078656005422584,-0.0805292278528213,0.0582584924995899,0.0477074570953846
1774471355867093000,114.00409301757811,-0.0933542832627892,0.3617630817450583,0.0062263271689414,0.0652535110712051,0.004047212190926,-0.1136654093861579,0.0836629103317856,0.2189560546576976,-0.35849136659801,-0.0470563545823097,0.0418196693062782,-0.1222452744841575,-0.1493617094278335,0.1362976451933384,-0.0761818247282411,-0.0884659811854362,0.0728379637002945,0.0626959949731826
1774471355877120000,114.0141201171875,-0.1307449795022607,0.3765767661258578,-0.173206695395708,0.0421785861253738,0.0186457633972167,-0.095177561044693,0.023978256958723,0.2695323956847191,-0.269414906784892,-0.0501980856060981,0.0449539460241794,-0.1040361747145652,-0.168598324817419,0.19966741681993,-0.189026981269475,-0.1017537340521812,0.0751559808850288,0.0689217001199722
1774471355887147000,114.02414697265624,-0.1069435404151678,0.4187357727456837,-0.3423234911292791,0.0283988583832979,0.0523752272129058,-0.0709601044654846,-0.0247489490702748,0.3417021443605423,-0.1650917780011892,-0.0520483069121837,0.0471582487225532,-0.0888786911964416,-0.1508908186912536,0.2810147436857223,-0.1890582531905733,-0.1071663424372673,0.0639509931206703,0.0723590403795242
1774471355897174000,114.03417407226564,-0.0719113900005817,0.4639927453808486,-0.4377051885664463,0.0108679076656699,0.0917133241891861,-0.0482264757156372,-0.0441097753614187,0.3816606452614068,-0.095740009355545,-0.0570470616221427,0.0482645258307457,-0.0790345817804336,-0.1828220804810524,0.3093810064703226,-0.1178881830765865,-0.1066440865397453,0.0423077344894409,0.0769327729940414
1774471355907201000,114.04420092773438,-0.0598638093322515,0.4923276631791144,-0.4423965612530708,-0.0028875856660306,0.1124380528926849,-0.0285875275731086,-0.0202449156492948,0.3406365609556436,-0.0688134239852428,-0.0633442029356956,0.0496005713939666,-0.0820064842700958,-0.1886065091013908,0.2103776114046573,-0.1207179814087227,-0.105323426425457,0.0323424488306045,0.0832114443182945
1774471355917229000,114.05422900390624,-0.0920537220582365,0.4746235180538147,-0.372145213419199,-0.0081568825989961,0.1011461466550827,-0.0222634151577949,-0.005533376468718,0.2988210340112447,-0.0636708003997802,-0.0688436329364776,0.055398803204298,-0.0910263434052467,-0.218546889334917,0.115430798253417,-0.1593234419991262,-0.1023158356547355,0.0286214314401149,0.0934493392705917
1774471355927256000,114.06425610351565,-0.1462780641987919,0.4740949641350656,-0.2378840424895286,-0.0028982050716876,0.058631170541048,-0.0273460578173398,-0.0163438165575265,0.2660287714779377,-0.0741354957908392,-0.0711042955517768,0.0641809031367302,-0.10319085419178,-0.2050678145587444,0.0603752659857273,-0.2384855885792523,-0.0981415957212448,0.0018414822407066,0.0872993022203445
1774471355937283000,114.07428295898436,-0.1887798198416829,0.5046323604136705,-0.084098671400547,0.002298048697412,0.0170434974133968,-0.0318386405706405,-0.036048633980751,0.2640986801981926,-0.1022346320718526,-0.0760002508759498,0.073801040649414,-0.1120234951376915,-0.1589680344238877,0.0228168119639158,-0.2579302937615663,-0.092097632586956,0.0118745453655719,0.0842729806900024
1774471355947310000,114.08431005859374,-0.2327846735239029,0.5486423286624252,0.0336503406673669,0.0033763623796403,-0.0003634570166468,-0.0235082749277353,-0.060381403465569,0.271136323750019,-0.1341612176865339,-0.0762775167822837,0.0766285806894302,-0.1224501952528953,-0.1733250610783696,-0.0781534992605447,-0.3574363045871258,-0.0976670980453491,0.0101110003888607,0.0744214132428169
1774471355957337000,114.09433715820312,-0.2701025967881083,0.5462644205499441,0.1029845736563205,0.000316283898428,-0.0139594478532671,-0.01186397485435,-0.0324450565308332,0.2720850027769804,-0.1224666882395744,-0.0691969692707061,0.0749180391430854,-0.1339614391326904,-0.1246758887216448,-0.1113099189311265,-0.43920298937615,-0.0974510386586189,0.0074195144698023,0.0619940757751464
1774471355967365000,114.104365234375,-0.2677361599177122,0.4968238786198198,0.1381336284488439,-0.0058334879577159,-0.0093202209100127,0.003294738009572,-0.000980827730894,0.2450023500621318,-0.0943733971774578,-0.0623994171619415,0.0679097324609756,-0.144511878490448,-0.1060457147926092,-0.1091863509058952,-0.3910400296337902,-0.0901475846767425,0.0068248305469751,0.047855619341135
1774471355977391900,114.11439184570312,-0.2208645186275243,0.4322998954568058,0.1602291404008865,-0.0165223348885774,-0.0048795118927955,0.0169371627271175,0.0051353170618414,0.1621469567209482,-0.1015922425150871,-0.0567473880946636,0.053554493933916,-0.1502206325531005,-0.0425704369649291,-0.176151516675949,-0.3766334647491574,-0.0811729952692985,-0.0005677118897438,0.0298826210200786
1774471355987419100,114.12441918945312,-0.1163496666640043,0.3914854353137314,0.178165779107809,-0.0247578937560319,0.008000866509974,0.0295456331223249,0.0097299513757228,0.0783247641742229,-0.0891045168638229,-0.0522613897919654,0.0381533727049827,-0.1530617624521255,0.0172004333868622,-0.2093850932359695,-0.4038664857201278,-0.0754256248474121,-0.0143389180302619,0.0160767938941717
1774471355997446100,114.13444604492187,-0.0504693735212087,0.3447884930033236,0.1391886904597282,-0.0285209976136684,0.017855230718851,0.0371825210750103,0.0148673142641782,0.0148404262572526,-0.0492003764986991,-0.0504088960587978,0.0280354879796504,-0.1543358266353607,0.0575552401289343,-0.1897358053922653,-0.3496979654200375,-0.0647245049476623,-0.0367746762931346,-0.0016844891943037
1774471356007471600,114.1444716796875,-0.0147948335498571,0.3393769893486053,0.0903244140475988,-0.0296424552798271,0.0339521765708923,0.0469073168933391,0.0079608958765864,-0.0399070629745721,-0.0605605594247579,-0.0461486130952835,0.0138610079884529,-0.1488361060619354,0.1139750464871525,-0.184825821518898,-0.3289623436443507,-0.0575872361660003,-0.0553387701511383,-0.0135486051440238
1774471356017498400,114.15449829101564,-0.0183761991679668,0.3382194168113172,0.0758726948469877,-0.0250317472964525,0.0429197624325752,0.0481574945151805,-0.0105275314942002,-0.0879068315118551,-0.1099222639650106,-0.0410603769123554,0.0021225926466286,-0.1347474455833435,0.1586997388765215,-0.1863707128733396,-0.3439968311689794,-0.0570656061172485,-0.0748376250267028,-0.0212166830897331
1774471356027526700,114.16452661132811,-0.0429123822703957,0.3305595497079193,0.0829904178977012,-0.0198063589632511,0.0441096648573875,0.0439196042716503,-0.0295680397897958,-0.0893845028489828,-0.1091653081178665,-0.0331340804696083,-0.009040979668498,-0.1207720264792442,0.1852092678785324,-0.170670454916358,-0.3427569871757179,-0.0563316382467746,-0.09291622787714,-0.0273781716823577
1774471356037553700,114.1745537109375,-0.0961126420602202,0.3198790196090936,0.0978460417240858,-0.0197896622121334,0.0390036441385746,0.0419215224683284,-0.0585822450891137,-0.0890536634594202,-0.1349123283147811,-0.0265060067176818,-0.0168008990585804,-0.1029679924249649,0.1940004770994186,-0.114845107319951,-0.2960211376270279,-0.0504925735294818,-0.1116906851530075,-0.0232847202569246
1774471356047580400,114.18458032226565,-0.1246194823592901,0.2985808685798198,0.1058294416934251,-0.0182229243218898,0.0301497001200914,0.0352207422256469,-0.0573690699070692,-0.068037178915739,-0.172775902763009,-0.0203815624117851,-0.0241964291781187,-0.0859574079513549,0.2319204579100012,-0.0700251378625631,-0.2704612557663582,-0.0495796427130699,-0.1272083818912506,-0.0193842537701129
1774471356057607400,114.194607421875,-0.1354798990696668,0.2670564340252429,0.0817108994811773,-0.0200431197881698,0.019842505455017,0.0310728456825017,-0.0320057883307337,-0.0635123949676752,-0.173792386329174,-0.0118218967691063,-0.0374773479998111,-0.0746272578835487,0.2393660977408289,-0.0360305138021707,-0.2694797339157201,-0.0458599776029586,-0.1408416032791137,-0.0099905962124466
1774471356067634700,114.204634765625,-0.1292901045188307,0.2250546637937426,0.0186608613282442,-0.0187357738614082,0.0072936904616653,0.0306459423154592,-0.0116343236923217,-0.0546270777225494,-0.143691262575984,-0.0082124089822173,-0.0547180473804473,-0.064595989882946,0.2372834462478756,0.012081482937932,-0.2351875882134772,-0.0418793521821498,-0.1584434956312179,-0.0032346891239285
1774471356077662500,114.21466235351562,-0.1254404433533549,0.2050404150951653,-0.06479015981853,-0.018369248136878,-0.0015705153346061,0.0301686413586139,0.0237599380329251,-0.0485094716250896,-0.130341367137432,-0.0034613299649208,-0.0743945464491844,-0.0664815083146095,0.2297460364803671,0.0493400772303342,-0.1875656765452586,-0.0373019240796566,-0.1737416386604309,0.006715003401041
1774471356087689700,114.22468969726565,-0.132275550070405,0.2081108355164527,-0.1452244634926319,-0.0202853921800851,-0.0062132040038704,0.0302756987512111,0.0577612840950489,-0.054741644012928,-0.1257511167377233,-0.0037459507584571,-0.092790275812149,-0.0762064233422279,0.2076245133042335,0.1063765541821718,-0.1678477621784433,-0.0290495846420526,-0.1833356767892837,0.0140770459547638
1774471356097716500,114.23471655273435,-0.1242301907807588,0.2236470620181411,-0.1937052935451269,-0.0170853734016418,-0.0034226458519697,0.0302033424377441,0.0462106931634247,-0.0559194556206464,-0.1063292079091072,-0.0032439448405057,-0.1066315174102783,-0.0858081877231597,0.1836719753086566,0.1402232942044735,-0.1789909413529559,-0.0162570588290691,-0.1866025030612945,0.0170367751270532
1774471356107743500,114.24474340820312,-0.0904436565130949,0.2386033697400242,-0.2100391732305288,-0.0137441707774996,-0.0020726891234517,0.034001812338829,0.043185938514769,-0.0234328980356454,-0.0824111567050218,-0.0074716117233037,-0.1268136799335479,-0.0967352613806724,0.1451440917328,0.1766711566358804,-0.1858464698035269,-0.0055655324831604,-0.1872904002666473,0.0238853599876165
1774471356117770500,114.2547705078125,-0.0914671543419361,0.2543093267854303,-0.1875099460363388,-0.0116960145533084,0.0022571412846446,0.0344575718045234,0.0513746517978608,0.019291560447216,-0.0545820695370435,-0.0066614784300327,-0.1453535556793213,-0.107879526913166,0.1002025417223572,0.1746907964736223,-0.2419601693546399,-0.0007324437610805,-0.1817162781953811,0.0239459350705146
1774471356127797500,114.26479760742188,-0.0764274061203002,0.2497572895042598,-0.1205254910439252,-0.0104682967066764,0.0062383008189499,0.0397157147526741,0.0340673970356583,0.0375385802775621,-0.0143155256003141,-0.0062987823039293,-0.1610610783100128,-0.1145524382591247,0.0353241190984845,0.1675450163722038,-0.2572036599874496,0.0072216195985674,-0.1708588451147079,0.0305990427732467
1774471356137825500,114.27482543945312,-0.0487365583792328,0.2153168944377452,-0.0571861145555973,-0.0125638591125607,0.0101848831400275,0.0439626537263393,-0.0128662035748362,0.0672264470547437,0.0017424597531557,-0.0068593779578804,-0.1727025508880615,-0.1186832636594772,-0.0064718263626098,0.1502174494743347,-0.3062475307501852,0.008853493258357,-0.1508548557758331,0.037270464003086
1774471356147852500,114.2848525390625,-0.0310927651390433,0.1654003324937075,0.0109925186574459,-0.0203618593513965,0.0092522446066141,0.0484455525875091,-0.0684682638093829,0.0879658682227134,-0.0117371995449066,-0.0074374047107994,-0.1748328059911728,-0.1174783557653427,-0.0351090150430798,0.1307785895109176,-0.2596067756064236,0.0193569995462894,-0.1281876266002655,0.0436234362423419
1774471356157879600,114.29487963867189,-0.0304956760287284,0.1381404965810477,0.0741354957908392,-0.0224041249603033,0.0043518617749214,0.0465358793735504,-0.1123000990122556,0.0813321292966604,-0.0136398182958364,-0.0092454254627227,-0.1744240224361419,-0.1119493618607521,-0.076724343240261,0.0970446622133255,-0.2168918156042694,0.0305913854390382,-0.1130648255348205,0.0497494339942932
1774471356167906600,114.30490649414062,-0.049896249808371,0.1280873776655644,0.1225765783548355,-0.0240931008011102,8.84076580405e-05,0.0436303727328777,-0.1519075945183634,0.0701899730354547,-0.0398562095701694,-0.0078944396227598,-0.1699668765068054,-0.1068050935864448,-0.0654559302508831,0.0632856004744768,-0.1677051023047417,0.0426693521440029,-0.1006755381822586,0.0518874153494834
1774471356177933600,114.31493359375,-0.0646340924739837,0.1273555562596768,0.1490361307352781,-0.0184763073921203,-0.0057958867400884,0.0397725328803062,-0.1764011075228452,0.047552024769783,-0.0583113191932439,-0.0082923155277967,-0.164856269955635,-0.1017152592539787,-0.0847100812971591,0.0380137965738773,-0.169318163524568,0.053017858415842,-0.0814851596951484,0.0527031384408474
1774471356187961600,114.32496166992188,-0.0697784696251153,0.1412025875654071,0.1573778426229953,-0.0165154207497835,-0.0120409997180104,0.0352763161063194,-0.1905696258679032,0.0436591089844703,-0.072144029712677,-0.0052816765382885,-0.1579779833555221,-0.0952946245670318,-0.1081874029964208,0.0526800353080034,-0.1760046555511653,0.0589854680001735,-0.0671283230185508,0.0541396476328372
1774471356197988600,114.33498852539064,-0.0519236639827489,0.1772092090353369,0.1565986749440431,-0.0132317561656236,-0.0159547664225101,0.0339501425623893,-0.1960243841424584,0.029670331120491,-0.0805319188296794,-0.000135117676109,-0.1531906872987747,-0.0893381983041763,-0.0950157867342233,0.0273293209522962,-0.1556237654972821,0.070103995501995,-0.050724945962429,0.0484727546572685
1774471356208015400,114.34501538085938,-0.054223173096776,0.2110707813005894,0.1370066702455282,-0.0101446202024817,-0.0144407609477639,0.0345477573573589,-0.2048813520759344,0.0136737205654382,-0.1032289038062095,0.0009970115497708,-0.1503148078918457,-0.0833521857857704,-0.0695157270357012,0.0289782572031021,-0.1674355281157419,0.0783973485231399,-0.037479180842638,0.0449616461992263
1774471356218042600,114.35504272460938,-0.060881169681251,0.2082794700816273,0.1009440077394247,-0.0039983671158552,-0.0115314926952123,0.0368071012198925,-0.1790244417637586,-0.0083896426826715,-0.1238473289430141,0.001524849794805,-0.1471951752901077,-0.076119840145111,-0.1102744384035468,0.0526163224220275,-0.1686499088741838,0.0824466869235038,-0.0213571581989526,0.040081538259983
1774471356228069600,114.36506958007811,-0.0787853674232959,0.2111211963135749,0.0553355182528495,-0.0014872725587338,-0.013717683032155,0.0414857417345047,-0.1586535616472363,-0.0108352822691202,-0.1289876144409179,0.0044495700858533,-0.1443134546279907,-0.0712732672691345,-0.1131473634913563,0.0710024584621191,-0.125726749481447,0.0883250832557678,-0.014121881686151,0.0337035357952117
1774471356238096400,114.37509643554688,-0.0828816968262195,0.2081124429516494,-0.0033481413841247,-0.0016866116784512,-0.0115051241591572,0.0393454059958457,-0.1426031750783324,-0.0185012868523597,-0.1025941130340099,0.0076514887623488,-0.1419363170862198,-0.068018615245819,-0.1111833699420094,0.075353639408946,-0.0985152096899226,0.0916922912001609,-0.0108756078407168,0.0295472256839275
1774471356248124700,114.38512475585938,-0.0618207886189222,0.199764447453618,-0.056914311876893,-0.0042837262153625,-0.0054403077811002,0.0390703044831752,-0.1627323553934693,-0.0434048419624567,-0.1024228481203317,0.0094823911786079,-0.1344801932573318,-0.0670292824506759,-0.121527361562848,0.0655845250666141,-0.0952958640509284,0.093379408121109,-0.0074923280626535,0.0288212485611438
1774471356258151400,114.3951513671875,-0.0687798139765858,0.1721136394619941,-0.1094330191433429,-0.0061996090225875,0.0018216827884316,0.0363799259066581,-0.1419555248245596,-0.0481342085719108,-0.0981008932679891,0.0077476082369685,-0.1289075314998626,-0.062586598098278,-0.0904755129560828,0.068565002182126,-0.0830096523211337,0.0989647805690765,-0.0088454112410545,0.0268372930586338
1774471356268178400,114.40517846679688,-0.067714522832632,0.1520387466173619,-0.1455997265458107,-0.0074496963061392,0.0037958840839564,0.0351793728768825,-0.1315896136328578,-0.0030915362745523,-0.0915846432417631,0.011102364398539,-0.1235780045390129,-0.0578945651650428,-0.0707055213421583,0.0619096359461545,-0.0522138243020512,0.1066956669092178,-0.0119037851691246,0.0256362073123455
1774471356278205700,114.41520581054688,-0.0705982615754008,0.128400535267964,-0.1435123988777399,-0.0039984718896448,0.003075398504734,0.0328197255730629,-0.1330646546214819,0.0261404034286737,-0.0725134475469589,0.0150180105119943,-0.1175478100776672,-0.0537845119833946,-0.0542795794591307,0.0679606065481901,-0.0386857775513082,0.1092986613512039,-0.0097558004781603,0.0281778071075677
1774471356288232400,114.425232421875,-0.0761494659617543,0.1229404432311654,-0.1310480541020631,-0.0011398349888622,0.0041696913540363,0.0272001884877681,-0.1488499605134129,0.0527671290695667,-0.0890998406887054,0.0147395003587007,-0.1130000054836273,-0.0486176870763301,-0.0529606058150529,0.0678700056552887,-0.0441638984351418,0.1140020713210105,-0.0210028626024723,0.0332575216889381
1774471356298260500,114.43526049804689,-0.0901154474720358,0.1422025583881884,-0.1000426749855279,0.0038719768635928,0.0052805799059569,0.0265620816498994,-0.1295522625863552,0.0424631771981716,-0.1132195519447326,0.0140425506979227,-0.108016163110733,-0.0452447906136512,-0.0161094232797622,0.0377583605080842,-0.0185925818650051,0.1158707663416862,-0.0316523797810077,0.0351577922701835
1774471356308287700,114.44528784179688,-0.0901250920832157,0.1545670960512012,-0.0504898317873477,0.0079301018267869,0.006958904210478,0.0183624755591154,-0.1096133441463112,0.0373468570977449,-0.1495107625097036,0.016828529536724,-0.0981465503573417,-0.0456173494458198,0.0060252516388893,0.0394885453015565,-0.0273589306392706,0.1161602512001991,-0.0479738265275955,0.0339702889323234
1774471356318314500,114.455314453125,-0.0940866891905665,0.1583597663324326,-0.0334960268884897,0.0095643457025289,0.009575817734003,0.0167651213705539,-0.0673304919511079,0.0174129070937633,-0.1302688864231109,0.0183350797742605,-0.0901498720049858,-0.0510467328131198,0.0220692084670066,0.0606523293614387,-0.0470742146575823,0.1133991703391075,-0.0616728775203228,0.0351639539003372
1774471356328341500,114.46534155273436,-0.1049675641670823,0.1611599184449762,-0.0261941794425249,0.0105364006012678,0.007328110281378,0.0101801892742514,-0.0345014045387506,0.0335036256730556,-0.1499503229707479,0.0190062206238508,-0.0782994776964187,-0.0589353665709495,0.0240308639287948,0.0513520015746355,-0.1062220029412768,0.1026565060019493,-0.0628249645233154,0.0367868840694427
1774471356338368500,114.47536840820312,-0.1077215390503406,0.1554343073397874,-0.0214122058629989,0.0165101271122694,0.0136447744444012,0.004593682475388,-0.0494768553525209,0.0778133075207471,-0.1736807426482439,0.0179263092577457,-0.0693025141954422,-0.0612264797091484,0.0049292730957269,0.0016384148567914,-0.1733688454211689,0.0999923720955848,-0.0587320998311042,0.0443919897079467
1774471356348395500,114.4853955078125,-0.1036228715598583,0.1376378077559173,-0.0090711952060461,0.0170262474566698,0.0168632045388221,-0.0007219864055514,-0.0666372489899396,0.1110176579862833,-0.1665869849950075,0.0200170408934354,-0.0595553517341613,-0.0585640184581279,0.0118330611348152,-0.0158317753821611,-0.1890887396603822,0.0989833027124404,-0.064360424876213,0.0414675697684288
1774471356358423600,114.49542358398438,-0.1007218894213438,0.1314678869493305,-0.0050409167766571,0.0142688890919089,0.0201535820960998,-0.0001731198281049,-0.0421498734652996,0.1506067410528659,-0.1361485921114683,0.0224181469529867,-0.0598448403179645,-0.0552925914525985,-0.019149813888967,0.0247913269072771,-0.1505258030374534,0.0973695665597915,-0.0627436488866806,0.0414981395006179
1774471356368450600,114.50545043945311,-0.1028217843100428,0.1130608542516827,0.0048719899505376,0.0141093656420707,0.0222180634737014,-0.0097839357331395,-0.0263736276626586,0.1507271525621414,-0.1385141521990299,0.0244854465126991,-0.0548988133668899,-0.0544956065714359,-0.0265013456955552,0.055379357394576,-0.1631878440760076,0.1028341054916381,-0.0639801546931266,0.0413141176104545
1774471356378477600,114.5154775390625,-0.1044809496939182,0.1097694845560938,-0.0021469489008188,0.0158107355237007,0.0226807296276092,-0.0142314918339252,-0.0099707743942737,0.1256722062826156,-0.1703676725775003,0.0191524662077426,-0.0549925565719604,-0.050650268793106,-0.0108525256648659,-0.0105588034152984,-0.2122861849723383,0.1067797616124153,-0.0713036060333252,0.0331039503216743
1774471356388504600,114.52550463867188,-0.1243441725492477,0.1210745032288134,-0.0026835399955511,0.017362292855978,0.0197158344089984,-0.017943937331438,-0.0375675141111016,0.0987660791784524,-0.1631838985532522,0.0188232287764549,-0.0516272559762001,-0.0474569238722324,0.0217114810705184,-0.0674146631032228,-0.2827397043148055,0.1098860725760459,-0.0745369493961334,0.0272069126367568
1774471356398531300,114.53553125,-0.1134574523538351,0.1407638308219611,0.0046691608548164,0.016916474327445,0.0152586000040173,-0.021684281527996,-0.0379652812570333,0.0948901145279407,-0.1380821905225515,0.0201574712991714,-0.0468458160758018,-0.0392354801297187,0.0102510526403784,-0.0992781203538179,-0.3031146030193195,0.1184855550527572,-0.0614293292164802,0.0222600176930427
1774471356408558600,114.54555859375,-0.1076332762449979,0.1696687305279076,0.0142377841889858,0.0201913639903068,0.0101727610453963,-0.0262774359434843,-0.0449935724586248,0.0948275706857442,-0.1335878017127514,0.021854493767023,-0.0407638251781463,-0.0299911964684724,0.0343523514568805,-0.1554383989930153,-0.3157139358188957,0.1262627840042114,-0.0545237548649311,0.0215438939630985
1774471356418586400,114.55558642578124,-0.1055836502388119,0.1956840462721884,0.0088473233222961,0.0218687746673822,0.0026263273321092,-0.0261131972074508,-0.0711257925808429,0.0855284119427204,-0.1089531266719102,0.0253088809549808,-0.038202129304409,-0.0139773413538932,0.0242035901471972,-0.1256926645487547,-0.23917479468612,0.1376127302646637,-0.054955817759037,0.022659808397293
1774471356428613400,114.56561328125,-0.1263359308883547,0.2263979681614786,0.0179284554004669,0.0215521249920129,0.0030388510785996,-0.0289649106562137,-0.152775609524548,0.0501689292699098,-0.1009925230562686,0.0345926471054554,-0.0446589589118957,0.0008223095210269,0.0406546664714813,-0.069279287931323,-0.1571555051092058,0.1430977880954742,-0.0632433071732521,0.0277387220412492
1774471356438640600,114.575640625,-0.1264858607530593,0.2581464207302779,0.0099655136972665,0.0217938628047704,0.0013783280737698,-0.0284343957901,-0.2181640274971723,-0.0394435371160507,-0.1277951897859573,0.0370249152183532,-0.0501943416893482,0.0196940023452043,0.1100444290399551,-0.0580880318313837,-0.0458947042831219,0.1472719311714172,-0.0810596123337745,0.0322273075580596
1774471356448667600,114.58566772460938,-0.1494640007585287,0.2930238920398056,-0.0034942718565464,0.0238926988095045,0.0032284259796142,-0.0256633777171373,-0.2646367325976491,-0.1268026716172695,-0.1805108809292316,0.0333057194948196,-0.0457746237516403,0.0365189798176288,0.1377864224463701,-0.0416477691620588,0.0562506146706175,0.1512640118598938,-0.0937556996941566,0.0369048826396465
1774471356458694400,114.5956943359375,-0.1590019366934895,0.3013815321490168,-0.0072539166510105,0.0252020470798015,0.001349211204797,-0.0267550088465213,-0.2639750538185239,-0.1830430297553539,-0.2452858431786298,0.0235684048384428,-0.035762470215559,0.0481351539492607,0.0816322812870144,-0.0114051911115646,0.0500346353657543,0.141927033662796,-0.0876807942986488,0.0557986944913864
1774471356468722700,114.60572265625,-0.1924839350566267,0.2967618364591151,-0.0040396307796239,0.0289240814745426,-0.002944603562355,-0.0280029661953449,-0.1854328475013375,-0.1729962675154209,-0.3149836487829685,0.0094487695023417,-0.0224864762276411,0.0535465814173221,0.0104006902441382,0.0378004460841417,-0.0400744645638857,0.1202904507517814,-0.0806665644049644,0.0758264660835266
1774471356478749400,114.61574951171876,-0.2358379236146807,0.2807225558061152,-0.0121375970393419,0.0300930924713611,-0.0029609519988298,-0.0258277840912342,-0.090672789093852,-0.1218815818279981,-0.3346948959469795,-0.0020851141307502,-0.0079892929643392,0.0492655485868454,0.0082031801998615,0.0133399585664272,-0.0965262460961006,0.0915179476141929,-0.0749306380748748,0.0927364900708198
1774471356488776400,114.6257763671875,-0.2571086751803755,0.262252979266271,-0.0374403806000947,0.0349142141640186,-0.0014096610248088,-0.0300086811184883,0.0425540703520178,-0.0325982012659311,-0.3123807728081941,-0.0136140817776322,0.0011621890589594,0.0373609624803066,0.0404956765174865,-0.0045195232510566,-0.1305592476718127,0.0632498264312744,-0.0726323276758194,0.0990503132343292
1774471356498803700,114.6358037109375,-0.2652025497868657,0.2311496927332132,-0.0610164864987134,0.0373591929674148,0.0044535985216498,-0.0346582941710948,0.1814212737724184,0.0796212337255477,-0.2663064193755388,-0.0228464640676975,-0.0003720580425579,0.0159763116389513,0.04931991122514,-0.0328337635874748,-0.1743561028928495,0.0372520238161087,-0.0699955001473426,0.0979319065809249
1774471356508830500,114.64583056640625,-0.2648544670015573,0.1995441557664424,-0.0899111570715904,0.0387435033917427,0.006435789167881,-0.0407838299870491,0.3360676456049084,0.1689051988095045,-0.1870271309554576,-0.0252376869320869,-0.0088681960478425,-0.0087010227143764,0.0218058813557028,-0.0462538016527891,-0.2024714048573747,0.0121788950636982,-0.0832612365484237,0.0923147648572921
1774471356518857500,114.655857421875,-0.2594628370910883,0.1724194174755364,-0.0992383728653192,0.0381793975830078,0.0070588206872344,-0.0464889407157897,0.4363184103831649,0.2154091758310794,-0.1380377668589353,-0.0291232373565435,-0.0219818670302629,-0.0396501496434211,0.049760056208074,-0.0356564197927713,-0.2242090067498385,-0.0082527697086334,-0.1266259849071502,0.068530797958374
1774471356528885500,114.66588549804688,-0.2497369773685932,0.1615237102560699,-0.1129220303028821,0.0378398448228836,0.0086055845022201,-0.0574371963739395,0.4812652210906147,0.2241238126844167,-0.1690770482450723,-0.0329668894410133,-0.0375585742294788,-0.0676569044589996,0.0235597392857074,-0.0067506433039903,-0.2127577845394611,-0.0246226880699396,-0.1240080967545509,0.0612859353423118
1774471356538912500,114.67591259765624,-0.271270763784647,0.1772634234406054,-0.1217974106758832,0.0365372598171234,0.0065628816373646,-0.0634538978338241,0.4364665866822004,0.2292828028827905,-0.2153665057331323,-0.0373536460101604,-0.0512719899415969,-0.0897552818059921,-0.0655854018494486,-0.1270294661104679,-0.2646133151894435,-0.0327923484146595,-0.1105579733848571,0.0577714294195175
1774471356548939500,114.685939453125,-0.2683341258108616,0.196756205548346,-0.1157213056325912,0.0331886000931263,0.0091370930895209,-0.0664923042058944,0.3794368317320942,0.21427052718997,-0.2346335162609815,-0.0393654741346836,-0.0633839070796966,-0.1055505350232124,-0.0244660404756665,-0.1688198586136102,-0.3647342795755714,-0.0392126962542533,-0.1028356030583381,0.050539880990982
1774471356558966500,114.69596655273438,-0.2559130356550216,0.242275920772925,-0.1295943481624126,0.0305830463767051,0.0123208425939083,-0.0678447410464286,0.3078524817287921,0.1987351044058799,-0.2539274147957563,-0.0399987734854221,-0.0682596266269683,-0.1109237298369407,-0.0655108753085136,-0.0539881952971219,-0.381296451591514,-0.0434738285839557,-0.103875808417797,0.0414582006633281
1774471356568993500,114.70599365234376,-0.2372539278924465,0.2716038681965321,-0.1238081659764051,0.0303452257066965,0.013371193781495,-0.059612113982439,0.228552735042572,0.1845592795372009,-0.2487561496376991,-0.0445832796394825,-0.0703262314200401,-0.108109600841999,-0.0883940305069088,0.0560205779075622,-0.4120119443833828,-0.0503804720938205,-0.1149753332138061,0.0362469255924224
1774471356579021600,114.716021484375,-0.2275701537460088,0.3246194190692156,-0.1190922433704137,0.0270076114684343,0.0107452403753995,-0.0527285635471344,0.1749976704657077,0.1707037726640701,-0.2310772850841283,-0.0439212173223495,-0.0726692825555801,-0.1019073650240898,-0.1393184543192386,0.1273439388871192,-0.3771283721266314,-0.0445255115628242,-0.1249949410557746,0.0364208295941352
1774471356589048600,114.72604858398438,-0.197944246289134,0.3691963004857301,-0.1105289976865053,0.02246905118227,0.0149948466569185,-0.0426405109465122,0.1082043541312217,0.183585466068983,-0.2013736362159252,-0.039829920977354,-0.0803799405694007,-0.094510331749916,-0.1067293131425976,0.1366249774515628,-0.3393189024858176,-0.0351953916251659,-0.1423124223947525,0.032321959733963
1774471356599075600,114.73607568359375,-0.1624392176657915,0.4160186958067119,-0.080303370770812,0.0206110086292028,0.0247698575258255,-0.0357494950294494,0.074956456784904,0.1853986529707908,-0.1571130542069673,-0.0326902493834495,-0.0895694494247436,-0.0820928141474723,-0.1071209428086876,0.1445452490568161,-0.3010013737250119,-0.0191057249903678,-0.1665360629558563,0.030429208651185
1774471356609102600,114.7461025390625,-0.150311849759519,0.444573466900736,-0.068477323898673,0.0176828633993864,0.0321052707731723,-0.0280044898390769,0.0082198390737175,0.1845575259715318,-0.0967851344943046,-0.0252428594976663,-0.103484459221363,-0.0775532200932502,-0.1480780993580818,0.1641898607254028,-0.2396895027426071,-0.0043920259922742,-0.190579354763031,0.0286723207682371
1774471356619129300,114.75612939453126,-0.1516463132336735,0.4368494485199451,-0.0482797545224428,0.0162939336150884,0.0361585766077041,-0.0191760156303644,0.0224389185622334,0.1585796196281909,-0.0662058718353509,-0.0229927543550729,-0.111974611878395,-0.0794499218463897,-0.1455474118366837,0.1710018788278103,-0.168938297361508,0.0076716281473636,-0.2143963426351547,0.0311545506119728
1774471356629156600,114.76615649414065,-0.1631084952294826,0.4017233362115919,-0.0239478618204593,0.0149189438670873,0.0386100113391876,-0.0114685613662004,-0.0122781745538115,0.1573041928648948,-0.0637315906763076,-0.0191705282777547,-0.1206236779689788,-0.0841254293918609,-0.1937511785134673,0.1350572897434234,-0.153337042799592,0.0156216965988278,-0.2265179902315139,0.0355975031852722
1774471356639184400,114.77618432617189,-0.1725716123625636,0.3590956161014735,0.0095505031555891,0.0188610237091779,0.0351747572422027,-0.0023914473131299,-0.0535325604841113,0.1440162567466497,-0.0889490340411663,-0.0121112875640392,-0.1231017485260963,-0.0942257344722747,-0.2193947383359074,0.097442721620202,-0.1848469556384719,0.0178398322314023,-0.2347557693719864,0.0394332483410835
1774471356649211600,114.78621166992188,-0.1530132176727056,0.3212432936996221,0.0490063152313232,0.0203792918473482,0.0306172873824834,0.0087059447541832,-0.0839317904010415,0.1259060150384902,-0.1286322251319885,-0.0122845647856593,-0.1191399097442627,-0.10657949000597,-0.1600423856571316,0.0722311234742403,-0.164640819363296,0.0113257402554154,-0.246496319770813,0.035956222563982
1774471356659238700,114.79623876953124,-0.1276943597599864,0.2963409076333045,0.0676397040307521,0.0213752351701259,0.0254528447985649,0.0169361904263496,-0.0807940768972039,0.1054758059501647,-0.1308428869187831,-0.0138254705816507,-0.1137238442897796,-0.1203190088272094,-0.1450996680691838,0.0446750080287456,-0.1032565955307334,0.0059321993030607,-0.2617948651313782,0.0280279349535703
1774471356669265400,114.80626538085936,-0.1293877196744084,0.2858957937255502,0.0607511135607957,0.0174393504858016,0.0244227349758148,0.0270109288394451,-0.0239887783527374,0.1214817688554525,-0.1257172144681215,-0.0121686477214097,-0.1099884137511253,-0.1356814503669738,-0.1388023214906454,0.0236579389631748,-0.0861727742608636,0.0019779379945248,-0.2751641869544983,0.019567871466279
1774471356679292400,114.81629248046876,-0.1375531982123851,0.306982859287411,0.0391857629626989,0.0151965171098709,0.0241904444992542,0.0390384718775749,0.02411445055902,0.1283843878507614,-0.0990729531705379,-0.0044167186133563,-0.1147088631987571,-0.1540942788124084,-0.1351715637728572,0.0177618666619062,-0.0828736048513092,-0.0023675910197198,-0.2824604213237762,0.0128368474543094
1774471356689319700,114.82631958007812,-0.1261164429187774,0.3257606980588287,0.016680501165986,0.0085141137242317,0.0261185765266418,0.046321153640747,0.0775882665932178,0.1426817932724952,-0.123716980561614,-0.0002406467683613,-0.1225232556462287,-0.1755954176187515,-0.1830146804437041,0.0586941810309886,-0.1010238680426031,-0.0078284023329615,-0.2807019650936126,0.0074074617587029
1774471356699347500,114.83634741210938,-0.1327431675821542,0.3224911748688668,-0.0068991118639707,0.0013794787228107,0.0246735718101263,0.0552503652870655,0.1203960194453597,0.1319149000644683,-0.1421054546892642,0.0012408695183694,-0.1307867914438247,-0.197427213191986,-0.1564820628270506,0.0613625234574079,-0.1217729338217526,-0.0124419881030917,-0.2820972204208374,0.0002369359135627
1774471356709374500,114.84637451171876,-0.136393506783247,0.32332199966982,-0.0306739552050828,-0.0069671343080699,0.0220162700861692,0.0642750263214111,0.1518947350367903,0.1156371344804763,-0.1158089839160442,0.0044380258768796,-0.1430579423904419,-0.2163629829883575,-0.1736325195923447,0.0574456422746181,-0.1439964926002547,-0.0136518627405166,-0.2826452851295471,-0.0021998565644025
1774471356719401500,114.8564013671875,-0.138409522780776,0.3336952904503792,-0.0445242013812065,-0.0111359637230634,0.0205951519310474,0.074598953127861,0.1583674381822347,0.1075730704903602,-0.0547545034945011,0.0061528347432613,-0.156120479106903,-0.2351728826761245,-0.1429509656026959,0.0632920302152633,-0.1419769329387694,-0.0105449203401803,-0.2809838354587555,-0.0088105704635381
1774471356729428500,114.86642846679688,-0.1339051970988512,0.3356066039644181,-0.0567886396706104,-0.0109506081789731,0.0202034004032611,0.0819761753082275,0.1471069162383675,0.0904068316340446,-0.0313175138056278,0.0104658799245953,-0.1640269607305526,-0.2550587356090545,-0.1292564945101738,0.0663262833446264,-0.1879603384186513,-0.0113816848024725,-0.2762514054775238,-0.0126710887998342
1774471356739455500,114.87645556640624,-0.1330107324771583,0.3348481137473136,-0.0597048193782567,-0.0139288082718849,0.0296304412186145,0.0892366617918014,0.0965644774809479,0.0672878218531608,-0.0350134457141161,0.0144438445568084,-0.1714260280132293,-0.2718140184879303,-0.13362754920125,0.0514122073292732,-0.2099689392722211,-0.0069043785333633,-0.2804418802261352,-0.0118180774152278
1774471356749483500,114.8864833984375,-0.1281304130896925,0.3309190306700766,-0.0674047262310981,-0.009362818673253,0.0304975658655166,0.0967957749962806,0.0486626163601875,0.0616764117121696,-0.0171124628424644,0.0192433930933475,-0.1777182668447494,-0.2803342640399933,-0.0966518635034561,0.0645002369612455,-0.1444200335082598,0.0015756587963551,-0.2863897681236267,-0.0137243680655956
1774471356759510500,114.89651049804688,-0.131604957332462,0.3304371654372662,-0.0531400540351867,-0.0102985743433237,0.0360606908798217,0.1047146841883659,0.0135340198338031,0.0567073911279439,-0.0232125332832336,0.0243286993354558,-0.1803105920553207,-0.2900691926479339,-0.0661798606112599,0.0728928022533655,-0.1060021313792094,0.0106845963746309,-0.2878059446811676,-0.0154614821076393
1774471356769537500,114.90653759765624,-0.136178987249732,0.3058567778669298,-0.049987727484107,-0.008983239531517,0.0344212464988231,0.1098721623420715,-0.0383715239703655,0.0454945077180862,-0.0648895285397768,0.0278743542730808,-0.1755106300115585,-0.294194757938385,-0.0471335070967674,0.0790513248831033,-0.1231377011026255,0.0191180277615785,-0.290689080953598,-0.0184032097458839
1774471356779564500,114.916564453125,-0.1297058457128703,0.2863303126852959,-0.0415548301815986,-0.0097447512671351,0.0272561758756637,0.1128265857696533,-0.0842760737940669,0.0305529591739177,-0.0922732100278139,0.0304261930286884,-0.1677650958299636,-0.2938245832920074,0.0175882636606693,0.068977090114355,-0.1684577473029494,0.0197666808962821,-0.2988435626029968,-0.0289894565939903
1774471356789591600,114.92659155273438,-0.1328176941230893,0.2607594527728855,-0.0480880313426256,-0.0113096246495842,0.0238491930067539,0.1138511002063751,-0.1103403432466089,0.0271948809176683,-0.0761585260510444,0.0322898142039775,-0.1614090651273727,-0.2910990715026855,0.0473553331539034,0.0270516730546951,-0.1290314170500263,0.0224556755274534,-0.3122943937778473,-0.0387723110616207
1774471356799618600,114.93661865234375,-0.1330474112257361,0.2417676059246063,-0.0339963776260614,-0.0114568620920181,0.0205517262220382,0.1170030385255813,-0.1105133617259561,0.0376110609918832,-0.0829004015266895,0.0410079360008239,-0.1570484042167663,-0.2875235080718994,0.027298049031198,0.0110346042335033,-0.1115158532993867,0.0279473792761564,-0.3150669932365417,-0.0468853637576103
1774471356809646600,114.946646484375,-0.136983727761358,0.207101366212964,-0.0200397484660148,-0.0174407195299863,0.0173423513770103,0.1133302822709083,-0.107668639819324,0.0245364753633737,-0.0708019674539566,0.0499346405267715,-0.1519285589456558,-0.2861722409725189,0.0429848629847168,0.0340811333000659,-0.1136520616104826,0.0281431227922439,-0.318778395652771,-0.0557457022368907
1774471356819673600,114.95667358398435,-0.1280842358604073,0.190411512696743,-0.0056131637066602,-0.0174898616969585,0.0194104872643947,0.113340750336647,-0.108339963209629,0.0055173021167516,-0.0844786106288433,0.0544881112873554,-0.1470025032758712,-0.2836044430732727,0.0868856717705726,0.0094826986163854,-0.1256688087491318,0.0313909836113452,-0.3249977827072143,-0.071283720433712
1774471356829700400,114.96670043945312,-0.1047650273323059,0.1640795322187244,0.0169768537640571,-0.0172792058438062,0.0196384526789188,0.1134962737560272,-0.0972366776540875,-0.0157072722196578,-0.0551022940188646,0.0547426305711269,-0.14531871676445,-0.2807722091674804,0.0920221578761935,-0.0105254856675863,-0.1182995951553806,0.0262649338692426,-0.3269075155258178,-0.0817406177520752
1774471356839727600,114.9767275390625,-0.1087945751093328,0.1652502564985305,0.0399731139481067,-0.0183442831039428,0.0247612670063972,0.1104349792003631,-0.0442632123574614,-0.0265869781523942,-0.0232686473846435,0.0562140271067619,-0.1498008072376251,-0.2788331806659698,0.0737187316834926,0.0084936875790357,-0.1114579490996897,0.0308327060192823,-0.3229553997516632,-0.0903161689639091
1774471356849754600,114.98675463867188,-0.1262513213448226,0.1968685798816382,0.0615776275128126,-0.0181421488523483,0.0194061826914548,0.1071989759802818,-0.0279500831991434,-0.041488779208064,-0.0098830961108207,0.0565105825662612,-0.1555828005075454,-0.2781356573104858,0.097062197870016,0.0161702135562896,-0.1011344157449901,0.0281272009015083,-0.3182786107063293,-0.0985615849494934
1774471356859782400,114.99678247070312,-0.1137456216454505,0.214087206512317,0.0585235006392002,-0.0152327269315719,0.0236209612339735,0.1089753955602645,-0.0269017431899905,-0.0778390264838933,-0.012072130587697,0.0605766959488391,-0.1666993647813797,-0.277037113904953,0.1036126424267888,0.0207902745723724,-0.1239352629547938,0.0272614192217588,-0.3116712272167206,-0.1072205752134323
1774471356869809700,115.0068095703125,-0.1353933898299932,0.2124577786795795,0.0396866982221603,-0.0153528358787298,0.015345187857747,0.1058530956506729,-0.0104667412176728,-0.0736854139357805,0.0273339971274137,0.0659213662147522,-0.1752274930477142,-0.2780742049217224,0.1033037226080894,0.0283154093801975,-0.086374251649715,0.0302390996366739,-0.2992515861988067,-0.1092621535062789
1774471356879836700,115.01683666992189,-0.1337900462865829,0.2222331766322255,0.0278027836829423,-0.0177994593977928,0.0145742762833833,0.1032801270484924,-0.0332052272483706,-0.0704302115321159,0.0311924261212348,0.0708599314093589,-0.1842289716005325,-0.2739886343479156,0.0798681942239403,0.0663929188400506,-0.0723593894964084,0.0296769868582487,-0.2878217995166778,-0.109878234565258
1774471356889863400,115.02686352539062,-0.1234573067121207,0.2363690348166972,0.0161965170413255,-0.0160723999142646,0.0110242823138833,0.1074240058660507,-0.0621919600188732,-0.0799146637141704,0.0162286657452583,0.0722270831465721,-0.1917698383331298,-0.2687104940414428,0.0564732901111245,0.0626262597829103,-0.0733755442690104,0.0290852319449186,-0.2724798619747162,-0.1052163690328598
1774471356899890400,115.03689038085938,-0.1317604401551187,0.2451752954762429,0.0013958382725715,-0.0167580936104059,0.0020287707448005,0.1044190749526023,-0.104491617218405,-0.0787526341974735,0.0188069918006658,0.0759336724877357,-0.1945831924676895,-0.2603851854801178,0.0568999910905957,0.0526806198298931,-0.0586375189403072,0.0281594842672348,-0.2502538859844208,-0.0985223948955535
1774471356909917700,115.04691772460936,-0.1503298238076269,0.2290725211329758,-0.0084200378209352,-0.0173320043832063,-0.0045316601172089,0.1053415909409523,-0.1251353229269385,-0.0573620556443929,0.0132458505421876,0.0755372941493988,-0.1908599138259887,-0.2491654455661773,0.0795005299553275,0.0620177724957466,-0.0399000487118959,0.0319683365523815,-0.2296634018421173,-0.0919515788555145
1774471356919945500,115.05694555664064,-0.1468763223528862,0.2151295551721006,-0.0160153152555227,-0.0161863733083009,-0.011951788328588,0.1100906208157539,-0.1625628440454602,-0.0452718048781156,0.0021329203754663,0.0770062878727912,-0.1892217993736267,-0.2382821589708328,0.0933572058722376,0.0819692581564188,-0.0181056385982781,0.0340698063373565,-0.2134739756584167,-0.0833011195063591
1774471356929972700,115.06697265625,-0.1552998673051595,0.2136533451396972,-0.0096668230116367,-0.0198671277612447,-0.0164996683597564,0.1139769703149795,-0.1735682221844792,-0.063663786137104,-0.0174953246802091,0.0788786187767982,-0.1862859725952148,-0.2253112494945526,0.1082990466773509,0.0833019680649042,-0.0042159371946007,0.0403330288827419,-0.1928046494722366,-0.0786800011992454
1774471356939999500,115.07699951171875,-0.137276573228091,0.2021037040561437,-0.0024713585495948,-0.0172094050794839,-0.0195606462657451,0.1127088740468025,-0.2065213743679225,-0.0564005171358585,-0.0083399583220481,0.082846999168396,-0.1855000704526901,-0.2117238044738769,0.1413724642395973,0.0731119979619979,0.0251542054029181,0.046124305576086,-0.1752988845109939,-0.0708267539739608
1774471356950026500,115.08702661132811,-0.1352167180888354,0.2090048617467284,-0.0095493341118097,-0.0189825389534235,-0.0250057466328144,0.1146500557661056,-0.2166971698150038,-0.0538853194445371,0.0284592017650604,0.0857657864689827,-0.1805528998374939,-0.2053259909152984,0.2006628575980663,0.1030062009662389,0.0419300932347774,0.0466023422777652,-0.1617545783519745,-0.0662080347537994
1774471356960053500,115.09705346679688,-0.1547907487392425,0.208571511830762,0.0004226093262434,-0.0157154127955436,-0.0329680256545543,0.1186772510409355,-0.1941053987786173,-0.0660544806659221,0.0075818334311246,0.0827723890542984,-0.1717950999736786,-0.1954459249973297,0.1954664579987526,0.1406973414570093,0.0274161224529147,0.0475115068256855,-0.1501263976097107,-0.0539254210889339
1774471356970081500,115.10708154296876,-0.1584720676004886,0.2101946560531854,-0.0013701193094253,-0.0163204837590456,-0.0403172858059406,0.1224895641207695,-0.2666702842518687,-0.0749649323523044,-0.0755371792823076,0.0815893337130546,-0.1573304980993271,-0.1795104295015335,0.1870037500798702,0.1254302142202854,0.0204528958441689,0.0451625995337963,-0.1279710233211517,-0.0395387597382068
1774471356980108500,115.11710864257812,-0.1583485873512923,0.2196615725785493,0.0275730665802955,-0.017686404287815,-0.0517997741699218,0.1246019303798675,-0.2985540536381304,-0.0647960050374269,-0.0844154822647571,0.0749506056308746,-0.1408023834228515,-0.1633778065443039,0.1720981496319174,0.0927829131156206,0.0374713602602481,0.0479024313390255,-0.0995760858058929,-0.024705234915018
1774471356990135600,115.12713549804688,-0.1604195484064519,0.2278053507413715,0.0343880072921514,-0.0193476844578981,-0.0526637062430381,0.1246173679828643,-0.2852764927834272,-0.0302449161380529,-0.0511871664017438,0.0724439471960067,-0.1268873810768127,-0.1472407281398773,0.1815492840662598,0.0817050542622804,0.0401747740000486,0.0508438907563686,-0.077851615846157,-0.0117779858410358
1774471357000162600,115.13716259765626,-0.1596627386897802,0.2255669241648167,0.0378442852258682,-0.0224954336881637,-0.0598667412996292,0.125492051243782,-0.2608168820485472,-0.0209948572337627,-0.0643769028425216,0.0688303038477897,-0.1135982051491737,-0.1332231909036636,0.2028524765968322,0.0724152478694915,0.0582471313832327,0.0533712022006511,-0.0639823824167251,-0.0048685669898986
1774471357010190000,115.14719018554688,-0.1441213245563209,0.2189438527632504,0.0412432800143957,-0.0238983873277902,-0.0612507835030555,0.1243106722831726,-0.2356687045276164,-0.0536690463453531,-0.0702308895677328,0.0662617087364196,-0.1033092066645622,-0.1258983314037323,0.2157122504308819,0.0618213731408119,0.0759733422098681,0.0527757182717323,-0.0535012483596801,-0.0038448479026556
1774471357020216800,115.157216796875,-0.1289040278106927,0.2116569836907088,0.0312304200440645,-0.0253455489873886,-0.0644758716225624,0.1222483217716217,-0.2298176404118537,-0.0793108526021242,-0.0778571466624736,0.0652339905500412,-0.0939290151000022,-0.1172462478280067,0.185995157559216,0.06104162093997,0.0475466544749215,0.0533387213945388,-0.0363381430506706,9.5525756478e-06
1774471357030245000,115.1672451171875,-0.1295259591013193,0.2105961495261639,0.0081646017551422,-0.0228293947875499,-0.0597828552126884,0.1162372976541519,-0.2310688095167279,-0.0896621507465839,-0.054340661996603,0.0647906512022018,-0.083434909582138,-0.1091107949614524,0.1365013510718941,0.0655167205274105,0.0232453395742923,0.0531744062900543,-0.0160017125308513,0.0030612689442932
1774471357040272000,115.17727197265626,-0.1521878727644681,0.1674311807341873,-0.0010240823507308,-0.0223822407424449,-0.0608453713357448,0.1121274903416633,-0.1932888216987252,-0.0912310074985027,-0.06579729103446,0.0605495646595954,-0.0719260573387146,-0.0980727896094322,0.1090858131408691,0.0661421589493751,0.0020460823422297,0.0480920225381851,0.0043754163198173,0.0067261746153235
1774471357050299000,115.187298828125,-0.1513718802064657,0.1361621091801673,-0.0085351886332035,-0.0215529315173625,-0.061263483017683,0.108392409980297,-0.2070736014232039,-0.0791571233451366,-0.1008124903142452,0.054935485124588,-0.0620816871523857,-0.0858723521232605,0.0854383955717086,0.0573468580752611,-0.0069625324890017,0.042222149670124,0.0226111449301242,0.0106474123895168
1774471357060326100,115.197326171875,-0.1457234990559518,0.1215809914462268,-0.0156879829972982,-0.0198858622461557,-0.0627020820975303,0.1022652834653854,-0.2042354553878307,-0.075471128308773,-0.0956155061930418,0.0527506247162818,-0.0494551062583923,-0.0759211853146553,0.0806850635647773,0.0511567712634801,-0.0024592297203838,0.0370209217071533,0.0352116525173187,0.0121744340285658
1774471357070353200,115.20735327148438,-0.1403966049447655,0.0927647198718041,-0.0179454065352678,-0.0191425736993551,-0.0592849776148796,0.0976902395486831,-0.1926055156096816,-0.0804722975969314,-0.0666121145486831,0.0531424880027771,-0.0385732017457485,-0.0649682134389877,0.0950815454468131,0.0769885471343994,0.0193265952279791,0.0358813554048538,0.0456834658980369,0.0101749319583177
1774471357080380000,115.2173798828125,-0.1442715466819703,0.0788686617925763,-0.0237152221083641,-0.0191345252096653,-0.056640587747097,0.0913612395524978,-0.1728048365965485,-0.086614453613758,-0.0501285972595214,0.0510353967547416,-0.0312913209199905,-0.0552538000047206,0.0601452566221356,0.1128659162014722,0.0200052616745233,0.034499030560255,0.051565121859312,0.0092909596860408
1774471357090408200,115.227408203125,-0.1623977166116237,0.077291329473257,-0.0326426249295473,-0.0218815747648477,-0.0554120689630508,0.0839491337537765,-0.1513946765601634,-0.0648211394786834,-0.0341600437551736,0.0489193312823772,-0.0277505237609148,-0.0458440035581588,0.0395239088758826,0.1393003341406583,0.0148021035408601,0.0354673564434051,0.0589977353811264,0.0100350473076105
1774471357100435000,115.23743505859376,-0.1562045610599219,0.0955071504477411,-0.0372656085550785,-0.0261489562690258,-0.0550605803728103,0.0755386054515838,-0.1506735226787626,-0.0336789822399616,-0.0232213011115789,0.0448596067726612,-0.0235339421778917,-0.0351985469460487,-0.0020016952112317,0.1392342831671237,0.0156138583151623,0.0404632650315761,0.0675593316555023,0.0127965211868286
1774471357110462000,115.2474619140625,-0.1464189339742064,0.1254150166511535,-0.0267863001167774,-0.0318097695708274,-0.0474404767155647,0.0704548954963684,-0.1702338170647621,-0.0112345107197761,-0.0116296475172042,0.0460640639066696,-0.0175554305315017,-0.0258584041148424,-0.0392553210675716,0.1424947462677955,-0.0251159192191436,0.0377542972564697,0.0778311491012573,0.0170972608029842
1774471357120489200,115.2574892578125,-0.1243780748188495,0.1557995604556054,-0.0302659589260816,-0.0343893654644489,-0.0447762235999107,0.0669322460889816,-0.1717993128158152,0.0243546890556812,-0.0356985053688287,0.0440331399440765,-0.0091763269156217,-0.0150837861001491,-0.0342836701348423,0.1412900466531515,-0.0792739911904558,0.044584359973669,0.095063142478466,0.0119989588856697
1774471357130516000,115.26751586914062,-0.1112508822202682,0.1689955805066972,-0.0496773463606834,-0.0328436680138111,-0.0406946614384651,0.0646304786205291,-0.1885617931768298,0.026216391274333,-0.0446732544630765,0.0422617346048355,0.0004402966005727,-0.0060263876803219,-0.0646823155298829,0.1375444303840398,-0.1157866990189999,0.0386170148849487,0.11024209856987,0.0148562649264931
1774471357140544000,115.2775439453125,-0.1028594859719276,0.1563421428997069,-0.0541179591566324,-0.0301790125668048,-0.0465317890048027,0.062394130975008,-0.1624656672812998,0.0284171161890029,-0.0325531930804252,0.0429320521652698,0.0069969994947314,-0.0001205620355904,-0.0671057432845234,0.1182780043780803,-0.1346639430442824,0.0390959270298481,0.1173951029777526,0.0078206378966569
1774471357150571000,115.28757104492188,-0.117778822684288,0.1587441625401377,-0.078611764422059,-0.0283480882644653,-0.0493001453578472,0.0618367306888103,-0.172981069946289,0.0296159705847501,-0.0149438866317272,0.0450714901089668,0.0125966193154454,0.0052120955660939,-0.0332625103935599,0.0986854151576757,-0.0942626302793622,0.0383246764540672,0.12083350867033,-0.000198938883841
1774471357160598000,115.29759790039064,-0.1361310564547777,0.1823032442387193,-0.0663975950151681,-0.0294939689338207,-0.0501555167138576,0.0542576313018798,-0.1839469928577542,0.0406540819495916,-0.0080845222562551,0.0482044331729412,0.0191013906151056,0.0141952037811279,-0.0512023639708757,0.1000035120189189,-0.095612802779302,0.0404713414609432,0.127091184258461,-0.0081119127571582
1774471357170625000,115.307625,-0.1507721607476472,0.20126440368779,-0.0449900653272867,-0.0267538428306579,-0.0511685833334922,0.0493070781230926,-0.1828865240193903,0.0366460153520107,0.0075549454241991,0.0520406775176525,0.0252192206680774,0.0190497431904077,-0.0556780480802059,0.1149894842267036,-0.1256711468366906,0.0434588752686977,0.1300496906042099,-0.0134201245382428
1774471357180652000,115.31765209960938,-0.1556838981866836,0.2035869283512234,-0.0244563958644866,-0.0243673250079154,-0.0516757741570472,0.0484649986028671,-0.1497998085841536,0.0206102418303489,-0.0001969838768243,0.0574367754161357,0.0263800919055938,0.0256823450326919,-0.0366392933502793,0.0792483087599277,-0.1013637492551468,0.040250789374113,0.1152137145400047,-0.0193496774882078
1774471357190679000,115.32767895507811,-0.1585772815406322,0.1996113027185201,0.0044780221968889,-0.0253494977951049,-0.0519460849463939,0.0455834567546844,-0.172369367788732,0.0109890115261077,0.0350683907717466,0.0614712759852409,0.0265240836888551,0.0298603437840938,-0.0033750293910503,0.0732236416429281,-0.0400516042781062,0.0463693998754024,0.0981146171689033,-0.0284182745963335
1774471357200707000,115.33770703125,-0.1686369032621383,0.1780599075805395,0.0263923323631286,-0.0223983209580183,-0.0515634194016456,0.0462097227573394,-0.1207736205860972,0.0081996730685234,0.0367781172990798,0.0650883764028549,0.0229937974363565,0.033498752862215,0.0552025395229458,0.055584524577856,0.0356513965577818,0.0516169928014278,0.0792183279991149,-0.0384689904749393
1774471357210734000,115.34773413085938,-0.1637584835708141,0.1753090745024383,0.0274649300307035,-0.0175636187195777,-0.0555336624383926,0.049005776643753,-0.1264661331392824,-0.0075268883734941,0.0091501056611537,0.0679249092936515,0.0221327971667051,0.0345919802784919,0.0209969030603766,0.0390256039649248,0.0385614753182046,0.0531323328614234,0.0557090118527412,-0.0422109998762607
1774471357220761000,115.35776098632812,-0.1422410637676715,0.1740695227701217,0.0253629893153905,-0.0133209824562072,-0.0473732315003871,0.0515728220343589,-0.1416086110830307,-0.0238835644125938,-0.0099099841177463,0.0691267997026443,0.0267059784382581,0.0354215577244758,0.0223158767044544,0.0091518592268228,0.0405784046311862,0.0593508332967758,0.0372244268655777,-0.0479478351771831
1774471357230788000,115.3677880859375,-0.1218868425250053,0.172835158669576,0.0067886372268199,-0.0130642540752887,-0.0387983843684196,0.0516503155231475,-0.1520356048122048,-0.049655719050765,-0.0170709617882966,0.0730447247624397,0.0315579324960708,0.0359750166535377,0.0838783066481351,-0.0468909305125474,0.0783794352372176,0.0606435313820838,0.011555016040802,-0.0528419278562068
1774471357240814800,115.37781494140626,-0.101174601624906,0.1917268330790102,-0.0274403801113367,-0.0101774130016565,-0.029866337776184,0.051407940685749,-0.1396408181414008,-0.0454085830003023,-0.006214052209258,0.0743494033813476,0.0338570363819599,0.0321903973817825,0.076386781848967,-0.1010901382118463,0.090661025590822,0.0598383173346519,-0.0187719315290451,-0.0602117627859115
1774471357250843100,115.38784301757812,-0.1285243808433413,0.2097497618298977,-0.065873863402009,-0.007408257573843,-0.0240262895822525,0.0469721779227256,-0.0817626296684145,-0.0576525630235671,-0.0170768070071935,0.0765877291560173,0.0328589640557765,0.0285496283322572,0.1235071372032165,-0.1365156718581915,0.0851484909807331,0.0610718950629234,-0.0527751706540584,-0.0672936365008354
1774471357260870000,115.39786987304689,-0.1503808233425021,0.2194126393187791,-0.0817366184443235,-0.0039852391928434,-0.0242147538810968,0.0450109615921974,-0.0504769723057746,-0.0793967773199081,-0.0279682033777236,0.0760692134499549,0.0260290224105119,0.0209396462887525,0.1613493766024708,-0.173421214929223,0.1087970227947458,0.0609766840934753,-0.0843463391065597,-0.0793045684695243
1774471357270897000,115.40789697265625,-0.1527367388188839,0.2197653982792049,-0.075568158942461,-0.0001683963928371,-0.0264877621084451,0.0495316758751869,-0.0680684508368372,-0.1144365265190601,-0.0627817426055669,0.0764665380120277,0.0231062639504671,0.0154422596096992,0.1316822603523731,-0.1870224547803401,0.1026452586993575,0.0610789507627487,-0.109993115067482,-0.0871720761060714
1774471357280924200,115.41792407226562,-0.1272670742586255,0.2174458692904561,-0.0594008679956197,-0.0018605161458253,-0.0215753354132175,0.0512119196355342,-0.0692846947588026,-0.1470563550949096,-0.1061591120392084,0.0737903267145156,0.0190737061202526,0.0102949021384119,0.1332560855403542,-0.1777677197009325,0.0942316871518269,0.0620007440447807,-0.1307113915681839,-0.0948499366641044
1774471357290951000,115.42795092773436,-0.1144172372967004,0.2104858210194855,-0.0353279184907674,-0.0042435126379132,-0.0238158516585826,0.0504734255373477,-0.082807024154812,-0.1371978089034557,-0.1191255611181259,0.0751990750432014,0.0159214530140161,0.0060839289799332,0.1439852770864963,-0.1611936015188693,0.0878930952474474,0.0583439581096172,-0.144302561879158,-0.096820943057537
