time,seconds_elapsed,imu1_accel_x,imu1_accel_y,imu1_accel_z,imu1_gyro_x,imu1_gyro_y,imu1_gyro_z,imu2_accel_x,imu2_accel_y,imu2_accel_z,imu2_gyro_x,imu2_gyro_y,imu2_gyro_z,imu3_accel_x,imu3_accel_y,imu3_accel_z,imu3_gyro_x,imu3_gyro_y,imu3_gyro_z
1774472435221236500,129.55723657226562,0.0939203927129507,0.1574099913269281,-0.0459615407079458,-0.0071373861283063,-0.0316344834864139,-0.1130910813808441,-0.0251623521767556,0.0170709617882966,0.0431581737250089,-0.0251623521767556,0.0170709617882966,0.0431581737250089,-0.1313408995687961,-0.024789573341608,-0.0694317020140588,0.030580909922719,0.0639081820845604,0.0034438613802194
1774472435231264300,129.56726416015624,0.0560183859504759,0.1343218150757253,-0.046183074504137,-0.0015649879351258,-0.0302254073321819,-0.1070480942726135,-0.0517266801059246,0.004951484927535,0.0421036962360143,-0.0517266801059246,0.004951484927535,0.0421036962360143,-0.1345079852975904,-0.0128290864348411,-0.0190745566956698,0.028710039332509,0.0659534931182861,-0.0031224284321069
1774472435241292500,129.57729248046874,0.0348930342048406,0.1034251570306718,-0.0254278712451457,0.0018981646280735,-0.0259547121822834,-0.1090316623449325,-0.0523392590463161,-0.0423527025610208,0.0302735577106475,-0.0523392590463161,-0.0423527025610208,0.0302735577106475,-0.1457039175726473,0.0050128597259521,0.0469083200387656,0.0328074917197227,0.0521654523909091,-0.0098959580063819
1774472435251320300,129.5873203125,0.0509603719085454,0.0976714158095419,-0.0143237089067697,0.0082042636349797,-0.0257709547877311,-0.1012853235006332,-0.0169296536214649,-0.1031505778729915,0.0458545732021331,-0.0169296536214649,-0.1031505778729915,0.0458545732021331,-0.1670354594148695,0.0299614230215549,0.1085065519481897,0.0345420092344284,0.0207601245492696,-0.0208223760128021
1774472435261348600,129.5973486328125,0.0561342674151062,0.0947591816246509,-0.0021785130828619,0.0142387747764587,-0.0309601575136184,-0.0914153903722763,0.0229660111762583,-0.1580921283721924,0.0053904608666896,0.0229660111762583,-0.1580921283721924,0.0053904608666896,-0.1697485177658498,0.0335468802928924,0.1409049928583204,0.0339551120996475,-0.0156197044998407,-0.0295789167284965
1774472435271375400,129.60737524414063,0.0667132368355989,0.1136804474547505,0.0061135144442319,0.0112568326294422,-0.0370055325329303,-0.0745205730199813,0.0592168897308409,-0.1887941406279802,-0.0424257677972316,0.0592168897308409,-0.1887941406279802,-0.0424257677972316,-0.1685701216362416,0.0070949266970157,0.1704318238548934,0.0312525331974029,-0.053616352379322,-0.0360485315322876
1774472435281403600,129.61740356445313,0.0831014770567417,0.156249276984483,0.0208411279767751,0.0116865215823054,-0.0432417355477809,-0.0597618147730827,0.0561329522408544,-0.1359463475376367,-0.0509808301746845,0.0561329522408544,-0.1359463475376367,-0.0509808301746845,-0.1534122999928891,-0.0125046767860651,0.1760878037899732,0.0284696780145168,-0.0839311480522155,-0.0388103649020195
1774472435291431400,129.62743139648438,0.1157327038094401,0.1846418432541191,0.0138256962567567,0.0097725074738264,-0.0500999093055725,-0.0420033261179924,0.0089667119182646,-0.0983306103706359,-0.0473813443779945,0.0089667119182646,-0.0983306103706359,-0.0473813443779945,-0.120496995601803,-0.0412771822839975,0.1341787533432245,0.0266885552555322,-0.1043240427970886,-0.0391251482069492
1774472435301459500,129.63745947265625,0.1145446630686521,0.1996345374636352,0.0018453356057405,0.0100364238023757,-0.0517804957926273,-0.0283260140568017,0.0072078855521976,-0.0615402181118726,-0.0824766231566667,0.0072078855521976,-0.0615402181118726,-0.0824766231566667,-0.0970097370304167,-0.0939531259387731,0.1180715220205485,0.0219372007995843,-0.1143962144851684,-0.0384443067014217
1774472435311487500,129.64748754882814,0.066698039266467,0.2252111695297062,0.0007867664635181,0.0006336008082143,-0.0609151385724544,-0.0093254251405596,-0.0015974983245134,0.0121463648676872,-0.1258183367550373,-0.0015974983245134,0.0121463648676872,-0.1258183367550373,-0.0626994711495936,-0.1045855791121721,0.0647859220348298,0.0121370330452919,-0.1193089485168457,-0.0367161817848682
1774472435321515500,129.657515625,0.0192361769981682,0.2319689732268452,0.0004033201038837,-0.0053040981292724,-0.0586540065705776,0.0037915417924523,0.0056530573256313,0.053891164663434,-0.1394113932996988,0.0056530573256313,0.053891164663434,-0.1394113932996988,-0.0340253114596009,-0.0773363376587629,-0.0039504911914467,0.0015314065385609,-0.116240918636322,-0.0343856699764728
1774472435331542500,129.66754248046874,-0.0064430386595427,0.2100260214880108,-0.0109825817853212,-0.0093395859003067,-0.0505566671490669,0.0116515960544347,0.0224136379905045,0.0735030431061983,-0.1320271282672882,0.0224136379905045,0.0735030431061983,-0.1320271282672882,-0.0129917296506464,-0.0621241554796695,-0.0308538418166339,0.0036803111433982,-0.1101931482553482,-0.0333936400711536
1774472435341570300,129.6775703125,0.0201363407082855,0.1491489434599876,-0.0255494517982006,-0.0124037461355328,-0.0374752543866634,0.0175038184970617,0.033175562762469,0.0785422063171863,-0.1094078847020864,0.033175562762469,0.0785422063171863,-0.1094078847020864,0.0478581681095063,-0.0422170934826135,-0.0359764455273747,0.0091548822820186,-0.0927115976810455,-0.0327712781727314
1774472435351598600,129.6875986328125,0.0552493012741208,0.0723022890143096,-0.01230886195302,-0.0107275526970624,-0.0249932818114757,0.0183392520993948,0.0255582196265459,0.0390250194430351,-0.0933539910018444,0.0255582196265459,0.0390250194430351,-0.0933539910018444,0.0504210043348372,0.0098380879253149,-0.01388020292297,0.018523883074522,-0.0755453929305076,-0.0327579602599144
1774472435361626400,129.69762646484375,0.0620323855429887,-0.0065342240743339,0.0089893621414899,-0.0108271110802888,-0.0229150541126728,0.0148631017655134,0.0170458273470401,-0.0270125100880861,-0.105454763162136,0.0170458273470401,-0.0270125100880861,-0.105454763162136,0.0824538268029689,0.0224456405639648,0.0142985744655132,0.0277062077075243,-0.0715508982539177,-0.0273689590394496
1774472435371654400,129.707654296875,0.0111962245360016,-0.0695053517721593,0.0394739322543144,-0.0050515141338109,-0.0251566357910633,0.0077015962451696,-0.0051467152386903,-0.0624848054856061,-0.0851613321959972,-0.0051467152386903,-0.0624848054856061,-0.0851613321959972,0.0957164823494851,0.0282154561370611,-0.0277938697241246,0.0321097448468208,-0.0655872821807861,-0.0208708457648754
1774472435381681400,129.71768139648438,-0.0193976511701941,-0.0970516764760017,0.0683043054193258,-0.0051835258491337,-0.029948366805911,-0.0006153434514999,-0.0018564415216445,-0.0608610036760568,-0.0419575657635927,-0.0018564415216445,-0.0608610036760568,-0.0419575657635927,0.0632091742374002,0.0122211836695671,-0.0738140087515115,0.0337754562497139,-0.0362218283116817,-0.0135169653221964
1774472435391709400,129.72770947265624,-0.0111477092191576,-0.084209584429115,0.0805757579714059,-0.0022734892554581,-0.0390419960021972,-0.0078887026757001,0.0015507365733385,-0.0746586428821086,-0.0108545714914798,0.0015507365733385,-0.0746586428821086,-0.0108545714914798,0.0318202026307582,0.0131973352253437,-0.1013498120613396,0.0294978879392147,0.0096697648987174,-0.0097155701369047
1774472435401737500,129.73773754882814,-0.019310265147686,-0.0298654153011739,0.1110772792190313,-0.0021826601587235,-0.0484858825802803,-0.006424228195101,0.027755875801295,-0.0565881486624479,0.0158440503418445,0.027755875801295,-0.0565881486624479,0.0158440503418445,0.0029753625489771,0.0229325472980737,-0.1019638523064553,0.0214402358978986,0.0424517802894115,-0.0087079685181379
1774472435411765200,129.74776513671875,-0.0100409170210361,0.0238312497034668,0.1238368075489997,0.0006275074556469,-0.0543642789125442,-0.0091912522912025,0.0417724184550344,-0.0384492653816938,0.0195312144219875,0.0417724184550344,-0.0384492653816938,0.0195312144219875,0.0105118955336511,0.0200222128093242,-0.1205013795159757,0.0120856165885925,0.0625402703881263,-0.003913480322808
1774472435421793500,129.75779345703126,-0.0187839031860232,0.0566322800651192,0.1292564945101738,0.000616620236542,-0.0565030463039875,-0.0120565965771675,0.0245997498579323,-0.0402963545531034,0.0041921909928321,0.0245997498579323,-0.0402963545531034,0.0041921909928321,-0.0136779583491384,0.0357481897294521,-0.1088604799523949,0.0060774222947657,0.073516234755516,-0.0016090804710984
1774472435431821300,129.7678212890625,-0.0087418171212077,0.0468633118532598,0.0965448959976434,0.0053226919844746,-0.0534635819494724,-0.0126014789566397,0.0104873456142842,-0.0611485884457826,0.0050625440865755,0.0104873456142842,-0.0611485884457826,0.0050625440865755,-0.0254978677414357,0.0443640423834323,-0.0797936676830053,0.0036068079061806,0.0740723013877868,-0.0027220156043767
1774472435441848600,129.7778486328125,-0.0202490073025226,0.0303685425177216,0.0683072280287742,0.0071165338158607,-0.0519932806491851,-0.0144328363239765,0.0207230545550584,-0.0762988113045692,0.0252899240791797,0.0207230545550584,-0.0762988113045692,0.0252899240791797,-0.0519920530438423,0.0460217464625835,-0.0177405316129326,0.0082453303039073,0.0638349950313568,0.000545856077224
1774472435451876400,129.78787646484375,-0.0331964594200253,-0.0080130644552409,0.0230804313361644,0.0066733839921653,-0.0491500906646251,-0.0201088301837444,-0.0026278642855584,-0.0848252321094274,0.0425619613975286,-0.0026278642855584,-0.0848252321094274,0.0425619613975286,-0.0716271662317216,0.0573386747688055,0.0277500305823981,0.0081302812322974,0.0453611835837364,-0.0010539051145315
1774472435461904600,129.7979045410156,-0.0564705136321485,-0.0138591601349413,-0.0134200380653142,0.0080803632736206,-0.0442056506872177,-0.0267156511545181,-0.0089513682186603,-0.1137351002514362,0.0589168838709592,-0.0089513682186603,-0.1137351002514362,0.0589168838709592,-0.0684897449888289,0.0678285046011209,0.0300493935659527,0.0068068020045757,0.0317876785993576,-0.003154978621751
1774472435471932400,129.80793237304687,-0.0641693975716829,-0.0133189157783985,-0.0336515097111463,0.0078254994004964,-0.0327748320996761,-0.0298230275511741,0.0133791215330362,-0.1220399872601032,0.067585928016901,0.0133791215330362,-0.1220399872601032,0.067585928016901,-0.0720518213845789,0.0615337883710861,0.0174263510972261,-0.0039883209392428,0.0221923105418682,0.0006275093182921
1774472435481960400,129.81796044921876,-0.0420236167371273,0.0048546004243195,-0.0356809697121381,0.0059862099587917,-0.0291994661092758,-0.0317189022898674,0.0203838857285678,-0.0723649789869785,0.0414513698071241,0.0203838857285678,-0.0723649789869785,0.0414513698071241,-0.1120962470032274,0.0562526330977678,-0.0327697584405541,-0.0170442685484886,0.0203167982399463,0.0011606144253164
1774472435491987500,129.82798754882813,-0.0258481424838304,0.0200960086978971,-0.0287473710566759,0.0043622143566608,-0.0215655155479908,-0.0276226922869682,0.034299159964919,-0.0489548773050308,0.0066810851991176,0.034299159964919,-0.0489548773050308,0.0066810851991176,-0.1159084987677633,0.0663239452570676,-0.059683776590228,-0.0282079726457595,0.0194430164992809,0.0015081570018082
1774472435502015200,129.83801513671875,-0.0002338087558746,0.0269832839936018,-0.0142675948053598,0.0059444964863359,-0.0204077120870351,-0.0231812763959169,0.0193839149057865,-0.020729484295845,0.0023953707039356,0.0193839149057865,-0.020729484295845,0.0023953707039356,-0.0940649157501757,0.0596814385026693,-0.0532176493160426,-0.0331502184271812,0.0139741227030754,0.0006336476653814
1774472435512043500,129.84804345703125,0.0100619598090648,0.0390834716320037,-0.022059271594882,0.0048563289456069,-0.0204676333814859,-0.019941009581089,0.0105985509037971,-0.0019406126737594,-0.0287567234069108,0.0105985509037971,-0.0019406126737594,-0.0287567234069108,-0.063497781920433,0.0437988097161054,-0.0188676359467208,-0.0331792458891868,0.0062424330972135,0.0009939733427017
1774472435522071300,129.8580712890625,-0.0116068511635065,0.0497447125084698,-0.0259498492926359,0.0045569781213998,-0.0241298917680978,-0.0165064577013254,0.022725042027235,0.0147439801454544,-0.039814123994112,0.022725042027235,0.0147439801454544,-0.039814123994112,-0.0562136162616312,0.0579641131907701,0.0187044082090258,-0.0308581124991178,-0.0086057074368,-0.0001348606310784
1774472435532099600,129.868099609375,-0.0168504509054124,0.0564757743291556,-0.019380992296338,0.0042549758218228,-0.0219277255237102,-0.0152081660926342,0.0160603234410285,-0.0071031100034713,-0.0197492410868406,0.0160603234410285,-0.0071031100034713,-0.0197492410868406,-0.0431575892031192,0.0565419714331626,0.0214893627524375,-0.0264844037592411,-0.0317576304078102,-0.0012011905200779
1774472435542126300,129.87812622070314,0.0022580080598592,0.0579217353537678,-0.0035854572713375,0.0031914177816361,-0.0190169624984264,-0.0119269089773297,0.0165700265288352,0.0112789343833923,-0.031539047601819,0.0165700265288352,0.0112789343833923,-0.031539047601819,-0.0086124916531145,0.0347960035711526,0.0246183084279298,-0.0176267474889755,-0.0383371748030185,-0.003681113012135
1774472435552154600,129.88815454101564,0.0344729090966284,0.0613313976667821,-0.006447276443243,0.0043403054587543,-0.0127015421167016,-0.006228809710592,0.0677197835296392,-0.0161988551288843,-0.0409101025372743,0.0677197835296392,-0.0161988551288843,-0.0409101025372743,-0.0062346566058695,0.0181833069443702,0.0039227264016866,-0.0158312432467937,-0.0308257304131984,-0.0054987203329801
1774472435562182400,129.89818237304686,0.0607828238733112,0.0547775921091437,-0.0011895020455121,0.0050776046700775,-0.0043145134113729,-0.0002372907474637,0.0527281122334301,-0.0559954434663057,-0.044012160205841,0.0527281122334301,-0.0559954434663057,-0.044012160205841,0.0034765900693833,0.0248521171838045,-0.0340792336039245,-0.0106385350227355,-0.0166303273290395,-0.0013613137416541
1774472435572210400,129.90821044921876,0.0805566148795187,0.0540421174414455,0.002749006447196,0.005670157726854,-0.0024199406616389,0.0073447283357381,-0.0077687343053519,-0.0203483760237693,-0.0621615648806095,-0.0077687343053519,-0.0203483760237693,-0.0621615648806095,0.0220035958848893,0.014352935001254,-0.0541217585489153,-0.0151123786345124,0.0006144391372799,0.0024243697989732
1774472435582238200,129.91823828125,0.0810705557510256,0.0647686786390841,0.0198252289324998,0.008210090920329,0.0023163275327533,0.0136474352329969,-0.0265782103240489,-0.0108025490432977,-0.084061261999607,-0.0265782103240489,-0.0108025490432977,-0.084061261999607,0.0264424551151692,-0.0141588737338781,-0.0708012368015944,-0.0155055709183216,0.0179515276104211,0.0050807134248316
1774472435592266200,129.92826635742188,0.0822995130240917,0.0795410080961883,0.0250444248855113,0.0105803040787577,0.0065691294148564,0.0169026181101799,-0.0503530536651611,0.0006324526846408,-0.072917936694622,-0.0503530536651611,0.0006324526846408,-0.072917936694622,0.0354442383468151,-0.0098696521073579,-0.0643304333522915,-0.0187327899038791,0.0251931957900524,0.0076727680861949
1774472435602293200,129.9382932128906,0.0658294397383928,0.0909042597621679,0.0378548066198825,0.0134799610823392,0.007626807782799,0.0162414964288473,-0.0852162772536277,-0.0014443535894155,-0.0649000499337911,-0.0852162772536277,-0.0014443535894155,-0.0649000499337911,0.0462355353437364,-0.0085702599465847,-0.05500365594998,-0.0189163479954004,0.0317675322294235,0.0130271483212709
1774472435612321300,129.9483212890625,0.0698218703754246,0.1010147348880767,0.046309915754199,0.0135481376200914,0.0066467644646763,0.0164984911680221,-0.0739729987055063,-0.0482967056572437,-0.0845657043904066,-0.0739729987055063,-0.0482967056572437,-0.0845657043904066,0.0595803162157535,0.004265256229043,0.0149960552103817,-0.016954131424427,0.0340860821306705,0.0184261761605739
1774472435622349300,129.95834936523437,0.0540703206226229,0.0984445921391248,0.0386906729221344,0.0174873359501361,0.0086356047540903,0.0186448916792869,-0.0142008131794631,-0.131484691953659,-0.1006774657577276,-0.0142008131794631,-0.131484691953659,-0.1006774657577276,0.0286569162942469,0.0099666827410459,0.0542560524530708,-0.0181930046528577,0.0336748510599136,0.0213192533701658
1774472435632377300,129.96837744140626,0.0298439341217279,0.0868247353635728,0.0268482594370841,0.0173624325543642,0.0054600513540208,0.0200129579752683,0.0010020166493952,-0.1654448292225599,-0.0779787272155284,0.0010020166493952,-0.1654448292225599,-0.0779787272155284,0.0127906541205942,0.0160550627440214,0.0300695595711469,-0.022661255672574,0.0310172829777002,0.0178800467401742
1774472435642405400,129.9784052734375,0.0271343829020857,0.0763170776136219,0.0227379015088081,0.0187041815370321,0.0017948355525732,0.0226546637713909,-0.0170925890982151,-0.1253822834253311,-0.0510632477611303,-0.0170925890982151,-0.1253822834253311,-0.0510632477611303,0.0146529408611357,-0.0344721784442663,0.0101633743569254,-0.0245108306407928,0.0229129139333963,0.0143815902993083
1774472435652432100,129.98843212890625,0.018869097251445,0.0740004712343215,0.0104863227009773,0.0211830530315637,0.0018188040703535,0.0276611372828483,-0.0442437770046293,-0.0611082564353942,-0.0452110146015882,-0.0442437770046293,-0.0611082564353942,-0.0452110146015882,-0.0044914662003517,-0.1010778632521629,0.0030012276425957,-0.0240045636892318,0.0143455248326063,0.0117290820926427
1774472435662460400,129.99846044921875,0.0203233877129852,0.0573917201302945,0.0151952310442924,0.0216776654124259,0.0029621289577335,0.0283912755548954,-0.0364180518150329,-0.0297539177507162,-0.087004329714179,-0.0364180518150329,-0.0297539177507162,-0.087004329714179,-0.0032872049771249,-0.1254834057122469,-0.0091445527032017,-0.0204901508986949,0.0124533399939537,0.0088973762467503
1774472435672488200,130.00848828125,0.0285702609241008,0.0467792868316173,0.0300607917428016,0.0209945645183324,0.0044833268038928,0.0332880318164825,-0.0263104992985725,-0.0476087233930826,-0.0850175398111343,-0.0263104992985725,-0.0476087233930826,-0.0850175398111343,-0.0159587627626955,-0.125830027192831,-0.0337402109079062,-0.0170573368668556,0.0202777087688446,0.007033696398139
1774472435682516200,130.01851611328124,0.0237888718664646,0.0276646903865039,0.0546820227801799,0.0220663249492645,0.0058015123941004,0.0298863630741834,-0.0557645573198795,-0.111734281823039,-0.0308814604759216,-0.0557645573198795,-0.111734281823039,-0.0308814604759216,-0.037757922116667,-0.1048918685823678,-0.0465346644207835,-0.0084902821108698,0.0207487102597951,0.0051907300949096
1774472435692544300,130.02854418945313,0.0034451720178127,0.0194854755841195,0.068330024382472,0.0198026373982429,0.0028089182451367,0.0262317080050706,-0.0793430013060569,-0.1279401512145996,0.0298895268291234,-0.0793430013060569,-0.1279401512145996,0.0298895268291234,-0.0089269644297659,-0.06203004745543,-0.033536358898878,-0.006008215714246,0.0169843304902315,0.0032684602774679
1774472435702572300,130.038572265625,0.0125732119776308,-0.0140581898383796,0.0601157382667064,0.0189596824347972,0.0024038162082433,0.0205670036375522,-0.0771579123519361,-0.1227180326521396,0.057082069659233,-0.0771579123519361,-0.1227180326521396,0.057082069659233,0.0025916239283978,-0.0400619612753391,-0.0198405726321041,-0.0100650852546095,0.0118812322616577,0.0025316437240689
1774472435712599300,130.04859936523437,0.0220399823725223,-0.0485052338413894,0.0571761776834726,0.0190206672996282,-0.002210110425949,0.0125056151300668,-0.0667865943327546,-0.0924409678101539,0.0759925218343734,-0.0667865943327546,-0.0924409678101539,0.0759925218343734,0.0034615386307239,-0.0173375037699937,-0.0432034741714596,-0.0189935974776744,0.0118095930665731,0.0023646636400371
1774472435722627300,130.05862744140626,0.0248258136987686,-0.0574872894592583,0.0583019668430089,0.0155919585376977,-0.0083333952352404,0.0123058930039405,-0.0607809241771697,-0.0569809473723173,0.1068400800406932,-0.0607809241771697,-0.0569809473723173,0.1068400800406932,0.0084920801438391,0.0018102642923593,-0.0701864659041166,-0.0228686463087797,0.018219843506813,-0.0011833347380161
1774472435732655400,130.0686552734375,0.0403995226666331,-0.0521707706116139,0.0570025746822357,0.0136939231306314,-0.0059956721961498,0.0073438920080661,-0.0386076708137989,-0.0654395636379718,0.1118073470592498,-0.0386076708137989,-0.0654395636379718,0.1118073470592498,0.0046494332410395,0.0340513226836919,-0.0709761549770832,-0.0224537272006273,0.026211455464363,-0.001269887201488
1774472435742683100,130.07868310546874,0.0603793576389551,-0.034625615440309,0.0469902992337942,0.0107952281832695,-0.0093529745936393,0.0068320166319608,-0.0172078860409557,-0.0952472574025392,0.1137923833966255,-0.0172078860409557,-0.0952472574025392,0.1137923833966255,-0.0167604345344007,0.0626227526515722,-0.0783073746480047,-0.0271561164408922,0.0264236442744731,-0.0043271551840007
1774472435752711400,130.08871142578124,0.071317808021605,-0.0145624860987067,0.0437052862137556,0.0085227526724338,-0.0127402497455477,0.0049784565344452,0.0309251534871757,-0.125389882209897,0.1158493159264326,0.0309251534871757,-0.125389882209897,0.1158493159264326,-0.0332652868725359,0.1033066452175378,-0.116832335614413,-0.0294951722025871,0.0139664411544799,-0.0067402455024421
1774472435762738200,130.09873828125,0.0710848760485649,-0.0053493982039391,0.0418628732174634,0.0037776967510581,-0.010422415100038,0.0088554937392473,0.0443913687817752,-0.1572983476459979,0.0788929194509983,0.0443913687817752,-0.1572983476459979,0.0788929194509983,-0.019023995552212,0.1114542958378791,-0.1276826693221926,-0.0278813075274229,-0.0002454635687172,-0.0130798742175102
1774472435772766500,130.10876635742187,0.0707680651843547,0.0039312019690871,0.0418628732174634,0.0043364278972148,-0.0101646212860941,0.007384629920125,0.0328111133642494,-0.183427060636878,0.0310164850324392,0.0328111133642494,-0.183427060636878,0.0310164850324392,0.0011712357364594,0.0890951645135879,-0.1066495259046554,-0.0238839033991098,-0.0202141124755144,-0.01569589599967
1774472435782794200,130.11879418945313,0.0535026037372648,0.008307663487643,0.0221942961513996,0.003897818736732,-0.0077125905081629,0.0098096560686826,0.0051766719855368,-0.2081839007526636,-0.019214988079667,0.0051766719855368,-0.2081839007526636,-0.019214988079667,0.0074503160059452,0.06424947707057,-0.1068934176631271,-0.0158951170742511,-0.0410115383565425,-0.0182508993893861
1774472435792822300,130.128822265625,0.0498750608898699,-0.0068834759034216,0.0081663553208112,0.0020272145047783,-0.0057450477033853,0.0095393452793359,0.0114450847305357,-0.2252875957667827,-0.088188571062684,0.0114450847305357,-0.2252875957667827,-0.088188571062684,0.0174782274149358,0.0291086055845022,-0.1201554886877536,-0.011026058346033,-0.0613255985081195,-0.0175342429429292
1774472435802850300,130.13885034179688,0.0312473711788654,-0.0193425599820911,0.006184241592884,0.0021848599426448,-0.0046164579689502,0.0065641086548566,0.0249376035101711,-0.222262110465765,-0.1107926170587539,0.0249376035101711,-0.222262110465765,-0.1107926170587539,0.0091558047495782,-0.0106231008231639,-0.1458724060073495,-0.0082829259335994,-0.0723127871751785,-0.0158506724983453
1774472435812877000,130.148876953125,0.0426154451504349,-0.0116012982055544,0.0066910220712423,0.0035848836414515,-0.0007016113959252,0.0005269888788461,0.0474631774425506,-0.1725403404414653,-0.1483084009826183,0.0474631774425506,-0.1725403404414653,-0.1483084009826183,0.0140029525198042,-0.0458253471076488,-0.1599697588123381,-0.0091156968846917,-0.0780007690191268,-0.0146144330501556
1774472435822905300,130.1589052734375,0.0430012295976281,-0.0125892863295972,0.0177682964026927,0.0056179254315793,-0.0031990129500627,-0.0014340109191834,0.0703058545000851,-0.0661842445254325,-0.1850783349752426,0.0703058545000851,-0.0661842445254325,-0.1850783349752426,0.0116214642107486,-0.0687327599644661,-0.1746330749370157,-0.0116267558187246,-0.0771962478756904,-0.0129900854080915
1774472435832933000,130.16893310546874,0.0058469724625349,0.0150540690079331,0.0418815779179334,0.0036365333944559,-0.009514432400465,0.0013439320027828,0.0948053588539361,0.0405365930497646,-0.195929983857274,0.0948053588539361,0.0405365930497646,-0.195929983857274,0.0215139126718044,-0.0724462275296449,-0.2045798849113285,-0.0131005495786666,-0.0778953284025192,-0.0132252424955368
1774472435842961400,130.17896142578124,-0.0332215938612818,0.0255726865433156,0.0469920527994632,0.004405622370541,-0.0158337857574224,-0.0020156451500952,0.0858430308498442,0.0956768809914588,-0.1802332330316305,0.0858430308498442,0.0956768809914588,-0.1802332330316305,0.051068362327665,-0.1034627125620842,-0.184306327689439,-0.0076050469651818,-0.0756382793188095,-0.0090044513344764
1774472435852989200,130.1889892578125,-0.0439957935929298,0.0175536307387053,0.0490501543730497,0.0077537484467029,-0.0131450574845075,-0.0037770601920783,0.0657885232061147,0.1717301931023597,-0.1891232264518737,0.0657885232061147,0.1717301931023597,-0.1891232264518737,0.0338555078506469,-0.0929576851606368,-0.1511401172772049,0.00285425176844,-0.0666059032082557,-0.007916017435491
1774472435863017200,130.1990173339844,0.0008604162216186,0.0074485624402761,0.0702618692278862,0.0080326301977038,-0.0031105796806514,-0.0009580999612808,0.0555048834703862,0.1730301697850227,-0.2014993084222078,0.0555048834703862,0.1730301697850227,-0.2014993084222078,0.0454665967978537,-0.0480325017631053,-0.1282926179140806,0.0184146277606487,-0.0540283173322677,-0.0066902316175401
1774472435873044200,130.20904418945312,0.0726093091368675,0.0024685820706188,0.0666354954242706,0.0076350201852619,-0.0011193342506885,0.0013122446835041,0.0155130648218095,0.1422925016939639,-0.2063841578543186,0.0155130648218095,0.1422925016939639,-0.2063841578543186,0.0488460101030766,-0.0168172792881727,-0.1022444228135049,0.0351603217422962,-0.0436079017817974,-0.0034520938061177
1774472435883072300,130.219072265625,0.1008069373562931,0.0077137892477214,0.0644260026812553,0.0077938181348145,-0.0002162368036806,0.0085031762719154,0.0060780047394335,0.1158697741925716,-0.2139940483361482,0.0060780047394335,0.1158697741925716,-0.2139940483361482,0.0438463021196424,-0.0006792144358158,-0.0652902182951569,0.0525463372468948,-0.0322346091270446,0.0005235061980783
1774472435893100300,130.22910034179688,0.0494717407859861,0.0118621410988271,0.0420510892659425,0.0057162861339747,-0.0013986802659928,0.0045923236757516,0.0549210922330617,0.0438309584200382,-0.1963368110924959,0.0549210922330617,0.0438309584200382,-0.1963368110924959,0.0259773218214511,0.0238280348330736,-0.0300423793032765,0.0666621550917625,-0.0300369691103696,0.0034937299787998
1774472435903128300,130.23912841796874,0.0001345861651003,0.0124047235429286,0.0097200145035982,0.0036432072520256,0.0006672530435025,-0.0038629653863608,0.1350564129605889,-0.0065700260400772,-0.1177390751957893,0.1350564129605889,-0.0065700260400772,-0.1177390751957893,0.0560977347970008,0.0245230313599109,-0.0071853814594447,0.069448322057724,-0.0155217181891202,0.0016485783271491
1774472435913156400,130.24915625,-0.0119943891763687,0.0244487970799207,-0.022059271594882,-0.0032836748287081,0.0044545345008373,-0.0046930727548897,0.1748493480361998,0.0294803615063428,-0.0754652830898761,0.1748493480361998,0.0294803615063428,-0.0754652830898761,0.0280465293109416,0.0043494273811578,0.0011057692848145,0.0754202008247375,-0.0027084508910775,0.0041136001236736
1774472435923183000,130.25918310546874,-0.0141916069597005,0.0506486756108701,-0.0117810386866331,-0.0062599717639386,0.0074723879806697,0.0031134439632296,0.1628606579482555,0.0193967743873596,-0.1126566573649644,0.1628606579482555,0.0193967743873596,-0.1126566573649644,0.045335371633619,0.0375584540218114,0.0286135155439376,0.0810002535581588,0.0025881938636302,0.0080928355455398
1774472435933211400,130.26921142578124,-0.0104475981257855,0.0733187725804746,0.0203565593302249,-0.0071918121539056,0.0042744642123579,0.0037430152297019,0.1627929995395243,0.0187426943928003,-0.0830541307836771,0.1627929995395243,0.0187426943928003,-0.0830541307836771,0.0518050060391426,0.0904483326882124,0.0354112128600478,0.0812567174434661,-0.0022329266648739,0.0169012397527694
1774472435943239200,130.2792392578125,-0.0401540234729647,0.0719281950049102,0.0588362198501825,-0.008296207524836,0.0032517495565116,0.0047492105513811,0.1898852968655526,0.0437713371872901,-0.0842939017117023,0.1898852968655526,0.0437713371872901,-0.0842939017117023,0.1204255378007888,0.1128016187936067,-0.0005969429798424,0.0835398286581039,-0.0100134694948792,0.0265941247344017
1774472435953267500,130.28926733398438,-0.069743690572679,0.0238832721516489,0.0908037219971418,-0.007725226227194,-0.0083306040614843,-0.0014761951752007,0.1414085584662854,0.0437421110928058,-0.1275263097167015,0.1414085584662854,0.0437421110928058,-0.1275263097167015,0.1314263858951628,0.0757505297720432,-0.0719992144145071,0.0884075537323951,-0.0036903258878737,0.038795132189989
1774472435963295200,130.2992951660156,-0.1133677282437682,-0.0249590846896171,0.1241536184132099,-0.0077867656946182,-0.0225583631545305,-0.009184330701828,0.1715432922281324,0.0704588531047105,-0.1375315709024667,0.1715432922281324,0.0704588531047105,-0.1375315709024667,0.1152770689964294,0.0988940894722938,-0.152853935457766,0.0990833863615989,0.0172875113785266,0.0499076582491397
1774472435973323300,130.3093232421875,-0.1545052097961306,-0.0676889499999582,0.1514940452814102,-0.0052027003839612,-0.0331180617213249,-0.0152459517121315,0.1884993954651057,0.0967103156924247,-0.1356266140639782,0.1884993954651057,0.0967103156924247,-0.1356266140639782,0.0873252322316169,0.1202098492234945,-0.2385530277922749,0.1168330833315849,0.0491421148180961,0.0600242093205452
1774472435983350300,130.31935034179688,-0.1856786389559507,-0.0968482628583908,0.1446954711824655,-0.0053500356152653,-0.0479403026401996,-0.0276875048875808,0.1615212260380387,0.1427951905190944,-0.1734557017207145,0.1615212260380387,0.1427951905190944,-0.1734557017207145,0.0328406317196786,0.0593254646718502,-0.2845199753277003,0.1350672096014022,0.0905528366565704,0.0683563128113746
1774472435993378300,130.32937841796874,-0.2021983966022729,-0.0601829582840204,0.1291793376207351,-0.0064866733737289,-0.047630313783884,-0.0401873141527175,0.1617827995836734,0.2151590004622936,-0.224140179297328,0.1617827995836734,0.2151590004622936,-0.224140179297328,0.0335574016869068,-0.0104214407712221,-0.3318966435305774,0.1571608036756515,0.1497607678174972,0.0831440538167953
1774472436003406300,130.33940625,-0.1700380022317171,0.0137115683577954,0.1029465797334909,-0.0049299928359687,-0.0325548015534877,-0.0360833220183849,0.1484568695425987,0.2389355973690748,-0.2715770532548427,0.1484568695425987,0.2389355973690748,-0.2715770532548427,-0.0632335780262947,-0.0588397269815206,-0.2888455834418535,0.2062231302261352,0.2001734972000122,0.0839790925383567
1774472436013434000,130.34943408203125,-0.0495338462367653,-0.0114668581709265,0.0033896424382925,-0.0118198571726679,-0.02882638014853,-0.0344899520277977,0.1497165142148733,0.2164706675827503,-0.3511158693939447,0.1497165142148733,0.2164706675827503,-0.3511158693939447,0.0215821556024253,-0.0901204159080982,-0.0871533827960491,0.2860977351665497,0.2342371940612793,0.0958919450640678
1774472436023462400,130.35946240234375,-0.0316992065995931,-0.0594056903012096,0.0092506434261798,-0.0184567887336015,-0.0286775454878807,-0.0317174866795539,0.1961946261428296,0.2759539531648159,-0.3971370313346385,0.1961946261428296,0.2759539531648159,-0.3971370313346385,0.090352909489721,-0.0558650950849056,0.075441317692399,0.3537650108337402,0.2443895787000656,0.102808341383934
1774472436033489200,130.3694892578125,-0.078898034017533,-0.0248266904816031,-0.049734044983983,-0.0171142891049385,-0.0301622599363327,-0.0342890359461307,0.1779215950883924,0.363196767809987,-0.5164174907535314,0.1779215950883924,0.363196767809987,-0.5164174907535314,0.1018190370082855,-0.0978600702494382,0.0785574038863182,0.4205720126628876,0.255995362997055,0.1116857230663299
1774472436043517400,130.37951733398438,-0.1352102883480489,-0.0156450206384062,-0.0705892014861106,-0.0137611152604222,-0.0245363861322402,-0.0389450043439865,0.0953397579915821,0.4647252974390983,-0.5919792199552059,0.0953397579915821,0.4647252974390983,-0.5919792199552059,0.0673766691803932,-0.1901975776851177,0.1463881004445254,0.5146402716636658,0.2741716504096985,0.12799733877182
1774472436053545200,130.38954516601564,-0.1291265845201909,-0.0160804894462227,-0.0951046340614557,-0.013741142116487,-0.010756392031908,-0.0416262708604335,0.1294749595664441,0.532485412979126,-0.6226695417732,0.1294749595664441,0.532485412979126,-0.6226695417732,0.0729154524765908,-0.2218359940081834,0.1661173216566443,0.6162670254707336,0.3081751465797424,0.1270947903394699
1774472436063573200,130.3995732421875,-0.1007616369098424,0.0342938992679119,-0.0554331334084272,-0.0189809277653694,-0.003143023699522,-0.0394777990877628,0.0302669818393886,0.6002087036401033,-0.6449684673428535,0.0302669818393886,0.6002087036401033,-0.6449684673428535,0.2125157924771308,-0.2969540710955858,0.075861004409194,0.698523998260498,0.3726006150245666,0.1280198097229004
1774472436073601300,130.40960131835936,-0.0876342981807887,0.0859565742269158,0.0062847793579101,-0.0143536841496825,-0.0023408802226185,-0.0321367979049682,-0.0604570990502834,0.5634808552235364,-0.7444570155769586,-0.0604570990502834,0.5634808552235364,-0.7444570155769586,0.210353938268125,-0.4596656759619713,-0.101957860957086,0.7991377115249634,0.4816226959228515,0.1314361095428466
1774472436083628300,130.41962817382813,-0.0912659326814115,0.1382411804765462,0.0539309121519327,-0.014404822140932,0.0004068333655595,-0.0218853652477264,-0.0526776972204446,0.490082441535592,-0.8200427101761102,-0.0526776972204446,0.490082441535592,-0.8200427101761102,0.1139490352630615,-0.5337409659981728,-0.1718292695626616,0.9082976579666138,0.6333990693092346,0.1227600201964378
1774472436093656300,130.42965625,-0.0963131330683827,0.1878041066773235,0.1090869821846485,-0.0138881690800189,0.0036564227193593,-0.01144630741328,-0.0475162228040397,0.4885872345417738,-0.817424636632204,-0.0475162228040397,0.4885872345417738,-0.817424636632204,0.184530199573189,-0.5794277814179658,-0.1592903982460498,1.0050983428955078,0.8027787804603577,0.0978996753692627
1774472436103684000,130.43968408203125,-0.0967225906521081,0.2376975800067186,0.1584808354288339,-0.0095512056723237,0.0071578165516257,-0.0038012946024537,-0.0570994591854512,0.4745984566777944,-0.8187439025372266,-0.0570994591854512,0.4745984566777944,-0.8187439025372266,0.3658896601557731,-0.607359744438529,-0.2813824079543352,1.048643946647644,0.9579938650131226,0.0766212940216064
1774472436113712400,130.44971240234375,-0.131040747578442,0.230002787720412,0.1494809518933296,-0.0048041213303804,0.0045026452280581,0.0061314972117543,-0.1180868657201528,0.3381955975443124,-0.7013771677851677,-0.1180868657201528,0.3381955975443124,-0.7013771677851677,0.3256907746277749,-0.6783733088165521,-0.6028653556287288,1.0777860879898071,1.16019868850708,0.072028674185276
1774472436123740200,130.459740234375,-0.181759711946547,0.1920766694299876,0.1404454125225543,0.0034809557255357,-0.0021131192333996,0.0033170180395245,-0.0857468769989907,0.1175783316761255,-0.5542559307605028,-0.0857468769989907,0.1175783316761255,-0.5542559307605028,0.181346601101011,-0.6438660590589046,-0.7158613279506564,1.1063909530639648,1.4061027765274048,0.0733000338077545
1774472436133768400,130.4697685546875,-0.2349520806908607,0.1428062964349985,0.1222644436657428,0.0118129216134548,-0.0023386892862617,0.0074547715485095,0.1996251851134002,-0.0525081858724355,-0.4202811755567789,0.1996251851134002,-0.0525081858724355,-0.4202811755567789,0.2000922181032597,-0.5488467651933431,-0.6931207960933446,1.11401104927063,1.6701171398162842,0.0756223052740097
1774472436143795200,130.47979516601563,-0.2740343832790851,0.1295183603167533,0.0768827486723661,0.0181138608604669,-0.0068400157615542,0.0134220086038112,0.0001629354767501,-0.0890372968465089,-0.1690121663153171,0.0001629354767501,-0.0890372968465089,-0.1690121663153171,0.1954278795540332,-0.5446411301970482,-0.5633221575304865,1.1332839727401731,1.8841698169708248,0.0823198482394218
1774472436153823500,130.4898234863281,-0.2659954537302255,0.1477889071531593,0.0477747276097536,0.017790287733078,-0.0064890114590525,0.0315482802689075,-0.226599116756767,0.0046837739020586,-0.0749549954801797,-0.226599116756767,0.0046837739020586,-0.0749549954801797,0.1541337461352348,-0.4476934986174106,-0.3598413199022412,1.150184154510498,2.032484531402588,0.0889620333909988
1774472436163851300,130.49985131835936,-0.2288080249778926,0.198547619009763,0.0337625688701868,0.0129652889445424,-0.006765722297132,0.049789760261774,0.1272248425520956,0.0451993241637945,-0.1245610301703214,0.1272248425520956,0.0451993241637945,-0.1245610301703214,0.1262370005585253,-0.3990396500855684,-0.2757753817275166,1.1667011976242063,2.1175737380981445,0.082264743745327
1774472436173879300,130.50987939453125,-0.2000847654491662,0.2608775261946022,0.0262198984056711,0.0110379587858915,-0.0043427776545286,0.0697392374277114,0.236935947984457,0.1600724885344505,-0.1061018288940191,0.236935947984457,0.1600724885344505,-0.1061018288940191,0.1838262890875339,-0.4228308600395917,-0.1570157313123345,1.1952484846115112,2.146423816680908,0.0803986713290214
1774472436183907300,130.5199072265625,-0.1897586017459631,0.3019477877296507,-0.0048316579401493,0.0089573301374912,0.0031530070118606,0.0858541280031204,0.1988520087838172,0.1727922693759203,-0.0675754066228866,0.1988520087838172,0.1727922693759203,-0.0675754066228866,0.1448817875348031,-0.4377782538026571,-0.0336541400596499,1.226723313331604,2.144461870193481,0.0657152608036995
1774472436193934000,130.52993408203125,-0.1972819829881191,0.3332372444845736,-0.035235564032197,0.0078534502536058,0.0114439595490694,0.1047892123460769,0.2510876613251864,0.1500514452576637,-0.0179553434073925,0.2510876613251864,0.1500514452576637,-0.0179553434073925,0.2162356897830963,-0.4210352087944746,0.0639122079402208,1.2723668813705444,2.117537260055542,0.0389188006520271
1774472436203962400,130.53996240234375,-0.2333719718925654,0.3454385544098913,-0.0637333442419767,0.0063559715636074,0.0161752719432115,0.1245560348033905,0.405280590301752,0.1122767181366682,-0.0140811323225498,0.405280590301752,0.1122767181366682,-0.0140811323225498,0.2201262674808502,-0.3399392263412475,0.1690919535532593,1.3141417503356934,2.0632917881011963,0.0150701189413666
1774472436213990100,130.549990234375,-0.2708189283639192,0.3589724281132221,-0.0878285055786371,0.0096228718757629,0.0190706606954336,0.1461500227451324,0.4073658721432089,0.0511281296908855,0.072076809695363,0.4073658721432089,0.0511281296908855,0.072076809695363,0.1185012917399406,-0.2706359730124473,0.2105266644865274,1.3734322786331177,1.991265058517456,-0.005932368338108
1774472436224018400,130.56001831054687,-0.2783598452627658,0.3807937992990016,-0.0979401497483253,0.0155664458870887,0.0265907309949398,0.168647289276123,0.5082517199546098,0.0241793324887752,0.251826058602333,0.5082517199546098,0.0241793324887752,0.251826058602333,0.0683913261156529,-0.1861614540368318,0.1754758093714714,1.421382188796997,1.9271721839904783,-0.0241300016641616
1774472436234046200,130.57004614257812,-0.2415634616546332,0.4013949810400605,-0.1029237833797931,0.0189622417092323,0.0338622257113456,0.1966658681631088,0.4631413892485201,0.0870411545932293,0.3124491618692874,0.4631413892485201,0.0870411545932293,0.3124491618692874,-0.0513325662218034,-0.1886626232028007,0.0366381243064999,1.4612915515899658,1.908244609832764,-0.0419500134885311
1774472436244073500,130.58007348632813,-0.2269089133583009,0.4142955252759158,-0.1018342345774173,0.0262842196971178,0.0470187813043594,0.216472715139389,0.44092473513484,0.105678635045886,0.2545458389550447,0.44092473513484,0.105678635045886,0.2545458389550447,-0.1182769083995372,-0.2407809329748153,-0.1006447325319051,1.5108494758605957,1.923062205314636,-0.054955881088972
1774472436254101200,130.5901013183594,-0.203945824791491,0.4133281415484845,-0.1291015962094068,0.0364404506981372,0.0647027045488357,0.2378355264663696,0.4797124386906624,0.1027162781089544,0.1965443163633346,0.4797124386906624,0.1027162781089544,0.1965443163633346,-0.2052841607231646,-0.2573375155001878,-0.2374836449950933,1.563110589981079,1.959101676940918,-0.0628572106361389
1774472436264129300,130.60012939453125,-0.1595718455359339,0.4039394048258662,-0.1464285785853862,0.0485620982944965,0.0997396484017372,0.2561717927455902,0.3842566531039774,0.0617810411304235,0.1102916817992925,0.3842566531039774,0.0617810411304235,0.1102916817992925,-0.32754392821379,-0.342144627431035,-0.364418418559432,1.601720094680786,1.990836262702942,-0.0700371265411377
1774472436274157300,130.6101572265625,-0.1045655592374503,0.3817230429731309,-0.188581959182024,0.0583606660366058,0.1283148229122162,0.2752885222434997,0.3233347130209207,-0.0409533571571111,0.0180021051585674,0.3233347130209207,-0.0409533571571111,0.0180021051585674,-0.3713712333720177,-0.414747506827116,-0.3732949679762125,1.6496847867965698,1.994955062866211,-0.0680163204669952
1774472436284185000,130.62018505859376,-0.0899086728535592,0.3734643331937491,-0.2096487126082181,0.0712778642773628,0.1462856084108352,0.2876361608505249,0.1705313387066125,-0.1520230375915765,-0.0307101955622434,0.1705313387066125,-0.1520230375915765,-0.0307101955622434,-0.4038064260959625,-0.3844248492777347,-0.2775526205331087,1.6889361143112185,1.9856623411178589,-0.0731728076934814
1774472436294213400,130.63021337890626,-0.1017119233720004,0.3463089075036347,-0.2329179445147514,0.0836410522460937,0.1584922075271606,0.3000512719154358,0.1461212662018835,-0.3046229982882737,-0.0072165072500705,0.1461212662018835,-0.3046229982882737,-0.0072165072500705,-0.3958289078781381,-0.3562415418446064,-0.1854652884662151,1.7143511772155762,1.9651323556900024,-0.0905478000640869
1774472436304240000,130.640240234375,-0.109024438342452,0.2927544274486601,-0.2777612948477268,0.0994468852877616,0.1719829738140106,0.314145565032959,0.1365291158616542,-0.4288350688904523,0.0603238280594348,0.1365291158616542,-0.4288350688904523,0.0603238280594348,-0.3604197043120861,-0.3438929324030876,-0.1029927569627761,1.7185841798782349,1.919788837432861,-0.1098953187465667
1774472436314268400,130.65026831054686,-0.1344429572373628,0.2398264087289571,-0.2950865236580371,0.1115698590874672,0.185981348156929,0.3324041962623596,0.1687859563440084,-0.4834644847005605,0.1467249311834573,0.1687859563440084,-0.4834644847005605,0.1467249311834573,-0.3892798880934715,-0.3047334729254246,0.0034977789878845,1.708937168121338,1.8482240438461304,-0.1257624328136444
1774472436324296200,130.66029614257812,-0.1256745443701744,0.2331890165410935,-0.2707973010540008,0.1210885420441627,0.1968610882759094,0.3536408543586731,0.2425403438627719,-0.4368909495741128,0.2205669969856739,0.2425403438627719,-0.4368909495741128,0.2205669969856739,-0.3937923970818519,-0.2950017679840326,0.1445721370637416,1.699717402458191,1.7320804595947266,-0.1309655159711837
1774472436334324500,130.67032446289062,-0.101079616817832,0.2695657134324312,-0.2144441301912069,0.1281230151653289,0.2089798003435135,0.3767264783382416,0.4290719463862478,-0.3391746717095374,0.2768704834878444,0.4290719463862478,-0.3391746717095374,0.2768704834878444,-0.4077659773766994,-0.3038946840137243,0.2642547475427389,1.6946792602539062,1.634681224822998,-0.1222732365131378
1774472436344352300,130.68035229492187,-0.0732879390507936,0.3133021254368126,-0.1705517969727516,0.1353960931301117,0.2231187224388122,0.3957886099815368,0.6485071628630161,-0.2345902616411447,0.3864467104941606,0.6485071628630161,-0.2345902616411447,0.3864467104941606,-0.3709305769324302,-0.3185650144010782,0.3603548223823308,1.7069673538208008,1.599313735961914,-0.127833217382431
1774472436354379300,130.6903791503906,-0.0302560220539569,0.3524491638243198,-0.1663894165962934,0.1403980404138565,0.2467889040708542,0.4195552170276642,0.666783554918319,-0.1907370913892984,0.4538835854291915,0.666783554918319,-0.1907370913892984,0.4538835854291915,-0.3098006931871175,-0.3319365371495485,0.3581932604342699,1.7173131704330444,1.6017662286758425,-0.1309640258550644
1774472436364407300,130.7004072265625,-0.0088015844844281,0.392627591086179,-0.2279156061828136,0.1481246501207351,0.2808282971382141,0.4393532276153564,0.6519469280533492,-0.1351022979289293,0.4685831419110298,0.6519469280533492,-0.1351022979289293,0.4685831419110298,-0.378801821764186,-0.3416962991416454,0.2324742924004793,1.736907958984375,1.6612387895584106,-0.1253157407045364
1774472436374435000,130.71043505859376,0.0474485643953084,0.4175517505928873,-0.3086971158593893,0.161418616771698,0.3274661004543304,0.4583024084568023,0.634506694561243,-0.1101741928994655,0.4445429256319999,0.634506694561243,-0.1101741928994655,0.4445429256319999,-0.2899503298133611,-0.3758814773380756,0.113797059571743,1.7548885345458984,1.7439006567001345,-0.1108744889497757
1774472436384463400,130.72046337890626,0.140488959403336,0.4084241490244865,-0.414454661360383,0.1723177284002304,0.3762414753437042,0.4846469759941101,0.4906628717720508,-0.2121434520334005,0.3283376358747482,0.4906628717720508,-0.2121434520334005,0.3283376358747482,-0.2124257030408829,-0.4179296439945698,-0.038044191712141,1.7424051761627195,1.8005248308181765,-0.0820299834012985
1774472436394491100,130.7304912109375,0.2370914308071136,0.368516647658497,-0.5159060341000556,0.1866902709007263,0.4161348044872284,0.5150208473205566,0.3647287996828556,-0.3581336392015218,0.2632166366666555,0.3647287996828556,-0.3581336392015218,0.2632166366666555,-0.1658206767976283,-0.4521931481242179,-0.0882733267366886,1.718378663063049,1.832561612129212,-0.0216510631144046
1774472436404519400,130.74051953125,0.2837231258615851,0.3171522249937057,-0.5222726465225219,0.2009851634502411,0.4337866604328155,0.5494681000709534,0.1646085245288908,-0.41078620198071,0.2299211007863283,0.1646085245288908,-0.41078620198071,0.2299211007863283,-0.2647615280210971,-0.3747936821013689,0.0799655171185731,1.66933274269104,1.820703268051148,0.0283850710839033
1774472436414546200,130.75054614257812,0.2736427536129951,0.2733233124002814,-0.4036018434345721,0.2158980667591095,0.4421380758285522,0.5766070485115051,0.1371324885822832,-0.3357452817827463,0.3242091577678919,0.1371324885822832,-0.3357452817827463,0.3242091577678919,-0.1215781419020146,-0.2909504467666149,0.3458230236828327,1.6106598377227783,1.7286615371704102,0.0730678588151931
1774472436424574500,130.76057446289062,0.2376607551276683,0.2672846167579293,-0.2322784775674343,0.2258976250886917,0.4470119476318359,0.6043049693107605,0.0032033260859549,-0.2515285369604826,0.4473901317566633,0.0032033260859549,-0.2515285369604826,0.4473901317566633,0.1579335768096149,-0.1937216601580381,0.658022594705224,1.547521471977234,1.602066993713379,0.1193273961544036
1774472436434602200,130.77060229492187,0.2213280444860458,0.2410283318646252,-0.0689484485417604,0.2349550426006317,0.4411700367927551,0.6257485151290894,-0.0956640215098857,-0.1885135701209306,0.4849345572531223,-0.0956640215098857,-0.1885135701209306,0.4849345572531223,0.271584798169881,-0.0475087701499462,1.0053414099037647,1.4853081703186035,1.474670648574829,0.1701413094997406
1774472436444630300,130.78063037109376,0.2262929734170436,0.2302773668780922,0.0472726233065128,0.2471683323383331,0.4412761628627777,0.6467974781990051,-0.0745591280303895,-0.1682873591721057,0.5615525175094604,-0.0745591280303895,-0.1682873591721057,0.5615525175094604,0.3925583252422511,0.1780114653289318,1.3350637781351804,1.4215304851531982,1.4013175964355469,0.2125777006149292
1774472436454658300,130.790658203125,0.2359051436319947,0.2534235569268465,0.1234679742366075,0.2619858980178833,0.4439108073711395,0.6774752140045166,0.0290776259243488,-0.1048573817908763,0.6069061554521322,0.0290776259243488,-0.1048573817908763,0.6069061554521322,0.5555582455307245,0.3568108661651611,1.521048706561327,1.3276790380477903,1.3617539405822754,0.2554221153259277
1774472436464685300,130.80068530273437,0.2603413734912872,0.2875942682065069,0.1256026481777429,0.2783985137939453,0.4537878334522247,0.705366849899292,0.2417364801339805,-0.1218757366091012,0.6322720673769712,0.2417364801339805,-0.1218757366091012,0.6322720673769712,0.6612031244374811,0.4560241045892238,1.4749310985088349,1.196181058883667,1.3341997861862185,0.3038575053215027
1774472436474713300,130.81071337890626,0.327105171470344,0.2652275380976498,0.0304839855909347,0.2996489405632019,0.4794545769691467,0.7325502634048462,0.3165314627468585,-0.2035936503529548,0.6270026025414467,0.3165314627468585,-0.2035936503529548,0.6270026025414467,0.6966181366898119,0.5287725299358368,1.3740958118408917,1.046751618385315,1.2872810363769531,0.3564195036888122
1774472436484741000,130.8207412109375,0.3979366572797298,0.2555781046122312,-0.0965887351393699,0.3199234306812286,0.5006539821624756,0.7574185729026794,0.194266434559226,-0.3807628196388483,0.4389607415854931,0.194266434559226,-0.3807628196388483,0.4389607415854931,0.741659639943391,0.641237464120984,1.3197896366357802,0.9076973795890808,1.2411258220672607,0.4145628213882446
1774472436494769400,130.83076928710938,0.4161120731785893,0.2551685008980334,-0.2252531089752912,0.33419930934906,0.514743983745575,0.7869588732719421,0.1089871750719845,-0.6331371597737073,0.1046504610419273,0.1089871750719845,-0.6331371597737073,0.1046504610419273,0.7030623443931341,0.6966109762966632,1.3960773420244454,0.7929345965385437,1.2004971504211426,0.4734927117824554
1774472436504797200,130.84079711914063,0.4231736821278929,0.260863936060667,-0.2770692209303378,0.3478558659553528,0.5233163833618164,0.8158320784568787,0.2352012331463396,-0.6926227834433317,-0.0089379242151975,0.2352012331463396,-0.6926227834433317,-0.0089379242151975,0.6933002443134785,0.6669067429065704,1.432384334680438,0.6779947876930237,1.126168727874756,0.5236086845397949
1774472436514824400,130.8508244628906,0.4193751666277647,0.2323931899882853,-0.2611053436011076,0.3544583618640899,0.5233843326568604,0.8361343741416931,0.1583054788619279,-0.4176771305382251,0.1257394262999296,0.1583054788619279,-0.4176771305382251,0.1257394262999296,0.945696211758256,0.489925789669156,1.4294541264474392,0.5571631193161011,1.054588794708252,0.6063749194145203
1774472436524852200,130.86085229492187,0.3747118490368127,0.1996355603769421,-0.1974900727808475,0.3612943887710571,0.5177901983261108,0.8552184700965881,0.0268248785614967,0.0430436074346303,0.0843207897186279,0.0268248785614967,0.0430436074346303,0.0843207897186279,0.9530486203476786,0.1191395896434783,1.551653103661537,0.4303726255893707,1.0306659936904907,0.7188549637794495
1774472436534880500,130.87088061523437,0.3132885353028774,0.1637839102730154,-0.0865647692531347,0.3653570413589477,0.5158228874206543,0.8741716146469116,-0.0195259537249803,0.6258107624083757,-0.4333861563235521,-0.0195259537249803,0.6258107624083757,-0.4333861563235521,0.5099984174914658,-0.2724555896550417,1.7214263174772262,0.2793159782886505,0.9499397277832032,0.8043421506881714
1774472436544908300,130.880908203125,0.2535708564430475,0.1304592944286763,0.0118383218318223,0.3781902492046356,0.5231198072433472,0.8936909437179565,-0.2261702238202095,1.3645342027693983,-1.0935913557648658,-0.2261702238202095,1.3645342027693983,-1.0935913557648658,0.601402881860733,-0.6421756217539311,1.61983232139647,0.0729312971234321,0.8029620051383972,0.8426751494407654
1774472436554936000,130.89093603515624,0.2039659907966852,0.1276139880001545,-0.0059743982344865,0.3891938924789428,0.5400444269180298,0.91000497341156,-0.3295972805470228,1.903270492836833,-1.5820651930600405,-0.3295972805470228,1.903270492836833,-1.5820651930600405,1.0833081544205545,-1.2566460749804973,1.6079115819782015,-0.1044892966747284,0.7073971033096313,0.8690958619117737
1774472436564964400,130.90096435546874,0.2019333159253001,0.1646039944842457,-0.1101262621045112,0.4061816334724426,0.5665715336799622,0.9319578409194946,-0.3987409593999385,2.178258231317997,-1.7348650602430105,-0.3987409593999385,2.178258231317997,-1.7348650602430105,1.2056883334204551,-1.891597590699792,2.2287562464118,-0.2461572736501693,0.6304016709327698,0.8825557827949524
1774472436574991000,130.9109912109375,0.2325976265192031,0.1797368278168141,-0.2310287697672843,0.4231164157390594,0.5857705473899841,0.952914535999298,-0.2796148868251591,2.3346318653345106,-1.5981775389492512,-0.2796148868251591,2.3346318653345106,-1.5981775389492512,1.4475691904611885,-2.2158014877706766,3.040938306215405,-0.3989137709140777,0.6060739755630493,0.9322879314422609
1774472436585019400,130.92101928710937,0.2643333657369017,0.1890272187314927,-0.3498047867953777,0.4334592819213867,0.5994859337806702,0.9806472659111024,-0.1922171008139848,2.280250871327519,-1.2077712771743536,-0.1922171008139848,2.280250871327519,-1.2077712771743536,1.4939920650705694,-2.2234370972156525,3.844327403232455,-0.5718858242034912,0.6288002729415894,0.9884909987449646
1774472436595047400,130.93104736328124,0.3200055685982108,0.2137235608316957,-0.4296142365694045,0.4387999773025512,0.6043395400047302,1.0134330987930298,0.0548006807237863,1.9998294173598288,-0.9422025244235992,0.0548006807237863,1.9998294173598288,-0.9422025244235992,1.686821452564001,-2.094282309514284,4.327379215478897,-0.8301384449005127,0.6689690351486206,1.0556296110153198
1774472436605075500,130.94107543945313,0.3800976337283849,0.2449707858800888,-0.4540869990468025,0.4371426999568939,0.6125763654708862,1.044636368751526,0.275858018509671,1.616592901083827,-0.8030874837219715,0.275858018509671,1.616592901083827,-0.8030874837219715,1.6799410454005002,-2.1186083569973704,4.384883894464373,-1.11403226852417,0.7361946105957031,1.1175038814544678
1774472436615103500,130.951103515625,0.4515718013554811,0.2599061969444156,-0.3977998791575431,0.4334605932235718,0.6312057375907898,1.0724693536758425,0.3924829949837178,1.1826532025307417,-0.7073509814977645,0.3924829949837178,1.1826532025307417,-0.7073509814977645,1.8413450747996567,-2.217349886256456,4.5160003376275295,-1.3786096572875977,0.8356357216835022,1.168354034423828
1774472436625130500,130.96113061523437,0.5363213378801942,0.3093697544239461,-0.2677192087829113,0.4345477223396301,0.6487277746200562,1.1027512550354004,0.4978443442413583,0.7547206354379653,-0.5194143344819545,0.4978443442413583,0.7547206354379653,-0.5194143344819545,2.079629222522676,-2.434251930993795,4.748392796963453,-1.6297519207000732,0.9475210309028624,1.2275257110595703
1774472436635158300,130.971158203125,0.5463970339536667,0.3103296854972839,-0.1415641874194145,0.4388010501861572,0.655460774898529,1.1267402172088623,0.6054776204863562,0.4762830487638712,-0.2765402286201715,0.6054776204863562,0.4762830487638712,-0.2765402286201715,2.10630972417742,-2.67934254386127,4.955598792594671,-1.8742114305496216,1.0131986141204834,1.3217123746871948
1774472436645186300,130.98118627929688,0.4923305127233267,0.2906041175469755,-0.0295674552679061,0.4413920044898987,0.6541736721992493,1.1416449546813965,0.8421972588390112,0.2926502364218235,-0.1893915219992399,0.8421972588390112,0.2926502364218235,-0.1893915219992399,2.142357042983919,-2.824585712054372,4.9526972259342665,-2.126253843307495,1.0494574308395386,1.4527215957641602
1774472436655214300,130.99121435546874,0.4272916388407349,0.2592914260469376,0.1233183366328477,0.4461835622787475,0.6465604901313782,1.1431890726089478,1.025201125627756,0.1352647950142622,-0.1805108809292316,1.025201125627756,0.1352647950142622,-0.1805108809292316,1.9416263808466487,-2.8069074320226908,4.8662978763759135,-2.388394355773926,1.0681341886520386,1.608399510383606
1774472436665242400,131.00124243164063,0.373920698659122,0.2226534478709101,0.2683510769456624,0.4564146995544433,0.6379329562187195,1.1509296894073486,1.0413824450999498,-0.0432785852342844,-0.200027482303977,1.0413824450999498,-0.0432785852342844,-0.200027482303977,1.739854539093375,-2.7756618144094944,4.7010862713873385,-2.6442677974700928,1.0833323001861572,1.788813829421997
1774472436675269400,131.01126928710937,0.3631114276140928,0.1525068755857646,0.3725853584021329,0.4735335111618042,0.6372344493865967,1.1562693119049072,0.7220365094542502,-0.1994254247575998,-0.0806043995440006,0.7220365094542502,-0.1994254247575998,-0.0806043995440006,1.5674901397407055,-2.8229765232920645,4.562797160115838,-2.874483108520508,1.07894766330719,1.9750889539718628
1774472436685297400,131.02129736328126,0.3877285669982433,0.0549095479257404,0.3952782517254352,0.4937472939491272,0.6412280201911926,1.1576168537139893,0.3044645928561687,-0.2397474982738494,-0.0718576139867305,0.3044645928561687,-0.2397474982738494,-0.0718576139867305,1.412098064107448,-2.9449001906961203,4.382829884544015,-3.11014986038208,1.058681845664978,2.156359910964966
1774472436695325400,131.03132543945313,0.4231973552644252,-0.0549918193817138,0.378993471878767,0.5128864049911499,0.6424022316932678,1.1507633924484253,0.1699035621970892,-0.2623603120982646,-0.1206990940451622,0.1699035621970892,-0.2623603120982646,-0.1206990940451622,1.1499947955101728,-2.9936282735079525,4.098218577671051,-3.351027727127075,1.0139634609222412,2.312925338745117
1774472436705353500,131.041353515625,0.4210559593215584,-0.1794242547363042,0.3545037582665681,0.5337328910827637,0.6289190649986267,1.1272852420806885,-0.0223825121998786,-0.2889829460859298,-0.1524491540491581,-0.0223825121998786,-0.2889829460859298,-0.1524491540491581,0.8733791635662317,-2.9591894128113982,3.734281220626831,-3.5814807415008545,0.9582517147064208,2.420429229736328
1774472436715381500,131.05138159179688,0.3685857673719525,-0.3166445677325129,0.3144546564728021,0.5523797869682312,0.5987949967384338,1.0780831575393677,-0.0852770675301551,-0.2576572489738464,-0.1829033290237188,-0.0852770675301551,-0.2576572489738464,-0.1829033290237188,0.6789402950495481,-2.996073913094401,3.377124317502976,-3.777830123901367,0.8590607047080994,2.4936063289642334
1774472436725409500,131.06140942382814,0.3047200289219617,-0.427539476121962,0.2958241902828216,0.5658180117607117,0.5601944923400879,1.0036675930023191,-0.0652057548820972,-0.2315437335520982,-0.2536012515813112,-0.0652057548820972,-0.2315437335520982,-0.2536012515813112,0.4390396520406007,-3.193143130114674,3.04920023086518,-3.929539918899536,0.754744291305542,2.564588785171509
1774472436735436500,131.0714365234375,0.2941664862036705,-0.5012416950620711,0.2872679588615894,0.5752562284469604,0.518860936164856,0.9112991094589232,0.0075613751649856,-0.186381234267354,-0.317785846722126,0.0075613751649856,-0.186381234267354,-0.317785846722126,0.0358469739288091,-3.521220653748512,2.684730374379456,-4.032217025756836,0.6672488451004028,2.6306002140045166
1774472436745464300,131.08146435546874,0.3459577559784054,-0.5371937368005514,0.2946493012845516,0.5677287578582764,0.4696382582187652,0.8225917220115662,0.0137350953638553,-0.1525736572116613,-0.3342413069605827,0.0137350953638553,-0.1525736572116613,-0.3342413069605827,-0.2728115634858608,-3.885845993056893,2.1440146009325978,-4.113853454589844,0.6267588138580322,2.671738386154175
1774472436755492400,131.09149243164063,0.3840878724083304,-0.5693225669890641,0.2822767264455557,0.5411831736564636,0.425133615732193,0.7440524101257324,-0.0398877372195944,-0.3083385116800665,-0.244655144059658,-0.0398877372195944,-0.3083385116800665,-0.244655144059658,-0.3544850535660982,-4.341096775186061,1.403465406449139,-4.21019458770752,0.6504601836204529,2.716968297958374
1774472436765520400,131.1015202636719,0.405054964852333,-0.6269868204504251,0.2593652219355106,0.4986661970615387,0.3976605832576751,0.6746765375137329,-0.2650105343461036,-0.7357303960248828,-0.0488005635261535,-0.2650105343461036,-0.7357303960248828,-0.0488005635261535,-0.6815303115427493,-4.629256714451313,0.3099623134896159,-4.326388359069824,0.8113256692886353,2.733919858932495
1774472436775548400,131.11154833984375,0.3919061449438333,-0.7418434720776975,0.2682803497970104,0.4507759213447571,0.3748149275779724,0.6080104112625122,-0.4781809913396835,-1.24233639459908,0.2146440366774797,-0.4781809913396835,-1.24233639459908,0.2146440366774797,-1.2234884862661362,-4.516518808543682,-0.8358756546020507,-4.438517093658447,1.0290483236312866,2.7115657329559326
1774472436785575400,131.12157543945312,0.338636619310081,-0.8738649012565612,0.3156710465252399,0.4026618599891662,0.357081800699234,0.5391197800636292,-0.525286441385746,-1.851537967512012,0.4362245946198702,-0.525286441385746,-1.851537967512012,0.4362245946198702,-1.4840122305870056,-4.18074605423212,-1.6254221042275427,-4.502166748046875,1.204092502593994,2.6727802753448486
1774472436795603500,131.131603515625,0.2841027728289365,-0.9512623214527964,0.3584855213791131,0.3520426154136657,0.3275627791881561,0.4579969644546509,-0.632539193880558,-2.768820277951657,0.423572618317604,-0.632539193880558,-2.768820277951657,0.423572618317604,-1.5739631351470946,-3.756131233385205,-1.984913880039752,-4.521862506866455,1.2864603996276855,2.636469841003418
1774472436805631500,131.14163159179688,0.2210845911189913,-1.021842170588672,0.4747592001974582,0.3003169894218445,0.2777089476585388,0.3535963594913482,-0.8010393190205096,-3.8845360795021056,0.4324567665189504,-0.8010393190205096,-3.8845360795021056,0.4324567665189504,-1.847481970119476,-3.5576579947859046,-2.2533944285839795,-4.552422523498535,1.2717292308807373,2.5975356101989746
1774472436815659500,131.15165942382814,0.0241617968320846,-1.0827161798767744,0.5533820705354213,0.2595296204090118,0.213499054312706,0.2526138126850128,-1.063169402559474,-4.665664537133276,0.7316694301962852,-1.063169402559474,-4.665664537133276,0.7316694301962852,-2.01364751483202,-3.586300151902437,-2.664192321002483,-4.554649829864502,1.1748520135879517,2.5477659702301025
1774472436825687300,131.16168725585936,-0.0277902164623141,-1.154344661282748,0.5066933845967054,0.2197848111391067,0.1643068194389343,0.1545317471027374,-1.1241618505954742,-4.767311432445049,1.1819038454681634,-1.1241618505954742,-4.767311432445049,1.1819038454681634,-2.114288009580225,-3.772604229280352,-2.9719851814985274,-4.500941276550293,1.037001371383667,2.4884467124938965
1774472436835715300,131.17171533203123,-0.0833747410401701,-1.1578310420937836,0.3746557349354028,0.1878031641244888,0.1457781344652176,0.0624311193823814,-0.8146212696492672,-4.354540194126964,1.597057010486722,-0.8146212696492672,-4.354540194126964,1.597057010486722,-2.2639818735718724,-4.151638033169507,-3.386161902700364,-4.434581279754639,0.9004811644554138,2.4304299354553223
1774472436845742600,131.18174267578124,-0.0605947539553046,-1.072894604694843,0.1863391486912965,0.1570851802825927,0.1614927947521209,-0.0208886675536632,-0.5399894319336861,-3.7757337594777343,1.977064043322205,-0.5399894319336861,-3.7757337594777343,1.977064043322205,-2.446325961277634,-4.4364317108720535,-4.071351905794441,-4.366110324859619,0.7625432014465332,2.3740484714508057
1774472436855770400,131.19177026367188,-0.0252145207554101,-0.91404391304031,0.0218733936339616,0.1214262470602989,0.1944701820611953,-0.0989831984043121,-0.3300432707488536,-3.319436683166027,2.283908809313178,-0.3300432707488536,-3.319436683166027,2.283908809313178,-2.656422856044769,-4.38860086916089,-5.005349788713455,-4.288017272949219,0.678863525390625,2.316805124282837
1774472436865798400,131.20179833984375,-0.0208060566633939,-0.7333224581003188,-0.0565051465541124,0.0720434188842773,0.2188983857631683,-0.1666525155305862,-0.3000631430268287,-3.2441286364644766,2.336595858883858,-0.3000631430268287,-3.2441286364644766,2.336595858883858,-2.813965533840656,-3.923752237603068,-6.107770932143926,-4.182894229888916,0.672012448310852,2.243818521499634
1774472436875826400,131.2118264160156,-0.0172854813218116,-0.5733823637738824,-0.0908025529533624,0.0145771978422999,0.245392844080925,-0.2297505289316177,-0.6194681153833865,-3.4668174479097127,2.3439666799128056,-0.6194681153833865,-3.4668174479097127,2.3439666799128056,-2.550557758516073,-3.350149216815829,-6.957315631136297,-4.015966892242432,0.6981532573699951,2.1870150566101074
1774472436885854500,131.2218544921875,-0.0494856231808662,-0.4472888633392751,-0.1279588559150695,-0.0325665473937988,0.2855767607688904,-0.2872876822948456,-1.0641443850714714,-3.667523560127616,2.483413729047775,-1.0641443850714714,-3.667523560127616,2.483413729047775,-2.525391753077507,-2.585034028613568,-7.403334474539756,-3.817793846130371,0.6478825211524963,2.1606032848358154
1774472436895881500,131.23188159179688,-0.020455343529582,-0.4051644165761768,-0.2063794816792011,-0.0688848793506622,0.3433878719806671,-0.3395671546459198,-1.137040036869049,-3.5117435080900785,2.8233085317254063,-1.137040036869049,-3.5117435080900785,2.8233085317254063,-2.8186069299057124,-1.8360247565597287,-7.740190932434797,-3.601804256439209,0.4949518144130707,2.0870869159698486
1774472436905909200,131.2419091796875,0.0540764581024646,-0.4872779055088758,-0.2770066770881414,-0.09693443775177,0.4058230519294739,-0.385449081659317,-0.6543067159872502,-3.04284910827279,3.1613235120058056,-0.6543067159872502,-3.04284910827279,3.1613235120058056,-2.7310896822333333,-1.3497680107921362,-7.967377639821171,-3.372090101242065,0.3579069375991821,1.968344449996948
1774472436915937500,131.2519375,0.0678176909461617,-0.5811660033874213,-0.3081242844074964,-0.1159816309809684,0.4439747035503387,-0.4354675114154815,-0.0823054313082247,-2.713935718336701,3.2592502177506684,-0.0823054313082247,-2.713935718336701,3.2592502177506684,-3.0250387262940404,-0.9392267234832048,-8.214497712689637,-3.142173767089844,0.3680727779865265,1.886584639549256
1774472436925965300,131.26196533203125,0.0280523745298385,-0.6158237675316631,-0.2525865215808153,-0.1329306960105896,0.4606776237487793,-0.4810218811035156,-0.0497755460381507,-3.011770663920045,3.089842330116033,-0.0497755460381507,-3.011770663920045,3.089842330116033,-3.788902453130484,-0.2151677682906389,-8.919296671617031,-2.8889589309692383,0.415231853723526,1.8114506006240845
1774472436935993300,131.27199340820312,0.0724368751794099,-0.6160434016317129,-0.0902566095083951,-0.1530897617340088,0.4502066075801849,-0.5201426148414612,-0.4662861170150339,-3.748570442742109,3.0799814458370207,-0.4662861170150339,-3.748570442742109,3.0799814458370207,-4.4222482872188085,0.3330997357100248,-9.832951146948336,-2.605529546737671,0.4450400769710541,1.7563964128494265
1774472436946020400,131.28202026367188,0.137969377797842,-0.5820917399302125,0.1058615903973579,-0.1817640662193298,0.4502921402454376,-0.5559821128845215,-0.9030115738291292,-4.093548832294345,3.350859410911798,-0.9030115738291292,-4.093548832294345,3.350859410911798,-4.720157759343088,0.6944038216412067,-10.31933882561922,-2.28731656074524,0.5019347667694092,1.6683518886566162
1774472436956048400,131.29204833984377,0.1946907974511385,-0.6006923955038189,0.3540250348389148,-0.2126873731613159,0.4702538549900055,-0.6001277565956116,-0.9079999567009508,-3.6269092256665214,3.565158579674363,-0.9079999567009508,-3.6269092256665214,3.565158579674363,-5.224594597184658,0.8485726390898227,-10.28612161567211,-1.966929912567139,0.4005570113658905,1.4957356452941897
1774472436966076400,131.30207641601564,0.1899877343267202,-0.6529176727816463,0.5367033229351044,-0.2321441620588302,0.4932236969470978,-0.6576539278030396,-0.5699192177079617,-2.9370220046669244,3.52450742033422,-0.5699192177079617,-2.9370220046669244,3.52450742033422,-6.067412618270516,0.8721002296715974,-10.237505761063098,-1.6131839752197266,0.165699154138565,1.2147774696350098
1774472436976104400,131.3121044921875,0.0892138224571943,-0.7564059581764042,0.6235246972978115,-0.2481431066989898,0.4904590547084808,-0.7350482940673828,-0.2989724251806736,-2.822135980814695,3.371266823646426,-0.2989724251806736,-2.822135980814695,3.371266823646426,-6.786382141369581,0.8919944321870803,-10.097602784854171,-1.1662485599517822,-0.0778871476650238,0.8555040955543518
1774472436986132500,131.32213256835936,-0.1083627595633268,-0.8285016187027097,0.6163134507447481,-0.2720162570476532,0.4779331982135772,-0.8108736276626587,-0.2429962709367275,-3.2482384098708628,3.534085980540514,-0.2429962709367275,-3.2482384098708628,3.534085980540514,-7.472289352822304,0.9565256488084792,-9.950035557627675,-0.6851851940155029,-0.3856783509254455,0.5121169686317444
1774472436996160500,131.33216040039062,-0.3859191794887185,-0.875512083941698,0.6335141763925553,-0.2997227013111114,0.4410108625888824,-0.895648181438446,-0.5394973375678062,-3.9618040280997753,4.232230742275715,-0.5394973375678062,-3.9618040280997753,4.232230742275715,-8.186507882001996,1.007340474766493,-10.282118809771536,-0.2320749759674072,-0.7551128268241882,0.2088063508272171
1774472437006187500,131.3421875,-0.6411351727902889,-0.8225685753919184,0.677137045019865,-0.3233681917190552,0.4190298914909363,-0.9732128977775574,-1.0915151340126992,-4.765124151533842,4.9595063214272255,-1.0915151340126992,-4.765124151533842,4.9595063214272255,-8.508309978628159,1.2677841395884752,-10.963167475277183,0.1748397499322891,-1.0303099155426023,-0.0479870401322841
1774472437016215300,131.35221533203125,-0.7083344395771622,-0.6427504990324377,0.6213865162253379,-0.3472301065921783,0.3940747380256653,-1.0357569456100464,-1.5032092446185648,-5.270093781077861,5.357203324732184,-1.5032092446185648,-5.270093781077861,5.357203324732184,-8.581369369620084,1.849552346652746,-11.68105037218332,0.5357359051704407,-1.081009030342102,-0.2054277956485748
1774472437026243300,131.3622434082031,-0.6109934247657657,-0.4302601332575082,0.5543418554782867,-0.3725583851337433,0.3860943019390106,-1.0720763206481934,-1.2959823523297904,-5.354646625986695,5.280851321935653,-1.2959823523297904,-5.354646625986695,5.280851321935653,-8.98373611830175,2.5198235975563525,-12.449254758572575,0.8276151418685913,-1.058708429336548,-0.3897144198417663
1774472437036271400,131.37227124023437,-0.4351683635652065,-0.2276002566233277,0.5117839857339859,-0.3864422440528869,0.4042187333106994,-1.067081332206726,-0.8975406681373714,-5.236993475508689,4.83993184749782,-0.8975406681373714,-5.236993475508689,4.83993184749782,-8.8714073777169,2.7725749543100595,-13.28633803539872,1.0937283039093018,-1.0735856294631958,-0.6191211938858032
1774472437046299400,131.38229931640626,-0.0712765992283821,-0.0641107992522418,0.4024368913084268,-0.3863837718963623,0.4196643233299255,-1.0434105396270752,-0.6506734009861945,-5.741968950271606,3.8940935969203694,-0.6506734009861945,-5.741968950271606,3.8940935969203694,-9.0410099111408,2.5207541564047333,-13.513596638977528,1.4234607219696045,-1.221607685089111,-0.8616604804992676
1774472437056326400,131.39232641601564,0.1313905839294195,-0.0015425532668828,0.2432949616223573,-0.3737960755825043,0.4268513917922973,-1.013141632080078,-0.5059868437625468,-7.337861593154073,2.593033210673928,-0.5059868437625468,-7.337861593154073,2.593033210673928,-9.520693708258866,2.058826380729675,-13.485118732511996,1.852278113365173,-1.4737671613693235,-1.115325927734375
1774472437066354400,131.4023544921875,0.1493593713402748,0.0009673837274312,0.056720250609517,-0.3433897197246551,0.4320988655090332,-1.0067415237426758,-0.4169165214292705,-8.783712727651,1.3790104718893763,-0.4169165214292705,-8.783712727651,1.3790104718893763,-9.965068291586636,1.3128852640748023,-13.664531881332396,2.3224334716796875,-1.830726265907288,-1.3482674360275269
1774472437076382500,131.41238256835936,0.0453258731529116,-0.0202102827273309,-0.1445347276628017,-0.31657674908638,0.4425818622112274,-1.0333251953125,-0.4480383665323257,-8.268593460014461,0.7564274393558502,-0.4480383665323257,-8.268593460014461,0.7564274393558502,-10.686806694877149,0.2040507464706897,-14.451326401901245,2.816880702972412,-2.229383707046509,-1.5661494731903076
1774472437086410500,131.42241040039062,-0.1543728155881166,-0.1150277704104781,-0.2392728664994239,-0.2910815179347992,0.4691136181354522,-1.0788977146148682,-1.173778698940575,-6.198289991980791,0.1057902787268161,-1.173778698940575,-6.198289991980791,0.1057902787268161,-11.477405283904076,-1.7977865035802123,-15.685809744912383,3.443409442901612,-2.2582218647003174,-1.819567084312439
1774472437096438500,131.4324384765625,-0.2732218978524208,-0.1780458059899508,-0.2476245152592658,-0.2732830941677093,0.5036207437515259,-1.1262457370758057,-1.8307376099370416,-4.235625645411014,-1.1824334223002195,-1.8307376099370416,-4.235625645411014,-1.1824334223002195,-12.144141346418856,-4.445731454136968,-16.540856548452375,4.101956844329834,-1.8418797254562376,-2.1509368419647217
1774472437106466300,131.44246630859374,-0.2530629069209099,-0.2136388051576912,-0.2268330716431141,-0.2721041738986969,0.560772716999054,-1.1478058099746704,-2.3536988232456144,-3.720169693166017,-2.9407255353599786,-2.3536988232456144,-3.720169693166017,-2.9407255353599786,-12.427979330831766,-6.599618629786372,-17.63411706482768,4.707627773284912,-1.0579525232315063,-2.498495817184448
1774472437116493600,131.45249365234375,-0.0354570978283882,-0.2573360541954636,-0.1538613589346408,-0.2926752269268036,0.6073508262634277,-1.1391865015029907,-2.3130501481235024,-5.10041759789586,-5.884773493140935,-2.3130501481235024,-5.10041759789586,-5.884773493140935,-11.993859599536655,-7.538030529755353,-18.370100266569853,5.190494060516357,-0.1639818251132965,-2.812772035598755
1774472437126521300,131.46252124023437,0.0946603974252939,-0.2919324435412883,-0.1458884803593158,-0.3208250403404236,0.6245995759963989,-1.1347004175186155,-2.1469489008188245,-6.584283698010444,-9.010746874824166,-2.1469489008188245,-6.584283698010444,-9.010746874824166,-11.160534798461198,-7.862430826181173,-18.4693029835999,5.613533973693848,0.1681575775146484,-3.140785217285156
1774472437136549400,131.47254931640626,0.0575835894405841,-0.3147910488203168,-0.1217787059754133,-0.3486481606960296,0.6032753586769104,-1.1460028886795044,-2.18612238882184,-6.592824147340655,-10.794344694054129,-2.18612238882184,-6.592824147340655,-10.794344694054129,-8.307751165926456,-9.695022685682773,-17.615121272456644,6.165337562561035,0.0464923940598964,-3.321946620941162
1774472437146577400,131.48257739257812,-0.089372812411189,-0.266261776516214,-0.0733913994252681,-0.3743258416652679,0.5656148195266724,-1.1826093196868896,-2.2068810992121697,-5.728424993565678,-12.029528294289111,-2.2068810992121697,-5.728424993565678,-12.029528294289111,-6.690540425205231,-13.163319558495282,-16.308691468131542,6.817907333374023,-0.0151204345747828,-3.5170586109161377
1774472437156605400,131.49260546875,-0.224649297863245,-0.2293375287447124,0.1212865385442972,-0.3986857831478119,0.5607484579086304,-1.2240310907363892,-2.1565204467624426,-4.74140308420658,-13.294723586428164,-2.1565204467624426,-4.74140308420658,-13.294723586428164,-4.683762211620808,-17.50311752604246,-15.93474242016077,7.403605461120605,0.2369541525840759,-3.775338649749756
1774472437166632400,131.5026325683594,-0.0953062941133976,-0.2724346199322491,0.3703799573123454,-0.4276804029941559,0.5964977741241455,-1.2660061120986938,-1.2264812383413315,-3.4520763903737066,-13.523559230065343,-1.2264812383413315,-3.4520763903737066,-13.523559230065343,-2.59674083302021,-22.89031208441257,-16.598777991545198,7.940249919891357,0.6981461644172668,-4.033148765563965
1774472437176660200,131.51266015625,0.2712345234274864,-0.302303834625706,0.4980956521213054,-0.459164559841156,0.6383270025253296,-1.2939263582229614,0.8917435261659323,-2.1476216855138537,-12.416229271805284,0.8917435261659323,-2.1476216855138537,-12.416229271805284,-1.163333000510931,-27.41870603966713,-16.714583468329906,8.500541687011719,1.2917197942733765,-4.351208686828613
1774472437186688500,131.5226884765625,0.5572352388322354,-0.3163684542048722,0.4698749352872371,-0.5157590508460999,0.657280683517456,-1.3164467811584473,1.7500392484992742,-1.426080266100168,-10.33744731376171,1.7500392484992742,-1.426080266100168,-10.33744731376171,0.1691033517301082,-29.80600098917484,-15.191859522032736,9.034278869628906,1.6906226873397827,-4.710141181945801
1774472437196716300,131.53271630859376,0.6051128422945737,-0.3114795861847698,0.3853407950788736,-0.6037378907203674,0.6208017468452454,-1.361355900764465,1.4572083948135377,-1.3389900116682052,-8.061193987637758,1.4572083948135377,-1.3389900116682052,-8.061193987637758,2.1298077964037656,-30.74291008336544,-13.484452377557751,9.581374168395996,2.0828564167022705,-4.911403656005859
1774472437206744300,131.54274438476563,0.4156166908770799,-0.3508084108799695,0.2565256145954132,-0.6991851925849915,0.5831100940704346,-1.436428189277649,1.6989467746436595,-1.6053139667004346,-6.167915311983228,1.6989467746436595,-1.6053139667004346,-6.167915311983228,3.28103125692606,-31.56949885418415,-12.04965104486346,10.123187065124512,2.6410629749298096,-5.033738613128662
1774472437216771300,131.55277124023436,0.1882458590954542,-0.4180619651373475,0.111577629956603,-0.7703898549079895,0.5487310886383057,-1.5225459337234497,2.6936145225808024,-2.739212782934308,-5.125836116790771,2.6936145225808024,-2.739212782934308,-5.125836116790771,3.8169717787951214,-32.12341283963919,-10.73817915471792,10.457287788391112,3.3244879245758057,-5.242925643920898
1774472437226799600,131.56279956054686,0.0766951171457767,-0.5625104027561844,0.1890080756396055,-0.7946178913116455,0.4978907406330108,-1.5644173622131348,-1.6436787686690688,-4.699950545355677,-3.3949309000894425,-1.6436787686690688,-4.699950545355677,-3.3949309000894425,4.660946276439726,-33.41821533453464,-9.49715033558607,10.505847930908203,3.9074182510375977,-5.436862468719482
1774472437236827400,131.57282739257812,0.223339968830347,-0.721445850084722,0.3444903137743473,-0.7708443403244019,0.4455851912498474,-1.565511703491211,-1.7210449169442057,-9.467808505767584,-0.898401376619935,-1.7210449169442057,-9.467808505767584,-0.898401376619935,4.666349596787989,-34.190125589704515,-8.148765303584932,10.18502712249756,4.3812575340271,-5.295135974884033
1774472437246855400,131.58285546875,0.5616419493585825,-0.8340769346170127,0.46362172011137,-0.7207772135734558,0.3890178501605987,-1.5163931846618652,2.4954686162397266,-12.48802492647171,-2.106740516810119,2.4954686162397266,-12.48802492647171,-2.106740516810119,3.58849678516388,-34.2738478290081,-6.161126090234518,9.179445266723633,5.055366516113281,-4.965280532836914
1774472437256883500,131.59288354492188,0.6987935810327529,-0.7320010733034461,0.6128671096831559,-0.6590123772621155,0.2888787388801574,-1.4206011295318604,1.5537079903647302,-11.952499999666212,-3.238429548040032,1.5537079903647302,-11.952499999666212,-3.238429548040032,2.453701312351227,-31.92045047292709,-3.518341298919916,7.48860502243042,4.784095287322998,-4.861228942871094
1774472437266911500,131.60291137695313,0.4483750511407852,-0.4077132242761552,0.6339040524929761,-0.5661762952804565,0.1823251545429229,-1.3083873987197876,5.619916103529929,-10.17097547957897,-7.072269459527731,5.619916103529929,-10.17097547957897,-7.072269459527731,7.246559273985028,-31.90751383446455,0.1826484774798154,6.222760677337647,4.8559088706970215,-4.423488140106201
1774472437276938500,131.6129384765625,0.1863479165196418,0.063708502061665,0.5591156457513571,-0.4572266340255737,0.1003051251173019,-1.2245869636535645,14.11076524426937,-5.7033647865891455,-8.957429126134514,14.11076524426937,-5.7033647865891455,-8.957429126134514,6.565110795506834,-32.12541658067703,8.42145294843018,6.089882373809815,5.51017427444458,-3.325913429260254
1774472437286966300,131.62296630859376,0.0999397991329431,0.6545709929466247,0.4795335749924183,-0.33842533826828,0.061004813760519,-1.131209373474121,18.88568832076192,-0.5492752197384834,-5.575979931169748,18.88568832076192,-0.5492752197384834,-5.575979931169748,3.797912273538112,-21.84994261574745,13.699801932156085,4.492096424102783,5.881150722503662,-3.1200830936431885
1774472437296994600,131.63299462890626,0.0603746814638376,1.2720654701694845,0.4126490732431411,-0.2187016159296035,0.0772420987486839,-1.009511113166809,14.66812089461088,3.192788325327635,-4.522846257999539,14.66812089461088,3.192788325327635,-4.522846257999539,11.557902131420374,-22.78024193640947,10.1198578712821,3.513946294784546,5.825638294219971,-2.749274492263794
1774472437307022300,131.64302221679688,0.087416417646408,1.6755562544450162,0.436484122338891,-0.097530111670494,0.1229254677891731,-0.8519091606140137,8.79613264876306,5.762724738052487,-9.557812017297744,8.79613264876306,5.762724738052487,-9.557812017297744,15.113759214264151,-27.78691040650606,20.65348709783554,3.181431531906128,4.05649471282959,-2.9460465908050537
1774472437317050400,131.65305029296874,-0.007014262676239,1.918691933852434,0.4995125331819057,0.0418474860489368,0.1870392113924026,-0.677341878414154,5.718781551429629,7.434494167435169,-13.058387357902529,5.718781551429629,7.434494167435169,-13.058387357902529,14.79115690717101,-23.841076685476303,23.61157468688488,3.256853103637696,1.1380020380020142,-3.205878973007202
1774472437327077400,131.66307739257812,-0.135434890884161,2.166424585661292,0.4656178623646497,0.2474768608808517,0.2617279291152954,-0.4763729870319366,4.753721298509836,8.393503449752926,-11.730203986930846,4.753721298509836,8.393503449752926,-11.730203986930846,15.028224957102536,-19.36178256895542,20.469886434197424,3.075147151947021,-0.3924469649791717,-3.375871181488037
1774472437337105400,131.67310546875,0.073542790594697,2.516427525377273,0.3102110275536775,0.5194827914237976,0.3258504569530487,-0.2113825976848602,3.549037465956807,8.824007913160324,-8.382910159546137,3.549037465956807,8.824007913160324,-8.382910159546137,12.926179027849434,-17.757098132330178,17.555125945699213,2.5400519371032715,-1.104370355606079,-3.480219602584839
1774472437347133400,131.68313354492187,0.594459346333146,2.984664630329609,0.2233189260423183,0.773142397403717,0.3684535026550293,0.1022692769765853,2.3063509427458047,8.466886081349848,-5.0857688948184245,2.3063509427458047,8.466886081349848,-5.0857688948184245,13.088635196650028,-15.53175081757903,13.51672500013113,2.1265480518341064,-1.2612463235855105,-3.3077547550201416
1774472437357161500,131.69316137695313,1.0573796401768922,3.436248414383829,0.3521645016640424,0.8973186612129211,0.4340966939926147,0.3559257686138153,1.5789105284214018,7.496965528917312,-3.655079673618078,1.5789105284214018,7.496965528917312,-3.655079673618078,12.38531975427866,-12.527426378011702,12.359289825487137,1.858486771583557,-1.06240975856781,-2.8200876712799072
1774472437367189500,131.703189453125,1.266515727087855,3.853206875258684,0.7183750643372535,0.8768180012702942,0.5477564930915833,0.4853277802467346,1.3512988736212252,6.485257506591081,-3.5972751349031924,1.3512988736212252,6.485257506591081,-3.5972751349031924,10.590963809669017,-9.49371743852794,11.28504146809578,1.663923740386963,-0.8437471389770508,-2.4308321475982666
1774472437377217300,131.71321728515625,1.154846911716461,3.855320798672736,1.2639876699149608,0.6592923402786255,0.6692304611206055,0.4588362574577331,1.7282056023538113,5.70574437520206,-3.599744739887118,1.7282056023538113,5.70574437520206,-3.599744739887118,10.797741935276983,-8.303171436920762,10.596932947206495,1.4563980102539062,-0.628165602684021,-2.221484661102295
1774472437387244500,131.72324462890626,0.8296744618743658,3.6983801784232258,1.898568014234304,0.2936625182628631,0.7508168816566467,0.3936090469360351,2.0349778876304625,4.982389184364676,-3.0886484441563486,2.0349778876304625,4.982389184364676,-3.0886484441563486,10.096736523413655,-8.427469432240724,10.251665219318866,1.2060644626617432,-0.6042662858963013,-2.1552700996398926
1774472437397272300,131.73327221679688,0.4678372919797897,3.1933716781735417,2.415735446572304,0.0759693309664726,0.8031378388404846,0.393096923828125,1.7782687331616878,3.65160644454956,-2.314998067320883,1.7782687331616878,3.65160644454956,-2.314998067320883,9.623810383862256,-8.376661620545386,9.846792625296116,0.9783647656440736,-0.861977219581604,-2.1865742206573486
1774472437407300400,131.74330029296874,0.5639753607422113,1.0743811169255524,1.6497312005758284,0.1157056763768196,0.8641691207885742,0.400932252407074,1.2308096229344605,1.087453291401267,-1.949563603586704,1.2308096229344605,1.087453291401267,-1.949563603586704,9.65121978431344,-7.904796388223767,9.45807972343564,0.7581589221954346,-1.4416910409927368,-2.1731061935424805
1774472437417328400,131.75332836914063,0.8388432722359895,-1.5944184786766766,-0.4214174861103296,0.1851974129676818,0.8668418526649475,0.3208819031715393,0.5739221697390079,-1.927790601587296,-1.716348283560574,0.5739221697390079,-1.927790601587296,-1.716348283560574,9.451844043916465,-7.28213970593214,8.724586000421644,0.4889303743839264,-2.154144525527954,-1.972918152809143
1774472437427356400,131.7633564453125,0.6779074448704719,-3.5843303131341933,-1.856602265164256,0.2237046509981155,0.7793469429016113,0.127811923623085,0.2278822884351015,-4.086714017838239,-1.7584898275889456,0.2278822884351015,-4.086714017838239,-1.7584898275889456,9.09841405236125,-6.232987211352587,7.977505650603771,0.1282357424497604,-2.663885593414306,-1.5950829982757568
1774472437437383400,131.77338354492187,0.3093815909922123,-4.897998544280231,-2.689965060162544,0.2596525251865387,0.6636951565742493,-0.1367494314908981,0.2961380785375833,-4.515345673111081,-1.6528788509517909,0.2961380785375833,-4.515345673111081,-1.6528788509517909,7.9809110751330845,-4.753395135295391,7.371975459679961,-0.2678825855255127,-2.918605089187622,-1.207573175430298
1774472437447411200,131.7834111328125,0.3424515014231205,-5.374398789682984,-2.870591091904044,0.2387259751558303,0.5248215794563293,-0.4210098683834076,0.5992331366062164,-3.1081191605627536,-1.1365890051659195,0.5992331366062164,-3.1081191605627536,-1.1365890051659195,7.15791068419516,-3.3918384870320555,6.648289429453015,-0.5999288558959961,-2.913724184036255,-0.8677067756652832
1774472437457439500,131.793439453125,0.3410018871366977,-4.965712190330028,-2.2315900085330007,0.1330560147762298,0.4318362772464752,-0.678943932056427,0.8898533285051584,-1.1040315012365578,-0.6909674905169755,0.8898533285051584,-1.1040315012365578,-0.6909674905169755,6.089552553886175,-2.5442045900970696,5.876274544864892,-0.8480302691459656,-2.765058755874634,-0.6492367386817932
1774472437467467300,131.80346728515624,0.1626841323375701,-3.783720374317467,-1.3319681502074003,0.0273142009973526,0.3458815813064575,-0.8296369910240173,0.8541992467999457,0.4202396745026111,-0.318611045499891,0.8541992467999457,0.4202396745026111,-0.318611045499891,4.555028279680013,-2.4118020526461303,4.747421906104684,-1.0651702880859375,-2.6211111545562744,-0.5618040561676025
1774472437477495600,131.81349560546874,0.0240881470739841,-2.4879078255966305,-0.8541577457457781,-0.0592851378023624,0.2241895049810409,-0.8304010629653931,0.757145816758275,1.228490824598074,-0.0798035314898937,0.757145816758275,1.228490824598074,-0.0798035314898937,3.4036867457360027,-2.7012533468961712,3.43504225346446,-1.2727242708206177,-2.5561325550079346,-0.5664632320404053
1774472437487523300,131.8235234375,-0.1377677177459001,-1.7648323284834622,-0.800052061548829,-0.1143597662448883,0.1037906184792518,-0.739020049571991,0.8895978924393654,1.3264344814777371,0.1423056169038638,0.8895978924393654,1.3264344814777371,0.1423056169038638,2.4340333198070523,-2.7682325411915776,2.189445980286598,-1.4801698923110962,-2.639357566833496,-0.6102986335754395
1774472437497550600,131.83355053710935,-0.1160620818942785,-1.4913712150476872,-0.9513877013981342,-0.1216261982917785,-0.0166457742452621,-0.6020199060440063,1.006176107162237,0.796247408568859,0.3667838690491393,1.006176107162237,0.796247408568859,0.3667838690491393,1.5306483095556496,-2.435595162296295,1.0999421860963106,-1.6629053354263306,-2.7312793731689453,-0.6485337615013123
1774472437507578400,131.84357836914063,-0.1361234576702117,-1.1707539442919197,-1.3367156369954347,-0.1200396418571472,-0.0724828168749809,-0.4780912697315216,0.9318658393263816,-0.1267851359605789,0.2851106712298467,0.9318658393263816,-0.1267851359605789,0.2851106712298467,0.95303663764894,-1.8942685634747147,0.3861813375562429,-1.788079023361206,-2.6864309310913086,-0.6592093706130981
1774472437517606400,131.8536064453125,-0.2076128228664398,-0.6985140334390103,-1.767836770996451,-0.1246059015393257,-0.0460232496261596,-0.3950392603874206,0.9221721283078194,-1.0244529376089573,-0.17649183627991,0.9221721283078194,-1.0244529376089573,-0.17649183627991,0.8520300860673189,-1.5156794346131384,-0.0167430450081825,-1.838766932487488,-2.433623790740967,-0.6074689626693726
1774472437527634400,131.8636345214844,-0.2275257300823926,-0.1725222933281213,-2.164527227607369,-0.1328538656234741,0.0075239073485136,-0.3149847686290741,1.0685580367952583,-1.3931190767407418,-0.6331722310870885,1.0685580367952583,-1.3931190767407418,-0.6331722310870885,0.5163315660357475,-1.4155914591811596,-0.3948836994498967,-1.8208764791488647,-2.130825996398926,-0.4974028468132019
1774472437537662500,131.8736623535156,-0.157525726661086,0.3270013823023066,-2.4420213959515094,-0.1471324115991592,0.054212849587202,-0.191388264298439,1.2732938429206608,-1.1972265022844075,-1.2141979492209851,1.2732938429206608,-1.1972265022844075,-1.2141979492209851,0.0433738623023033,-1.452503870384395,-0.947294294604659,-1.783116102218628,-1.7646484375,-0.4068273901939392
1774472437547689500,131.883689453125,0.0083873045951128,0.8007814718019217,-2.426359131917357,-0.1679888516664505,0.0598333813250064,-0.055590234696865,1.4208236607462168,-0.2884872715234756,-1.4245488187491893,1.4208236607462168,-0.2884872715234756,-1.4245488187491893,0.5275976409375668,-1.565027987410873,-1.407064599984884,-1.7565149068832395,-1.2729147672653198,-0.3493376076221466
1774472437557717200,131.89371728515624,0.132169167086482,1.259790802747011,-2.101877586948872,-0.1864661276340484,0.0704482048749923,0.0755946785211563,0.6328688642263413,0.6870622267067432,-1.4158219069361686,0.6328688642263413,0.6870622267067432,-1.4158219069361686,0.8569766025587916,-1.857521864227205,-1.5492770221799612,-1.7977014780044556,-0.7369992136955261,-0.290875643491745
1774472437567745500,131.90374560546874,0.2884872715234756,1.496793532357365,-1.4816343955397604,-0.1997301131486892,0.0534366033971309,0.1634707301855087,0.6478349626898765,0.6431389138281345,-1.167923397041112,0.6478349626898765,0.6431389138281345,-1.167923397041112,0.7781441811233758,-2.133343715444952,-1.4373977789282797,-1.8952770233154297,-0.3781583309173584,-0.2609398066997528
1774472437577773300,131.91377319335936,0.1912736824840307,1.4677482012674212,-0.8902747687876224,-0.2028878331184387,0.0463778935372829,0.2305594831705093,0.1656289536178112,0.1704915912181138,-1.1432228171572087,0.1656289536178112,0.1704915912181138,-1.1432228171572087,1.300811964443326,-2.1461162493869663,-1.2080302203714848,-1.996665954589844,-0.1761594265699386,-0.224257692694664
1774472437587801300,131.92380126953125,0.1959036803722381,1.119741403804719,-0.390450100916624,-0.1936676651239395,0.0491175092756748,0.2525859177112579,-0.2680319279938936,-0.8464782971590756,-1.4218265541784465,-0.2680319279938936,-0.8464782971590756,-1.4218265541784465,1.5737249424770474,-2.2274254361994563,-0.6295382584989071,-2.050084352493286,-0.0533838123083114,-0.1302452683448791
1774472437597828400,131.93382836914063,-0.1053916347980499,0.7390594673823565,-0.062158642271161,-0.1883171051740646,0.0407027192413806,0.2394855618476867,-0.4411573748469352,-1.6410048732846974,-1.962372962407768,-0.4411573748469352,-1.6410048732846974,-1.962372962407768,1.3015104681015013,-2.404800503320992,-0.0068605334192514,-2.0854623317718506,0.0887602791190147,0.0480549708008766
1774472437607856600,131.94385668945313,-0.2586620421022176,0.2536121017688885,0.2223416054427623,-0.1814207583665847,0.0118030682206153,0.1937990039587021,-0.0793500155687332,-1.5485522150367497,-2.272403372697532,-0.0793500155687332,-1.5485522150367497,-2.272403372697532,0.7146855621695518,-2.405688684332371,0.2791331677228212,-2.121449708938598,0.2173973768949508,0.2664494812488556
1774472437617884400,131.95388452148438,-0.4092050702691078,-0.18308051222153,0.3539104685485363,-0.1704373508691787,-0.0395211055874824,0.1285177320241928,0.2893938649743795,-0.6731921067863702,-1.998107123611868,0.2893938649743795,-0.6731921067863702,-1.998107123611868,-0.0449321976602077,-2.131461701090634,-0.0024818799436092,-2.2257354259490967,0.3162792325019836,0.4259254038333893
1774472437627912400,131.96391235351564,-0.4409662361890077,-0.5053420065203681,0.4086392530798912,-0.1698003560304641,-0.082970455288887,0.0697885602712631,0.1713932162329554,0.3054565265029668,-1.4410925417929887,0.1713932162329554,0.3054565265029668,-1.4410925417929887,-0.3059779200285673,-2.0106107774846254,-0.7575532285153865,-2.3681743144989014,0.4738954305648803,0.4928386211395263
1774472437637940500,131.9739404296875,-0.3460568324387073,-0.603264657144621,0.3857622353613376,-0.1690770387649536,-0.103891983628273,0.0308222509920597,0.007377835291624,0.9994815779596566,-0.9816966226831078,0.007377835291624,0.9994815779596566,-0.9816966226831078,-0.14642156432271,-2.2626143846109508,-1.1309107403337957,-2.4808807373046875,0.5834386944770813,0.456446498632431
1774472437647967200,131.98396728515624,-0.1626169123202562,-0.5298381864059716,0.2818716527760028,-0.1727082580327987,-0.1218351647257804,-0.0180783160030841,-0.1940437317192554,1.1093044732034203,-0.8572267779275774,-0.1940437317192554,1.1093044732034203,-0.8572267779275774,0.2796440398544073,-2.7364760514467954,-0.8338222292035817,-2.549499750137329,0.503463089466095,0.3531364798545837
1774472437657995500,131.99399560546874,-0.1684217992067337,-0.3287941840032115,0.1853670887887477,-0.1829145550727844,-0.135507583618164,-0.0699811950325965,-0.497251602512598,0.6232920575857163,-0.8913169713169335,-0.497251602512598,0.6232920575857163,-0.8913169713169335,0.7844406509190798,-3.165309951293468,-0.1750315727353096,-2.552384614944458,0.3053657114505768,0.261772483587265
1774472437668023300,132.0040231933594,-0.2421650808095931,-0.1890875158176757,0.2045207020699977,-0.1869327425956726,-0.127204030752182,-0.0912849083542823,-0.6418652406305074,-0.2033779617756605,-0.9403151032418012,-0.6418652406305074,-0.2033779617756605,-0.9403151032418012,0.7240501873642206,-3.2837083671808243,0.6392454135209321,-2.531510353088379,0.0432261675596237,0.2169909328222274
1774472437678051600,132.0140515136719,-0.2051999165058136,-0.1016176052852068,0.2391150455892086,-0.1913778334856033,-0.1292600035667419,-0.1026824414730072,-0.5118365927040577,-1.0021078348100183,-0.7879208942502737,-0.5118365927040577,-1.0021078348100183,-0.7879208942502737,0.433246455591917,-3.0166742180526254,1.100741227519512,-2.5672409534454346,-0.2253184616565704,0.1829874217510223
1774472437688079400,132.02407934570311,-0.2481336338251829,-0.0069945441956166,0.3522165241122245,-0.1971186697483062,-0.135814368724823,-0.0975958853960037,-0.1645148548960685,-1.5234072523862123,-0.531319584070146,-0.1645148548960685,-1.5234072523862123,-0.531319584070146,0.4929091893941164,-2.4663383833453056,0.8498036421895027,-2.6738765239715576,-0.5264902114868164,0.162297710776329
1774472437698107400,132.034107421875,-0.231486450406909,0.0893840461912564,0.4484071998447179,-0.1955878883600235,-0.1502255350351333,-0.0752599537372589,0.2708160057544708,-1.833294454813004,-0.4273869159087538,0.2708160057544708,-1.833294454813004,-0.4273869159087538,0.6539560759186744,-1.912997813864052,0.1910878045231104,-2.827446460723877,-0.7932491898536682,0.1953059881925583
1774472437708134400,132.04413452148438,-0.1921405284464359,0.2479052318967878,0.4767039045244455,-0.1961647272109985,-0.157141774892807,-0.0487141013145446,0.6132189918607474,-2.1663988666981457,-0.635489568118751,0.6132189918607474,-2.1663988666981457,-0.635489568118751,0.55169660166651,-1.7444994422897695,-0.3469295236200094,-2.9604640007019043,-0.9906076192855836,0.256141722202301
1774472437718162400,132.05416235351564,-0.0918821648836135,0.3977465780677273,0.4601122506856918,-0.2025472670793533,-0.1608709990978241,-0.0207644905894994,0.6701198597341775,-2.480499302905798,-0.9633896893590688,0.6701198597341775,-2.480499302905798,-0.9633896893590688,0.5374605710431933,-2.059659032161534,-0.5469032299101353,-3.0465548038482666,-1.1864007711410522,0.3214765191078186
1774472437728190500,132.0641904296875,-0.0234977799654006,0.5079372106453404,0.3854886791169643,-0.2105459123849868,-0.1578066051006317,-0.001767917536199,0.3990647845268249,-2.4739035579025743,-1.2311930692940949,0.3990647845268249,-2.4739035579025743,-1.2311930692940949,0.5363923572897911,-2.683765913261473,-0.515573441144824,-3.114997625350952,-1.41550874710083,0.3758983314037323
1774472437738218500,132.07421850585936,0.0237011935830116,0.5132822980003431,0.2758464011371135,-0.2134112119674682,-0.1561096459627151,0.0135689601302146,0.163031338340044,-2.164614905890822,-1.4058365194946527,0.163031338340044,-2.164614905890822,-1.4058365194946527,0.5232467522516846,-3.3316502680510283,-0.2798562213003635,-3.186037540435791,-1.6240785121917725,0.4058415591716766
1774472437748246500,132.08424658203126,0.0433107339382171,0.3660675740059464,0.1075280623048543,-0.2070467174053192,-0.1534453779458999,0.0208656508475542,-0.1929398621305823,-1.643102722346783,-1.252429918590188,-0.1929398621305823,-1.643102722346783,-1.252429918590188,0.198953131070733,-3.386768051899969,-0.1004489176988601,-3.3176302909851074,-1.802939534187317,0.4102779328823089
1774472437758274600,132.09427465820312,-0.0424596700668334,0.1527160248244181,-0.0916249752521514,-0.1993714869022369,-0.1592832952737808,0.0034858621656894,-0.3478852169096469,-1.1590835263729096,-0.8702759368538856,-0.3478852169096469,-1.1590835263729096,-0.8702759368538856,-0.2435325697705149,-3.0703476483121515,-0.247316472223401,-3.4838716983795166,-1.94777262210846,0.339329719543457
1774472437768301600,132.10430151367189,-0.1974023944973945,-0.0351571467674337,-0.2457259881615638,-0.2037746012210846,-0.1628703624010086,-0.0274047832936048,-0.3437295585349202,-0.8301584459990262,-0.4794149170488119,-0.3437295585349202,-0.8301584459990262,-0.4794149170488119,-0.3420759461089968,-2.7970737280115485,-0.4894546650260686,-3.6297860145568848,-2.088005542755127,0.2343746274709701
1774472437778329300,132.1143293457031,-0.284672681671381,-0.1778716367331333,-0.2953349454611539,-0.2140267044305801,-0.1830707043409347,-0.0738066434860229,-0.0835445446491241,-0.6094067400962114,-0.1918915221214294,-0.0835445446491241,-0.6094067400962114,-0.1918915221214294,-0.6498568239063024,-2.652721078917384,-0.6826812351435423,-3.7495005130767822,-2.2707176208496094,0.1012013927102088
1774472437788357400,132.124357421875,-0.3234773363620042,-0.2372120432457886,-0.2640355518341064,-0.2314238846302032,-0.2154638469219207,-0.1088899448513984,0.3771986974164843,-0.5423264235138893,-0.1228168168514966,0.3771986974164843,-0.5423264235138893,-0.1228168168514966,-0.8650076410621405,-2.748538829684257,-0.8193564814776182,-3.82682204246521,-2.578796148300171,-0.0836650654673576
1774472437798385400,132.13438549804687,-0.2479173607259988,-0.2483952256371267,-0.239244809448719,-0.2505688369274139,-0.2526383697986603,-0.1321193575859069,1.1150263579815625,-0.4627987132906913,-0.1039484502524137,1.1150263579815625,-0.4627987132906913,-0.1039484502524137,-0.6815282657161355,-3.0372698468357324,-0.8659820390522479,-3.846533298492432,-2.934619903564453,-0.2847776710987091
1774472437808413400,132.14441333007812,-0.090488080176711,-0.213948236433044,-0.2362427050232887,-0.2699950635433197,-0.274740993976593,-0.1251987665891647,1.545897901135683,-0.4196767799228429,-0.1545142698854208,1.545897901135683,-0.4196767799228429,-0.1545142698854208,-0.5129990606121718,-3.351328781989217,-0.8563812670141459,-3.843861818313599,-3.249951124191284,-0.4397059977054596
1774472437818440400,132.1544404296875,0.0605319178521633,-0.1493774549862369,-0.2536936060398816,-0.2862957417964935,-0.2891785204410553,-0.1091138124465942,1.4640309343099591,-0.6029144554674625,-0.440221555301547,1.4640309343099591,-0.6029144554674625,-0.440221555301547,-0.8228482691161334,-3.585128770035505,-0.9697498720407486,-3.782647132873535,-3.5155184268951416,-0.5266702175140381
1774472437828468500,132.16446850585936,0.1382020175099372,-0.0566125159187242,-0.3121539783149957,-0.2927918136119842,-0.2938655614852905,-0.0862378478050232,1.211519231531024,-0.932486017051339,-0.7540840911000967,1.211519231531024,-0.932486017051339,-0.7540840911000967,-0.5322364066541194,-3.46624461645782,-1.279134970164299,-3.645413637161255,-3.616570472717285,-0.5771265029907227
1774472437838496500,132.17449658203125,0.1879448303222656,0.0413479824978858,-0.3473176461547613,-0.2951007783412933,-0.3029690682888031,-0.0692852213978767,0.9302268399477004,-1.1186118152529,-0.9560451718151568,0.9302268399477004,-1.1186118152529,-0.9560451718151568,-0.0680921239733696,-2.994513824170828,-1.645619673603773,-3.5060789585113525,-3.5234076976776123,-0.5819976925849915
1774472437848524300,132.18452416992187,0.1963058314323425,0.1272920260367915,-0.3606739713340997,-0.2854989171028137,-0.3083449602127075,-0.0494031868875026,0.5735591816455126,-1.0832909110248088,-0.9557529108703136,0.5735591816455126,-1.0832909110248088,-0.9557529108703136,-0.087442063544318,-2.459936407348513,-2.0801357107400893,-3.4680495262146,-3.3802106380462646,-0.5627662539482117
1774472437858552600,132.19455249023437,0.1955167268812656,0.2361514830758795,-0.3469686865866184,-0.2749948799610138,-0.3261356651782989,-0.0214541088789701,0.1727409775801003,-0.8651561096221209,-0.7805641017466783,0.1727409775801003,-0.8651561096221209,-0.7805641017466783,-0.0677875150036066,-2.104990750533342,-2.6740993825107813,-3.5191383361816406,-3.254549503326416,-0.5293167233467102
1774472437868579300,132.20457934570314,0.1905938835263252,0.3567041543876752,-0.299641118222475,-0.2602160274982452,-0.3397286832332611,0.015932735055685,-0.2287378823511302,-0.6144470723509788,-0.4567676164329051,-0.2287378823511302,-0.6144470723509788,-0.4567676164329051,-0.025209260058403,-1.882840283748508,-3.083510789006948,-3.5754165649414062,-3.067481517791748,-0.4942321479320526
1774472437878607600,132.21460766601564,0.2365782205879688,0.4813911855578422,-0.1906020668327808,-0.2481761276721954,-0.3562969863414764,0.0583310611546039,-0.4603429907016456,-0.3139922996580601,-0.1081464864641428,-0.4603429907016456,-0.3139922996580601,-0.1081464864641428,-0.0908574614783749,-1.566715063714981,-2.9116461558699607,-3.576403379440308,-2.811442852020264,-0.4666540622711181
1774472437888635400,132.2246354980469,0.3139934687018394,0.5895948821019381,-0.0711678781569004,-0.2444956004619598,-0.3650480508804321,0.0984788686037063,-0.5315414101272821,-0.0164811792016029,0.1715145045250654,-0.5315414101272821,-0.0164811792016029,0.1715145045250654,-0.1115799680441617,-1.180472351360321,-2.4451374821454284,-3.5477511882781982,-2.622635841369629,-0.4674664139747619
1774472437898663400,132.23466333007812,0.4100368449181318,0.636153584985435,0.0973164648920297,-0.2388270646333694,-0.3789798617362976,0.1361631453037262,-0.7203318974934518,0.0591711508929729,0.1646487104088068,-0.7203318974934518,0.0591711508929729,0.1646487104088068,0.0974783957217819,-0.9308861806392668,-2.202107893460989,-3.496183395385742,-2.569702625274658,-0.4785512685775757
1774472437908691500,132.24469140625,0.4805331074237823,0.5959341315934434,0.2232324168026447,-0.2361137717962265,-0.3920813202857971,0.1678028106689453,-0.9128776457399128,-0.0728594845056533,-0.1171615675687789,-0.9128776457399128,-0.0728594845056533,-0.1171615675687789,0.358150005814433,-0.5980132394224404,-2.1112124015271663,-3.387754201889038,-2.6272215843200684,-0.4494628608226776
1774472437918719500,132.25471948242188,0.5012544084131717,0.4594384430773556,0.2740069107502699,-0.2391897290945053,-0.4174737632274627,0.1832539439201355,-0.9957077585093675,-0.3428559905707836,-0.387788772752881,-0.9957077585093675,-0.3428559905707836,-0.387788772752881,0.4727437687218189,-0.2207739177346229,-2.107900500500202,-3.225801467895508,-2.627324342727661,-0.373407244682312
1774472437928746500,132.26474658203125,0.4331926795780658,0.2681767798246816,0.2407563830554485,-0.2370904833078384,-0.448329210281372,0.1718624681234359,-1.1035672447256744,-0.5610194335460662,-0.5297206244409084,-1.1035672447256744,-0.5610194335460662,-0.5297206244409084,-0.0228057151811663,-0.3253752789378166,-2.341731468206644,-3.1009232997894287,-2.5135412216186523,-0.2458924353122711
1774472437938774300,132.27477416992187,0.312229966160655,0.0308038651950657,0.1386778183281421,-0.2304656058549881,-0.4873525202274322,0.1591053903102874,-1.186567745625973,-0.6586293284267186,-0.4737959081232547,-1.186567745625973,-0.6586293284267186,-0.4737959081232547,-0.1383341377233155,-0.3214239109635353,-2.941755170668661,-3.042015314102173,-2.3189361095428467,-0.1636047661304474
1774472437948802600,132.28480249023437,0.218712893551588,-0.1775340570755302,0.0366004226446151,-0.2281076908111572,-0.5113136172294617,0.1474760472774505,-1.2212730752389878,-0.4995154557913541,-0.3258393893182277,-1.2212730752389878,-0.4995154557913541,-0.3258393893182277,0.3412427101552486,-0.1964151370257139,-3.68022609757334,-3.0437023639678955,-2.0422022342681885,-0.0990155562758445
1774472437958830300,132.29483032226562,0.2146598187685012,-0.2767364087793976,0.009843348622322,-0.2259233742952346,-0.5476052761077881,0.1479900479316711,-1.2761369573920964,-0.1252490124344825,-0.1628594889044761,-1.2761369573920964,-0.1252490124344825,-0.1628594889044761,0.1903261725008487,-0.226214062961936,-4.2774826734095805,-3.094936847686768,-1.7217978239059448,-0.0208041053265333
1774472437968858400,132.3048583984375,0.2475204703629016,-0.2671349791541695,0.0561772297739982,-0.2283333837985992,-0.5849916338920593,0.1563203185796737,-1.195720773896575,0.4458955092847347,0.0992366192996501,-1.195720773896575,0.4458955092847347,0.0992366192996501,-0.465128617542982,-0.2560042210698127,-4.548639163164794,-3.1315267086029053,-1.4022448062896729,0.0573675595223903
1774472437978885400,132.31488549804686,0.3108160077095031,-0.1971829795930534,0.1388338856726884,-0.2340213507413864,-0.6234788298606873,0.170161023736,-0.9565992985665798,0.8878916730433702,0.3405839539855718,-0.9565992985665798,0.8878916730433702,0.3405839539855718,-0.7651380576211959,-0.1701671815693378,-4.432586141359806,-3.128110408782959,-1.1228426694869995,0.0784073323011398
1774472437988913700,132.32491357421875,0.3301122443318366,-0.0841961404256522,0.2290834809184074,-0.2420623451471328,-0.6670620441436768,0.1873096078634262,-0.606470102122426,0.9193412887960672,0.3965940104991197,-0.606470102122426,0.9193412887960672,0.3965940104991197,-0.5147627092838287,-0.0960451297819614,-4.170966418495774,-3.0890426635742188,-0.9311938881874084,0.0308655463159084
1774472437998941400,132.33494140625,0.3719020523130893,0.0056055649220943,0.2875812625944614,-0.2459494918584823,-0.7039638757705688,0.199388101696968,-0.2848532989352941,0.5985591828674077,0.3193517808645963,-0.2848532989352941,0.5985591828674077,0.3193517808645963,0.0253472802896052,-0.0278852012693881,-3.865609845235944,-2.996919870376587,-0.8077846169471741,-0.0249804072082042
1774472438008969500,132.34496948242187,0.3982674966692924,0.0539352230008691,0.297979322490096,-0.2546745836734772,-0.7269014716148376,0.2053437829017639,0.0366407181223854,0.1641682334154844,0.2132376770108938,0.0366407181223854,0.1641682334154844,0.2132376770108938,0.2929740250160917,0.2991512888789177,-3.4340941589593887,-2.832188367843628,-0.740592896938324,-0.0292494148015975
1774472438018997500,132.35499755859374,0.3977209687024354,0.063976066956669,0.2849041523396968,-0.261640340089798,-0.7397499084472656,0.1949356198310852,0.2089052372971549,-0.1387842013120651,0.1945271313220262,0.2089052372971549,-0.1387842013120651,0.1945271313220262,0.1599403865873813,0.5420990444988012,-2.96249692992419,-2.633793830871582,-0.7163019180297852,0.0010062237270176
1774472438029024300,132.36502416992187,0.4175011894494295,0.0162060155220329,0.2276864736020565,-0.2693066000938415,-0.749131441116333,0.1782139986753463,0.1964251104304566,-0.2117722806334495,0.2374807223856449,0.1964251104304566,-0.2117722806334495,0.2374807223856449,0.2313128108730539,0.5490753132522106,-2.7226445099711416,-2.4586424827575684,-0.680470883846283,0.0558337345719337
1774472438039052500,132.37505249023437,0.4155366113781928,-0.0525868771318346,0.1663122597068548,-0.2778553366661072,-0.7552087903022766,0.1521216779947281,0.0587555740957148,-0.0282885213732719,0.2686906841635704,0.0587555740957148,-0.0282885213732719,0.2686906841635704,0.2834988886516541,0.3167921595096588,-2.896963550522923,-2.3379557132720947,-0.5677600502967834,0.1108743473887443
1774472438049080300,132.38508032226562,0.3695493517071008,-0.1397632754772901,0.1554074193328619,-0.3006224930286407,-0.7620411515235901,0.1394454091787338,-0.1018260330046527,0.3246802824109792,0.0858387930661439,-0.1018260330046527,0.3246802824109792,0.0858387930661439,0.5585094234865159,0.018030746731162,-3.328444165486097,-2.228069543838501,-0.2973383069038391,0.1669305711984634
1774472438059108600,132.39510864257812,0.2648240718632936,-0.2083258665066212,0.1607072793066501,-0.3171258270740509,-0.7606523633003235,0.1324330419301986,-0.4589017058521509,0.6805775408625603,-0.2337958963930606,-0.4589017058521509,0.6805775408625603,-0.2337958963930606,0.7254571315526962,-0.079033204704523,-3.620794249917567,-2.116597890853882,0.1373804062604904,0.2301590740680694
1774472438069136400,132.40513647460938,0.1768319001555442,-0.2001646988175809,0.1856365533798933,-0.3250637948513031,-0.765343427658081,0.1326637119054794,-0.8671236103028058,0.9500169975668192,-0.5016057060688733,-0.8671236103028058,0.9500169975668192,-0.5016057060688733,0.7565068612676114,0.0143961896210908,-3.649984104044736,-1.9945060014724727,0.6453087329864502,0.2943926751613617
1774472438079164400,132.41516430664063,0.1160807865947484,-0.1590343045931309,0.2134235549718141,-0.3288819789886474,-0.7717571258544922,0.1336054056882858,-1.2535258971333505,1.0946364809036255,-0.667567837163806,-1.2535258971333505,1.0946364809036255,-0.667567837163806,0.9212251297812908,0.2392921557217836,-3.449195866501331,-1.8523129224777224,1.1021054983139038,0.3618790507316589
1774472438089191400,132.42519140625,0.0833481452941894,-0.0830304576471447,0.3091553810209035,-0.3427381813526153,-0.7930949926376343,0.1373228281736374,-1.5291747298717495,1.1334417201161384,-0.7290835053563117,-1.5291747298717495,1.1334417201161384,-0.7290835053563117,1.1105903482954949,0.481766448611021,-3.120296505090594,-1.7067415714263916,1.4776872396469116,0.4309260249137878
1774472438099219500,132.43521948242187,0.0972013140797615,0.0417536406893283,0.3653939855933189,-0.3486567735671997,-0.8043298125267029,0.1599328070878982,-1.3610750022262337,1.0102034629821777,-0.6511264054507017,-1.3610750022262337,1.0102034629821777,-0.6511264054507017,1.189694937735796,0.6871294467240572,-2.8320690535470843,-1.5761401653289795,1.795059323310852,0.4966818690299988
1774472438109247500,132.44524755859376,0.1868815850049257,0.1847602820020168,0.3398176457881927,-0.3472736179828644,-0.8091592192649841,0.188228502869606,-1.2095692665070297,0.8257266010314226,-0.5114964009642601,-1.2095692665070297,0.8257266010314226,-0.5114964009642601,1.2263994052767753,0.7616881363630295,-2.60906898419559,-1.4477132558822632,2.077749729156494,0.5532283186912537
1774472438119275500,132.45527563476563,0.323850845849514,0.3022682518556714,0.2654249603658914,-0.347895473241806,-0.8234974145889282,0.2172907888889312,-0.967943699401617,0.6316285087764263,-0.2424269466161727,-0.967943699401617,0.6316285087764263,-0.2424269466161727,1.2177543265283106,0.838280962178111,-2.466765084324777,-1.312184453010559,2.3165979385375977,0.5966689586639404
1774472438129303600,132.46530346679688,0.2847176898568868,0.3497037375736981,0.204988319581747,-0.34998619556427,-0.8260861039161682,0.2283654808998108,-0.7163631399929523,0.4426198486149311,-0.0196031106144189,-0.7163631399929523,0.4426198486149311,-0.0196031106144189,1.2647194913208484,0.9032827189207076,-2.388468669462204,-1.1790894269943235,2.5189127922058105,0.6255508065223694
1774472438139330300,132.47533032226562,0.1728980678379535,0.2419884090684354,0.335952787053585,-0.3438798189163208,-0.8192287683486938,0.2258605062961578,-0.4232464551031589,0.2297013205558061,0.2367617604613304,-0.4232464551031589,0.2297013205558061,0.2367617604613304,1.2885681305505334,0.9120283354341984,-2.41496460833028,-1.053860068321228,2.681344509124756,0.6443242430686951
1774472438149358600,132.48535864257812,0.073333824019134,0.1471313200272619,0.4688514374583959,-0.3365643322467804,-0.8152928948402405,0.213759109377861,-0.2784913626879453,-0.0599894815385341,0.4327040192782879,-0.2784913626879453,-0.0599894815385341,0.4327040192782879,1.333381085745245,0.9311287572234868,-2.49569453395009,-0.9205243587493896,2.82068419456482,0.650854229927063
1774472438159386400,132.49538647460938,-0.0107581253796815,0.1044016008473932,0.5252355879813433,-0.3259788155555725,-0.8058844804763794,0.2057501822710037,-0.0734428008189424,-0.3620318156838417,0.6122375796079635,-0.0734428008189424,-0.3620318156838417,0.6122375796079635,1.4051555514931675,0.9352303473234176,-2.542889415845275,-0.7843042016029358,2.9259700775146484,0.65384441614151
1774472438169414400,132.50541430664063,-0.0602893412679433,0.0785816615447402,0.5666717602193355,-0.3093658685684204,-0.7952966690063477,0.2041828781366348,0.1020458315014839,-0.6314543212532997,0.9601736499220132,0.1020458315014839,-0.6314543212532997,0.9601736499220132,1.442194073294103,0.936702757963538,-2.5576503471255303,-0.6453023552894592,2.9910662174224854,0.6589763760566711
1774472438179442400,132.5154423828125,-0.1197241115331649,0.1015560021579265,0.5502578010350465,-0.2980943024158478,-0.7909817695617676,0.2097392976284027,0.0337456177353858,-0.8979150544077158,1.1740765128433703,0.0337456177353858,-0.8979150544077158,1.1740765128433703,1.4332440202496946,0.9584440496504306,-2.5419427826449272,-0.4980175793170929,3.0025367736816406,0.6643714308738708
1774472438189470500,132.5254704589844,-0.1621373121097684,0.1240755847409367,0.4653010515004396,-0.2826500236988067,-0.7895297408103943,0.2172169536352157,-0.1099485674500465,-1.1101602132499218,1.2450602666050197,-0.1099485674500465,-1.1101602132499218,1.2450602666050197,1.436761526851356,0.9587199439823628,-2.511653735104203,-0.3651758432388305,2.967968463897705,0.6689488887786865
1774472438199497500,132.53549755859376,-0.1838175212591886,0.1780566196449101,0.3871072202295064,-0.2689448595046997,-0.7772256731987,0.2331679463386535,-0.1876618851950392,-1.180998421061039,1.3418810569345951,-0.1876618851950392,-1.180998421061039,1.3418810569345951,1.4007155232191084,0.9695452893793582,-2.5324276430636643,-0.2479901015758514,2.9118683338165283,0.6714218854904175
1774472438209525200,132.54552514648438,-0.1999824741184711,0.2479503862127661,0.377810984095931,-0.2553155720233917,-0.7620998620986938,0.2499845921993255,-0.2468411828618496,-1.143524722713232,1.4607558581620457,-0.2468411828618496,-1.143524722713232,1.4607558581620457,1.2531867283068596,1.0303864193111658,-2.5564953318715093,-0.1492567658424377,2.819805145263672,0.6683740615844727
1774472438219553500,132.55555346679688,-0.1994289318889379,0.3397624084696173,0.3660217621028423,-0.2508779466152191,-0.743634045124054,0.2648101449012756,-0.2792815632175654,-1.0413812760561705,1.541820860955119,-0.2792815632175654,-1.0413812760561705,1.541820860955119,1.1537795747458934,1.0411088888555764,-2.5947616419017314,-0.0584813319146633,2.7099151611328125,0.6600825786590576
1774472438229581300,132.56558129882814,-0.2458116206184029,0.3993443321205675,0.3162637517213821,-0.243379145860672,-0.7016803026199341,0.2546526491641998,-0.3901431538593023,-0.9570312602430582,1.4785329223930834,-0.3901431538593023,-0.9570312602430582,1.4785329223930834,1.0298502666078508,1.0354016171246767,-2.5631287785366177,0.0295360926538705,2.587454319000244,0.6504938006401062
1774472438239609600,132.57560961914064,-0.3292676102012395,0.3983192268565297,0.2765349679231643,-0.236429363489151,-0.6536232829093933,0.2358272671699524,-0.4205436989504844,-0.8691267668187618,1.358050685968995,-0.4205436989504844,-0.8691267668187618,1.358050685968995,0.8236158924877643,1.0648387240111827,-2.4902292542815205,0.1012811139225959,2.4366793632507324,0.6337957382202148
1774472438249636400,132.58563623046874,-0.4069359562933444,0.3143145173497498,0.3019698534309863,-0.2322950959205627,-0.619398832321167,0.2212167531251907,-0.3620393414031714,-0.9037573506951332,1.2680021662533285,-0.3620393414031714,-0.9037573506951332,1.2680021662533285,0.7427987269759178,1.1116875689476728,-2.4311038422264155,0.1707561016082763,2.2566845417022705,0.6119551658630371
1774472438259664600,132.59566455078124,-0.4223158962547779,0.2640571791440248,0.3817828103363513,-0.2322673946619033,-0.5967034101486206,0.2146784216165542,-0.3928752091716975,-0.8885855005264282,1.2315297539025545,-0.3928752091716975,-0.8885855005264282,1.2315297539025545,0.6097839028455316,1.1595961520701643,-2.321393029055,0.2374999672174453,2.0438523292541504,0.5927058458328247
1774472438269692400,132.6056923828125,-0.4162222555547952,0.2686617503300309,0.4220394174009561,-0.2379733771085739,-0.5840179920196533,0.2165340632200241,-0.4204875117838382,-0.9269149389207364,1.1706319253474473,-0.4204875117838382,-0.9269149389207364,1.1706319253474473,0.4841222179569304,1.1837094335854053,-2.2873588036365806,0.2854807674884796,1.8423627614974976,0.58053058385849
1774472438279720400,132.61572045898438,-0.4074444903373718,0.2151123848415911,0.4327846832990646,-0.2435934394598007,-0.5743334293365479,0.218217447400093,-0.4307189829409122,-0.965556512004137,1.0906699153602122,-0.4307189829409122,-0.965556512004137,1.0906699153602122,0.3328137583754956,1.1752572470605374,-2.2258466425754126,0.3313893973827362,1.6498191356658936,0.5678462386131287
1774472438289748500,132.62574853515625,-0.429626511529088,0.1119222056105732,0.4214823680400848,-0.2472506016492843,-0.5701730251312256,0.2075075805187225,-0.3916571386188268,-0.8901175323992967,1.08580610871613,-0.3916571386188268,-0.8901175323992967,1.08580610871613,0.1836589696966111,1.1334697771668434,-2.1629110245823857,0.350353479385376,1.4776344299316406,0.5540409088134766
1774472438299775500,132.635775390625,-0.5309814381569624,0.0051944999031722,0.3735971657931804,-0.2420326769351959,-0.5678147673606873,0.1981292515993118,-0.4375070356458425,-0.8226397409319877,1.169170036101341,-0.4375070356458425,-0.8226397409319877,1.169170036101341,0.1063688092671334,1.0919786598712204,-2.169083429607004,0.3441110253334045,1.3256545066833496,0.5451409220695496
1774472438309803500,132.64580346679688,-0.6014297698676586,-0.0994894250169396,0.3054150254487991,-0.2311548888683319,-0.5690503716468811,0.1872687339782714,-0.3703403559543192,-0.8547428521573543,1.206090192219615,-0.3703403559543192,-0.8547428521573543,1.206090192219615,-0.0089947689689695,1.0870271749436855,-2.149683878740668,0.328626811504364,1.1811951398849487,0.5290942192077637
1774472438319831300,132.65583129882813,-0.5987541209176183,-0.1588943846657872,0.2712503055185079,-0.2239861935377121,-0.5748158693313599,0.171367272734642,-0.2420896774858236,-0.8392460078179835,1.1920850477427245,-0.2420896774858236,-0.8392460078179835,1.1920850477427245,-0.0896387698709964,1.0909990011841058,-2.078664469143748,0.3179773688316345,1.0280876159667969,0.5045323967933655
1774472438329859600,132.66585961914063,-0.5798457145690917,-0.131896049233526,0.2827583724826574,-0.2139659821987152,-0.579886257648468,0.1721235066652298,-0.1261179772887379,-0.7651449988186358,1.1082838979840277,-0.1261179772887379,-0.7651449988186358,1.1082838979840277,-0.1690621429368853,1.063573818641901,-1.8839514598608016,0.3206632435321808,0.8429052233695984,0.474321186542511
1774472438339887400,132.6758874511719,-0.5253802571490407,-0.0721441758431494,0.3548603166192769,-0.1958626061677932,-0.5826777815818787,0.1802557408809662,-0.0499292752951383,-0.6420820982515811,0.9239847306877376,-0.0499292752951383,-0.6420820982515811,0.9239847306877376,-0.2054743495330214,0.9448077384859322,-1.5968270011231305,0.3443864285945892,0.6350622773170471,0.4316767752170563
1774472438349915400,132.68591528320312,-0.484256219600141,-0.0123442255273461,0.4003542398154735,-0.1800415068864822,-0.5861488580703735,0.1978255659341812,0.0219201553851366,-0.4408551770299673,0.7463473593682051,0.0219201553851366,-0.4408551770299673,0.7463473593682051,-0.1728092205107212,0.7200725159049034,-1.261870531630516,0.3871477544307709,0.4206942617893219,0.3767679929733276
1774472438359942400,132.6959423828125,-0.4819523265719413,0.072930065523833,0.4641676635563373,-0.1617921888828277,-0.5908067226409912,0.2257623821496963,0.0262438638031482,-0.149317870286107,0.5703197613328695,0.0262438638031482,-0.149317870286107,0.5703197613328695,-0.2396107201516628,0.5079588744878769,-1.000211207408458,0.4291330277919769,0.180582046508789,0.3168234229087829
1774472438369970700,132.705970703125,-0.4692968431383371,0.1549126215532422,0.5049035785704851,-0.1365921944379806,-0.5909973978996277,0.2565763592720032,-0.0919644363395869,0.0994587376177311,0.421634928253293,-0.0919644363395869,0.0994587376177311,0.421634928253293,-0.3262669670805335,0.3460696919202804,-0.9312195773120968,0.4755489230155945,-0.0621642880141735,0.2483581453561782
1774472438379998500,132.71599853515625,-0.4461237650826573,0.2183339772365987,0.5380529839783906,-0.1132666394114494,-0.5891923308372498,0.2978766560554504,-0.1576402929514646,0.2054781489253044,0.2044318547427654,-0.1576402929514646,0.2054781489253044,0.2044318547427654,-0.3097828652694821,0.1681961737573146,-0.8708259719520807,0.5329477787017822,-0.283186137676239,0.1810483485460281
1774472438390026500,132.72602661132814,-0.4471504777818918,0.2957778669230639,0.5298106408119201,-0.0912156403064727,-0.5951453447341919,0.3371567130088806,-0.1849754591226577,0.1722474949747323,0.0907598828554153,-0.1849754591226577,0.1722474949747323,0.0907598828554153,-0.224136379905045,0.0777566088974475,-0.7055176285907626,0.602295994758606,-0.4691953063011169,0.1156248226761818
1774472438400054500,132.73605444335936,-0.467525157290697,0.3836965350031852,0.5011871883958577,-0.0741735398769378,-0.5950931310653687,0.3743885159492492,-0.1750846180967986,0.145725983273983,0.1426052209049463,-0.1750846180967986,0.145725983273983,0.1426052209049463,-0.233825122487545,0.094410222056508,-0.5006548350848258,0.6648730635643005,-0.6127601861953735,0.0755772739648819
1774472438410081300,132.74608129882813,-0.486276034989953,0.4553204863645136,0.4243979632258415,-0.0627951771020889,-0.601150631904602,0.4120638966560364,-0.2186507881008088,0.096963413670659,0.2247854914635419,-0.2186507881008088,0.096963413670659,0.2247854914635419,-0.3748739077307284,0.1035129814445972,-0.3706802554331719,0.711125910282135,-0.7302582263946533,0.0488334335386753
1774472438420109600,132.75610961914063,-0.5448267158970237,0.4614363388963043,0.3159738288640976,-0.0479397922754287,-0.5901342034339905,0.4481995105743408,-0.2610498140215873,0.0007341594934463,0.2568172910183668,-0.2610498140215873,0.0007341594934463,0.2568172910183668,-0.4134207882679999,0.1051496427357196,-0.3169368286773562,0.7368693351745605,-0.8094518184661865,0.0342797897756099
1774472438430137300,132.7661374511719,-0.6119879887610673,0.3906678353205323,0.1880003599017858,-0.0344655774533748,-0.5743066072463989,0.4751207530498504,-0.2921646448619663,-0.0995323873758316,0.255707283949852,-0.2921646448619663,-0.0995323873758316,0.255707283949852,-0.438710858477652,0.0735872142583131,-0.2979863367527723,0.7505597472190857,-0.8721910119056702,0.0106420470401644
1774472438440165600,132.77616552734375,-0.6582265928447246,0.2952466826558113,0.0487637386471033,-0.013389054685831,-0.5377467274665833,0.4977549910545349,-0.2572321554295718,-0.1769856294125318,0.2353045473903417,-0.2572321554295718,-0.1769856294125318,0.2353045473903417,-0.4075404980577528,0.0156201784580945,-0.2361820608772337,0.7515171766281128,-0.9128798246383668,-0.0187547225505113
1774472438450193400,132.786193359375,-0.6625359804764389,0.1909741150155663,-0.0872796395242214,0.0144951194524765,-0.4947368502616882,0.5162120461463928,-0.1493131941109895,-0.2242132445335388,0.1697889959067106,-0.1493131941109895,-0.2242132445335388,0.1697889959067106,-0.3072073156930506,-0.0399772056013345,-0.1036900915771722,0.7486587166786194,-0.9401274919509888,-0.0522839687764644
1774472438460221400,132.79622143554687,-0.638193858641386,0.1537318873360753,-0.1521796894580125,0.0448812581598758,-0.4561351239681244,0.5305204391479492,-0.1231213527560234,-0.234794844302535,0.1638192738473415,-0.1231213527560234,-0.234794844302535,0.1638192738473415,-0.324994901318103,-0.0498684850186109,0.0289808875516057,0.7415656447410583,-0.9743618965148926,-0.080703355371952
1774472438470248400,132.80624853515624,-0.6078787998765707,0.1851629445187747,-0.2172469126522541,0.0735297128558158,-0.4259605705738067,0.5329914093017578,-0.1601813557364046,-0.2560609196931123,0.1699684441268444,-0.1601813557364046,-0.2560609196931123,0.1699684441268444,-0.3300032309994101,-0.0316349091917276,0.1526679113663732,0.7459381222724915,-1.0228646993637085,-0.0988547429442405
1774472438480276200,132.81627612304686,-0.6015948973014951,0.2259694405511021,-0.2709334946542978,0.1035113111138343,-0.396426111459732,0.531632125377655,-0.2382312484920024,-0.3077846771895885,0.2381225274205207,-0.2382312484920024,-0.3077846771895885,0.2381225274205207,-0.3357810837484896,-0.0288134220302104,0.2855542868115007,0.7451977729797363,-1.076852560043335,-0.1047935932874679
1774472438490304500,132.82630444335936,-0.5849804471090435,0.3080440587781369,-0.2573959676891565,0.1218456476926803,-0.3726601302623749,0.524167001247406,-0.2945275746010243,-0.4418026870131492,0.286004222536087,-0.2945275746010243,-0.4418026870131492,0.286004222536087,-0.3481155185341835,-0.1124678567945957,0.3075979224458336,0.7352233529090881,-1.1149235963821411,-0.1107468605041503
1774472438500332300,132.83633227539062,-0.5868158458426594,0.45710824656412,-0.2814560577124357,0.1321669816970825,-0.3470306694507599,0.5292991995811462,-0.2939484595388174,-0.6682119802862405,0.4203407967895269,-0.2939484595388174,-0.6682119802862405,0.4203407967895269,-0.3498997716024518,-0.1455260767877101,0.226531896739453,0.7017077207565308,-1.1273517608642578,-0.1182409971952438
1774472438510360600,132.84636059570312,-0.5396361615166068,0.4990792563311755,-0.3093915278643369,0.1346735656261444,-0.3114825785160064,0.5577149391174316,-0.1905043055467307,-0.9123293642073868,0.5707599063158035,-0.1905043055467307,-0.9123293642073868,0.5707599063158035,-0.414133758842945,-0.1313946755826473,0.0859844851471483,0.6561394929885864,-1.1328445672988892,-0.1328386068344116
1774472438520387300,132.85638720703125,-0.4685431021615862,0.4961794432364403,-0.3238812409877777,0.1329185366630554,-0.2742992341518402,0.584507942199707,-0.0030424364358186,-1.147979948556423,0.6435954254239797,-0.0030424364358186,-1.147979948556423,0.6435954254239797,-0.456900302901864,-0.1270546005517244,-0.0283342602111399,0.6034395694732666,-1.1451945304870603,-0.1465464234352111
1774472438530415600,132.86641552734375,-0.3606412381082773,0.4823571079805493,-0.3229799082338809,0.1402603536844253,-0.2397256195545196,0.6097123026847839,0.1366822605967521,-1.263696578013897,0.6818991448551416,0.1366822605967521,-1.263696578013897,0.6818991448551416,-0.4524026992216706,-0.0764040252447128,-0.0749278152123093,0.5539706945419312,-1.1613032817840576,-0.1512226313352584
1774472438540443400,132.876443359375,-0.2522144733980297,0.4186043283857405,-0.2959434327483177,0.1434652060270309,-0.2173854261636734,0.6256561279296875,0.1602897845469415,-1.16221597917974,0.6452671580284833,0.1602897845469415,-1.16221597917974,0.6452671580284833,-0.4336617583945393,-0.046183074504137,-0.0477227051615714,0.4999508857727051,-1.1707864999771118,-0.1316859424114227
1774472438550471400,132.88647143554687,-0.1812201982423663,0.3874184781357646,-0.2463140171825885,0.1467272341251373,-0.2128361910581588,0.6327295899391174,0.03547229539752,-0.8531593823581933,0.4692909979194402,0.03547229539752,-0.8531593823581933,0.4692909979194402,-0.4276116645753383,-0.096582889920473,-0.0821681417293846,0.4270195960998535,-1.1578973531723022,-0.0993192717432975
1774472438560499500,132.89649951171876,-0.1282791739106178,0.4184089519441127,-0.156928929811716,0.1363097429275512,-0.2099519819021225,0.6311958432197571,-0.1587190280988812,-0.4784948795944452,0.1528226635366678,-0.1587190280988812,-0.4784948795944452,0.1528226635366678,-0.37994828838557,-0.1701157436430454,-0.2006694334693252,0.3578671514987945,-1.1245989799499512,-0.0723113566637039
1774472438570527500,132.90652758789062,-0.0701186613649129,0.3513271740570664,-0.0522065725773572,0.1304728388786316,-0.207507699728012,0.6237776875495911,-0.3205557498268783,-0.1585258436143398,-0.2644458862006664,-0.3205557498268783,-0.1585258436143398,-0.2644458862006664,-0.3097437023028731,-0.2534498604118824,-0.2882517092019319,0.2980140447616577,-1.09273362159729,-0.0506234616041183
1774472438580553700,132.9165537109375,-0.0287476633176207,0.2478662150606513,-0.024603110858798,0.129356175661087,-0.2027888596057891,0.6065605878829956,-0.4167646918684244,0.0446621485471725,-0.6186649823069572,-0.4167646918684244,0.0446621485471725,-0.6186649823069572,-0.2869990787923336,-0.3372439959079027,-0.3519906064018607,0.2625575065612793,-1.0724115371704102,-0.0405806824564933
1774472438590581800,132.92658178710937,-0.0213327108860015,0.13621990378201,-0.0062017772495746,0.1239854022860527,-0.2115998417139053,0.5726538896560669,-0.4581532255724072,0.0473053565323352,-0.7912281191021203,-0.4581532255724072,0.0473053565323352,-0.7912281191021203,-0.2679097629189491,-0.3545703937619924,-0.3325466318719088,0.2606558203697204,-1.0838210582733154,-0.048568520694971
1774472438600609800,132.93660986328126,-0.0708025519758462,-0.0171846512958407,0.0251776958763599,0.1109279245138168,-0.2185965031385421,0.5350261330604553,-0.3675318744048476,-0.0715156686812639,-0.7960428259074688,-0.3675318744048476,-0.0715156686812639,-0.7960428259074688,-0.2231695806995034,-0.3478238421112298,-0.2497584585480391,0.2826697826385498,-1.116187572479248,-0.0709462612867355
1774472438610637600,132.94663745117188,-0.0955041547730565,-0.1467041806563735,0.0373562094479799,0.0865857824683189,-0.2102546244859695,0.4957509040832519,-0.3274947553098201,-0.1840320407927036,-0.6723989105820656,-0.3274947553098201,-0.1840320407927036,-0.6723989105820656,-0.2255494615733623,-0.4119213434904814,-0.1929563748739659,0.3100119233131408,-1.1647380590438845,-0.0975065007805824
1774472438620665900,132.95666577148438,-0.0713484954208135,-0.2257531674519181,0.0379927537858486,0.057808194309473,-0.1952434480190277,0.4577702283859253,-0.218785666526854,-0.2807084542155265,-0.5089332724779844,-0.218785666526854,-0.2807084542155265,-0.5089332724779844,-0.2575755620397627,-0.5311632244646549,-0.2316257127471268,0.3186714649200439,-1.1899539232254028,-0.1215862706303596
1774472438630692600,132.96669262695312,-0.0498525567971169,-0.3243826146386563,0.052855976396799,0.0298225674778223,-0.1810531765222549,0.4136931896209717,-0.0632312399387359,-0.2649082430154085,-0.3195814979672431,-0.0632312399387359,-0.2649082430154085,-0.3195814979672431,-0.2446948915481567,-0.63809332087636,-0.3162700353316962,0.327287495136261,-1.1899046897888184,-0.1530297398567199
1774472438640720600,132.976720703125,-0.0610975889109075,-0.3598687924310564,0.0383539883136749,-0.0051804245449602,-0.1707001477479934,0.3593609929084778,-0.0031276305012404,-0.1452683026343584,-0.2381055762857198,-0.0031276305012404,-0.1452683026343584,-0.2381055762857198,-0.2178428327187895,-0.7195891163021325,-0.3928817119777202,0.3301525413990021,-1.1631907224655151,-0.1827966868877411
1774472438650748700,132.98674877929687,-0.0956248585432767,-0.4135129965960979,0.0550339049577713,-0.0312556251883506,-0.1637027710676193,0.3022995591163635,-0.0184457572728395,-0.0049801265001296,-0.1645575249940156,-0.0184457572728395,-0.0049801265001296,-0.1645575249940156,-0.0780266580104827,-0.8052110517472029,-0.4248762482620775,0.3345054090023041,-1.0851856470108032,-0.1996273845434188
1774472438660776700,132.99677661132813,-0.1624076534837484,-0.4385312641270458,0.0389373411595821,-0.0447647720575332,-0.1663409024477005,0.2502946853637695,0.0151057991951704,0.2047995190113782,-0.0507785856008529,0.0151057991951704,0.2047995190113782,-0.0507785856008529,-0.0203702955946326,-0.7827303398698567,-0.2898173510834574,0.3499504327774048,-0.9778695106506348,-0.2064501345157623
1774472438670804700,133.0068046875,-0.2278454635560512,-0.5010065711319446,0.0068932666450738,-0.0514839813113212,-0.1605679243803024,0.1945358365774154,0.0327490079134702,0.3869149125277996,0.0879839884012937,0.0327490079134702,0.3869149125277996,0.0879839884012937,-0.0677750208482146,-0.6070283205270767,-0.1066499642960727,0.3686877191066742,-0.8690695762634277,-0.2104371190071106
1774472438680831700,133.01683178710937,-0.2947292346529662,-0.5284519196793437,-0.0422726230621337,-0.0529186278581619,-0.1449743211269378,0.1422324180603027,-0.0512862428620457,0.5256564437419176,0.1365080730736255,-0.0512862428620457,0.5256564437419176,0.1365080730736255,-0.0105180330134928,-0.4043623064130544,0.0244391524687409,0.3757200539112091,-0.7610368132591248,-0.2113942503929138
1774472438690859800,133.02685986328126,-0.350850496456027,-0.5019816997744143,-0.0778933870196342,-0.0490752831101417,-0.1157296746969223,0.099691554903984,-0.0777967947773635,0.6394944198459387,0.1443698924899101,-0.0777967947773635,0.6394944198459387,0.1443698924899101,0.0249637608647346,-0.2181996833324432,0.1451988906599581,0.3686235845088959,-0.6695379614830017,-0.214255228638649
1774472438700887800,133.0368876953125,-0.3553141978666186,-0.4145718579992651,-0.0895563522845506,-0.0441487021744251,-0.0864045396447181,0.067974105477333,-0.1242202539086341,0.6906944457292556,0.1105932950943708,-0.1242202539086341,0.6906944457292556,0.1105932950943708,0.0410495110079646,-0.0229296246886253,0.215079797746241,0.3662030398845672,-0.5798658132553101,-0.2152885347604751
1774472438710915800,133.04691577148438,-0.353816798915714,-0.2846981083735823,-0.0794926389098167,-0.0325057953596115,-0.0492760315537452,0.0445628985762596,-0.1443130477361381,0.679319065234065,0.0286298821568489,-0.1443130477361381,0.679319065234065,0.0286298821568489,0.0526053626365959,0.1293038407832384,0.3307785992860794,0.3634991645812988,-0.4865588545799255,-0.2106535881757736
1774472438720943600,133.05694360351563,-0.3270408740624785,-0.2107619345471262,-0.0662725073307752,-0.0177201926708221,-0.0226912945508956,0.0402768105268478,-0.1844625411644578,0.622542700523138,-0.0692599987089633,-0.1844625411644578,0.622542700523138,-0.0692599987089633,0.0214110368192195,0.2791191391974687,0.4458347190082073,0.3627079427242279,-0.3951455950736999,-0.2096844613552093
1774472438730972000,133.0669719238281,-0.3244306915640831,-0.1667852840460836,-0.0456406381905078,0.0051703481003642,0.0072982334531843,0.0463572703301906,-0.1959619864307344,0.472924385985732,-0.0897404766798019,-0.1959619864307344,0.472924385985732,-0.0897404766798019,0.0208542797192931,0.3542424769818783,0.5073489258959889,0.3643921315670013,-0.3300866782665252,-0.2143740206956863
1774472438740998700,133.07699853515626,-0.3730772335723042,-0.1945999042972922,-0.0431675260752439,0.026271104812622,0.0305987633764743,0.0483562387526035,-0.1300518826715648,0.2217816334724426,-0.0685036273837089,-0.1300518826715648,0.2217816334724426,-0.0685036273837089,0.0417550289288163,0.3326952465623617,0.6037298635035753,0.3689847588539123,-0.2820286154747009,-0.2169261276721954
1774472438751026700,133.08702661132813,-0.4956007665656506,-0.2246228482477366,-0.0429202733159065,0.054167203605175,0.0417978279292583,0.0453485175967216,0.0021641922965645,-0.0255693255424499,-0.0146153853297233,0.0021641922965645,-0.0255693255424499,-0.0146153853297233,-0.0104170568570494,0.2738905908942222,0.6358044792868197,0.3633964955806732,-0.2386408895254135,-0.2135336548089981
1774472438761054700,133.0970546875,-0.6778273653715848,-0.1853175505585968,-0.0270955121964216,0.0779982283711433,0.0489857010543346,0.0543518625199794,0.0478361024081707,-0.2138520095169544,0.0227916775226593,0.0478361024081707,-0.2138520095169544,0.0227916775226593,-0.0953814051762223,0.2620417476683855,0.5808430550433695,0.3393303155899048,-0.180862009525299,-0.2097509056329727
1774472438771082800,133.10708276367188,-0.8295021740473807,-0.0838635474704205,0.0147691145867109,0.0895407050848007,0.0556345805525779,0.0722641795873642,0.1012521969057619,-0.3660626786351204,0.0005997194588184,0.1012521969057619,-0.3660626786351204,0.0005997194588184,-0.1761141072750091,0.2734469387799501,0.4742060963593423,0.3014304637908935,-0.1323560178279876,-0.2101909071207046
1774472438781110800,133.11711083984375,-0.8544907770924269,0.0343032516181468,0.0480512064635753,0.0952531844377517,0.0685983151197433,0.1022990420460701,0.1374101364798843,-0.4498556450873613,-0.0220949274301528,0.1374101364798843,-0.4498556450873613,-0.0220949274301528,-0.1464545898094773,0.1718541117429733,0.3232978881418705,0.2537585496902466,-0.1009956821799278,-0.2122780233621597
1774472438791137800,133.1271376953125,-0.7501257088631391,0.1473190976843237,0.0659615416854619,0.0916739180684089,0.0798463150858879,0.1370778828859329,0.1567969739951193,-0.3763111009269952,-0.0392494758486747,0.1567969739951193,-0.3763111009269952,-0.0392494758486747,-0.1714785564288496,-0.0413940866619348,0.2600244164966047,0.2162373214960098,-0.0716994479298591,-0.2091642767190933
1774472438801165800,133.13716577148438,-0.5908019928693771,0.2281583288975059,0.0744084675133228,0.0782334804534912,0.0845888704061508,0.1578737050294876,0.1202088263101875,-0.2806032402753829,-0.0934989524304866,0.1202088263101875,-0.2806032402753829,-0.0934989524304866,-0.2013490862965583,-0.2165425637751817,0.2812210799127817,0.1847427785396576,-0.029042799025774,-0.2027268707752227
1774472438811193600,133.14719360351563,-0.425001189815998,0.2055363088533282,0.1069382797181606,0.065495453774929,0.1068350002169609,0.1741367578506469,0.1036240406036377,-0.2086632087022066,-0.187701669216156,0.1036240406036377,-0.2086632087022066,-0.187701669216156,-0.231639302881062,-0.2522486679285765,0.3391433997884392,0.1628537327051162,-0.0084756352007389,-0.1999823749065399
1774472438821221600,133.1572216796875,-0.2062786516532301,0.0648322453945875,0.0885953982979059,0.0570391193032264,0.1256544888019561,0.178691029548645,0.0843950239986181,-0.1210194120407104,-0.2744733592182398,0.0843950239986181,-0.1210194120407104,-0.2744733592182398,-0.2161573638498783,-0.2669154911845922,0.3736458272404968,0.1535795331001281,-0.0580780729651451,-0.2120262533426284
1774472438831249700,133.1672497558594,-0.0774133484177291,-0.1361494688943028,0.0905114610522985,0.0512021221220493,0.1236778870224952,0.1534071415662765,0.0858950532980263,0.0345399829834699,-0.2472252868086099,0.0858950532980263,0.0345399829834699,-0.2472252868086099,-0.0534182864546775,-0.3201139974087476,0.3910568346381187,0.1427900493144989,-0.1588783115148544,-0.2187241166830063
1774472438841277700,133.1772775878906,-0.0585223315954208,-0.3280741626329719,0.0977069255143403,0.0486135296523571,0.1141882389783859,0.1013814955949783,0.0990051486313343,0.1841121202915907,-0.1570470032334327,0.0990051486313343,0.1841121202915907,-0.1570470032334327,-0.0699579178452491,-0.3809183024615049,0.3568487139575183,0.1330418139696121,-0.2477674335241317,-0.2239977121353149
1774472438851304700,133.1873046875,-0.0637830286026001,-0.5271097112901508,0.123951958361268,0.0498736798763275,0.0998298451304435,0.0365231409668922,0.1160100594460964,0.2258785473972558,-0.0669698419451713,0.1160100594460964,0.2258785473972558,-0.0669698419451713,-0.1430677238501608,-0.3155330993592738,0.3523623623237014,0.1379714757204055,-0.3270693719387054,-0.2353161722421646
1774472438861332700,133.19733276367188,-0.0530763411492109,-0.6710059949189424,0.2120376535713672,0.0459918528795242,0.0771700739860534,-0.0434624999761581,0.1081980705209076,0.2160778688728809,0.0307803381890058,0.1081980705209076,0.2160778688728809,0.0307803381890058,-0.1522119842924177,-0.2158931599557399,0.3562079318359494,0.1457638889551162,-0.3977344930171966,-0.2419264018535614
1774472438871360800,133.20736083984374,-0.0286877498239278,-0.7323815239883958,0.3310679376214742,0.0441679432988166,0.0422791838645935,-0.1245241239666938,0.1043909333229064,0.211150349342823,0.0835655874371528,0.1043909333229064,0.211150349342823,0.0835655874371528,-0.131397013670206,-0.1346428637236356,0.3150108290508389,0.1553140580654144,-0.4612930417060852,-0.2496131509542465
1774472438881388500,133.21738842773436,-0.0078501289784908,-0.7443200913242995,0.4458113381326198,0.0358679369091987,0.000875283498317,-0.202280968427658,0.0852694687455892,0.2460696870326995,0.119550508531928,0.0852694687455892,0.2460696870326995,0.119550508531928,-0.0035702597022056,-0.0647293695420026,0.2595768188595772,0.1559377610683441,-0.4961351752281189,-0.2587800323963165
1774472438891416800,133.22741674804686,0.0308317761152982,-0.7131925471328199,0.5546984138309955,0.0155706526711583,-0.0403131656348705,-0.2671598494052887,0.0922691183745861,0.291461318898201,0.1158136600911617,0.0922691183745861,0.291461318898201,0.1158136600911617,0.0388438176572322,-0.0041898529052734,0.2209364148199558,0.1434355974197387,-0.4979338645935058,-0.2616066038608551
1774472438901443800,133.23744384765624,0.0707496527448296,-0.6976882501393556,0.542707531785965,0.0052365232259035,-0.0612735748291015,-0.321527749300003,0.0657534518927335,0.2752402519375085,0.1074953290790319,0.0657534518927335,0.2752402519375085,0.1074953290790319,-0.0355947527334094,0.1184019230186939,0.1854123892351984,0.1339598149061203,-0.5040692687034607,-0.2611333727836609
1774472438911471600,133.2474716796875,0.1295259591013193,-0.6530455369450151,0.4070125286608934,-0.0108309891074895,-0.0488728955388069,-0.3740879595279693,0.0691214670211076,0.1583148312121629,0.0883861394613981,0.0691214670211076,0.1583148312121629,0.0883861394613981,-0.0527298657990992,0.2423065351068973,0.2275261684738099,0.130033329129219,-0.5289697647094727,-0.258930891752243
1774472438921499600,133.2574997558594,0.2008627640843391,-0.5268846703626215,0.1829337241619825,-0.0246349517256021,-0.0176641084253788,-0.4096914827823639,0.1120247892022132,-0.0841658914178609,0.1438122586071491,0.1120247892022132,-0.0841658914178609,0.1438122586071491,-0.0229473064757883,0.3111415864020586,0.2983024169646203,0.130689799785614,-0.5788558721542358,-0.2724059522151947
1774472438931527700,133.2675275878906,0.1863897098347544,-0.3610464579083025,-0.0649596711665391,-0.0380183868110179,0.0181959569454193,-0.4326405823230743,0.1319903033882379,-0.2514122171044349,0.2099298676371574,0.1319903033882379,-0.2514122171044349,0.2099298676371574,0.0461155622258782,0.3001648498356342,0.373539151995629,0.1358674317598343,-0.6389396786689758,-0.2792098224163055
1774472438941555700,133.2775556640625,0.1418348210543394,-0.169026340971142,-0.3016267390817403,-0.0542700625956058,0.0560008585453033,-0.4507958889007568,0.1799965016663074,-0.3400941246420145,0.248556827673316,0.1799965016663074,-0.3400941246420145,0.248556827673316,0.0113201431766152,0.2907020249634981,0.4314519733905792,0.1278497129678726,-0.6899656057357788,-0.2776252627372741
1774472438951583700,133.28758374023437,0.1094150450952351,0.0042458208762109,-0.4898889647901058,-0.0686932206153869,0.07883021235466,-0.4561250507831573,0.2524037123598158,-0.4382891259342432,0.2681570156782865,0.2524037123598158,-0.4382891259342432,0.2681570156782865,-0.0822282013535499,0.2990530892014503,0.4051645627066493,0.1044141724705696,-0.7345337867736816,-0.2762472033500671
1774472438961610800,133.29761083984374,0.1412137665465474,0.1424232884667813,-0.5802642322421073,-0.0687281116843223,0.0988832786679267,-0.4451600015163421,0.2575407829873263,-0.4891852004349231,0.2748404389649629,0.2575407829873263,-0.4891852004349231,0.2748404389649629,-0.1258919865131378,0.2469178282946348,0.2845087232813238,0.0727254822850227,-0.767689049243927,-0.2663258910179138
1774472438971638800,133.307638671875,0.1746796905577182,0.2418064766302704,-0.5756915174990892,-0.0663778707385063,0.1089605316519737,-0.424481987953186,0.2176024480916559,-0.4641232398927211,0.2030862853527069,0.2176024480916559,-0.4641232398927211,0.2030862853527069,-0.1749311811007559,0.1705781004577875,0.1622879726268351,0.0385229177772998,-0.7708946466445923,-0.2521426975727081
