time,seconds_elapsed,imu1_accel_x,imu1_accel_y,imu1_accel_z,imu1_gyro_x,imu1_gyro_y,imu1_gyro_z,imu2_accel_x,imu2_accel_y,imu2_accel_z,imu2_gyro_x,imu2_gyro_y,imu2_gyro_z,imu3_accel_x,imu3_accel_y,imu3_accel_z,imu3_gyro_x,imu3_gyro_y,imu3_gyro_z
1774472419287038000,113.62303784179689,0.0185796127855777,0.0772429602868855,0.3671399524778127,0.0834074914455413,-0.0630260705947876,0.0851679891347885,0.006165536892414,-0.0493751485437154,-0.0665589230567216,0.006165536892414,-0.0493751485437154,-0.0665589230567216,-0.0698328301608562,0.2485544895857572,-0.1749704901978373,0.247379258275032,-0.144007995724678,0.009473331272602
1774472419297065700,113.63306567382811,0.0657549131974577,0.0784706023856997,0.2910369560062885,0.101277470588684,-0.0666654556989669,0.1182963997125625,-0.0557382538348436,-0.1349327865809202,-0.2030097129851579,-0.0557382538348436,-0.1349327865809202,-0.2030097129851579,-0.1072949842013418,0.2242693586349487,-0.1642825074449181,0.2464636117219925,-0.1279786080121994,0.0178505945950746
1774472419307093000,113.64309301757812,0.1181847731366753,0.1121219659663736,0.1216325755029916,0.1126899123191833,-0.0550245121121406,0.1473996788263321,-0.1088375374682247,-0.1766319936692714,-0.2837655036985874,-0.1088375374682247,-0.1766319936692714,-0.2837655036985874,-0.1658019720971584,0.1612245811790227,-0.1473246506422758,0.2420030832290649,-0.109492540359497,0.0268957559019327
1774472419317120800,113.65312084960938,0.1364469905361533,0.1536943318046629,-0.0688099168539047,0.1222636103630065,-0.0391866266727447,0.1647007018327713,-0.1560446943230927,-0.136913731265068,-0.2907107927918434,-0.1560446943230927,-0.136913731265068,-0.2907107927918434,-0.1897192926488816,0.024213234758377,-0.1490422682151198,0.2333433479070663,-0.091971606016159,0.032313622534275
1774472419327148800,113.66314868164062,0.1195946399345993,0.1682804910399019,-0.1943956138968467,0.119010291993618,-0.0343348830938339,0.1624287515878677,-0.1519517259210348,-0.0327402400851249,-0.2290390572547912,-0.1519517259210348,-0.0327402400851249,-0.2290390572547912,-0.2055253490678966,-0.123317752110958,-0.1366131408832967,0.2236313372850418,-0.0675171315670013,0.0301902834326028
1774472419337176800,113.6731767578125,0.0179842772409319,0.1482568169258535,-0.2574865685820579,0.111653596162796,-0.0198155064135789,0.1519248634576797,-0.1174661034733056,0.0488753823280334,-0.180042094373703,-0.1174661034733056,0.0488753823280334,-0.180042094373703,-0.2667642461456358,-0.2437526422619819,-0.145599142023921,0.2124409973621368,-0.0410525575280189,0.0205608140677213
1774472419347204900,113.68320483398438,-0.0494780243963003,0.082201897868514,-0.3140653648942709,0.0955862179398536,0.0004189261235296,0.1452427208423614,0.0283690392635762,0.0872398920357227,-0.1633417194634676,0.0283690392635762,0.0872398920357227,-0.1633417194634676,-0.258204361462593,-0.2872217816323041,-0.1349254800572991,0.2094031274318695,-0.0245148595422506,0.004881452769041
1774472419357233000,113.69323291015624,-0.0360755219876766,-0.0208339675836265,-0.3273877878040075,0.0825500413775444,0.0187563877552747,0.1429670602083206,0.1244901568911969,0.0642050534069538,-0.059935705524683,0.1244901568911969,0.0642050534069538,-0.059935705524683,-0.2268342406868934,-0.2538344758152961,-0.0562478107921779,0.2119727730751037,-0.0183022320270538,-0.0089400187134742
1774472419367259600,113.703259765625,0.0166983290836215,-0.1354313837528228,-0.3163251265197992,0.0680968016386032,0.0339457280933856,0.1539078503847122,0.2347967439986765,-0.0422211851358413,-0.0184545251011848,0.2347967439986765,-0.0422211851358413,-0.0184545251011848,-0.1817886457800865,-0.1717319466680288,0.0631958763644099,0.2231886684894561,-0.0355781577527523,-0.0269041061401367
1774472419377288000,113.71328784179688,0.0531482373416423,-0.2227788278162479,-0.2501250999033451,0.0521022342145442,0.0392488949000835,0.1590588539838791,0.2701467281907797,-0.1341232237637042,-0.0244978969186544,0.2701467281907797,-0.1341232237637042,-0.0244978969186544,-0.1253892976880073,-0.1187169803172349,0.199355136000365,0.2338586449623108,-0.0801976174116134,-0.0320188887417316
1774472419387315700,113.72331567382813,0.0266425077319145,-0.2573969906024634,-0.1345066701233387,0.0386175811290741,0.0420042015612125,0.1463856697082519,0.157074475762248,-0.1857698243707418,-0.0664227294564247,0.157074475762248,-0.1857698243707418,-0.0664227294564247,-0.0800163705229759,-0.1021791024923324,0.2884327648572624,0.2434995621442794,-0.1247251406311988,-0.0296044684946537
1774472419397344000,113.73334399414064,-0.0022790508478879,-0.2431834640718996,0.0019476269364356,0.0258200000971555,0.039672028273344,0.1245621591806411,0.0882302182473242,-0.1725853486269712,-0.1420417418032884,0.0882302182473242,-0.1725853486269712,-0.1420417418032884,-0.0660045040443539,-0.1321627373456954,0.3215989752694964,0.2478809952735901,-0.1506296843290329,-0.0261693522334098
1774472419407371800,113.74337182617188,-0.0533034279033541,-0.226718359222263,0.1182400104552507,0.0151069015264511,0.031614102423191,0.0942159816622734,0.0320690628252923,-0.0782400085002183,-0.2168658043801784,0.0320690628252923,-0.0782400085002183,-0.2168658043801784,-0.0622644407331943,-0.1663198584914207,0.3138835785865783,0.2420827597379684,-0.1516872197389602,-0.0205788444727659
1774472419417399000,113.75339892578126,-0.0800032187804579,-0.1858826370954513,0.2098445274412632,0.0038747303187847,0.0237718019634485,0.070565640926361,0.0189184893511235,0.0462473719120025,-0.2826514049768447,0.0189184893511235,0.0462473719120025,-0.2826514049768447,-0.0718947311267256,-0.1624871484607458,0.229608381575346,0.2235894799232483,-0.1387727111577987,-0.0157710276544094
1774472419427426800,113.7634267578125,-0.0708513595536351,-0.1657866283975541,0.2590443194180727,0.0029977513477206,0.0164979100227355,0.0495069585740566,0.0447591791808605,0.1484901872903108,-0.2723842779844999,0.0447591791808605,0.1484901872903108,-0.2723842779844999,-0.1096162667557597,-0.1657400127768516,0.1502161343000829,0.20278300344944,-0.1226837635040283,-0.0145030971616506
1774472419437454800,113.77345483398436,-0.0354176426008343,-0.1997540721900761,0.2779997797787189,-0.0011883673723787,0.0081079471856355,0.0256864055991172,0.1099846616767346,0.2182967139661312,-0.212636788508296,0.1099846616767346,0.2182967139661312,-0.212636788508296,-0.1164627716496586,-0.1515489903390407,0.1228922201752662,0.1880882382392883,-0.1147808954119682,-0.0130302850157022
1774472419447483000,113.78348291015624,-0.0342205417707562,-0.2212311599828302,0.2653068869441747,0.001708086580038,0.0006617489270865,0.0036953529343008,0.2085280380152165,0.2341898641467094,-0.1455266613095998,0.2085280380152165,0.2341898641467094,-0.1455266613095998,-0.1233914018690586,-0.1313181032150983,0.1240688627392053,0.1767556816339492,-0.1073549389839172,-0.0121546369045972
1774472419457510700,113.7935107421875,-0.0840250216424465,-0.23517712161839,0.269030875903368,0.0022214474156498,-0.0186396837234497,-0.0238739643245935,0.242832166416198,0.1667944902658462,-0.0909989523082971,0.242832166416198,0.1667944902658462,-0.0909989523082971,-0.1074362923681735,-0.0809089354485273,0.1392259537301957,0.1791250258684158,-0.1059316918253898,-0.012589449994266
1774472419467538000,113.80353784179688,-0.147747552229464,-0.210411805935204,0.2643260592132807,-0.0016015202272683,-0.0342727042734622,-0.0467358715832233,0.2464597092635929,0.0597147562503814,-0.0882335792481899,0.2464597092635929,0.0597147562503814,-0.0882335792481899,-0.1021861167550086,-0.0700303985595703,0.1924609925724565,0.1888146698474884,-0.1040637493133544,-0.0109500093385577
1774472419477565700,113.81356567382812,-0.1547463250756263,-0.1625124290324747,0.2448001054883003,-0.0023149875923991,-0.0417957417666912,-0.0698040500283241,0.2410930676639079,-0.0504763877838849,-0.0739835200995206,0.2410930676639079,-0.0504763877838849,-0.0739835200995206,-0.1000949896946549,-0.0579611905813217,0.2208605731047689,0.1967747509479522,-0.0942098870873451,-0.0090643856674432
1774472419487594000,113.82359399414062,-0.1105018174186348,-0.1474972307302057,0.2018283942461013,-0.0026313711423426,-0.0500890910625457,-0.0823137164115905,0.2168921078652143,-0.0851578250646591,-0.0763145933955907,0.2168921078652143,-0.0851578250646591,-0.0763145933955907,-0.1095676053084433,-0.0329272870898246,0.2359665184304118,0.1995340436697006,-0.082196906208992,-0.0043599111959338
1774472419497621800,113.83362182617188,-0.0541173746347427,-0.1546042862564325,0.1636480089336633,-0.000210802652873,-0.0620801635086536,-0.0921163484454155,0.1702859856434166,-0.0893757350206375,-0.1066688151270151,0.1702859856434166,-0.0893757350206375,-0.1066688151270151,-0.1437827402517199,-0.0350432563304901,0.2450190089359879,0.1949125826358795,-0.0720419436693191,-0.0026757433079183
1774472419507649800,113.84364990234376,-0.0558545736908912,-0.1764700811058282,0.1025999582529068,0.0085384808480739,-0.0681718736886978,-0.1077616214752197,0.1230985564023256,-0.0691536157250404,-0.1553974824607372,0.1230985564023256,-0.0691536157250404,-0.1553974824607372,-0.186060331749916,-0.1006739586263895,0.2332654427781701,0.1879300475120544,-0.0589559674263,0.0015136753208935
1774472419517676800,113.8536767578125,-0.0971422773689031,-0.1621421344153583,0.0328735110759735,0.0109047815203666,-0.0621185414493083,-0.1265731751918792,0.1001524189703166,-0.0386047482043504,-0.1538373935371637,0.1001524189703166,-0.0386047482043504,-0.1538373935371637,-0.22264438778162,-0.1386824945032596,0.2188257062762975,0.1803376227617263,-0.0445435903966426,0.0006965859793126
1774472419527704800,113.86370483398436,-0.0840267752081155,-0.1267269760325551,-0.0245908358991146,0.0104906596243381,-0.053789772093296,-0.1435044854879379,0.1018522086255252,0.0320861600905656,-0.1249772097557783,0.1018522086255252,0.0320861600905656,-0.1249772097557783,-0.2604781516134739,-0.1529459976553916,0.1923699532881379,0.1669427305459976,-0.0198616795241832,-0.0003348561003804
1774472419537732900,113.87373291015624,-0.0473258147984743,-0.0658360156096518,-0.0830061999887228,0.0072223804891109,-0.0437429510056972,-0.1524689495563507,0.1062725092858076,0.0508557424902915,-0.1233802959531545,0.1062725092858076,0.0508557424902915,-0.1233802959531545,-0.2734451852142811,-0.1714005227565765,0.1718754467919468,0.1564438641071319,-0.0023242831230163,-0.0043314401991665
1774472419547760600,113.8837607421875,-0.0132341601043939,0.000420417369157,-0.1075637181401252,-0.0049772937782108,-0.0305816084146499,-0.1566996574401855,0.1079405886285007,0.0238566764056682,-0.1070440781801938,0.1079405886285007,0.0238566764056682,-0.1070440781801938,-0.2862031061090528,-0.1453898831874132,0.1685477636739611,0.1463267803192138,0.001485635060817,-0.0080340337008237
1774472419557789000,113.89378881835935,0.0259995336532592,0.0435369439095258,-0.1169610765606164,-0.0168334767222404,-0.0228566713631153,-0.1518682986497879,0.1063999350577592,0.0102618662953376,-0.0715045627653598,0.1063999350577592,0.0102618662953376,-0.0715045627653598,-0.2747673737287521,-0.1185246726155281,0.1760615003049373,0.1395804584026336,0.0024353181943297,-0.0087128728628158
1774472419567817200,113.90381713867188,0.0402145214885473,0.0655877399370074,-0.1133919859021902,-0.0238021705299615,-0.0135039137676358,-0.1416686624288559,0.0684253014504909,0.0001613280415534,-0.065541854968667,0.0684253014504909,0.0001613280415534,-0.065541854968667,-0.277979029251635,-0.1131996782004833,0.2143333632931113,0.1355588734149933,0.0006381175480782,-0.0108189256861805
1774472419577844500,113.91384448242188,0.0317126506030559,0.0580588057368993,-0.0873842689424753,-0.0281820986419916,-0.0116252396255731,-0.1344985961914062,0.0458311923265457,-0.0724555798798799,-0.0946814402133226,0.0458311923265457,-0.0724555798798799,-0.0946814402133226,-0.2693281052842736,-0.1125420910745859,0.2449465282216668,0.1309349089860916,-0.0002727396786212,-0.0125181023031473
1774472419587872300,113.92387231445312,0.0189426008790731,0.0454154511325061,-0.0413923330962657,-0.0316439419984817,-0.0131131466478109,-0.1307438015937805,0.0355738560758531,-0.1818570348411798,-0.1589087054520845,0.0355738560758531,-0.1818570348411798,-0.1589087054520845,-0.2732546310782432,-0.1175467674940824,0.2310924826532602,0.1246402487158775,-0.0088001815602183,-0.0178036782890558
1774472419597900300,113.933900390625,-0.0169160634875297,0.0562989564575254,0.0287532162755727,-0.0345183387398719,-0.0110576730221509,-0.1287280470132827,0.0557129732631146,-0.3115045744955539,-0.2085270151019096,0.0557129732631146,-0.3115045744955539,-0.2085270151019096,-0.2596180276528,-0.1385077224582433,0.2000160841271281,0.1134792640805244,-0.0226813796907663,-0.0263919085264205
1774472419607928300,113.94392822265624,-0.0356909065842628,0.0818628751724958,0.1033884782820939,-0.0391391888260841,-0.0163744073361158,-0.1397269070148468,0.0790969175904989,-0.3721230015873908,-0.2342027236282825,0.0790969175904989,-0.3721230015873908,-0.2342027236282825,-0.2654188228860497,-0.2016770030766725,0.2027262198686599,0.1038274317979812,-0.0463608801364898,-0.0362336225807666
1774472419617956400,113.95395629882812,-0.0431996747791767,0.1026475967869162,0.1600327410459518,-0.0394677780568599,-0.0228878743946552,-0.145966574549675,0.07710384407714,-0.351857627671957,-0.2586620421022176,0.07710384407714,-0.351857627671957,-0.2586620421022176,-0.217137022536993,-0.3091635643273592,0.2126698139950633,0.0923315808176994,-0.0843239724636077,-0.0408847630023956
1774472419627983400,113.9639833984375,-0.0479372246950864,0.0998550434589385,0.2237292604088783,-0.0360506772994995,-0.0391446091234684,-0.1461364924907684,0.0525052632629871,-0.2334592117846012,-0.3376981694161892,0.0525052632629871,-0.2334592117846012,-0.3376981694161892,-0.1837983781673014,-0.3962923972040414,0.2043012141004204,0.0871607884764671,-0.1140525713562965,-0.0459580831229686
1774472419638011100,113.97401123046876,-0.0473114940121769,0.0722194330364465,0.2590180159330368,-0.0346142351627349,-0.055362369865179,-0.1455026566982269,0.0111577922217547,-0.1250268941164016,-0.3996908074706792,0.0111577922217547,-0.1250268941164016,-0.3996908074706792,-0.1551937765821814,-0.4598194052189588,0.1927098527669906,0.0861896723508834,-0.1328459233045578,-0.0458156280219554
1774472419648039400,113.98403930664062,-0.0441430931091308,0.037381197758764,0.2738391529679298,-0.0312466658651828,-0.0718294978141784,-0.1443484425544738,-0.0173281514197587,-0.0409118561029434,-0.4079167840242386,-0.0173281514197587,-0.0409118561029434,-0.4079167840242386,-0.112594113522768,-0.446521532228589,0.1406371357023716,0.0802345797419548,-0.1267494112253189,-0.0475445501506328
1774472419658067200,113.99406713867188,-0.0380713719800114,0.0219078804254531,0.2345055059671401,-0.0274194702506065,-0.0837001428008079,-0.1331217288970947,0.028699586392194,0.0494973136186599,-0.3899024039059877,0.028699586392194,0.0494973136186599,-0.3899024039059877,-0.0740995476946234,-0.3787853820860385,0.0754150142073631,0.0679633244872093,-0.1114142760634422,-0.0512109622359275
1774472419668095200,114.00409521484374,-0.0286740135595202,0.0076719959326088,0.1848299131721258,-0.0247768145054578,-0.0918057411909103,-0.123428888618946,0.1339345693238079,0.1678033750474452,-0.3131260382175445,0.1339345693238079,0.1678033750474452,-0.3131260382175445,-0.0106581721365451,-0.2940343842566013,0.0537023640930652,0.057190041989088,-0.097553052008152,-0.0520922020077705
1774472419678122200,114.01412231445312,-0.0155079502552747,-0.0169964352473616,0.1154150161623954,-0.0270956326276063,-0.093929223716259,-0.1157750636339187,0.2262356902718544,0.3086965313374996,-0.2353928101956844,0.2262356902718544,0.3086965313374996,-0.2353928101956844,0.0611256459616124,-0.2433446459829807,0.0628206133112311,0.0538318082690238,-0.0919475257396698,-0.0541517622768878
1774472419688150300,114.024150390625,-0.0249503168612718,-0.0712635936163365,0.0752151077210903,-0.0245685596019029,-0.0899501964449882,-0.1137609034776687,0.2802386447466909,0.4008914154320955,-0.1748246519863605,0.2802386447466909,0.4008914154320955,-0.1748246519863605,0.1715384699225425,-0.1657271532952785,0.1041924881413579,0.0574110969901084,-0.0908942446112632,-0.0472922585904598
1774472419698178300,114.03417822265624,-0.0686167323693633,0.0343798239856958,0.0103086280465126,-0.0298259668052196,-0.083256758749485,-0.1177858114242553,0.2759013461947441,0.4544610930562019,-0.1034849243938922,0.2759013461947441,0.4544610930562019,-0.1034849243938922,0.257187147244066,-0.0460609094291925,0.1879065441384911,0.0739130303263664,-0.0814881846308708,-0.0393002033233642
1774472419708206000,114.0442060546875,-0.090760467377305,0.0695792937912046,0.0322539178729057,-0.0297095868736505,-0.0814583301544189,-0.1190801113843917,0.186703890350461,0.4507423647940158,-0.0589630611002445,0.186703890350461,0.4507423647940158,-0.0589630611002445,0.2820774044811725,0.0645388154059648,0.261699510101974,0.0903969332575798,-0.0633784234523773,-0.0218040347099304
1774472419718234400,114.054234375,-0.1142678919538855,0.0675292293936014,0.0365676894187927,-0.0112678855657577,-0.0762879401445388,-0.1051522940397262,0.0829027396142482,0.4108089983344077,-0.0453542224645614,0.0829027396142482,0.4108089983344077,-0.0453542224645614,0.296946180050075,0.1328933897078037,0.2902686019822955,0.103771299123764,-0.0353377796709537,-0.0012648818083107
1774472419728261000,114.06426123046874,-0.0560281766921281,-0.0460930581331253,-0.0736865829795598,-0.0078353369608521,-0.0792568325996398,-0.1051959693431854,-0.0386572090439498,0.3846422914206981,-0.0189385092258453,-0.0386572090439498,0.3846422914206981,-0.0189385092258453,0.279989492291212,0.2199099943816661,0.2880032873988151,0.1035353392362594,0.0070056831464171,0.0142677389085292
1774472419738289400,114.07428930664062,-0.1109749878883361,-0.2620662975877523,0.0364086994647979,0.0110448831692337,-0.0746076256036758,-0.1043532043695449,-0.0399754520356655,0.3119610860913991,-0.0245779764175415,-0.0399754520356655,0.3119610860913991,-0.0245779764175415,0.2287291145227849,0.249252408722043,0.2661030057579279,0.0979141741991043,0.058119673281908,0.028683315962553
1774472419748317200,114.08431713867188,-0.161876907607913,-0.1890424163006246,-0.082035893651843,0.0113111995160579,-0.0710839927196502,-0.1212179362773895,-0.0103850542835891,0.1722749675035476,-0.0074053078204393,-0.0103850542835891,0.1722749675035476,-0.0074053078204393,0.1480336756944656,0.2711976985484362,0.2776259780302643,0.0810425132513046,0.1050160825252533,0.0374142229557037
1774472419758345500,114.09434545898438,-0.1905751788258552,-0.3198733205206692,0.0406739556938409,-0.0005525010637938,-0.0690109804272651,-0.1346100568771362,0.0008580781340599,0.0572398905694484,0.0659293929815292,0.0008580781340599,0.0572398905694484,0.0659293929815292,0.0623145634852349,0.2412520576179027,0.2866752536654472,0.0655511766672134,0.1378954648971557,0.0402294471859931
1774472419768373200,114.10437329101562,-0.2269815402030944,-0.2864512356512248,0.1494938113749027,-0.013717571273446,-0.0729886814951896,-0.1514060795307159,0.0401018548943102,-0.0447895743191242,0.1360001235514879,0.0401018548943102,-0.0447895743191242,0.1360001235514879,-0.0082104867234826,0.1687415326803922,0.3109235597372055,0.0502686202526092,0.1546936184167862,0.0407655462622642
1774472419778401300,114.1144013671875,-0.2153121451973915,-0.0867550311282277,0.2120183643490076,-0.0321449302136898,-0.0700562745332717,-0.1681180745363235,0.0794762722969055,-0.1650122830241918,0.1891542061120271,0.0794762722969055,-0.1650122830241918,0.1891542061120271,-0.0656698652625083,0.0979734674960374,0.3599289981856942,0.0407734736800193,0.1452820599079132,0.0380957722663879
1774472419788428300,114.12442822265623,-0.1421627378344535,0.1085237953439354,0.2952624647468328,-0.0492099337279796,-0.0518003068864345,-0.1794442236423492,0.0769433928184211,-0.2549702018469572,0.2034247235268354,0.0769433928184211,-0.2549702018469572,0.2034247235268354,-0.1268260524928569,0.0054155953079462,0.3815601074963808,0.0422954708337783,0.1312655806541443,0.0270053036510944
1774472419798456300,114.13445629882813,0.0114180505931377,0.1595947880201041,0.3628080607533455,-0.0566559880971908,-0.0400356575846672,-0.1732438951730728,0.0828331815093755,-0.2926069818019867,0.1430623170226812,0.0828331815093755,-0.2926069818019867,0.1430623170226812,-0.158744600931555,-0.0515390485793352,0.3873313843742013,0.0382377840578556,0.1082959175109863,0.0119034089148044
1774472419808484400,114.144484375,0.1765560058236122,0.1543558644533157,0.3138759798020124,-0.0541502200067043,-0.0450804829597473,-0.1529058665037155,0.1297888478212058,-0.3400514545440674,0.0822778857141733,0.1297888478212058,-0.3400514545440674,0.0822778857141733,-0.203218387299776,-0.1564882003068924,0.359988911679387,0.0345016345381736,0.0681996345520019,0.0012385146692395
1774472419818512100,114.15451220703125,0.2356681200057268,0.0906295344740152,0.218761408868432,-0.0488162711262702,-0.0707748383283615,-0.1165009438991546,0.1515852306962013,-0.384774977889657,0.0584340687900781,0.1515852306962013,-0.384774977889657,0.0584340687900781,-0.2614412975572049,-0.176013569509983,0.3508659862861037,0.0281590186059474,0.0180477257817983,-0.0080022364854812
1774472419828540400,114.16454052734376,0.1980842392817139,-0.0282806303277611,0.1094119763553142,-0.0398379564285278,-0.1097840294241905,-0.0718889981508255,0.1463575591757893,-0.3268623026251793,0.0447474887430667,0.1463575591757893,-0.3268623026251793,0.0447474887430667,-0.2562007665552199,-0.1547182680249214,0.3096668376743793,0.0180222298949956,-0.0299450997263193,-0.0184649974107742
1774472419838567200,114.17456713867188,0.1400505679860711,-0.1063708550937473,-0.0096522099643945,-0.0272045712918043,-0.1479331254959106,-0.0398131348192691,0.1605710857063531,-0.1762345187842846,0.0005886135429143,0.1605710857063531,-0.1762345187842846,0.0005886135429143,-0.2045906985662877,-0.1817769553422927,0.2532040689572691,-0.0006931346142664,-0.0868094339966774,-0.0267259534448385
1774472419848595500,114.18459545898438,0.12119739895612,-0.0832382551789283,-0.1395066703677177,-0.0113499742001295,-0.159705638885498,-0.0292156189680099,0.1643102722346782,-0.0110685065031051,-0.1012836149573326,0.1643102722346782,-0.0110685065031051,-0.1012836149573326,-0.1408066470503807,-0.2211573640942573,0.1647670760914683,-0.0119569739326834,-0.1428822875022888,-0.0316722393035888
1774472419858623200,114.19462329101565,0.0902092632353305,-0.0510891128547489,-0.316015914440155,0.0053342664614319,-0.1363471448421478,-0.040323618799448,0.1106751281589269,0.0977764836192131,-0.231176653805375,0.1106751281589269,0.0977764836192131,-0.231176653805375,-0.0766204444743692,-0.1695119325309991,0.116885380975902,-0.012312495149672,-0.1851337701082229,-0.0295216105878353
1774472419868651300,114.2046513671875,0.0028670798689126,-0.0381860844008624,-0.4251332917630672,0.0118326460942626,-0.0919104367494583,-0.0731739848852157,0.043415363356471,0.1747276213526725,-0.3139689187824726,0.043415363356471,0.1747276213526725,-0.3139689187824726,-0.0129715636454522,-0.1023825161099433,0.1323491998285055,-0.0003027038183063,-0.2070001810789108,-0.0236730445176363
1774472419878679300,114.21467919921876,-0.1525073139771819,0.0433308999434113,-0.3553986612796783,0.0097046568989753,-0.0544084720313549,-0.0971757471561431,-0.0605073679327964,0.2015758807897567,-0.3692886549443006,-0.0605073679327964,0.2015758807897567,-0.3692886549443006,0.0465387560740113,-0.0656862318754196,0.1549208048596978,0.008969216607511,-0.2186891287565231,-0.0111041385680437
1774472419888707300,114.22470727539064,-0.2616372585207224,0.1482825358889997,-0.2259457674145698,0.0039514303207397,-0.0329388678073883,-0.1008037701249122,-0.1270487553328275,0.1841594665646553,-0.3888520180702209,-0.1270487553328275,0.1841594665646553,-0.3888520180702209,0.0916366656899452,-0.0467436309963464,0.1437605284199118,0.0109450155869126,-0.2220327258110046,0.0014119204133749
1774472419898734300,114.234734375,-0.2137079248711466,0.1895819300048053,-0.0478068763136863,-0.0062360554002225,-0.0349317528307437,-0.0778029710054397,-0.1638837173856794,0.1474251884073019,-0.3415501686692238,-0.1638837173856794,0.1474251884073019,-0.3415501686692238,0.1077110176563262,-0.0521866988331079,0.0698123718947172,0.0039586182683706,-0.2116258442401886,0.0134182274341583
1774472419908762000,114.24476220703124,-0.1251408758848905,0.2956580399356782,0.1678834545463323,-0.0118657108396291,-0.0587100535631179,-0.0302634146064519,-0.1410439629375934,0.0653857876241207,-0.2292582529634237,-0.1410439629375934,0.0653857876241207,-0.2292582529634237,0.1048372157856822,-0.057070963743329,-0.0112251583695411,-0.0102386930957436,-0.1730827093124389,0.0255204290151596
1774472419918790400,114.25479028320312,-0.01195464168787,0.4571859879754483,0.3829138601928949,-0.0227082073688507,-0.0896442458033561,0.0242972485721111,-0.082711016434431,-0.0117085579723119,-0.0998041900545358,-0.082711016434431,-0.0117085579723119,-0.0998041900545358,0.0459282229602336,-0.0253881237566471,-0.0554638208076357,-0.0288097895681858,-0.1083017960190773,0.0373252406716346
1774472419928818200,114.26481811523438,0.0784054281949997,0.5311208466276526,0.5254851788282394,-0.022926053032279,-0.118288941681385,0.0664092898368835,-0.0334298297844827,-0.076929510423541,0.0326630831956863,-0.0334298297844827,-0.076929510423541,0.0326630831956863,0.0213068457923829,-0.0222860660880804,-0.065845806351304,-0.0458114072680473,-0.0402415208518505,0.0434140264987945
1774472419938846500,114.27484643554688,0.0650982028543949,0.5349507801793515,0.5343681579858064,-0.0194794125854969,-0.1431638896465301,0.0902679711580276,0.0066344695784151,-0.1469680922895669,0.0998638112872838,0.0066344695784151,-0.1469680922895669,0.0998638112872838,0.0096425653532147,-0.036264907079935,-0.0535074260428547,-0.0597107037901878,0.0201321840286254,0.0508856475353241
1774472419948873200,114.28487329101564,-0.0429436541914939,0.4638113974645733,0.4223275866925716,-0.0115924607962369,-0.1631612926721573,0.0982185751199722,0.022372575327754,-0.1719862136900425,0.1504904211968183,0.022372575327754,-0.1719862136900425,0.1504904211968183,-0.0030737083569169,-0.0389525387287139,-0.0223030172228813,-0.0686488077044487,0.0637664794921875,0.0536657199263572
1774472419958901200,114.2949013671875,-0.1617132414788007,0.3380148341499269,0.301127557387948,-0.0074999779462814,-0.1761583238840103,0.0996577888727188,0.0119043728053569,-0.190804895928502,0.152574241733551,0.0119043728053569,-0.190804895928502,0.152574241733551,-0.0118684247091412,-0.029718846437335,0.0224053085535764,-0.0715781599283218,0.0906384140253067,0.0542669594287872
1774472419968929300,114.30492919921876,-0.2196735552772879,0.240900029309839,0.1962654994219541,-0.0021747210994362,-0.1806811690330505,0.0994567200541496,0.0083091247923672,-0.1677992833942174,0.1309779114753007,0.0083091247923672,-0.1677992833942174,0.1309779114753007,-0.0422914738930761,-0.0112345107197761,0.0912421134144067,-0.0701861307024955,0.1026876270771026,0.0571311898529529
1774472419978957000,114.31495703125,-0.2031535053700208,0.1590830391056835,0.1188128419071435,0.0006655363249592,-0.1772885620594024,0.0958611518144607,-0.0088325641445815,-0.1486830795139074,0.0879641146570444,-0.0088325641445815,-0.1486830795139074,0.0879641146570444,-0.0785879451550543,-0.0065723641276359,0.097295422104001,-0.0639442428946495,0.0925097614526748,0.0528745464980602
1774472419988985300,114.3249853515625,-0.1339759242475032,0.0722789081387221,0.0479582674831151,0.0046991603448987,-0.1638851463794708,0.0873297154903411,-0.0321824600718915,-0.1217360358774661,0.0565671058744192,-0.0321824600718915,-0.1217360358774661,0.0565671058744192,-0.0819157744035124,-0.0027045827835798,0.0489148375555872,-0.0611178316175937,0.0772836729884147,0.0457974597811698
1774472419999012400,114.33501245117188,-0.104330143046379,-0.017612082927674,-0.0501093080371618,0.013239063322544,-0.1512239128351211,0.0772999972105026,-0.037539603190869,-0.12327683557868,0.0148719904392957,-0.037539603190869,-0.12327683557868,0.0148719904392957,-0.0956932476043701,-0.0213595988929271,0.0087777652174234,-0.05924092233181,0.0592052862048149,0.0402942560613155
1774472420009040400,114.34504028320312,-0.1124438913971185,-0.093640845119208,-0.1289993048787117,0.0208828672766685,-0.1440690606832504,0.0666942223906517,-0.0264262346327304,-0.1280944649934768,0.020770400828123,-0.0264262346327304,-0.1280944649934768,0.020770400828123,-0.107763624626398,-0.0233785374999046,-0.0336567704081535,-0.056035540997982,0.0407373309135437,0.0321332663297653
1774472420019068200,114.35506811523436,-0.1186992985300719,-0.1221153905838727,-0.203912214782834,0.0239282716065645,-0.1382810324430465,0.0661914348602294,-0.0077022449404001,-0.1174234333753585,0.0234562789112329,-0.0077022449404001,-0.1174234333753585,0.0234562789112329,-0.1096656588554382,0.0094850367039442,-0.0954310895368456,-0.0595869272947311,0.0216610021889209,0.0269949063658714
1774472420029096400,114.36509643554687,-0.0996644893229007,-0.0943989700101315,-0.2499941670000553,0.0216339565813541,-0.1243862435221672,0.0716644972562789,0.0268769010096788,-0.1018336500555276,0.0026069676280021,0.0268769010096788,-0.1018336500555276,0.0026069676280021,-0.1187397766709327,0.0103472064912319,-0.1717111961409449,-0.0623526237905025,0.0076884608715772,0.0236643552780151
1774472420039124200,114.37512426757812,-0.0278745337449014,-0.0233807294569909,-0.2507721656352281,0.01522849034518,-0.1065787747502327,0.0813342183828353,0.0197365277357399,-0.1075280623048543,0.0049649289309978,0.0197365277357399,-0.1075280623048543,0.0049649289309978,-0.1132730356976389,0.0108574941009283,-0.1979176505431532,-0.0658177211880683,-0.0060506197623908,0.0263413079082965
1774472420049152300,114.38515234375,0.0560616405703127,0.0672073039628565,-0.2218874319344758,0.0052432343363761,-0.0802787318825721,0.086589440703392,0.01527896380499,-0.099154786235094,0.0310655848711729,0.01527896380499,-0.099154786235094,0.0310655848711729,-0.0991863504171371,0.0363514163196086,-0.2119526056364178,-0.0675128251314163,-0.0118967909365892,0.0266076233237981
1774472420059179300,114.39517919921876,0.0793377406090497,0.1317442196726798,-0.1793722322881221,-0.0049646776169538,-0.04909672960639,0.0919681042432785,-0.0121253220796585,-0.0886848301470279,0.0437736752748489,-0.0121253220796585,-0.0886848301470279,0.0437736752748489,-0.0592494768261909,0.0704138449192047,-0.2058870219871401,-0.0693661645054817,-0.0130738113075494,0.0302119702100753
1774472420069207300,114.40520727539062,0.0401911406129598,0.124029261381179,-0.1665425613313913,-0.0079423589631915,-0.0196189992129802,0.0857443064451217,-0.0366715881846845,-0.0686298841118812,0.0293003287643194,-0.0366715881846845,-0.0686298841118812,0.0293003287643194,-0.0556910536922514,0.0984580361425876,-0.2121168562874197,-0.0701214373111724,-0.009313428774476,0.0334066972136497
1774472420079235300,114.4152353515625,-0.0115489834964275,0.0737204852491617,-0.1588099212527275,-0.0071109370328485,0.00825896859169,0.0800337493419647,-0.0594476297467947,-0.0585731849998235,0.0059206222206354,-0.0594476297467947,-0.0585731849998235,0.0059206222206354,-0.0503192975260317,0.0919382789850234,-0.2311915591135621,-0.0723280012607574,-0.0047799842432141,0.0350571759045124
1774472420089263000,114.42526318359376,-0.0526681987397372,0.0247850432969629,-0.1466723242133855,-0.0040206047706305,0.0199220161885023,0.0825211405754089,-0.0600327361583709,-0.0853285054564476,0.0022971710264682,-0.0600327361583709,-0.0853285054564476,0.0022971710264682,-0.0618307254910469,0.10171733019948,-0.227672445076704,-0.0695599094033241,0.0062066200189292,0.0351189598441123
1774472420099291400,114.43529150390626,-0.0770054982692003,-0.0240866857692599,-0.128206108674407,-0.0005995398387312,0.0234228670597076,0.0892825275659561,-0.0228010298728942,-0.1104307980090379,-0.005645312410593,-0.0228010298728942,-0.1104307980090379,-0.005645312410593,-0.073162266844511,0.1167675998151302,-0.2147407750502228,-0.064877949655056,0.0241850353777408,0.031851552426815
1774472420109318100,114.44531811523436,-0.0901508110463619,-0.0475859270393848,-0.1076981581747531,0.0025280765257775,0.027665814384818,0.0960413664579391,0.0338261356256902,-0.1326964058309793,-0.0426771122097969,0.0338261356256902,-0.1326964058309793,-0.0426771122097969,-0.0871694571480155,0.1300274788826703,-0.1998918732255697,-0.0666936933994293,0.0387208350002765,0.031050207093358
1774472420119346400,114.45534643554689,-0.05568433169052,-0.0391191274672746,-0.0741419255316257,0.0073034414090216,0.0319148451089859,0.0994589924812316,0.0789350050270557,-0.1148661501079797,-0.0806435625106096,0.0789350050270557,-0.1148661501079797,-0.0806435625106096,-0.0752381963357329,0.1055377652704715,-0.2449631870955228,-0.0640808418393135,0.0569637045264244,0.0330619439482688
1774472420129374200,114.46537426757811,-0.036167876446247,-0.0094182550780475,-0.0166179573237895,0.0104214698076248,0.0296522229909896,0.0958176553249359,0.064516019052267,-0.0428536378204822,-0.1174707796484231,0.064516019052267,-0.0428536378204822,-0.1174707796484231,-0.07262333766222,0.072106620311737,-0.2751978741005063,-0.0635514035820961,0.0805856734514236,0.0415654182434082
1774472420139402500,114.47540258789064,-0.0440466469973325,0.0127270873650908,0.0388216058254241,0.0124696744605898,0.0229804553091526,0.0900261253118515,0.0300036547280848,0.0599912351042032,-0.1740413926541805,0.0300036547280848,0.0599912351042032,-0.1740413926541805,-0.0337644685663282,0.0356669411867857,-0.3230351455524564,-0.0607048161327838,0.1132782697677612,0.0560160353779792
1774472420149430300,114.48543017578125,-0.0737897510930895,0.0334575945742428,0.0894780263513326,0.0128153525292873,0.0175103228539228,0.0785146206617355,-0.0139835171669721,0.130408587154746,-0.2154904243737459,-0.0139835171669721,0.130408587154746,-0.2154904243737459,-0.0420338458701968,0.0361322206109762,-0.3603025076732039,-0.0519217103719711,0.1499534547328949,0.0651935562491417
1774472420159458300,114.49545825195312,-0.1112912142306566,0.0297292217008769,0.10130699583292,0.0100817922502756,0.0119836162775754,0.0697814971208572,-0.0493577590174972,0.1606722079932689,-0.2184288159132003,-0.0493577590174972,0.1606722079932689,-0.2184288159132003,-0.0026303485035896,0.0675666387945413,-0.380177713227272,-0.0398008674383163,0.184216096997261,0.0760620832443237
1774472420169485300,114.5054853515625,-0.1162041207134723,0.0012450316250324,0.1091799211651086,0.0131143340840935,0.0139924390241503,0.0589821115136146,-0.0682756638467311,0.1630599799126386,-0.1895592797815799,-0.0682756638467311,0.1630599799126386,-0.1895592797815799,-0.0053951370418071,0.0615583382904529,-0.3808513747051358,-0.0265628267079591,0.2166547328233719,0.0780642479658126
1774472420179513300,114.51551342773438,-0.1214239011883735,-0.031861703684926,0.1098684879511594,0.0093204164877533,0.0075283627957105,0.0533445067703723,-0.0399849505163729,0.1457014333546161,-0.1572504168510436,-0.0399849505163729,0.1457014333546161,-0.1572504168510436,0.0013420622587203,0.0220288764566183,-0.3448252448171377,-0.0057813404127955,0.240022525191307,0.0834678709506988
1774472420189541400,114.52554125976565,-0.116292383518815,-0.0313533157713711,0.1079173538833856,0.0083100134506821,0.0064039761200547,0.0521093308925628,0.0284387434989213,0.0806312875509262,-0.145912445756793,0.0284387434989213,0.0806312875509262,-0.145912445756793,-0.0132769763328135,0.0102203652411699,-0.284903860078752,0.0166129153221845,0.246875911951065,0.0744834318757057
1774472420199569200,114.53556909179687,-0.1134630053117871,-0.0122708680301904,0.108867786476016,-8.43174057081e-05,-0.0007650791667401,0.0495576411485672,0.1079939262509346,-0.0013081599891185,-0.1201449672937393,0.1079939262509346,-0.0013081599891185,-0.1201449672937393,-0.0165678345717489,0.0028074586361646,-0.2285468898236751,0.0374947972595691,0.2642746567726135,0.0739044100046157
1774472420209597400,114.54559741210936,-0.1124251866966486,0.015801234113425,0.0956926630824804,-0.0055794841609895,-0.0025573866441845,0.0406871847808361,0.1281079089969396,-0.0430938763171434,-0.0554354714959859,0.1281079089969396,-0.0430938763171434,-0.0554354714959859,-0.0882742035195231,-0.021855857977271,-0.1986959414392709,0.0527792125940322,0.2801761329174042,0.0621217861771583
1774472420219624200,114.55562426757812,-0.1342348674446344,0.04330065093562,0.0742436323404312,-0.0110489008948206,-0.0078485272824764,0.0336612872779369,0.1239776773244142,-0.0700800829201936,0.0080593878149986,0.1239776773244142,-0.0700800829201936,0.0080593878149986,-0.0452294270411133,-0.0900596256315708,-0.1412508836865425,0.0743502601981163,0.2859371304512024,0.0564859211444854
1774472420229652200,114.56565234375,-0.1442242004089057,0.0357699631698429,0.0605097060203552,-0.0131426779553294,-0.0119703020900487,0.0266044437885284,0.0886534120954573,-0.095642978721857,0.0466653050631284,0.0886534120954573,-0.095642978721857,0.0466653050631284,-0.0751008336916565,-0.0913321297854185,-0.0573512419894337,0.0905675813555717,0.2808885872364044,0.0498764812946319
1774472420239680300,114.57568017578124,-0.1523860256850719,0.021988252185285,0.0504307950764894,-0.0171072091907262,-0.0190463308244943,0.0200260616838932,0.0552421408809721,-0.0820487531334161,0.0469172339975833,0.0552421408809721,-0.0820487531334161,0.0469172339975833,-0.0829167681396007,-0.0603922171205282,0.0269923440828919,0.0993258282542228,0.2821410000324249,0.0466183274984359
1774472420249708300,114.58570825195312,-0.1321199211172759,0.0258968039311468,0.0703022012382745,-0.0131148649379611,-0.0295234713703393,0.0187991429120302,0.027646716338396,-0.0633680180609226,-0.0050350715577602,0.027646716338396,-0.0633680180609226,-0.0050350715577602,-0.1227656711861491,-0.0618868395924568,0.0900607946753501,0.1098069623112678,0.2958536148071289,0.0468164645135402
1774472420259736300,114.595736328125,-0.0995911318257451,0.0225322959341108,0.097530399903655,-0.0148693891242146,-0.0365798771381378,0.0197111107409,-0.0628957243740558,-0.0178892924338579,-0.0467044680297374,-0.0628957243740558,-0.0178892924338579,-0.0467044680297374,-0.1615408075213432,-0.0542833788514137,0.153450732307136,0.1215415894985199,0.3146447837352752,0.0483253560960292
1774472420269763300,114.60576342773436,-0.0850922124825418,0.031011224335432,0.106892687010765,-0.0169045776128768,-0.0387237221002578,0.0245593935251235,-0.15851137669757,0.0734404992640018,-0.074415481775999,-0.15851137669757,0.0734404992640018,-0.074415481775999,-0.1770084257662296,-0.0317290172159671,0.1412733877792954,0.1284173429012298,0.3260921239852905,0.0393659472465515
1774472420279791400,114.61579125976564,-0.0711225777104496,0.0695741792246699,0.1282791739106178,-0.0130900125950574,-0.0387242622673511,0.0244594160467386,-0.2688924903459846,0.1102209546506404,-0.1132458554297685,-0.2688924903459846,0.1102209546506404,-0.1132458554297685,-0.1269865037515759,-0.0759913527905941,0.1058770802274346,0.1277846395969391,0.3233539462089538,0.0268211867660284
1774472420289819100,114.62581909179688,-0.0613502484977245,0.0937087957888841,0.114395609986782,-0.013723311945796,-0.0393889844417572,0.0253909919410944,-0.3387653602562844,0.1491068578839302,-0.1506611015886068,-0.3387653602562844,0.1491068578839302,-0.1506611015886068,-0.0809051360562443,-0.1199742869019508,0.0953431189924478,0.1302123665809631,0.3090013861656189,0.0117985615506768
1774472420299847400,114.63584741210936,-0.0613502484977245,0.102509941881895,0.0889233150780201,-0.0030793584883213,-0.0378679297864437,0.0223686322569847,-0.3244482272207736,0.1733095712482929,-0.1791775864988565,-0.3244482272207736,0.1733095712482929,-0.1791775864988565,-0.0579541763186454,-0.0956581762909889,0.086308748665452,0.139495775103569,0.3025994002819061,-0.001565481070429
1774472420309875200,114.64587524414064,-0.0802528096273541,0.0857403011277317,0.0613262831002473,0.0015931575326249,-0.0357461869716644,0.0194604601711034,-0.2219919152222573,0.1306073245972394,-0.1563420698344707,-0.2219919152222573,0.1306073245972394,-0.1563420698344707,-0.0651730216562748,-0.070413260397315,0.0795177733510732,0.1568830162286758,0.2961812019348144,-0.0201069414615631
1774472420319903500,114.65590356445313,-0.0785099114827811,0.0744749568782746,0.0482785854786634,0.0051494436338543,-0.0353965684771537,0.0170890726149082,-0.0925339067906141,0.0369464596033096,-0.1383493170261382,-0.0925339067906141,0.0369464596033096,-0.1383493170261382,0.0079984514079988,-0.0582815085768699,0.0611047493040561,0.176129400730133,0.2833819985389709,-0.0347227491438388
1774472420329930200,114.66593017578126,-0.0528879789702594,0.0609331921294331,0.0532762476354837,0.0077481558546423,-0.0332687012851238,0.0160182155668735,0.0244639946490526,0.0586667085021734,-0.1096983920812606,0.0244639946490526,0.0586667085021734,-0.1096983920812606,0.0755631905063986,-0.0544353545427322,0.0207917358770966,0.1980860978364944,0.2924543023109436,-0.0433130413293838
1774472420339958300,114.67595825195312,-0.0367389543324708,0.0274729672066867,0.0503840333253145,0.0114226303994655,-0.0304751917719841,0.0175096001476049,0.1069884024702012,0.1684936953991651,-0.0620668723344802,0.1069884024702012,0.1684936953991651,-0.0620668723344802,0.0589759205818176,-0.0864788445353507,-0.060666650147736,0.2219623327255249,0.3322003781795501,-0.0532428361475467
1774472420349986300,114.685986328125,-0.0326309344917535,0.0273896728374063,0.0149169986248016,0.0113310180604457,-0.0320320762693882,0.0179205257445573,0.1484406490601599,0.226987969943881,4.96843606233e-05,0.1484406490601599,0.226987969943881,4.96843606233e-05,0.1065289682649076,-0.0982592987000942,-0.2427832127079367,0.2475683689117431,0.4066839516162872,-0.0600932836532592
1774472420360014000,114.69601416015624,-0.0146276602894067,0.0233212543547153,-0.0251239198625087,0.0121122105047106,-0.0334466397762298,0.0273844320327043,0.1114567800559103,0.189445298013091,-0.0111222825169563,0.1114567800559103,0.189445298013091,-0.0111222825169563,0.1662976466596126,-0.0553957240074872,-0.413421518920362,0.295030415058136,0.5191267132759094,-0.0563980191946029
1774472420370042400,114.70604248046877,-0.0060373804681003,0.0468440226309001,-0.0780465317547321,0.0136991878971457,-0.0332034938037395,0.0324769243597984,0.0458878909498453,0.1182405949771404,-0.0934527752012014,0.0458878909498453,0.1182405949771404,-0.0934527752012014,0.2318424242377281,-0.0055675709992647,-0.406698055884242,0.358572393655777,0.6418108344078064,-0.049091637134552
1774472420380069400,114.7160693359375,-0.0078587506763637,0.0729357646122574,-0.1122176814258098,0.0145064853131771,-0.0299214962869882,0.0436930619180202,-0.0241243874311447,0.1128781911611556,-0.1966290720373392,-0.0241243874311447,0.1128781911611556,-0.1966290720373392,0.3046469636857509,0.0096001875162124,-0.3205354376912117,0.4152770638465881,0.7513142824172974,-0.0456181690096855
1774472420390097400,114.72609741210935,-0.0105845223784446,0.0841883955106139,-0.1090828905314207,0.0164170376956462,-0.0209072288125753,0.0567649230360984,-0.1343364281229674,0.0879343040406703,-0.2918260605573654,-0.1343364281229674,0.0879343040406703,-0.2918260605573654,0.3622935353599488,0.0136380647301673,-0.295206058384478,0.4730604588985443,0.8258537650108337,-0.0460261702537536
1774472420400125200,114.73612524414062,-0.0164426007568836,0.08249372042194,-0.0801934806555509,0.024544533342123,-0.0114380661398172,0.0680979117751121,-0.1934749919205904,0.0421048652797937,-0.3691618136942386,-0.1934749919205904,0.0421048652797937,-0.3691618136942386,0.3987748616695404,0.0584843376725912,-0.2968494416773319,0.5355590581893921,0.8728780150413513,-0.0403795391321182
1774472420410153500,114.74615356445312,-0.0420025739490985,0.1045794416323304,-0.0592038841187953,0.024357046931982,-0.0058092083781957,0.0796600207686424,-0.1904763946264982,0.0114057756334543,-0.4290039957165718,-0.1904763946264982,0.0114057756334543,-0.4290039957165718,0.417314580836147,0.0863075796216726,-0.2861170352607965,0.5866928100585938,0.9238207936286926,-0.0304819010198116
1774472420420181200,114.75618115234376,-0.066138651818037,0.1497116919092833,-0.026960487639904,0.0242296233773231,-0.0004504527896642,0.0944657921791076,-0.0277098447024822,-0.0133504799604415,-0.4067413105040788,-0.0277098447024822,-0.0133504799604415,-0.4067413105040788,0.3782977446995675,0.0959106897473335,-0.3547209081485867,0.6206193566322327,1.0152298212051392,-0.0076141329482197
1774472420430209300,114.76620922851562,-0.0839917038947343,0.2100115545712411,-0.0034708909809589,0.0251635946333408,0.0039176638238132,0.1132575869560241,0.170014767486602,0.0292085588276386,-0.2518769120067358,0.170014767486602,0.0292085588276386,-0.2518769120067358,0.208196175712347,0.0899848068296909,-0.6354501128911971,0.6370459794998169,1.1531349420547483,0.013512191362679
1774472420440236300,114.776236328125,-0.0894721811324358,0.2493174367822706,0.0080097034543752,0.0222455542534589,0.0019303413573652,0.1271364837884903,0.3487235674299299,0.0358709393262863,-0.0538601850032806,0.3487235674299299,0.0358709393262863,-0.0538601850032806,0.1122081829451024,0.0603606529384851,-1.0503405353203414,0.638416588306427,1.3087607622146606,0.0142922094091773
1774472420450264300,114.78626440429689,-0.1178071719959378,0.249064923325926,0.0400870957165956,0.0204095710068941,0.0053066969849169,0.1349890679121017,0.3569757013380527,-0.043493689289689,0.0500046786189079,0.3569757013380527,-0.043493689289689,0.0500046786189079,0.1386076757013797,-0.0076151511788368,-1.4276052837103606,0.6455525755882263,1.4575291872024536,-0.0017128558829426
1774472420460292400,114.79629223632811,-0.1322305418848991,0.2005760560974478,0.077809800389409,0.0185609143227338,0.013834785670042,0.1455738395452499,0.2261861520417034,-0.1624240200966596,0.0768219583958387,0.2261861520417034,-0.1624240200966596,0.0768219583958387,0.2496362934730946,-0.0779389797270297,-1.5354700306236744,0.6717993021011353,1.5634008646011353,-0.0141925252974033
1774472420470320000,114.80632006835935,-0.1472995162010192,0.0976266998849809,0.1104629467129707,0.0205660071223974,0.0167842376977205,0.1439000368118286,0.1193120236009359,-0.280556478524208,0.0594452916592359,0.1193120236009359,-0.280556478524208,0.0594452916592359,0.2388414893448352,-0.1094604916721582,-1.354113346520066,0.7150521874427795,1.590631127357483,0.0021459679119288
1774472420480348400,114.81634838867188,-0.1929043524257838,-0.0204556357905268,0.1256353814035654,0.0289517119526863,0.0343718603253364,0.1263689547777176,0.0087390406422317,-0.3568155423402786,0.0500064321845769,0.0087390406422317,-0.3568155423402786,0.0500064321845769,0.1542344300307333,-0.0164478614538908,-0.9395829895749688,0.8060214519500732,1.6100966930389404,0.0244264584034681
1774472420490375200,114.82637524414062,-0.2020112034671008,-0.1468286838188767,0.0965758756577968,0.038929246366024,0.055003635585308,0.0966994762420654,-0.2292190899968147,-0.3246253373533487,0.0608855535954236,-0.2292190899968147,-0.3246253373533487,0.0608855535954236,0.1888696900822222,0.1280412735015153,-0.4002537020504474,0.8907925486564636,1.6681647300720217,0.0523180104792118
1774472420500403200,114.8364033203125,-0.1758995877414941,-0.2477262220680713,0.0606581745803356,0.0438845381140708,0.0640957131981849,0.0712612345814704,-0.3176047910667955,-0.2544844641566276,-0.0271288299441337,-0.3176047910667955,-0.2544844641566276,-0.0271288299441337,0.1235854631364345,0.1128454579353332,-0.2413990648731589,0.9363846778869628,1.7791725397109983,0.0618896335363388
1774472420510431200,114.84643115234375,-0.156929952725023,-0.2763496744841337,0.0385357746213674,0.0437612347304821,0.0476610772311687,0.0526505336165428,-0.159657477992773,-0.1792331160783767,-0.1511713891983032,-0.159657477992773,-0.1792331160783767,-0.1511713891983032,0.290168283412978,-0.0913952581495046,-0.3676023092925548,0.9529966711997986,1.9335136413574217,0.0567782297730445
1774472420520459300,114.85645922851562,-0.205868609547615,-0.258776170001179,0.034416648864746,0.0405398532748222,0.0046726549044251,0.0443254448473453,-0.05740472574234,-0.0455447766005992,-0.1776274344474077,-0.05740472574234,-0.0455447766005992,-0.1776274344474077,0.305752879101038,-0.2821002008348703,-0.5813499816522002,0.9508509635925292,2.147221565246582,0.0660118907690048
1774472420530487300,114.8664873046875,-0.306149038811773,-0.2254115144073963,0.0360638315498828,0.0340326838195323,-0.0307969227433204,0.0369045473635196,-0.0525841737180948,0.2228992393255233,-0.2126730288654565,-0.0525841737180948,0.2228992393255233,-0.2126730288654565,0.1599041462302207,-0.3317337080538273,-0.7682599159687757,0.9451331496238708,2.3883984088897705,0.0548346042633056
1774472420540515000,114.87651513671877,-0.3359662310570478,-0.160266403671354,0.0348614700227975,0.0257470626384019,-0.0302282087504863,0.0254858639091253,0.0217152804628014,0.4580442122399806,-0.1735240907818079,0.0217152804628014,0.4580442122399806,-0.1735240907818079,0.2513525958716869,-0.3773135559678077,-0.8527335581615567,0.9486825466156006,2.581861019134521,0.0183537118136882
1774472420550542300,114.88654223632813,-0.2320478836819529,-0.117098146943748,-0.0035673370927572,0.0140379415825009,-0.0121868904680013,0.0153797008097171,-0.0321356983207166,0.5817343047946691,-0.2302338199973106,-0.0321356983207166,0.5817343047946691,-0.2302338199973106,0.4169312806069851,-0.5134814373016358,-0.721910252726078,0.983555018901825,2.686269998550415,-0.013883851468563
1774472420560569600,114.89656958007812,-0.1070817798420786,-0.0303290872901678,0.0042664252728223,0.00145270943176,0.0073431725613772,0.012378741055727,0.1008490229323506,0.5499959352284669,-0.3668739950180053,0.1008490229323506,0.5499959352284669,-0.3668739950180053,0.39984563270621,-0.5215513465106487,-0.3883177650630474,1.0350285768508911,2.662650346755981,-0.0603739097714424
1774472420570597600,114.90659765625,-0.0628530542761087,0.0671213792450726,0.0089531217843294,-0.0117011750116944,0.0188882425427436,0.0113070849329233,0.1916841629810631,0.4352835143774747,-0.4754302313268184,0.1916841629810631,0.4352835143774747,-0.4754302313268184,0.4487386968214064,-0.5529360803335904,-0.071474459888041,1.1227140426635742,2.566596746444702,-0.1214809417724609
1774472420580625400,114.91662548828126,-0.0947187034837901,0.1140048571035265,0.0160527246564626,-0.0249127000570297,0.0124574908986687,0.0057001560926437,0.2317103222906589,0.2696218275338411,-0.4562970763117074,0.2317103222906589,0.2696218275338411,-0.4562970763117074,0.4567921298196539,-0.5431500148564576,0.2473912910252809,1.2265716791152954,2.420697927474976,-0.1880741566419601
1774472420590653700,114.92665380859376,-0.196009332703799,0.1358842420868575,0.0862912130087614,-0.03125661611557,-0.0009384755976498,-0.0019971788860857,0.2070800311639904,0.1318400812625885,-0.4603659331858157,0.2070800311639904,0.1318400812625885,-0.4603659331858157,0.3507248607823625,-0.5527385119348764,0.341409883415699,1.3069804906845093,2.2663323879241943,-0.2557650506496429
1774472420600680700,114.9366806640625,-0.3244176859520375,0.1673342962309718,0.1832037732750177,-0.0299137365072965,-0.0198959056288003,-0.0081486385315656,0.1442363292381167,0.0456312858402729,-0.4225836072802543,0.1442363292381167,0.0456312858402729,-0.4225836072802543,0.1741080281496048,-0.6873048032909631,0.2440215223312377,1.3813672065734863,2.097796440124512,-0.3154719471931457
1774472420610708500,114.94670849609376,-0.3942512467652559,0.179766930694133,0.2449164253443479,-0.0278583075851202,-0.0350729934871196,-0.0093420017510652,0.1815637509830296,-0.0007031798332929,-0.3775128779321908,0.1815637509830296,-0.0007031798332929,-0.3775128779321908,-0.0226245042622089,-0.7500643340647221,0.0778209063053131,1.420163869857788,1.8863109350204468,-0.3667671084403991
1774472420620736500,114.95673657226564,-0.4065910883784294,0.1929294868670404,0.2769564082056284,-0.01624396443367,-0.0419746376574039,-0.0076370458118617,0.2643500246107578,-0.0473667313307523,-0.3003840455442667,0.2643500246107578,-0.0473667313307523,-0.3003840455442667,-0.2111924349188804,-0.7393792739212512,-0.149511931553483,1.4498049020767212,1.6705281734466553,-0.4134249091148376
1774472420630764500,114.9667646484375,-0.3821349847748875,0.2341948325827717,0.2873872013270854,-0.0064629721455276,-0.0395684726536273,0.0075048897415399,0.3247054168522357,-0.0163069916784763,-0.1864350102812051,0.3247054168522357,-0.0163069916784763,-0.1864350102812051,-0.2906651818181388,-0.7479974646627903,-0.1848532940477132,1.5065971612930298,1.468916416168213,-0.46480393409729
1774472420640792600,114.97679248046876,-0.3408580947518349,0.2690571793884039,0.2085065568357706,0.0076332511380314,-0.0383333638310432,0.0275715086609125,0.3735656016111374,0.0693430008172988,-0.0780593912363052,0.3735656016111374,0.0693430008172988,-0.0780593912363052,-0.2976706583997234,-0.6713017629951238,-0.0559212091863155,1.5685162544250488,1.273857593536377,-0.5098837018013
1774472420650820600,114.98682055664062,-0.3369964508876204,0.2736443610481918,0.071431497529149,0.0182387568056583,-0.0424876287579536,0.052408680319786,0.4374263716250657,0.1361298874109983,-0.0204939219743013,0.4374263716250657,0.1361298874109983,-0.0204939219743013,-0.3224889098465442,-0.6483452502995729,0.0325894334375858,1.6602154970169067,1.117938756942749,-0.5463756322860718
1774472420660847600,114.99684765625,-0.3940063320934772,0.3096089700073003,-0.111568277606368,0.0303225200623273,-0.0352664999663829,0.0863494277000427,0.4451476135268807,0.1579606109470128,0.0420586880505085,0.4451476135268807,0.1579606109470128,0.0420586880505085,-0.3010854718118906,-0.5644172592908143,0.0781178434252738,1.7428044080734253,1.0275030136108398,-0.5689548850059509
1774472420670875600,115.00687573242188,-0.4149193562626838,0.3852028479129076,-0.2865343838900328,0.0384821817278862,-0.0225038304924964,0.1185638308525085,0.2012035403460264,0.1782335836470127,0.0963654477775096,0.2012035403460264,0.1782335836470127,0.0963654477775096,-0.3077291476100683,-0.4852630585551261,-0.0781441469103097,1.7983286380767822,1.001292109489441,-0.5875586867332458
1774472420680903700,115.01690356445312,-0.3869153509192168,0.4787463701374828,-0.3797650407731532,0.0406058244407177,0.009110365062952,0.1588882207870483,0.1377485746540129,0.2266156295001506,0.1021188967376947,0.1377485746540129,0.2266156295001506,0.1021188967376947,-0.3241382844887673,-0.3931090909928083,-0.2483095749139785,1.8322358131408687,0.9953370690345764,-0.6059252619743347
1774472420690931500,115.02693139648436,-0.3257207313746214,0.6064825232125819,-0.3895926073044538,0.0370268002152442,0.0468055456876754,0.2027632743120193,0.1670493418097496,0.2576590025395154,0.0985480525135994,0.1670493418097496,0.2576590025395154,0.0985480525135994,-0.3063695496946573,-0.3298492094814777,-0.3146428725212812,1.8609598875045776,1.0275150537490845,-0.6207897067070007
1774472420700959700,115.03695971679689,-0.243666717544198,0.7099817683927715,-0.3128203332692384,0.0332126356661319,0.0845496132969856,0.2450764924287796,0.2851946597188711,0.2051309429228305,0.0725754068672657,0.2851946597188711,0.2051309429228305,0.0725754068672657,-0.3757620887421071,-0.3141109576016664,-0.2464221537321805,1.8946053981781008,1.0739436149597168,-0.6462674140930176
1774472420710986500,115.04698657226562,-0.1889307726196944,0.772301738705486,-0.1852197892725467,0.0342073254287242,0.1102019846439361,0.285973310470581,0.3541676581799984,0.0874345378249883,0.091603347942233,0.3541676581799984,0.0874345378249883,0.091603347942233,-0.3423493562228977,-0.3634498657882213,-0.2336749003618955,1.9240317344665527,1.130720853805542,-0.6601552367210388
1774472420721014500,115.0570146484375,-0.1386325178816914,0.7718956421226263,-0.1040881509840488,0.04019096493721,0.1367661654949188,0.3184433877468109,0.4795826748311519,0.014069441884756,0.1330968033254146,0.4795826748311519,0.014069441884756,0.1330968033254146,-0.2737304318964481,-0.4821919805467128,-0.190070151913166,1.958586573600769,1.1500519514083862,-0.680466890335083
1774472420731042600,115.06704248046876,-0.086672321280837,0.6928289735399186,-0.0541302341163158,0.0546213053166866,0.1619873642921447,0.3436011970043182,0.4566419442266226,0.0169996501177549,0.1935533178538084,0.4566419442266226,0.0169996501177549,0.1935533178538084,-0.1997416510999202,-0.649372839781642,-0.1530664091646671,2.0039331912994385,1.1146584749221802,-0.6790103912353516
1774472420741070600,115.07707055664062,-0.033935587349534,0.6146532624475658,-0.057658408242464,0.0679225325584411,0.1803152859210968,0.366239845752716,0.3571533959925174,0.0402946009874343,0.2056494138389825,0.3571533959925174,0.0402946009874343,0.2056494138389825,-0.0990937036976218,-0.7096399692177772,-0.0826923117339611,2.034471273422241,1.0842396020889282,-0.6591564416885376
1774472420751098600,115.0870986328125,-0.00594926379323,0.541355240394175,-0.067479545032978,0.0863111242651939,0.188650980591774,0.386384516954422,0.2957499560028314,0.0006318681627511,0.255474059715867,0.2957499560028314,0.0006318681627511,0.255474059715867,-0.0005066343478858,-0.5913228018730878,0.0174374570131301,2.0467689037323,1.0947273969650269,-0.6176036596298218
1774472420761125600,115.09712573242189,0.0123243517830967,0.4728399225726723,-0.099468089967966,0.1055544540286064,0.2038856446743011,0.410535454750061,0.1921460814043879,-0.1461690508663654,0.3503507302403449,0.1921460814043879,-0.1461690508663654,0.3503507302403449,0.1071508995555341,-0.4059983831822872,0.1273497841060161,2.02875018119812,1.1390435695648191,-0.5536040663719177
1774472420771153700,115.10715356445311,0.0468327705845236,0.3840574772700667,-0.1403027891814708,0.1284243613481521,0.2220089882612228,0.4327462315559387,0.0952425812274217,-0.2829360671371221,0.5440139382094145,0.0952425812274217,-0.2829360671371221,0.5440139382094145,0.2680433261707425,-0.2366565465211868,0.2478074706107378,1.9800434112548828,1.2359522581100464,-0.4615068733692169
1774472420781181700,115.117181640625,0.0864922885388135,0.3173275815606117,-0.2025596311300992,0.150229811668396,0.242649033665657,0.4590283632278442,0.0054135494813323,-0.3320440891772508,0.6729302409797906,0.0054135494813323,-0.3320440891772508,0.6729302409797906,0.29156565605551,0.0380494524091482,0.4011071040093898,1.8897408246994016,1.336552977561951,-0.3607878088951111
1774472420791209500,115.12720947265623,0.111616792923212,0.2607077225856483,-0.2767582552850246,0.1740549951791763,0.2692620158195495,0.4884256720542907,0.0562234070032834,-0.3636918578505516,0.8119149333000183,0.0562234070032834,-0.3636918578505516,0.8119149333000183,0.4736931784011423,0.2788426603436469,0.5158668711334466,1.7801424264907837,1.3659087419509888,-0.2691042125225067
1774472420801237500,115.13723754882812,0.1043723747529089,0.2295069670274853,-0.3467465682685375,0.1938088834285736,0.2949522733688354,0.5163825154304504,0.0090513214617967,-0.3480085510283708,0.8259738537907599,0.0090513214617967,-0.3480085510283708,0.8259738537907599,0.8217793247103691,0.3775017720162868,0.7566215006232261,1.6810810565948486,1.327560544013977,-0.1901417970657348
1774472420811265500,115.147265625,0.1264022741228342,0.2168098364092409,-0.4065741372436284,0.2108509838581085,0.323196679353714,0.5475491881370544,-0.0289461084991693,-0.4448451234489679,0.6511731672018766,-0.0289461084991693,-0.4448451234489679,0.6511731672018766,1.035175407153368,0.4346615830868482,1.182684182190895,1.5873414278030396,1.2393033504486084,-0.1003053858876228
1774472420821292500,115.15729248046875,0.1337960376359522,0.2321704871483147,-0.4734925412625074,0.2266928851604461,0.3469586968421936,0.5805249214172363,0.094958503589034,-0.630388737848401,0.4003992480009794,0.094958503589034,-0.630388737848401,0.4003992480009794,0.8966752834796905,0.4642717084527015,1.415357796555757,1.4073996543884275,0.9574344754219056,-0.0247038230299949
1774472420831320600,115.16732055664062,0.1814887860506772,0.2625115571372211,-0.527712791749835,0.2381929457187652,0.3788407444953918,0.6135981678962708,0.1686670061394572,-0.6336679056495428,0.248040110322833,0.1686670061394572,-0.6336679056495428,0.248040110322833,1.3719091154515743,0.4310585901588201,1.3814888447016476,1.3287311792373655,0.8870556354522705,0.0403556004166603
1774472420841348600,115.1773486328125,0.2550803842231631,0.3134397803418338,-0.5564408735841513,0.2434507459402084,0.4133510887622833,0.6488962769508362,0.3995641123510897,-0.4140232842057943,0.2833113301903009,0.3995641123510897,-0.4140232842057943,0.2833113301903009,1.4776675377354025,0.143702368491888,2.1263111864596604,1.3330745697021484,0.7743807435035706,0.100519523024559
1774472420851376600,115.18737670898436,0.3399515013009309,0.3695711251474917,-0.5787602574199437,0.2500815093517303,0.4648981690406799,0.6858950853347778,0.4224582273349165,-0.1506347981035709,0.3167804690718651,0.4224582273349165,-0.1506347981035709,0.3167804690718651,1.1896356087639928,0.177479550409317,2.2584622333675624,1.302483320236206,0.6546274423599243,0.2218068093061447
1774472420861404700,115.19740478515624,0.4901406014636159,0.4244333268001675,-0.5720622210860252,0.2514504194259643,0.5131141543388367,0.7249317169189453,0.2610693955048918,0.0054810617595911,0.2645002467364072,0.2610693955048918,0.0054810617595911,0.2645002467364072,0.9287012378156184,0.256844763547182,1.6612053652703762,1.1582318544387815,0.5640685558319092,0.28838911652565
1774472420871431700,115.207431640625,0.5715796982660889,0.4669394663572311,-0.5594359637469053,0.2584665417671203,0.5391401648521423,0.7728861570358276,0.1433501940533518,0.1038105030864477,0.1082470242291688,0.1433501940533518,0.1038105030864477,0.1082470242291688,1.1182777609929442,0.1225724867016077,0.8037263661473989,0.9869261384010316,0.4876960217952728,0.3751682341098785
1774472420881459500,115.21745947265624,0.5463204615861177,0.4901078682377934,-0.5211480264067649,0.2676728963851928,0.5600523948669434,0.8266187310218811,0.0112350952416658,0.1517716931790113,-0.1914946317583322,0.0112350952416658,0.1517716931790113,-0.1914946317583322,1.173146246255934,-0.4049439056932926,0.6779992148071528,0.8818930387496948,0.565284788608551,0.4797893464565277
1774472420891487500,115.22748754882812,0.52698535425812,0.4874775197342038,-0.4187093961954116,0.2800872325897217,0.578604519367218,0.8721593022346497,-0.1790869856059551,0.2699251943945884,-0.3796820386648178,-0.1790869856059551,0.2699251943945884,-0.3796820386648178,1.0533706967964769,-0.5576449886769056,1.1139894161492585,0.7606725692749023,0.5901044011116028,0.577163815498352
1774472420901515500,115.237515625,0.5552236067488789,0.4210273177489638,-0.3195347362160682,0.3009949028491974,0.600615918636322,0.9131174683570862,-0.4094909014731645,0.4823831192046404,-0.434264692723751,-0.4094909014731645,0.4823831192046404,-0.434264692723751,1.2068977092102169,-0.8051321412920951,1.4081068025141954,0.5798155665397644,0.495518684387207,0.6715761423110962
1774472420911543600,115.24754345703126,0.5948699729606509,0.3136984312780201,-0.2491407650411128,0.323882907629013,0.6269844174385071,0.9447830319404602,-0.6101360772840678,0.6829547913879156,-0.6586638152182102,-0.6101360772840678,0.6829547913879156,-0.6586638152182102,1.4773936892300843,-0.9039917439728976,1.7794921374768018,0.3924371600151062,0.3994699120521545,0.7409961819648743
1774472420921571600,115.25757153320312,0.6234156839653849,0.2663989199645817,-0.16958499776721,0.3409160077571869,0.6446323394775391,0.971393346786499,-0.5235146094076335,0.9632879825502634,-0.9862024096697568,-0.5235146094076335,0.9632879825502634,-0.9862024096697568,1.7899585864335297,-1.0581664066404104,2.378537058034539,0.2024928033351898,0.3469948470592499,0.8076997399330139
1774472420931598600,115.2675986328125,0.5593658211201429,0.2678967573069036,-0.090400401893258,0.3556400835514068,0.6413297653198242,0.998387336730957,-0.5029107973180711,1.4007710527986288,-1.3283499597102404,-0.5029107973180711,1.4007710527986288,-1.3283499597102404,2.0659166312515733,-1.4013678496479989,2.813344771593809,-0.0160845443606376,0.3692418038845062,0.8806580901145935
1774472420941626600,115.27762670898436,0.45604982355237,0.2776150182448327,-0.0233615863651037,0.3661555051803589,0.6352860331535339,1.0185283422470093,-0.4381256059356033,1.8586515989094967,-1.432826817750931,-0.4381256059356033,1.8586515989094967,-1.432826817750931,2.281441250155866,-1.9361977799266576,3.081634473741054,-0.2398737967014312,0.500676155090332,0.9825015664100648
1774472420951654700,115.28765454101564,0.3776765440613031,0.2605491710230708,0.0431336238056421,0.3759431540966034,0.6353837847709656,1.0350759029388428,-0.1778933919072151,2.199498003223538,-1.4186620987981555,-0.1778933919072151,2.199498003223538,-1.4186620987981555,2.342481409791112,-2.2667589370697736,3.513645834580064,-0.462593138217926,0.7565451860427856,1.1087607145309448
1774472420961682400,115.29768237304688,0.3421370286464691,0.2344686810880899,0.1035533134549856,0.3919252455234527,0.6296775341033936,1.0486838817596436,0.3744700031049549,2.5299486857295035,-1.2089368138223886,0.3744700031049549,2.5299486857295035,-1.2089368138223886,2.332045355972648,-2.3238339924663305,3.9838983710080393,-0.7011772394180298,1.0632089376449585,1.242229700088501
1774472420971710700,115.30771069335935,0.3023933395400643,0.2099929960012435,0.1212754326283931,0.406394749879837,0.6282979846000671,1.0518049001693726,0.6114492057092488,2.719406258702278,-0.9398860641747712,0.6114492057092488,2.719406258702278,-0.9398860641747712,2.36258107175082,-2.37626034527421,4.286981154116988,-0.9637473821640016,1.3008800745010376,1.3740230798721311
1774472420981737700,115.31773779296876,0.2733814723283052,0.1812174217633902,0.1432797591656446,0.4255715608596802,0.6276991367340088,1.0609501600265503,0.6609722382910549,2.6189526648283,-0.8193681719154119,0.6609722382910549,2.6189526648283,-0.8193681719154119,2.424265959030389,-2.523002227592468,4.555263842001557,-1.2077568769454956,1.427406668663025,1.4898093938827517
1774472420991765500,115.327765625,0.2466781743198633,0.1285204353205859,0.093998134124279,0.4501847624778747,0.6254796385765076,1.075477123260498,0.6771727008551359,2.217238827097416,-0.9102765233308076,0.6771727008551359,2.217238827097416,-0.9102765233308076,2.6584882641419765,-2.7675264387488365,4.980383105239272,-1.421174168586731,1.4837125539779663,1.601927399635315
1774472421001793500,115.33779345703124,0.2206523371815681,0.0796222566388547,0.0253682500123977,0.4741964936256408,0.6269306540489197,1.090287685394287,0.6507704316198826,1.6795020694613456,-1.0449714095026257,0.6507704316198826,1.6795020694613456,-1.0449714095026257,2.849484883250296,-3.08869199103713,5.407783172890544,-1.628056526184082,1.5010384321212769,1.718550682067871
1774472421011821600,115.34782153320312,0.1663911701619625,0.0864659850537776,-0.0647428135454654,0.4994099736213684,0.6218743920326233,1.1134984493255615,0.5931026710271835,1.2017992170274256,-1.062667225190997,0.5931026710271835,1.2017992170274256,-1.062667225190997,2.848128792466223,-3.3050960231244564,5.702319076928496,-1.83233642578125,1.4504714012145996,1.8415112495422363
1774472421021849600,115.357849609375,0.16576164008677,0.0975780384376645,-0.1806418138325214,0.5262666940689087,0.6337562799453735,1.1470354795455933,0.5941827213488519,0.8721604354262351,-0.9792039290845392,0.5941827213488519,0.8721604354262351,-0.9792039290845392,2.78872470960021,-3.4296032772809264,5.756635773527622,-2.0566511154174805,1.3600071668624878,1.9848006963729856
1774472421031877600,115.36787768554689,0.2492313659340143,0.1070791494935751,-0.2453700143307447,0.5491935610771179,0.6631626486778259,1.1695671081542969,0.6719271283518523,0.6207686765879392,-0.8052373552322387,0.6719271283518523,0.6207686765879392,-0.8052373552322387,2.6064251916885373,-3.4742437985181804,5.637642898878455,-2.2813494205474854,1.2441309690475464,2.151583194732666
1774472421041904600,115.37790454101562,0.4076090332493186,0.130328507655859,-0.227594119143486,0.5606982707977295,0.704078197479248,1.190650463104248,0.9158060273420066,0.4069523229062557,-0.6191144796401262,0.9158060273420066,0.4069523229062557,-0.6191144796401262,2.3782865904048083,-3.4108728578478096,5.451942048090696,-2.491117000579834,1.0855443477630615,2.313781261444092
1774472421051932700,115.3879326171875,0.5536731624364852,0.1241224926225841,-0.1341214701980352,0.5647034049034119,0.7497305870056152,1.2171708345413208,0.8232469861101359,0.1006663598418235,-0.494504349631071,0.8232469861101359,0.1006663598418235,-0.494504349631071,2.125431773276627,-3.409963926309347,5.179101258510351,-2.685316324234009,0.8969334363937378,2.48720121383667
1774472421061960400,115.39796044921874,0.6221750362545252,0.0587697304852306,-0.0432271473079919,0.5710700154304504,0.7787437438964844,1.2217977046966553,0.4864110595464706,-0.257320564365387,-0.436053329706192,0.4864110595464706,-0.257320564365387,-0.436053329706192,1.681376777292043,-3.398735260808468,4.7709261158108704,-2.875174760818481,0.724389910697937,2.628985643386841
1774472421071988500,115.40798852539062,0.5473413290664554,-0.0663688073121011,0.0487421113371849,0.578129231929779,0.7915396690368652,1.191089391708374,0.3442126658767461,-0.6667711338281631,-0.4134136278748512,0.3442126658767461,-0.6667711338281631,-0.4134136278748512,1.4105275999203324,-3.4393846665829417,4.161344019147753,-3.0869381427764893,0.5724605917930603,2.749220609664917
1774472421082016500,115.4180166015625,0.4085471908822655,-0.2207332934632897,0.1084936924666166,0.5871778130531311,0.7874106168746948,1.1227673292160034,-0.0116301955064758,-1.032955977538228,-0.1553460445344448,-0.0116301955064758,-1.032955977538228,-0.1553460445344448,1.124715977346897,-3.5492584152311086,3.4736499242782592,-3.30542540550232,0.380085289478302,2.84568190574646
1774472421092043500,115.42804345703124,0.3271601165279746,-0.3196212454557419,0.1591156262010336,0.5858187675476074,0.76961749792099,1.037707805633545,-0.3478080600202083,-1.43221248524487,-0.0377986925184726,-0.3478080600202083,-1.43221248524487,-0.0377986925184726,0.8027537217229604,-3.670550798994303,2.844969159391522,-3.520132064819336,0.2001861035823822,2.936421155929565
1774472421102071600,115.43807153320311,0.3085229283362626,-0.4394840348072349,0.2149374666661024,0.5776327848434448,0.7475862503051758,0.9515520930290222,-0.803513600179553,-1.7205916202187537,0.316161460390687,-0.803513600179553,-1.7205916202187537,0.316161460390687,0.4944439977459609,-3.656225336521864,2.376159807509184,-3.7238380908966064,0.0859330892562866,3.016622543334961
1774472421112099600,115.448099609375,0.3579688040286302,-0.5636639567054808,0.2785463077455758,0.5581158399581909,0.7241852879524231,0.8615899682044983,-0.9376929380446672,-1.8953133963525293,0.7324117729961872,-0.9376929380446672,-1.8953133963525293,0.7324117729961872,0.2210696858108043,-3.579147942060232,1.893396164554357,-3.903764009475708,0.0297566335648298,3.071561098098755
1774472421122127600,115.45812768554688,0.4538496831595897,-0.7561917309038341,0.3530085512727499,0.5341779589653015,0.692531168460846,0.7748834490776062,-1.0206541298478842,-2.016586490893364,1.206453764835,-1.0206541298478842,-2.016586490893364,1.206453764835,0.0904249518126249,-3.589126315239072,1.2993512442409991,-4.080871105194092,-0.025333197787404,3.104067325592041
1774472421132155600,115.46815576171876,0.4889993224740028,-0.9909396673247216,0.3988946886569261,0.4969325363636017,0.6463114619255066,0.6889961957931519,-1.2303823374330998,-2.068948546293378,1.592591847771406,-1.2303823374330998,-2.068948546293378,1.592591847771406,-0.0003442103277891,-3.779167825579643,0.401575013782084,-4.251066207885742,0.0327918902039527,3.1344590187072754
1774472421142183400,115.47818334960938,0.4248404462963342,-1.1896531444206833,0.4134387623161077,0.4514441788196563,0.592606782913208,0.6010255813598633,-1.4152151732146738,-2.192431718099117,1.4436632690638302,-1.4152151732146738,-2.192431718099117,1.4436632690638302,-0.2760515683203935,-3.86018898923099,-0.5621396697476506,-4.39499044418335,0.2049812227487564,3.1608572006225586
1774472421152210400,115.48821044921876,0.3055076721683144,-1.3752622252717612,0.3745020056784153,0.4060468673706054,0.5450925230979919,0.4974248707294464,-1.361993286114931,-2.426343349826336,1.1847457908958197,-1.361993286114931,-2.426343349826336,1.1847457908958197,-0.6228688637375831,-3.9424429095476863,-1.3469286957129836,-4.50313138961792,0.4628956019878387,3.187355756759644
1774472421162238700,115.49823876953126,0.2447407765164971,-1.4521779994308948,0.2616179692983627,0.3500333130359649,0.5093366503715515,0.3907919228076935,-1.2750070765793322,-2.467657356989384,1.060944054660201,-1.2750070765793322,-2.467657356989384,1.060944054660201,-0.8675964885115623,-4.134677546018362,-2.218869058647752,-4.656067848205566,0.7648003101348877,3.2126576900482178
1774472421172266500,115.5082666015625,0.2252279745340347,-1.453066326572746,0.1587199048817157,0.3013960123062134,0.4634671807289123,0.2800486385822296,-1.320086573755741,-2.227180959919095,1.1255524281710385,-1.320086573755741,-2.227180959919095,1.1255524281710385,-1.3599252476692198,-4.198450637748837,-3.240607768861949,-4.80318546295166,0.9447008371353148,3.21086049079895
1774472421182294500,115.51829443359377,0.2550572956085205,-1.3763418372020124,0.0984597897082567,0.2465976029634475,0.4149054884910583,0.1799475103616714,-1.098109709972143,-1.783576191920042,1.290795012819767,-1.098109709972143,-1.783576191920042,1.290795012819767,-1.9130325929164889,-4.005774102729559,-3.8892002719208594,-4.860079765319824,0.9478477239608764,3.145843982696533
1774472421192322600,115.52832250976564,0.3287754427701234,-1.2506732841812074,0.0692740272343158,0.1915319561958313,0.3717311322689056,0.0918384194374084,-0.6300047069668769,-1.3797092678084968,1.4782067591786383,-0.6300047069668769,-1.3797092678084968,1.4782067591786383,-2.0914988162755965,-3.915354996135832,-4.144363365991413,-4.828784942626953,0.8738864064216614,3.0098254680633545
1774472421202349600,115.538349609375,0.3054550651982426,-1.103487749748677,0.1110357781648635,0.1417709290981292,0.3403201401233673,0.0070222727954387,-0.1543874651679769,-1.2883137173980477,1.565456003564596,-0.1543874651679769,-1.2883137173980477,1.565456003564596,-2.287043600207567,-4.052387385344505,-4.241018444365262,-4.711612701416016,0.7102534770965576,2.893430709838867
1774472421212377600,115.54837768554688,0.2580731362983584,-0.9821944892026484,0.1731552574694156,0.1010168343782424,0.3406285345554352,-0.0551215261220932,0.1258230129301548,-1.4817200279965996,1.474441853687167,0.1258230129301548,-1.4817200279965996,1.474441853687167,-2.723253581780196,-3.9764012932509183,-4.119203205771744,-4.492436408996582,0.5190765857696533,2.7845799922943115
1774472421222405600,115.55840551757812,0.2631254512518644,-0.9230414584882556,0.2067167508095502,0.0591014400124549,0.3499229848384857,-0.1087891608476638,0.2592682643670588,-1.853615358307957,1.4222194990187882,0.2592682643670588,-1.853615358307957,1.4222194990187882,-2.804920642119646,-3.5293291414022443,-3.9348110994949934,-4.274448394775391,0.3070540726184845,2.707083225250244
1774472421232433700,115.56843359375,0.2149105786591768,-0.8757787720538676,0.1552016676276922,0.0165696907788515,0.3757679164409637,-0.1540924608707428,0.1360368753653019,-2.227523489746451,1.5460218197762965,0.1360368753653019,-2.227523489746451,1.5460218197762965,-3.0948706796720624,-3.1447944020092486,-4.319993196880817,-4.082111358642578,0.156213954091072,2.6219382286071777
1774472421242461700,115.57846166992188,0.1403191557943821,-0.8314443941563368,0.0215957457363605,-0.0153476987034082,0.4206653833389282,-0.194564089179039,-0.3238485077619552,-2.4346526207491754,1.5910118851035833,-0.3238485077619552,-2.4346526207491754,1.5910118851035833,-3.101129447805881,-2.942257567232847,-5.005417008730769,-3.842349767684937,0.199292778968811,2.5162148475646973
1774472421252489500,115.58848950195312,0.0239881938308477,-0.8352535771809518,-0.1696978104919195,-0.0367240905761718,0.4660544395446777,-0.2648590207099914,-0.5799603539247066,-2.397703238536417,1.6784616204977034,-0.5799603539247066,-2.397703238536417,1.6784616204977034,-3.3014494833156465,-2.7246213630020617,-5.426572044512629,-3.596372365951538,0.3687611818313598,2.404861688613892
1774472421262516500,115.5985166015625,-0.1135413312450051,-0.8391670973628759,-0.3315799787968397,-0.042924977838993,0.5192855000495911,-0.3467728495597839,-0.5727599940918385,-2.446082654041052,1.831389497974515,-0.5727599940918385,-2.446082654041052,1.831389497974515,-3.584136251866817,-2.423485622307658,-5.899615672963857,-3.369191646575928,0.4287088811397552,2.3157029151916504
1774472421272544500,115.60854443359376,-0.159362878960371,-0.8938811227165162,-0.3230155640691519,-0.0510715879499912,0.552985429763794,-0.4241845607757568,-0.5994518208581954,-2.792597751641273,1.9522382296234368,-0.5994518208581954,-2.792597751641273,1.9522382296234368,-3.873465234911442,-2.1948440399378537,-6.624516924199462,-3.092928409576416,0.3665158152580261,2.237286329269409
1774472421282572500,115.61857250976564,-0.118258130633831,-0.9776476395532488,-0.1486737271636724,-0.0558571703732013,0.5441970825195312,-0.4954779148101806,-0.9657749770604074,-3.344806102222204,2.1126129159748555,-0.9657749770604074,-3.344806102222204,2.1126129159748555,-4.209292057497799,-1.3614520188450812,-7.126583233517408,-2.7852108478546143,0.2914351224899292,2.139284610748291
1774472421292600600,115.6286005859375,-0.163340842680633,-0.9868471373140812,0.161408705574274,-0.0616311728954315,0.524263858795166,-0.5498501062393188,-1.2559329582750796,-3.734190911994874,2.419111645007133,-1.2559329582750796,-3.734190911994874,2.419111645007133,-4.344912241820991,-0.6066086338102817,-7.769899842000007,-2.477644205093384,0.272327184677124,2.0530924797058105
1774472421302628600,115.63862866210935,-0.1270613225534558,-0.9675998544000088,0.4211994594454765,-0.0652389153838157,0.5068055987358093,-0.5941079258918762,-1.181937309346348,-3.5504651606723665,2.85965118021667,-1.181937309346348,-3.5504651606723665,2.85965118021667,-4.994478850609064,-0.375559990298748,-9.036578650695086,-2.20882511138916,0.4274843037128448,1.9931389093399048
1774472421312655600,115.64865551757812,-0.1019786114841699,-0.8578219673417508,0.5670207197874784,-0.0796186551451683,0.5203163623809814,-0.6331530809402466,-1.0645346264980733,-2.8109529080212114,3.1523850032687184,-1.0645346264980733,-2.8109529080212114,3.1523850032687184,-6.18031243674159,-0.0328647432476282,-10.44945924348235,-1.9697673320770264,0.7254504561424255,1.824542999267578
1774472421322683600,115.65868359375,-0.0952940191537141,-0.693352412892133,0.6477104595273733,-0.1014953479170799,0.5565166473388672,-0.6843715906143188,-1.0382136058054865,-2.465470952861011,3.1354192554205653,-1.0382136058054865,-2.465470952861011,3.1354192554205653,-6.692879681807756,0.3135761200726032,-11.42174360243678,-1.6601166725158691,1.0303493738174438,1.5489906072616575
1774472421332711400,115.66871142578124,-0.0887026580646634,-0.5217540294758976,0.6539490616559982,-0.1264571547508239,0.5908588767051697,-0.7395504117012024,-1.097288018325716,-3.114130675937236,3.2687545436769723,-1.097288018325716,-3.114130675937236,3.2687545436769723,-7.276653967997431,0.6184124688506126,-11.326971561330556,-1.3051053285598757,1.0374970436096191,1.2042611837387085
1774472421342739500,115.67873950195312,-0.031510990551114,-0.3951747913509607,0.5710206030786037,-0.1545115858316421,0.6079556345939636,-0.8018909096717834,-1.0726865149021148,-4.36482251868844,3.970155676859617,-1.0726865149021148,-4.36482251868844,3.970155676859617,-7.727156094294786,0.8693371946990489,-10.387379511666298,-0.9282708764076232,0.6245486736297607,0.8598832488059998
1774472421352767500,115.688767578125,-0.0167915603250265,-0.2914009670130908,0.4654916056364774,-0.1923503130674362,0.6184180974960327,-0.8647074103355408,-0.961529010053724,-5.329305848503113,4.87555553406477,-0.961529010053724,-5.329305848503113,4.87555553406477,-8.191392731434107,1.0330997699230908,-9.205567436134814,-0.5538413524627686,-0.1160884499549865,0.5741785764694214
1774472421362795500,115.69879541015624,-0.0558703557819128,-0.2647491069309413,0.366550169891119,-0.2315621674060821,0.6268216967582703,-0.9159293174743652,-0.906751271814108,-5.621605371791124,5.486432346713543,-0.906751271814108,-5.621605371791124,5.486432346713543,-9.19851108788252,1.4010685744404792,-8.700816417777538,-0.1663676053285598,-0.8873541355133057,0.3004051744937897
1774472421372822500,115.70882250976562,-0.1022939610436558,-0.3466942535594105,0.2563146021932363,-0.2625153064727783,0.6469749212265015,-0.9676820039749146,-0.9190145410597323,-5.70173280147314,5.554979228717088,-0.9190145410597323,-5.70173280147314,5.554979228717088,-10.10141386757493,1.7658353680461645,-9.093286626344918,0.1973312348127365,-1.4373149871826172,0.0076665277592837
1774472421382850600,115.7188505859375,-0.1141837208017706,-0.4777022679120302,0.1644353599190711,-0.2899166345596313,0.6633623838424683,-1.0143446922302246,-0.9824456874847411,-6.428964541482925,4.974510413813591,-0.9824456874847411,-6.428964541482925,4.974510413813591,-10.950596747517585,1.9265701198816296,-10.349016171002388,0.4957134127616882,-1.8549888134002688,-0.3171862661838531
1774472421392878600,115.72887866210938,-0.1050292312264442,-0.6719133920874446,0.1578892992764711,-0.3099079132080078,0.6719012260437012,-1.0570529699325562,-0.8756149597942828,-7.670843255442381,3.980539708229899,-0.8756149597942828,-7.670843255442381,3.980539708229899,-11.541772834396362,1.840072570645809,-11.852123562681674,0.8077878952026367,-2.242781400680542,-0.6393264532089233
1774472421402906600,115.73890673828124,-0.0984831705838441,-0.8666996127370744,0.2076023014724254,-0.3273465931415558,0.6739174127578735,-1.094704270362854,-0.5287096938326955,-8.941599104318023,3.3289047687351703,-0.5287096938326955,-8.941599104318023,3.3289047687351703,-12.330965063756704,1.2815823633164167,-12.679621849560736,1.1855251789093018,-2.673414945602417,-1.0241152048110962
1774472421412934700,115.7489345703125,-0.0537333437532186,-0.9571134586337954,0.2518359954744577,-0.3493640124797821,0.667895495891571,-1.134953498840332,-0.1338499597802758,-9.31397169675231,3.0416742192745208,-0.1338499597802758,-9.31397169675231,3.0416742192745208,-12.724442988061904,0.1171007772922515,-13.2612772439003,1.6867659091949463,-3.023287057876587,-1.3508116006851196
1774472421422961400,115.75896142578124,0.0424023869216442,-1.0378524443428965,0.3036269729882478,-0.3739498555660248,0.6741546392440796,-1.1702688932418823,-0.1804442454338073,-8.137847019207477,2.532954297286272,-0.1804442454338073,-8.137847019207477,2.532954297286272,-13.586858274543284,-1.2820879747509957,-13.893172294658422,2.2683310508728027,-3.0719709396362305,-1.6218634843826294
1774472421432989700,115.76898974609377,0.171651282647252,-1.1342655306544154,0.3525163838416337,-0.4132743775844574,0.6599754095077515,-1.2084815502166748,-0.4324149732038378,-6.1670893825531,1.1239935082912444,-0.4324149732038378,-6.1670893825531,1.1239935082912444,-14.677645094281434,-2.583172326394916,-15.501340481746196,2.880274534225464,-2.748830556869507,-2.018908977508545
1774472421443017500,115.779017578125,0.1357569624453783,-1.173345422089845,0.4512555750131606,-0.4539191126823425,0.6158084869384766,-1.2529033422470093,-0.7410720493137836,-5.090120075765252,-1.0033423450410366,-0.7410720493137836,-5.090120075765252,-1.0033423450410366,-14.504889649784564,-3.570635549780726,-17.729746015024183,3.442926406860352,-2.115025997161865,-2.44835901260376
1774472421453045500,115.78904541015623,-0.0872585967361927,-1.1574855165917426,0.5273609095722437,-0.4859593510627746,0.5489663481712341,-1.3217124938964844,-0.96079981899634,-5.356102085492014,-3.249916572216153,-0.96079981899634,-5.356102085492014,-3.249916572216153,-13.888480921971798,-4.11491193831861,-18.934371979910136,3.925181388854981,-1.3899966478347778,-2.773887157440185
1774472421463073500,115.79907348632813,-0.2785205887824297,-1.0742349864531309,0.6345517027467489,-0.5124865770339966,0.4819558560848236,-1.4058456420898438,-1.3993806213535367,-5.8950686771839855,-5.314582911145687,-1.3993806213535367,-5.8950686771839855,-5.314582911145687,-13.047580717206,-4.835011342230439,-18.92249683319926,4.427021503448486,-0.8127771019935608,-3.071138381958008
1774472421473101600,115.8091015625,-0.3267535815536975,-0.8996762919265776,0.8111217370957136,-0.5355991125106812,0.4247740507125854,-1.475910782814026,-2.042905173498392,-5.759216437670588,-7.510216640156507,-2.042905173498392,-5.759216437670588,-7.510216640156507,-11.07567157242894,-6.818735427963733,-18.097129713129995,5.016698837280273,-0.2723375558853149,-3.322641611099243
1774472421483128600,115.81912866210938,-0.2028144826740026,-0.7072614035181701,1.0329396109253168,-0.5546370148658752,0.3629835546016693,-1.4993263483047483,-2.3366239159345628,-5.034533213099837,-9.831333190357684,-2.3366239159345628,-5.034533213099837,-9.831333190357684,-9.36117300838828,-9.820252993416783,-17.37331391904354,5.656583309173584,0.2895276844501495,-3.6497724056243896
1774472421493156600,115.82915649414062,0.0689829353332519,-0.48045120129399,1.1777706911861896,-0.5686122179031372,0.3047128021717071,-1.4805015325546265,-2.9972178224325177,-3.630641397932171,-11.2347573880136,-2.9972178224325177,-3.630641397932171,-11.2347573880136,-6.7564861847996704,-13.62778415917158,-17.389959933418034,6.2340898513793945,0.7530045509338379,-3.934335470199585
1774472421503184600,115.8391845703125,0.4275350922077894,-0.3037172816202044,1.1482605190634727,-0.5763354897499084,0.253330647945404,-1.44952130317688,-3.280495250353217,-2.220322764587402,-11.93986029832363,-3.280495250353217,-2.220322764587402,-11.93986029832363,-4.989988553452491,-17.638156111085415,-17.670842575156687,6.715157985687256,1.02735435962677,-4.221820831298828
1774472421513212700,115.84921264648438,0.6852730052024125,-0.1402262898791581,0.9875818813294172,-0.5730574131011963,0.1937631964683532,-1.425536870956421,-3.0601082861095663,-1.7761054176479576,-12.215843477582933,-3.0601082861095663,-1.7761054176479576,-12.215843477582933,-2.8105928425371647,-20.52224089081288,-17.804883965855836,7.217862129211426,1.0019919872283936,-4.461829662322998
1774472421523240400,115.85924047851564,0.7214736148744821,0.0490472317636013,0.6688637221932411,-0.5498656034469604,0.1509988754987716,-1.413285732269287,-2.944816604065895,-1.9123036941200493,-11.956397591626644,-2.944816604065895,-1.9123036941200493,-11.956397591626644,-0.5647919378221035,-22.322551944434643,-17.441859632003307,7.823933601379394,1.0332908630371094,-4.589206695556641
1774472421533267500,115.86926733398435,0.5966027881026268,0.1575657664105296,0.2553156542837619,-0.4998884201049804,0.1452219486236572,-1.403869867324829,-1.899517277783156,-1.4445932433903217,-11.01401737254858,-1.899517277783156,-1.4445932433903217,-11.01401737254858,0.8614964180707931,-23.878462705540656,-15.887917540621755,8.411097526550293,1.6437917947769165,-4.705448627471924
1774472421543295700,115.87929565429688,0.5196937359452247,0.2425613866508006,-0.1361953538626432,-0.4357652962207794,0.1510797441005706,-1.3676851987838743,0.6795330002456903,-0.2191179672211408,-9.725158296227455,0.6795330002456903,-0.2191179672211408,-9.725158296227455,1.8913900854289527,-26.27692903740406,-14.4232459703207,8.816192626953125,2.625762939453125,-4.876453876495361
1774472421553323500,115.88932348632812,0.4985211840569972,0.306797127456963,-0.422711033052206,-0.3751956820487976,0.1422556340694427,-1.293406367301941,2.945986232367158,0.5262631774634122,-7.83433052085638,2.945986232367158,0.5262631774634122,-7.83433052085638,1.9497658481605349,-29.37459577753544,-13.689416147220134,9.059508323669434,3.5596964359283447,-5.264894962310791
1774472421563352300,115.89935229492188,0.4032201506406068,0.390100045369938,-0.6251455764979124,-0.3235577344894409,0.1303234845399856,-1.183592677116394,2.191203637608885,-0.2442763738751411,-5.2686020812153815,2.191203637608885,-0.2442763738751411,-5.2686020812153815,2.8180063336640595,-31.15902887854576,-12.742212453508376,9.31267261505127,4.2809367179870605,-5.55258846282959
1774472421573380400,115.90938037109376,0.2664630712419748,0.4975669155394658,-0.7258563600033521,-0.2668039202690124,0.1268778890371322,-1.072769284248352,-1.3206532677277922,-2.8351141203314065,-2.279323381219059,-1.3206532677277922,-2.8351141203314065,-2.279323381219059,3.052728112730384,-31.11659726552963,-10.546025766789912,9.473345756530762,4.7525835037231445,-5.659121990203857
1774472421583408400,115.91940844726562,0.1242985798418521,0.640524566611275,-0.7573989147365093,-0.1961542963981628,0.1231862604618072,-0.954566240310669,-0.2780754753634333,-6.969280209696293,0.506117922796309,-0.2780754753634333,-6.969280209696293,0.506117922796309,3.182662652632594,-30.87144644690752,-8.376148994848132,9.107573509216309,5.073054313659668,-5.565883636474609
1774472421593435400,115.92943530273438,-0.0242751940786838,0.8503263508893549,-0.621623247590661,-0.1181087642908096,0.130231112241745,-0.8408226370811462,3.4259196203321216,-10.58806925727129,0.195503355943039,3.4259196203321216,-10.58806925727129,0.195503355943039,3.954021995921433,-30.80393183056116,-7.021309672141075,8.145792961120605,5.16953706741333,-5.319242000579834
1774472421603463200,115.93946313476565,-0.0568932690888643,1.1103969446152449,-0.2915484126597643,-0.0490856356918811,0.1321323364973068,-0.7230238914489746,0.3749801445841789,-11.40037114406228,-1.3309044664986431,0.3749801445841789,-11.40037114406228,-1.3309044664986431,5.919412844845652,-31.62553813679218,-4.343070705607533,6.926456451416016,5.10684061050415,-5.030352115631104
1774472421613491200,115.9494912109375,-0.0612882891774177,1.2974503790557383,0.0698527039051055,0.0084650097414851,0.1291421353816986,-0.5951383709907532,2.625169931907952,-10.930386318659782,-5.823457731434703,2.625169931907952,-10.930386318659782,-5.823457731434703,10.521379985833168,-34.411661723983286,1.7195909187436105,7.3461713790893555,7.025561332702637,-4.867453098297119
1774472421623519200,115.95951928710936,-0.1465150878250598,1.409882872276008,0.3670733169823885,0.0605348013341426,0.1317261755466461,-0.4606058001518249,12.18585633559823,-6.871172302165627,-7.612368270120024,12.18585633559823,-6.871172302165627,-7.612368270120024,7.464863586735725,-28.427347660160063,10.680290444850922,5.981032371520996,8.109149932861328,-2.4435372352600098
1774472421633547300,115.96954736328124,-0.1869412062376737,1.4178896531209348,0.462750782495737,0.1174798458814621,0.1574211567640304,-0.3319173455238342,14.912115528935193,-1.7077432445615528,-6.329199514394999,14.912115528935193,-1.7077432445615528,-6.329199514394999,5.191791228735447,-20.620127264547342,2.0723025328963995,3.8393874168396,8.990157127380371,-2.4920926094055176
1774472421643574300,115.97957421875,-0.124069447261095,1.338146400450915,0.4809650691002607,0.1934575140476226,0.2010819166898727,-0.2112225145101547,13.95149471976757,1.8793898510336875,-6.7874149915486575,13.95149471976757,1.8793898510336875,-6.7874149915486575,20.69572231149673,-25.493094535684584,8.081792539030314,2.775377988815308,6.318556308746338,-3.0744612216949463
1774472421653602300,115.98960229492188,-0.0831786339461803,1.3547574896425008,0.4624035764932632,0.284368485212326,0.263047307729721,-0.0763738900423049,14.214264197188616,4.436435218003392,-10.831081894820928,14.214264197188616,4.436435218003392,-10.831081894820928,21.08390096035004,-25.139549977839,19.941001676058768,2.306551456451416,2.013250827789306,-3.9174745082855225
1774472421663630300,115.99963037109374,-0.0465215126782655,1.4872536967262624,0.5316279193669557,0.4025239646434784,0.3490621447563171,0.0755318701267242,10.969670865821838,6.225255740317702,-13.0130763900578,10.969670865821838,6.225255740317702,-13.0130763900578,20.49907745736837,-22.257714438343047,24.600962156331537,2.2970285415649414,-0.9234155416488647,-4.239396572113037
1774472421673658400,116.00965844726562,0.1442722773343324,1.6787088732570408,0.6308873350203037,0.5541688799858093,0.4325700998306274,0.2441246062517166,4.298078302192688,6.665301939052343,-12.495422635507582,4.298078302192688,6.665301939052343,-12.495422635507582,15.348191070473192,-18.292868558329346,24.115671040725708,2.93204402923584,-2.6661365032196045,-4.4185099601745605
1774472421683686100,116.01968603515624,0.431269602560997,1.9595709105990824,0.7048217552810907,0.7098158001899719,0.5007104277610779,0.4072029888629913,-0.4778045592427253,6.140154613876343,-10.443644419723748,-0.4778045592427253,6.140154613876343,-10.443644419723748,13.154510813617703,-16.81438941195011,20.686816535985468,3.127901315689087,-3.5259273052215576,-4.482622146606445
1774472421693714400,116.02971435546876,0.7375824536323546,2.360814500469714,0.8415180444031953,0.770333468914032,0.5596280694007874,0.5096449851989746,-1.0914344699919225,4.951472652575373,-7.64130210365951,-1.0914344699919225,4.951472652575373,-7.64130210365951,15.985364353895186,-16.12383642051816,12.840804929685593,2.787445545196533,-2.957425117492676,-4.008341312408447
1774472421703741400,116.03974145507811,0.816415751850605,2.7967417195782063,1.3157657879471778,0.6667723059654236,0.6132357716560364,0.5249680876731873,-0.0584328997462987,4.072896504887939,-5.264067944917082,-0.0584328997462987,4.072896504887939,-5.264067944917082,13.980076671129464,-14.45969207918644,8.597928290233016,2.1084442138671875,-1.9287638664245603,-3.219897508621216
1774472421713769200,116.04976928710936,0.6871171717643737,3.1803456078618764,2.0900141306757924,0.4712128937244415,0.6816214323043823,0.4781092405319214,0.7354770057857036,3.688092300903797,-3.890945069761574,0.7354770057857036,3.688092300903797,-3.890945069761574,12.50725102046728,-11.412207712328431,7.396158299300074,1.432138442993164,-1.3308900594711304,-2.683433055877685
1774472421723797200,116.05979736328123,0.5882026240259408,3.161214790934324,2.6330425649791955,0.2441790848970413,0.7276867628097534,0.3530179858207702,1.0404098006755114,3.043986587870121,-3.2671438936099406,1.0404098006755114,3.043986587870121,-3.2671438936099406,12.733655053043364,-8.818483012259007,8.246248357215523,0.9575999975204468,-1.5806307792663574,-2.3963685035705566
1774472421733825300,116.0698251953125,0.4523667511254549,2.6156454399764537,2.764709627762437,0.1214302629232406,0.7564132213592529,0.1822944432497024,1.4674755218058824,1.7471423580139875,-2.532547762311995,1.4674755218058824,1.7471423580139875,-2.532547762311995,12.743643363094328,-7.314794605821371,9.889164617079496,0.6580005288124084,-2.1987600326538086,-2.173522710800171
1774472421743853300,116.07985327148438,0.3605225801646709,1.0050894809693098,2.1617384736716745,0.1315862983465194,0.7305853962898254,0.0116632133722305,2.408928104645013,0.1608732835233211,-1.2171049227088688,2.408928104645013,0.1608732835233211,-1.2171049227088688,11.542238113820552,-6.505414743956923,11.564358760213851,0.4143346548080444,-3.110103368759156,-2.057870864868164
1774472421753880300,116.08988037109376,0.1341951199561357,-1.2077562257356942,0.7651268786400556,0.1783420890569687,0.7106370329856873,-0.1822066605091095,3.422692474979162,-1.0820300973087549,0.1602647962361574,3.422692474979162,-1.0820300973087549,0.1602647962361574,10.18656818550825,-5.511535223788023,11.55777704373598,0.2010157257318496,-4.000236034393311,-1.8275165557861328
1774472421763908400,116.09990844726562,0.0759124423354864,-3.438313237959146,-0.4019657666653394,0.1933788508176803,0.6515160202980042,-0.3781121373176574,3.882910524126887,-1.688627040681243,0.8158706851884723,3.882910524126887,-1.688627040681243,0.8158706851884723,8.234459719744324,-4.367023828124999,10.19209074832201,0.0833586826920509,-4.443753719329834,-1.5906444787979126
1774472421773936400,116.10993627929687,0.3777104463309049,-5.134390594646335,-1.3631062157928944,0.1885385513305664,0.5169845819473267,-0.5583996772766113,3.7536037607342,-1.6138766278624537,0.8062244665734469,3.7536037607342,-1.6138766278624537,0.8062244665734469,6.537475185084342,-3.6616432699173687,8.549283209529518,-0.0087970830500125,-4.4540181159973145,-1.4629899263381958
1774472421783964400,116.11996435546877,0.3144277684658765,-6.079691085085273,-2.6462632810801265,0.2021661400794983,0.4165107309818268,-0.7792611122131348,3.2084207787454124,-1.0186509733319282,0.1021998530194163,3.2084207787454124,-1.0186509733319282,0.1021998530194163,5.289997335943579,-3.892272518973052,6.518306374233961,-0.1185369044542312,-4.203886032104492,-1.3407055139541626
1774472421793992200,116.1299921875,0.3108960872083902,-5.8771630181372165,-3.455473631596565,0.1381538659334182,0.3369623720645904,-0.9513556361198424,2.526459090048075,-0.3466916232109069,-1.066739735326916,2.526459090048075,-0.3466916232109069,-1.066739735326916,3.467570312103629,-4.505339535142481,4.556600643563271,-0.2478536069393158,-3.7658419609069824,-1.238025784492493
1774472421804020200,116.14002026367189,0.4625555521845817,-4.223205139777064,-2.8890292503923174,-0.0189920011907815,0.2144887596368789,-0.9985401630401612,1.8636609515041112,0.1636655445903539,-1.855914721291512,1.8636609515041112,0.1636655445903539,-1.855914721291512,2.286756892220676,-4.930649060255289,3.2249247543007136,-0.359369695186615,-3.215573787689209,-1.2130365371704102
1774472421814047200,116.15004711914062,0.4501531667292118,-2.435709144064784,-1.823703619647026,-0.157990887761116,0.0469498261809349,-0.9185145497322084,1.5122691877782344,0.570557661741972,-1.9036023551397023,1.5122691877782344,0.570557661741972,-1.9036023551397023,1.6715397122800348,-4.926733932638168,2.45938228059709,-0.4565662741661072,-2.481184720993042,-1.2187362909317017
1774472421824075300,116.1600751953125,0.5274602782934904,-1.340568513031304,-1.6048627158015965,-0.2395702898502349,-0.0616641230881214,-0.8046404719352722,1.345161978301406,0.7520265740483999,-1.7482710697829722,1.345161978301406,0.7520265740483999,-1.7482710697829722,0.762642076086998,-4.35929264935106,1.918751555085182,-0.6030464172363281,-1.8454464673995967,-1.1706061363220217
1774472421834103300,116.17010327148438,0.547276739397645,-0.8257931634616106,-1.8605594783574344,-0.3027164936065674,-0.0844980627298355,-0.7050566077232361,1.1549287447810173,0.5847457615703344,-1.5324562357604503,1.1549287447810173,0.5847457615703344,-1.5324562357604503,0.0443482602924108,-3.424184467102587,1.2488783635884522,-0.8125003576278687,-1.395806908607483,-1.0414537191390991
1774472421844131300,116.18013134765626,0.27447277469635,-0.4943982589080929,-2.185803824391961,-0.3324986398220062,-0.0268628187477588,-0.6386191248893738,0.9231412656009196,0.611567133000493,-1.28513377218768,0.9231412656009196,0.611567133000493,-1.28513377218768,0.1656762998908758,-2.4260861601948736,0.947531025969982,-1.0158768892288208,-0.9829702973365784,-0.8999790549278259
1774472421854159400,116.19015942382812,-0.1437666658997535,-0.0958060237964615,-2.3953619361072778,-0.3471622765064239,0.0359132140874862,-0.5957204103469849,0.5927279924958944,0.7143488775610923,-1.2487833787813782,0.5927279924958944,0.7143488775610923,-1.2487833787813782,0.7901677963942288,-1.6886980600908397,0.9923644394308327,-1.1596359014511108,-0.7482051849365234,-0.7387943863868713
1774472421864186400,116.20018627929689,-0.421517439353466,0.4425475140310824,-2.248896532642841,-0.3812783360481262,0.0531752295792102,-0.5461918711662292,0.2163712988615035,0.8633943606466055,-1.3968113553874193,0.2163712988615035,0.8633943606466055,-1.3968113553874193,1.2123504216581582,-1.3245894381329415,0.7486205649971962,-1.1968796253204346,-0.575380802154541,-0.5933204889297485
1774472421874214100,116.21021411132811,-0.4355670074939727,0.932669995316118,-1.7333406271547078,-0.4159542620182037,0.0438432469964027,-0.4443703889846802,-0.1289765085250139,1.0558306571692229,-1.503135887121409,-0.1289765085250139,1.0558306571692229,-1.503135887121409,1.8422218576341869,-1.3030185345768928,0.8226409099757671,-1.161431908607483,-0.3854166865348816,-0.4508504569530487
1774472421884242200,116.2202421875,-0.280545372608304,1.2046354633666574,-1.1632985137194394,-0.4303819835186004,0.0049115484580397,-0.3282229900360107,-0.3334223917931318,1.0902829618692398,-1.431395615904033,-0.3334223917931318,1.0902829618692398,-1.431395615904033,1.9340271578893065,-1.414025378908217,1.0452449657469989,-1.185942769050598,-0.1404367238283157,-0.3305709362030029
1774472421894270200,116.23027026367188,-0.0863946733832359,1.3230616440437732,-0.8137590998619795,-0.442410945892334,-0.0214063413441181,-0.2209338098764419,-0.3986509430289268,0.8293833699733019,-1.2422748736701903,-0.3986509430289268,0.8293833699733019,-1.2422748736701903,1.9733821399390696,-1.399487442728877,0.9418184935420753,-1.3381303548812866,0.0176557078957557,-0.2198579907417297
1774472421904298200,116.24029833984376,0.026971593555808,1.0840883450128138,-0.462193148612976,-0.4232155382633209,-0.0667652934789657,-0.1539259105920791,-0.3005845365524291,0.3523603164970874,-1.289214319499582,-0.3005845365524291,0.3523603164970874,-1.289214319499582,2.14968095613122,-1.2830528742603955,0.5194061511754989,-1.5506398677825928,0.0943388789892196,-0.10658910125494
1774472421914325200,116.2503251953125,-0.0337888723552227,0.7185329583127051,-0.311916662427783,-0.3847091495990753,-0.1060093715786933,-0.1044856607913971,-0.237142868733406,-0.2445329789847135,-1.402107854360342,-0.237142868733406,-0.2445329789847135,-1.402107854360342,2.134888168407977,-1.2551501373343168,0.4712853866070509,-1.700806736946106,0.0999320447444915,0.041534848511219
1774472421924353300,116.26035327148438,-0.1787888794422149,0.4034538863312453,-0.2487082188427448,-0.3508259356021881,-0.1335679292678833,-0.0853044092655181,-0.1832078649282455,-0.9589280337750912,-1.3550455128036438,-0.1832078649282455,-0.9589280337750912,-1.3550455128036438,1.7335855418264865,-1.3661713024519384,0.7553203548967837,-1.821181058883667,0.0983483865857124,0.199785441160202
1774472421934381300,116.27038134765624,-0.2739034503757953,0.3641177551124244,-0.1613245344221592,-0.3245083093643188,-0.1628911942243576,-0.0878045782446861,0.0148451024323701,-1.5170646053612231,-1.29767556611374,0.0148451024323701,-1.5170646053612231,-1.29767556611374,1.4927274519622324,-1.6809641048379242,0.8448942428380251,-1.904021978378296,0.1036653891205787,0.3359842896461487
1774472421944409300,116.28040942382812,-0.2702969503164291,0.5278390850106254,-0.0843675514698028,-0.3122231066226959,-0.1677210032939911,-0.0748253017663955,0.1950397570192813,-1.726972845688462,-1.2533755288772284,0.1950397570192813,-1.726972845688462,-1.2533755288772284,1.1855512620598077,-1.835391427092254,0.8076590294212103,-1.9678459167480469,0.1310236603021621,0.5080480575561523
1774472421954437400,116.29043725585936,-0.0700853436172008,0.6692779290173202,0.0592442161291837,-0.3070821166038513,-0.1500581204891204,-0.0346507132053375,0.3708680330902338,-1.5248212108373642,-1.076671785145998,0.3708680330902338,-1.5248212108373642,-1.076671785145998,0.5725222398132086,-1.7570124485127627,0.6973568262279033,-2.03877329826355,0.1396144777536392,0.6355249881744385
1774472421964465400,116.30046533203124,0.1715776328891515,0.8072356163773685,0.2758247738271951,-0.3064173460006714,-0.1464689373970031,0.0204404015094041,0.2727905206978321,-1.0574030210524796,-0.7331779350630938,0.2727905206978321,-1.0574030210524796,-0.7331779350630938,0.4558928794249892,-1.638082117705792,0.3169564101606607,-2.156847715377808,0.0876297876238823,0.6679010987281799
1774472421974492400,116.31049243164064,0.2998340104460716,0.9565146890230476,0.4329693922162055,-0.2967846989631653,-0.1415010839700698,0.0774024873971939,-0.0218605341523885,-0.6811924578905105,-0.4091777438707649,-0.0218605341523885,-0.6811924578905105,-0.4091777438707649,0.7904881143897772,-1.6847002226263283,-0.1008820484191179,-2.285617113113404,-0.0302885882556438,0.6366515755653381
1774472421984520200,116.32052026367188,0.3163175277352333,0.991060005768761,0.4965139358878135,-0.2867109179496765,-0.1432320922613144,0.1213239878416061,-0.1575882705032825,-0.5808499231755733,-0.2347597729891538,-0.1575882705032825,-0.5808499231755733,-0.2347597729891538,1.0961755270391702,-1.9092168340206144,-0.1642892294466495,-2.37703275680542,-0.1570015698671341,0.59651118516922
1774472421994548200,116.33054833984374,0.1263479135870933,0.8999811931572854,0.4734989710032939,-0.2642980217933655,-0.1480329781770706,0.1409757286310196,-0.1384323191344738,-0.7887380558520555,-0.0596985357679426,-0.1384323191344738,-0.7887380558520555,-0.0596985357679426,0.8569342247217893,-2.3162756860412657,0.2141109527140855,-2.4199888706207275,-0.300633043050766,0.6038649678230286
1774472422004576300,116.340576171875,-0.1742109040021896,0.6782411338042468,0.3980056308627128,-0.2379862964153289,-0.1623001396656036,0.1335485726594925,0.097677699419856,-1.078517705273628,0.0619490911737084,0.097677699419856,-1.078517705273628,0.0619490911737084,0.2151788742065429,-2.307378386097401,0.5893009406566619,-2.4973278045654297,-0.4752182364463806,0.6323412656784058
1774472422014604300,116.35060424804688,-0.3598796060860156,0.4248028907649219,0.2642822200715541,-0.2091573178768158,-0.178281769156456,0.1207930967211723,0.600932926261425,-0.9798135854154824,0.2169403309211134,0.600932926261425,-0.9798135854154824,0.2169403309211134,-0.002935468930006,-1.8523070521883664,0.4461152895152568,-2.609931707382202,-0.6553949117660522,0.6201232075691223
1774472422024631300,116.36063134765624,-0.3257546336442232,0.2382129273840226,0.1726923161327838,-0.1914767026901245,-0.1841323375701904,0.1305391788482666,1.090821306529641,-0.5496838005393743,0.2688829918652772,1.090821306529641,-0.5496838005393743,0.2688829918652772,0.2962158199489116,-1.637807976939529,-0.0516097757279872,-2.6938273906707764,-0.8239278197288513,0.5832706689834595
1774472422034659300,116.37065942382812,-0.1292249303281307,0.1632357931372709,0.0923953751027584,-0.1882335096597671,-0.1856684684753418,0.15216164290905,1.4430647186487913,-0.2549023973077535,-0.0065849313482642,1.4430647186487913,-0.2549023973077535,-0.0065849313482642,0.6041875441431999,-1.8413450747996567,-0.301411050504446,-2.688826322555542,-0.8688843846321106,0.5754380226135254
1774472422044687400,116.38068725585936,0.0301391176760196,0.2086160268259234,0.0462479564338922,-0.2012808471918106,-0.1880397796630859,0.1724754720926284,1.4635007729560137,-0.2504641225993633,-0.3428843398824334,1.4635007729560137,-0.2504641225993633,-0.3428843398824334,0.640446898265183,-2.309534248957038,-0.2483756258875131,-2.6536662578582764,-0.7986521124839783,0.5737686157226562
1774472422054715400,116.39071533203123,-0.0295440743923187,0.2849612528217956,0.0713672001212835,-0.2287899702787399,-0.1949938237667083,0.1730922609567642,1.0204928018063306,-0.5864654249697924,-0.7799944851651788,1.0204928018063306,-0.5864654249697924,-0.7799944851651788,0.6705249334037303,-2.9656419499516486,-0.369231956321001,-2.630692958831787,-0.6897397637367249,0.6201619505882263
1774472422064743200,116.4007431640625,-0.2681950096011161,0.3062399319656193,0.1023135425269603,-0.2547709345817566,-0.2057351917028427,0.1470377594232559,0.121184247213602,-0.861159148940444,-1.1043024271324275,0.121184247213602,-0.861159148940444,-1.1043024271324275,0.3151660196125507,-3.1285636904373764,-0.5239338577330113,-2.6677067279815674,-0.6211815476417542,0.6803375482559204
1774472422074771200,116.41077124023435,-0.5407809476375579,0.249305435817223,0.0850204624205827,-0.268296867609024,-0.2249794602394104,0.0984113663434982,-0.2406973463445901,-0.8487246147811413,-1.1809314933046695,-0.2406973463445901,-0.8487246147811413,-1.1809314933046695,-0.324634105181694,-2.5984707255527377,-0.7880366295844315,-2.7727062702178955,-0.6731718182563782,0.701146125793457
1774472422084798500,116.42079858398438,-0.7250409519672394,0.0999238526451401,-0.020846973195672,-0.2723660767078399,-0.2481258809566497,0.048507235944271,-0.108619656933844,-0.404036727720499,-0.819148099423945,-0.108619656933844,-0.404036727720499,-0.819148099423945,-0.5155179115653038,-1.7819027057498693,-0.9368126480787992,-2.891231060028076,-0.8535177111625671,0.6405209898948669
1774472422094826200,116.430826171875,-0.7382873870313167,-0.0852331005242653,-0.1149362927347421,-0.2714076042175293,-0.2636523842811584,0.008416811004281,0.0664338353723287,0.2096077960759401,-0.3571773613899946,0.0664338353723287,0.2096077960759401,-0.3571773613899946,-0.2457686582595109,-1.3824103434607389,-0.6550824496001004,-2.8945441246032715,-1.1456691026687622,0.5648301839828491
1774472422104854300,116.44085424804688,-0.5495253951072693,-0.2401315474216826,-0.1623293275505304,-0.2682039141654968,-0.2797226011753082,-0.0096471924334764,0.1389022747337818,0.5042284557878971,-0.2810781643107533,0.1389022747337818,0.5042284557878971,-0.2810781643107533,0.0182590025290846,-1.5852373933553694,-0.0657908612936735,-2.8036141395568848,-1.4116098880767822,0.4784190356731415
1774472422114882300,116.45088232421875,-0.2712041282892227,-0.340976679630205,-0.1985638394922018,-0.2674600780010223,-0.3034116625785827,-0.008118538185954,0.0853691297277808,0.4488812470972538,-0.5837471059218049,0.0853691297277808,0.4488812470972538,-0.5837471059218049,0.2358361700490117,-2.1318246891841293,0.1590279479175806,-2.716910123825073,-1.581230640411377,0.4165982902050018
1774472422124910300,116.46091040039065,-0.0884358238220214,-0.3466977606907486,-0.235128606301546,-0.2754150032997131,-0.3204375803470611,-0.0076153664849698,-0.0810667563587427,0.0534597875088453,-1.1670400383353232,-0.0810667563587427,0.0534597875088453,-1.1670400383353232,0.3482534657001495,-2.7542402561962605,-0.2526911509990692,-2.6824331283569336,-1.5850775241851809,0.3628338575363159
1774472422134937300,116.47093725585935,-0.0345253699362278,-0.2214895917233079,-0.2809036845266819,-0.2805804908275604,-0.3349049091339111,-0.0188698843121528,-0.2178705975085496,-0.6000684183865785,-1.9096242457777264,-0.2178705975085496,-0.6000684183865785,-1.9096242457777264,0.3610796295255422,-3.1595591326817867,-0.8930021479249,-2.7173447608947754,-1.4606425762176514,0.3543723225593567
1774472422144965000,116.48096508789062,-0.0213525846302509,-0.038612566184625,-0.3292892375111579,-0.2898159921169281,-0.3457857668399811,-0.0260485373437404,-0.2769838807344436,-1.3297282623261213,-2.420426819258928,-0.2769838807344436,-1.3297282623261213,-2.420426819258928,-0.133118430635333,-3.1175919223070143,-1.4951497106730938,-2.789651393890381,-1.2902940511703491,0.3680018186569214
1774472422154993400,116.49099340820312,0.0188595987707376,0.1428700823862105,-0.3532400219410657,-0.3009567856788635,-0.3619612753391266,-0.0313005559146404,-0.4672711825296282,-1.8238795607358216,-2.390202945908904,-0.4672711825296282,-1.8238795607358216,-2.390202945908904,-0.5350687074705958,-2.658413737601041,-1.799808949318528,-2.8907628059387207,-1.27678120136261,0.3712695240974426
1774472422165021200,116.50102124023438,0.0860001211076974,0.2928846296995878,-0.2976502366662025,-0.3094981610774994,-0.3717405796051025,-0.0240282900631427,-0.7475602422893047,-1.9987842922210688,-1.774730622163415,-0.7475602422893047,-1.9987842922210688,-1.774730622163415,-0.7248851768836378,-1.9542828871935605,-1.8226450505048035,-2.9899656772613525,-1.437088131904602,0.3678169846534729
1774472422175049200,116.51104931640624,0.1645376512497663,0.4177325139872729,-0.1808142477899789,-0.3090898990631103,-0.386311262845993,-0.0035957191139459,-0.5870569611221551,-1.8645535164296625,-0.8422282384991645,-0.5870569611221551,-1.8645535164296625,-0.8422282384991645,-1.0037215536169708,-1.4302256953418253,-1.596485932600498,-3.0628204345703125,-1.665528416633606,0.3744953870773315
1774472422185077200,116.5210771484375,0.244929284825921,0.5329221604285761,-0.0445037431150674,-0.3047703802585602,-0.3897239565849304,0.0222755800932645,0.0476268435716629,-1.480959857279062,0.0957750806689262,0.0476268435716629,-1.480959857279062,0.0957750806689262,-1.2964606373660266,-1.319372288006544,-1.3632698819220066,-3.089714527130127,-1.8898656368255613,0.3689632713794708
1774472422195104300,116.53110424804689,0.3154863376080989,0.6027615299280733,0.1007517000377178,-0.3089393079280853,-0.3868962228298187,0.0506856516003608,0.628363369500637,-0.9372966322034596,0.7383598677456379,0.628363369500637,-0.9372966322034596,0.7383598677456379,-1.1094593715041876,-1.583638141465187,-1.362854871380329,-3.065014839172364,-2.0492730140686035,0.357968658208847
1774472422205132300,116.54113232421876,0.3653162441819906,0.5934295283613726,0.2162953110158443,-0.3081549704074859,-0.3843629360198974,0.0679071024060249,0.9896741774335504,-0.3701408878594637,1.0032155037909745,0.9896741774335504,-0.3701408878594637,1.0032155037909745,-0.772535693591833,-1.7520803989380598,-1.5485843637406824,-2.938429117202759,-2.0307250022888184,0.3640927672386169
1774472422215160300,116.55116040039064,0.3796189103007316,0.5241786262743174,0.2581201903104781,-0.3063370883464813,-0.3952547311782837,0.0780572146177291,1.0444424171924591,0.0191109431833028,0.9853431624919176,1.0444424171924591,0.0191109431833028,0.9853431624919176,-0.841758136769384,-1.4796014284074306,-1.5063859749585389,-2.74495792388916,-1.9708095788955688,0.3703431785106659
1774472422225188400,116.56118823242188,0.4069499848186969,0.3758408530667424,0.1917927379220724,-0.3018234670162201,-0.4255894422531128,0.0770842134952545,0.8494111357405781,0.0990437270760536,0.6687029786735773,0.8494111357405781,0.0990437270760536,0.6687029786735773,-0.5504461632139981,-1.0341203451424836,-1.65720723554492,-2.600637674331665,-1.928179621696472,0.3578944504261017
1774472422235216400,116.57121630859376,0.3834931213855743,0.1812585209587588,0.1081640221208334,-0.3027675449848175,-0.4530205130577087,0.0671410337090492,0.5690241685643792,-0.1063496661752462,0.1350853467941284,0.5690241685643792,-0.1063496661752462,0.1350853467941284,-0.0512456185907125,-0.8223439728558063,-2.3436557142674923,-2.5220537185668945,-1.807688474655152,0.359842300415039
1774472422245243400,116.58124340820312,0.3721288468062877,0.0293013151450082,0.0756610979229211,-0.3019476532936096,-0.4818498194217682,0.0663765892386436,0.1558256447449326,-0.499461679777503,-0.3656938453227281,0.1558256447449326,-0.499461679777503,-0.3656938453227281,-0.0772767894912511,-0.785624307745695,-2.888569816187024,-2.481980800628662,-1.5617440938949585,0.3989561796188354
1774472422255271200,116.59127124023438,0.3834311620652675,-0.0458303886089473,0.1126204170078039,-0.3053389191627502,-0.5202992558479309,0.0714650899171829,-0.4690662492528557,-0.8679097922444343,-0.6473930641412735,-0.4690662492528557,-0.8679097922444343,-0.6473930641412735,-0.3360083896983414,-0.5514502256900071,-2.820814376822114,-2.477741241455078,-1.32934308052063,0.4410256147384643
1774472422265299200,116.60129931640626,0.4238835839629173,-0.0562805440180003,0.1729939294278621,-0.3132121562957763,-0.5458008050918579,0.0904668495059013,-1.1650777983516454,-1.0119622893482445,-0.6850573166251183,-1.1650777983516454,-1.0119622893482445,-0.6850573166251183,-0.3416103013586252,-0.3434334981977939,-2.6704315076529976,-2.5194220542907715,-1.17947256565094,0.4735095202922821
1774472422275327200,116.6113271484375,0.5029162041455507,-0.0570540126085281,0.2453343584954738,-0.3214764893054962,-0.5668813586235046,0.1082948520779609,-1.7848153783261775,-0.8929355124294758,-0.4841904608875513,-1.7848153783261775,-0.8929355124294758,-0.4841904608875513,-0.5341285770762711,-0.314423092290759,-2.554702018713951,-2.5621132850646973,-1.0852009057998655,0.4821967482566833
1774472422285355300,116.62135522460936,0.5652344208925962,-0.0478470621936023,0.3063718877822161,-0.3254156410694122,-0.5888778567314148,0.1166557669639587,-1.949955963905156,-0.5277759201139212,-0.1216547873347997,-1.949955963905156,-0.5277759201139212,-0.1216547873347997,-0.6364555636066943,-0.3242313695996999,-2.2414748582094908,-2.5963566303253174,-1.0983271598815918,0.4380047917366028
1774472422295383300,116.63138330078124,0.5644184283345938,-0.0345887905612587,0.3264344326019286,-0.3262161612510681,-0.6197375059127808,0.1093129068613052,-1.688615642504394,-0.0049240123987197,0.3311608766019344,-1.688615642504394,-0.0049240123987197,0.3311608766019344,-0.5637456436395645,-0.2087123085409402,-1.845365416356921,-2.5880703926086426,-1.2564698457717896,0.3781475722789764
1774472422305410300,116.64141040039064,0.4698398639738559,-0.0294414177354425,0.2982873655259609,-0.3303557336330414,-0.6453999876976013,0.0836528167128562,-1.2690426152169705,0.3507394372969865,0.6111369248896837,-1.2690426152169705,0.3507394372969865,0.6111369248896837,-0.7124409981131553,-0.0395423213154077,-1.476236920410395,-2.532428026199341,-1.518410325050354,0.2988136112689972
1774472422315438300,116.65143823242188,0.3596411211550235,-0.0408109530117362,0.258515911629796,-0.3395055532455444,-0.676876962184906,0.0478447526693344,-0.7569944255888461,0.3368091116219758,0.6774094322204589,-0.7569944255888461,0.3368091116219758,0.6774094322204589,-0.61610477643013,-0.0159416654974222,-1.3394541220486162,-2.4490175247192383,-1.8135085105896,0.2073292434215545
1774472422325466400,116.66146630859376,0.2642921569436788,-0.0387459833059459,0.202494749200344,-0.3449365496635437,-0.6914692521095276,0.0140931773930788,-0.2137187385261058,0.0788362208276987,0.6413894398123026,-0.2137187385261058,0.0788362208276987,0.6413894398123026,-0.4515256241261959,-0.0298497793406248,-1.5464935289412736,-2.3638172149658203,-2.107893228530884,0.1401732861995697
1774472422335494400,116.67149438476562,0.2946200751900673,-0.0486769371464848,0.1253752691626548,-0.3488495349884033,-0.702423632144928,0.0015547489747405,0.0742901018306612,-0.2891606407403945,0.6683709702402353,0.0742901018306612,-0.2891606407403945,0.6683709702402353,-0.5809118824958801,-0.0092991587430238,-1.883351740401983,-2.275187730789185,-2.3850321769714355,0.1053353995084762
1774472422345522200,116.68152221679688,0.3624199382185936,-0.0781578831747174,0.0732879390507936,-0.3527072072029114,-0.7137192487716675,0.0058426037430763,0.0817792885422706,-0.6211550455570221,0.7129144608438015,0.0817792885422706,-0.6211550455570221,0.7129144608438015,-0.4466051188588142,0.1115904894381761,-2.207645946104825,-2.188908576965332,-2.599299669265747,0.103358082473278
1774472422355549400,116.69154956054687,0.4726473226100206,-0.0645144116170704,0.0597439823448658,-0.3466085791587829,-0.7290659546852112,0.0251308139413595,-0.0942383726209402,-0.8028472452253103,0.7526075888067484,-0.0942383726209402,-0.8028472452253103,0.7526075888067484,-0.375403338432312,0.2747802332103252,-2.4578137161061164,-2.097599506378174,-2.673301696777344,0.124793604016304
1774472422365577200,116.7015771484375,0.5712433059185743,-0.041935134736076,0.0497404747247695,-0.3285512626171112,-0.7518585920333862,0.0677328705787658,-0.3642028761126101,-0.7785095073044299,0.7816951516032219,-0.3642028761126101,-0.7785095073044299,0.7816951516032219,-0.4328291434952989,0.3790110075354576,-2.537730717907846,-2.030412435531616,-2.646000862121582,0.138533666729927
1774472422375605200,116.71160522460936,0.6095084469050168,0.0193510355494916,0.0033422961652278,-0.313281238079071,-0.7712759971618652,0.1143698841333389,-0.5874860001891851,-0.5242243651121854,0.8296849832683801,-0.5874860001891851,-0.5242243651121854,0.8296849832683801,-0.2241781732201576,0.4826777182370424,-2.63170021045953,-1.99593472480774,-2.572056293487549,0.1352161616086959
1774472422385633300,116.72163330078124,0.5200169765502214,0.0726077017016708,-0.0297924961954355,-0.3057015538215637,-0.7837457060813904,0.1448270380496978,-0.7400397836565971,-0.1938911715060472,0.9667325700461864,-0.7400397836565971,-0.1938911715060472,0.9667325700461864,0.0092248513977974,0.6758224552899599,-2.6728002826109525,-1.9425773620605469,-2.497453451156616,0.1007066667079925
1774472422395661300,116.73166137695311,0.3529150277704,0.1132889639191329,0.0200081842839717,-0.2962561249732971,-0.7739535570144653,0.1608195900917053,-0.9934208166159688,0.0075987845659255,1.0894389122605324,-0.9934208166159688,0.0075987845659255,1.0894389122605324,0.1732487809717655,0.8666612534880638,-2.5146236908257005,-1.87509286403656,-2.470142364501953,0.0534419454634189
1774472422405688300,116.74168823242188,0.2767009721398353,0.1917895230516791,0.0834977828979492,-0.2869710624217987,-0.7602118849754333,0.1606654673814773,-1.2050870065264403,-0.1098106202840804,1.0529401964247227,-1.2050870065264403,-0.1098106202840804,1.0529401964247227,0.1687925322152674,1.0112345595955847,-2.3407059245511888,-1.82292115688324,-2.503228187561035,0.0417221747338771
1774472422415716000,116.75171606445312,0.2783142525553703,0.2772202467735856,0.1881061583638191,-0.2859393656253814,-0.7492654919624329,0.1690312623977661,-1.2127074184022844,-0.3213356481581926,0.9215309077948332,-1.2127074184022844,-0.3213356481581926,0.9215309077948332,0.1323521224379539,1.0601835916817188,-2.488964056651294,-1.840812087059021,-2.566690444946289,0.0064816316589713
1774472422425744400,116.76174438476562,0.3634881519719958,0.3684348876591771,0.3184486945450305,-0.2959579229354858,-0.7460294961929321,0.1915115565061569,-1.0485298326365649,-0.3899386442631483,0.8576216224640607,-1.0485298326365649,-0.3899386442631483,0.8576216224640607,0.3139092975497246,0.9529688331097363,-2.7862606575742364,-1.8813191652297967,-2.6049282550811768,-0.0195968952029943
1774472422435772200,116.77177221679688,0.4531725145503878,0.4178286678381264,0.3959884458214044,-0.3071551918983459,-0.7392501831054688,0.2128823548555374,-0.834251706662029,-0.2581669520616531,0.9625596682757138,-0.834251706662029,-0.2581669520616531,0.9625596682757138,0.3368763316392898,0.9082102384507657,-2.872273638163507,-1.8695229291915887,-2.587249755859375,-0.0633371844887733
1774472422445800200,116.78180029296875,0.4958636552855372,0.4079963520664721,0.435398665189743,-0.3177797794342041,-0.7418349385261536,0.2359561175107956,-0.6391692795448005,-0.1601227574169635,1.0615122099369765,-0.6391692795448005,-0.1601227574169635,1.0615122099369765,0.3258673002384603,0.91786244841516,-2.672025498846173,-1.818492412567139,-2.518742561340332,-0.0819603130221366
1774472422455828200,116.791828125,0.4694289450854063,0.3346624549821019,0.3980699282705783,-0.319944679737091,-0.7541318535804749,0.2506823539733886,-0.6062362933665514,-0.1457832664191722,1.004197500565648,-0.6062362933665514,-0.1457832664191722,1.004197500565648,0.0955094154700636,0.8240858480870723,-2.520926590362191,-1.7393745183944702,-2.395376205444336,-0.0543856769800186
1774472422465855500,116.80185546875,0.4157201512515545,0.2746552916564047,0.3271066327750682,-0.3098587691783905,-0.7591317296028137,0.2602654695510864,-0.5771515070490538,-0.0818482621252536,0.7986462864041328,-0.5771515070490538,-0.0818482621252536,0.7986462864041328,0.0691837186023592,0.8909849628835916,-2.5363795955598354,-1.6561845541000366,-2.319241523742676,-0.0801345705986023
1774472422475883300,116.81188330078125,0.3493111580595374,0.2774338164590298,0.2921294274181127,-0.2950140237808227,-0.756045937538147,0.2797023057937622,-0.5136369201242923,0.0494873767465353,0.4940618665605783,-0.5136369201242923,0.0494873767465353,0.4940618665605783,0.4557599006950855,0.6191729318290948,-2.815230439209938,-1.5860086679458618,-2.2063241004943848,-0.1026899442076683
1774472422485911300,116.82191137695312,0.275839971396327,0.3080247695557773,0.2658487387359142,-0.2787370383739471,-0.7393065094947815,0.3081457912921905,-0.5806961939185857,0.2832312506914138,0.204225518515706,-0.5806961939185857,0.2832312506914138,0.204225518515706,0.5307121196962893,0.3766027773499488,-3.0978987953215835,-1.4767141342163086,-2.0827865600585938,-0.108719490468502
1774472422495939300,116.83193920898438,0.1857645636737346,0.3489515309669077,0.2077642140358686,-0.2508617341518402,-0.7249494194984436,0.3454441726207733,-0.7134849542081355,0.4122977755874395,-0.1159434239506721,-0.7134849542081355,0.4122977755874395,-0.1159434239506721,0.4691184178315102,0.4873609076172113,-3.141861271166801,-1.327237844467163,-1.943496584892273,-0.1218142509460449
1774472422505967400,116.84196728515624,0.1040296987950801,0.3913531872361898,0.1214654022425413,-0.241822063922882,-0.6949282884597778,0.3795423209667206,-0.7994996883630752,0.442569579732418,-0.4561918623715639,-0.7994996883630752,0.442569579732418,-0.4561918623715639,0.5428478170394897,0.691801530188322,-3.088641722154617,-1.1615378856658936,-1.7729249000549316,-0.1275509595870971
1774472422515994400,116.85199438476562,-0.0112988081276416,0.4240247459992766,0.0001221650749444,-0.218831792473793,-0.6020758748054504,0.377457857131958,-0.7051373971015215,0.5192173506051302,-0.6916559842377901,-0.7051373971015215,0.5192173506051302,-0.6916559842377901,0.6119852122820914,0.8098568317264317,-3.034098231062293,-0.991738736629486,-1.562184453010559,-0.1031436249613761
1774472422526022100,116.86202221679687,-0.1160205808401107,0.3434590710304677,-0.1354576872378587,-0.1773906052112579,-0.5299373865127563,0.3440302908420563,-0.6524455982904881,0.4824193595618009,-0.7371037302047014,-0.6524455982904881,0.4824193595618009,-0.7371037302047014,0.5624715320505201,0.7796762129962443,-3.008801000459492,-0.8276032209396362,-1.290089130401611,-0.0689336061477661
1774472422536050400,116.87205053710936,-0.2474205171197652,0.1397439862549304,-0.237553203099966,-0.1455439925193786,-0.4979419112205505,0.3085327446460724,-0.7155493393920361,0.4513941067010164,-0.5120797538101672,-0.7155493393920361,0.4513941067010164,-0.5120797538101672,0.7203681378506124,0.6280237622827292,-3.0354642587184903,-0.6878088116645813,-0.977478802204132,-0.0219133626669645
1774472422546078200,116.882078125,-0.3238517226323485,0.0594268792197108,-0.1733300295144319,-0.1321200877428054,-0.4862332344055176,0.2866391241550445,-0.7117470244996249,0.3490753034770488,-0.1808189239650964,-0.7117470244996249,0.3490753034770488,-0.1808189239650964,0.8872503063999115,0.4804845921069383,-3.137501322391629,-0.6021014451980591,-0.6326521635055542,0.0312182623893022
1774472422556106200,116.89210620117188,-0.3089928839355707,0.0544094894491136,0.0082820906549692,-0.1245718821883201,-0.4961444437503814,0.2784658670425415,-0.7110685407161712,0.1682598866432905,0.2403688450425863,-0.7110685407161712,0.1682598866432905,0.2403688450425863,0.7621312039554119,0.4464753549993038,-3.3082012956634164,-0.5705201029777527,-0.2025801539421081,0.1342381238937378
1774472422566134000,116.90213403320313,-0.21680676766932,0.0705583679564297,0.1485883869677782,-0.130079835653305,-0.485044926404953,0.2804464697837829,-0.6308230376124382,-0.0152852474153041,0.6748124014645814,-0.6308230376124382,-0.0152852474153041,0.6748124014645814,0.4564426222622394,0.7508809111446142,-3.404385249394178,-0.5705530047416687,0.2224072068929672,0.1983693242073059
1774472422576161000,116.9121611328125,-0.05643500392735,0.1198524140879511,0.3099111678242683,-0.1441975235939026,-0.4622045755386352,0.2960160970687866,-0.5100824425131082,-0.0015969138026237,1.0065414333432912,-0.5100824425131082,-0.0015969138026237,1.0065414333432912,0.6651929247260093,1.00288817153275,-3.405410500788689,-0.6173626184463501,0.5836695432662964,0.2286659777164459
1774472422586189000,116.92218896484376,0.0633551585793495,0.1796982493720948,0.4971738611012697,-0.1643138080835342,-0.452708750963211,0.3162763714790344,-0.3655085518836974,0.2122229470103979,1.1581062057733535,-0.3655085518836974,0.2122229470103979,1.1581062057733535,0.9187959298729896,1.0646528460502624,-3.276317087885737,-0.6544665694236755,0.9089018106460572,0.2447052896022796
1774472422596217000,116.93221704101562,0.087377254679799,0.2252165763571858,0.6109346803158521,-0.183028906583786,-0.4657979011535644,0.3395119309425354,-0.3027110271871089,0.7502806071639061,1.0083511131137608,-0.3027110271871089,0.7502806071639061,1.0083511131137608,0.9755215873099864,1.0887222884237766,-2.6857594251662493,-0.6219461560249329,1.1571942567825315,0.2471756339073181
1774472422606245000,116.9422451171875,-0.0148719904392957,0.2519331722386181,0.6939350350856781,-0.1933828890323639,-0.5024557709693909,0.3744617998600006,-0.2997235358089208,0.6215478442668915,1.0594400798380377,-0.2997235358089208,0.6215478442668915,1.0594400798380377,1.055600940066576,1.1861340303838253,-1.8254888956286013,-0.5233298540115356,1.248318791389465,0.2501192092895508
1774472422616273200,116.95227319335936,-0.1409919404894113,0.2861225882187485,0.7246405544728041,-0.1941655874252319,-0.5475252866744995,0.4035049080848694,-0.2350461887151002,0.3274421483397484,1.021325745499134,-0.2350461887151002,0.3274421483397484,1.021325745499134,1.126371197208017,1.3542764281272888,-1.064523447516933,-0.3797929286956787,1.1843653917312622,0.2733113765716553
1774472422626300200,116.96230004882813,-0.2244452997237443,0.2706248670965433,0.7043406937658786,-0.1851657629013061,-0.5827341079711914,0.4276646673679352,-0.2310515661209821,-0.0742605834752321,0.9444786526620388,-0.2310515661209821,-0.0742605834752321,0.9444786526620388,1.1216240026809274,1.5713006379395722,-0.5554744397047907,-0.224039539694786,1.0670698881149292,0.2988814115524292
1774472422636328000,116.97232788085938,-0.2362602406799793,0.2431114217489957,0.6460948410242796,-0.1593663990497589,-0.6057227849960327,0.4379340708255768,-0.1835012949168682,-0.422222372752428,0.7934849581182003,-0.1835012949168682,-0.422222372752428,0.7934849581182003,1.1275577766440807,1.6750982815444468,-0.3487054472513496,-0.0783563703298568,0.9980177879333496,0.3247936964035034
1774472422646356200,116.98235620117188,-0.2089008168503641,0.205972946704924,0.5427940410256386,-0.1253049224615097,-0.6024240851402283,0.449880987405777,-0.1757201395213604,-0.635150253161788,0.5248164857864379,-0.1757201395213604,-0.635150253161788,0.5248164857864379,0.9210485311053692,1.6848673958867788,-0.4332918291036039,0.0238968431949615,1.0028934478759766,0.3367917239665985
1774472422656384000,116.99238403320312,-0.1833963732376694,0.1387580439575016,0.4052548713386059,-0.083725519478321,-0.5922608971595764,0.4611389636993408,-0.2293384785927832,-0.7136474512934684,0.2171381915807723,-0.2293384785927832,-0.7136474512934684,0.2171381915807723,0.6831554285265505,1.5418167693018912,-0.8231813735280186,0.0596069023013114,1.0974756479263306,0.3382588624954223
1774472422666412000,117.002412109375,-0.1864014002725482,0.0678621146097779,0.2615250303179025,-0.0383044071495533,-0.5930915474891663,0.4621555805206299,-0.2846587992765009,-0.7077490409046411,-0.0471790998041629,-0.2846587992765009,-0.7077490409046411,-0.0471790998041629,0.5538705847047269,1.2511141598165034,-1.2518230387382208,0.0600835755467414,1.2606836557388306,0.3200075626373291
1774472422676439000,117.01243896484377,-0.2731687063604593,0.0592741728760302,0.1604752241164445,-0.0089920591562986,-0.6017646789550781,0.4591475427150726,-0.4010239557705819,-0.6394499961823225,-0.1977425862371921,-0.4010239557705819,-0.6394499961823225,-0.1977425862371921,0.5425906274080277,0.8950544042795896,-1.4565484696000814,0.0542480573058128,1.4366086721420288,0.2845124006271362
1774472422686467000,117.02246704101564,-0.3523836973726749,0.0962448901377618,0.1114648172318935,0.0189693681895732,-0.6152265667915344,0.450261503458023,-0.5778431425750256,-0.5602917037934064,-0.2316039393067359,-0.5778431425750256,-0.5602917037934064,-0.2316039393067359,0.5821592522084713,0.5339028785616159,-1.3759861556321382,0.0575071983039379,1.5775690078735352,0.251797616481781
1774472422696495000,117.0324951171875,-0.3876718683749437,0.1537013460673391,0.0307861834079027,0.0350804254412651,-0.6220312118530273,0.4406608045101166,-0.7171855622917414,-0.4883160163849592,-0.2074497412592172,-0.7171855622917414,-0.4883160163849592,-0.2074497412592172,0.6085713121853769,0.2256967610895633,-1.076842319407314,0.0795291364192962,1.6308565139770508,0.2304846197366714
1774472422706523100,117.04252319335936,-0.3167839762032032,0.2411640870735049,0.0248462719649076,0.0362551808357238,-0.6013514995574951,0.4422591626644134,-0.7782067249655723,-0.4161474367529154,-0.1756897443830966,-0.7782067249655723,-0.4161474367529154,-0.1756897443830966,0.6264002527341246,0.0061515083670616,-0.6838647458396852,0.1061705872416496,1.6003475189208984,0.2231300622224807
1774472422716551200,117.05255126953124,-0.1827437545478344,0.2777133640527725,0.0924877295613288,0.0354088246822357,-0.577521800994873,0.4528124928474426,-0.8354394551418721,-0.3501999235928058,-0.1473889480501413,-0.8354394551418721,-0.3501999235928058,-0.1473889480501413,0.6014576807878911,-0.16016659655869,-0.3749091251745819,0.1294322460889816,1.5108953714370728,0.2276651710271835
1774472422726579200,117.0625791015625,-0.0806827254772186,0.2530493167869747,0.1323591367006301,0.0338641479611396,-0.567453920841217,0.4703333377838135,-0.8501409113198518,-0.2996808657109737,-0.0953647463023662,-0.8501409113198518,-0.2996808657109737,-0.0953647463023662,0.5132208866693079,-0.2491524554789066,-0.1631008964449167,0.1400302499532699,1.3931864500045776,0.2271835505962371
1774472422736606200,117.07260620117188,-0.0403936774477362,0.1356179923661053,0.0410141474336385,0.019946202635765,-0.5684353113174438,0.4727914333343506,-0.8104070129550993,-0.2516933721333742,-0.0772977592140436,-0.8104070129550993,-0.2516933721333742,-0.0772977592140436,0.4431238526143133,-0.3580126431703567,-0.0685819533169269,0.1499888747930526,1.285243272781372,0.2187397330999374
1774472422746634000,117.08263403320312,-0.0770370624512434,0.0501904104493558,0.0325713132590055,0.0001625001896172,-0.5728132128715515,0.4585841000080108,-0.7251134326815605,-0.1919043816030025,-0.0444014517843723,-0.7251134326815605,-0.1919043816030025,-0.0444014517843723,0.3917245047666132,-0.442198408332467,0.0060449792526662,0.1533687114715576,1.176264405250549,0.1924768388271331
1774472422756662000,117.092662109375,-0.161457220891118,0.0523449581347405,0.0097463179886341,-0.0286353267729282,-0.563666820526123,0.4325312077999115,-0.5941488190792501,-0.1874620152413845,-0.0226543148785829,-0.5941488190792501,-0.1874620152413845,-0.0226543148785829,0.4555833750844001,-0.4931365684092044,-0.0126736036121845,0.1504924893379211,1.086625099182129,0.1665605455636978
1774472422766690000,117.10268994140624,-0.2099626008629798,-0.0121846510514616,-0.0421206473708152,-0.0673994049429893,-0.5346670150756836,0.3879295289516449,-0.4676322709269821,-0.2797071682184934,0.0016536124259233,-0.4676322709269821,-0.2797071682184934,0.0016536124259233,0.4293732674203813,-0.4879050974965095,-0.0129975748695433,0.1576030403375625,1.0088555812835691,0.1231793463230133
1774472422776718000,117.11271801757812,-0.233140647354722,-0.1171545533061027,-0.0398649773985147,-0.0931801348924636,-0.5050691962242126,0.3390517234802246,-0.4197248568482696,-0.4103308594286441,0.009783727389574,-0.4197248568482696,-0.4103308594286441,0.009783727389574,0.4572330419875681,-0.4151707006752491,0.042342035036534,0.1598899066448211,0.9133277535438538,0.0827887803316116
1774472422786745000,117.1227451171875,-0.3185591691821813,-0.3069143240958452,-0.1215583412230014,-0.1092619523406028,-0.4822893142700195,0.2761507630348205,-0.4279625238396227,-0.5166507149875164,0.002564297530055,-0.4279625238396227,-0.5166507149875164,0.002564297530055,0.4681353981435299,-0.3719377081483602,0.0989037340834736,0.1709451228380203,0.7797960042953491,0.0484177097678184
1774472422796773000,117.13277319335936,-0.4662707733154296,-0.4816436990141868,-0.1975344964444637,-0.1190469413995742,-0.477772057056427,0.2065858244895935,-0.4559159680396318,-0.6536486174046993,-0.0180173027276992,-0.4559159680396318,-0.6536486174046993,-0.0180173027276992,0.4544042483024298,-0.2807119613468646,0.2033686094254255,0.1860122233629226,0.6167924404144287,0.0231903828680515
1774472422806801200,117.14280126953123,-0.6375900475293398,-0.5719293884865939,-0.1736924330860376,-0.1281584501266479,-0.4998445808887481,0.1315329372882843,-0.4295760965161025,-0.7624234649002551,-0.0022317045748233,-0.4295760965161025,-0.7624234649002551,-0.0022317045748233,0.4944095109544694,-0.2671054607987403,0.3005209697969258,0.2050879448652267,0.4488156139850616,0.0081475069746375
1774472422816829000,117.15282885742188,-0.815988466349244,-0.5475324677243828,-0.1569347750306129,-0.1347521692514419,-0.517744779586792,0.0791743844747543,-0.3574250525407493,-0.732924983215332,0.0795779791057109,-0.3574250525407493,-0.732924983215332,0.0795779791057109,0.5343092674054205,-0.3195534409165382,0.3519675177872181,0.2320937216281891,0.2908734083175659,-0.0038566919974982
1774472422826857200,117.16285717773438,-0.930906638905406,-0.4495635302729904,-0.1155535478502512,-0.1475738435983657,-0.545724630355835,0.0344173721969127,-0.3460262911699712,-0.5503057318300009,0.2190665292948484,-0.3460262911699712,-0.5503057318300009,0.2190665292948484,0.5398037731684744,-0.362284913662076,0.3217370685659348,0.2261603623628616,0.1651333123445511,-0.002846588846296
1774472422836885000,117.17288500976562,-0.9335352338433264,-0.3527531152069568,-0.0747276164650917,-0.1587878912687301,-0.5514307022094727,0.0049156714230775,-0.2979232083886862,-0.295748786959052,0.3010088994443416,-0.2979232083886862,-0.295748786959052,0.3010088994443416,0.5485023356698453,-0.3403396238356828,0.1174560204707086,0.2018741965293884,0.0942322388291359,0.0012277814093977
1774472422846912300,117.18291235351562,-0.8474377898409963,-0.2709573139213025,-0.0183615861207246,-0.1718209236860275,-0.5312044620513916,-0.0056837755255401,-0.2231365552127361,-0.144191028791666,0.3427659741997718,-0.2231365552127361,-0.144191028791666,0.3427659741997718,0.4975660752892494,-0.2605921333819627,-0.0829495013654232,0.1625149399042129,0.0656776204705238,0.0153765063732862
1774472422856940000,117.19293994140624,-0.7224307694688439,-0.1795725771658122,0.0359177010774612,-0.1830173879861831,-0.4814640283584595,-0.0153739526867866,-0.2016394475452601,-0.030619594669342,0.3482856144040823,-0.2016394475452601,-0.030619594669342,0.3482856144040823,0.402003760588169,-0.2195832466453313,-0.2937874237582087,0.1076535582542419,0.0741131827235221,0.0325927771627903
1774472422866968000,117.20296801757812,-0.6315659649342298,-0.1000168098919093,0.0691173753678798,-0.1948820948600769,-0.4284383058547973,-0.0229608099907636,-0.185539084354788,0.018390812215209,0.3118003425717354,-0.185539084354788,0.018390812215209,0.3118003425717354,0.3851917419970035,-0.187604638582468,-0.4718870057620107,0.0697258487343788,0.107217289507389,0.0411541908979415
1774472422876996000,117.21299609375,-0.5425561406165361,-0.0857262726023793,0.1011696331888437,-0.1930261403322219,-0.3865552842617035,-0.0327623076736927,-0.2193548447169363,0.0164607209354639,0.260901345461607,-0.2193548447169363,0.0164607209354639,0.260901345461607,0.4231504473827779,-0.0160638305723667,-0.5113135917432606,0.0478005744516849,0.1491695195436477,0.0447675697505474
1774472422887024000,117.22302416992189,-0.4979916072249412,-0.0397907431185245,0.1032809262543916,-0.1746541261672973,-0.3514793515205383,-0.0483685992658138,-0.2065180133670568,-0.0089928692728281,0.2122398981451988,-0.2065180133670568,-0.0089928692728281,0.2122398981451988,0.4108896623551845,0.14802549238801,-0.4873737670987844,0.0483745075762271,0.1690331995487213,0.0446818061172962
1774472422897051100,117.23305102539062,-0.4989569451257586,-0.016360621561855,0.0871148043513298,-0.1481764465570449,-0.3502324819564819,-0.0685881152749061,-0.1738064148545265,-0.053335284346342,0.190763979396224,-0.1738064148545265,-0.053335284346342,0.190763979396224,0.4402829300999641,0.264543501356244,-0.3908247794479131,0.0634232386946678,0.142640471458435,0.0438695400953292
1774472422907079000,117.24307885742188,-0.5046631939433515,0.0355763402938842,0.059486208191514,-0.1179430782794952,-0.3665332198143005,-0.0806767418980598,-0.1167499180279672,-0.0799450588524341,0.2145487596094608,-0.1167499180279672,-0.0799450588524341,0.2145487596094608,0.4613059905149042,0.3068564564287662,-0.3086952161632478,0.0968584865331649,0.0842979103326797,0.0458107776939868
1774472422917107200,117.25310717773438,-0.5063448634199798,0.0616617986649274,-0.0078606503725051,-0.0799264535307884,-0.3841095566749573,-0.0797030851244926,-0.0891362271763384,-0.1161392387837171,0.2287777759701013,-0.0891362271763384,-0.1161392387837171,0.2287777759701013,0.3968190514266491,0.3302344094067811,-0.2288125550225377,0.1370636820793151,0.0118269026279449,0.0418421328067779
1774472422927135000,117.26313500976562,-0.4258602908633649,0.1077588023208081,-0.1287760175168514,-0.044880237430334,-0.3978129923343658,-0.0653408616781234,-0.1028295292250811,-0.1375444303840398,0.1740524985700845,-0.1028295292250811,-0.1375444303840398,0.1740524985700845,0.3627298809505999,0.3079559421032667,-0.2209365609504282,0.1701650023460388,-0.0497879385948181,0.04122219607234
1774472422937163000,117.2731630859375,-0.3806161046445369,0.1940197663217782,-0.2454723056614398,-0.0051461402326822,-0.4021446406841278,-0.0406280606985092,-0.1316464583866298,-0.1820131021857261,0.0769797793060541,-0.1316464583866298,-0.1820131021857261,0.0769797793060541,0.3367372154295444,0.2409948679864406,-0.256513778027147,0.200149267911911,-0.0872207954525947,0.0408504158258438
1774472422947191000,117.28319091796877,-0.3330921369254589,0.2779930577769875,-0.3475029395937919,0.0166698954999446,-0.3787682950496673,-0.0128021389245986,-0.1248981531701982,-0.2694032163470983,-0.0305406842142343,-0.1248981531701982,-0.2694032163470983,-0.0305406842142343,0.2479670450866222,0.1964806034773588,-0.2679131239198148,0.230079784989357,-0.118559755384922,0.0404244288802146
1774472422957218000,117.29321801757813,-0.2707375336907804,0.4201937895342707,-0.3519534892618656,0.0269326530396938,-0.346742182970047,0.0045845750719308,-0.0712200467355549,-0.3997901761919259,-0.0054220250487327,-0.0712200467355549,-0.3997901761919259,-0.0054220250487327,0.2225742451548576,0.2321627422332763,-0.4162063273333012,0.2435612380504608,-0.1149618253111839,0.044640477746725
1774472422967246000,117.30324609375,-0.2427805823594331,0.4915596744813024,-0.3513824113756418,0.0309489592909812,-0.3028092384338379,0.0260804016143083,-0.0353686888925731,-0.5161228917211294,0.07816226708889,-0.0353686888925731,-0.5161228917211294,0.07816226708889,0.1673823731563985,0.2332540446013212,-0.5548707016579807,0.2511932849884033,-0.0745396241545677,0.0487171299755573
1774472422977274000,117.31327416992188,-0.2101471636496484,0.4903605278246104,-0.3880611599534749,0.0250471271574497,-0.2468974888324737,0.0455326661467552,0.0081727850615978,-0.561176669934392,0.1320458329677581,0.0081727850615978,-0.561176669934392,0.1320458329677581,0.1190763151489198,0.1824462329059839,-0.5667465790212154,0.2596805095672607,-0.0224854778498411,0.0523566044867038
1774472422987302100,117.32330224609376,-0.175965054193139,0.4223163346461951,-0.3854764041572809,0.0166368391364812,-0.1948605477809906,0.0670080557465553,0.1161322245210409,-0.52830023624897,0.1438631120115518,0.1161322245210409,-0.52830023624897,0.1438631120115518,0.1058427395664155,0.0836252086699008,-0.5477160075977444,0.2597580552101135,0.0207099299877882,0.0616254024207592
1774472422997330200,117.333330078125,-0.1521808585017919,0.2551413206301629,-0.3771124804377556,0.0055817905813455,-0.1484171450138092,0.0889687538146972,0.1293394966185093,-0.4122907613247633,0.1297568452477455,0.1293394966185093,-0.4122907613247633,0.1297568452477455,0.0795766639314591,0.0289706584185361,-0.5894909102708101,0.2412711977958679,0.0481370277702808,0.0616230070590972
1774472423007357200,117.34335717773438,-0.1682721616029739,0.0467588285654783,-0.3204541891485452,-0.0033571780659258,-0.1111668720841407,0.1063245236873626,0.0613210224032402,-0.2454980246245861,0.1056166757255792,0.0613210224032402,-0.2454980246245861,0.1056166757255792,0.1311737263083457,-0.0081365447044372,-0.672896046449244,0.208399161696434,0.0594418793916702,0.0577178858220577
1774472423017385000,117.35338500976565,-0.2070961055159568,-0.1980031368695199,-0.2355558918029069,-0.0072818784974515,-0.0780584514141082,0.1135997474193573,-0.0299431567125022,-0.060114569222927,0.0320440745145082,-0.0299431567125022,-0.060114569222927,0.0320440745145082,0.1621941568635404,-0.0624672698289155,-0.6568607113189995,0.1787789463996887,0.0487141385674476,0.0581599697470665
1774472423027413200,117.36341333007812,-0.2334029515527188,-0.3985007209032774,-0.1653232486695051,-0.0125936707481741,-0.0405278466641902,0.1045371145009994,-0.150644881106168,0.0642769495993852,-0.0770902539432048,-0.150644881106168,0.0642769495993852,-0.0770902539432048,0.219861771325767,-0.1059475151151418,-0.5126056773804127,0.1626775115728378,0.0260903667658567,0.0640090182423591
1774472423037441000,117.37344091796876,-0.2301812130272388,-0.503124586199224,-0.1099509055376052,-0.0247009340673685,-0.0062945084646344,0.0773270726203918,-0.2447070203773677,0.1163508357077836,-0.1679115115970373,-0.2447070203773677,0.1163508357077836,-0.1679115115970373,0.2131726489506661,-0.0857183815568685,-0.3558646713562309,0.1710669994354248,-0.0027306294068694,0.0677755251526832
1774472423047469000,117.38346899414064,-0.2346757479675114,-0.5132245399311185,-0.0240805482894182,-0.0274269301444292,0.0104278065264225,0.0532965213060379,-0.2618418411821127,0.1284276424705982,-0.1636035852700471,-0.2618418411821127,0.1284276424705982,-0.1636035852700471,0.2051975784182548,-0.0141261405080556,-0.1603587581299245,0.1918588429689407,-0.0356671661138534,0.0737943947315216
1774472423057497000,117.3934970703125,-0.2656038240641355,-0.5095461436793208,0.0536088405907154,-0.0372417457401752,0.0032119720708578,0.0352099277079105,-0.256305834364891,0.1453197405606508,-0.1218885960906743,-0.256305834364891,0.1453197405606508,-0.1218885960906743,0.1702243185840547,0.0155570500940084,-0.0172061324752867,0.212849348783493,-0.0644170567393302,0.0794501528143882
1774472423067524000,117.40352416992188,-0.343974180945754,-0.4392179312169552,0.1515717866927385,-0.0478717684745788,-0.0065488405525684,0.018452301621437,-0.2290681372188031,0.1429535959511995,-0.0674240154534578,-0.2290681372188031,0.1429535959511995,-0.0674240154534578,0.0985422072947025,-0.0236345580875873,0.0593912233844399,0.2183130234479904,-0.0753458067774772,0.0766984820365905
1774472423077552000,117.41355224609374,-0.4340256232708692,-0.3580658346623182,0.2518412561714649,-0.0496217310428619,-0.017905093729496,-0.0050687370821833,-0.1827420009821653,0.1250853463053703,-0.0005161328285932,-0.1827420009821653,0.1250853463053703,-0.0005161328285932,0.0826911426901817,-0.0580073678106069,0.1038834221921861,0.2136956304311752,-0.0735372528433799,0.0717860162258148
1774472423087580000,117.42357983398438,-0.5235163629733026,-0.2994090630322694,0.2980453734636306,-0.0491017326712608,-0.0381475053727626,-0.0259238425642251,-0.1510131298966705,0.1110655887812376,0.0610597411185502,-0.1510131298966705,0.1110655887812376,0.0610597411185502,0.0908531140968203,-0.0653355187416076,0.157143449345231,0.2023529857397079,-0.0831509605050087,0.0622104629874229
1774472423097608200,117.43360815429688,-0.5629343272566795,-0.263600813678652,0.274784324863553,-0.0390951707959175,-0.0463298037648201,-0.0457963496446609,-0.1201597264714539,0.1009054292947053,0.0849216782212257,-0.1201597264714539,0.1009054292947053,0.0849216782212257,0.0249848036527633,-0.0392301866263151,0.167826171401143,0.1900712847709655,-0.0864961519837379,0.0525969862937927
1774472423107636000,117.44363598632812,-0.599162993979454,-0.2100353738382458,0.3057517100572586,-0.0335341580212116,-0.0508291833102703,-0.0674037411808967,-0.1166512799590826,0.1107283196508884,0.0535661704927682,-0.1166512799590826,0.1107283196508884,0.0535661704927682,-0.0017614567145705,-0.0337929640084505,0.2275612397871911,0.1745456308126449,-0.0789906755089759,0.0459845997393131
1774472423117663200,117.45366333007811,-0.604124854170531,-0.1376069742262363,0.3584849368572235,-0.0348833166062831,-0.0441110916435718,-0.0922947078943252,-0.1259418170042336,0.0674064797967672,0.0260404501855373,-0.1259418170042336,0.0674064797967672,0.0260404501855373,0.011428571987152,-0.0450204604655504,0.3083338355049491,0.1650432050228119,-0.0679260417819023,0.039832167327404
1774472423127691000,117.46369091796876,-0.5908830952815711,-0.0648825142771005,0.3818032686024904,-0.0423489362001419,-0.036741379648447,-0.1161696463823318,-0.126561994729191,-0.0108259299188852,0.0465250198096036,-0.126561994729191,-0.0108259299188852,0.0465250198096036,-0.0253916308879852,-0.0136947633534669,0.4003938411734998,0.1587310880422592,-0.0630364716053009,0.0366119034588336
1774472423137719000,117.47371899414064,-0.5558756409168243,-0.0128014677755534,0.3699859895586967,-0.0452834740281105,-0.0282757226377725,-0.1372698694467544,-0.1128624090701341,-0.046045127338171,0.0341191272228956,-0.1128624090701341,-0.046045127338171,0.0341191272228956,-0.0878629923701286,0.0404664504230022,0.4863992229782045,0.148918405175209,-0.0760822296142578,0.0307936966419219
1774472423147747000,117.4837470703125,-0.5027455237537622,-0.0193918059512972,0.3054138564050197,-0.0464609935879707,-0.0342797599732875,-0.1425308734178543,-0.1004154538206756,-0.0457493592619895,0.0499263526856899,-0.1004154538206756,-0.0457493592619895,0.0499263526856899,-0.0948223099887371,0.0287356806188821,0.5074554550103842,0.1419386863708496,-0.0952580645680427,0.0259552337229251
1774472423157775000,117.49377514648438,-0.4623604680038988,-0.1039725617803633,0.2066547914892434,-0.0404156222939491,-0.0462650470435619,-0.1559425443410873,-0.1317697925053536,-0.0326788652867078,0.0265367092698812,-0.1317697925053536,-0.0326788652867078,0.0265367092698812,-0.1130525248147547,0.0069879591912031,0.4857980422146618,0.1387697905302047,-0.1072888895869255,0.0214491635560989
1774472423167802000,117.50380200195312,-0.4635118299961089,-0.2427570553533732,0.0762350984185934,-0.0295905284583568,-0.0536255538463592,-0.1754950135946273,-0.1256688452817499,-0.0853156459748745,0.0403670817017555,-0.1256688452817499,-0.0853156459748745,0.0403670817017555,-0.1681514578327536,0.0132721540272235,0.45040348822847,0.1286916583776474,-0.1171437054872512,0.0166990682482719
1774472423177830000,117.51382983398436,-0.4506804054737091,-0.3906054376088083,-0.0454606054484844,-0.0138283446431159,-0.0496305450797081,-0.1988267004489898,-0.1025492509789764,-0.1696937188386917,0.0485024573624134,-0.1025492509789764,-0.1696937188386917,0.0485024573624134,-0.209330148178339,-0.013597732719779,0.343516354175657,0.1086063757538795,-0.1204505488276481,0.0003411346115171
1774472423187858200,117.52385815429687,-0.3835140180431306,-0.4389984432473778,-0.1135357782870531,-0.0065677687525749,-0.0441625416278839,-0.2058529108762741,-0.0576391190201044,-0.2080249107986688,0.0525917725026607,-0.0576391190201044,-0.2080249107986688,0.0525917725026607,-0.2355798572003841,-0.0888081642657518,0.2431917935088276,0.0944796651601791,-0.1295995265245437,-0.0207661669701337
1774472423197886000,117.53388598632812,-0.2865460743278264,-0.3532314002431929,-0.1314449444651603,-0.0064788190647959,-0.0462547205388546,-0.2123212069272995,-0.0300530468277633,-0.1422469089865684,0.0942412952303886,-0.0300530468277633,-0.1422469089865684,0.0942412952303886,-0.2137526407957077,-0.1352051737815141,0.1749605533257126,0.0944780632853508,-0.1403496414422989,-0.0349421761929988
1774472423207914200,117.54391430664064,-0.1843732554458081,-0.1880718177028,-0.0962573112279176,-0.0114715117961168,-0.0482553206384182,-0.2100006937980651,-0.0421446127682924,-0.0738788906812667,0.0758037212640047,-0.0421446127682924,-0.0738788906812667,0.0758037212640047,-0.2523027362033724,-0.1020142673194408,0.1811066548652946,0.0963012650609016,-0.1491742879152298,-0.0456608645617961
1774472423217942000,117.55394189453123,-0.0710281774252653,0.0024254735812544,-0.065357146051526,-0.0203214623034,-0.0381496921181678,-0.1992079615592956,-0.0124226975910365,-0.1088613567352294,0.0758393770992755,-0.0124226975910365,-0.1088613567352294,0.0758393770992755,-0.2866543570078909,-0.0761602796167135,0.1609720677226781,0.0797630324959755,-0.1648536473512649,-0.0601963959634304
1774472423227969300,117.56396923828125,0.0676456953801214,0.1408766435466706,-0.0821019446253776,-0.0281104836612939,-0.0229232423007488,-0.1849020272493362,0.0508728397555649,-0.2010141552537679,0.168119016867876,0.0508728397555649,-0.2010141552537679,0.168119016867876,-0.2646189046800136,-0.1048357544809579,0.0560436665222048,0.0604702681303024,-0.1871329098939895,-0.0768977254629135
1774472423237997000,117.5739970703125,0.1836633536107838,0.2124209538005292,-0.1198503682613372,-0.0309097301214933,0.003699846798554,-0.1673504710197448,0.0985176573753356,-0.2463759765028953,0.2256155125468969,0.0985176573753356,-0.2463759765028953,0.2256155125468969,-0.2427522330477833,-0.118308399516344,0.017986030806601,0.062573105096817,-0.2289855629205703,-0.0925166308879852
1774472423248025000,117.58402514648438,0.2698819397747516,0.2252922719419002,-0.1288198566585779,-0.0342182368040084,0.0321789942681789,-0.1477272510528564,0.1317166010133922,-0.2472030749768018,0.167188458019495,0.1317166010133922,-0.2472030749768018,0.167188458019495,-0.2210872214674949,-0.0900379983216524,0.0608871610306203,0.0698470473289489,-0.2723585665225982,-0.1054616272449493
1774472423258053000,117.59405322265626,0.3060482087858021,0.2377237373612821,-0.1236661271572113,-0.0296951234340667,0.0614817552268505,-0.1329387128353119,0.1426459913067519,-0.2012766055822372,0.085370591032505,0.1426459913067519,-0.2012766055822372,0.085370591032505,-0.1643010660149157,-0.0190489838629961,0.0999972284086048,0.0693567544221878,-0.3077727556228637,-0.1121352463960647
1774472423268081200,117.6040810546875,0.2965222555495798,0.2478188687875867,-0.0945411549597978,-0.0286653619259595,0.08857411891222,-0.1230136007070541,0.1573899714522063,-0.1720095945656299,0.0497603484690189,0.1573899714522063,-0.1720095945656299,0.0497603484690189,-0.0791290662944316,0.0437456182241439,0.034394437032938,0.0520527400076389,-0.3395642042160034,-0.1188866421580314
1774472423278108200,117.61410815429689,0.2924035681843757,0.2258246252529323,-0.0838479115098714,-0.0242932494729757,0.1111119166016578,-0.1105292290449142,0.1406745451033115,-0.1277741469979286,0.0072545011729001,0.1406745451033115,-0.1277741469979286,0.0072545011729001,-0.0991677918471395,0.0718371557205915,-0.1038059730418026,0.0196324829012155,-0.3651923537254333,-0.1196720078587532
1774472423288136000,117.62413598632811,0.259343156234175,0.1825884178556501,-0.0443961910873651,-0.0190415978431701,0.1272092163562774,-0.1073584705591201,0.0890010564893484,-0.0474076478630304,-0.0903384425729513,0.0890010564893484,-0.0474076478630304,-0.0903384425729513,-0.1361620361149311,0.0880097073644399,-0.2220243561871349,-0.003626640420407,-0.372839093208313,-0.1199742555618286
1774472423298164200,117.63416430664064,0.2323836915075778,0.085559829994291,-0.0454670351892709,-0.00489914836362,0.144607126712799,-0.1140086501836776,0.0231673789672553,0.0254448223799467,-0.2449538347452878,0.0231673789672553,0.0254448223799467,-0.2449538347452878,-0.1190741231918334,0.1175035128742456,-0.2142765185393393,-0.0129357194527983,-0.3680853545665741,-0.1138188913464546
1774472423308192000,117.64419189453125,0.1655523812502622,-0.021273966436088,-0.0539127919733524,-0.0057431366294622,0.1484907865524292,-0.1314517706632614,-0.0598456891536712,0.0092734397798776,-0.3919733649611472,-0.0598456891536712,0.0092734397798776,-0.3919733649611472,-0.0575493949100375,0.1158113220036029,-0.155228994026035,-0.0027559245936572,-0.3829048871994018,-0.1133599057793617
1774472423318220000,117.65421997070312,0.0878805280268192,-0.1042604388110339,-0.0325900179594755,-0.0038999628741294,0.1452033817768097,-0.1417057365179062,-0.0483479974530637,-0.0457902757942676,-0.4087847990304231,-0.0483479974530637,-0.0457902757942676,-0.4087847990304231,0.0132977268598973,0.0588455722004175,-0.1363965755231678,0.0069941747933626,-0.4104331731796264,-0.1062194406986236
1774472423328248000,117.664248046875,0.0447352137833833,-0.149369162081927,-0.0275403333544731,-0.0041953730396926,0.1390341371297836,-0.1449981033802032,-0.0506849159680306,-0.047210663986206,-0.3412684291183948,-0.0506849159680306,-0.047210663986206,-0.3412684291183948,0.0156511581182479,-0.0290337867826223,-0.1693741314955055,0.0133510446175932,-0.4241515398025512,-0.1034288927912712
1774472423338275000,117.67427514648438,0.0429214423596858,-0.1861648150376975,-0.0500245523631572,-0.0093517852947115,0.1247886195778846,-0.1529838591814041,-0.0378226579159498,-0.0070107555449008,-0.3098269966721534,-0.0378226579159498,-0.0070107555449008,-0.3098269966721534,-0.0197404732584953,-0.0808183345556259,-0.2325067333653569,0.0246383193880319,-0.4103052318096161,-0.101016066968441
1774472423348303000,117.68430322265624,0.0271136323750019,-0.1882024583451449,-0.0505886159867048,-0.0079618487507104,0.1062599644064903,-0.1636349558830261,-0.0290758723586797,0.0673603025674819,-0.3047095075279474,-0.0290758723586797,0.0673603025674819,-0.3047095075279474,-0.0297159238278865,-0.0929360578507185,-0.2534920921184122,0.035676397383213,-0.3673045337200165,-0.1001120060682296
1774472423358331000,117.69433081054687,0.0323646847710013,-0.1825206133164465,-0.0260918881118297,-0.0056243920698761,0.0894333124160766,-0.171147733926773,-0.0381605115681886,0.1207183832675218,-0.292334010079503,-0.0381605115681886,0.1207183832675218,-0.292334010079503,0.0102488606832921,-0.1054927570849657,-0.2339567860431969,0.0404011122882366,-0.334907203912735,-0.1003815159201622
1774472423368359200,117.70435913085936,0.0204027365595102,-0.1479709857217967,-0.002545592829585,-0.0010677735554054,0.0705119892954826,-0.180390328168869,-0.0800970345437526,0.1102338141322135,-0.2951666031569242,-0.0800970345437526,0.1102338141322135,-0.2951666031569242,0.0516696892216801,-0.1642652640491723,-0.3051294865056872,0.0265002977102994,-0.2997573912143707,-0.0931616425514221
1774472423378387000,117.71438696289064,0.0468915150344371,-0.086704908376187,0.0563391423374414,0.0041933008469641,0.0510847568511962,-0.171870082616806,-0.1008007998764514,0.033183892199397,-0.2245645421892404,-0.1008007998764514,0.033183892199397,-0.2245645421892404,0.0067430445194244,-0.2289882038503885,-0.3867581145308911,0.0166852176189422,-0.2472955286502838,-0.0896665081381797
1774472423388414200,117.72441430664064,0.0866164994403719,-0.0278621126547455,0.1239040275663137,0.008909797295928,0.0383723713457584,-0.1661456376314163,-0.0963286228984594,-0.0264297417640686,-0.1500736570894718,-0.0963286228984594,-0.0264297417640686,-0.1500736570894718,0.0305354235172271,-0.2306044068753719,-0.308985723542422,0.0284502189606428,-0.1848730444908142,-0.0901691168546676
1774472423398442000,117.73444189453124,0.1295015553124248,0.0355735638149082,0.1904641196668147,0.0115157011896371,0.0234935581684112,-0.1527488678693771,-0.0753138919204473,-0.0260720143675804,-0.0968716437339782,-0.0753138919204473,-0.0260720143675804,-0.0968716437339782,0.0597029196821153,-0.1723188066452741,-0.1259676820978522,0.0539614371955394,-0.1386381685733795,-0.0922575667500495
1774472423408470300,117.74447021484374,0.1331723527796566,0.0941781668663024,0.2498135497361421,0.0110921515151858,0.0093982592225074,-0.1310479789972305,-0.0662726534612476,-0.0087637366920709,-0.0464092844754457,-0.0662726534612476,-0.0087637366920709,-0.0464092844754457,0.0892544467285275,-0.1268605392843484,0.0510702620238065,0.0769034177064895,-0.1118340492248535,-0.0903582498431205
1774472423418498000,117.754498046875,0.1595537253573536,0.132263421241194,0.287404736983776,0.0107621857896447,-0.0007438575848937,-0.1090348213911056,-0.0464892178438603,0.0331324542731046,-0.0264753344714641,-0.0464892178438603,0.0331324542731046,-0.0264753344714641,0.1389317930892109,-0.1053933883637189,0.1383529702879488,0.0827447995543479,-0.1133722960948944,-0.0896873995661735
1774472423428526000,117.76452612304688,0.1384849261045455,0.1483566240385174,0.3200678201794624,0.0032423688098788,-0.0180420018732547,-0.0974554568529129,-0.0076307871393859,0.0145271225243806,0.0209621240079402,-0.0076307871393859,0.0145271225243806,0.0209621240079402,0.1128681081585586,-0.0826268452823162,0.0951793067328631,0.0605413317680358,-0.1184602603316307,-0.0866327136754989
1774472423438553000,117.77455297851564,0.0991124083980917,0.1309979313500225,0.3170014183461666,-0.0005526356399059,-0.0210788045078516,-0.0973856747150421,0.033561639470607,-0.0510375287979841,0.0710036275058984,0.033561639470607,-0.0510375287979841,0.0710036275058984,0.0814740219853818,-0.0852034177720546,0.0146605396457016,0.0521079003810882,-0.1010780781507492,-0.0894617885351181
1774472423448580900,117.78458081054688,0.0591179594010114,0.055169660166651,0.27292496073246,-0.0024107759818434,-0.0202079117298126,-0.0995702594518661,0.0503254350058734,-0.0491202969998121,0.0830026928573846,0.0503254350058734,-0.0491202969998121,0.0830026928573846,0.0786309075139462,-0.071480012845993,0.0819404704533517,0.0551820918917655,-0.0696980431675911,-0.0957406908273696
1774472423458609200,117.79460913085936,0.0524422810293734,-0.0499754525244236,0.1768903523445129,-0.0062017855234444,-0.0255555398762226,-0.1071405559778213,0.0497286381565034,0.025688568007946,0.0946311713308095,0.0497286381565034,0.025688568007946,0.0946311713308095,0.0942925870262086,-0.0390799645006656,0.163809044714272,0.0694845989346504,-0.0415939725935459,-0.0952251031994819
1774472423468637000,117.80463696289064,0.0365665203750133,-0.1518790990762412,0.0708481446832418,-0.0090345041826367,-0.0178451798856258,-0.1161208003759384,0.010516717839241,0.0851215847074985,0.0739414345234632,0.010516717839241,0.0851215847074985,0.0739414345234632,0.1299193423330783,0.0042108956933021,0.1963189831748604,0.0656089335680008,-0.0355442874133586,-0.0930363088846206
1774472423478665200,117.81466528320313,0.0589852729320526,-0.2391829962588846,-0.0128577280074357,-0.0135855805128812,-0.0154312895610928,-0.1230175793170929,-0.0130343997485935,0.0884919379234314,0.0530190580040216,-0.0130343997485935,0.0884919379234314,0.0530190580040216,0.1103352286800742,0.0594897153228521,0.1063210246026516,0.0476720109581947,-0.0267369505017995,-0.0870580449700355
1774472423488693000,117.82469287109376,0.0780846718080341,-0.2937172811314463,-0.0626888036251068,-0.0160050094127655,-0.0141428913921117,-0.1329682320356369,-0.0178027831941843,0.0372118325412273,0.0166863463848829,-0.0178027831941843,0.0372118325412273,0.0166863463848829,0.0417627738438546,0.0692050536513328,0.0283976808361709,0.0299758370965719,-0.0117992796003818,-0.0872798860073089
1774472423498720300,117.83472021484376,0.0841935100771486,-0.3141865070559084,-0.079473349687457,-0.0159613341093063,-0.0185621418058872,-0.1400418430566787,-0.0214991534940898,-0.018636895930767,-0.0470873298674821,-0.0214991534940898,-0.018636895930767,-0.0470873298674821,0.0464952091932296,0.0730968003928661,0.0460499496437609,0.0315939746797084,-0.0097643574699759,-0.089195504784584
1774472423508748000,117.844748046875,0.1029730293489992,-0.2979123947337269,-0.0712742611408233,-0.0185788571834564,-0.0196634493768215,-0.1503101885318756,-0.0638531712293624,-0.0523883588850498,-0.0963899976968765,-0.0638531712293624,-0.0523883588850498,-0.0963899976968765,0.0439371952734887,0.1236918461203575,0.1354986037701368,0.0431132689118385,-0.0228649768978357,-0.0895415097475051
1774472423518776000,117.85477612304688,0.0897618117287755,-0.2495062373526394,-0.0404459921568632,-0.0185876451432704,-0.0248041488230228,-0.1590786576271057,-0.0437105469107627,-0.0727536860436201,-0.1150450138062238,-0.0437105469107627,-0.0727536860436201,-0.1150450138062238,0.0812358293153345,0.1340536656588316,0.2089082695044577,0.0577766336500644,-0.0637508928775787,-0.0903684198856353
1774472423528804000,117.86480419921875,0.0804220287144184,-0.1829024522408843,-0.0241319862157106,-0.0136422738432884,-0.0275803487747907,-0.1680658012628555,-0.0419159185789525,-0.0808528213471174,-0.0540045619100332,-0.0419159185789525,-0.0808528213471174,-0.0540045619100332,0.1233538463376462,0.1002238767713308,0.1937323276825249,0.0595431923866272,-0.117664135992527,-0.0899332165718078
