time,seconds_elapsed,imu1_accel_x,imu1_accel_y,imu1_accel_z,imu1_gyro_x,imu1_gyro_y,imu1_gyro_z,imu2_accel_x,imu2_accel_y,imu2_accel_z,imu2_gyro_x,imu2_gyro_y,imu2_gyro_z,imu3_accel_x,imu3_accel_y,imu3_accel_z,imu3_gyro_x,imu3_gyro_y,imu3_gyro_z
1774470450987277800,113.19927783203126,-0.1083183358997106,-0.0872149950564838,0.0625835896849632,0.0055310423485934,-0.0233485847711563,3.22684645652e-05,0.2617415956780314,-0.1296311730414628,-0.2393582066953182,-0.0220641996711492,-0.0282499305903911,-0.1248074024915695,-0.3822656984824687,0.0558896450042724,0.2352367428511381,-0.0718434825539588,0.2181531488895416,0.007358718663454
1774470450997304800,113.20930493164065,-0.1348725808262825,-0.0692202146878466,0.043034839606285,0.0079515893012285,-0.0350172258913517,-0.004912688396871,0.3301354790769517,-0.1717079812705516,-0.342155733346939,-0.0290135107934474,-0.0472988486289978,-0.1267351955175399,-0.2394963730569928,0.1979804866462945,0.1381532099321484,-0.064085878431797,0.2736484706401825,0.0245229713618755
1774470451007332400,113.21933227539064,-0.1248170507580041,-0.0543483703790232,0.0293967748761177,0.0066580539569258,-0.0386307574808597,-0.0094174817204475,0.3778150757491588,-0.1944096424221992,-0.4060989209473132,-0.0353182777762413,-0.05308723077178,-0.1411183923482895,-0.1810838585115969,-0.0259276374608278,-0.1018883028522133,-0.0848241746425628,0.3292454183101654,0.0280732288956642
1774470451017359600,113.22935961914062,-0.0830956318378448,-0.0250970135892741,0.0291980374336242,0.0105883469805121,-0.0364576168358325,-0.0160759165883064,0.3969005922302603,-0.2423100422382354,-0.374983651715517,-0.0387635789811611,-0.0638884156942367,-0.1585538834333419,-0.0897195069570094,-0.2796726814270019,-0.301054784412682,-0.125699445605278,0.3311871886253357,0.0016666585579514
1774470451027385600,113.23938549804689,-0.0452308883458375,-0.0014921747865155,0.0360123936235904,0.0087956460192799,-0.0320344604551792,-0.0199309736490249,0.3424655299484729,-0.3631716333687305,-0.2719038009911775,-0.0485232658684253,-0.0894409120082855,-0.1694664508104324,-0.0320598566055297,-0.3535433888018131,-0.4444698603957891,-0.1712626814842224,0.3156497776508331,-0.0172021053731441
1774470451037412400,113.24941235351562,-0.0256225170344114,0.0241630024084821,0.0409942736893892,0.0067370226606726,-0.0313431061804294,-0.0238604675978422,0.301079042071104,-0.4273796093851327,-0.1024544123023748,-0.0619030371308326,-0.1272507160902023,-0.1701620370149612,-0.151040310164541,-0.2831114237040281,-0.4053071860477328,-0.2007719129323959,0.3075986504554748,-0.0235788226127624
1774470451047439400,113.259439453125,-0.0249590846896171,0.0599896642016246,0.0667635057181119,0.0033616609871387,-0.0299715250730514,-0.0229059979319572,0.2868412578821182,-0.3572019113093614,0.0921755948722362,-0.0714259669184684,-0.17266346514225,-0.1580220162868499,-0.2459118661224842,-0.3053197483807802,-0.2030009451568126,-0.2068511098623275,0.3102599382400512,-0.0233604423701763
1774470451057466400,113.26946630859376,-0.0543558595657348,0.0915261362538673,0.08776713078022,-0.0002831412712112,-0.0373271778225898,-0.0235155932605266,0.4228535102628171,-0.2264104623168706,0.2352402499824762,-0.0742086172103881,-0.2280724048614502,-0.1443161368370056,-0.1803857932448387,-0.4102729917615652,-0.0473825134217739,-0.2085916250944137,0.3181945383548736,-0.0488797426223754
1774470451067493400,113.27949340820312,-0.0507908605605363,0.1286747125668451,0.0961094271898269,0.0008454112685285,-0.0406047590076923,-0.0175060927867889,0.6041778995320201,-0.1870464201778173,0.2148901203930378,-0.0790939182043075,-0.2763624489307403,-0.1424710899591446,-0.1229565906483679,-0.5918716679275036,-0.0495361843243241,-0.199454590678215,0.3262253105640411,-0.0589289143681526
1774470451077520400,113.28952026367188,-0.0298847775887697,0.1744648970295675,0.105376437228918,0.0004688402987085,-0.043975256383419,-0.0057152127847075,0.6481763234734534,-0.2349398057311773,0.1246487084537744,-0.0947801992297172,-0.2790305316448211,-0.1589429974555969,-0.1190543955780565,-0.5693365955144166,-0.197293381164968,-0.2015215754508972,0.3645740151405334,-0.0538148880004882
1774470451087546400,113.29954638671876,-0.0099924017041921,0.1874903828193433,0.0896983911037445,0.0017311731353402,-0.0483146086335182,0.0108766565099358,0.403059407120943,-0.2427232992142438,0.1645890891760587,-0.1141949072480201,-0.2399864792823791,-0.1805231273174286,-0.0305259250365197,-0.4549164356082678,-0.35847266189754,-0.2108940482139587,0.4227795302867889,-0.0780304819345474
1774470451097573400,113.30957348632812,-0.002893894810602,0.1583665248667821,0.0637415275484323,0.0072745429351925,-0.0526366531848907,0.0304788537323474,-0.0409103947982192,-0.189044315996766,0.1350806706190109,-0.1352525949478149,-0.1880700886249542,-0.1864041239023208,0.1133843871176242,-0.6011988837212324,-0.3296744374364614,-0.2284349799156189,0.4752508401870727,-0.1165150180459022
1774470451107600400,113.31960034179689,-0.0031306992411613,0.1272786185659468,0.0317220029532909,0.0153489662334322,-0.053459383547306,0.0448664315044879,-0.4170888092562556,-0.0246691618323326,0.0847965905368328,-0.1550742387771606,-0.1482030898332595,-0.1526024788618087,0.211000638673827,-0.760637166005373,-0.2356096678167581,-0.255921721458435,0.5370846390724182,-0.1500362157821655
1774470451117627400,113.32962744140625,-0.013323591953516,0.1090384120688773,0.0038946693509817,0.0231965016573667,-0.051343236118555,0.0549480952322483,-0.6148012926161289,0.1914870329737663,0.1232400106996297,-0.1754786968231201,-0.1263663917779922,-0.0869035124778747,0.2636485983431339,-0.6912059023827314,-0.175219204261899,-0.2818924188613891,0.6144556999206543,-0.2281471937894821
1774470451127654400,113.339654296875,-0.0283892052687704,0.0897486599862575,-0.0082476038634777,0.0238389670848846,-0.0450751148164272,0.0623637363314628,-0.6438650361455976,0.3436193761587143,0.1422925016939639,-0.1891550868749618,-0.1124167516827583,-0.0113677401095628,0.263224089320749,-0.8288941251516342,-0.1457113702267408,-0.2908169329166412,0.6593744158744812,-0.3173580169677734
1774470451137680400,113.34968041992188,-0.0581366932787001,0.0709218309739604,-0.0090723642498254,0.029153037816286,-0.0435472577810287,0.0689494609832763,-0.5634593740440905,0.4323725953668356,0.1037368533283472,-0.1912214308977127,-0.0888987779617309,0.0547659657895565,0.1935176620185375,-0.6755079825133085,-0.1340320383489132,-0.3636614084243774,0.7051352858543396,-0.2953620851039886
1774470451147707400,113.35970727539062,-0.0627677140802144,0.0545560765792615,-0.0098936175048351,0.0307771433144807,-0.0418276451528072,0.0728204697370529,-0.3648246612727642,0.5330968228757381,0.043523499906063,-0.1660210043191909,-0.0665647089481353,0.0974130257964134,0.1117358892582356,-0.1091886889934539,-0.0401598686918616,-0.3473197221755981,0.7914238572120667,-0.280877411365509
1774470451157734400,113.369734375,-0.0466495229721069,0.0403943533011712,-0.0077314710348844,0.0342744067311286,-0.041924849152565,0.0663324818015098,-0.17464841863662,0.579078821849823,0.037301848912239,-0.1276828944683075,-0.0389557220041751,0.1167699098587036,0.9188030902661384,0.4695575399011373,0.0329062443017959,-0.2992005050182342,0.7042096257209778,-0.3412900567054748
1774470451167761400,113.37976147460938,-0.0277647166948765,0.0246310948442667,-0.0120388128399848,0.0327709540724754,-0.0368946865200996,0.0616899952292442,-0.1102817449271678,0.5782108068436383,0.0976379519313573,-0.0957313477993011,-0.0185535140335559,0.1253000199794769,1.320394032269716,0.7090981174260378,-0.0083516487598419,-0.2578362822532654,0.4642916023731231,-0.3668151497840881
1774470451177788400,113.38978833007812,-0.020150369233638,0.0163976656366139,0.0002209492743015,0.0348719209432601,-0.0308799389749765,0.057567685842514,-0.0658192106053233,0.4482879573792219,0.200849904602766,-0.0751526355743408,-0.0178184397518634,0.1300730109214782,1.0761188274383544,0.5497042588055133,0.1357116619989276,-0.2012273222208023,0.2155172377824783,-0.330433040857315
1774470451187815400,113.3998154296875,0.0073157298408448,0.0138890986154787,0.0022194296151399,0.0360373705625534,-0.0190798565745353,0.0555744096636772,-0.0492725649520754,0.254750421616435,0.2472089201956987,-0.0718290135264396,-0.0373519249260425,0.1325990110635757,0.7229670683026314,0.5575900436192751,0.0913698314473032,-0.1381303817033767,0.0009407573379576,-0.2750701904296875
1774470451197841400,113.40984130859376,0.03205927208364,0.0054793629928492,0.0048673137754201,0.0339507833123207,-0.0109622757881879,0.0564047843217849,-0.0115812783308327,0.0587502951323986,0.2462017889797687,-0.0787736177444458,-0.0605297982692718,0.1272528767585754,0.4142611846148967,0.6052344228476285,0.0766369572177529,-0.0476527512073516,-0.115628071129322,-0.1975016593933105
1774470451207868400,113.41986840820311,0.0333146789722144,-0.0222726220846176,0.0065489832520484,0.0307629890739917,-0.007143226917833,0.0558232776820659,0.0023883564412593,-0.0212847800910472,0.1924585083544254,-0.0868866741657257,-0.0824886262416839,0.1119077429175376,0.3192800308026373,0.7587287020355462,-0.0100891400769352,0.0206810310482978,-0.16914002597332,-0.1295681595802307
1774470451217895200,113.42989526367188,0.0100421591300517,-0.0590935373458079,-0.0099175829023122,0.0294761508703231,-0.0093709602952003,0.0568302161991596,0.0506152117326855,-0.0069300915241241,0.131152683520317,-0.0815008580684661,-0.1092045381665229,0.0874901711940765,0.408410120499134,0.6434609853893518,-0.2761801631361246,0.0487026423215866,-0.2017282843589782,-0.0861696377396583
1774470451227922400,113.43992236328126,-0.010506342575699,-0.0993738358132541,-0.0357996276557445,0.0276604890823364,-0.0069083855487406,0.0536051876842975,0.0980849650464951,0.0948304932951927,-0.000900748232007,-0.0720650106668472,-0.1319988071918487,0.0599818415939807,0.4015501716017723,0.4948135617107153,-0.5712208018258214,0.0533434636890888,-0.2211019843816757,-0.0363671891391277
1774470451237949400,113.44994946289064,-0.0195804603911936,-0.111843441285938,-0.0462549706965684,0.0246505849063396,-0.0117904935032129,0.0518347173929214,0.110085637833178,0.2021492967635393,-0.1720323909193277,-0.0538257360458374,-0.1491983085870742,0.0333703979849815,0.4046270948290825,0.5020300689607858,-0.8254182657346129,0.0289835333824157,-0.2420461475849151,-0.0227760132402181
1774470451247976200,113.45997607421874,-0.0156914901286363,-0.1521689671345986,-0.0356207639575004,0.0275853406637907,-0.0088262744247913,0.0435191690921783,0.1203136018589138,0.2590793907314538,-0.2899666964262724,-0.0284918826073408,-0.1602885127067566,0.0087026022374629,0.3357213163852691,0.4106728047341108,-0.8493778179928659,-0.0146923083811998,-0.2769641578197479,-0.0093028154224157
1774470451258002200,113.47000219726564,-0.0313585764683783,-0.1795382913037203,-0.0138128367751836,0.0272750835865736,-9.11061652004e-05,0.0213446263223886,0.1565469447568059,0.3412146531045437,-0.3202747409284114,0.0052317124791443,-0.1687588840723037,-0.013030657544732,0.2013140149831771,0.4486866013079881,-0.5987035597741603,-0.0270567592233419,-0.4022154211997986,-0.014695537276566
1774470451268029400,113.48002954101564,-0.0756464118104428,-0.2227504054393619,0.0064659811437129,0.0304522812366485,-0.0010986998677253,-0.0043710302561521,0.1864288728013634,0.3973497973024845,-0.2891787609189749,0.0465189665555954,-0.1863860785961151,-0.033656571060419,0.225748272081092,0.3637473874300718,-0.1630319228619337,-0.0014760330086573,-0.5765267610549927,-0.0221316143870353
1774470451278056400,113.49005639648438,-0.1007955391794443,-0.2694232727544382,0.0244289233356714,0.0277744717895984,0.0098735243082046,-0.0327824316918849,0.2374371755048632,0.3844534908503293,-0.2842307831227779,0.0828634053468704,-0.203499898314476,-0.0541077852249145,0.1471686563629657,0.1876882252126932,0.1386632052808999,0.0469308234751224,-0.7794301509857178,-0.0413394421339035
1774470451288083200,113.50008325195311,-0.1097691192299127,-0.3103158031024038,0.0162742584526538,0.024536158889532,0.0151633871719241,-0.0566155612468719,0.2750727864161134,0.3161924400508403,-0.2626987502723932,0.1084494590759277,-0.2105290442705154,-0.0817838832736015,0.0780114604413509,0.0189116212189197,0.3638227907538414,0.146747425198555,-0.9315683245658876,-0.0218091495335102
1774470451298110500,113.5101103515625,-0.0868606834597885,-0.3169750417958945,0.0029512510210275,0.0240045934915542,0.023814134299755,-0.0727431327104568,0.2862181575477123,0.2047188549906015,-0.1798959639012813,0.1179593726992607,-0.216581717133522,-0.1153325662016868,-0.0554466504771262,0.0655371787935495,0.3452683124095201,0.2428665906190872,-1.04431414604187,0.0099803823977708
1774470451308136400,113.52013647460936,-0.0498456886649131,-0.3004408902980387,-0.0016086042404174,0.0231764018535614,0.0279435086995363,-0.0875646993517875,0.2950068825505674,0.0915466493189334,-0.0461328056216239,0.1195135936141014,-0.2285904437303543,-0.1571457982063293,-0.0831085643846541,0.0984329017013311,0.0629454087346792,0.2970709800720215,-1.1186493635177612,0.0448704585433006
1774470451318163500,113.53016357421876,-0.0303165931347757,-0.2818082138846628,0.005578092393279,0.0183379705995321,0.0350197963416576,-0.0980295911431312,0.3152044519267976,-0.0065285249859094,-0.0041284781068563,0.1201091930270195,-0.2470159977674484,-0.2021522670984268,-0.0932990459442138,0.0726256757497787,-0.2157119581699371,0.2971641421318054,-1.1368931531906128,0.0935438051819801
1774470451328190200,113.54019018554688,-0.036537294280529,-0.2456740387786179,0.0167465521395206,0.0106272725388407,0.041233867406845,-0.1095659732818603,0.3496984038114547,-0.0710199941188097,-0.0463262823671102,0.1212809905409812,-0.266826182603836,-0.2498832941055297,-0.1924806471209973,0.0552595304071903,-0.456314611968398,0.2278852015733719,-1.114772081375122,0.1405296921730041
1774470451338217500,113.55021752929687,-0.0415991807799786,-0.2221890817621722,0.0074134911268949,0.0078123118728399,0.0593215264379978,-0.1246698200702667,0.3528936927214264,-0.0917313582360744,-0.1169458789914846,0.1255787461996078,-0.2772826552391052,-0.2952257096767425,-0.1842575931768864,0.0634200405091047,-0.5448875061735511,0.150826022028923,-1.0935375690460205,0.1703330874443054
1774470451348244500,113.56024438476562,-0.0363436714045703,-0.1907839444720186,-0.0343096813589334,0.0031276876106858,0.0808661431074142,-0.1413166970014572,0.3392633729062974,-0.0574228459209203,-0.20086101051867,0.1292981207370758,-0.285260409116745,-0.3346455693244934,-0.1784322480242699,0.0389975469142198,-0.4565843688204884,0.079920694231987,-1.0926984548568726,0.2085371911525726
1774470451358271500,113.570271484375,-0.0328711729884147,-0.1506076178357005,-0.0624941578358411,-0.0057989619672298,0.0980621725320816,-0.1643735468387603,0.330793358463794,-0.0169406134068965,-0.2546095518410206,0.1303687095642089,-0.2933316528797149,-0.3616167306900024,-0.19752280600667,0.0565092382073402,-0.1689905390053987,0.0661530867218971,-1.1343286037445068,0.2350527793169021
1774470451368297200,113.58029711914062,-0.0410842900604009,-0.1464283228570595,-0.0408954894900321,-0.011288926936686,0.1117829456925392,-0.1879049688577652,0.2986845481500029,0.0011713818669319,-0.2987584901690483,0.1264645159244537,-0.2979469299316406,-0.3795816004276275,-0.1216494535725563,0.0246077870339155,0.1919599111825227,0.0887982100248336,-1.214587926864624,0.2399806827306747
1774470451378324200,113.59032421875,-0.049515360732004,-0.1626418275658041,-0.0021989713490009,-0.0169635899364948,0.1151382625102996,-0.2100749760866165,0.2228824343211948,-0.0047603462696075,-0.2749929991781711,0.117355927824974,-0.2954325079917907,-0.3865305781364441,-0.0844575678408145,0.0417833782404661,0.3730193659052253,0.1014695018529892,-1.3186521530151367,0.2427497208118438
1774470451388351500,113.6003515625,-0.0395662136476486,-0.1909274080633185,0.0357213017225265,-0.0168191902339458,0.1118557900190353,-0.2303492277860641,0.1716610733889043,0.0029342998862266,-0.231340904456377,0.1080183535814285,-0.2955390512943268,-0.3867135345935821,-0.0523533606369048,0.049323710617423,0.3640063306272029,0.0723110809922218,-1.4088653326034546,0.2462624311447143
1774470451398378500,113.61037841796876,-0.0398263258885592,-0.209715549033042,0.0410492187470197,-0.0188083052635192,0.1070061773061752,-0.2513850033283233,0.1489056362234055,0.0362251595914363,-0.1876490622460842,0.1138207763433456,-0.2930313050746918,-0.3782059550285339,-0.0507867689073085,-0.0172696992307901,0.345354237127304,0.0330887846648693,-1.4946612119674685,0.2381301522254943
1774470451408405200,113.6204052734375,-0.03747479432635,-0.2132378048750571,0.038211949494481,-0.0192598327994346,0.099237635731697,-0.2629561424255371,0.1368072021506726,0.1006996775895357,-0.1349246032744646,0.132301777601242,-0.2878693044185638,-0.3669471740722656,-0.0559878446817398,-0.0490057307094335,0.3338195744171738,0.0108652366325259,-1.5643184185028076,0.223246544599533
1774470451418431200,113.63043115234376,-0.033707185421139,-0.1741918157092295,0.0483639256745576,-0.0211512111127376,0.0844743996858596,-0.2782818377017975,0.0993441713273525,0.1529109263420104,-0.097813893020153,0.1532457619905471,-0.2831248939037323,-0.3568597435951233,-0.065083005285263,-0.1024462289959192,0.2689893748492002,-0.0143286753445863,-1.5900075435638428,0.2091431468725204
1774470451428458500,113.64045849609376,-0.0453150594979524,-0.1249488239115104,0.0562479569226503,-0.0216086711734533,0.0727234259247779,-0.2779276371002197,0.0601803279355168,0.1366390059769153,-0.1190098257839679,0.166524276137352,-0.2731793224811554,-0.3454430401325226,-0.1785994943499565,-0.2242290266245603,0.1206342121154069,-0.034754853695631,-1.5789932012557983,0.1964582502841949
1774470451438485500,113.65048559570312,-0.0446535268492996,-0.0772797486333176,0.0790279440075159,-0.020929031074047,0.0739580690860748,-0.2817394137382507,-0.0214238963007926,0.0592541530013084,-0.1677490145117044,0.170906975865364,-0.2561634480953216,-0.3349972367286682,-0.1860276715893298,-0.2747784796446562,-0.0056982116416096,-0.0440027862787246,-1.5615758895874023,0.1820595562458038
1774470451448512300,113.66051220703125,-0.0171136318862438,-0.0366550023760646,0.0743903473347425,-0.0222806148231029,0.0750456228852272,-0.277101069688797,-0.1099155419632792,-0.0169879596799612,-0.1249783787995576,0.1652288436889648,-0.2355466187000274,-0.3278160393238067,-0.0625626199621707,-0.2253524776965379,-0.1248430619820952,-0.0548959150910377,-1.5196691751480105,0.1669024378061294
1774470451458539500,113.67053955078126,0.0089887776196002,0.0046885231424123,0.0767307729810476,-0.0266687050461769,0.0801213458180427,-0.2827304601669311,-0.1899532475352287,-0.0336363121420145,-0.0093412443190813,0.1634152829647064,-0.220490425825119,-0.3204170167446136,-0.028842721189931,-0.2087865428209304,-0.2645619137957692,-0.0710371956229209,-1.4606847763061523,0.1468474715948104
1774470451468566500,113.68056640625,0.0433159946352243,0.0548528127698227,0.0873702404171228,-0.027252783998847,0.0872659310698509,-0.2800535261631012,-0.2266514314658939,-0.0514776737809181,0.0408557420015335,0.1560844033956527,-0.2146522551774978,-0.3096264004707336,-0.0795650465589016,-0.2001648449480533,-0.4385214733853936,-0.0957124456763267,-1.3929945230484009,0.1360321044921875
1774470451478592500,113.69059252929688,0.0515157407689839,0.0681912004336714,0.1218938567876815,-0.0333932340145111,0.0859657749533653,-0.2776292562484741,-0.2385693944051861,-0.0991699838042259,0.0196633163690567,0.1422954350709915,-0.2078378349542617,-0.2993129193782806,-0.0969079206237569,-0.1338566817820072,-0.5240753120303153,-0.127212181687355,-1.3193209171295166,0.1377623975276947
1774470451488619300,113.70061938476564,0.0328645971171557,0.0642267537821084,0.1351584120303392,-0.0341374650597572,0.0880982652306556,-0.2785126268863678,-0.265176684693247,-0.121368956130743,-0.0193435828953981,0.1263332366943359,-0.1918327659368515,-0.2914547324180603,0.0020376433074474,-0.0276291806817054,-0.4494952873423695,-0.1548978686332702,-1.2332539558410645,0.1267880499362945
1774470451498646500,113.710646484375,0.0207101950734853,0.0308282872502692,0.1228612405151128,-0.0315802954137325,0.0827485024929046,-0.281630128622055,-0.286076995511353,-0.0809124425798654,-0.0306961670368909,0.1143761351704597,-0.1800707429647445,-0.2818113267421722,0.0447895377865061,-0.003338204512,-0.3141217712566256,-0.164112851023674,-1.1690770387649536,0.1065266281366348
1774470451508673500,113.72067358398438,0.0014252104975283,-0.0229870174316689,0.0940934111922979,-0.0294851399958133,0.0869649723172187,-0.2947010993957519,-0.2565292678572237,-0.0278746798753738,-0.0141805010437965,0.1090215891599655,-0.1726426631212234,-0.2693882286548614,0.0621545506179332,-0.0457137034267187,-0.1936635002300143,-0.1494771838188171,-1.1406270265579224,0.0910288915038108
1774470451518700300,113.7307001953125,8.48287392407e-05,-0.075786861460749,0.0802145234435796,-0.0286446474492549,0.0944479182362556,-0.305155873298645,-0.2451730304539203,-0.005939911442995,-0.0204401459604501,0.1074909344315528,-0.1669667363166809,-0.2580094933509826,0.0461912943432107,-0.0071475336670875,-0.128653560180962,-0.136244460940361,-1.129063844680786,0.0965392291545867
1774470451528726300,113.74072631835938,0.0234703805018216,-0.1199808993058279,0.0786930129647254,-0.0273404810577631,0.0956762433052063,-0.320063441991806,-0.249522750096023,-0.0148866034865379,-0.0290741187930107,0.1027055010199546,-0.1604981869459152,-0.241623044013977,-0.0404641488680616,0.1235889702677726,-0.0684200407534837,-0.1175477355718612,-1.0990314483642578,0.1022605001926422
1774470451538753300,113.75075317382812,0.0138455700010061,-0.1253222420674748,0.0753887107223272,-0.0220628939568996,0.0918490141630172,-0.3409950733184814,-0.2860030534923076,-0.1347235277444124,0.0676467182934284,0.0660061165690422,-0.1301834434270858,-0.2051990330219268,-0.1745042974581941,0.1954980221807956,0.0197772981375455,-0.0955772250890731,-1.0608075857162476,0.1065350919961929
1774470451548780500,113.76078051757813,-0.0714903881095349,-0.0894673588268458,0.0356985053688287,-0.0096036549657583,0.0793081670999527,-0.3558716773986816,-0.1852023997463285,-0.1500590440422296,0.0784276400268077,0.0597990900278091,-0.1372139155864715,-0.1996399611234665,-0.2080009454011917,0.1772737987041473,0.0511094249904155,-0.0728562027215957,-1.013098955154419,0.1098019927740097
1774470451558807300,113.77080737304688,-0.0741552234046161,-0.0487296171817928,0.0154845693796873,-0.0044195456430315,0.0666624084115028,-0.3583918213844299,-0.1147349249437451,-0.1950157916218042,0.0531979217022657,0.0429085530340671,-0.146422266960144,-0.1940465569496154,-0.1398211431443691,0.1770557720392942,0.0354322556480765,-0.0535813234746456,-0.959458589553833,0.1152031570672988
1774470451568834300,113.78083422851564,0.0254775556057691,0.0051628261232748,0.007640870141983,-0.0060613071545958,0.0633475258946418,-0.3470394015312195,-0.0816097771942615,-0.243618202227354,0.0697276162207126,0.0256904177367687,-0.1452986747026443,-0.1898334324359893,-0.1191711538255214,0.1985597478389739,0.0088277418389916,-0.049213208258152,-0.8939357399940491,0.1259186416864395
1774470451578861600,113.79086157226564,0.0797724787645041,0.0209941083150915,-0.0301566533327102,-0.0013192824553698,0.0702467113733291,-0.3400669991970062,-0.1637806954026222,-0.2702572028279304,0.0480523755073547,0.0107872253283858,-0.1367148905992508,-0.188631922006607,-0.1156452812543138,0.1952525229871272,0.0271174317672848,-0.0647514835000038,-0.815853476524353,0.1371432095766067
1774470451588887600,113.80088745117187,0.0227365863345563,0.0058652205052785,-0.119548754966259,0.0001646240707486,0.0786529779434204,-0.3401023149490356,-0.2108838073611259,-0.232428115171194,-0.0144330145001411,0.0070702508091926,-0.1351931542158126,-0.1894692182540893,-0.0227975227415561,0.1618640481263399,0.0364341261669993,-0.0935197547078132,-0.7508952617645264,0.129066914319992
1774470451598914300,113.81091430664064,0.0014567746795713,-0.0128254514393396,-0.1318389122188091,-0.0076442966237664,0.0853947699069976,-0.3430317938327789,-0.2029939308941364,-0.1975321583569049,-0.0839578016251325,0.0092709008604288,-0.1311995983123779,-0.1911865025758743,-0.0424924215589649,0.098479663452506,0.1633925728678703,-0.0975328385829925,-0.6962435841560364,0.1110651344060897
1774470451608941300,113.82094140625,0.0503502771861851,0.006297218714375,-0.0450946947455406,-0.018491294234991,0.0793577954173088,-0.337616354227066,-0.231027600723505,-0.1997287916183471,-0.1441670633941888,0.0057432767935097,-0.1162475422024726,-0.1948954910039901,-0.0434019193530082,0.0798421829998493,0.3575137537375092,-0.0694205090403556,-0.6761601567268372,0.1133003234863281
1774470451618968600,113.83096850585936,0.1247786184437572,0.0220971376535482,0.0544084665358066,-0.0305492877960205,0.0771990343928337,-0.3337254822254181,-0.303783332593739,-0.228601250359416,-0.184424839502573,-0.0057891402393579,-0.1024771183729171,-0.1987305879592895,0.0356043973445892,0.1346282506763935,0.3945236339658498,-0.0771596655249595,-0.6499490141868591,0.1074682772159576
1774470451628995300,113.84099536132813,0.1339667180277407,0.0325215193005278,0.1141676464498043,-0.0355456732213497,0.0677612572908401,-0.3335407376289367,-0.3010604835011065,-0.2027151139527559,-0.1769113951325416,-0.0251204930245876,-0.1048758253455162,-0.2041016519069671,0.0420247857809066,0.0722322925180196,0.3244052648618817,-0.1072877421975135,-0.6193402409553528,0.0626360848546028
1774470451639022300,113.85102221679688,0.1062270627088844,0.0584594224270433,0.1529559345275163,-0.0343701541423797,0.0569831728935241,-0.3360369205474853,-0.2323980122938752,-0.1464303321510553,-0.1583639310508966,-0.0371057577431201,-0.1205809563398361,-0.2000198662281036,-0.083610029367078,-0.0366331558704376,0.3375479472905397,-0.1325376778841018,-0.5960486531257629,0.0068363333120942
1774470451649048300,113.86104833984376,0.0849878753252327,0.0527737232071347,0.148057056570053,-0.0282191503793001,0.0425299108028411,-0.3410653173923492,-0.1839830870844423,-0.069613049930334,-0.1527145269870758,-0.0367073491215705,-0.1274460554122924,-0.1885554939508438,-0.0306862392979208,-0.1477057589143514,0.3988587405607104,-0.1126118972897529,-0.5342827439308167,-0.0631211772561073
1774470451659075600,113.87107568359374,0.0736727005846798,0.018488573501259,0.1235913083553314,-0.0231719277799129,0.0310916323214769,-0.344069629907608,-0.1786953559398651,-0.0055506198644638,-0.1838771424919366,-0.0314709097146987,-0.1261933147907257,-0.1846828460693359,-0.0647673451985232,-0.0810217481732368,0.4281944328993559,-0.0967804118990898,-0.4684720933437347,-0.0877367258071899
1774470451669102300,113.88110229492187,0.061078007427603,-0.0043646980155259,0.0927893428564071,-0.0179892852902412,0.0267694164067506,-0.3385588526725769,-0.2259435754574835,0.0571416908919811,-0.2463216159671545,-0.0242276433855295,-0.1021340563893318,-0.1821895837783813,-0.2276058095812797,0.0602075082033872,0.2650818460166454,-0.1201041042804718,-0.419762372970581,-0.108488880097866
1774470451679129300,113.89112939453123,0.0577205136932432,-0.0276709374641999,0.0895487534999847,-0.0127756167203187,0.0280948709696531,-0.3308623135089874,-0.3146107238173484,0.1248497839838266,-0.3037427083224058,-0.0133930407464504,-0.0703996047377586,-0.1686674654483795,-0.2405611527442932,-0.038034839361906,0.1329822370350361,-0.1711526811122894,-0.3592393100261688,-0.1478168964385986
1774470451689156400,113.90115625,0.075626757261902,-0.0064732420015614,0.092590020892024,-0.0155808189883828,0.0282413195818662,-0.3179914653301239,-0.3894681041419506,0.14125555986166,-0.3092360450416803,-0.0101506430655717,-0.0364749245345592,-0.1474066525697708,-0.2387503039300441,-0.1143488482356071,0.1534650530934333,-0.1869628131389618,-0.2773883938789367,-0.1509455740451812
1774470451699182300,113.91118237304688,0.0869927854068577,0.0371713087345939,0.1047059906214475,-0.0162929482758045,0.0342893600463867,-0.3012399077415466,-0.4549509223997592,0.0915489874064922,-0.3042699470669031,-0.0132948867976665,-0.0039737606421113,-0.1203320398926734,-0.1999158386230468,0.0517588288098573,0.2583569216758012,-0.1367877423763275,-0.2084146738052368,-0.1402727663516998
1774470451709209300,113.92120922851562,0.0744504069589078,0.0938225948942825,0.1120201130270957,-0.0220329836010932,0.0324996188282966,-0.2849163115024566,-0.467271474790573,0.0949766237676143,-0.2657528771460056,-0.012302859686315,0.0218301378190517,-0.0983316674828529,-0.0002408241601951,0.1855237406551838,0.1536775268003344,-0.1216609999537468,-0.1721205711364746,-0.1762491464614868
1774470451719236400,113.931236328125,0.0504654279984533,0.1409370958964806,0.1111427456706762,-0.0270929895341396,0.0229287520051002,-0.2678342461585998,-0.4503016352891921,0.1539963834911585,-0.2064274124741554,-0.005234582349658,0.0434140302240848,-0.0613152869045734,-0.075168930491805,-0.00059679684937,-0.1041758292675018,-0.1624996960163116,-0.1357629597187042,-0.2244872152805328
1774470451729263400,113.94126342773436,0.0058178924985229,0.1660334244991652,0.1035205802291631,-0.0271433517336845,0.0148321390151977,-0.2571758329868316,-0.3970027374304831,0.2349023963302373,-0.1738350564271211,0.0049078003503382,0.055678155273199,-0.0148460576310753,-0.3000204729288816,-0.2501607557386159,-0.1720288837879896,-0.1925843507051468,-0.1131125018000602,-0.2608329653739929
1774470451739290400,113.95129028320312,-0.0175175365120172,0.1666372538775205,0.0923100349068641,-0.0285835899412632,0.0006185821257531,-0.2422964870929718,-0.2597698572136461,0.255914204698801,-0.129683195489645,0.0165697373449802,0.0605932883918285,0.0339470840990543,-0.2404541852384805,-0.2186602865815162,-0.0553095070287585,-0.1836001574993133,-0.0555401071906089,-0.2712236940860748
1774470451749317400,113.9613173828125,-0.006741875475645,0.1763401345832273,0.0826128167569637,-0.0264567118138074,-0.0082623111084103,-0.2250100076198578,-0.1567455360688269,0.2420820787012577,-0.1326777011305093,0.0196648649871349,0.0574662052094936,0.0790897980332374,-0.1472644357544835,-0.0102811555176973,0.021542554244399,-0.1625947505235672,0.010093230754137,-0.2567709684371948
1774470451759343400,113.97134326171874,0.0074829031012952,0.1725961074830032,0.0782341632813215,-0.0222542434930801,-0.0122077837586402,-0.2053582668304443,-0.0233165781795978,0.0944926396429538,-0.1939560534358024,0.0129458159208297,0.0702402740716934,0.1060475260019302,-0.1449812932533677,0.1776145749658346,-0.1127361523419618,-0.1586175858974456,0.0620014369487762,-0.2308059483766555
1774470451769370400,113.98137036132812,0.0109380119912326,0.1810396357773803,0.0703027857601642,-0.0224174670875072,-0.0141454339027404,-0.1881800293922424,-0.0385958342455327,-0.0402753117650747,-0.1612976464152336,0.008466113358736,0.1043817326426506,0.1018024533987045,-0.2732224823743104,0.2329196980804204,-0.2002484315782785,-0.1385155022144317,0.1193712502717971,-0.1799576878547668
1774470451779397400,113.9913974609375,0.0302275266118347,0.2057675968585536,0.0483902291595935,-0.0258689243346452,-0.005189221818,-0.165176972746849,-0.057345104509592,0.0342038828969001,0.0615951631695032,0.0194601975381374,0.1086409613490104,0.0947032645344734,-0.2118897512669675,0.3266138808220625,-0.2387929740279912,-0.1041996106505394,0.1869611889123916,-0.1155450195074081
1774470451789424400,114.00142431640624,0.0460993417434394,0.2297317522266879,0.0301075534939765,-0.0247702505439519,0.0039082360453903,-0.1445978283882141,0.0383877444528043,0.1141577095776796,0.0927531024992465,0.0341989286243915,0.085034966468811,0.0885785296559333,0.0346066184788942,0.3737000416457652,-0.3717985919386148,-0.0758119076490402,0.225730150938034,-0.0726995468139648
1774470451799451400,114.01145141601565,0.0180295776873826,0.2318993785893544,0.0219710087895393,-0.0317594520747661,0.0159268155694007,-0.1228525787591934,0.0888363674469292,-0.031813188368082,-0.1536146906971931,0.0275429990142583,0.0654673427343368,0.0761510357260704,0.0601040660952217,0.3223468710273504,-0.484446481475234,-0.0528510473668575,0.2395093441009521,-0.0248898547142744
1774470451809477400,114.02147729492188,-0.0199888950616121,0.2095781681226566,0.0203390236735343,-0.0266956258565187,0.0179047733545303,-0.1082746759057045,0.1332325585342943,-0.1348351714253425,-0.2477098554551601,0.0118652367964386,0.0577689446508884,0.055165059864521,0.0496972383712418,0.2726256855249405,-0.4834919572293758,-0.0575517937541008,0.2191231250762939,0.0130031984299421
1774470451819504400,114.03150439453124,-0.0424642001114785,0.1879531962918117,0.0270920050650835,-0.0206731539219617,0.0155271021649241,-0.0892024487257003,0.1552395154200494,-0.1137853691339492,-0.1351993285626173,0.0117832664400339,0.0464327931404113,0.0376741401851177,0.1287555775170214,0.107851302909851,-0.4259516224086284,-0.0897945687174797,0.1987113207578659,0.0236794538795948
1774470451829531400,114.04153149414064,-0.0465045615434646,0.1514033804564271,0.0361766442745924,-0.0129907811060547,0.0062684779986739,-0.0745836496353149,0.1690893232047557,0.0460422047287225,-0.0238292038768529,0.0286746323108673,0.0206485986709594,0.028362663462758,0.0735708567785564,-0.0416466001182794,-0.1214592647626996,-0.0859143435955047,0.1744355410337448,0.0314372405409812
1774470451839558400,114.05155834960938,-0.0248405728764832,0.1281411993451882,0.0459328991353511,-0.0051371194422245,0.00755505124107,-0.0592949725687503,0.2556369951926172,0.1915261959403753,0.0389507851630449,0.0519262664020061,-0.0081202443689107,0.0139133026823401,0.099970787926251,-0.0900239697962999,0.2257677804991602,-0.0345970205962657,0.1364036053419113,-0.0045209797099232
1774470451849585400,114.06158544921875,-0.0010907178461551,0.0945853228950873,0.0458218399763107,-0.0004450206179171,0.0082660168409347,-0.0462952777743339,0.3401343105219304,0.2116308263361453,0.0214122058629989,0.0664399564266204,-0.0331528931856155,-0.0117635643109679,0.0361082460803445,-0.2892003882288932,0.1713186896920204,-0.0024649170227348,0.0336045213043689,0.0190770234912633
1774470451859612400,114.0716123046875,0.0073351651936769,0.0795885370323434,0.0417921460688114,0.0047247074544429,0.0127640962600708,-0.0404112935066223,0.3430908222399652,0.0965174234688281,-0.0404652813792228,0.0657064244151115,-0.0515402778983116,-0.0409421063959598,0.1425882606369908,0.0579518382310867,0.0458235935419797,0.0267406105995178,-0.054254911839962,0.0794897750020027
1774470451869638400,114.08163842773438,-0.01978299722597,0.0693512845884542,0.0354682037442922,0.007514102384448,0.016851782798767,-0.0398736000061035,0.3298841346643865,-0.0099000472456216,-0.0471574724942445,0.0601044707000255,-0.0709488615393638,-0.0704704374074935,0.1422866564750671,0.3184294053226709,0.1325856389328837,0.0686558410525322,0.0405983626842498,0.0504911430180072
1774470451879665400,114.09166552734376,-0.0317446531765162,0.056950716630835,0.0506453146100044,0.0070685558021068,0.0186198540031909,-0.0380701050162315,0.3152560359835624,-0.0666693976938724,-0.0162859488904476,0.0596359558403492,-0.0937361568212509,-0.0997544825077056,-0.0552560324090067,-0.0135667530596256,-0.1369374044016003,0.0854538232088089,0.1595090925693512,0.0495373755693435
1774470451889692400,114.1016923828125,-0.0276769653461873,0.0345297355840913,0.0520306314885616,0.0046704332344233,0.0225228648632764,-0.0331267565488815,0.2546491531990468,-0.0716051005303859,0.0173012634128332,0.0597406141459941,-0.1203688383102417,-0.1274827718734741,0.0487181459397077,-0.1281850658863783,-0.6612436025783419,0.0560117773711681,0.1879186332225799,0.0586304739117622
1774470451899719400,114.11171948242188,-0.0212139068119227,0.0026666253933683,0.0577308889567852,0.0043931980617344,0.0219337735325098,-0.0265801753848791,0.2230580831490456,-0.0562538021415472,0.0049964931130409,0.0590169988572597,-0.1427083909511566,-0.1471805572509765,0.1175035037410911,-0.1066588782548904,-0.7155576688289642,0.0306595638394355,0.2005467414855957,0.0688855051994323
1774470451909746400,114.12174633789064,-0.0220392517201602,-0.0195955392293166,0.0231488203972578,0.0040355590172111,0.0237626358866691,-0.0215929597616195,0.1375157888114452,-0.0641015930324792,-0.0566623829424381,0.0527756176888942,-0.1560055464506149,-0.1541457921266555,0.0636392407843144,-0.0140472300529479,-0.3975368443071842,0.0139133417978882,0.2049324512481689,0.0900360643863678
1774470451919772400,114.1317724609375,-0.0409679702043533,-0.0155938749730587,-0.0106873982310295,0.0026994510553777,0.0250910222530365,-0.0181388407945632,0.0390508845366537,-0.0708697719931602,-0.1029793129593133,0.0401575788855552,-0.1529024690389633,-0.1466026753187179,0.1208002163320779,0.0743880092471837,-0.1197980535522103,0.0197395533323287,0.1609066128730774,0.1002612635493278
1774470451929799400,114.14179931640624,-0.0393400767415761,-0.030552529915655,-0.0126823714405298,0.0003837080439552,0.0267833638936281,-0.0124452607706189,-0.0380709335885941,-0.0554120906203985,-0.0768231274396181,0.0339388325810432,-0.1464648097753524,-0.1340061873197555,0.1164309152066707,0.0098959555923938,0.0349959100574255,0.0256224758923053,0.0786777734756469,0.110055573284626
1774470451939826400,114.15182641601562,0.022317484139651,-0.0433130994252394,0.0084825816631317,-0.0074284086003899,0.0313869044184684,-0.0143323764204978,-0.0642063685812056,0.0054956748068332,0.0165367087811231,0.0326567515730857,-0.1420063078403473,-0.1191497147083282,0.0371492886990308,0.0138806413143873,0.1493508957728743,0.0441785752773284,-0.011832121759653,0.1193882301449775
1774470451949853400,114.161853515625,0.0453382942430675,-0.0693887670546304,0.0265454770982265,-0.011346710845828,0.0402701459825038,-0.0162049513310194,-0.0522059880554676,0.0552092615246772,0.042486558073759,0.0350394807755947,-0.1359425634145736,-0.1023563519120216,0.0537269140124321,0.0525175382226705,0.1691869383603334,0.0520479492843151,-0.0950492471456527,0.1231965497136116
1774470451959880400,114.17188037109376,0.0271222540728747,-0.1081893026925623,0.0215478149414062,-0.0181369744241237,0.0506689921021461,-0.0250024367123842,-0.0644832858264446,-0.0130500357091426,-0.0432826768875122,0.030707087367773,-0.1262775212526321,-0.0867462679743766,0.0592588291764259,3.5071313381e-06,0.0309442965790629,0.0598055645823478,-0.1532850414514541,0.1199272871017456
1774470451969907200,114.1819072265625,-0.0033440497308969,-0.1566270242556929,0.0237462017685174,-0.0223291739821434,0.059201393276453,-0.0427570343017578,-0.0705189127288758,-0.1077063414812087,-0.098958971402049,0.0225034840404987,-0.1118855327367782,-0.0786593183875083,0.024622397797869,-0.0981231050997972,-0.1085752332702279,0.0645699575543403,-0.1608130037784576,0.1195395365357399
1774470451979933400,114.19193334960936,-0.0404348862409591,-0.1945242452451959,0.0391787487000226,-0.0211981311440467,0.0629106387495994,-0.0639214441180229,-0.093117844158411,-0.1082633908420801,-0.1141530334025621,0.0178098287433385,-0.1013656333088874,-0.0740748345851898,0.0513514170527458,-0.1416571263998746,-0.2558040223225951,0.0655440539121627,-0.1319055259227752,0.1063190326094627
1774470451989960400,114.20196044921876,-0.0628723434984683,-0.2219211515409871,0.0471697474539279,-0.0253442861139774,0.0712411105632782,-0.0879670232534408,-0.0927073636613786,-0.0589361730933189,-0.0944721813768148,0.0197832323610782,-0.0941063910722732,-0.0705410838127136,0.0998059436202049,-0.1204132628411054,-0.3912108561560511,0.0493749380111694,-0.0898587480187416,0.0894905179738998
1774470451999987500,114.21198754882812,-0.0289601370245218,-0.2489215693324804,0.0577057545155286,-0.0313830040395259,0.0838543772697448,-0.1041238903999328,-0.1274934303604066,-0.0075648822963237,-0.1301952366650104,0.022125020623207,-0.0903017371892929,-0.0703017488121986,0.0469721744886366,-0.0569470451027154,-0.4323907155454158,0.0097405258566141,-0.0593180432915687,0.0822090804576873
1774470452010017800,114.22201782226564,-0.009424684818834,-0.2755606064656749,0.0464922865837812,-0.0280274208635091,0.0985659435391426,-0.1165989339351654,-0.1550830096840858,0.0133545716136693,-0.1593517730444669,0.021661365404725,-0.0880039632320404,-0.0684990510344505,0.0827051712155342,0.0257972890794277,-0.2358656884044408,-0.0027398467063903,-0.0436687767505645,0.0805472657084465
1774470452020044800,114.232044921875,-0.0219430978693068,-0.2639115053293295,0.0092424601197242,-0.0200291499495506,0.101268783211708,-0.1334759145975113,-0.1616740785121917,0.0066010057002305,-0.2003074682891368,0.0160983242094516,-0.0801983475685119,-0.0676428824663162,0.2286135253190994,0.0114402624249458,0.1228925124362111,0.0137924486771225,-0.0528669357299804,0.0789256170392036
1774470452030071800,114.24207177734375,-0.0739677380084991,-0.2073432121448218,-0.0387274978011846,-0.0098421731963753,0.0926365107297897,-0.1494854092597961,-0.1802748802162706,-0.0005845218896865,-0.1765653581738472,0.0125251598656177,-0.0738166123628616,-0.065548837184906,0.2032254015624523,0.0241518599599599,0.2953644638165831,0.0350836217403411,-0.0788697749376297,0.0763426199555397
1774470452040098000,114.25209814453125,-0.1277301617257297,-0.0906886168506462,-0.0838040723681449,-0.0030417912639677,0.0773718059062957,-0.1590022146701812,-0.1876243661962449,-0.0107785836458206,-0.1334329034119844,0.0096062561497092,-0.0651657581329345,-0.064372181892395,0.1499953311562538,0.1140840598195791,0.3341305400624871,0.0472675561904907,-0.0980811715126037,0.0696245282888412
1774470452050124800,114.26212475585938,-0.0361199456512928,0.0110399288625922,-0.0869441239595413,-0.001179028651677,0.0667235851287841,-0.14793261885643,-0.1874080930970609,-0.0254115046322345,-0.0944201589286327,0.0122592980042099,-0.0577006489038467,-0.0606789104640483,0.0998585597234312,0.1123170501470565,0.3138400317057967,0.0468928478658199,-0.1101138666272163,0.0608574077486991
1774470452060151800,114.27215185546876,0.0864905349731445,0.084765291216271,-0.0674877283394336,0.0042058830149471,0.0585098676383495,-0.1294710487127304,-0.2025251443386077,-0.041046880659461,-0.0711947661638259,0.0129103772342205,-0.0484724566340446,-0.0579664409160614,0.046857608198258,0.037387773630023,0.2088908799782395,0.0393138788640499,-0.1224219650030136,0.0549529567360878
1774470452070178800,114.2821787109375,0.1282068393267691,0.1741560137434862,-0.0617190818101167,0.0095694893971085,0.055742047727108,-0.108216106891632,-0.2156676806367933,-0.043514147555828,-0.0477910942226648,0.0139775071293115,-0.0462873317301273,-0.0517780520021915,-0.0307446823537349,0.0242453834623098,0.0949839302912354,0.0198536273092031,-0.1278457641601562,0.0535172447562217
1774470452080205800,114.29220581054688,0.134565706834197,0.2038857469010166,-0.0500613772422075,0.0174812078475952,0.0525893941521644,-0.0862639248371124,-0.1986509332537651,-0.08756196359694,-0.0517640895068645,0.012384545058012,-0.0475778169929981,-0.0426792129874229,-0.1079214455366134,0.0470785620391368,0.0699254768803715,0.0061301165260374,-0.1106953397393226,0.052570354193449
1774470452090231800,114.30223168945312,0.1338455758661031,0.1652034582147374,-0.0372024801909923,0.0190304927527904,0.0528246462345123,-0.0676958560943603,-0.2136288682855665,-0.1090945809692144,-0.0876110634356737,0.0042813452892005,-0.0438635051250457,-0.0334433689713478,-0.1201367839872837,0.005343114593625,0.0883811710253357,0.0076622334308922,-0.0954543352127075,0.0568700283765792
1774470452100258800,114.3122587890625,0.1359592070192098,0.1002886217037681,0.004658639460802,0.0184480603784322,0.0552087090909481,-0.0589883811771869,-0.2284136188328266,-0.1441086112052202,-0.0846241565793752,-0.0057489974424242,-0.0423363409936428,-0.0202047191560268,-0.0774257786410395,0.0091144498258829,0.1430912508562207,0.0169929303228855,-0.0889107137918472,0.059221114963293
1774470452110285800,114.32228588867189,0.1176825227029621,0.0335566893008537,0.0660737698882818,0.012352580204606,0.061280645430088,-0.0590272285044193,-0.1999054633595049,-0.1548100379616022,-0.0424117392718792,-0.0108896968886256,-0.039910465478897,-0.0131537336856126,-0.0860042310272343,0.0521054502904415,0.1180634848445653,0.0233179368078708,-0.0789499580860138,0.0668542683124542
1774470452120312800,114.33231274414062,0.1000629871211946,-0.0237819672016426,0.1350754099220037,0.0055697755888104,0.0565386191010475,-0.0610688105225563,-0.1773192452810704,-0.1599380484998226,-0.0363894102424383,-0.0147444643080234,-0.0396390445530414,-0.0117051256820559,-0.1156441487431526,0.077593527290225,0.0480360088944435,0.0188235938549041,-0.0755563229322433,0.0741868838667869
1774470452130339800,114.34233984375,0.0917313582360744,-0.0707631972129922,0.1760264289915561,0.0002174796536564,0.0481292530894279,-0.0715334415435791,-0.1457787363745272,-0.163920980656147,-0.0173825119554996,-0.0188348125666379,-0.0415117777884006,-0.0125807737931609,-0.1112801083147525,0.1468085178136825,0.0137646137192845,0.0190499629825353,-0.0615134723484516,0.0814272165298461
1774470452140366800,114.35236694335936,0.0742787036538124,-0.1107649710000027,0.1914636520981788,-0.0040576928295195,0.0302791520953178,-0.0793767124414444,-0.1669008732497692,-0.1731599336445331,-0.0148147072941064,-0.0219013355672359,-0.0446599498391151,-0.0160025171935558,-0.1027051721930503,0.1400011758863925,0.0737611095204949,0.0270244479179382,-0.0281694699078798,0.0810360834002494
1774470452150392800,114.36239282226562,0.0463460099808871,-0.12029632193055,0.1849853959947824,-0.0023253688123077,0.0168954711407423,-0.0931335091590881,-0.1822374124608934,-0.2064776813566684,-0.0335679230809211,-0.0269051473587751,-0.0469635836780071,-0.0168890841305255,-0.1506698694169521,0.0959101052254438,0.0644295098125934,0.0237588807940483,0.0034366589970886,0.0785433650016784
1774470452160419800,114.372419921875,0.0124732587344944,-0.1224379370691254,0.169282799950242,-0.0041621513664722,0.0013253008946776,-0.099619373679161,-0.2306114211380481,-0.1989367644578218,-0.0651490562587976,-0.0363134928047657,-0.0495755523443222,-0.012726373039186,-0.1932102035045623,0.0764683226525783,0.0240805482894182,0.0091806016862392,0.0202968157827854,0.0753820985555648
1774470452170446800,114.38244677734374,-0.0167003749102354,-0.1303620537324342,0.1386211197048425,-0.0054324944503605,-0.0035717114806175,-0.1082191914319992,-0.2372330312348902,-0.1638590213358402,-0.0713350514173507,-0.042325846850872,-0.0557223968207836,0.000460535287857,-0.1169955542189534,0.0967272668272256,0.0992787048757076,0.011131634004414,0.0280511397868394,0.0628966689109802
1774470452180473900,114.39247387695312,-0.0160357735216617,-0.1272800890038255,0.0914326675504446,-0.0006665013497695,-0.0082934964448213,-0.1084205210208892,-0.1813594605825841,-0.1345569390058517,-0.033631635966897,-0.0470205657184124,-0.0692178159952163,0.0166718438267707,-0.0381096490306314,0.0159212072312831,0.21493249823004,0.0208916142582893,0.0262141190469265,0.0439890772104263
1774470452190500900,114.4025009765625,-0.0191213184468448,-0.1200062072770204,0.0529068298012018,0.000901284860447,-0.0032154507935047,-0.1104192361235618,-0.0907423471987247,-0.1344499715000391,0.0549088172733783,-0.0556854270398616,-0.0820377469062805,0.0351611040532588,0.0020610241830348,-0.0673147098600864,0.270983471275866,0.0348987765610218,0.0227807704359293,0.0330562703311443
1774470452200526800,114.41252685546876,-0.0303897314362227,-0.0853359033116139,0.0132364981919527,0.0047109369188547,0.0049743023701012,-0.1092801988124847,-0.011142302391678,-0.2140343803465366,0.1043430025279521,-0.0634863227605819,-0.0899405106902122,0.0366729460656642,0.0009247318957932,-0.0512637387692928,0.268391116695106,0.0446490570902824,0.0222126115113496,0.0262285452336072
1774470452210553900,114.42255395507811,-0.011625409733504,-0.0453224482199642,-0.0251958160549402,0.0054450691677629,0.0130750807002186,-0.1106355637311935,0.0657316784523427,-0.2742810515165328,0.0698030195444822,-0.0711783319711685,-0.0909815430641174,0.0293186251074075,-0.0292751760567538,0.002497077512741,0.2267187976136803,0.0441483855247497,0.029383173212409,0.0179855283349752
1774470452220580900,114.43258081054688,-0.0111005090765655,-0.0048215932038612,-0.0404039065808057,0.0030077444389462,0.0183947458863258,-0.1048085689544677,0.0942996012888848,-0.2668494402110576,0.0237198982834815,-0.0740080624818801,-0.0876609981060028,0.0171832460910081,-0.0284802445530891,0.0446913746416568,0.2018228412881493,0.0407479964196682,0.0461201518774032,0.0112892286852002
1774470452230608000,114.44260791015626,-0.0050566988676786,0.0276389166244305,-0.0439887793302536,0.0020373894367367,0.020421702414751,-0.0985066518187522,0.0605317717216908,-0.202209502518177,-0.0069417819619178,-0.0739279016852378,-0.0896189510822296,0.0057292571291327,0.0018704883133061,0.0691109456270933,0.1679115115970373,0.0342400297522544,0.0649689435958862,0.0049378559924662
1774470452240635000,114.452634765625,0.0104687870442867,0.0489148192892782,-0.0143190327316522,-0.0016377728898078,0.0125430058687925,-0.0937574356794357,0.0181761465512216,-0.121126379546523,-0.0151093063265085,-0.0742701217532157,-0.0968329235911369,0.0043508051894605,0.0376315101248677,0.0623836831986904,0.0853296745002269,0.0182903967797756,0.0561696290969848,4.03546728193e-05
1774470452250662000,114.46266186523438,0.0522426668040454,0.0797030485237948,0.033778935483098,-0.0031557697802782,-0.0009954422712326,-0.0823054164648056,-0.0387244290612638,-0.0562532176196575,-0.1040735379368066,-0.0748570784926414,-0.1050905883312225,0.0075050527229905,0.1312239769245498,0.0274590848118066,-0.0165521986111998,-0.0130808427929878,0.0328094474971294,-0.0016813790425658
1774470452260688000,114.47268798828124,0.091527798487991,0.1096506713488604,0.0913747998833656,-0.0030156872235238,-0.0159411020576953,-0.0762347429990768,-0.0604291881300508,-0.0031663550764322,-0.2239186455011367,-0.0729129388928413,-0.100575566291809,0.0142936790362,0.2288028921450488,-0.022256839993596,0.0106426823064684,-0.0248429123312234,0.0260354988276958,-0.0161976106464862
1774470452270715000,114.48271484375,0.1070263963930308,0.1419129186586942,0.115587450119853,-0.0050930762663483,-0.0183470956981182,-0.0710261166095733,-0.1137190258994698,0.0440109911620616,-0.3443354154735803,-0.0725273117423057,-0.0788060873746872,0.0213808845728635,0.2464905427932739,-0.0878682530671358,0.1891203038424253,-0.0168483685702085,0.03279859572649,-0.0290449652820825
1774470452280742000,114.49274194335938,0.0714646691463887,0.1691320115690119,0.0899544116914272,-0.0026344461366534,-0.0155814038589596,-0.0656417459249496,-0.2050505711629986,0.0699567488014697,-0.4157908784002065,-0.0727804154157638,-0.0481810234487056,0.0309468060731887,0.1555588105022907,-0.0879021553367376,0.4119616755008697,-0.0099857272580266,0.0348482467234134,-0.019636332988739
1774470452290769000,114.50276879882811,0.0295214241690933,0.1675137809837237,0.0212993931382894,0.0007185920258052,-0.0066876802593469,-0.0589429959654808,-0.3388941012024879,0.0587806902706623,-0.4673357721984386,-0.0815864279866218,-0.0121457912027835,0.052760224789381,0.1380664084315299,-0.0116220487326383,0.5490890495166182,-0.0023959847167134,0.0205215066671371,-0.0041465880349278
1774470452300796000,114.5127958984375,-0.0203254335395991,0.1663102869454771,-0.0461240377932786,0.0085445567965507,-0.0001714574173092,-0.0541085600852966,-0.4573347487963736,0.0445703786104917,-0.4816495442330837,-0.089575320482254,0.0278526190668344,0.0870558023452758,0.1890940003573894,0.0450146152466535,0.562750787383318,0.00721399160102,-0.0081036165356636,-0.014427850022912
1774470452310823000,114.52282299804688,-0.0284182852327823,0.1495284990957938,-0.079794252204895,0.0151776215061545,0.001884285127744,-0.0420905202627182,-0.4746237372495234,0.0694482147574424,-0.4398246649384498,-0.0886208415031433,0.0656474009156227,0.1182605922222137,0.1445978468937333,0.0061140989661216,0.4301783001929521,0.0176581107079982,-0.0318190641701221,-0.0338404290378093
1774470452320849000,114.53284887695312,0.0090121584951877,0.1288537589281797,-0.0615641835093498,0.0218554977327585,0.0049439906142652,-0.0281211715191602,-0.380006156052649,0.1107581302672624,-0.3626005554825067,-0.0812571868300437,0.1022098734974861,0.1418000161647796,0.0072562456054147,-0.0612204846382141,0.2027770732730626,0.0134835662320256,-0.0350700840353965,-0.0523714981973171
1774470452330876000,114.5428759765625,0.0407283162295818,0.1001420802393928,-0.0161631992936134,0.0272892676293849,0.0072146970778703,-0.0100748073309659,-0.2796728275574743,0.1405377669811248,-0.3052297320097685,-0.074298083782196,0.1329358220100402,0.1586229354143142,-0.0745300571995321,-0.1181874034851789,0.026395254972577,-0.0175736863166093,0.0018157637678086,-0.0744389817118644
1774470452340903000,114.55290283203124,0.0522007273584604,0.0762492182754911,0.0268482594370841,0.028329499065876,0.0083561278879642,0.0043406169861555,-0.1809098171189427,0.1218383272081613,-0.2916863598257303,-0.0711477994918823,0.1591451168060302,0.1682986915111541,-0.1295920283411629,-0.1512637436568737,-0.0130900754585862,-0.0531227365136146,0.0734567567706108,-0.0895831435918808
1774470452350929700,114.5629296875,0.0651513943463563,0.0622590887046419,0.0620581045061349,0.0282775703817605,0.0080434642732143,0.0135137503966689,-0.0238470317944884,0.0981359645813703,-0.2269458843678236,-0.0647546127438545,0.175149381160736,0.1633481383323669,-0.230147310757637,-0.1338227795124054,0.0693330639451742,-0.0665027201175689,0.1319882571697235,-0.1001979708671569
1774470452360957000,114.57295703125,0.0648914282359182,0.0714979320951737,0.0802139389216899,0.030799051746726,0.0091691827401518,0.018745794892311,0.0504043454609811,0.0709814156740903,-0.1740057368189096,-0.0624426454305648,0.1860226839780807,0.1495297253131866,-0.2692448109149932,-0.0735556500762701,0.1387435770407319,-0.0621620379388332,0.169234961271286,-0.1001979708671569
1774470452370983000,114.58298291015625,0.0287644683219492,0.0957334882832132,0.0731172586590051,0.0252268947660923,0.0041168346069753,0.0211034379899501,0.1380839440882205,0.043092707273364,-0.0990752912580966,-0.0601062551140785,0.1830561906099319,0.1275882124900818,-0.2723684958934784,0.0023936171382665,0.1253641632467508,-0.0593300350010395,0.173103466629982,-0.0860185027122497
1774470452381010000,114.59301000976562,0.0097907416522502,0.1455473753040656,0.0449485642731189,0.0186313092708587,0.0018464899621903,0.0284321904182434,0.2594692668318748,-0.0179927528083324,0.0038192660272121,-0.0631642118096351,0.1600997745990753,0.091493472456932,-0.2492576694190502,0.0508580805778503,0.1199564589843154,-0.056955337524414,0.1704766750335693,-0.0695950537919998
1774470452391036700,114.60303662109376,0.022775310909748,0.1900442868195474,0.0228150583982467,0.0121102631092071,-0.0001573427580296,0.0388251096010208,0.429719742770493,-0.0955097077310085,0.096993224287033,-0.0752898454666137,0.1165616139769554,0.0493225827813148,-0.2107353388011455,0.0290419700890779,0.172035605789721,-0.0453364998102188,0.1587433218955993,-0.0481145307421684
1774470452401064000,114.61306396484376,-0.0002045826613903,0.22847718558833,0.0194143100440502,0.0087967589497566,-0.0024836137890815,0.0534115098416805,0.5665232916593551,-0.1618885980457067,0.1223462767302989,-0.0919331014156341,0.0512807890772819,-0.0087326578795909,-0.1168587852299213,0.0617155746787786,0.1758516569465398,-0.0358397513628006,0.1497827470302581,-0.0267918407917022
1774470452411091000,114.62309106445312,-0.0080405369840562,0.2486114804700016,0.0302437470942735,0.0073510287329554,-0.0031134285964071,0.0714331939816474,0.6501692508563399,-0.2159253086596727,0.1369014563053846,-0.1036419570446014,-0.0089330160990357,-0.0710277184844017,-0.0675192925214767,0.1079816512912511,0.1604737628117203,-0.0312753580510616,0.1670738458633422,-0.0045360699295997
1774470452421117700,114.63311767578124,-0.0328575828544795,0.2398858838312327,0.075392802375555,0.005215173587203,-0.0093066096305847,0.0906076878309249,0.7184139350429177,-0.2006359695911407,0.1735825429707765,-0.1150276437401771,-0.0695542022585868,-0.1332459896802902,-0.0452139463441912,0.135289344933629,0.1429585643872618,-0.0389758050441741,0.2046176046133041,0.0192906111478805
1774470452431143700,114.64314379882812,-0.035588030731678,0.1866277929069474,0.0987251626461744,0.0080976486206054,-0.007114659063518,0.1036394461989402,0.809922736569494,-0.1673983013778925,0.2006967598676681,-0.1195592805743217,-0.1266617029905319,-0.1981847733259201,-0.036615620213747,0.1551245107382536,0.0861500509724021,-0.0468132197856903,0.2449114918708801,0.0414294674992561
1774470452441171000,114.6531708984375,0.0123199678689241,0.1174006918205879,0.1147714575618505,0.0076073603704571,0.0061161913909018,0.1129181608557701,0.8522659406498074,-0.1746171467155218,0.2375426817059516,-0.1220917031168937,-0.1794109046459198,-0.2619831562042236,0.0313993377370294,0.1536567762732505,0.0584089343488216,-0.0576922036707401,0.2731398344039917,0.0570086911320686
1774470452451198000,114.66319799804688,0.032605800050497,0.0782282449971884,0.1271124682188034,0.0130956023931503,0.0236291401088237,0.1208961978554725,0.8632781869210302,-0.1819791999161243,0.2254389869362115,-0.1126041933894157,-0.2225551754236221,-0.3263933062553406,0.1168587669636122,0.1494131473541259,0.014737258143723,-0.0583428144454956,0.2824305295944214,0.0681827813386917
1774470452461224700,114.673224609375,0.0023848493099212,0.0255044618790037,0.1131190141797065,0.0182717237621545,0.0288539938628673,0.1200421229004859,0.8443966685794293,-0.146518594956398,0.2212169853270053,-0.105207622051239,-0.2540430724620819,-0.3877606689929962,0.1733832210063934,0.1494669233679771,0.0183452195078134,-0.0492525622248649,0.2795312404632568,0.0840183794498443
1774470452471252000,114.683251953125,-0.0771894765339791,-0.0335561869773548,0.074091072127223,0.0264754556119442,0.030386209487915,0.1137718632817268,0.8199637997210025,-0.0680991382360458,0.1619511418879032,-0.0992970019578933,-0.276598185300827,-0.4277618825435638,0.2356371403455734,0.0780892018526792,0.0506640193104743,-0.0408489592373371,0.2889015674591064,0.1040336340665817
1774470452481278000,114.69327783203126,-0.1056102459847927,-0.0729332895273808,0.0390939930260181,0.0414389558136463,0.0315441489219665,0.1066612228751182,0.8044200474999844,0.0288210208147764,0.026432664373517,-0.087919995188713,-0.3072554767131805,-0.4510882496833801,0.2995686375081539,-0.055252516144514,-0.0174330730989575,-0.0398689433932304,0.3209754824638366,0.1048949062824249
1774470452491305000,114.70330493164064,-0.0810351921766996,-0.1077617797291837,-0.0373959569364786,0.0512708388268947,0.0361347123980522,0.0979065299034118,0.8159130630254745,0.1645721380412578,-0.073484922927618,-0.0728651508688926,-0.3229718506336212,-0.4495358765125274,0.2875379897083155,-0.1512666662663221,-0.1509697291463613,-0.046861607581377,0.3786640763282776,0.0927727296948432
1774470452501331700,114.71333178710935,-0.076146251091361,-0.1471652405631728,-0.0895920081198215,0.0565108768641948,0.0456030517816543,0.0841393172740936,0.7749439237773418,0.354841611918807,-0.1013625254124403,-0.0501907132565975,-0.3278960585594177,-0.4307752549648285,0.2837550188371912,-0.2111310601204633,-0.3214312174871563,-0.0541276112198829,0.4527340233325958,0.0725252106785774
1774470452511358700,114.72335864257812,-0.1356499949395656,-0.1658502316856756,-0.105756960979104,0.0595665797591209,0.0576964691281318,0.0701469108462333,0.7925507460080087,0.5625877057760954,5.08534044027e-05,-0.0053790314123034,-0.3340607583522796,-0.4123283624649048,0.2825450219929218,-0.2318821717262268,-0.4172299712926149,-0.0698807388544082,0.5448351502418518,0.0528529696166515
1774470452521386000,114.73338598632812,-0.2103638751402497,-0.1549491907039657,-0.1090548334807157,0.061119470745325,0.0652353391051292,0.055957056581974,0.8676756912276148,0.759866766154766,0.1103963112175464,0.0541205778717994,-0.3470375835895538,-0.3994773030281067,0.2440273492838255,-0.2215636068075895,-0.4484700359478593,-0.0769553035497665,0.6583834886550903,0.0378905721008777
1774470452531412700,114.74341284179688,-0.2097140329293906,-0.1462709038056433,-0.0935118119120597,0.0601274706423282,0.0781749188899993,0.0414636731147766,0.9313594972394408,0.8292851702958345,0.0669634122043848,0.1100134029984474,-0.3557780981063843,-0.3931666910648346,0.084255323266983,-0.187897484049201,-0.5108128026142716,-0.0820214301347732,0.7644817233085632,0.027956711128354
1774470452541438700,114.75343872070312,-0.1899297205291688,-0.1301861765757203,-0.0634217940747737,0.0536490641534328,0.0976660624146461,0.0252442210912704,0.9565769406042992,0.7129325810223818,-0.1218430033832788,0.1431210190057754,-0.3512161076068878,-0.4013966619968414,-0.0096808880696073,-0.1031605147451162,-0.6890913944467901,-0.1124861314892768,0.8206952214241028,0.0157218836247921
1774470452551465700,114.7634658203125,-0.2203624143242835,-0.1504105791599489,-0.0356131651729345,0.0412776321172714,0.1198553219437599,0.004922455176711,0.9001859219491481,0.4985369661480188,-0.2758686129689216,0.1639453470706939,-0.3317984640598297,-0.4221131205558777,-0.0273042230436578,0.0649304450720548,-0.7682727754503488,-0.1410879492759704,0.8429144620895386,-0.005599916446954
1774470452561493000,114.77349291992188,-0.2285071423351764,-0.2066527639289386,-0.027439795589447,0.0331557914614677,0.1397454142570495,-0.015598265454173,0.8078335092052817,0.3203162419825792,-0.3446931428700685,0.1768848150968551,-0.3044990003108978,-0.4502613842487335,-0.0660533481547609,-0.0511848283141851,-0.6792416160836815,-0.1777649968862533,0.7655869126319885,-0.0213202908635139
1774470452571519700,114.78351977539064,-0.2752918359942734,-0.2706021072754636,-0.0185509712129831,0.0241678543388843,0.1575034707784652,-0.0498705357313156,0.7665254933916031,0.2348217323094606,-0.2425286534249782,0.1916853338479995,-0.3004818856716156,-0.4828475415706634,-0.1289642700979486,-0.2361743159621953,-0.62680971031785,-0.2048205882310867,0.6351969838142395,-0.0184824261814355
1774470452581546800,114.79354663085938,-0.3572724923275411,-0.3630581995895132,-0.0219721778333187,0.0151336127892136,0.1769623905420303,-0.0919080004096031,0.8230069668091833,0.2801683559894561,-0.0413140071630477,0.2054172754287719,-0.3335491716861725,-0.5202587246894836,0.0890694090178236,-0.2670961084485054,-0.4004083080902695,-0.2055273652076721,0.4406843781471252,-0.0671836584806442
1774470452591572700,114.80357275390624,-0.4342423347614705,-0.4621866092743352,-0.0412970560282468,0.0165444556623697,0.1938793063163757,-0.1459404230117797,0.9409740055419504,0.3745464293420315,0.1525274799823761,0.224710002541542,-0.4076191484928131,-0.5613400936126709,0.2627823734352364,-0.4291442809700965,-0.1649146678686142,-0.2143067419528961,0.2039263993501663,-0.0923191010951995
1774470452601600000,114.81360009765623,-0.4873369422197341,-0.5397625643752515,-0.0744634125709533,0.0106210522353649,0.2035569697618484,-0.2020654678344726,1.0589140101373196,0.4675426929473876,0.2760492302328348,0.2416151762008667,-0.5006904006004333,-0.5940833687782288,0.0590425560772418,-0.4794084873080253,-0.1303223701760172,-0.2349491119384765,-0.0641488060355186,-0.1310371458530426
1774470452611626800,114.82362670898438,-0.5653226836979389,-0.5973046527616679,-0.1055459485769271,0.0035070735029876,0.209274336695671,-0.2700192332267761,1.1990858664155006,0.5251888262301683,0.3413338955700397,0.261091947555542,-0.5896522402763367,-0.6286882162094116,-0.1316834659287706,-0.3736719845950603,-0.1444330208539962,-0.2633141577243805,-0.2381719946861267,-0.1172049641609191
1774470452621653800,114.83365380859377,-0.6046534080892801,-0.6191122876830398,-0.1195049158245325,-0.0071255974471569,0.2235073298215866,-0.3380749821662903,1.354385003068298,0.489534160003066,0.3296399506449699,0.2733295559883117,-0.6536545753479004,-0.6710461974143982,-0.1947650317311287,-0.257947171831131,-0.2437853754878044,-0.2814561724662781,-0.3491344451904297,-0.1091663464903831
1774470452631680800,114.8436806640625,-0.5877905360937118,-0.6318470468979328,-0.133588386234641,-0.0142534766346216,0.2368731647729873,-0.3981460332870483,1.3921370799660682,0.34392566562891,0.2163034943222999,0.2728491425514221,-0.6906189918518066,-0.7266388535499573,-0.0541980386555194,-0.1544172392517328,-0.5168740023493766,-0.2997472882270813,-0.4789129495620727,-0.1003129333257675
1774470452641707800,114.85370776367188,-0.5285745231457054,-0.6417847958054393,-0.1524859789282083,-0.0292670466005802,0.2540947794914245,-0.4504877924919128,1.4066926979325711,0.2182405998647212,0.1145458321124315,0.2645027041435241,-0.7148474454879761,-0.7914723753929138,0.057367279808782,-0.0510801988959312,-0.8488792208209633,-0.3160981237888336,-0.6223971843719482,-0.0892274305224418
1774470452651733800,114.86373364257813,-0.4647821421928703,-0.6547563594508916,-0.1532335824251174,-0.0435011386871337,0.2776381075382232,-0.4973736107349396,1.3926923757612704,0.1445060860902071,0.1025116954475641,0.2631897628307342,-0.7413341403007507,-0.856242835521698,0.1206745441257953,-0.0284913504689931,-0.9089344610720872,-0.3107696771621704,-0.7317566871643066,-0.0876665562391281
1774470452661760800,114.8737607421875,-0.3947304085843265,-0.672542191510275,-0.1648170527130365,-0.0451206043362617,0.3055538833141327,-0.5432508587837219,1.361543350390345,0.1022568439036607,0.0990548329919576,0.2669288516044616,-0.7710630297660828,-0.922511339187622,0.0837011782492511,-0.0996685809761285,-0.8641282278791069,-0.2936948537826538,-0.8441212773323059,-0.0931323394179344
1774470452671787800,114.88378784179687,-0.3615677053034305,-0.6874771641831845,-0.1663537607610225,-0.0464952327311039,0.3318909704685211,-0.5980769991874695,1.26807347792387,0.0665367112249136,0.0842412947416305,0.2867107987403869,-0.7950817942619324,-0.9938400983810424,0.071423880478274,-0.1786106002658605,-0.8093409911587834,-0.2892561554908752,-0.949621081352234,-0.0974906012415885
1774470452681814800,114.89381469726564,-0.3993674207352101,-0.7587748792648314,-0.1585451328366994,-0.0388748608529567,0.3529552519321441,-0.6566423177719116,1.0934488785542549,0.075372344109416,0.0944534766763448,0.3057798147201538,-0.8022762537002563,-1.049860954284668,0.1103051075364463,-0.2945633765667677,-0.6846221400782465,-0.3073468804359436,-1.047715663909912,-0.114707313477993
1774470452691841800,114.903841796875,-0.4686006775677204,-0.8232135222319513,-0.1632733304023742,-0.0302391126751899,0.3626675605773926,-0.7218102216720581,0.8808161816991865,0.195478732958436,0.071567691129446,0.3245881199836731,-0.8065181374549866,-1.0936825275421145,0.2226326973438263,-0.4717261161118745,-0.580266862590611,-0.3492456078529358,-1.1473716497421265,-0.145611435174942
1774470452701867800,114.91386767578123,-0.5149105933219195,-0.874411356158182,-0.1637818644464015,-0.0253841690719127,0.3536141514778137,-0.7829505205154419,0.6977567853309213,0.3204448367983102,0.043180385556817,0.3508861660957336,-0.813266932964325,-1.1212745904922483,0.3062169894814491,-0.5610147573709487,-0.5290484242677689,-0.411045640707016,-1.2347187995910645,-0.1842406392097473
1774470452711894800,114.92389477539062,-0.4565910908222198,-0.906054375591129,-0.1692331155896186,-0.0262363273650407,0.3487790524959564,-0.839378833770752,0.4834279520824551,0.385038012740016,-0.0025040917754173,0.3737219870090484,-0.8217850923538208,-1.1332553625106812,0.3228863847315311,-0.489895979052782,-0.488732195970416,-0.4723678529262543,-1.3138742446899414,-0.2195901125669479
1774470452721922000,114.93392211914062,-0.421440866985917,-0.8980511749427765,-0.1206277823746204,-0.0483525469899177,0.3416532576084137,-0.8977987766265869,0.2949884701110422,0.4151210163146257,-0.0140624276220798,0.3929911851882934,-0.8267589807510376,-1.133006572723389,0.3344108183085918,-0.3326426395922899,-0.5072554023936391,-0.5146989226341248,-1.3980607986450195,-0.2636449635028839
1774470452731948800,114.94394873046876,-0.3999398137956857,-0.8340673630710691,-0.0861491741895675,-0.0729905441403389,0.3451240956783294,-0.947892963886261,0.1689700807392597,0.4839771103978156,0.0652472559362649,0.3971499800682068,-0.8320251107215881,-1.114449143409729,0.2414034487873315,-0.3267331232875585,-0.45098640268296,-0.5448517799377441,-1.4680038690567017,-0.3078957796096802
1774470452741975800,114.95397583007812,-0.36012788175866,-0.7267198449648916,0.0002659574598073,-0.1063218712806701,0.3638032376766205,-0.999232053756714,0.0732207190334796,0.5010696994960308,0.1220201135158538,0.3902371823787689,-0.8442818522453308,-1.0827468633651731,0.0819798160830512,-0.3879816649764776,-0.3540320491015911,-0.5709320902824402,-1.514618754386902,-0.3388415575027466
1774470452752003000,114.96400317382812,-0.2473781392827629,-0.6203566617209464,0.0909194573312997,-0.1416218280792236,0.3887244760990143,-1.0478506088256836,-0.0485154629744589,0.4658277057230472,0.0821802705585956,0.367403507232666,-0.8359290957450867,-1.0309348106384275,0.073729253077507,-0.4207955548197031,-0.2808455245986581,-0.5868597030639648,-1.5589278936386108,-0.3652949929237366
1774470452762029000,114.97402905273438,-0.1736196601107716,-0.5846181531352922,0.1521697525858879,-0.1652539223432541,0.4190930426120758,-1.1010528802871704,-0.1707809295535087,0.4113134407252073,-0.0037035306930541,0.3414913713932037,-0.7897656559944153,-0.9669852256774902,0.2307382623881101,-0.3911071035206317,-0.2981748450621962,-0.5931838154792786,-1.6014013290405271,-0.4017824530601501
1774470452772055800,114.98405590820312,-0.1363724639952182,-0.5923416965920478,0.2338689616292714,-0.1868351697921753,0.4504733681678772,-1.164872169494629,-0.2277893494546413,0.3325730814874172,-0.0490688590735197,0.3254732489585876,-0.7089022397994995,-0.9039160013198853,0.19945183784049,-0.3138900083273649,-0.3880503462985157,-0.6005882024765015,-1.6281615495681765,-0.4287871718406677
1774470452782082800,114.99408276367188,-0.1232733284473419,-0.5953946544218808,0.297518719241023,-0.1994931697845459,0.4698105752468109,-1.2342033386230469,-0.2901554969966411,0.2323515428036451,-0.0157791684120893,0.3331586420536041,-0.6105692386627197,-0.8426065444946289,0.0284680426586419,-0.1912088005542755,-0.5496268096551299,-0.6081405282020569,-1.6425862312316897,-0.4343401789665222
1774470452792109800,115.00410986328124,-0.0548322449058294,-0.661152490228787,0.2563064188867807,-0.2164783477783203,0.4819973409175873,-1.3036863803863523,-0.3037747108958661,0.1600917777568102,0.0427665440589189,0.3739164471626282,-0.5257645845413208,-0.7860642075538635,-0.007824921471998,-0.0417260950952768,-0.6436576770052314,-0.6100957989692688,-1.6322574615478516,-0.4315979182720184
1774470452802136800,115.01413671875,0.04144508619681,-0.707829047338292,0.1519113939106464,-0.2328711748123169,0.4977696537971496,-1.3742015361785889,-0.3416553826093673,0.1147223577231168,0.0826186619758606,0.4303185641765594,-0.4734651148319244,-0.7366552352905273,-0.0094136519681662,0.0314461086213588,-0.6497492718786001,-0.6061111688613892,-1.5966731309890747,-0.4314730167388916
1774470452812163800,115.02416381835936,-0.0180225634247064,-0.7304097855240106,0.0588625233352184,-0.2433959245681762,0.5087145566940308,-1.4442230463027954,-0.4233434857368469,-0.1444324363321066,0.0357581266015768,0.4895501732826233,-0.4328068792819977,-0.6966641545295715,0.0436960069287568,0.0549041410982608,-0.6444535035580397,-0.5868051052093506,-1.5558730363845823,-0.423746645450592
1774470452822189800,115.03418994140624,-0.0499349743835628,-0.7769207768082618,-0.046389995253086,-0.2569029629230499,0.5118682980537415,-1.4996485710144043,-0.3868167859155684,-0.5065723885655403,-0.026833646389842,0.532823920249939,-0.4013252258300781,-0.6893090605735779,0.2333371197748929,0.0346802682369947,-0.6022910628721118,-0.5494314432144165,-1.4872674942016602,-0.4226190745830536
1774470452832216800,115.044216796875,0.0570446602582931,-0.8273506220366805,-0.1682996341317892,-0.2745946943759918,0.5140552520751953,-1.5548303127288818,-0.2123440161067992,-0.6557774461269378,0.115412093552947,0.5732887983322144,-0.4042932987213135,-0.7026490569114685,0.5795944432217628,0.0319780235409736,-0.6211731657356023,-0.5127911567687988,-1.4008049964904783,-0.4448474049568176
1774470452842243800,115.05424389648438,0.0588043634071946,-0.8213459017291664,-0.2620271346211433,-0.2956834435462951,0.5030494928359985,-1.620435357093811,0.0288790346123278,-0.6171598384410143,0.3633452363699674,0.6176403760910034,-0.4577345550060272,-0.7339082956314087,0.7504127091109752,0.0611994418501853,-0.815678962008655,-0.4894435703754425,-1.3037328720092771,-0.4705904126167297
1774470452852270800,115.06427075195312,-0.0048272740259766,-0.784994193148613,-0.3563075928181409,-0.3134081959724426,0.5140969157218933,-1.686348795890808,0.2988521598018706,-0.6205898128896952,0.4821528175801038,0.6614576578140259,-0.5225910544395447,-0.7874820232391357,0.6288498378433287,0.1730441983103752,-0.9914406025841832,-0.4713940024375915,-1.2148882150650024,-0.4707475304603576
1774470452862297900,115.0742978515625,0.1246554304555058,-0.7224476475384086,-0.3621563188463449,-0.3357771337032318,0.5350772738456726,-1.743139386177063,0.4492927505075931,-0.7033949373483658,0.3847241244852543,0.6829136610031128,-0.5528024435043335,-0.8630998134613037,0.2394559679813682,0.462105470329523,-0.8169497125968337,-0.4481511414051056,-0.9369907379150392,-0.4406800866127014
1774470452872323800,115.08432373046875,0.3477513613969087,-0.6267541076730936,-0.313736863592267,-0.3690569698810577,0.5522466897964478,-1.7809504270553589,0.4859317515969276,-0.8769272114366292,0.0921376009494066,0.6691246032714844,-0.5363491773605347,-0.9476064443588256,0.016689853516221,0.5361380902677774,-0.5676692468240857,-0.4195864200592041,-0.8020261526107788,-0.3876759111881256
1774470452882350800,115.09435083007811,0.5325391889929771,-0.5002146901018917,-0.2122679551959037,-0.3964108526706695,0.5722411274909973,-1.797379970550537,0.444984824180603,-0.9665005148559808,-0.1372264504760503,0.6246673464775085,-0.4951889812946319,-1.0251235961914062,0.0354078518591821,0.52287295050323,-0.364912631817162,-0.3772554695606231,-0.7401100397109985,-0.3238612413406372
1774470452892377900,115.1043779296875,0.5867936340108514,-0.3958916709160432,-0.10951309864223,-0.4220073819160461,0.5791739225387573,-1.8207253217697144,0.2908440637826919,-0.9693231710612772,-0.1773410187214613,0.5566914677619934,-0.4609116911888122,-1.0816326141357422,0.1007423476874828,0.309734642213583,-0.1881429832428693,-0.3340728282928467,-0.70405513048172,-0.2980338931083679
1774470452902404900,115.11440478515624,0.5997983692735434,-0.2825461179714649,-0.0248497790962457,-0.4375413358211517,0.5894308686256409,-1.83636212348938,0.0695521865885704,-0.861328660288453,-0.0955406873911619,0.4858081042766571,-0.4394093751907348,-1.1171119213104248,0.0092506434261798,-0.0436240376710891,-0.113593645954132,-0.3057538568973541,-0.7369414567947388,-0.2734707593917846
1774470452912431900,115.12443188476564,0.7710156444177031,-0.1124777936667203,0.0846586433708667,-0.455608457326889,0.5918937921524048,-1.8244881629943848,-0.1830968057692051,-0.7861977237194776,0.1220394027382135,0.4176684617996216,-0.4171442687511444,-1.124023675918579,-0.0588414805471897,-0.3008937486320734,-0.0130544196233153,-0.3143293857574463,-0.7826601266860962,-0.268702745437622
1774470452922459000,115.134458984375,0.8757897318392992,0.0669265325264073,0.1583008026868105,-0.4643707871437073,0.5941619873046875,-1.8171876668930047,-0.2873767529983073,-0.7354869426578283,0.4401929137289523,0.3519114851951599,-0.3920906484127044,-1.1123557090759275,-0.0992567853048443,-0.3636936114162206,0.2314332589149475,-0.3164034485816955,-0.8607072830200195,-0.2743931114673614
1774470452932484900,115.14448486328124,0.8558055129528045,0.2177090502712875,0.1972971805572509,-0.4739542603492737,0.5879703760147095,-1.80860698223114,-0.2437106297511607,-0.7174433364450931,0.7574170349150896,0.2832495868206024,-0.3714833855628967,-1.0903761386871338,0.0048687750801444,-0.2030278331637382,0.5038578689098357,-0.3032459914684295,-0.9307746291160583,-0.2728500068187713
1774470452942511900,115.15451196289062,0.957333458060026,0.2840427680036984,0.2008569188654422,-0.4848492443561554,0.5784074664115906,-1.7957836389541626,-0.1823708295822143,-0.7449298937857151,1.0397118815392254,0.2122451961040496,-0.3647421896457672,-1.069293975830078,0.0400108156099915,-0.0059732291907072,0.7510878318935632,-0.2756609618663788,-0.9290412068367004,-0.2703703343868255
1774470452952538600,115.16453857421877,0.9529793545037508,0.3896340352933853,0.2667839737594127,-0.5026994347572327,0.5532190799713135,-1.808705687522888,-0.1260627399701625,-0.7382488085865974,1.2614017450749873,0.1467146575450897,-0.3636359274387359,-1.0486425161361694,-0.0205161338061094,0.0896089592546224,0.8980266980886459,-0.2519170343875885,-0.8454458713531494,-0.2732337415218353
1774470452962566000,115.17456591796876,1.019857718773186,0.4297985801603645,0.2957067013829946,-0.5143555998802185,0.5428540110588074,-1.8282662630081177,-0.2033551654219627,-0.6763993783950806,1.404636496055126,0.0964439436793327,-0.3748374283313751,-1.02510666847229,-0.0146802672594785,0.1080763438373804,0.8202505077078938,-0.2437642961740493,-0.7292587757110596,-0.26327645778656
1774470452972593000,115.18459301757812,1.0033744937449691,0.5400205577243119,0.3602449322670698,-0.5383709669113159,0.5109086632728577,-1.8552141189575195,-0.43808980396986,-0.4598398634850978,1.393034321066737,0.0604648999869823,-0.3862716853618622,-0.9871495366096495,0.014211188443005,0.1874427260190248,0.7299380763590335,-0.2379501461982727,-0.6042159199714661,-0.2465091049671173
1774470452982619000,115.19461889648436,1.0080112136349082,0.5883493755528703,0.3964700918585062,-0.5686947703361511,0.4747479856014251,-1.8649216890335083,-0.832809252768755,-0.0935404534846544,1.139544713166356,0.0253409035503864,-0.3803417682647705,-0.9215011596679688,0.1695052105292677,0.2795914328843355,0.7311749246776104,-0.224590390920639,-0.4678585827350616,-0.2461333274841308
1774470452992645600,115.20464575195312,1.074760398566723,0.5290182117925957,0.3608060732811689,-0.6054725646972656,0.4469378590583801,-1.882578492164612,-1.323896487432718,0.3714461252391338,0.8391624211877584,-0.0153758991509675,-0.3515394330024719,-0.8120087385177612,0.37650750028193,0.2912333553612232,0.7662146738767623,-0.2157660871744156,-0.3003227412700653,-0.2668417096138
1774470453002673000,115.2146728515625,1.0023135865151882,0.4801106442280113,0.3258522487998008,-0.64458829164505,0.4181781113147735,-1.8982977867126465,-1.7426491382479667,0.8085644538283348,0.6509013645231724,-0.0411684438586235,-0.2950658202171325,-0.6590632796287537,0.6231519184626638,0.3288987768888473,0.7742588641226291,-0.209685280919075,-0.0237923525273799,-0.3161618709564209
1774470453012696600,115.22469653320312,0.9536664599850774,0.3163693309877067,0.2131885771721601,-0.689931333065033,0.3747264146804809,-1.921129584312439,-1.9653402877807613,1.2281371888548136,0.6051116732507944,-0.0521995238959789,-0.2314048409461975,-0.4697154760360718,0.8797850850857794,0.4418541249394416,0.8488543786406516,-0.2038160264492035,0.2360087931156158,-0.348378449678421
1774470453022723300,115.23472338867188,1.0332496997877956,0.0611801891604438,0.0525116930037736,-0.7315679788589478,0.3291323184967041,-1.9485646486282349,-2.00682263724804,1.5379051488161086,0.4751408929914236,-0.0562216378748416,-0.1721690148115158,-0.2622542083263397,0.9774614693313836,0.4704688095271587,0.7867991967439651,-0.2177116125822067,0.3820264339447021,-0.3851761519908905
1774470453032750300,115.24475024414062,1.2136761173039674,-0.1291868633400648,-0.0885661722034215,-0.7744911313056946,0.2968278229236603,-1.9718947410583496,-1.9122166003584864,1.589315018057823,0.2118658041357994,-0.0453029423952102,-0.1280252635478973,-0.0679345354437828,1.1561492264866828,0.4273626582503319,0.7604910355329513,-0.249356672167778,0.4532000422477722,-0.4398146569728851
1774470453042776600,115.25477661132813,1.2745806678608058,-0.147040883531142,-0.1504606105804443,-0.805695116519928,0.2609369158744812,-1.9881980419158936,-1.7153811920940876,1.44629361756742,-0.1115033956766128,-0.0297867525368928,-0.0962122827768325,0.0887162163853645,1.419606247780472,0.3895312325060367,0.8703580621793866,-0.2930000424385071,0.4796018302440643,-0.5087122321128845
1774470453052803600,115.26480346679688,1.3142919160023332,-0.1408835299451835,-0.1731985120892524,-0.8145619630813599,0.2238710522651672,-1.994856595993042,-1.4936778845548628,1.1480477530956268,-0.3681540979564189,-0.0259581916034221,-0.0868922844529151,0.2045605182647705,1.6888878835745156,0.3522036646306514,0.9870981894657016,-0.3367423415184021,0.4974680542945862,-0.5706402063369751
1774470453062830300,115.27483032226564,1.480094764882326,-0.0504720952012576,-0.2166857716381549,-0.8085291385650635,0.1939152777194976,-1.9981482028961184,-1.3062977023780344,0.6282797828704119,-0.5601724613279104,-0.0293298605829477,-0.1228768676519393,0.2633184790611267,1.8307080915816127,0.3822451671510934,1.0535875544175506,-0.3746324777603149,0.5207856297492981,-0.5888141393661499
1774470453072857300,115.284857421875,1.5399866312652826,0.132548996716924,-0.1977507695436477,-0.8010499477386475,0.1618372201919555,-2.0025219917297363,-1.0892075146574527,-0.0893254661381244,-0.6717419079780578,-0.0398291051387786,-0.2045767903327942,0.2595194876194,1.866413026691228,0.5493465314090251,1.0288736766606568,-0.3874309659004211,0.546953558921814,-0.5408099889755249
1774470453082884600,115.29488452148438,1.460301976914704,0.324275062610954,-0.1427723941653967,-0.791658878326416,0.1246714815497398,-2.003361701965332,-0.797243433868885,-0.8087801424056291,-0.67449792868793,-0.0497593618929386,-0.341275691986084,0.1716177463531494,1.970517982679605,0.9000392069548367,0.6987304526686668,-0.3992159962654114,0.4893928468227386,-0.4605854451656341
1774470453092910600,115.30491064453123,1.477618145635724,0.4638868007883429,-0.1218979484409093,-0.779339075088501,0.0744506567716598,-2.0111618041992188,-0.441610963833332,-1.3499836993694303,-0.4410018920242786,-0.0498608276247978,-0.5488424897193909,0.0074274796061217,1.981027978517115,1.2138356917798518,0.2682347570896148,-0.4232209324836731,0.3534392714500427,-0.3640013933181762
1774470453102937300,115.31493725585938,1.5596940790370106,0.54502231153436,-0.1459445944607257,-0.7784714102745056,0.0352150984108448,-2.0095038414001465,-0.0652653761148452,-1.6065648435443638,-0.1633598396420478,-0.0476644486188888,-0.7920833230018616,-0.1965225338935852,1.9357219791084528,1.3508768488168716,0.0829465787559747,-0.5068675875663757,0.1935526430606842,-0.273466408252716
1774470453112964400,115.32496435546877,1.5790540285453198,0.6029613633491099,-0.1353261698126792,-0.7929826378822327,-0.0012611271813511,-1.9828169345855715,0.4173323356885463,-1.6366700589507817,0.1727694730222225,-0.0447834394872188,-1.0734018087387085,-0.4236012399196625,1.783921352095902,1.4234481640309091,0.0155225633025169,-0.6140745878219604,0.0758669152855873,-0.1715761870145797
1774470453122991600,115.33499169921876,1.705438474750519,0.6060756229121238,-0.0510462966263294,-0.8106777667999268,-0.0222345851361751,-1.9251022338867188,0.831324567168951,-1.4994728345692157,0.5496276864379644,-0.0324591174721717,-1.380647897720337,-0.6615038514137268,1.5665353232339023,1.3906652538478377,0.155987265047431,-0.662010669708252,-0.010804328136146,-0.043934877961874
1774470453133018400,115.34501831054688,1.7241615876600145,0.6614447511736303,0.0616693974494934,-0.8313964605331421,-0.0255215540528297,-1.843183636665344,1.0273487321157009,-1.2956822003394364,0.7046528284549712,-0.0381090156733989,-1.6162185668945312,-0.8666410446166992,1.311669750805199,1.1234101554453373,0.4033265336245298,-0.6338908672332764,-0.1309545636177063,0.1096806451678276
1774470453143045400,115.35504541015624,1.6326435799136756,0.7698262885026633,0.1465600960105657,-0.851276695728302,-0.0099399322643876,-1.7333101034164429,0.8444494216799735,-1.140564703863859,0.5258768084943294,-0.0626797825098037,-1.7919267416000366,-1.0215911865234375,1.0244695964828132,0.7120452767938376,0.7203945874661207,-0.5123708248138428,-0.287170797586441,0.2580919563770294
1774470453153071400,115.3650712890625,1.5806322376474735,0.9421500635839998,0.1745785682708024,-0.8515963554382324,0.0170522462576627,-1.6099159717559814,0.4578337843596935,-1.0754226618677376,0.2169610814481973,-0.0974361672997474,-1.8990700244903564,-1.12332284450531,0.7986325501397251,0.2493254739582538,0.8700900588929653,-0.3583157956600189,-0.4514632225036621,0.3760096728801727
1774470453163098600,115.3750986328125,1.3190461247920988,1.272909519778192,0.1420364811062812,-0.8321712613105774,0.0480120256543159,-1.480690836906433,-0.160065401206538,-0.9611164837300776,-0.2134071883589029,-0.1289206892251968,-1.919616341590881,-1.1561031341552734,0.5951344691157341,-0.2566951259434223,0.6205325297445059,-0.2443204969167709,-0.5876303911209106,0.4476979672908783
1774470453173125600,115.38512573242188,0.7803262013375759,1.721958232396841,0.0557628037542104,-0.8040006756782532,0.0892205685377121,-1.362933874130249,-0.7251088295716792,-0.7302677467048168,-0.5738946972101926,-0.1449566483497619,-1.9057074785232544,-1.1321461200714111,0.2390168459117412,-0.6334042862772942,0.2458323711454868,-0.1713100373744964,-0.6713567972183228,0.5003545880317688
1774470453183152400,115.39515234375,0.1881809771656989,2.146065249852091,-0.08793488856256,-0.75321364402771,0.121192879974842,-1.24372661113739,-1.279409841582924,-0.2784633056372403,-0.7070680729031562,-0.1329162120819091,-1.8449946641922,-1.0424954891204834,-0.0023816344395279,-0.8159563176453113,-0.0630038609236478,-0.1222506090998649,-0.782832145690918,0.5437691807746887
1774470453193179400,115.40517944335936,-0.4277916973173618,2.4502032411023973,-0.2715063261061907,-0.6666436195373535,0.1189283952116966,-1.1377183198928833,-1.640396532128006,0.3242085732460021,-0.8121808907598257,-0.0976492911577224,-1.767708420753479,-0.8809645175933838,-0.0793348179996013,-0.7940741561830044,-0.2785574136614799,-0.0901230126619339,-0.8809455037117004,0.5512174963951111
1774470453203205600,115.41520556640624,-0.9794529354095458,2.4970538396045563,-0.3039437838524579,-0.5527873635292053,0.073131076991558,-1.048489332199097,-1.8308244114376604,0.8899684793174266,-0.892298968091607,-0.0398233607411384,-1.6654493808746338,-0.6602374315261841,-0.3156786453098058,-0.6557026273250579,-0.2580874570846557,-0.0284282267093658,-0.9262834191322328,0.5358827710151672
1774470453213232600,115.42523266601565,-1.266309390860796,2.167965823753923,-0.1286801559269428,-0.4336450695991516,0.0397739708423614,-0.9696281552314758,-1.9005824227966368,1.314864455193281,-1.05238548515141,0.0213478486984968,-1.5324971675872805,-0.4004636406898498,-0.5757753963902592,-0.4920563719570636,-0.2230909625053405,0.0769882872700691,-0.9510648250579834,0.4913971126079559
1774470453223259400,115.43525927734376,-1.1459148327201605,1.3882856652349234,0.1498515387713909,-0.3201592266559601,0.0680729895830154,-0.9063069820404052,-1.8592520490206776,1.589154859060049,-1.317386082625389,0.0691458284854888,-1.3523586988449097,-0.1298420876264572,-0.6576248275592923,-0.4157394404739141,-0.2712456293433904,0.2184599190950393,-0.9841918349266052,0.4269081354141235
1774470453233286400,115.44528637695312,-0.8966989566162228,0.507931548089534,0.3513946863353252,-0.1978667378425598,0.1407518833875656,-0.8708752989768982,-1.870982234302908,1.7120038246154785,-1.6347762080281971,0.1072034612298011,-1.1103599071502686,0.1202447339892387,-0.7861553458824754,-0.4505360285669565,-0.3712883043289184,0.3602497279644012,-0.9605806469917296,0.3376123011112213
1774470453243313700,115.45531372070312,-0.921473332388699,0.0514819115646183,0.5538187083870172,-0.0830464214086532,0.2234196066856384,-0.8457601070404053,-1.8684218822956085,1.7266256396859885,-1.916213561040163,0.152143582701683,-0.8491496443748474,0.3230014741420746,-1.15376729978621,-0.4875222356587648,-0.5815221233487129,0.4948751926422119,-0.8842493891716003,0.2556956112384796
1774470453253340400,115.46534033203125,-0.9591305706098676,0.0269132326983846,0.7237532502442597,0.0006098206504248,0.2919822633266449,-0.8139954805374146,-1.696460218524933,1.6838479897111651,-2.0485832191348075,0.2002703696489334,-0.5848783254623413,0.4728152155876159,-1.4978455256283283,-0.378583137512207,-0.883462750685215,0.5971150994300842,-0.739698588848114,0.1991536617279052
1774470453263366400,115.47536645507812,-0.7821323739767074,0.2569846104092896,0.7327285838603973,0.053689818829298,0.339007019996643,-0.7862352132797241,-1.4852747978687286,1.5458815345227717,-2.004670427650213,0.2325956523418426,-0.3055571317672729,0.5840867757797241,-1.6644272499263286,-0.2016916161239147,-1.0626628412768244,0.6640397906303406,-0.490373432636261,0.1411833018064499
1774470453273393400,115.48539331054688,-0.5501370972648263,0.6643723290581256,0.5770972926437854,0.0685148760676384,0.3886226713657379,-0.7338314652442932,-1.3240695059120655,1.3512766617894172,-1.817026626101136,0.2443013042211532,-0.0367035865783691,0.6560158133506775,-1.705217817737162,-0.073055883860588,-1.1291899078905585,0.7160119414329529,-0.2287801206111908,0.0769300237298011
1774470453283420700,115.49542065429688,-0.3776104930877685,0.9536408871524036,0.2000555393546819,0.0524930357933044,0.4253042638301849,-0.6847589612007141,-1.180190611809492,1.1413526393711566,-1.4498083476901054,0.240808755159378,0.1754945367574691,0.6894436478614807,-1.6187649844259022,0.0073059390991926,-1.2325363005965948,0.7339222431182861,-0.011484021320939,0.0121624786406755
1774470453293447400,115.50544750976565,-0.4691016128271817,0.9328480552967636,-0.4136170414924621,0.0230665355920791,0.4415804445743561,-0.6550348401069641,-0.9441500052295624,1.0120610735476017,-0.8642173674672842,0.2622722685337066,0.284842312335968,0.670669436454773,-1.6263786743000148,0.0090665190309286,-1.2326637263685465,0.7219629287719727,0.1864593476057052,-0.0561497770249843
1774470453303474400,115.51547436523435,-0.658061757671833,0.6454650917533785,-1.1517775872737168,-0.0237057618796825,0.4318844079971313,-0.638227105140686,-0.5353985239468515,0.9147048611670732,-0.2048246534526348,0.3157348334789276,0.2990898489952087,0.5832216739654541,-1.7379755934789776,0.0630143823176622,-1.0829328913673757,0.6921621561050415,0.3401447534561157,-0.0919003188610076
1774470453313500400,115.52550048828124,-0.6994497068539262,0.2249581446167081,-1.7590052297651766,-0.0750036239624023,0.4256857633590698,-0.6158342957496643,0.1292005265392363,0.8258370756685733,0.1635550699532031,0.380973756313324,0.2439158111810684,0.4090831875801086,-1.7238997218534349,0.2974287028700113,-0.7782160773158073,0.66109299659729,0.4715199172496795,-0.0937485098838806
1774470453323527700,115.53552758789064,-0.5606792418062687,-0.3215567800955847,-2.136635012075305,-0.1181393787264823,0.4476403295993805,-0.6006553769111633,1.015865142005682,0.5964695171117782,0.1110235032051801,0.4132155776023865,0.1670592874288559,0.168235957622528,-1.7488956314221022,0.7402788531094789,-0.2832847344443202,0.6472845077514648,0.6163687109947205,-0.0991874784231185
1774470453333554400,115.54555444335938,-0.3883130888879298,-0.872933246429637,-2.095606251594424,-0.1453242599964141,0.5159819722175598,-0.6116122603416443,1.8279076472081244,0.1267173314213752,-0.4010772933930158,0.3840638399124145,0.1098066493868827,-0.1037473604083061,-2.1122923057183622,1.2079004565119742,0.1758651009500026,0.6786132454872131,0.7484277486801147,-0.0751701220870018
1774470453343581400,115.55558154296877,-0.169756554941833,-1.2333765508130192,-1.610928883972764,-0.1545414626598358,0.6242988705635071,-0.6311361193656921,2.3159740727461875,-0.6272352422535419,-1.183596036338806,0.2859230935573578,0.0832030028104782,-0.4075966775417328,-2.109836729259789,1.6816279755741357,0.5378016395658254,0.7202091813087463,0.7305665016174316,-0.0612441822886467
1774470453353608400,115.5656083984375,0.1271305883973836,-1.302180622448027,-0.867136469784379,-0.1627709418535232,0.6946895718574524,-0.6438080668449402,2.353323560192436,-1.3440075475692748,-1.6782617140114306,0.1739249229431152,0.0754350945353508,-0.744056761264801,-1.7631643952712417,1.8614385992795228,0.8715750367537141,0.7352477312088013,0.6865578293800354,-0.054329328238964
1774470453363635500,115.57563549804688,0.5190542689979076,-1.155033666460216,-0.2268751572191715,-0.1644607037305832,0.712506115436554,-0.6309391260147095,1.936542063319683,-1.5432242980122566,-1.355551854890585,0.1236187145113945,0.020782021805644,-1.054639458656311,-1.5431865963503717,1.849528381255269,1.0911863404497504,0.7254997491836548,0.5649397969245911,-0.1075347661972045
1774470453373661400,115.58566137695313,0.7232283495873212,-0.8848194259911775,0.2149070715278387,-0.1625951379537582,0.6983626484870911,-0.5893039107322693,1.4325051845811307,-1.313413671863079,-0.6016214930474758,0.157039538025856,-0.0892627239227294,-1.3240056037902832,-1.4723039648756384,1.6456027224689722,1.1719146586343645,0.6610870957374573,0.5351811647415161,-0.1354991942644119
1774470453383688400,115.5956884765625,0.6741296798974276,-0.4543279681958257,0.4278308602839708,-0.1566562801599502,0.643526554107666,-0.5156459212303162,0.9663023619353772,-1.1953677226752042,-0.1595692151874303,0.2308711111545562,-0.1785981506109237,-1.5663176774978638,-1.735071104209125,1.2892886999100446,1.1049030233740806,0.5264933109283447,0.4692415595054626,-0.1511908024549484
1774470453393715500,115.60571557617187,0.6564604599550367,0.0441848133590072,0.3344488122314215,-0.1558984667062759,0.5897200107574463,-0.4198415577411651,0.7520613531008362,-1.1807453230828049,-0.0772808080792427,0.2778562009334564,-0.1844416707754135,-1.7914490699768066,-1.4901333438158035,0.979722984522581,1.1405381081178785,0.3302155435085296,0.5092648267745972,-0.1779489517211914
1774470453403742500,115.61574243164064,0.7649050525829195,0.471392536775954,0.0521107109874486,-0.1662531048059463,0.5689579844474792,-0.3244993090629577,0.3021381957352161,-1.399673905211687,-0.3842261118352413,0.255691647529602,-0.0996377393603324,-1.985227942466736,-1.3957804049044846,0.8217185344338417,1.7781012676402923,0.1709571927785873,0.6048057675361633,-0.2153916656970977
1774470453413769500,115.62576953125,0.7290601244807243,0.7228932724140584,-0.3292582578510046,-0.1899823695421219,0.5373623967170715,-0.2442489266395568,-0.5633060831785202,-1.7088099970102308,-0.8444073361039162,0.1951915472745895,0.0555033758282661,-2.133258104324341,-0.963647901903838,0.6202443604528903,2.3229425965845585,-0.0157378800213336,0.6022855639457703,-0.2765342891216278
1774470453423796500,115.63579638671877,0.6462871487259865,0.7348631847362965,-0.7530074017792939,-0.2060218006372451,0.5118082761764526,-0.1917348504066467,-1.3387456815183163,-1.691931927445531,-0.982667805802822,0.1475528478622436,0.2497523874044418,-2.2193474769592285,-1.058277904190868,0.1259276423484087,2.9013287599951028,-0.2623431384563446,0.603722870349884,-0.2669362425804138
1774470453433822500,115.64582250976562,0.8669231192946434,0.4742775906929746,-1.116577094554901,-0.2078379243612289,0.517886757850647,-0.1697795987129211,-1.833797143638134,-1.18746790933609,-0.7051110936164856,0.1479627043008804,0.4586720466613769,-2.2354209423065186,-1.4778168830782177,-0.2390747135788202,3.900376038190722,-0.5421644449234009,0.4984907507896423,-0.3072450757026672
1774470453443849500,115.65584936523436,1.135298161637783,0.0873419824370183,-1.2915695043236015,-0.1855344772338867,0.5628347992897034,-0.1498136073350906,-2.286551432776451,-0.4894529114603996,-0.2849269486933946,0.2079760581254959,0.7024485468864441,-2.195545196533203,-1.4805366634309292,-0.4439028741627931,4.76202238612622,-0.8254161477088928,0.2786377668380737,-0.3469977974891662
1774470453453876500,115.66587646484376,1.1695131504505871,-0.3804489313840866,-1.2062269703418016,-0.1385141611099243,0.5933676958084106,-0.1451924741268158,-2.8124340864896773,0.0331961671590805,-0.0502004934519529,0.2841714918613434,0.9802337884902954,-2.113144874572754,-1.169296146699041,-0.5098077172249555,5.279815549147129,-1.0943090915679932,-0.0707881897687912,-0.4165693521499634
1774470453463903500,115.67590356445312,1.1145955653488635,-0.8262271709647029,-0.9411515540659428,-0.0638513714075088,0.5814865231513977,-0.1418560594320297,-3.1770810531079765,0.2826408835828304,-0.0241132815152406,0.3427894413471222,1.2942798137664795,-2.014963150024414,-0.6985153486132621,-0.6431377447843551,5.616847363609075,-1.3682509660720823,-0.3971841633319855,-0.5345063805580139
1774470453473930200,115.68593017578124,1.1587509334176778,-1.1127661579646169,-0.579315553215146,0.0165642146021127,0.5155690908432007,-0.1328810900449752,-3.268245425111055,0.351094826605916,-0.1916816787630319,0.3594946563243866,1.6070215702056885,-1.9168763160705569,-0.4747264669716358,-0.6195674841046332,5.83054856647849,-1.6313872337341309,-0.6067163348197937,-0.6581235527992249
1774470453483956500,115.69595654296874,1.249571022027731,-1.1937683246545492,-0.1539408539116382,0.0913503021001815,0.4273920655250549,-0.1236037090420723,-3.2126135542601344,0.3592302022665739,-0.3705418698757887,0.3426655232906341,1.8916853666305544,-1.8319222927093504,-0.5021092716768384,-0.2264876192063093,5.871918687742948,-1.8461719751358032,-0.6565640568733215,-0.7569055557250977
1774470453493983500,115.7059833984375,1.277775079987943,-1.1403721769664437,0.2610731948971748,0.1531219035387039,0.3304802775382995,-0.1137633547186851,-3.0466058304578065,0.3160112382650375,-0.4323620739728212,0.3077179193496704,2.126952171325684,-1.787055492401123,-0.6465683037549257,0.2411830840349197,5.779872272208332,-2.0226821899414062,-0.6147149801254272,-0.8477908968925476
1774470453504010500,115.71601049804688,1.2349182272970676,-0.9729816935688256,0.5833791493922472,0.2099670767784118,0.2098619639873504,-0.1053248643875122,-2.913463434424996,0.2037356891721486,-0.4229103550165891,0.2683979868888855,2.2974419593811035,-1.7913930416107178,-0.594828764167428,0.5432809477597474,5.380006692692637,-2.2287144660949707,-0.5419608950614929,-0.9349020719528198
1774470453514037200,115.72603735351562,1.1116805546849966,-0.7921247756808996,0.8431611354351043,0.2480340749025344,0.0688436776399612,-0.0984866172075271,-2.811246338009834,-0.0731757108479738,-0.2853635865449905,0.235633373260498,2.396908760070801,-1.836530685424805,-0.605246697807312,0.6897264774799347,5.031713479503989,-2.4786927700042725,-0.4407610893249511,-1.020713210105896
1774470453524064500,115.736064453125,1.0150883124142884,-0.6604196459095925,1.1222270831406116,0.2665369212627411,-0.0791881307959556,-0.0927989035844802,-2.4645634826272724,-0.3353215034127235,0.0030295769542455,0.2070405185222625,2.43343448638916,-1.8979144096374512,-0.4632455802753567,0.7512292861908674,5.009305248340964,-2.7216150760650635,-0.2818875610828399,-1.107470989227295
1774470453534091500,115.74609155273436,0.846988584768772,-0.6080886067023501,1.4155273079037665,0.2662274539470672,-0.2103280425071716,-0.103922814130783,-1.9696229335360227,-0.4953378778457641,0.374368150165677,0.2004209607839584,2.412650346755981,-1.988427758216858,-0.2424994273304939,0.8874807541549206,5.229125810873509,-2.944390058517456,-0.1011450365185737,-1.1744619607925415
1774470453544117500,115.75611743164062,0.4069502770796418,-0.5518801050072536,1.56934658126235,0.2551553547382355,-0.3271521031856537,-0.1179930865764617,-1.5726751411631703,-0.6602554683238268,0.6600771891474724,0.2027963995933532,2.360917568206787,-2.1182265281677246,-0.0633712329313159,1.1501134534537791,5.222337173646689,-3.1609835624694824,0.0745655372738838,-1.2239069938659668
1774470453554144300,115.76614428710936,0.2283575047314167,-0.4777290097884833,1.5063473965138197,0.2248404622077942,-0.4283560812473297,-0.0975095480680465,-1.461970494648814,-0.7509235812425613,0.6446861432701348,0.1930625438690185,2.3026797771453857,-2.2701637744903564,0.0699579178452491,1.408976571086049,4.952772044736147,-3.3715453147888184,0.2251551002264022,-1.2279319763183594
1774470453564171500,115.77617163085938,0.19267361240983,-0.3894361746337264,1.335730717611313,0.175107255578041,-0.4871059358119964,-0.051472820341587,-1.5165432118356228,-0.9185679663360118,0.4857727616429328,0.1939918249845504,2.214069604873657,-2.4140737056732178,0.108921854750812,1.5290648397564888,4.704247365766763,-3.582483291625977,0.3641707599163055,-1.2105013132095337
1774470453574198500,115.78619848632812,-0.0507692332506179,-0.2865890732193366,1.0188158085048198,0.1108312159776687,-0.5340208411216736,0.0164616666734218,-1.6404940011531113,-1.039116253733635,0.341409883415699,0.2193999737501144,2.1108081340789795,-2.561285257339477,0.2436208325758576,1.3878729927808044,4.536724561226368,-3.7919321060180655,0.4982723295688629,-1.174310564994812
1774470453584225500,115.7962255859375,-0.302281988120079,-0.1580313015630468,0.575214547637105,0.0340589396655559,-0.5757323503494263,0.1229550912976265,-1.5949331502005455,-1.026553124758601,0.0718710579901933,0.2653233110904693,2.0231504440307617,-2.71666955947876,0.1544029184654355,1.0114303744286297,4.502520093807578,-3.983657360076904,0.6214061975479126,-1.1369842290878296
1774470453594251500,115.80625146484375,-0.3680769410669803,-0.0111400008367374,0.0917015476197004,-0.0262453351169824,-0.638452410697937,0.2446212470531463,-1.5530527413263917,-1.0362982737034558,-0.2929489271074533,0.3276077210903168,1.966753363609314,-2.857562065124512,-0.1650762881711125,0.4648614910393953,4.528827085974812,-4.162073135375977,0.7042750120162964,-1.1043401956558228
1774470453604278500,115.81627856445311,-0.2520584060534834,0.181291509912908,-0.3515653667271137,-0.0561963059008121,-0.7032445073127747,0.3515098690986633,-1.659118622124195,-0.9717559511661528,-0.6699924339622259,0.3715548515319824,1.98197877407074,-2.925900936126709,-0.2390428571358323,-0.105941669896245,4.394488173633814,-4.338967323303223,0.7155684232711792,-1.100502848625183
1774470453614305500,115.82630541992188,-0.1775800881743431,0.39497908611577,-0.6029132864236831,-0.0646291524171829,-0.7320014238357544,0.416729599237442,-1.746203323598206,-0.8209697618931532,-1.014820601388812,0.4013905227184295,2.009094715118408,-2.927565336227417,-0.1971101335525512,-0.6120102005928755,4.223654052588343,-4.5063090324401855,0.6615819931030273,-1.1140458583831787
1774470453624332500,115.83633251953124,-0.4461868934467434,0.6737998634211718,-0.7058528518944979,-0.0683115050196647,-0.7524710297584534,0.4632795453071594,-1.5250029971450567,-0.4055079693168401,-1.108264608761668,0.4531042873859405,2.061203956604004,-2.885574579238892,-0.2552276837393641,-0.8995844489246606,4.178360620400309,-4.6283793449401855,0.6120096445083618,-1.1171026229858398
1774470453634359300,115.846359375,-0.6692080055862665,0.946060807286948,-0.7427478735715151,-0.0792108476161956,-0.7775936126708984,0.5056018829345703,-1.4962655629605055,0.0960451297819614,-1.1217401764065027,0.5352638363838196,2.13486909866333,-2.8037214279174805,-0.4697440023839473,-0.9700552847281098,4.209510376423597,-4.711406230926514,0.5379835367202759,-1.1235501766204834
1774470453644386600,115.85638647460938,-0.5617740513056516,1.0716276534989475,-0.648104427281022,-0.1037409529089927,-0.8225307464599609,0.5627956390380859,-1.56554192828238,0.4227642245441675,-1.1675976722180843,0.6366860866546631,2.2309505939483643,-2.701404333114624,-0.6736246529847383,-1.1227516915366054,4.032579107546806,-4.797476291656494,0.4479828178882599,-1.136996507644653
1774470453654412500,115.86641259765624,-0.3693459380894899,1.0838710490003227,-0.3781856626272201,-0.1386710703372955,-0.8707974553108215,0.6261085271835327,-1.6526210767984388,0.4920335756033658,-1.4174702586650847,0.703636884689331,2.362269878387451,-2.5811142921447754,-0.8976841682612895,-1.4174743503183125,3.751973529183864,-4.889688968658447,0.3743667900562286,-1.1758687496185305
1774470453664439600,115.876439453125,-0.135397481483221,0.9674472941868006,0.0155529584407806,-0.1808723211288452,-0.9141340255737304,0.6767738461494446,-1.600974476191401,0.1874625997632741,-1.6471207258164882,0.7085936069488525,2.5078701972961426,-2.4215829372406006,-1.1473542178735137,-1.8192752818107605,3.624911914369464,-4.959010601043701,0.399478554725647,-1.2367528676986694
1774470453674466300,115.88646630859375,0.0844029150441288,0.7501647256992757,0.4634574694603681,-0.2239466458559036,-0.9633214473724364,0.7006840705871582,-1.477259833717346,-0.3897743936121463,-1.843438832208514,0.6578497290611267,2.647913932800293,-2.2559800148010254,-1.5805129951819776,-2.1968898665517567,3.629603287056088,-4.994775772094727,0.502452552318573,-1.2879918813705444
1774470453684493600,115.89649365234376,0.2274681546762585,0.4964354638241231,0.90215926784873,-0.2584915459156036,-1.0181245803833008,0.7005661129951477,-1.4137760803222656,-1.0634092757299545,-1.9332330849021675,0.5567498207092285,2.765697240829468,-2.1088287830352783,-1.796362608256936,-2.400334463822841,3.4519565633863207,-5.027554988861084,0.6191828846931458,-1.32582688331604
1774470453694520600,115.9065205078125,0.2704550634875893,0.2905290064841508,1.224670974048972,-0.2830239832401275,-1.0676629543304443,0.6739330887794495,-1.3779121552586555,-1.516955007506907,-1.7045049932926892,0.4382801055908203,2.856945514678955,-1.940362811088562,-1.8153031633093952,-2.5000562362909315,3.159831812143325,-5.11649227142334,0.726105809211731,-1.3304015398025513
1774470453704546600,115.91654663085936,0.3833987211003899,0.2327314820319414,1.4276070372760294,-0.3032155334949493,-1.0949002504348757,0.6639193296432495,-1.289037940019369,-1.7085604061633348,-1.1837409977674485,0.3501662909984588,2.886313199996948,-1.7410696744918823,-1.8113661161214112,-2.507935006842017,2.926049359753728,-5.250029563903809,0.7713267803192139,-1.2934778928756714
1774470453714573300,115.9265732421875,0.5611413063600659,0.2722289412923157,1.515406901282072,-0.3212426900863647,-1.0992487668991089,0.6743407249450684,-1.3017635660797358,-1.7642662190333007,-0.3990560166984796,0.2951667010784149,2.8781633377075195,-1.540845513343811,-1.6498244318172337,-2.41789671625942,2.892356933510303,-5.38144063949585,0.7711191773414612,-1.246182560920715
1774470453724600600,115.9366005859375,0.6898916049137711,0.2970822092535905,1.494196355471015,-0.3255991041660309,-1.081078052520752,0.7137853503227234,-1.2955033366411923,-1.7699065630078314,0.209829914394021,0.2540631294250488,2.833768606185913,-1.3821083307266235,-1.4883634115338324,-2.3836178684301674,3.104192342507839,-5.484696865081787,0.7262467741966248,-1.1960642337799072
1774470453734627600,115.94662768554689,0.6756216720208525,0.2155575713258236,1.2898591932743786,-0.3133032023906708,-1.0277831554412842,0.7619636654853821,-1.0218395402401683,-1.6921935009911655,0.7509674203842878,0.2181014120578766,2.7574355602264404,-1.2768306732177734,-1.236750703421235,-2.585082543930412,3.256065742495656,-5.547073841094971,0.6409235596656799,-1.1667976379394531
1774470453744654300,115.956654296875,0.5233128032252192,0.0929860527385957,0.9385469245254991,-0.3032401800155639,-0.9784254431724548,0.8289579153060913,-0.779831695818901,-1.509943959701061,1.0456289966285228,0.1720660924911499,2.684752941131592,-1.1875895261764526,-0.9351578666090964,-3.007048603834212,3.221055803912878,-5.575560569763184,0.5574909448623657,-1.1521481275558472
1774470453754681600,115.966681640625,0.3532958437815308,0.0180344821913633,0.5789350294649601,-0.2967997789382934,-0.9536268711090088,0.9053995013237,-0.5760580127239227,-1.270781567838788,1.0623454458907249,0.1108834221959114,2.652768135070801,-1.1125093698501587,-0.6283423267126083,-3.4893805773735043,3.108688484883308,-5.549099922180176,0.5084342360496521,-1.1487115621566772
1774470453764707600,115.97670751953125,0.2651809224769473,-0.0536503599111922,0.2397317161828279,-0.2973933815956116,-0.9161679148674012,0.9602352976799012,-0.4037555726915597,-0.9414970065027476,0.8466589144229888,0.0347204394638538,2.658930778503418,-1.05676007270813,-0.2150003027692437,-3.866992239505053,3.0706910549223423,-5.454117298126221,0.4541180729866028,-1.1619141101837158
1774470453774734600,115.98673461914062,0.2409428455382585,-0.0316273104071617,-0.0581038139224052,-0.2997086644172668,-0.8527916669845581,0.9942399263381958,-0.2403419570356607,-0.5355506457686424,0.5017378080159426,-0.0552118457853794,2.7048583030700684,-1.000436305999756,0.1678048363521695,-4.19482835559845,2.767096815159917,-5.346906661987305,0.4257084727287292,-1.198758840560913
1774470453784761300,115.99676123046876,0.2452531099528074,0.1373825178205966,-0.2849883234918117,-0.2834695279598236,-0.7675425410270691,1.02237868309021,-0.0305962137937545,-0.0241585819616913,0.1249076516509056,-0.1478163301944732,2.734731912612915,-0.9519135355949402,0.3148828187569976,-4.492100991123914,2.1508821486145258,-5.245114326477051,0.4124576449394226,-1.2251074314117432
1774470453794788400,116.00678833007812,0.2135731925755739,0.3819738759290427,-0.411530298346281,-0.2596324980258941,-0.6727821230888367,1.0304728746414185,0.4176782995820045,0.4747010402694344,-0.2053901783809065,-0.2232242673635482,2.765353202819824,-0.8861531615257263,0.776280725339055,-4.567966087186337,1.5282354031950234,-5.128363609313965,0.4445474147796631,-1.2728818655014038
1774470453804815600,116.01681567382812,0.150157243719697,0.5347627833265811,-0.4569453110873699,-0.2269254177808761,-0.5915040373802185,1.0283201932907104,0.8646995980262756,0.937305400031805,-0.4895698158383369,-0.278916597366333,2.775973081588745,-0.7996771335601807,1.056816745597124,-4.420330178637802,1.0358815095961094,-4.9583516120910645,0.5174016952514648,-1.314102053642273
1774470453814841600,116.02684155273438,0.1662146445512771,0.5705302257457747,-0.5882224977701902,-0.1799800843000412,-0.5366063714027405,1.015913963317871,1.0145254178345202,1.189616611802578,-0.858148861208558,-0.3431267440319061,2.8268892765045166,-0.7114207744598389,0.9698062784031032,-4.092223136648536,0.3956242886841297,-4.772931098937988,0.5935162305831909,-1.3194845914840698
1774470453824868400,116.03686840820312,0.2298714164257049,0.5721464287707582,-0.784193982681632,-0.1289480626583099,-0.4945351183414459,1.0026761293411257,0.9818331085443496,1.2599223201721903,-1.3100219835981726,-0.4169130325317383,2.88852858543396,-0.6207713484764099,1.1445797847241164,-3.6015357149571177,-0.3333499110788107,-4.577207565307617,0.6607919931411743,-1.2977702617645264
1774470453834895400,116.04689526367189,0.2310427982926368,0.5498886754617095,-1.0071978514254092,-0.0868720784783363,-0.4721837639808655,0.981162965297699,0.6711474492162466,1.2744888979241251,-1.5936629841342569,-0.5198114514350891,2.9973833560943604,-0.5354779958724976,1.408279236471653,-2.9569173762261864,-0.7790431757897138,-4.390524387359619,0.7764729857444763,-1.2385714054107666
1774470453844922600,116.05692260742188,0.1673234825760126,0.4911746206864714,-1.1813105557501316,-0.0676613673567771,-0.4598317742347717,0.9664887189865112,0.6916518925845623,1.2477628035619854,-1.629224126859009,-0.6697041988372803,3.057138204574585,-0.4435279369354248,1.50088211684525,-2.2167267859220505,-1.0487006591588257,-4.184002876281738,0.8966843485832214,-1.1513360738754272
1774470453854949400,116.06694946289062,0.1960667619794607,0.4494977350277826,-1.315875678062439,-0.0654412508010864,-0.4312640130519867,0.9625451564788818,1.179659281411767,1.2242840205579997,-1.1962794306926428,-0.8271598815917969,2.941030979156494,-0.3672209084033966,1.6120853605315089,-1.5459914246380329,-1.388892398956418,-3.960281848907471,0.9902682900428772,-1.0365747213363647
1774470453864976400,116.07697631835936,0.2935691048324108,0.4055308387357741,-1.4030185394644736,-0.0695355981588363,-0.3999707996845245,0.9677759408950806,1.815374182718992,1.313050099247694,-0.3796099963419139,-0.940178632736206,2.63896107673645,-0.3531710803508758,1.4757690106377004,-0.986071476766467,-1.728131368073821,-3.727630376815796,1.121909737586975,-0.9052842259407043
1774470453875002400,116.08700244140626,0.3904033391654491,0.2958043896038085,-1.2877981690913438,-0.0900150015950203,-0.3377533555030823,0.951049268245697,2.378074701219797,1.430741243648529,0.5885246955871581,-0.9436372518539428,2.2234678268432617,-0.4143814444541931,1.2784984258264305,-0.7438269009798765,-2.139127413412929,-3.4771721363067627,1.2790825366973877,-0.7417090535163879
1774470453885029600,116.09702954101564,0.4250742550522088,0.166907741381973,-1.1557429837733506,-0.1137589439749717,-0.2602441608905792,0.9182825684547424,2.632822200226784,1.4831693500220775,1.3734601442858576,-0.8638187646865845,1.7949360609054563,-0.5198946595191956,1.2929706032931805,-0.6523591621160507,-2.497267482355237,-3.2045645713806152,1.4590648412704468,-0.554694414138794
1774470453895056400,116.10705639648438,0.3090554277777672,-0.0047628304876387,-0.983460417485237,-0.1505751460790634,-0.1764823347330093,0.8561539053916931,2.718576822140813,1.401347099120915,1.3847710812427103,-0.7814474105834961,1.4114658832550049,-0.6955469250679016,1.1873800849221643,-0.8336404428958892,-2.8446815746217964,-2.9713335037231445,1.6736100912094116,-0.3462832570075989
1774470453905083400,116.11708349609376,0.1254122401721775,-0.227984725896269,-0.7360270408838987,-0.1808627545833587,-0.1133457049727439,0.792276918888092,2.524523153549433,1.0734671438857912,0.7756210923865438,-0.7454262971878052,1.070379376411438,-0.9351152777671814,0.95477091409564,-1.4002601806670427,-3.035843613424897,-2.823342800140381,1.92944884300232,-0.1225790530443191
1774470453915110700,116.12711059570312,-0.0173120770677924,-0.4064593517575413,-0.5121422976523637,-0.1965300738811493,-0.0966952145099639,0.7563235759735107,2.237884140241146,0.6774126470908522,0.0789637196648865,-0.7365177869796753,0.7437402606010437,-1.165546417236328,0.9162906690537928,-2.1894681921184063,-2.962731615462899,-2.733088731765747,2.1758830547332764,0.0258800219744443
1774470453925136600,116.13713671875,-0.0883469764947891,-0.5662027544680982,-0.2839087115615606,-0.2059424966573715,-0.099723495543003,0.7640326023101807,1.921564858940244,0.5009843593001365,-0.482985688207671,-0.7231860160827637,0.4743394553661346,-1.3353862762451172,0.6042237845003604,-2.9755455043286085,-2.9528853442311287,-2.601171970367432,2.1618399620056152,0.1557826250791549
1774470453935163400,116.14716333007811,-0.0998467140220105,-0.5666078281376511,-0.0304956760287284,-0.1966943442821502,-0.0808987915515899,0.7868442535400391,1.6662193940401075,0.5335448589041829,-0.746920556146279,-0.65987628698349,0.2743757367134094,-1.4203482866287231,-0.0516881016612052,-3.589459492716193,-2.843645801833272,-2.462745428085327,1.924707174301148,0.3551779985427856
1774470453945190400,116.1571904296875,-0.1768283930242061,-0.3911040347807109,0.1578869611889123,-0.1511415243148803,-0.0447570346295833,0.8242301940917969,1.3471744871675968,0.6308706761464477,-0.6511657876130194,-0.5607675313949585,0.1223910003900528,-1.4203118085861206,-0.3096913875937461,-3.8619618441224097,-2.440451954677701,-2.334383249282837,1.751020073890686,0.501609206199646
1774470453955217400,116.16721752929688,-0.2145768166601658,-0.068140785420686,0.3782230720281601,-0.1288264989852905,-0.005029764957726,0.8852919936180115,1.109469892898202,0.8185963107600808,-0.5868102198194712,-0.4839606285095215,0.0259608644992113,-1.3502742052078247,0.0652747284650802,-3.9226679494977,-1.979621911111474,-2.1746156215667725,1.598870873451233,0.5375252366065979
1774470453965244400,116.17724438476564,-0.20608312908113,0.2012907802380621,0.8327566457986831,-0.1537736654281616,0.0093449130654335,0.973415195941925,0.8559779469102621,1.1476296738140284,-0.6066244889665394,-0.465619683265686,0.0470484681427478,-1.2416683435440063,-0.160077164709568,-3.7999201062291856,-1.694835247671604,-2.028045654296875,1.4112179279327393,0.6386986970901489
1774470453975271400,116.187271484375,-0.157641461995244,0.3810843797434121,1.216046938088536,-0.1544179767370224,0.0107023017480969,1.0571328401565552,0.5313000025868415,1.5528976968951522,-0.6092449005980044,-0.4945091009140014,0.155726209282875,-1.101662039756775,-0.6015951164972037,-3.6448312513262033,-1.568405501019955,-1.9651232957839968,1.310707449913025,0.7838084101676941
1774470453985297400,116.19729736328124,0.0319368147477507,0.5081617035835981,1.3546487685710191,-0.1276654601097107,0.0234101079404354,1.1036579608917236,0.0633949060678482,2.5581770013481377,-0.1372865831654518,-0.5121991038322449,0.2208867371082306,-0.9772724509239196,-1.137056330416724,-3.4287545514971014,-1.1162737276941537,-1.8796507120132449,1.2678977251052856,0.8682481646537781
1774470453995324400,116.20732446289064,0.2753805371910333,0.6050874886576086,1.4593886614620686,-0.0820196196436882,0.0612580329179763,1.1100571155548096,0.084079966700077,2.4750147340148687,-0.172465375509113,-0.5171694159507751,0.2972155809402466,-0.837982177734375,-1.2985843515217304,-3.104408615607023,-0.6043734221041203,-1.7347402572631836,1.0582330226898191,0.9051643013954164
1774470454005351400,116.21735131835938,0.4108044682897627,0.6867173587918282,1.6010586473435162,-0.0287036690860986,0.1032824516296386,1.1048636436462402,-0.010792612171173,2.7914801457881926,-0.2137553442094475,-0.5074577927589417,0.4098967611789703,-0.7044728994369507,-1.1819586443953216,-2.63253110832572,-0.3410600470647215,-1.6089807748794556,0.770817220211029,0.9231877326965332
1774470454015378700,116.22737866210936,0.6092132633507251,0.6776580001540482,1.6873334937393665,0.0417863503098487,0.1266659796237945,1.088202953338623,0.2193605438053607,2.9117791345998643,-0.3469894371137023,-0.4745653867721557,0.5313305258750916,-0.5993616580963135,-1.203698328647017,-2.223732865291834,-0.2473132573530077,-1.5016460418701172,0.5242407917976379,0.91675066947937
1774470454025405700,116.23740576171876,0.836471866929531,0.5159519921336323,1.5743641171634195,0.1326850950717926,0.124108538031578,1.0594042539596558,0.5602186385571957,2.9226427661806342,-0.4756202740062027,-0.4206437468528747,0.6202996373176575,-0.5249807238578796,-0.8357656914215534,-2.0400369245857,-0.3348737596452236,-1.3563261032104492,0.2883808314800262,0.8251932859420776
1774470454035431700,116.247431640625,1.0544976549997924,0.3319488851744681,1.3752239390879868,0.2357747703790664,0.1027823537588119,1.0206751823425293,0.7912854022473096,2.852508030463755,-0.6079106197869405,-0.3550500869750976,0.6554901003837585,-0.4769719541072845,-0.2776999200493097,-2.0376409693598747,-0.7048983276486397,-1.2265123128890991,0.0678427591919899,0.7500296235084534
1774470454045458400,116.25745849609376,1.1800643550813197,0.0488542664747685,1.1199421870738266,0.3480318188667297,0.060390155762434,0.9754387140274048,0.8251321422696113,2.5971023598089813,-0.7466335558984428,-0.2922593355178833,0.6445048451423645,-0.4609246253967285,-0.1335281074147671,-1.8275281463712447,-1.3663532348901033,-1.1796783208847046,-0.0128443632274866,0.7267876863479614
1774470454055485400,116.2674853515625,1.0827858841121196,-0.2466836542125791,0.7889595896482468,0.4629536271095276,0.0085073243826627,0.9172146320343018,0.8001245422631502,2.23730809391886,-0.9786418382223696,-0.2555633783340454,0.5993922352790833,-0.4763818979263305,-0.4789718494564294,-1.7499194215118885,-2.125521497386694,-1.2237002849578855,0.0446842312812805,0.726773738861084
1774470454065512700,116.2775126953125,0.7981511963635682,-0.5868996516685933,0.3551999238371849,0.5724742412567139,-0.0477884374558925,0.85884690284729,0.5879857664048671,1.8198384686514733,-1.2430309527345,-0.2636345326900482,0.6072260737419128,-0.5467812418937683,-1.1937000817239285,-1.7813579313486814,-2.579715463939309,-1.27808940410614,0.2007414847612381,0.765700101852417
1774470454075539700,116.28753979492188,0.7618909654587507,-0.782853454792872,-0.165478146970272,0.6417520642280579,-0.0640974044799804,0.851006031036377,0.1015045642316341,1.074287374227494,-1.6900503514826295,-0.350506842136383,0.6168280839920044,-0.6314708590507507,-1.8221299405895173,-1.4527280345290898,-2.311014550642669,-1.297370195388794,0.2310956567525863,0.8726561069488525
1774470454085566500,116.29756640625,1.1305652878969907,-0.9801567728299648,-0.5917933419942856,0.6715677380561829,-0.047710970044136,0.8863503932952881,0.454727635037899,0.4221003538079559,-2.089869461508095,-0.4583798944950104,0.5818861722946167,-0.7339227795600891,-1.3705520017541943,-1.1916373039752244,-1.6800652563020586,-1.267084717750549,0.2088364213705063,0.8443863987922668
1774470454095592400,116.30759252929688,1.272122461053729,-1.128900131163746,-1.0536568202614784,0.6768764853477478,-0.0291842278093099,0.9148386120796204,1.4667501301407813,0.3076005527943372,-1.981694041210413,-0.4457319974899292,0.4468585848808288,-0.8746375441551208,-1.1329739564739167,-1.226430384936929,-1.0739826921924949,-1.2413394451141355,0.1115223094820976,0.8593223690986633
1774470454105619700,116.31761962890624,1.226522301004082,-1.1596006090495734,-1.4457529348194598,0.6472277641296387,0.0045100841671228,0.9272430539131165,2.260101232746244,0.6130163088954985,-1.4995331864543258,-0.2563154995441437,0.2052799463272094,-1.0403231382369995,-1.4724555021755397,-1.2653104429513216,-1.0284449298545717,-1.2758578062057495,-0.0258829537779092,0.8987514972686768
1774470454115646700,116.32764672851565,1.0963345169931649,-1.0429865192957222,-1.7355092033654451,0.6082614660263062,0.0275277849286794,0.9020679593086244,2.283845680949092,1.0078582150302826,-0.8995203707125038,0.0326510444283485,-0.0306990165263414,-1.1879736185073853,-1.6720558451086285,-1.5394079545944928,-0.921771730813384,-1.3005796670913696,-0.1338133662939071,0.908580243587494
1774470454125673500,116.33767358398435,0.7926938077405095,-0.8756922628141939,-1.807690057957172,0.5414235591888428,0.0573629103600978,0.8674513697624207,1.9465899946033955,1.1313370759870855,-0.8377994622714817,0.2689424753189087,-0.2018049508333206,-1.30772864818573,-1.6966414203107356,-1.6858435474425553,-0.7362623109444976,-1.276493787765503,-0.2452722489833831,0.9141497015953064
1774470454135700700,116.34770068359374,0.7265735683619976,-0.5377022708445787,-1.5326257471084594,0.4488228559494018,0.1116032749414444,0.8416149020195007,0.6872527808427811,0.8247679851323366,-0.6435916260316967,0.4691373705863952,-0.4038533866405487,-1.3354076147079468,-1.592449370560795,-1.5693863287508487,-0.8328981000959873,-1.2056705951690674,-0.3047312796115875,0.9084240198135376
1774470454145727700,116.35772778320312,0.9720207395821808,-0.2506310035988688,-1.1702531551629305,0.3651226460933685,0.1497290879487991,0.8400396704673767,-1.2737456783413883,0.5410313422020524,0.2713707535604014,0.6678415536880493,-0.6530340909957886,-1.2587037086486816,-1.859893123403192,-1.4018120862841603,-1.0518944867640734,-1.1641172170639038,-0.2305212467908859,0.8898932337760925
1774470454155753700,116.36775366210938,1.330954004728794,-0.1393502376969903,-0.8494546826213598,0.3138637244701385,0.1804848611354828,0.8560582399368286,-2.716263284501433,0.4714009027455001,0.7642620785042643,0.8093621730804443,-0.8281667828559875,-1.1234962940216064,-2.9157550524935125,-1.6965116564512253,-1.4699331440910697,-1.306047439575195,-0.1481048464775085,0.9508291482925416
1774470454165780500,116.37778051757812,1.7260490088418126,-0.1906533586286008,-0.4783066635459661,0.2769909203052521,0.2172111868858337,0.8857032060623169,-3.4468723919898268,0.2274619441311806,0.2012736099075525,0.8321993350982666,-0.7983438968658447,-0.9750738143920898,-3.520325750735402,-2.294103455591201,-1.3574758086904883,-1.4435064792633057,-0.2084763050079345,0.9804722666740416
1774470454175807700,116.38780786132811,2.171829659575224,-0.1782034077044576,0.0020493337452411,0.2573460042476654,0.2731992602348327,0.9270461201667786,-3.2493647835522887,-0.2532621192874387,-1.2266967807881533,0.7514946460723877,-0.5283305048942566,-0.824812114238739,-3.412358127969503,-2.221027697986364,-0.0580959228768944,-1.3695249557495115,-0.3260684609413147,0.8968918323516846
1774470454185834800,116.39783471679688,2.5670044509261847,-0.2944184151381254,0.3763695531159639,0.2535840272903442,0.3427977859973907,0.9582504034042358,-2.8743390462607143,-0.8855584077902138,-2.543351480399072,0.7141876220703125,-0.2115522027015686,-0.6645047068595886,-3.2803581799700856,-1.6855992172926664,1.210442834471166,-1.2689077854156494,-0.4503073394298553,0.7660925388336182
1774470454195861500,116.40786157226565,2.8147850335299966,-0.4592039036691188,0.597450929364562,0.253845602273941,0.388833075761795,0.970082938671112,-2.714258958941698,-1.6502970177650451,-3.086513770215213,0.7918970584869385,0.0462708137929439,-0.5067899227142334,-3.3485616553634405,-1.516762992066145,1.4737418887242677,-1.3031857013702393,-0.6141629815101624,0.6206754446029663
1774470454205887500,116.41788745117188,2.808453200159967,-0.6147593531705439,0.572720977255702,0.2603628933429718,0.4033379554748535,0.9616628289222716,-2.5713199760377408,-2.439595922370255,-3.492189789575338,0.95361328125,0.2513462603092193,-0.3594712615013122,-2.964617283079028,-1.6865362058818338,1.603966643744707,-1.3651670217514038,-0.846428394317627,0.4223415553569793
1774470454215914500,116.42791455078124,2.591261524826288,-0.771220446274802,0.3219125712633133,0.2736236155033111,0.3947891592979431,0.9437224864959716,-2.6995658322006464,-3.228129687821865,-3.877100376543402,1.154445767402649,0.4509443044662475,-0.2129167318344116,-2.773627093711496,-1.74702545363605,1.883393533717096,-1.3227636814117432,-1.138707160949707,0.2460210025310516
1774470454225941800,116.43794165039064,2.342682777582109,-0.9735106128137558,-0.0173415954232215,0.2980104386806488,0.3457545042037964,0.948853611946106,-2.912695957183838,-3.726061673814058,-4.037024981039762,1.356391429901123,0.6359431147575378,-0.0295029561966657,-3.1479955361381173,-1.612661406853795,1.6878645318761467,-1.1867600679397583,-1.3795045614242554,0.1073371618986129
1774470454235968500,116.44796850585938,2.2017466589331627,-1.0933056706912816,-0.3803863875418901,0.3460798561573028,0.2721510529518127,0.9894003868103028,-3.278118584349752,-3.7400557123750446,-4.00137031481266,1.4959503412246704,0.8089281916618347,0.1694239974021911,-3.102155283722281,-1.6339479405105113,0.7617180931098759,-1.116097092628479,-1.3996057510375977,-0.0641538202762603
1774470454245995500,116.45799560546877,2.2709540506720542,-1.1549839820995926,-0.6675584848135709,0.4009327292442322,0.1998672485351562,1.0384382009506226,-3.712998778623344,-3.360928969505429,-3.8775165561288594,1.5712382793426514,1.002118468284607,0.3562217652797699,-2.9962913552373647,-1.5724638365000485,-0.5779289211623371,-1.1743074655532837,-1.3466403484344482,-0.2130935043096542
1774470454256021500,116.468021484375,2.536730893215537,-1.1820634199440478,-0.8185399043977261,0.4475858807563782,0.1528284251689911,1.0711208581924438,-3.766245215642452,-2.7356255720973013,-3.347200011621416,1.5993809700012207,1.2203418016433716,0.5250433087348938,-3.3365058913886547,-0.6959504665613174,-1.1996278643377123,-1.1785824298858645,-1.2507444620132446,-0.3384138345718384
1774470454266048800,116.478048828125,2.7376006715625523,-1.266673694128543,-0.8323720303952693,0.4711602032184601,0.1273385137319564,1.0815761089324951,-3.2813317011773586,-2.254766885980964,-2.6009151960954067,1.585811734199524,1.421149969100952,0.6547028422355652,-4.138385168364644,1.0209773704528808,-0.2616198689945042,-1.0294113159179688,-0.9375420212745668,-0.4497835040092468
1774470454276075500,116.48807543945313,2.87533448703885,-1.3365746210895475,-0.7295207277297974,0.4475957751274109,0.1656576693058014,1.0605032444000244,-2.984854599943757,-2.184957582826167,-1.7697561947517095,1.5333868265151978,1.6679227352142334,0.7410619258880615,-4.499285934191942,2.136481867340207,1.0976247029341757,-0.8939843773841858,-0.5361252427101135,-0.5892746448516846
1774470454286102500,116.4981025390625,3.2977737174123525,-1.261553720766306,-0.3280348535358905,0.382993072271347,0.2653248906135559,1.0158004760742188,-2.821262120589614,-2.334475944120437,-1.2464325778715313,1.398974895477295,1.949018120765686,0.7605370879173279,-4.351374715833366,2.098023834130168,2.437049014366418,-0.7349419593811035,-0.3498566150665283,-0.7430972456932068
1774470454296129800,116.5081298828125,3.502776650041341,-1.2664283410653472,0.207647894179821,0.298608660697937,0.3396256566047668,0.9503558874130248,-2.612060567227006,-2.617958977615833,-1.20522488062717,1.1960569620132446,2.189859390258789,0.7280696630477905,-3.85702818711251,1.8684709821343424,3.863856571827829,-0.5033573508262634,-0.4953348040580749,-0.8853632807731628
1774470454306156500,116.51815649414064,3.1794945439904927,-1.4299644140571357,0.8127578138649463,0.1913349330425262,0.3141634464263916,0.9080632925033568,-2.074049668824673,-2.673312616047263,-1.1316056637953966,1.020409345626831,2.344003438949585,0.6734152436256409,-3.308415522935986,1.8300474357157943,4.794616495738923,-0.2802364528179168,-0.8183903694152832,-0.992261528968811
1774470454316182500,116.5281826171875,2.369874443629384,-1.8434113596796988,1.352040047377348,0.1042358055710792,0.2012313306331634,0.8655078411102295,-1.627109618923068,-2.967007977607846,-1.0554759985126554,0.8885557651519775,2.4241859912872314,0.55162513256073,-2.257811660504341,1.7576801186412572,5.227898899427056,-0.0253006108105182,-1.1889320611953735,-1.128347873687744
1774470454326209500,116.53820947265623,0.999198230973631,-2.3036386150471864,1.758025571078062,0.059828657656908,0.0783200562000274,0.8725835680961609,-1.3779758681446312,-3.603165069724619,-1.3256602822348476,0.824500560760498,2.534811496734619,0.4156349003314972,-0.9261033302769064,1.840074324211478,4.795060732375085,0.2142446041107177,-1.6669135093688965,-1.2704522609710691
1774470454336236500,116.54823657226562,0.0008355740413069,-2.5995579362675545,1.884970866036415,0.0411624275147914,-0.0754142850637435,0.9027384519577026,-1.3478197993338108,-4.0346041836336255,-1.6039990847095846,0.7888791561126709,2.6784238815307617,0.3643461465835571,-0.7080284423679113,2.1579560325235128,3.2210078731179235,0.2757055163383484,-1.9507620334625244,-1.3143153190612793
1774470454346263600,116.558263671875,-0.8035830121539532,-2.4095842304661867,1.7880512915074824,0.0304179042577743,-0.0551955625414848,0.8699413537979126,-1.69066526851058,-5.242760368472338,-1.9874543583028017,0.6849738359451294,2.814994096755981,0.4537743031978607,0.2737052974551916,2.468221420612931,1.2933856138348578,0.1763605326414108,-1.7347266674041748,-1.3548424243927002
1774470454356290600,116.56829052734376,-1.5352202936463055,-2.242394018881023,1.128695986893773,-0.0374648012220859,0.1332666128873825,0.8065417408943176,-1.848715311306715,-6.627140842962264,-2.320045706099272,0.4950552582740783,2.9601237773895264,0.6730238795280457,1.1003678641624748,2.751077408251166,-0.025180837681517,0.1159271523356437,-1.305252194404602,-1.3049179315567017
1774470454366317600,116.57831762695312,-3.2327742987573145,-1.8676789549738169,-0.0124240127652883,-0.1326608210802078,0.3038620352745056,0.9166826009750366,-1.5046546211212872,-7.832140901857614,-3.1847762837857005,0.1424387246370315,3.1262965202331543,0.8919100165367126,0.9767999366827308,3.474415063431859,-0.2195531437680125,0.1748059093952179,-0.9610871076583862,-1.2339625358581543
1774470454376343600,116.58834350585936,-4.229423575900495,-0.7888533527947962,-1.4744325013369322,-0.2170667499303817,0.3088691234588623,1.139755129814148,-0.8336755142092704,-9.102415689218043,-4.587458723163604,-0.2854984998703003,3.293221235275269,1.0372711420059204,0.8711959743082522,3.961065192431211,0.2528307056002318,0.1500582098960876,-0.6003522872924805,-1.109809398651123
1774470454386370600,116.59837060546874,-4.34248033849895,0.7435566326711326,-3.006601152327657,-0.2899827659130096,0.0449820943176746,1.2170885801315308,-0.3959510364204645,-10.005288073772192,-5.105907427483797,-0.6710235476493835,3.368558883666992,1.1559674739837646,1.239678135175258,3.844922446516156,1.339132050487399,0.1454024612903595,-0.1648844629526138,-0.9254553914070128
1774470454396397600,116.6083974609375,-4.576172189995647,2.828689640241861,-4.530673590624332,-0.3707371652126312,-0.3489481210708618,1.1324212551116943,1.212097323679924,-9.781884392055868,-4.479489931353927,-0.9502482414245604,3.171996831893921,1.297650933265686,1.660710713621229,3.81626859896183,2.9326538725852966,0.2151594161987304,0.0240599922835826,-0.7767593264579773
1774470454406424600,116.61842456054688,-4.47640657838583,5.030856570413708,-5.345115412053466,-0.4072355329990387,-0.4871973395347595,1.0056220293045044,5.580109578320384,-7.803508681613207,-2.551803959184885,-1.1316107511520386,2.7127389907836914,1.4517085552215576,2.0186993913941085,3.903130305334925,3.109205202233792,0.2752808034420013,0.0968516394495964,-0.6672813296318054
1774470454416451600,116.62845166015624,-2.994944032281637,5.103621362373232,-4.703300440305471,-0.3961712718009949,-0.3302594721317291,0.9027389883995056,10.196561171734333,-4.984449039503931,-0.6917416166946292,-1.1094833612442017,1.8459312915802,1.5150432586669922,3.317697730544209,3.676311262217164,3.1720418898969887,0.4112820029258728,0.4566870629787445,-0.7657240629196167
1774470454426477600,116.6384775390625,-2.0439242874130605,3.0353578757345674,-2.533657477119565,-0.2923319637775421,-0.1679598093032837,0.783096194267273,13.636021241641044,-1.5359642438814043,0.9201929371893406,-0.8542253971099854,0.8748359084129333,1.4121664762496948,3.9724779823273417,3.112760264366865,3.487414537997544,0.6734521389007568,0.8140015602111816,-0.874777615070343
1774470454436504600,116.64850463867188,-2.3203353366956114,0.872896859942004,-0.3549357199430465,-0.1478006690740585,-0.1736173033714294,0.6557201743125916,13.776812691122291,1.6312648389063775,1.0104475008711218,-0.4023759067058563,0.192856565117836,1.1564815044403076,4.010217053613067,2.47885445830822,3.4543034187734123,0.9425142407417296,1.1790481805801392,-0.9233498573303224
1774470454446531600,116.65853149414062,-2.5920062057137487,-0.2247314962539821,1.03696229057014,-0.0235927067697048,-0.3012948632240295,0.5341311693191528,11.874835745227337,4.6085400896370405,0.5474655399680137,0.2229908853769302,-0.3172022700309753,0.8076876997947693,4.513287571537495,1.2287076822191476,3.476455044826865,1.228901505470276,1.2530592679977417,-0.9426662921905518
1774470454456558600,116.66855859375,-2.2759414836958047,-0.936807022055611,1.949260675117373,0.042837094515562,-0.4180379807949066,0.4430691599845886,9.586101123192906,6.422158953121304,-0.6721870213970541,0.7181934714317322,-0.579330563545227,0.4964182376861572,6.262255975934862,0.2044283476114273,3.6927354505345225,1.67230486869812,0.6818082332611084,-1.197211742401123
1774470454466585600,116.67858569335938,-1.5464941134631631,-1.21941341884695,2.330924827510118,0.0562495701014995,-0.4223999679088592,0.4497838020324707,6.544312337628006,5.13453087989986,-2.9087162398979065,0.8990633487701416,-0.6359905004501343,0.4677807688713074,8.183691655537485,-1.090769868603349,5.363439004251361,2.3093795776367188,-0.3871049880981445,-1.5076545476913452
1774470454476612600,116.68861254882812,-1.0362836606562138,-0.7638692067291587,2.157124257874489,0.1002430915832519,-0.3353386521339416,0.5304272174835205,4.142142475071549,1.8700566438905888,-3.4277833683773875,0.8220329880714417,-0.6923818588256836,0.7728477716445923,6.864665989011526,-2.4440742368280888,7.908924281808733,2.8783037662506104,-1.3644907474517822,-1.938881516456604
1774470454486638600,116.698638671875,-1.546099561187625,0.4154370965264737,1.556748380973935,0.1750779151916504,-0.2010753899812698,0.621096134185791,4.3086891280561685,-1.244670536635071,-2.6474332016423343,0.6020437479019165,-0.90240740776062,1.128263235092163,3.951017261147499,-5.601636934995651,7.022515540799498,3.522062301635742,-2.98053240776062,-2.2211010456085205
1774470454496665600,116.70866552734375,-2.521814479112625,1.5958922044910488,0.8351163606673478,0.2422527223825454,-0.079159528017044,0.6784210205078125,5.382620674583316,-3.302550138033926,-1.375311325110495,0.4031879007816314,-1.2053554058074951,1.3456659317016602,6.368896734011173,-10.761423252183198,-1.127824757017195,3.769710540771485,-4.932548522949219,-3.5569236278533936
1774470454506692600,116.71869262695311,-3.336167745475471,2.7471830311611294,-0.2466156304776668,0.3068956434726715,0.0068424614146351,0.6985138058662415,5.529374247339367,-4.063170352904498,-0.1661786964550614,0.3058585822582245,-1.4465749263763428,1.4196826219558716,-3.3366771563023327,-19.481352366709707,-5.389073211723566,2.668078184127808,-3.400026798248291,-2.6102752685546875
1774470454516719600,116.7287197265625,-3.947852659636736,3.473512561634182,-1.273362816503644,0.389969140291214,0.0480168424546718,0.6898715496063232,5.117220264136791,-3.628624212890863,0.5535144647434354,0.2814179360866546,-1.6065350770950315,1.4741826057434082,0.3636918578505516,-20.97721168695688,1.4090098888337612,1.235885500907898,-0.4074874520301819,-1.697258472442627
1774470454526746600,116.73874658203124,-4.24598454234004,3.4238808079808947,-1.7724205916553737,0.484824001789093,0.0442378185689449,0.6583153009414673,4.565584745007753,-2.3803660270273683,0.5959060380101203,0.2680578529834747,-1.7597209215164185,1.561275601387024,-1.7660522256672382,-18.9752429194808,1.244884325516224,0.8073914647102356,0.0921961292624473,-1.2122355699539185
1774470454536772600,116.74877270507812,-4.228167730620503,2.860978629428148,-1.564641180050373,0.5457485318183899,0.0128780025988817,0.6540948748588562,3.900457286733389,-0.963171078172326,0.3572971883773803,0.2575551271438598,-1.9288859367370603,1.7080117464065552,3.353806570279598,-11.995450668120384,-0.6860024885207414,0.8817325234413147,-0.3764785826206207,-1.173506498336792
1774470454546799600,116.75879956054688,-3.995171460172534,2.283365057825297,-0.78766662722826,0.546178936958313,-0.0386035665869712,0.6293956637382507,2.949931755122542,0.4058113361775874,0.3613452947244048,0.2802794277667999,-2.070306301116944,1.926832795143128,3.963229092466831,-8.58156167732179,-0.4666717553317546,0.8484400510787964,-0.350641667842865,-0.988569676876068
1774470454556826600,116.76882666015624,-4.020014225006103,1.8446445547364647,0.1183247661292552,0.4814731776714325,-0.1348564475774765,0.58986896276474,1.9683722028225656,1.67289171141088,0.4835875265583396,0.3337128162384033,-2.10924768447876,2.2037441730499268,1.8997873268961905,-7.6731497788190834,-0.0231479436144232,0.7591649293899536,-0.1852922886610031,-0.829344630241394
1774470454566853600,116.778853515625,-3.922697175592184,1.3411794845364986,1.0272960520803929,0.3550744950771332,-0.2382874935865402,0.545568585395813,1.102130636051297,2.548537358604372,0.3862748610585927,0.3990301489830017,-2.028460025787353,2.528432846069336,2.170662953883409,-8.058391205176711,-0.7018938851356505,0.785429835319519,-0.064600758254528,-0.8456647396087646
1774470454576880600,116.78888061523438,-3.442854973042011,0.726251789061725,1.88593123550117,0.1855837702751159,-0.2637402415275574,0.4792896807193756,0.4552940367490053,2.9199826070606707,0.0199561618357896,0.4568859934806824,-1.8588895797729488,2.859255075454712,2.5500807886540886,-8.338179037415982,-2.147592167158425,1.233551025390625,-0.4297866523265838,-1.0274097919464111
1774470454586907600,116.79890771484376,-2.6892320697128773,-0.0424929878145456,2.57840788847208,0.0248265843838453,-0.2157785892486572,0.4064242541790008,0.2402186229169368,2.992911065149307,-0.5647463451147079,0.5056910514831543,-1.6951615810394287,3.1611132621765137,2.738246568250656,-7.691351205942034,-4.261067545181513,1.94657301902771,-0.7407272458076477,-1.2677537202835083
1774470454596933600,116.80893359375,-2.280772849375009,-0.9651515844650566,2.949047958025336,-0.0869757905602455,-0.1039072945713996,0.3718962669372558,0.3936795843571424,2.970670884029567,-1.1175799879871309,0.5798976421356201,-1.5831481218338013,3.4103214740753174,1.2050783117633312,-6.696153004390001,-6.233948165339231,2.5357139110565186,-0.6425469517707825,-1.4400014877319336
1774470454606960600,116.81896069335936,-1.982033210036904,-1.7636080473855136,2.893993010279536,-0.1171230375766754,0.0313682369887828,0.3061763644218445,0.4401590114593505,2.945398495607078,-1.4124113678403198,0.68971848487854,-1.534664273262024,3.61280369758606,0.5217851552665234,-6.030640930712223,-7.655769604951143,2.5854532718658447,0.240799605846405,-1.476521611213684
1774470454616987600,116.82898754882812,-2.08119413375184,-2.268402320362628,2.587774267232418,-0.0937463715672493,0.1470106095075607,0.1918438673019409,0.588538139590621,2.9167139606535435,-1.5134760793499649,0.8331038951873779,-1.5189412832260132,3.775647163391113,-0.7602092959821224,-6.109637895059585,-7.70864779317975,2.515507936477661,1.2136452198028564,-1.5484747886657717
1774470454627014700,116.8390146484375,-2.487830376446247,-2.185618823213875,2.1805893046140667,-0.0279681552201509,0.2296556979417801,0.0666143074631691,0.8843670060485601,2.753554612019658,-1.2686482090719045,1.0206820964813232,-1.4999998807907104,3.8860034942626953,-0.4178850742004811,-6.043763447135687,-6.652597355780005,2.508469820022583,1.868887543678284,-1.676158428192139
1774470454637041700,116.84904174804689,-2.820889780145883,-1.4426729428522287,1.6673966211259363,0.0339783653616905,0.2348093837499618,-0.0288252979516983,1.1629869635522363,2.278287462300062,-1.1471874830044806,1.1918338537216189,-1.4864468574523926,3.914821147918701,-0.5648854613244533,-6.2836149903059,-4.924608611047268,2.512455701828003,2.346179246902466,-1.7430793046951294
1774470454647067600,116.85906762695312,-3.288363791771233,-0.6705142658792436,1.325657651886344,0.0719465166330337,0.0582239590585231,-0.1030763536691665,1.4842191513359546,1.4870283635377883,-1.4646715703010558,1.3096586465835571,-1.5114988088607788,3.854182243347168,-0.8354292260088027,-6.526064148753881,-2.632666132882237,2.5040977001190186,2.6479856967926025,-1.7608401775360107
1774470454657094400,116.86909448242189,-3.785474524508417,0.0015399229183793,1.2563216653317213,0.0597174316644668,-0.2012417912483215,-0.1768776923418045,1.508631123536825,0.3570569498807192,-1.8869129400148987,1.3642148971557615,-1.5921642780303955,3.722020387649536,-0.6954688205242157,-6.429010134190321,-0.5401368045151234,2.533827304840088,2.737053155899048,-1.757652997970581
1774470454667121700,116.87912158203125,-3.938139074873924,0.5633607359752059,1.3261322836607694,0.0240625012665987,-0.42106893658638,-0.216643750667572,1.511339213451743,-0.7699363247483968,-2.130170930627733,1.3798385858535769,-1.7093799114227295,3.544428586959839,-0.9889783041238784,-5.78704026414156,1.2903542833149433,2.560976028442383,2.531460285186768,-1.7069109678268433
1774470454677148700,116.88914868164062,-3.802661513891816,0.9805229757938534,1.356049867540598,-0.0122649455443024,-0.5113348960876465,-0.2102903574705124,1.6097417200148103,-1.4556342773646116,-1.9296334529750048,1.4181329011917114,-1.8515721559524536,3.3101484775543213,-0.6530941983923315,-5.014538472819328,2.220912547174096,2.550887107849121,1.999795198440552,-1.677356839179993
1774470454687175400,116.89917553710936,-3.4326468827605248,1.5239729234449564,1.4036083220511677,-0.0321188084781169,-0.5151722431182861,-0.1930623650550842,1.5801386089116334,-1.5453461124718189,-1.4945730798289178,1.4870729446411133,-1.9918158054351809,3.021597623825073,-0.3544493977308273,-4.234279491499066,2.642110253053904,2.458763837814331,1.4085054397583008,-1.617648005485535
1774470454697202700,116.90920263671876,-3.068331924575567,1.7223177133589982,1.5520745439440011,-0.0501163527369499,-0.4833807349205017,-0.1604787856340408,1.363852650246024,-1.123339428296685,-1.0203764088850469,1.5759072303771973,-2.118277311325073,2.723446846008301,-0.1308186292603612,-3.171487763145566,3.1933459592103954,2.2924468517303467,0.930438756942749,-1.530155062675476
1774470454707228700,116.91922875976564,-2.6317414192527533,1.446176274798065,1.673932160374522,-0.0504431240260601,-0.4525887370109558,-0.1324386298656463,0.9553501752883196,-0.5758084218770265,-0.6652692048326134,1.656733155250549,-2.249985456466675,2.46889066696167,-0.8699006738007068,-2.0489958915889264,3.5584307327240703,2.1586170196533203,0.4749060869216919,-1.3873385190963743
1774470454717255700,116.92925561523438,-2.298697797644138,0.9682209819730372,1.6383026285886764,-0.0286010801792144,-0.4367776215076446,-0.1088667809963226,0.6019260289520025,-0.1612163978725671,-0.3730288643859326,1.7148358821868896,-2.394726037979126,2.2767794132232666,-1.1868550381347536,-1.062646766924858,3.6507132951021193,2.167992353439331,-0.0280985496938228,-1.289698839187622
1774470454727282400,116.93928247070312,-2.1287129869043824,0.4872185765370726,1.4024690888881683,0.0189507268369197,-0.4380636811256408,-0.0983670055866241,0.525230327284336,0.0835205792516469,-0.2819890686105936,1.7252599000930786,-2.528212547302246,2.141711711883545,-1.083454577153921,-0.6413935314655304,3.497690140557289,2.322767972946167,-0.5864211916923523,-1.252267360687256
1774470454737309700,116.94930981445312,-2.0602432617902755,0.1085719453345984,1.0714625260651112,0.0875746831297874,-0.4545687139034271,-0.1083428561687469,0.312103124910593,-0.0618786562860012,-0.5101116686075926,1.6835592985153198,-2.581162929534912,2.056398868560791,-1.004111575847864,-0.5744277811735868,3.1593080805301663,2.5155937671661377,-0.9449105262756348,-1.203750729560852
1774470454747336700,116.95933666992188,-2.1213452346153554,-0.2039546656850725,0.6679483609139919,0.1705190986394882,-0.4829191267490387,-0.1348322480916977,-0.0003869534909725,-0.4624328025877475,-0.9114229168869554,1.608124613761902,-2.5564868450164795,1.9843562841415403,-1.2033882397845386,-0.7843103025376796,2.4623235947459934,2.665593385696411,-1.0616647005081177,-1.1415959596633911
1774470454757362700,116.96936279296877,-2.2016016975045205,-0.4624280533473938,0.1750187132537365,0.2727299034595489,-0.5256490111351013,-0.1478597968816757,-0.1719610792487859,-0.8124585386574268,-1.5299218949772415,1.5063666105270386,-2.4812088012695312,1.884877562522888,-1.5335156816855071,-0.9836801977157592,1.607332905307412,2.7700061798095703,-1.0271836519241333,-1.040111780166626
1774470454767389400,116.97938940429688,-2.161904039496928,-0.6578787292551249,-0.4002589627474546,0.3896080553531647,-0.5433401465415955,-0.1524564176797866,-0.4514233327955007,-0.9254951352506876,-2.179113971364498,1.4082415103912354,-2.380805730819702,1.7847234010696411,-1.652116342146695,-1.0427829595476388,0.5511550421357154,2.915008783340454,-1.0651086568832395,-0.9586204290390016
1774470454777416700,116.98941674804688,-2.123693843568116,-0.7462325008168816,-0.9693138187110424,0.4992256462574005,-0.5576369762420654,-0.1617351770401001,-0.7500836232870817,-0.7261416066855192,-2.2081499501042066,1.3663675785064695,-2.247410774230957,1.7037638425827026,-1.1759618881985543,-0.5605319422900676,0.8227145597338676,3.029016733169556,-0.9858556985855104,-0.891179621219635
1774470454787443700,116.99944360351564,-2.120847514226288,-0.6958839041311293,-1.3426789293140171,0.5698193907737732,-0.5599715113639832,-0.1797120422124862,-0.8567974465996027,-0.3646908057600259,-1.990216954883933,1.383750081062317,-2.146639823913574,1.6456965208053589,-1.4063307327523826,-0.3803834649324417,0.6547054329812526,3.087032079696656,-0.8825380802154541,-0.7828323841094971
1774470454797470500,117.00947045898438,-1.9782284109264607,-0.5238404072958975,-1.4436819737643003,0.599189281463623,-0.5334392189979553,-0.2254335135221481,-0.9156842275932432,-0.2314928801476955,-1.7653727189704775,1.4582152366638184,-2.1209607124328613,1.6325072050094604,-1.4162073991224169,-0.0203361010640859,0.725159025388956,3.1291208267211914,-0.7673682570457458,-0.6958317756652832
1774470454807497500,117.01949755859376,-1.7732938673585652,-0.3491285680342465,-1.403749191826582,0.5907318592071533,-0.4755311906337738,-0.2833268940448761,-1.055308094599843,-0.4408633603364228,-1.596655736209452,1.5381525754928589,-2.141634941101074,1.6413171291351318,-1.2287623350158332,0.0583440524190664,1.0304016168802976,3.235639810562134,-0.6832640171051025,-0.6737563014030457
1774470454817523500,117.0295234375,-1.4831705190658568,-0.1491213978659361,-1.1650900733113287,0.5305044651031494,-0.3902192711830139,-0.3304603397846222,-1.3022931429117917,-0.8931751664042472,-1.6152002776816483,1.5612038373947144,-2.1400609016418457,1.6731536388397217,-0.912607012104988,0.0187064540356397,1.3559995986580848,3.381704807281494,-0.6227502822875977,-0.6546186804771423
1774470454827550700,117.03955078125,-1.1664718099933118,0.0970675316322594,-0.7410907540142536,0.4446853995323181,-0.28739994764328,-0.3583612143993377,-1.796957359279692,-1.4268372219473122,-1.615809641751647,1.4983338117599487,-2.113929033279419,1.6980111598968506,-1.1214762647733092,0.0351028775632381,1.7973615561664102,3.468224048614502,-0.5574207901954651,-0.5605337023735046
1774470454837577500,117.04957739257812,-0.8264436632595956,0.2820994701825082,-0.2811433385014534,0.3381435871124267,-0.1847983449697494,-0.349998265504837,-2.129815395188332,-1.924001730698347,-1.6196145869925618,1.36418616771698,-2.098098993301392,1.6999845504760742,-1.1240300409093498,0.2704430807888507,1.9972370627790688,3.666105031967163,-0.7637301087379456,-0.4282156527042389
1774470454847604500,117.0596044921875,-0.5575635940037668,0.4300482075398787,0.2038479173749685,0.2226627767086029,-0.1089864000678062,-0.3003662526607513,-2.067014363360405,-2.404475801411271,-1.4960224018543955,1.2251195907592771,-2.1390624046325684,1.6875050067901611,0.118869832791388,1.1286582852318885,3.373621862339973,3.9022512435913086,-1.013763666152954,-0.4231087863445282
1774470454857631700,117.0696318359375,-0.3025140433102846,0.485827597102709,0.5680483092695474,0.1328642815351486,-0.0451389588415622,-0.2282717525959015,-1.4511653152570128,-2.62070739954114,-1.2513090978667138,1.1366158723831177,-2.2314436435699463,1.664047122001648,0.6326642815649509,1.3581658367812632,3.1221850953161714,4.040689945220947,-1.2583541870117188,-0.3743675351142883
1774470454867657700,117.07965771484376,0.0026515374220907,0.4276384064517915,0.7287503278791904,0.0730920284986496,0.000456491485238,-0.1407112777233123,-0.7353843590661883,-2.705145678159594,-1.160496315780282,1.100447177886963,-2.3150601387023926,1.62564218044281,0.1184513151183724,1.5187442290112376,2.8047113832831383,4.099993705749512,-1.4855250120162964,-0.232263907790184
1774470454877684500,117.0896845703125,0.2436439211905002,0.282560694486089,0.7813724955201149,0.051193218678236,0.0138761848211288,-0.0539069585502147,-0.3735580028265714,-2.823725295832753,-1.2387366165414453,1.1005685329437256,-2.3286051750183105,1.5729970932006836,-0.6047799570783973,1.1532979287087917,2.7191110751479863,4.116653919219971,-1.6713895797729492,-0.0757312029600143
1774470454887711500,117.09971142578124,0.2727092721551656,0.1493124634586274,0.6855757875412702,0.063187301158905,-0.0036010760813951,0.0195334386080503,-0.3664244976848363,-2.7864608563214537,-1.1942553775191307,1.1290711164474487,-2.2688539028167725,1.5254842042922974,-0.6387137908622622,0.7668823440052569,2.961675968930125,4.199074745178223,-1.7962872982025146,0.0204848106950521
1774470454897738800,117.10973876953123,0.2601251003921032,0.0905615838043391,0.5110819749444723,0.0976434201002121,-0.0272785387933254,0.0898615568876266,-0.5250409421920776,-2.6202573176860806,-0.9877505158945916,1.1628493070602417,-2.1903717517852783,1.4987980127334597,0.1183612987473607,0.4480084097854793,3.047696548303961,4.27224588394165,-1.873353719711304,0.0785286724567413
1774470454907765500,117.119765625,0.3122654758654534,0.0601355024131014,0.2509288175016641,0.1474362909793853,-0.0495966263115406,0.1625152677297592,-0.5926940902262926,-2.541873516801,-0.7635682510212063,1.1879003047943115,-2.133861541748047,1.478969693183899,0.8499056412592529,0.3377538451261818,2.7840941271901127,4.289299964904785,-1.8977326154708865,0.1773569881916046
1774470454917792500,117.12979248046877,0.3714280781257897,-0.0610047595283016,-0.1264005205571651,0.2055200338363647,-0.081357903778553,0.2198706120252609,-0.4498497998684644,-2.4272090267449618,-0.7200374445915222,1.1788524389266968,-2.0908751487731934,1.453037977218628,1.25725631583333,0.5623197755549103,2.9023849910497663,4.247343063354492,-1.7390518188476562,0.2657552659511566
1774470454927818500,117.13981860351562,0.4908943424403667,-0.2352822442269884,-0.6369207699656486,0.2620206177234649,-0.1011249497532844,0.2781216502189636,-0.4869312840282916,-2.404936404660344,-0.9057990856558084,1.1347931623458862,-2.02710223197937,1.4235221147537231,1.1040633576795458,0.3574332358472049,3.0468332094728945,4.116763114929199,-1.4211748838424685,0.3333779871463775
1774470454937845800,117.149845703125,0.6682441289901733,-0.3987375983990728,-1.1361059708893295,0.3009543716907501,-0.0858968794345855,0.3263494372367859,-0.5937028288774192,-2.3207003706157208,-1.0007494059383868,1.0632736682891846,-1.9324880838394165,1.3950613737106323,0.3812918119490146,-0.1928274147320538,3.3233149859040974,3.983363151550293,-1.12353515625,0.4449438452720642
1774470454947872500,117.15987255859376,0.910184826459363,-0.4822098449969664,-1.4347650923371311,0.326742559671402,-0.0216108337044715,0.3563637733459472,-0.3652174599826335,-1.8841648103505373,-0.8335825752288103,0.9823338985443116,-1.84241271018982,1.3698248863220217,-0.0238964238941669,-0.771188516766578,4.102897675397992,3.950230121612549,-0.9944203495979308,0.437932014465332
1774470454957899500,117.1698994140625,1.2027344520509242,-0.5143066360794007,-1.5445371341764926,0.3327957689762115,0.070371925830841,0.3839146792888641,-0.2567822197049856,-1.5559756430357694,-0.7185720482140779,0.9319652915000916,-1.775560975074768,1.36147940158844,0.4633164535544812,-1.2434043160915371,4.877062431496381,3.991303205490112,-1.0863614082336426,0.3812502026557922
1774470454967926500,117.17992651367187,1.437036398269981,-0.5310111757081002,-1.390928873220086,0.3046956956386566,0.151275023818016,0.4152345061302185,-0.4386538675934076,-1.5915268488883971,-0.776808548605442,0.9035078883171082,-1.674086093902588,1.3626092672348022,1.077233949073404,-1.2792629804581404,5.077139598160982,3.978057622909546,-1.3141645193099976,0.3590154647827148
1774470454977953800,117.18995385742188,1.5554723696887491,-0.5391108590008691,-1.0708090305924416,0.2646054923534393,0.2200944125652313,0.4415724277496338,-0.9055852237094192,-1.8144740190088748,-0.9075953214228152,0.8801456093788147,-1.522162675857544,1.36365807056427,1.509379311555624,-1.065271927796677,5.144725526177883,3.886907339096069,-1.5903434753417969,0.3418394923210144
1774470454987979800,117.19997973632812,1.623162927123904,-0.5991482348017394,-0.7344494163036346,0.2177397161722183,0.2700638473033905,0.4665156006813049,-1.296466044193506,-1.9066425996184349,-0.8499170394361019,0.8249861598014832,-1.3606517314910889,1.373658537864685,1.548132966711372,-0.7341321670480072,5.26813797083497,3.7720212936401367,-1.7779858112335205,0.3415656983852386
1774470454998006500,117.21000659179688,1.5520729365088044,-0.6647591364186257,-0.4321832102745771,0.1667292863130569,0.2900086045265198,0.4897778034210205,-1.6201596536546945,-1.9639941338688127,-0.6489771184623241,0.707841157913208,-1.2340035438537598,1.3833298683166504,1.3142352173790337,-0.3564494855068624,5.151264572557807,3.669566631317138,-1.8554883003234863,0.3447173833847046
1774470455008033500,117.22003344726562,1.450287071117759,-0.8019836141332983,-0.1785124005883932,0.1215426251292228,0.2880397140979767,0.5125704407691956,-2.066788153389096,-2.130525004762411,-0.4457143074989318,0.542786717414856,-1.144340991973877,1.3608042001724243,1.130658153812215,-0.367799585430324,4.617228423005343,3.5492429733276367,-1.8865255117416384,0.3632963895797729
1774470455018060500,117.230060546875,1.363670279416442,-1.0467625307030974,0.0101759415775537,0.0841213166713714,0.2818093001842499,0.511054515838623,-2.4178712895572185,-2.226725617367029,-0.2447749710470438,0.3602771162986755,-1.0742806196212769,1.289250373840332,1.185169496200606,-0.6770937904000282,4.102781355541945,3.2964508533477783,-1.7903966903686523,0.3488852679729461
1774470455028087300,117.24008740234376,1.2837386645674704,-1.313694388500601,0.1176397064745426,0.0596998631954193,0.288153737783432,0.4550362527370453,-2.547605922973156,-2.149004664304852,-0.1158808801084756,0.2068922817707061,-1.0123475790023804,1.1925619840621948,1.2656699239134788,-1.0213099634081124,4.077978922718764,2.9726545810699463,-1.6047152280807495,0.4017862975597381
1774470455038113300,117.25011328125,1.1511408968053758,-1.5456915649086236,0.1269037939041853,0.0494596511125564,0.2883728742599487,0.3800823390483856,-2.6121488300323485,-1.9416011002749205,-0.1470113469094038,0.1022233963012695,-0.9686904549598694,1.0846190452575684,1.061289507097006,-0.4987804195150733,4.423676274195313,2.8272857666015625,-1.540805101394653,0.4705761671066284
1774470455048140300,117.26014038085935,0.9209861333936452,-1.7624042245537042,-0.0611392360955476,0.0627749264240264,0.2689842581748962,0.3205910623073578,-2.423864977014065,-1.4195593398988249,-0.1156505784839391,0.0578035041689872,-0.9778519868850708,0.9869537353515624,1.7910370293200015,0.0210994866520166,4.107509553107619,2.8087024688720703,-1.539122223854065,0.4003997445106506
1774470455058167600,117.27016748046876,0.6258980023004114,-1.8336109734162689,-0.2617033094942569,0.0740653648972511,0.2508584558963775,0.2872258722782135,-2.161751333153248,-0.6872153714418411,0.0598801759451627,0.0679498761892318,-1.0334709882736206,0.8971617817878723,1.6241361560702323,0.0637061639741063,3.361346318134665,2.763927936553955,-1.4483284950256348,0.3228025436401367
1774470455068194300,117.2801943359375,0.4299317780859768,-1.6976723707936705,-0.4153612548112869,0.0694985762238502,0.2483279407024383,0.2838327288627624,-1.937562638539076,0.1458183377325534,0.2812695952296257,0.1358010917901992,-1.1293463706970217,0.8123475313186646,0.9770751003623008,0.2891603484794497,2.816873530241847,2.58675217628479,-1.240891933441162,0.2801096737384796
1774470455078221300,117.29022119140625,0.3940026788316667,-1.4109139688894152,-0.5624725549638271,0.0270178914070129,0.2363639920949936,0.3134899437427521,-1.5871932035982608,1.0757406417757271,0.4588198727875948,0.2474197745323181,-1.2480686902999878,0.7471149563789368,1.2086486445307731,0.4668377595484256,2.5995383547842503,2.3728418350219727,-0.9654439687728882,0.1886509209871292
1774470455088248300,117.30024829101562,0.4308512310184538,-1.048080408368632,-0.7231716509640217,-0.0359608046710491,0.2112650424242019,0.3525688946247101,-1.3699720099091528,1.7318880902588367,0.3656494216591119,0.3711292445659637,-1.3497943878173828,0.7145852446556091,1.5974509782403707,0.5770072762727737,2.8047669128626582,2.282261610031128,-0.7406580448150635,0.0442391410470008
1774470455098274300,117.3102744140625,0.442668363931775,-0.6745612762477249,-0.8029735019534826,-0.1096914559602737,0.1782349944114685,0.3660018146038055,-1.331190005441755,2.006085555145144,-0.1012140568524599,0.4761187732219696,-1.389734387397766,0.6974669694900513,1.441069745439291,1.1408400136739014,3.072996409255266,2.3168652057647705,-0.6264303922653198,-0.0705784782767295
1774470455108301300,117.32030126953126,0.3719219260573387,-0.3352305006610229,-0.7968921362131833,-0.1650969237089157,0.1290791630744934,0.3802174925804138,-1.3124256837390362,1.9953765296041963,-0.7771744593083858,0.5441160202026367,-1.3465512990951538,0.6645174622535706,1.259201604682207,1.8745462103948,3.041646162223816,2.3642513751983643,-0.594813346862793,-0.1583232432603836
1774470455118328300,117.33032836914064,0.3358028571888804,-0.0282722278255969,-0.759945092087984,-0.2055997401475906,0.0888738483190536,0.4045806229114532,-1.2538823093555866,1.8481810582995413,-1.3832944328188896,0.5663086771965027,-1.2271299362182615,0.6181994676589966,1.070147936335206,2.2651339662164447,2.909265982735157,2.391873598098755,-0.6212201714515686,-0.2585003077983856
1774470455128355300,117.34035522460935,0.4263603493399918,0.2303271243039518,-0.6310913331598043,-0.2457668781280517,0.0666013062000274,0.4338775277137756,-1.301038320545107,1.663372772437334,-1.6775024200767277,0.533515214920044,-1.0638798475265503,0.57591313123703,0.7696013937056064,2.406592355173826,2.8050129965782165,2.392845630645752,-0.7451934814453125,-0.3224393427371979
1774470455138382300,117.35038232421876,0.6220506792224944,0.3114897787852212,-0.4748270047366619,-0.2783771753311157,0.0693984478712081,0.4421174228191376,-1.459771084908396,1.3861539139032364,-1.63488259101212,0.4672363400459289,-0.90357106924057,0.5582424998283386,0.245412063374184,2.226048741018772,2.437086862158776,2.3178653717041016,-0.9027890563011168,-0.3019289970397949
1774470455148409300,117.36040942382812,0.868155437568575,0.2506944424902089,-0.3593658113449812,-0.3068700730800628,0.0952880978584289,0.4328621625900268,-1.4421221771016717,1.1600304518342015,-1.3467752587169408,0.4072903096675873,-0.7992143630981445,0.516563355922699,-0.370990782687068,1.9884008453726767,2.061667157113552,2.1905839443206787,-1.029291033744812,-0.2010055929422378
1774470455158435300,117.37043530273438,1.034981345885992,0.0989086659869179,-0.2962678423970937,-0.32655930519104,0.1286185085773468,0.4133026599884033,-1.4257193238332866,0.8588432732135057,-0.997692356455326,0.3591139912605285,-0.7272371053695679,0.4858752191066742,-0.60717152839005,1.95484402820766,1.8339234003663063,2.0512337684631348,-1.0707097053527832,-0.1004297137260437
1774470455168462300,117.38046240234377,1.093538018142432,-0.1335498808551579,-0.2272457440972328,-0.3338217437267303,0.1566730439662933,0.3971782922744751,-1.6402607769191264,0.5605775349974632,-0.703090401443839,0.3030020594596863,-0.6755171418190002,0.4634910225868225,-0.8662006502389907,1.9657997219860552,1.6583441306203603,1.9016541242599487,-1.046134352684021,0.0635658800601959
1774470455178489300,117.3904892578125,1.003296752333641,-0.3826967103108763,-0.2436205403149128,-0.316894918680191,0.1643672436475753,0.3773359060287475,-1.9316719730652867,0.3519002977699041,-0.4376315388083457,0.2389232069253921,-0.6264481544494629,0.4781906008720398,-1.1000987648975102,2.138244200837612,1.4958920534729956,1.7356526851654053,-0.9734261631965636,0.3081061244010925
1774470455188516400,117.40051635742188,0.8381937222860752,-0.6437953319102525,-0.3406289621710777,-0.2736656963825226,0.1513110846281051,0.3440754413604736,-2.151858884692192,0.1955313399285078,-0.2261211239814758,0.1708456873893737,-0.5707297325134277,0.5228887796401978,-0.8304419391155242,2.359971473774314,1.49679806240201,1.5615745782852173,-0.8340924978256226,0.4563682973384857
1774470455198543400,117.41054345703124,0.6515344017297029,-0.8186416112065314,-0.5124556013852357,-0.2245677709579467,0.1171477809548378,0.3283005058765411,-2.083164703172445,0.0411994408726692,-0.1956938370138406,0.1083801835775375,-0.509354293346405,0.5568387508392334,-0.7687035680830479,2.300544302293658,1.4193039038330315,1.4463214874267578,-0.8428220152854919,0.4953472018241882
1774470455208569300,117.4205693359375,0.5952123566575348,-0.8234025419980288,-0.6273328574091196,-0.1818639785051345,0.1225502714514732,0.3474840521812439,-1.6146471738435326,-0.1298053605645895,-0.257773568829894,0.0594058856368064,-0.4582616686820984,0.5772711634635925,-0.9284493088811636,2.477716394189,1.3495020533323288,1.3874907493591309,-0.9966091513633728,0.535255491733551
1774470455218596400,117.43059643554687,0.5884798335321247,-0.6992994847282767,-0.6615443390905856,-0.175537034869194,0.146081656217575,0.3731951713562011,-1.1361620849907397,-0.2019482212334871,-0.2475397595852613,0.0464575923979282,-0.4061720967292785,0.5881237983703613,-0.807921991206333,2.65507845569849,1.3405506851136684,1.3509435653686523,-1.1478049755096436,0.5376591682434082
1774470455228623400,117.44062329101564,0.5897342175073922,-0.5836656747160479,-0.6810469119399786,-0.195033773779869,0.2020330727100372,0.3902535140514374,-0.8116378699243069,-0.2086906812310218,-0.3600286591678857,0.05978225171566,-0.3218962848186493,0.5896846652030945,-0.6296860694717615,2.5840479401856657,1.4828075309723614,1.3371715545654297,-1.2467126846313477,0.4991197288036346
1774470455238650400,117.450650390625,0.6407737921319901,-0.481541882607527,-0.6916571532815694,-0.2232736647129058,0.2845540344715118,0.3895922601222992,-0.683518124359101,-0.2348649869292974,-0.6602414397984743,0.078754611313343,-0.2144355773925781,0.5850422382354736,-0.6954132909446954,2.3675088835418223,1.475614989119768,1.358824372291565,-1.2609925270080566,0.4170443415641784
1774470455248677400,117.46067749023436,0.6150017836242914,-0.4589065281577408,-0.6774211226582527,-0.2445336729288101,0.3764621019363403,0.3818525969982147,-0.5719342107921839,-0.0689291593194007,-0.9393611635178328,0.1001424938440322,-0.140282541513443,0.6021095514297485,-0.8488590548157692,2.006412302881479,1.0280167675703764,1.420367956161499,-1.2363505363464355,0.2921375632286072
1774470455258704400,117.47070434570313,0.4524567674964666,-0.4829859439359977,-0.5805997478067875,-0.2591823637485504,0.4193255007266998,0.3627894520759582,-0.478116693931818,0.297656666406989,-1.0511690950989725,0.1367018371820449,-0.1080164685845375,0.6681599617004395,-0.8439735477965324,1.7156161698937415,0.3328495603412389,1.4932188987731934,-1.1561568975448608,0.2018480747938156
1774470455268730400,117.48073046875,0.2817711150109768,-0.478491007136926,-0.3802104464530945,-0.2770409882068634,0.4326402544975281,0.3583872616291046,-0.413130427019298,0.5438812517404555,-1.1465753424555063,0.1821680516004562,-0.0907549783587455,0.7743785977363586,-0.8550777101349085,1.4966291355758905,-0.2381131750702858,1.5396606922149658,-0.9606297612190248,0.1520304530858993
1774470455278757400,117.49075732421876,0.2046580647140741,-0.4409560801211744,-0.1075946978002786,-0.2979530692100525,0.4334256947040558,0.3439927399158478,-0.3751414726257324,0.5372516044676303,-1.3295242641866207,0.2416651993989944,-0.0595829412341117,0.8915179967880249,-0.9542144492566584,1.1819055990338323,-0.5739385363519192,1.5773839950561523,-0.6830404996871948,0.0933859124779701
1774470455288784400,117.50078442382812,0.2245627886235713,-0.4479127673912793,0.14880875172019,-0.3114667534828186,0.4226399064064026,0.339641660451889,-0.2163932184323668,0.4179080166846513,-1.591968747437,0.3020419776439667,-0.0111506944522261,0.9915242195129396,-1.045865143471956,0.9560399111181496,-0.7469529240459203,1.6565107107162476,-0.469694972038269,0.019597977399826
1774470455298811400,117.51081127929687,0.1451684955216944,-0.5389563625589012,0.3687427114993333,-0.3163824677467346,0.4111495614051819,0.3266928493976593,-0.0870484611168503,0.1732125406146049,-1.8873796807438128,0.3348590433597564,0.0533750355243682,1.0726039409637451,-0.9503517824791372,0.8283709780603646,-0.7418313432484864,1.7499362230300903,-0.2918870449066162,-0.0592899620532989
1774470455308838400,117.52083837890623,0.031714404168725,-0.5132474093500524,0.5648609114050864,-0.3128407299518585,0.4068032801151275,0.303962767124176,-0.0357379605963826,-0.2326952416747808,-2.12420340052545,0.3242340087890625,0.1288224905729293,1.130285143852234,-0.9073580055356024,0.6319838980853557,-0.6398299354106187,1.8248871564865112,-0.1339938193559646,-0.1192811280488967
1774470455318864400,117.53086450195312,-0.0332294849067926,-0.5318357168987393,0.6907558205276727,-0.3189626634120941,0.392634630203247,0.281169056892395,0.1007078608959913,-0.6695628103733062,-2.105911957031488,0.2769700884819031,0.1817632019519806,1.166203498840332,-0.9049871847510336,0.462418774062395,-0.3274830648720264,1.8754140138626096,0.0563037395477294,-0.1383486092090606
1774470455328891400,117.54089135742188,-0.003190904995799,-0.5589848589785397,0.7740905218183994,-0.3264200389385223,0.3790144324302673,0.2542159855365753,0.3987821681931615,-0.992373207259178,-1.861713324567676,0.2068228870630264,0.1959117799997329,1.178352952003479,-0.9211667506575584,0.2735270182788372,0.0332774157017469,1.8892691135406487,0.2192255556583404,-0.1434309780597686
1774470455338918400,117.55091845703124,0.0855056155890226,-0.5247957352593541,0.8432862231194973,-0.3353699743747711,0.386269599199295,0.2298928648233413,0.7016904715180396,-1.3137638004750012,-1.613851493421197,0.1407543867826461,0.1888075321912765,1.1574580669403076,-0.9937585241377354,-0.0420873296231031,0.186196525350213,1.8546217679977417,0.3683289587497711,-0.1055533736944198
1774470455348945400,117.5609453125,0.323254049000144,-0.3973478245411068,0.8492045072525739,-0.3388872146606445,0.4194219410419464,0.2022702842950821,0.8880743361338973,-1.610876861524582,-1.444096399784088,0.0968572422862052,0.1706872731447219,1.1099828481674194,-1.2034655428044496,-0.4887877255499362,0.2710088979780674,1.7924138307571411,0.3581588566303253,-0.0512065105140209
1774470455358972400,117.57097241210936,0.4767839840233325,-0.2481195322345942,0.7802256635725497,-0.349416971206665,0.4340671002864837,0.1748379915952682,0.9430936280444264,-1.7163444841682909,-1.2148773097872734,0.0793259143829345,0.1579989045858383,1.0419859886169434,-0.9330182242318988,-0.8934779487431049,0.4649789799392223,1.7148467302322388,0.3127999305725097,0.0154650621116161
1774470455368999200,117.58099926757812,0.4827789866544306,-0.1695999761406332,0.6576210281670093,-0.341573417186737,0.4533286690711975,0.1516881883144378,0.8975731091022491,-1.6330559601068495,-0.9422276588648556,0.0764052048325538,0.1402085125446319,0.9761598706245422,-0.8605904091417789,-1.2722709296137094,1.1121154389709234,1.6701232194900513,0.1832235753536224,0.0684350654482841
1774470455379025400,117.591025390625,0.50700201215446,-0.1402638454105705,0.5198983186066151,-0.324605643749237,0.4761629998683929,0.1252305060625076,0.8343228722020983,-1.4779840563386677,-0.6672557024747133,0.0621714107692241,0.0931917428970336,0.9149694442749025,-0.5019108264952897,-1.287540394937992,1.7525392486214637,1.664431095123291,-0.046088196337223,0.0899857655167579
1774470455389052400,117.60105249023438,0.5695483385689556,-0.1513843012966215,0.3663496788829565,-0.3079116344451904,0.5071675181388855,0.0829794406890869,0.8125997006937861,-1.2679647568523884,-0.5420253947407007,0.0360657088458538,0.0304990671575069,0.8581305146217346,-0.1257885261386633,-1.3618658603429794,2.1088994484096766,1.6698691844940186,-0.2004977464675903,0.0664836391806602
1774470455399079400,117.61107934570312,0.6307908889085054,-0.1538151817053556,0.2133651027828454,-0.294165700674057,0.5462729334831238,0.0439754016697406,0.816807381516695,-1.0678022499918938,-0.6019722061812878,0.0078710867092013,-0.0300484336912632,0.8119164109230042,-0.2449818917959928,-1.4789157842308285,2.1408967611730096,1.6855181455612185,-0.3232991397380829,0.0250561274588108
1774470455409106200,117.62110620117188,0.6379784623250365,-0.1338531015854328,0.0129921680420637,-0.2811367213726043,0.5782092809677124,0.0076035438105463,0.8631503227576612,-0.8902215772956609,-0.7901438309967518,-0.0167921092361211,-0.0693309605121612,0.7777889370918274,-0.2851036204345524,-1.5396861870139835,1.6863883218437432,1.6530121564865112,-0.3978751003742218,-0.0114813791587948
1774470455419133400,117.63113354492188,0.589526566106081,-0.1390765353221446,-0.1637169825166463,-0.2654309570789337,0.5947548151016235,-0.0115282470360398,0.8502271282985806,-0.7115647998005151,-1.0382546684682368,-0.0253725480288267,-0.0719251483678817,0.748002290725708,-0.3810143101818859,-1.83337628787756,1.257263622356951,1.6138006448745728,-0.3574208617210388,-0.018804894760251
1774470455429160400,117.64116040039065,0.5336392591893673,-0.0846451263021677,-0.2036187847942114,-0.2584686577320099,0.6043739318847656,-0.0158537533134222,0.722816553916037,-0.4602899453401565,-1.2118144150853156,-0.0175696555525064,-0.0312069095671176,0.7320118546485901,-0.2809540995396674,-1.968913470092416,1.0560606665328145,1.5803542137145996,-0.2916983366012573,-0.0558159090578556
1774470455439186400,117.6511865234375,0.4851387015230953,0.0433463167082518,-0.1105079548984765,-0.2536321580410003,0.6064499020576477,-0.008828604593873,0.5524585259497166,-0.1410340260654687,-1.2838099762380122,-0.0001192931085824,0.0381380766630172,0.7259451746940613,-0.2453061553142964,-2.0936644698768854,0.9345169383570552,1.5678194761276243,-0.1598208248615265,-0.0877949297428131
1774470455449213200,117.66121313476565,0.4286269790977239,0.239466270179674,0.0046072015345096,-0.240471065044403,0.6031425595283508,0.0019161850214004,0.3748740538612007,0.1801958236306905,-1.244173546898365,0.0049455226399004,0.1150692924857139,0.7359859943389893,-0.3387432945549488,-2.0170763202369213,0.7992232095092534,1.5422297716140747,-0.0491880699992179,-0.126510351896286
1774470455459240400,117.67124047851564,0.4248883770912885,0.4624092755816876,0.1317068102717399,-0.2261336296796798,0.5963313579559326,0.0199924819171428,0.2656684137329459,0.4472036692738533,-1.122873564350605,-0.0070970249362289,0.1791473478078842,0.7466759085655212,-0.3328590588219464,-1.9507833546400069,0.5723121041938662,1.4953590631484983,0.0557055547833442,-0.1767093986272812
1774470455469267500,117.68126733398438,0.4847077627599239,0.6825052940547466,0.2736158656060695,-0.2183548063039779,0.5947763323783875,0.0543390065431594,0.2337055877611041,0.6150479608535766,-0.9278723857760428,-0.0366284139454364,0.2405803352594375,0.7489807605743408,-0.3225660667359828,-1.8296335942178965,0.5072343596056104,1.4355156421661377,0.1622237414121627,-0.2124186605215072
1774470455479294200,117.69129418945312,0.5397150719717144,0.8493881932564079,0.3863929344803095,-0.2101397961378097,0.596797525882721,0.0872730538249015,0.2446560208424925,0.7811088761478662,-0.6323141529530286,-0.065906673669815,0.2987437844276428,0.7298986911773682,-0.3172137459225952,-1.670323322227597,0.5929597554251551,1.3812791109085083,0.2694304883480072,-0.2313603460788726
1774470455489320200,117.7013203125,0.4806748539820313,0.9464442536465824,0.4476221869468689,-0.1932327151298523,0.5895931720733643,0.1228840425610542,0.3250061533644795,0.9801847568154336,-0.1976747816979885,-0.0866532623767852,0.3421941995620727,0.6851804852485657,-0.3048090223796665,-1.49877491543293,0.7272334935754537,1.327287197113037,0.3391816020011902,-0.2255903333425521
1774470455499347500,117.71134741210938,0.3857251182213425,0.9254156402736902,0.4798322656780481,-0.1838373243808746,0.5610409379005432,0.1551044881343841,0.4733171846956014,1.1394073505222797,0.2336211243480443,-0.1051616966724395,0.3605953156948089,0.6188986897468567,-0.2302047400332987,-1.3351830206006765,0.7875608287662267,1.2762835025787354,0.3447203934192657,-0.2113786935806274
1774470455509374500,117.72137451171876,0.2970575314700603,0.8192009986549615,0.4990507608890533,-0.1672261208295822,0.5256749391555786,0.1841014921665191,0.6746598412513732,1.3228344111591577,0.5547463446259498,-0.1297483742237091,0.3441237807273865,0.5288964509963989,-0.141004653840512,-1.1262971090584992,0.8102624899178743,1.2232738733291626,0.3084798455238342,-0.1837574541568756
1774470455519401200,117.73140112304688,0.2161351520180702,0.6743458068661391,0.4107791877180338,-0.1450439840555191,0.4966136515140533,0.2040811032056808,0.840017284451425,1.3762760784894228,0.7255132456541061,-0.1660898774862289,0.312480092048645,0.4198461771011352,-0.0696031130582094,-0.8312152615755796,0.909052534493804,1.1787084341049194,0.2592686712741852,-0.1519138514995575
1774470455529428200,117.74142822265624,0.1221370178937912,0.4638621047385036,0.2184820074051618,-0.1070574447512626,0.4748580157756805,0.2114508748054504,0.992479882504046,1.370952837640047,0.8391735271036624,-0.2007315456867218,0.2788346409797668,0.2852420806884765,0.0432091732598841,-0.4721382040441036,0.9750994163751602,1.137919783592224,0.2232345193624496,-0.1171984821557998
1774470455539455500,117.75145556640624,-0.0079439447417855,0.2329785886608064,0.0010731821894645,-0.0666400492191314,0.4534521996974945,0.2110219150781631,1.065177746707201,1.3565817824602129,0.857365601876378,-0.2309903800487518,0.2620263695716858,0.1374891102313995,0.110316816240549,-0.1331394734233617,0.9422586385250092,1.0938342809677124,0.2023012191057205,-0.0819659382104873
1774470455549481500,117.7614814453125,-0.0422378440096974,0.0128558283112943,-0.2156675345063209,-0.0251040607690811,0.4260229766368866,0.2065166532993316,0.9882996742099524,1.3611007211893795,0.8580857328444719,-0.2533834874629974,0.2580026090145111,-0.0218646749854087,0.1341268770255148,0.1257663143068552,0.8200771969676017,1.034142255783081,0.1975655853748321,-0.0398448444902896
1774470455559508200,117.77150830078124,0.1063762619212269,-0.1425228033185005,-0.3553969077140093,0.0113113727420568,0.4117778539657593,0.219889685511589,0.8718260889053344,1.4083242446571589,0.8666361190468073,-0.2651160359382629,0.2559639811515808,-0.1807925403118133,0.1043289740025997,0.367782926556468,0.6278671104162931,0.9465773105621338,0.1954769194126129,0.0069599896669387
1774470455569535200,117.78153515625,0.2500184246584773,-0.1400613816410303,-0.4165355592876672,0.0403001457452774,0.3931783437728882,0.2655016481876373,0.7499442148163914,1.542799935120344,0.9486141450315714,-0.2688413262367248,0.2418982535600662,-0.337068647146225,0.132109545853734,0.654376347157359,0.3929448403418064,0.8534383177757263,0.1919543594121933,0.0457702353596687
1774470455579562500,117.7915625,0.2989484597831964,0.0018928280092775,-0.4007160588651895,0.0556689277291297,0.3511580526828766,0.3166154325008392,0.5510723322883248,1.7492384535104035,1.1546943515032528,-0.2538309395313263,0.2236609160900116,-0.4847723543643951,0.2694716054081916,0.9686322661876676,0.2171250398382544,0.7650683522224426,0.1705975085496902,0.0623250231146812
1774470455589589200,117.80158935546876,0.2863289244458079,0.2291296581476926,-0.3565203587859868,0.0647026374936103,0.3049711287021637,0.3732558190822601,0.3295437967941165,2.0137240871995687,1.5072013829946518,-0.2252769768238067,0.1738786548376083,-0.6080155968666077,0.3954718746013939,1.2223778946757315,0.0764566322147846,0.6667476296424866,0.1469499766826629,0.076736181974411
1774470455599616300,117.8116162109375,0.3318304464265704,0.4558564929373562,-0.2809083607017993,0.0651807188987732,0.2538218200206756,0.42758509516716,0.0449362893134355,2.27204301495254,1.936465490952134,-0.195180594921112,0.1054868176579475,-0.6876145005226135,0.3478391858108342,1.394020994016528,-0.0779658677339553,0.5507327914237976,0.1424311995506286,0.1049229502677917
1774470455609642200,117.82164233398436,0.3797998198255896,0.6527928773581981,-0.1727747337192297,0.0609154067933559,0.2262035012245178,0.4851397275924682,-0.2783683208301663,2.438952071508765,2.346666586521268,-0.1770789474248886,0.0418756119906902,-0.7243465781211853,0.2207769864745438,1.5329238532721996,-0.1447390180632471,0.4306745827198028,0.1720801591873169,0.142032504081726
1774470455619669500,117.83166943359376,0.4010562506049871,0.740836194731295,-0.0644599049508571,0.0605709142982959,0.2110589891672134,0.5340451598167419,-0.5656561534360051,2.503729956367612,2.6989877400517464,-0.1738171130418777,-0.0178729388862848,-0.7350972294807434,0.1074051665775477,1.6987860311239955,-0.1259071840822696,0.3231877088546753,0.2157895267009735,0.1896580308675766
1774470455629696300,117.8416962890625,0.298378550940752,0.6516648962415754,0.0313560922503471,0.0801006779074668,0.1984657049179077,0.5653394460678101,-0.8881985470354556,2.464693246486783,2.940768789979815,-0.1871178746223449,-0.0684711337089538,-0.7367708683013916,0.1018378878392279,1.890885643038153,-0.1011705099716782,0.2244385033845901,0.2497200667858123,0.2396293133497238
1774470455639723300,117.85172314453123,0.2434562896639108,0.4059659422174096,0.1140671086847782,0.1155602484941482,0.1792582869529724,0.5917162895202637,-1.1619035522297023,2.383872573843598,2.977598929727077,-0.2181924283504486,-0.111455351114273,-0.7457329630851746,0.1019441246926784,2.072815743115544,-0.0543430000841617,0.1289166063070297,0.2727977335453033,0.2979973256587982
1774470455649750300,117.86175024414062,0.239876969872415,0.0883404006235301,0.1606494116395712,0.1685489118099212,0.1512327790260315,0.6093272566795349,-1.3320011756941674,2.253743972674012,2.6713983068585394,-0.2775262594223022,-0.1509772986173629,-0.7581585645675659,0.0928347894333302,2.230505720427632,0.0016436755537986,0.0232759322971105,0.2785480320453644,0.3600598871707916
1774470455659776500,117.87177661132812,0.253879484000802,-0.1409194597750902,0.1919359457850456,0.227975994348526,0.117641195654869,0.6311984062194824,-1.38389064514637,2.0122733038693665,1.9295938516169784,-0.3679770529270172,-0.1768557578325271,-0.7672223448753357,0.1225163726001977,2.335413371101021,0.0140504449233412,-0.0984552800655365,0.2538159787654876,0.4251680672168731
1774470455669803300,117.88180322265625,0.3033212680399417,-0.3015799773305654,0.2386947743505239,0.2840791940689087,0.0883168652653694,0.6601251363754272,-1.411699566309154,1.5774807878792283,0.7792723083704709,-0.4829961657524109,-0.1718136966228485,-0.7608903050422668,0.1856599342554807,2.456245736137032,0.0498854361534118,-0.2215034365653991,0.1532576978206634,0.4686236679553985
1774470455679830300,117.89183032226562,0.3714946405559778,-0.4017980088829994,0.3273585617095231,0.3308095633983612,0.0601815357804298,0.6931713819503784,-1.4530083127751945,0.773054164507985,-0.7582049704223871,-0.6087378859519958,-0.1189390420913696,-0.746756374835968,0.458826887050271,2.546416420927644,0.06600245821774,-0.3347578644752502,-0.0358799025416374,0.4536101222038269
1774470455689857300,117.90185717773436,0.4016764283299446,-0.4999252056360244,0.4308113373994827,0.3697646856307983,0.0242381803691387,0.7079489827156067,-1.455941151356697,-0.2698930456906557,-2.4171213479727505,-0.7115470767021179,-0.0018894902896136,-0.7299864292144775,0.6491905420172959,2.553093998995424,0.2048193927556276,-0.4394052028656006,-0.2307750880718231,0.4194633364677429
1774470455699884300,117.91188427734374,0.4089999030858278,-0.5973889700442552,0.5377963788688183,0.3995767533779144,-0.0123112145811319,0.706438422203064,-1.3952283239796757,-1.323925129005313,-3.743395670452714,-0.7573323845863342,0.178543135523796,-0.7194898724555969,0.6865875949323177,2.611849554824829,0.2396843699097633,-0.5425697565078735,-0.3953688740730285,0.3863935470581054
1774470455709911300,117.92191137695312,0.4355231683522462,-0.7211985973253846,0.6172697285562754,0.4290837943553924,-0.0410078391432762,0.7045438885688782,-1.3791630321025847,-2.0942811404705046,-4.268827657788992,-0.7038758993148804,0.3933471441268921,-0.7055339813232422,0.716459732235223,2.794495109695196,0.070428165705502,-0.6391554474830627,-0.5346032381057739,0.341515302658081
1774470455719937300,117.93193725585938,0.3261351573944092,-0.8772085125960409,0.6891115604519844,0.4544827938079834,-0.0716395378112793,0.687912106513977,-1.4534358905375002,-2.465820789211988,-3.94687533903718,-0.5414760708808899,0.568557858467102,-0.6854652166366577,0.7721155684836208,3.021726825267076,-0.207472537612915,-0.7198301553726196,-0.6293604373931885,0.2865244746208191
1774470455729964300,117.94196435546876,0.15368571010679,-1.0909868723548948,0.7465221314132213,0.4855885207653045,-0.1145726218819618,0.6483702659606934,-1.5465201246872544,-2.50694131962955,-3.1175837390005587,-0.2932496666908264,0.6289563775062561,-0.6261798739433289,0.633756022324413,3.114880909782648,-0.4193108692198991,-0.7855939865112305,-0.6400431394577026,0.2302263230085373
1774470455739991600,117.95199145507812,0.0438449869453907,-1.257427142355591,0.8359113104373216,0.519671618938446,-0.1673410385847091,0.5892547369003296,-1.5306649684295055,-2.4444921699792146,-2.4058862527310847,-0.0377582348883152,0.6041873693466187,-0.4974102079868316,0.4669476496636867,2.9593583396375176,-0.5560960056692361,-0.8349270820617676,-0.5802260637283325,0.1805362701416015
1774470455750018300,117.96201831054688,-0.0092523969918489,-1.4346302139110862,0.9489028988450764,0.5490891933441162,-0.2233984470367431,0.5189699530601501,-1.456823194888234,-2.4585452452510594,-2.1985615991562604,0.1493964046239853,0.5923584699630737,-0.3074186146259308,0.4251351914592087,2.4797201352268456,-0.6441738098338246,-0.8493041396141052,-0.4911779463291168,0.1341376155614853
1774470455760045300,117.97204541015626,0.1150637185066938,-1.5659189449012278,1.1204203259795904,0.56734299659729,-0.2702168226242065,0.438069611787796,-1.3711363775134089,-2.5999580415010453,-2.462135963219404,0.2394722402095794,0.66422438621521,-0.1078048646450042,0.2636778975028545,1.924496820738912,-0.4607429498046636,-0.7939057946205139,-0.3285907208919525,0.139210969209671
1774470455770072600,117.98207250976564,0.2731806890591979,-1.6320374307140706,1.3539689696133137,0.5730056762695312,-0.3025001883506775,0.3469820618629455,-1.2630451283678412,-2.628615396186709,-2.829557655248046,0.2622925341129303,0.8242080807685852,0.0830179080367088,-0.1915145055025816,1.2900281201004982,-0.058880058991909,-0.6588206887245178,-0.0817929059267044,0.2045755982398986
1774470455780098600,117.9920986328125,0.3327741570174694,-1.6537433588266373,1.679019838902354,0.5657910704612732,-0.3521017432212829,0.2474187314510345,-1.1026616741880777,-2.3088433440834284,-3.002656214094162,0.2450970262289047,1.0432897806167605,0.2634667754173279,-0.8891576743911951,0.4907844523251056,0.3158046097770333,-0.4606546759605407,0.1896856129169464,0.3116860389709472
1774470455790125300,118.00212524414064,0.2903524808734655,-1.5801462076961994,1.9906635296076536,0.5447211861610413,-0.4031779766082763,0.1357398778200149,-0.9729730718709528,-1.780456598594785,-2.921517561542988,0.2104765772819519,1.2703741788864136,0.4577674269676208,-1.3799053749024868,-1.8765917447477576,1.0011281761229038,-0.3687378168106079,0.177159696817398,0.3483146131038666
1774470455800152300,118.01215234375,0.3460577092215419,-1.397197285965085,2.316861230844259,0.5006856918334961,-0.4477991461753845,0.0438525266945362,-0.9399076914846896,-1.1661012961804866,-2.454849313342572,0.17236328125,1.458327054977417,0.668083667755127,-1.9672189411342145,-4.2869162721872325,2.177629870286584,-0.0582688003778457,0.0813924819231033,0.5646063089370728
1774470455810179300,118.02217944335938,0.5426759676039219,-1.100871795096621,2.711373174372316,0.4492579102516174,-0.4652343094348907,-0.0121159330010414,-0.9126657565549016,-0.5610352156370878,-1.6137088700801132,0.1397773325443267,1.5479506254196167,0.8757228851318359,-2.4240035087019205,-2.414396306923032,2.4405787959277627,0.2679199576377868,-0.0621798634529113,0.7689333558082581
1774470455820206300,118.03220629882811,0.8018535580128431,-0.7766313654076308,3.135941817989945,0.3887604176998138,-0.4614788591861725,-0.0520167276263237,-0.8315709431454539,-0.1124251866966486,-0.6646107409238815,0.1183095946907997,1.533458232879639,1.0617958307266235,-1.908128454262018,-1.378938575696945,1.9299369659662249,0.4822971522808075,-0.1932018995285034,0.8557810187339783
1774470455830232300,118.042232421875,0.8681251885607838,-0.4244331076044589,3.640243923535943,0.323368102312088,-0.4657521843910217,-0.0681682676076889,-0.6729040836252271,0.1636059233576059,0.2366279049485921,0.1053725406527519,1.4587279558181765,1.2056533098220823,-1.3909165982604026,-1.5400404072791336,1.6159554799631235,0.6601281762123108,-0.2734355032444,0.8598425984382629
1774470455840259300,118.05225927734377,0.7325485511183738,-0.1171140021000057,4.125516334441304,0.2668664455413818,-0.5095615983009338,-0.0735721513628959,-0.4098690871357917,0.2567360424757003,0.9825608382970096,0.0913731008768081,1.3443435430526731,1.2865513563156128,-1.2536989156126974,-2.2239006230741736,1.2594558717042208,0.8105044364929199,-0.2371487617492675,0.8549187779426575
1774470455850286300,118.06228637695312,0.7230556233689188,0.0905249781209975,4.566023136425018,0.223010316491127,-0.5767155885696411,-0.0734392553567886,-0.074430387084186,0.2400257306933403,1.5976643287301062,0.0744862258434295,1.1890339851379397,1.289418339729309,-1.3343588447362185,-2.726096111729741,0.5881029630437493,0.9182788133621216,-0.0779572501778602,0.8586224317550659
1774470455860313300,118.07231323242188,0.9419315985277296,0.2337345215946435,4.780640285095572,0.1902917325496673,-0.5996149182319641,-0.1012965738773346,0.2095712634578347,0.1157505317270755,2.0680483825832603,0.053019281476736,1.0203895568847656,1.226685643196106,-1.3116215277493,-2.85368262720108,-0.0520747628912329,0.9858860373497008,0.2116887271404266,0.8656682968139648
1774470455870340400,118.08234033203124,1.1540332572460177,0.3501909365687519,4.750986905109882,0.1886900961399078,-0.5585353970527649,-0.1701480746269226,0.4153763062499463,-0.0809516055464744,2.2989812907606364,0.0198024604469537,0.8540643453598022,1.104135274887085,-1.130218666416407,-2.6585557764202354,-0.4419871036693453,1.0093506574630735,0.5818116664886475,0.8527759313583374
1774470455880367400,118.09236743164062,1.0583169210270047,0.5789112832631915,4.316006757593154,0.2360482066869735,-0.4481017887592315,-0.2553451657295227,0.5698946677885949,-0.2815770537436008,2.362852582168579,-0.0255732778459787,0.6888543963432312,0.9426904320716858,-0.7049988654136657,-2.328897705596685,-0.604338350790739,0.9987630844116212,0.936504364013672,0.8025951385498047
1774470455890393300,118.10239331054689,0.78908409281075,0.7952304135460406,3.393865024423599,0.3170786201953888,-0.3266027867794037,-0.2788635492324829,0.6408660004600882,-0.4038444200187921,2.385922492110729,-0.0720476433634758,0.5278595089912415,0.7643918991088867,-0.1742307777464389,-1.9903502258747807,-0.5886614737093449,0.9492927193641664,1.1728204488754272,0.7281954884529114
1774470455900420400,118.11242041015625,0.4146732725471257,0.8598622409977018,2.088258811441064,0.4033273160457611,-0.2434229254722595,-0.23292176425457,0.5938789160966873,-0.3999135103106498,2.27974525989294,-0.112959124147892,0.39010751247406,0.6040030717849731,0.2512310153186321,-1.704096997013688,-0.4472980695590376,0.8683169484138489,1.250335454940796,0.6523391604423523
1774470455910447400,118.122447265625,0.063642304957658,0.4968294315777719,0.5239496398240328,0.4896019995212555,-0.1723679304122924,-0.1874826550483703,0.4770899812325835,-0.272152807316184,2.016905639845133,-0.1446243375539779,0.2804711759090423,0.4760516583919525,0.5181576124191284,-1.3898726421654224,-0.1156269053474068,0.7738834023475647,1.2164437770843506,0.5862767696380615
1774470455920474400,118.13247436523436,-0.6274900937974452,0.0749479081522673,-1.3600316306531428,0.5562251210212708,-0.1148930042982101,-0.1557301729917526,0.2922232431814074,-0.0756038147777318,1.5932640479445457,-0.1799732744693756,0.2137533724308014,0.3933131098747253,0.6633446665108204,-0.9314011444240808,0.2785781641885638,0.6868865489959717,1.1255911588668823,0.5153409838676453
1774470455930501400,118.14250146484376,-1.8490479042619463,-0.0987326883655041,-3.660574179381132,0.5693880915641785,-0.1003220453858375,-0.1046877652406692,0.066187167134881,0.123472650411725,1.09815296459198,-0.2167379856109619,0.1711855083703994,0.3592076599597931,0.808239459657669,-0.3974731314212084,0.5681073459804058,0.6256878972053528,0.9770634770393372,0.4358757436275482
1774470455940528400,118.1525283203125,-3.2215245904684067,-0.0998982615461572,-6.21196137445867,0.4810009300708771,-0.2720741927623749,-0.0331760644912719,-0.2170616192132234,0.2970399958133697,0.5935954229801893,-0.2493148297071457,0.171500027179718,0.3795489072799682,1.0317980396747588,0.2104921776950359,0.6745163411274552,0.609255850315094,0.7660523056983948,0.3502048850059509
1774470455950554400,118.16255444335935,-3.923483942055702,0.0117253629766404,-8.411747546973825,0.2904152572154999,-0.558577835559845,0.0454215407371521,-0.4845628013312816,0.4545943640470504,0.1256383040130138,-0.278922289609909,0.2173312753438949,0.436729371547699,1.1173054088294505,0.7807400428354739,0.6469435668081045,0.5788015723228455,0.5709696412086487,0.2807586789131164
1774470455960581400,118.17258129882812,-3.1600550995051857,0.1546937911707908,-9.263712751111388,0.1190701648592948,-0.685093343257904,0.0980135202407836,-0.520474657189846,0.5064823721945285,-0.3363829951643943,-0.3114061951637268,0.2902872562408447,0.5189201235771179,1.0355448249876498,1.1743880630105734,0.469871428155899,0.5840562582015991,0.4158766865730285,0.2366161793470382
1774470455970608000,118.18260815429689,-1.4141618647694587,0.323183687177673,-8.453340371078252,0.0386570841073989,-0.5025438070297241,0.0884716808795929,-0.4076321218639612,0.4070142822265625,-0.7598118210971355,-0.352367639541626,0.3862975537776947,0.6035664677619934,0.977414123058319,1.34315882178545,0.3064601505875587,0.5660436749458313,0.317778080701828,0.2020757794380188
1774470455980635400,118.19263549804688,-0.0010240823507308,0.1789835617640987,-6.390207817587256,0.0586021654307842,-0.1387676149606704,0.0178651735186576,-0.2098340060472488,0.2087865428209304,-1.0809440556377172,-0.3856433033943176,0.4807247221469879,0.673827052116394,0.8276198674321175,1.2972025417745112,0.2050019097156822,0.5642446875572205,0.2954864799976349,0.1823153495788574
1774470455990662400,118.20266235351562,0.4607976026013493,-0.3222071337630972,-4.675635019266605,0.1826609969139099,0.1657403409481048,-0.0523746348917484,0.0281926597833633,-0.0870534295529127,-1.254940440106392,-0.4030279517173767,0.5717223882675171,0.7286863923072815,0.7308078449308871,1.3257073362469671,0.0486256453506648,0.5361685752868652,0.3283706605434418,0.1665699332952499
1774470456000688400,118.2126884765625,0.3005198007531464,-0.8179065018650143,-3.335620925247669,0.3588549196720123,0.2650602757930755,-0.0634041428565979,0.2359317393779754,-0.2893868507117033,-1.2281804434746504,-0.3919588029384613,0.6479977369308472,0.7677872180938721,0.7348024675250053,1.248895314723253,-0.0794932234317064,0.5023804903030396,0.3737967312335968,0.1585824489593505
1774470456010715400,118.22271533203126,0.3374970938861369,-0.8815866546150296,-1.8822633606433867,0.5166735649108887,0.2249485552310943,0.0050638625398278,0.4693994267299771,-0.4376017281919717,-1.0758522854566577,-0.3541281521320343,0.7031506299972534,0.7868866324424744,0.8792132765471935,1.0919640468239784,-0.1188911678403615,0.4603853523731231,0.4188877642154693,0.1479324698448181
1774470456020742700,118.23274267578124,0.6551192744791507,-0.4311613564135506,-0.4780880523592233,0.5819254517555237,0.1113731563091278,0.1263687759637832,0.7204968787968158,-0.5156131886333227,-0.8075076382517814,-0.2968528866767883,0.7296339273452759,0.7802822589874268,0.8745546370863914,0.8801613710522651,-0.0776731683976948,0.4143728613853454,0.466060072183609,0.1396734714508056
1774470456030769700,118.24276977539064,0.8484381990551948,0.3471980383630841,0.7262778002858161,0.538785994052887,-0.0036732773296535,0.3078272342681885,0.9633628013521432,-0.5489280137360095,-0.4529658860623836,-0.2280172407627105,0.7157778739929199,0.7484528422355652,0.7434627438426017,0.6707458826780319,0.0781609519146382,0.3862418830394745,0.5390043258666992,0.1438956558704376
1774470456040796400,118.25279638671876,0.9102318074062468,1.2733102095335722,1.6336691235691307,0.4158118665218353,-0.066371738910675,0.5192963480949402,1.2157064540877938,-0.5337544100016355,-0.0590975011348724,-0.1556935161352157,0.6575113534927368,0.6956189274787903,0.5583691747656092,0.4461439310878515,0.2573148652769625,0.3697405457496643,0.6350347995758057,0.1611080169677734
1774470456050823700,118.26282373046875,0.9956161347031592,2.2109449876502154,2.144654067879915,0.2443895041942596,-0.0686173141002655,0.7192981243133545,1.3861749566912651,-0.5505372024983167,0.329772052592039,-0.0968348532915115,0.5657032132148743,0.6246122717857361,0.4004442561864852,0.1624853948950767,0.3243387754969298,0.3306117653846741,0.7227119207382202,0.1793834269046783
1774470456060849700,118.272849609375,0.6500979391857982,2.82845057078898,2.2061539539813992,0.0730568841099739,-0.0214903689920902,0.8192762732505798,1.4941341038897633,-0.5733487537652254,0.6450578991919755,-0.0641320347785949,0.4653651416301727,0.5385892391204834,0.2329682864625006,-0.1343611241728067,0.334868352817744,0.3028388321399688,0.773896336555481,0.2018993943929672
1774470456070876700,118.28287670898438,-0.0525688300184905,2.7559564124643803,1.8397399776905767,-0.0693053230643272,0.0712014883756637,0.8135654330253601,1.6185507571533322,-0.5912438914179802,0.8629057003468275,-0.0605122670531272,0.3642638325691223,0.439876526594162,0.1352502550322562,-0.3883668649017811,0.3484330600507557,0.3116908967494964,0.8089028000831604,0.2375133037567138
1774470456080903400,118.2929033203125,-0.5646059137307107,2.018019154044985,1.4015198253393173,-0.1401426196098327,0.1600579619407653,0.7022402882575989,1.618897963155806,-0.6045885261595249,0.9854138896405696,-0.0878482833504676,0.2580319344997406,0.3325162529945373,0.0187163178425282,-0.6069803897321224,0.2818963488258421,0.3539029657840729,0.8608013987541199,0.2865961194038391
1774470456090930700,118.3029306640625,-0.7685270424723625,0.9105167618274688,1.08090138553977,-0.1328799128532409,0.2031383216381073,0.5428037643432617,1.5481702299818396,-0.5609083743870258,1.0965776780992746,-0.1293438673019409,0.1410220712423324,0.2210840582847595,-0.1380371823370456,-0.8354705809324979,0.0521992660537362,0.3291507363319397,0.9156944751739502,0.3252223432064056
1774470456100957700,118.31295776367188,-0.7226964346677065,-0.3289757876478135,0.8890005110681056,-0.0426879972219467,0.2078134268522262,0.4108840525150299,1.3600140949964523,-0.4308142600089311,1.258593117395043,-0.1697533428668975,0.0163664277642965,0.1075140908360481,-0.1568389865059405,-1.1480395697891712,-0.1983342685200274,0.2695615887641907,0.9267476201057434,0.3338820934295654
1774470456110984400,118.322984375,-0.5457572747454047,-1.3956177616886791,0.6285089154511689,0.0929361432790756,0.1787852346897125,0.3311242461204529,1.1002601660043,-0.2033995890855789,1.3906833740264175,-0.1954860389232635,-0.104506030678749,0.0043396698310971,-0.0889596285004168,-1.3088468023389577,-0.1127824757017195,0.2546676099300384,0.9103031158447266,0.3268422782421112
1774470456121010400,118.33301049804687,-0.340824192482233,-2.14166979137212,0.4721048862963914,0.2362999618053436,0.1232964098453521,0.297119528055191,0.8094073343932628,0.0137099609225988,1.320244979187846,-0.2086132764816284,-0.1958599090576172,-0.0844093710184097,-0.0011210399191826,-1.256032911518216,-0.1358760587804019,0.1951315551996231,0.8639519214630127,0.3114385306835174
1774470456131037700,118.34303759765623,-0.0509264696389436,-2.414730215052515,0.4648112221568822,0.342885285615921,0.0418111346662044,0.3093261420726776,0.502949229632318,0.192906836643815,1.0555442414432763,-0.2157564610242843,-0.2469022125005722,-0.1548797786235809,0.112436438743025,-1.1756202351540326,-0.200253107753396,0.1224541515111923,0.7913181781768799,0.2612230479717254
1774470456141064700,118.35306469726562,0.2842164623364806,-1.957270378571749,0.650001200813055,0.3765669167041778,-0.0336963050067424,0.3466118276119232,0.2260290617838501,0.3472691308379173,0.7003308736026287,-0.2215898483991623,-0.2658857703208923,-0.2001961320638656,0.2452712301313876,-1.0319593677163124,-0.1369322898350655,0.0737233906984329,0.7101881504058838,0.1954951882362365
1774470456151091500,118.36309155273436,0.5578863962173461,-1.1422557256907224,0.8908756572902202,0.3523164391517639,-0.0834699869155883,0.3843565285205841,-0.0129462830737233,0.5028425543874502,0.3308253610372543,-0.2202099859714508,-0.2591785192489624,-0.2130065262317657,0.3105903822600841,-0.662882894217968,-0.1059594978138804,0.0240698214620351,0.6128333806991577,0.1200100257992744
1774470456161118500,118.37311840820313,0.6644312927037477,-0.3860894945543259,1.036156234884262,0.281483381986618,-0.0975232049822807,0.4029963612556457,-0.2744321504250168,0.5997293956905603,0.0139864397764205,-0.2128548771142959,-0.2199033051729202,-0.1880596429109573,0.4820516952931881,-0.2472574355125427,-0.2202213984183967,-0.0320578664541244,0.4873480498790741,0.0256005655974149
1774470456171145700,118.38314575195312,0.5679917567767202,0.1566520856317132,0.9608440965294838,0.1960747241973877,-0.0930341780185699,0.4016954004764557,-0.5163619611740112,0.693914576819539,-0.202972303584218,-0.1961334198713302,-0.1631586849689483,-0.1321279257535934,0.6186277190364897,-0.0240606745451688,-0.2626522807821631,-0.0617363974452018,0.3567189276218414,-0.0594434924423694
1774470456181171700,118.39317163085936,0.3287760272920131,0.4284701811008155,0.6685393125444651,0.1220419555902481,-0.0776962637901306,0.3830176293849945,-0.6913435572877525,0.7476818228423595,-0.3169067258000373,-0.1716083735227584,-0.0982342883944511,-0.0494474284350872,0.6658337068475783,0.0938105025976896,-0.2136510801173746,-0.0709549561142921,0.2024266123771667,-0.130549356341362
1774470456191198500,118.40319848632812,0.023555793762952,0.5130183498345315,0.1891904464691877,0.059535164386034,-0.0711829736828804,0.3587221503257751,-0.7597425552532077,0.7829559653192758,-0.345509135428071,-0.1386516839265823,-0.0315464399755001,0.0421266220510005,0.6918155587136745,0.383885335573554,-0.2832470327824354,-0.0803777500987052,0.0619086362421512,-0.1903149485588073
1774470456201225500,118.4132255859375,-0.2542603000119328,0.4831114334791898,-0.3481757242888212,0.0312341377139091,-0.0827260687947273,0.3231564164161682,-0.6930488999009132,0.724491501390934,-0.3447930961132049,-0.100938931107521,0.0364456586539745,0.1377937644720077,0.5435702860951424,0.5833002389371394,-0.2711927301123738,-0.0776703581213951,-0.0036488492041826,-0.2219711393117904
1774470456211252700,118.42325268554688,-0.4416851981133222,0.4079694640595465,-0.9004588936716318,0.0284679122269153,-0.1176193356513977,0.2858053147792816,-0.5264417489007115,0.5926467439532279,-0.3587608311891556,-0.0642173737287521,0.0966163203120231,0.2155902534723281,0.2757750894665718,0.6959750164806843,-0.1611909711703658,-0.0547874122858047,-0.0130058657377958,-0.2295174747705459
1774470456221279700,118.43327978515624,-0.445630136346817,0.3920899405455216,-1.4050497530311346,0.0519735068082809,-0.1571217775344848,0.260602056980133,-0.2260425057873129,0.4463017519980669,-0.3195253838658333,-0.0274300631135702,0.1373616307973861,0.2660872340202331,0.0923298355858772,0.8191232572436332,-0.2564291684836149,-0.02719003893435,0.0507318936288356,-0.2176409363746643
1774470456231305500,118.44330541992188,-0.2815875751376152,0.5013556037653237,-1.6462679083794354,0.099824920296669,-0.194761037826538,0.2562065124511719,0.063048284587264,0.3240010679751634,-0.2515554249674082,0.0076606180518865,0.1624450832605362,0.2822544574737549,-0.0538907262720167,0.6920803471297026,-0.4567391209907829,-0.0325206220149993,0.1225751936435699,-0.1942067146301269
1774470456241332500,118.45333251953124,0.0232610486000776,0.733150608664751,-1.5798685597985982,0.1393744796514511,-0.2266450822353363,0.2680256962776184,0.3062871321082115,0.2298193939775228,-0.1630734239161014,0.0328631773591041,0.1643905192613601,0.2694664895534515,0.008763079104945,0.6831003373384475,-0.6419103949464857,-0.0385831445455551,0.1500504314899444,-0.1864752024412155
1774470456251359700,118.46335986328126,0.36563904639557,0.9582930238071828,-1.1941495790570973,0.1748323440551757,-0.2294009178876876,0.3068711161613464,0.5129916079580783,0.1028080480456352,-0.0904436565130949,0.0481802485883235,0.144555389881134,0.2285159528255462,0.0976011270523071,0.7860510087251663,-0.7330851422131062,-0.0073711620643734,0.2183714210987091,-0.1505259871482849
1774470456261386800,118.47338671875,0.5891686925791204,1.0312530460778624,-0.7244464932054281,0.1947148144245147,-0.2157409489154815,0.3537906408309936,0.6639388330116868,-0.0179974289834499,0.0183043029755353,0.0531361252069473,0.1100442931056022,0.1651521623134613,0.0226350987214595,0.6896762085974216,-0.669370356541127,0.0354909934103488,0.2486347258090973,-0.119108997285366
1774470456271413500,118.48341357421874,0.6979571302086115,1.0026447912309318,-0.215434310272336,0.1833881288766861,-0.1791810691356659,0.4147152304649353,0.7701309705376624,-0.1447387258023023,0.1450835937172174,0.0508553646504879,0.0639664977788925,0.085628867149353,0.0283306069493293,0.4696247599184512,-0.528352550958097,0.0758266896009445,0.2614040374755859,-0.0838772431015968
1774470456281440500,118.4934404296875,0.6704147510275245,0.7546395330257714,0.2798895390480757,0.1495393812656402,-0.1324486583471298,0.4589884877204895,0.8132850526094436,-0.2658580910861492,0.2531546768575907,0.04935147985816,0.0121797332540154,-0.0035044774413108,-0.154575717749074,0.4475438610136508,-0.5280221499599516,0.0873167663812637,0.2796536386013031,-0.0400760509073734
1774470456291466800,118.503466796875,0.5727151320368051,0.3567937323672697,0.6857797856807708,0.1130751147866249,-0.0916546136140823,0.4741799533367157,0.8016063052535056,-0.2993973725944757,0.3621645021528005,0.053543347865343,-0.0404019765555858,-0.0937191247940063,-0.2496691728293895,0.3600216449052095,-0.5091172507427633,0.1123315691947937,0.2815857529640198,-0.0006005470640957
1774470456301493800,118.51349365234375,0.4017058005549013,-0.0827365162018686,0.8876052573174238,0.0851062983274459,-0.0597593262791633,0.4573422074317932,0.7562181805193424,-0.2575467743366956,0.4268903645634651,0.0555023699998855,-0.0927637219429016,-0.1793908774852752,-0.2064204712767154,0.2667091549575329,-0.4577943291321396,0.1126950606703758,0.2747646868228912,0.0249270517379045
1774470456311520500,118.5235205078125,0.2007395760960876,-0.4630862980604171,0.9523322887718676,0.0505390018224716,-0.0403688475489616,0.4134799242019653,0.6582017506644129,-0.1589402696341276,0.3957359323650598,0.0559036545455455,-0.138531744480133,-0.2491408735513687,-0.1721089632868766,0.0540688593178987,-0.3316800781704485,0.1097330898046493,0.2630691528320312,0.0351043194532394
1774470456321547500,118.53354760742188,0.0647676557257771,-0.7084243828829377,0.9621277065992356,0.0205350257456302,-0.03579992800951,0.3498310148715973,0.5347787846133113,-0.0770043292254209,0.3086240506231784,0.0584259331226348,-0.1721877008676529,-0.3003457486629486,-0.2008020468730479,-0.0793769035756588,-0.246226485029608,0.1047575250267982,0.2592019438743591,0.0443079881370067
1774470456331574800,118.54357470703124,-0.032284166880697,-0.8118477132827043,0.8832698584616183,-0.0102188922464847,-0.0522926189005374,0.2755727767944336,0.393387615673244,0.0224637607425451,0.258036603680253,0.0620711408555507,-0.1884041279554367,-0.3353211581707001,-0.2186007384140044,-0.0970136825531721,-0.2686906841635704,0.0800135657191276,0.2521096765995025,0.0342971645295619
1774470456341601500,118.5536015625,-0.1284561379127204,-0.7872002518255263,0.7255430562704801,-0.0183244310319423,-0.0836495980620384,0.1907650679349899,0.1945078420996666,0.1357119542598724,0.2504325584173202,0.0705719515681266,-0.1881993263959884,-0.3514181077480316,-0.1413069247227162,-0.1254658700555563,-0.1868320467747747,0.0518880113959312,0.246343731880188,0.0144965574145317
1774470456351627500,118.56362744140624,-0.1929267103880643,-0.6708565765108913,0.4580933120787143,-0.0102364113554358,-0.1397381722927093,0.1055135577917099,-0.0176104754924774,0.2130506300061941,0.2133569194763898,0.0765186250209808,-0.170517161488533,-0.3457891047000885,-0.1005167953033,-0.0786374833852052,-0.1332201374441385,0.0187817253172397,0.2184780091047287,-0.0124868564307689
1774470456361654500,118.57365454101564,-0.2083925750672817,-0.5301125098353251,0.1692933213442564,0.0120489718392491,-0.1976189315319061,0.0335323959589004,-0.2008814687848091,0.2563759769916534,0.0914274068534374,0.078481376171112,-0.1448048651218414,-0.325054258108139,-0.0657563014369457,-0.0464502010077238,-0.067145783033967,-0.0102646248415112,0.1614294797182083,-0.0396600179374218
1774470456371681800,118.58368188476562,-0.1305184772700071,-0.3595127455350011,-0.074406129425764,0.0301821697503328,-0.2480946183204651,-0.006615025922656,-0.2670566532209515,0.296655380409956,-0.0363537544071674,0.0788796693086624,-0.1173714324831962,-0.2899443805217743,-0.0420564230281859,-0.0074479779183864,0.0513863422356545,-0.0332668796181678,0.0893731266260147,-0.0635941103100776
1774470456381708500,118.59370849609375,-0.0401763814352452,-0.2048282153829,-0.2458902388125657,0.0403772294521331,-0.2715939283370971,-0.0169480592012405,-0.2788511359110474,0.3135965783387422,-0.0909551131665706,0.0785329192876815,-0.0903523340821266,-0.2490794956684112,-0.0269780232965946,0.0506195956468582,0.1602862774156034,-0.0481758899986743,0.0169585179537534,-0.0849275439977645
1774470456391735600,118.60373559570311,0.0381277783423662,-0.1289658592668361,-0.3578922316610813,0.0379026196897029,-0.2770470082759857,-0.0068386998027563,-0.3002007979318499,0.3008978402853012,-0.1159545298665761,0.0872801467776298,-0.0584024526178836,-0.2165562361478805,0.0028710984569042,0.0911111805111169,0.2204106373801827,-0.0613548085093498,-0.0503235831856727,-0.1057718396186828
1774470456401762600,118.61376245117188,0.0337878494419157,-0.0883980490949004,-0.3878676832079887,0.0272458344697952,-0.2677974998950958,0.0112822325900197,-0.310915084169805,0.2949240265727043,-0.0391916081815958,0.0996215045452117,-0.0255574211478233,-0.1892724186182022,0.0563279633563011,0.1152232929825782,0.2264506481967866,-0.0751690119504928,-0.1168350055813789,-0.1248023435473442
1774470456411788800,118.62378881835936,-0.0367623352080583,-0.0421472248504869,-0.3145633775442839,0.0100354235619306,-0.2421094477176666,0.0288782678544521,-0.3649006491184234,0.287941912600398,-0.0544850389033556,0.1064524427056312,0.0028314485680311,-0.1587956547737121,0.1033889897387474,0.1435164905309677,0.1793709171138703,-0.0951565653085708,-0.1879512518644333,-0.14067904651165
1774470456421815600,118.63381567382812,-0.1183158521704375,-0.0007228526481427,-0.2195136885404586,-0.0030183235649019,-0.2214236110448837,0.0294424667954444,-0.3876902808144688,0.1673304968386888,-0.1651233421832323,0.1005823016166687,0.0294758435338735,-0.1230163499712944,0.1578290204565972,0.2336865907996893,0.139156395625323,-0.1079266667366027,-0.2500666081905365,-0.1482945829629898
1774470456431842600,118.64384252929688,-0.2074617239579558,0.0743305069062858,-0.1157376722455024,-0.0163823328912258,-0.1956847012042999,0.0178824849426746,-0.3654185355126857,0.0174123225718736,-0.2324059033393859,0.090261623263359,0.0621582120656967,-0.0934215784072876,0.1576946534872055,0.3565951775878667,0.0923626418769359,-0.115417867898941,-0.2872712314128876,-0.1470061391592025
1774470456441869600,118.65386962890624,-0.1896943043380975,0.1042939757544547,-0.0017167407900094,-0.0272033438086509,-0.1676774322986602,-0.0050115003250539,-0.3175365481361746,-0.0840630155652761,-0.1594324370652437,0.0865864679217338,0.0872324034571647,-0.0728169679641723,0.1220153642755001,0.4510889862746,0.0290890241011977,-0.1106094345450401,-0.2881646454334259,-0.1369683742523193
1774470456451896600,118.663896484375,-0.1578929525382816,0.1041819667473435,0.1263327160179615,-0.0316111408174037,-0.1492638140916824,-0.0333965346217155,-0.2421902152508497,-0.1721095478087663,-0.0794628282934427,0.0904398635029792,0.1011201962828636,-0.0620213747024536,0.0782358437817543,0.5031745628207922,-0.0748024352669715,-0.1522223949432373,-0.3028706014156341,-0.1246608346700668
1774470456461923600,118.67392358398438,-0.1483370425552129,0.0976043419227004,0.2024251910954713,-0.0313948430120945,-0.1346791237592697,-0.0569823086261749,-0.1747895806729793,-0.243226572561264,-0.1103115555435419,0.0930657386779785,0.1162813082337379,-0.0549594685435295,0.1726701043009758,0.5417155981391668,-0.1432581318557262,-0.1786055713891983,-0.3357172012329101,-0.1197606697678566
1774470456471949600,118.68394946289062,-0.1038430901817977,0.0720774124835617,0.2624269475936889,-0.0316278673708438,-0.1426265388727188,-0.0714003965258598,-0.1260600365564227,-0.3070107702076435,-0.1434440098166465,0.0931910797953605,0.1278605163097381,-0.0508559793233871,0.1743862605690956,0.3388303883165121,0.0917779738567769,-0.1413064002990722,-0.3545228540897369,-0.0951099172234535
1774470456481976600,118.6939765625,-0.0170170396439731,0.0594964738572016,0.2755290057510137,-0.0280817504972219,-0.1582629233598709,-0.0732128471136093,-0.1036573583513498,-0.2999275339484215,-0.1100058505952358,0.0874546319246292,0.1338294595479965,-0.0472346134483814,0.1268342357993125,0.2356406474769115,0.1164838144376873,-0.1661144793033599,-0.3769774138927459,-0.0890877991914749
1774470456492003600,118.70400366210936,0.0534516042023897,0.0229654083880595,0.224865570962429,-0.0244015268981456,-0.1601630896329879,-0.0701544731855392,-0.0763745068892836,-0.2367266891479492,-0.0343856692045927,0.0800579935312271,0.1277409940958023,-0.0448452457785606,0.1164530539732426,0.0488087468326091,0.1487991071090102,-0.1940342485904693,-0.4016758501529693,-0.1054246947169303
1774470456502030600,118.71403051757812,0.0471459281869232,0.0097479619564488,0.1301706867456436,-0.0166017320007085,-0.1550479084253311,-0.060572687536478,-0.0445221555545926,-0.1785591623395681,-0.0013689502656459,0.0748725533485412,0.1187275275588035,-0.041753314435482,0.0287058700025081,0.1169137302875518,0.2932214604385197,-0.1589115858078003,-0.3873647451400757,-0.0973875001072883
1774470456512057600,118.7240576171875,0.0132568103276193,0.0022691139757633,0.0339426016122102,-0.0055594677105546,-0.1407070457935333,-0.050296351313591,0.0062356795191764,-0.1637427014797925,-0.0613420651912689,0.0638572350144386,0.1102863326668739,-0.0375384092330932,-0.0784335583109408,0.2859294037342071,0.1271143679149448,-0.1189244836568832,-0.3445528447628021,-0.0797027796506881
1774470456522083600,118.73408349609376,-0.0419862073361873,0.0046467298272997,-0.0693903470903635,0.0005748631083406,-0.1255310475826263,-0.0494377426803112,0.0825073105558752,-0.1241577100664377,-0.0482750783473253,0.0574475452303886,0.1014169380068779,-0.0479889176785945,-0.0900048267044126,0.1520066709786653,-0.0590694440841674,-0.0944885239005088,-0.2422030419111251,-0.0743274986743927
1774470456532110600,118.74411059570312,-0.1232503859631717,0.0316079115869477,-0.1336883394777774,0.0065938732586801,-0.1064399108290672,-0.0566296093165874,0.1416264390006661,-0.1181225215554237,0.0169949739426374,0.0620601139962673,0.0755779296159744,-0.0690398290753364,-0.2093441036384552,-0.0466349099248647,-0.1405633398137986,-0.0623577423393726,-0.0826533138751983,-0.0443703979253768
1774470456542137600,118.7541376953125,-0.203638074016571,0.0536039817525073,-0.1274976681441068,0.0089277857914567,-0.0950385779142379,-0.0610713921487331,0.1357587160110473,-0.1776093142688274,-0.0356213484793901,0.0576248839497566,0.0484736040234565,-0.0969915688037872,-0.0793991884727031,0.0235065477937459,-0.3564177751943468,-0.0943943187594413,0.0111979730427265,-0.0413247160613536
1774470456552164600,118.76416455078125,-0.2643498784802854,0.0735197202463634,-0.0861158564418554,0.0058044306933879,-0.0897822976112365,-0.0718830302357673,0.0724187550008297,-0.2256272029846906,-0.0562426962256431,0.0452966168522834,0.0406293757259845,-0.1254565566778183,0.1831389644104987,0.0443400769859552,-0.4509178674913942,-0.1339707672595977,0.0390162877738475,-0.0596209019422531
1774470456562191400,118.77419140625,-0.2784761651188135,0.1153860823288559,-0.0032820904105901,-0.0004741817247122,-0.097676046192646,-0.0757612660527229,-0.0809828774675726,-0.1627835010588169,0.0612573095172643,0.0370717123150825,0.0331450961530208,-0.155552938580513,0.3422305521488189,-0.0066202949225902,-0.2958994474761188,-0.1472010910511016,0.0467088781297206,-0.0828588455915451
1774470456572218600,118.78421850585936,-0.3058674453914165,0.1378530762081034,0.0729401485264301,-0.0055645476095378,-0.1098280474543571,-0.0754339620471,-0.2296985440768301,-0.1174696106046438,0.1080576391369104,0.0262025110423564,0.0220380034297704,-0.1691499203443527,0.2368259848039597,-0.0526730210453271,-0.1262139119438827,-0.1690755039453506,0.0791286006569862,-0.0869286879897117
1774470456582244600,118.79424462890626,-0.3198912945687771,0.1534989553630352,0.1491863528609275,-0.0127772139385342,-0.1194820702075958,-0.0732899084687233,-0.3095398502938449,-0.1013046577453613,-0.0073977090358734,0.0132206669077277,0.023457733914256,-0.1613910645246505,0.0977412661753594,-0.1275257251948118,0.0936465442076325,-0.1928713768720626,0.0873780027031898,-0.0691294521093368
1774470456592271600,118.80427172851564,-0.3010340338855982,0.186233277164027,0.2179354794383048,-0.0125172892585396,-0.1269959062337875,-0.0615429729223251,-0.4111161645874381,-0.1284276424705982,-0.1006108302623033,-0.0053678615950047,0.0362751148641109,-0.1342618018388748,0.0919043767154216,-0.1651215886175632,0.2704845818430185,-0.1840802729129791,0.0144212441518902,-0.0799176469445228
1774470456602298600,118.81429858398438,-0.2140630219191312,0.1976273988923057,0.2683814720839262,-0.0127856107428669,-0.1351011544466018,-0.0453463122248649,-0.4773366494700312,-0.1344113930553197,-0.0898661488860845,-0.0126638580113649,0.0480335019528865,-0.0980995297431945,0.3036428281445056,-0.1580968045473098,0.3907534677773714,-0.1450206041336059,-0.0437944903969764,-0.1199952512979507
1774470456612325600,118.82432568359376,-0.1686963783644139,0.2001728090588003,0.2729658772647381,-0.0096673155203461,-0.1376910805702209,-0.0294645503163337,-0.4537342400863766,-0.0787391901940107,-0.0053799394726753,-0.0048159160651266,0.0526771359145641,-0.0539801195263862,0.0870003111261874,-0.2293213813275098,0.4114735997229814,-0.1584213674068451,-0.0207690671086311,-0.1260299831628799
1774470456622352600,118.8343525390625,-0.1944113959878683,0.1745723759920336,0.2618283971786498,-0.0061962972395122,-0.1375881731510162,-0.0179979316890239,-0.3952335358008742,-0.0143225398629903,-0.0006599252134561,0.0067323492839932,0.0611694231629371,-0.0084579084068536,-0.1801543591091409,-0.2804208694458007,0.4031894632413983,-0.1600617617368698,-0.029477771371603,-0.0938555672764778
1774470456632379600,118.84437963867188,-0.2304611990123987,0.1868672824849374,0.2479080083757638,-0.0003615779569372,-0.1435565948486328,-0.0078781871125102,-0.3760100721538066,-0.0180891989201307,-0.0335486338585615,0.0054837223142385,0.0748353376984596,0.0329786092042923,0.1030186220563948,-0.1314350075930357,0.3144973265707492,-0.135817676782608,-0.1482028216123581,-0.1007318496704101
1774470456642405600,118.85440551757812,-0.2605861420325934,0.1965076558810658,0.1963262896984815,0.0062107862904667,-0.1424248963594436,-0.0042389458976686,-0.2928082034625113,-0.0884305631250143,-0.0348649771541357,-0.0045012678019702,0.0865926593542099,0.0641754120588302,0.4454909836044535,0.0276893864363431,0.1673568003237247,-0.1283594220876693,-0.1748617589473724,-0.1090010553598404
1774470456652432600,118.8644326171875,-0.2683065071515739,0.2057783009156584,0.1858732847452163,0.0114340437576174,-0.1410184800624847,-0.004714319948107,-0.1693399369649589,-0.153933839648962,0.0091653032302856,-0.0122007904574275,0.0893876403570175,0.0863473564386367,0.1876210051953792,0.0810293469578027,0.1865786565355956,-0.133520096540451,-0.1460785716772079,-0.0620372705161571
1774470456662459600,118.87445971679688,-0.2711106047868728,0.2157699537011794,0.1460340263098478,0.0118122892454266,-0.14022758603096,-0.0060357716865837,-0.0866261440515518,-0.2488987729787826,-0.0066197104007005,-0.0236577112227678,0.0913642421364784,0.0963107720017433,0.1429693415096029,0.2097042421877384,0.2649963596902787,-0.0951737537980079,-0.1615558564662933,0.0016756581608206
1774470456672486700,118.88448657226564,-0.266167887687683,0.1997327371411025,0.0756038147777318,0.0088846767321228,-0.1338461190462112,-0.0094379596412181,0.0203656194195151,-0.371345002952218,-0.0278764334410429,-0.0380180478096008,0.0883238166570663,0.0907211080193519,0.4813408070774748,0.3599690379351377,0.1930319243282079,-0.0297087226063013,-0.2315786182880401,0.0418414548039436
1774470456682513700,118.894513671875,-0.2275033721201121,0.1693110944629646,-0.007670680758357,0.0042489343322813,-0.1284656375646591,-0.0207427572458982,0.1243406654179096,-0.4547194517314434,0.0157470197081565,-0.0532593205571174,0.0801428481936454,0.0691388547420501,0.9229811066031456,0.3842775497615337,-0.0384970500461757,0.015722244977951,-0.3101394176483154,0.0492382943630218
1774470456692540700,118.90454077148438,-0.1903757107309997,0.1138847013225778,-0.0774076493293046,0.0064236717298626,-0.1224975064396858,-0.0217837877571582,0.1926981623291969,-0.4585077380985021,0.0761129333436489,-0.0645031258463859,0.0584458149969577,0.0316715687513351,0.9005366350829601,0.2324614329189062,-0.1679701099164783,0.0212895832955837,-0.3045041561126709,0.0868469253182411
1774470456702566700,118.91456665039064,-0.1499222659200429,0.0605549151352606,-0.1402455060362815,0.0099821640178561,-0.1131405606865882,-0.0264298506081104,0.2370328324876725,-0.3595417524337768,0.1581540876924991,-0.0667793303728103,0.0270242411643266,-0.0099379234015941,0.6462415560185909,0.0802121853560209,-0.2265080774724483,0.0161196608096361,-0.2742848992347717,0.1226513013243675
1774470456712593700,118.92459375,-0.1099358540989458,0.0177570808889344,-0.2084837604820728,0.0142544070258736,-0.1015720590949058,-0.0251773670315742,0.2321303012683987,-0.3147784815996885,0.1443605401396751,-0.0675990805029869,-0.0074312062934041,-0.0537002831697464,0.6597756489176303,0.0029296237111091,-0.2446117433093488,0.0097685540094971,-0.2382315397262573,0.147557184100151
1774470456722620400,118.93462036132811,-0.0545643877498805,-0.0323910430549643,-0.2333978369861841,0.021105607971549,-0.0840840190649032,-0.0248227324336767,0.1806573036625981,-0.3167927440315485,-0.0014554595053195,-0.0768037661910057,-0.0246512051671743,-0.0947822034358978,0.6176479872841387,0.0055430210798978,-0.2376822363071143,-0.000168387312442,-0.1994359046220779,0.1701586842536926
1774470456732647700,118.94464770507813,0.025124358253926,-0.051696668560151,-0.2256499993383884,0.0284218434244394,-0.0678078457713127,-0.0166713297367095,0.1246549920640885,-0.2497194417119026,-0.1366986272096634,-0.086819589138031,-0.022035177797079,-0.129320815205574,0.5073837780136615,0.0096042791694402,-0.1589519600719213,-0.0060744793154299,-0.1588482707738876,0.1956413984298706
1774470456742674700,118.9546748046875,0.094064331228286,-0.0488309586644172,-0.2165168448120355,0.0395606830716133,-0.0452216044068336,-0.0079299639910459,0.0213651518508791,-0.1083808797419071,-0.1316933662682771,-0.0822599902749061,-0.0260200649499893,-0.1532722115516662,0.3811339910387992,0.029787820020318,0.0247398889809846,-0.0079007381573319,-0.1184225305914878,0.2098056375980377
1774470456752700700,118.96470068359376,0.0929376652859151,-0.0211608614504337,-0.1552671340793371,0.0476140826940536,-0.0319697149097919,0.00299165956676,-0.0365919470772147,-0.012709843969345,-0.2109773308634757,-0.0707814767956733,-0.0237246397882699,-0.1637863963842392,0.318856763889268,-0.0296381824165582,0.1477959214158356,-0.0036117178387939,-0.0918963849544525,0.1949499994516372
1774470456762727400,118.9747275390625,0.0359952963583171,0.0293063749126158,-0.0704974315494298,0.0543423891067504,-0.0255006030201911,0.0096963625401258,-0.0576598695471882,0.0667804568529129,-0.2524205173641443,-0.05986038595438,-0.0111595802009105,-0.1679308116436004,0.3276560833513736,-0.1246153907060623,0.1326218792900443,-0.000449646031484,-0.0930207148194313,0.1540629267692566
1774470456772754700,118.98475463867187,-0.0279841315992176,0.0850819833494722,0.0249830500870943,0.0551144406199455,-0.022945299744606,0.0065479734912514,-0.1173474455296993,0.1604670408099889,-0.1939332570821046,-0.0458522513508796,0.0002814179169945,-0.1648568958044052,0.168780622581765,-0.2454161915600299,0.0675897274091839,-0.0108639374375343,-0.1311545222997665,0.1122214794158935
1774470456782781700,118.99478173828123,-0.0595889379136264,0.1209934008166193,0.1030915411621332,0.053555279970169,-0.023091435432434,0.0066695027053356,-0.1590168420016765,0.1840109980046749,-0.1820563568055629,-0.0286250635981559,0.0139836482703685,-0.1552564650774002,0.1514648191869259,-0.2800239790827036,0.0761402597419917,-0.0514900609850883,-0.1264370083808899,0.0762209072709083
1774470456792808400,119.00480834960938,-0.0758528211027383,0.1395805027889087,0.1498813493877649,0.0471176207065582,-0.0217537283897399,0.0017972495406866,-0.1450847627609968,0.1906616880655288,-0.156653035479784,-0.017237052321434,0.0343692861497402,-0.1437125205993652,-0.1200924333889037,-0.298249956125021,0.222905376805365,-0.0797637775540351,-0.0573956184089183,0.0758251622319221
1774470456802835700,119.01483569335936,-0.0880249049335718,0.1336464548311196,0.1446452022999525,0.0421575047075748,-0.0258857868611812,-0.0027435054071247,-0.1476277252420783,0.167699330151081,-0.0777332280218601,-0.0062903957441449,0.0451537556946277,-0.1396551877260208,-0.2483365359861403,-0.2020972743153572,0.3863692613437771,-0.0683490633964538,-0.0796016007661819,0.0734944567084312
1774470456812861700,119.02486181640624,-0.1088769926957786,0.0997675478385761,0.1218921032220125,0.0401761122047901,-0.0259252004325389,-0.0092988759279251,-0.1542144101560115,0.1297983463019132,-0.0313555077284574,-0.002027669455856,0.0437975712120533,-0.1399327665567398,0.0963655208427459,-0.018353402814269,0.3693849549256265,-0.0525392033159732,-0.1647942662239074,0.0550390146672725
1774470456822888700,119.034888671875,-0.1210053835153579,0.0326189883256331,0.0898287394851446,0.0349665619432926,-0.0207151696085929,-0.0226226933300495,-0.1606380134627223,0.0604085837334394,-0.0794008689731359,-0.006604578346014,0.0451765581965446,-0.1364205926656723,0.137342770332098,0.0203816937714815,0.2892135399714112,-0.0478459745645523,-0.1669959872961044,0.0613268762826919
1774470456832915500,119.04491552734376,-0.1272849021762609,-0.0288657184730283,0.0569493831902742,0.0352059789001941,-0.0174887478351593,-0.0368186756968498,-0.1730477054417133,-0.0140279408305883,-0.1442494809806346,-0.0187805797904729,0.0481539703905582,-0.1321483105421066,-0.1484533624112606,0.0344791927069425,0.3152373312830925,-0.037021555006504,-0.2085841745138168,0.0835498869419097
1774470456842942700,119.05494262695312,-0.0951074105404317,-0.0762273900361731,0.0397369671046733,0.0390399619936943,-0.0152881825342774,-0.0440708249807357,-0.1438461608767509,-0.0634282238155603,-0.1203653320461511,-0.0276816636323928,0.0413746275007724,-0.1271958947181701,-0.0152151047885417,0.0879728824853897,0.1961044636413454,-0.0500553101301193,-0.2715855836868286,0.1029402315616607
1774470456852969700,119.0649697265625,-0.0415394864819943,-0.0907790807462297,0.034776714348793,0.0382697768509388,-0.0150450346991419,-0.0444798842072486,-0.0831634363770484,-0.0991127006590366,-0.0147340432733297,-0.0270107109099626,0.0300821419805288,-0.1283837854862213,0.0403273342132568,0.1269990709722042,0.1569873820006847,-0.0786129161715507,-0.2575174272060394,0.1251589804887771
1774470456862996500,119.07499658203125,0.0303952843941748,-0.0794832134943455,0.0237047007143497,0.0363451577723026,-0.0168491601943969,-0.039133071899414,-0.0051110594034194,-0.1028682538002729,0.096581136354804,-0.0165697894990444,0.0075270314700901,-0.1384244263172149,-0.1094424445588141,0.1301215869069099,0.2109881445184349,-0.0970842614769935,-0.2587245404720306,0.1398631483316421
1774470456873022500,119.0850224609375,0.0886836611032485,-0.0513148479020223,0.0280681566208601,0.0371257290244102,-0.018705915659666,-0.0278199650347232,0.0866533243194222,-0.0983744495123624,0.2122340529263019,-0.0032652949448674,-0.0236150752753019,-0.1603876650333404,-0.0107062490619719,0.2216191363871097,0.2231476611286401,-0.0979023799300193,-0.2987739443778991,0.1377560496330261
1774470456883049500,119.09504956054688,0.1316179629445076,0.0129566948698833,0.0319669176250696,0.0366369225084781,-0.0173281002789735,-0.0187988877296447,0.1361027071431279,-0.0957277343958616,0.2550333302110433,0.0076376870274543,-0.0570422746241092,-0.1898643225431442,0.0779318923991173,0.2569131526082754,0.0846884539872407,-0.1213894635438919,-0.3066911697387695,0.1372533291578292
1774470456893076700,119.10507666015624,0.1315164022661745,0.0625057478089351,0.0231067348212003,0.0311747770756483,-0.0127101801335811,-0.0076181381009519,0.1316927817463874,-0.1346089614540338,0.1574801339536905,0.0142383435741066,-0.0862636566162109,-0.2227991074323654,-0.0948399187106639,0.2236620403915643,0.0749000504225492,-0.1391149312257766,-0.2980822324752807,0.1547518968582153
1774470456903103500,119.115103515625,0.1376537359774112,0.1055215539211873,0.0009644611179828,0.0245688315480947,-0.0016052559949457,-0.0020162626169621,0.0951838367775082,-0.1485790346175432,-0.0313701207756996,0.0153960203751921,-0.1104326397180557,-0.2467236220836639,-0.1044703552346676,0.2209451826483011,0.1505588102579116,-0.1449094116687774,-0.3023678660392761,0.1781051605939865
1774470456913130500,119.12513061523435,0.1292616090767085,0.1247914687921758,-0.0400467637062072,0.0187490247189998,0.0071948934346437,0.0030322913080453,0.0390752883255481,-0.12046060911417,-0.1242640930503606,0.0156715475022792,-0.1234380155801773,-0.266767293214798,0.0943206440769136,0.0814110397517681,0.1478252936407923,-0.1502669155597686,-0.3168679773807525,0.170037642121315
1774470456923157800,119.13515771484376,0.130562462542206,0.128205067494791,-0.077476038390398,0.0167030394077301,0.0169469602406024,0.0047453511506319,-0.0112412327215075,-0.0438438179016113,-0.1225134499907493,0.0223443638533353,-0.1337532252073288,-0.278345912694931,0.2010485689800232,-0.1290735391587019,0.1188410450883209,-0.1500689387321472,-0.3482623100280761,0.1524728089570999
1774470456933183700,119.14518383789064,0.1463577053062617,0.1300839583102613,-0.0976373674094676,0.0149056715890765,0.0229020547121763,0.0080162454396486,-0.0447846058830618,0.0193202020198106,-0.1341992116093635,0.0302534308284521,-0.1378383785486221,-0.2783549427986145,0.1863267276011407,-0.2141039384514093,0.0649321986377239,-0.1459647417068481,-0.3909312188625335,0.1293688267469406
1774470456943210500,119.15521044921876,0.1702379087179899,0.1135873440775089,-0.1008539913684129,0.01310939155519,0.0312985554337501,0.0099055394530296,-0.0925333222687244,-0.0423521180391311,-0.2177408336490392,0.0266405884176492,-0.1275090426206588,-0.2655081450939178,0.1465150147598236,-0.2086497646987438,-0.0243811386711895,-0.1528346240520477,-0.4152307510375976,0.1118894293904304
1774470456953237500,119.16523754882812,0.1627490142673253,0.1060416779383085,-0.1086380693733692,0.0129589224234223,0.0370350033044815,0.0094727762043476,-0.1177491581983864,-0.178380298641324,-0.3185720286637544,0.0045034666545689,-0.0989846140146255,-0.2461497485637664,0.0760403064988553,-0.1158048922628164,-0.044157706156373,-0.1747771948575973,-0.4043927490711212,0.1054962426424026
1774470456963264800,119.1752646484375,0.1502216872580349,0.0982614267250988,-0.1148690727174282,0.0180891901254653,0.0450972989201545,0.0115684531629085,-0.1816546441368758,-0.2648497908264398,-0.3180968123674392,-0.0209302529692649,-0.0529790371656417,-0.2172837555408477,0.0240098211407661,0.0615028087109327,0.0227178816340863,-0.2020692825317382,-0.3745573163032532,0.0990599170327186
1774470456973291500,119.18529150390626,0.1513151815831661,0.0774580734754446,-0.0929454102009534,0.0235420130193233,0.0525962263345718,0.014203917235136,-0.2413219079837203,-0.2449251931726932,-0.1737573150157928,-0.03891197219491,-0.0077764568850398,-0.186200350522995,0.0073966130573302,0.1608037254184484,0.0640882951594889,-0.2276982218027115,-0.3381726741790771,0.0977214127779007
1774470456983318500,119.19531860351564,0.1444331669844687,0.0515767228417564,-0.0441466002404689,0.0264901537448167,0.0551982223987579,0.0181659534573555,-0.2624173029825091,-0.1604559348940849,0.0015501520514488,-0.0354304239153862,0.0236989092081785,-0.1542956829071045,-0.0394330887872725,0.083815178284049,0.0673062342926859,-0.2500068247318268,-0.3433924913406372,0.1008877381682396
1774470456993344500,119.20534448242188,0.1074685872025787,0.0358841002019587,0.007152209842205,0.0302816964685916,0.0550895668566226,0.0215582866221666,-0.2850796550370753,-0.0796919608741998,0.0122059861004352,-0.0273598656058311,0.0541093349456787,-0.1204297021031379,-0.0179050014596432,-0.0500210452318191,0.0366819634482264,-0.2676880955696106,-0.3689106404781341,0.1017865538597107
1774470457003371500,119.21537158203124,0.0929091698437929,0.0527879891945049,0.041811435291171,0.0338125377893447,0.045328352600336,0.0290893539786338,-0.2933613073006272,0.0029547581523656,-0.1189215629786252,-0.0246474351733922,0.0888662487268447,-0.082260213792324,-0.0708650227528065,-0.1508399652868509,0.050649698524177,-0.2730605602264404,-0.3937805891036987,0.095433808863163
1774470457013398500,119.2253984375,0.0649403819441795,0.0457350841414649,0.0864724147945642,0.0317768193781375,0.0385327637195587,0.0326249673962593,-0.2624862765654921,0.0793435858279466,-0.2131786403000354,-0.0325958505272865,0.1211872175335884,-0.0352514721453189,-0.0887245776355266,-0.1514963833689689,0.1425676653735339,-0.2661856114864349,-0.4192665219306946,0.0797283500432968
1774470457023425500,119.23542553710938,0.0336960795052349,0.0301492737438529,0.1342073949158191,0.0291916672140359,0.0320715829730033,0.0388982594013214,-0.1907180944278836,0.1469984874278307,-0.2301455571919679,-0.0431630089879035,0.1451341062784195,0.0135315135121345,-0.0514157144606113,-0.1587134751409292,0.1832762539893388,-0.2518362700939178,-0.4418196082115173,0.0601883418858051
1774470457033452500,119.24545263671877,-0.0162345109641551,0.0400847393627278,0.1509469327926635,0.0283402539789676,0.0244711898267269,0.0429254919290542,-0.0794074448443949,0.1999152541011571,-0.0677589464962482,-0.0400589816272258,0.1505576819181442,0.0521134138107299,-0.0371649977248162,-0.1768260549366474,0.1747238219603896,-0.2330002635717392,-0.4311693608760834,0.0413145199418067
1774470457043479800,119.25547973632813,-0.0557055206090211,0.0367597687916364,0.1554044967234134,0.0282671134918928,0.0124997776001691,0.0441837683320045,0.0315630129992961,0.2442348728209734,0.1100531968683004,-0.0231367256492376,0.1407106518745422,0.0808164253830909,0.0029530776519328,-0.1516290698379278,0.1794534808307886,-0.1946435570716858,-0.3955344259738922,0.0224707890301942
1774470457053505500,119.26550561523436,-0.0909521905571222,0.0434865562960039,0.1305097094416618,0.026247639209032,0.0057007269933819,0.052179105579853,0.1147594748631119,0.1900818423509597,0.1537011999368667,-0.0061974222771823,0.1167746782302856,0.0906666591763496,0.0695989483397453,-0.0860731863439083,0.016464228066802,-0.1565094888210296,-0.3613197207450866,0.0190084148198366
1774470457063532500,119.27553247070313,-0.0976997651211917,0.0218765445722732,0.1355956344038248,0.0212985351681709,0.0026065087877213,0.0517140850424766,0.1486740194246172,0.0635521424561739,0.1539239027768373,-0.0010354171972721,0.0902623832225799,0.083755224943161,0.0836835877936333,-0.010223872372508,-0.2625309924900532,-0.1227147877216339,-0.3073080480098724,0.0352828651666641
1774470457073559600,119.2855595703125,-0.0778184220872819,0.002338516817009,0.1048947911918163,0.020951259881258,0.0018813298083841,0.046800822019577,0.1328384446501732,-0.0409334834128618,0.1577215414941311,2.37755011767e-05,0.0593710951507091,0.0646198391914367,0.1560930635094642,0.1062234094470739,-0.4971510647475719,-0.0935374572873115,-0.2427615374326706,0.0518088452517986
1774470457083586800,119.2955869140625,-0.0616460165739059,-0.0069404119887389,0.0842839648395776,0.0210637431591749,-0.003051090054214,0.0429816469550132,0.1274511986538767,-0.135270640233159,0.1332709908485412,-0.0063976384699344,0.0240218937397003,0.0454120524227619,0.2357821017742156,0.1061860000461339,-0.6640434624299406,-0.0807569399476051,-0.134667620062828,0.0507446378469467
1774470457093613600,119.30561352539064,-0.0236683142267167,0.0389823402119334,0.079070614105463,0.0246116071939468,0.0021956039126962,0.0412798896431922,0.1358135149382054,-0.1770434970796108,0.0588531709849834,-0.0155545379966497,-0.0096268272027373,0.0268142875283956,0.205882491942495,-0.0780436091452836,-0.7195134207174182,-0.0748886689543724,-0.0127260070294141,0.0497928261756897
1774470457103640600,119.315640625,0.0083704995907843,0.0605923702019732,0.0638829818457365,0.0234303753823041,0.0093876356258988,0.0432550497353076,0.1277507661223411,-0.1954611973017454,0.0018535189121961,-0.0245120804756879,-0.0377306342124938,0.0101639395579695,0.1571148077726364,-0.1277349840313196,-0.7316162387043237,-0.0473141148686409,0.0484176613390445,0.0581043735146522
1774470457113666600,119.32566650390623,0.0139404086776077,0.0523342175450175,0.0286766439080238,0.0263265632092952,0.0187473148107528,0.0490602105855941,0.1313034901678562,-0.1728700107872486,-0.0069108023017644,-0.0210054144263267,-0.0596811510622501,-0.0035263868048787,0.230275905573368,0.0555149664729833,-0.7392296363174915,-0.0547113120555877,0.0916982889175415,0.0782575756311416
1774470457123693800,119.33569384765624,0.0202371707342565,0.0446920048293191,-0.0361386503517627,0.0301681254059076,0.0286623835563659,0.0563446544110775,0.1376068280957639,-0.0733037211418151,0.0139525375068187,-0.0070541789755225,-0.0776708051562309,-0.0122357234358787,0.2349742925226688,0.1559182914644479,-0.6312018077969551,-0.1003456562757492,0.1347556412220001,0.0945589244365692
1774470457133720600,119.34572045898436,0.0472159246832132,0.0532792067775502,-0.077729720890522,0.0316480435431003,0.0358414649963378,0.0624680630862712,0.1620199693404138,0.0401133992016315,0.0141927760034799,0.0090078366920351,-0.086694024503231,-0.0099000902846455,0.2885000579398125,0.1216851824730634,-0.2807008554309606,-0.109651543200016,0.1251719892024994,0.0997249260544776
1774470457143747600,119.35574755859376,0.0406603655599057,0.0563588882175274,-0.1009381625205278,0.0323055684566497,0.0286634601652622,0.0674918219447135,0.1491957052111625,0.0794657509028911,-0.0061900868117809,0.0218317564576864,-0.0902863591909408,0.0011283261701464,0.3620726591508835,0.048012628018856,0.0050309799045324,-0.0698649063706398,0.0367092601954937,0.093688927590847
1774470457153774600,119.36577465820312,0.0426326885461807,0.0644025761398952,-0.0854541776627302,0.0264482144266366,0.0257297195494174,0.0701744258403778,0.1226066812321543,0.071929510179162,-0.0337649069577455,0.0269681550562381,-0.0923704430460929,0.0123887443915009,0.3629471038978547,0.0154746325075626,0.0669949763864278,-0.004178041126579,-0.0871191993355751,0.0952767059206962
1774470457163800600,119.37580053710936,0.0228378547519445,0.0596668711211997,-0.0558785390883684,0.0166089069098234,0.0229698773473501,0.0701480880379676,0.1177646480284631,0.0440980849236249,-0.0269745161652565,0.0354511216282844,-0.0934098735451698,0.0209207125008106,0.2752162865400314,0.0253431155711412,-0.0840267752081155,0.0507811829447746,-0.2000690251588821,0.1085066571831703
1774470457173827600,119.38582763671874,-0.0170668701350688,0.0464756733756978,-0.0487000257611274,0.0125334719195961,0.0187607500702142,0.0648968666791915,0.1010474681138992,0.0304150120079517,-0.0198065242320299,0.0391979329288005,-0.0968254879117012,0.0250725727528333,0.2004687963306903,-0.0016156185030937,-0.2286000813156366,0.0842025205492973,-0.2694084048271179,0.1256987005472183
1774470457183854600,119.3958544921875,-0.041334903820604,0.0096346560413949,-0.0281499896854162,0.005882179364562,0.0161123555153608,0.0595062673091888,0.1095034540310502,0.004110357928276,-0.0194341837882995,0.0378397181630134,-0.0975530669093132,0.0262451637536287,0.2046609873235225,-0.0275093536943197,-0.4056041231676935,0.0945356637239456,-0.3011205792427063,0.1275274157524109
1774470457193881600,119.40588159179688,-0.0553078995935618,-0.0317689382344018,0.0160416187405586,0.0038674979005008,0.0148699907585978,0.0537477135658264,0.1560384107127785,-0.0208446351081132,-0.0195271227687597,0.0352532565593719,-0.100013293325901,0.0202908664941787,0.2167092255789786,-0.0612508797764778,-0.5142834013342857,0.1037083864212036,-0.2881456613540649,0.1287237107753753
1774470457203908600,119.41590869140624,-0.0444883994154632,-0.0704203842578455,0.0710614951729774,0.004158338997513,0.0114076882600784,0.0465677455067634,0.2136371977224946,-0.0398538714826107,0.0291442614197731,0.0342500433325767,-0.1028455644845962,0.0102603388950228,0.1634112045031041,-0.0788707076191902,-0.5389338584661484,0.1076243966817855,-0.2397766858339309,0.1371547728776931
1774470457213935600,119.425935546875,-0.0362450333356857,-0.0877604635774157,0.1294254213362932,-0.0004132433095946,0.0078957779332995,0.0356160253286361,0.2476163319528102,-0.0324321970492601,0.0927192002296447,0.0350383073091506,-0.1065981686115264,-0.0055462988093495,0.1137958174627274,-0.0505284102320671,-0.5406324790775776,0.1104121878743171,-0.1822912991046905,0.1440443843603134
1774470457223961600,119.43596166992188,-0.0408300230383872,-0.0878536034872755,0.1730365995258092,-0.0019191389437764,0.001935446402058,0.0229052640497684,0.2552715228810906,-0.0209323133915662,0.1313303781747818,0.0365360677242279,-0.1159900724887847,-0.0202578660100698,0.0916916107475757,-0.0139905314296483,-0.5175348043456673,0.111210249364376,-0.1298955976963043,0.1453682035207748
1774470457233988600,119.44598852539062,-0.0590577536463737,-0.070980959016364,0.1752940230637788,-0.0021977056749165,-0.0055672107264399,0.0154026057571172,0.2349205165088176,0.0082967037022113,0.1437333481520414,0.0368889011442661,-0.126058891415596,-0.0330143608152866,0.0903214914381504,-0.0184697226703166,-0.4651297865867614,0.1126590073108673,-0.091293066740036,0.1469716876745224
1774470457244015600,119.456015625,-0.0527349803656339,-0.051683845611196,0.18334873470366,-0.0081771314144134,-0.012861393392086,0.0114325461909174,0.1777903699241578,0.0139572136819362,0.0788444041341543,0.0294592157006263,-0.1330576837062835,-0.0409812070429325,0.0830910287279635,-0.0327799875736236,-0.3861331145003437,0.1148312538862228,-0.0628613457083702,0.1455283463001251
1774470457254042600,119.46604272460938,-0.0524754526466131,-0.0237537000883836,0.176864048859477,-0.0127063691616058,-0.0205563306808471,0.0105539700016379,0.1015720765098929,0.0021276596784591,0.0332090266406536,0.0218581091612577,-0.1334816515445709,-0.0444186441600322,0.0638005642592906,-0.0482850152194499,-0.2914323850646614,0.1275084316730499,-0.0373682416975498,0.1473137289285659
1774470457264069600,119.47606958007812,-0.0492694962121546,0.0050456751501653,0.1599731198132038,-0.0202946346253156,-0.0257149413228034,0.0142503548413515,0.047654608361423,-0.0073895257294178,-0.0031505729854106,0.0155376298353075,-0.1269457191228866,-0.0481390804052352,0.0298187996804714,-0.0661731386095285,-0.2037239987343549,0.1426219642162323,-0.014179678633809,0.1475284248590469
1774470457274096400,119.48609643554688,-0.0466993534632027,0.0231534965723752,0.1326543202549219,-0.0230110604315996,-0.0265738107264041,0.0096430871635675,-0.0063312488481402,-0.0265811329334974,-0.0569996520727872,0.014230677857995,-0.1167848035693168,-0.0519938766956329,-0.000579845714569,-0.0738853204220533,-0.1789551759198308,0.1484204679727554,-0.0006383028812706,0.1367032080888748
1774470457284122600,119.49612255859375,-0.056142158460617,0.0557747590534854,0.0927437501490116,-0.0265177171677351,-0.0255135633051395,0.0049439240247011,-0.0156079034984111,-0.0415986693233251,-0.1090688620060682,0.0150847546756267,-0.1044599637389183,-0.0526404902338981,-0.0044797026973217,-0.0371294149547815,-0.1922612322166562,0.1452458798885345,0.0215665642172098,0.129924476146698
1774470457294149600,119.50614965820311,-0.090408000677824,0.0797035051815211,0.0321557181954383,-0.026947284117341,-0.0215108320116996,-0.0004577660001814,-0.0156745389938354,-0.0133902274489402,-0.0902846665591001,0.0197447780519723,-0.0935825034976005,-0.0558211244642734,0.0037526305317878,0.0311199454069137,-0.1742746168881654,0.1076771989464759,0.0268153902143239,0.1081864386796951
1774470457304176600,119.5161767578125,-0.0960498059570789,0.0968938464326318,-0.0124964934796094,-0.0252245105803012,-0.0156756527721881,-0.0073733776807785,-0.0047173839107155,0.0121399351269006,-0.0844803641945123,0.0286274868994951,-0.0919297412037849,-0.0541382730007171,0.0146351129435002,0.0463531703740358,-0.1348512457773089,0.0707497298717498,0.0167899020016193,0.0846850872039794
1774470457314203400,119.52620336914065,-0.0847013134688138,0.1225790808391757,-0.0321130480974912,-0.0219978243112564,-0.0077599394135177,-0.0105950040742754,-0.0101838326230645,0.0151689275592565,-0.1129173541277647,0.0315040089190006,-0.086374819278717,-0.0543068759143352,0.0255259978573769,0.038749125111103,-0.0034486791491508,0.0637333691120147,0.0022144215181469,0.0600809380412101
1774470457324230700,119.53623071289064,-0.0524589399032294,0.1120690850016661,-0.0310305135577917,-0.021053684875369,-0.0026654303073883,-0.0077333394438028,-0.037574236112833,-0.0321229849696159,-0.1607815135866403,0.0290618911385536,-0.0783360674977302,-0.0546879731118679,0.0139490303754806,0.0400748207569122,0.076067925158143,0.0685768499970436,-0.0123700946569442,0.0397301092743873
1774470457334257700,119.54625756835938,-0.0203990832976996,0.1020376481950283,-0.0322562559604644,-0.0193902738392353,0.0006624553352594,-0.0049793645739555,-0.0510123943567275,-0.0587432808697223,-0.1708703614026308,0.0279255621135234,-0.0644024536013603,-0.0567628964781761,-0.0026584055542945,0.0271446120351552,0.0523415971338748,0.0719148591160774,-0.0176018737256526,0.0262260194867849
1774470457344283600,119.55628369140624,-0.0028096505932509,0.0804600317704025,-0.0170738843977451,-0.0183853432536125,0.0025725779123604,-0.0009000888094305,-0.0874409675657749,-0.0708902302592992,-0.1299380470335483,0.0274475235491991,-0.0528097189962863,-0.0552230551838874,-0.0071931994397193,0.0371422744363546,0.0205523741632699,0.0717573836445808,-0.0178075209259986,0.0108282640576362
1774470457354310400,119.56631030273438,-0.0073708210289478,0.0707934188213199,0.0045236149042844,-0.0150244338437914,0.0034524863585829,0.0038587134331464,-0.1003673768952488,-0.0819844557255506,-0.0671861150443553,0.0288577619940042,-0.0481684170663356,-0.0513407848775386,-0.0593557136796414,0.0413017322033643,0.0100853406846523,0.063880555331707,-0.0107970163226127,0.0014749760739505
1774470457364337700,119.57633764648438,-0.0220867441236972,0.0618209530157037,0.019711247164011,-0.0096700796857476,0.0022705388255417,-0.0013369764201343,-0.1250455988168716,-0.0864104554742574,-0.0671580579936504,0.0304593835026025,-0.0413094460964202,-0.0474160872399807,-0.1271569649476558,0.0317407076537609,0.0077773560032248,0.0591607131063938,0.0059200432151556,-0.0041734264232218
1774470457374364700,119.58636474609376,-0.028566169270873,0.0717185434427578,0.0388175141721963,-0.0058018388226628,0.0032420598436146,-0.0031207613646984,-0.1555354296267032,-0.080411507320404,-0.0863455735445022,0.0295432992279529,-0.0323900952935218,-0.0355485491454601,-0.1030897875964641,0.0126262573391199,0.0031970424756407,0.0466960556805133,0.0391309931874275,-0.0097572766244411
1774470457384391400,119.59639135742188,-0.033518677111715,0.081455198553903,0.0574310292273759,-0.0023893075995147,0.0063202371820807,-0.0092634391039609,-0.190097186050564,-0.0525385810106992,-0.0970481693446636,0.0227442476898431,-0.0244149900972843,-0.0212423130869865,-0.0936076735019683,-0.0171340901523828,0.0134526251606643,0.0314022377133369,0.0678905621170997,-0.0114627974107861
1774470457394418400,119.60641845703124,-0.0586632013708353,0.0822082088782917,0.0911386530399322,0.0024344760458916,0.0052973171696066,-0.0124557707458734,-0.1960100633561611,-0.0343318931907415,-0.0805646520555019,0.0166528113186359,-0.0152439726516604,-0.0086136115714907,-0.0745779788613319,-0.0224438869982957,0.0237153682388365,0.0130637120455503,0.0695081651210784,-0.0164831206202507
1774470457404444700,119.61644458007812,-0.0887557034261524,0.0771152057213708,0.1162999823033809,0.0013668582541868,0.0101210046559572,-0.0136463735252618,-0.1818225480496883,-0.0169891287237405,-0.059566287690401,0.0152919357642531,-0.0075511652976274,-0.0010811262764036,-0.0565372952580451,-0.0178857853025198,0.0765599464587867,-0.0005578137934207,0.0511698126792907,-0.023186020553112
1774470457414471700,119.6264716796875,-0.08101108064875,0.0795497211256064,0.1152519345551729,-0.003158118808642,0.0124696465209126,-0.0153638459742069,-0.1687909247800707,-0.0330529592961072,-0.0773947898477315,0.0166119430214166,0.0057409927248954,0.0058783660642802,-0.0095195234954357,-0.000910100582242,0.1650397555530071,-0.0022494536824524,0.0288405399769544,-0.0324333123862743
1774470457424498400,119.63649853515624,-0.0896696034006774,0.0891085993838962,0.0957633902311325,-0.0026430343277752,0.0111985718831419,-0.0204263292253017,-0.1665957528233528,-0.0647550885051488,-0.1116144548356533,0.0139354644343256,0.0175486505031585,0.0096880178898572,0.0026478841602802,-0.0124292734622955,0.2482376787215471,0.0004983992548659,0.0060804095119237,-0.0394551344215869
1774470457434525400,119.646525390625,-0.1267594169974327,0.1023326125536114,0.0637508798986673,-0.0024259868077933,0.0080358013510704,-0.0177796799689531,-0.1484986628577113,-0.109932785359025,-0.1191466039061546,0.0108592361211776,0.0338025614619255,0.0149299250915646,-0.0344387145660817,-0.0057779988795518,0.2376841360032558,-0.0019351973896846,-0.0122940698638558,-0.0414248071610927
1774470457444552700,119.656552734375,-0.1491279006719589,0.1143129823377821,0.055416766795516,-0.0017704863566905,0.0023883322719484,-0.0174572393298149,-0.1734860968589782,-0.1417003810197115,-0.1017646764725446,0.002850045915693,0.0513266921043396,0.0188684724271297,-0.0353765799380838,0.0218757317215204,0.2259587730266153,-0.0052786264568567,-0.0289081390947103,-0.0408337712287902
1774470457454579700,119.66657983398436,-0.1339190794937312,0.1159072475255932,0.0544838698595762,-0.0013161511160433,0.0014993692748248,-0.0164308585226535,-0.2131267639823257,-0.1494710150212049,-0.0851642548054456,0.0015572649426758,0.0615174956619739,0.0265690833330154,0.0087666593015193,0.0386380659520626,0.2412614099681377,-0.0023664603941142,-0.0379892513155937,-0.0454109460115432
1774470457464605700,119.67660571289062,-0.1108047458879649,0.1063269976857118,0.0453004464507103,-0.0021160203032195,0.0030489722266793,-0.0136630097404122,-0.2480618837632238,-0.102664840182662,-0.0809901839911937,0.0031562270596623,0.0659447312355041,0.0375074855983257,0.058766734810546,0.0285889656245708,0.2069223563842475,-0.0115610072389245,-0.05281538143754,-0.0457514151930809
1774470457474632400,119.68663256835936,-0.0852618699610233,0.0892029540033079,0.0431961676478385,0.00474055390805,-0.0030118492431938,-0.0176801215857267,-0.2950457532562315,-0.0671060355454683,-0.1023632268875837,0.0079329349100589,0.0652754232287406,0.0598569475114345,0.1100162989240139,0.0221714997977018,0.1435115220949053,-0.0232837088406085,-0.0688361525535583,-0.0494835674762725
1774470457484659700,119.69665966796876,-0.078321695434302,0.0730747986236121,0.0572644404888153,0.0054026637226343,0.0017937049269676,-0.0213139094412326,-0.3550584695398807,-0.0641091918170452,-0.1180903728514909,0.0090155098587274,0.0688991844654083,0.0967686250805854,0.1499030497629195,0.0397007267475128,0.1361786949887871,-0.0359852276742458,-0.0703903660178184,-0.0486495234072208
1774470457494686700,119.70668676757812,-0.0634561347357928,0.0542926033374853,0.0795417387485504,0.0072730020619928,-0.0013831797987222,-0.0197327900677919,-0.3873717163845896,-0.0900473506718873,-0.0819903009444475,0.0010723026935011,0.0803901925683021,0.1415430903434753,0.1434193868320435,0.1068248824715614,0.159263071847707,-0.0283230431377887,-0.0602482520043849,-0.0478694848716259
1774470457504713500,119.71671337890623,-0.0504142823331058,0.04666672070208,0.0981347955375909,0.0102718202397227,-0.0053113419562578,-0.0211643241345882,-0.4047191570267081,-0.0837076262563467,-0.0159317286252975,-0.0122395073994994,0.1013138517737388,0.1935082823038101,0.1194949789524078,0.0979974328935146,0.1752110209554433,-0.0170340687036514,-0.0396620295941829,-0.0441748276352882
1774470457514740700,119.72674072265625,-0.0421925435632467,0.0455718655369244,0.1142950722217559,0.0145515194162726,-0.0027078352868556,-0.0191712155938148,-0.3823915898844599,-0.0789244836330413,-0.0118418289631605,-0.0261835623532533,0.1299200356006622,0.2410324066877365,0.0958428121428936,0.0832224730879068,0.1213581424757838,-0.008713555522263,-0.020790334790945,-0.0356798768043518
1774470457524766700,119.7367666015625,-0.0484833142705261,0.0474916637515183,0.1096370172828435,0.0165149457752704,-0.0028216266073286,-0.0186770260334014,-0.302823693781346,-0.0749362907797098,-0.0432592960119247,-0.039466343820095,0.1654434204101562,0.280245304107666,0.0955798503577709,0.0947726256281137,0.0425061395570635,-0.0134073346853256,-0.0082730976864695,-0.0259380005300045
1774470457534793700,119.74679370117188,-0.0723698012925684,0.0594565254393033,0.0913555106610059,0.0164374485611915,-0.0030935355462133,-0.0219151638448238,-0.2115709128424525,-0.0232505272060632,-0.1107575457453727,-0.049794390797615,0.1963982433080673,0.3021575808525085,0.1398983730990439,0.0965916577488184,0.0261614462167024,-0.0250908881425857,-0.0008830917067825,-0.0173242725431919
1774470457544820500,119.75682055664062,-0.0704839875459671,0.0607062880383804,0.0690308661282062,0.0187226347625255,-0.0030913739465177,-0.0229630060493946,-0.1644578640118241,-0.0469838694930076,-0.2106593509554863,-0.0524133443832397,0.2211081087589264,0.3107715845108032,0.1337094553310424,0.0728653297245502,0.0863055337950587,-0.0246472116559743,0.0097173061221838,-0.005650442559272
1774470457554847500,119.76684741210936,-0.0750577252022922,0.0597592438460793,0.0374053092867135,0.0164530891925096,0.0028426814824342,-0.0226117353886365,-0.1226513971567153,-0.1163806463241577,-0.2853910590738058,-0.0554795451462268,0.22898530960083,0.3040170967578888,0.096027667190507,-0.0259364052891731,0.1215527882650494,-0.0046047940850257,0.0171219576150178,-0.0001595374196767
1774470457564874800,119.77687475585938,-0.0893752966292202,0.0454087017313111,0.012894552886486,0.0169867854565382,0.0060837632045149,-0.0238542240113019,-0.1082068383492529,-0.2241021853744983,-0.2877472668111324,-0.0512035712599754,0.2199220359325409,0.2879848778247833,0.1047779598791152,-0.1098521213382482,0.0786582339122891,0.0022692098282277,0.0192083343863487,-0.0052241412922739
1774470457574901500,119.78690161132812,-0.0842303349561989,0.0339162433282472,-0.007603460741043,0.0165905077010393,0.0088081769645214,-0.0265421532094478,-0.0826592862471938,-0.2912590743243694,-0.2396750175595283,-0.0497624613344669,0.206734761595726,0.2681320011615753,0.1768436636585742,-0.1220616145700216,0.0126122288137674,-0.0025846676435321,0.0269749127328395,-0.0237775854766368
1774470457584927500,119.79692749023438,-0.0856605138897895,0.0336310697113163,-0.0114940384387969,0.0140076056122779,0.0079152164980769,-0.0288006067276,-0.0350853419065475,-0.2960129908531904,-0.1028793597161769,-0.0539372339844703,0.1916098743677139,0.245515376329422,0.2460322045665234,-0.0455617277354001,0.0012964695513248,-0.0058822473511099,0.0325886793434619,-0.0439828895032405
1774470457594954500,119.80695458984376,-0.0846108587063848,0.0268679048524703,-0.0047299511313438,0.0142803126946091,0.0061945477500557,-0.0323636494576931,0.032186113333702,-0.2867179237633943,0.0065191726356744,-0.0530539900064468,0.1785042583942413,0.2298840582370758,0.2372925063371658,0.0741647218853235,0.0449962028071284,-0.001151674427092,0.0581728667020797,-0.052346546202898
1774470457604981800,119.81698168945312,-0.0786677323929965,0.0255998120122589,0.0043576106876134,0.0188769530504941,-0.0016185599379241,-0.03156478703022,0.1585489322289824,-0.275157249829173,0.0562695842325687,-0.0552058219909668,0.1679711788892746,0.2103508412837982,0.1833376287877559,0.1264613108336925,0.0416430929869413,0.0158769283443689,0.1028110235929489,-0.0581302158534526
1774470457615008500,119.82700854492188,-0.0776549020886421,0.0160401665689889,0.0331628494113683,0.0170388408005237,-0.0083675431087613,-0.0300363972783088,0.2576838447198271,-0.2265729594022035,0.0813543411284685,-0.0557284019887447,0.1633224785327911,0.1926459521055221,0.1302303079783916,0.1389063663870096,-0.0020370587855577,0.0204487778246402,0.1603198647499084,-0.0478565394878387
1774470457625035500,119.83703540039062,-0.0886345612645149,-0.0040370186974294,0.0635346067994832,0.014645698480308,-0.0109863020479679,-0.0333945602178573,0.2959948706746101,-0.1316232236415147,0.1124468140065669,-0.0503160618245601,0.1563082337379455,0.1719923466444015,0.0651285249274224,0.0776537330448627,-0.0593120206683874,0.0145787792280316,0.2185998857021331,-0.0396403521299362
1774470457635062800,119.84706274414064,-0.1121112984418869,-0.0171551512067206,0.0847895762741565,0.0135343614965677,-0.0107655264437198,-0.0351772792637348,0.3128127344846725,-0.0492325252026319,0.0900192936211824,-0.0459493808448314,0.1449683308601379,0.1489598453044891,0.0517652585506439,-0.0119160632431507,-0.0829942172899842,0.0053051197901368,0.2658560574054718,-0.0267565101385116
1774470457645088800,119.8570888671875,-0.1236633506782352,-0.0133979723639786,0.0954021557033062,0.0147234331816434,-0.0091399680823087,-0.0341631844639778,0.2979822450995445,0.0222264448553323,0.0286199452847242,-0.0494770072400569,0.1253557503223419,0.1214879974722862,0.014351181435585,-0.1377811617493629,0.0110753746353089,0.0155608663335442,0.3023439645767212,-0.0106902364641428
1774470457655115500,119.86711547851564,-0.1279610478721559,-0.0217781439654063,0.1107926170587539,0.0120624024420976,-0.0092329122126102,-0.0326760783791542,0.2793741368718445,0.0270382290512323,-0.0282470203191041,-0.0578250288963317,0.1021654233336448,0.0877333134412765,0.0485690197926014,-0.2452367433398961,0.0689618925452232,0.0227623209357261,0.3200454711914062,-0.0055609880946576
1774470457665142500,119.877142578125,-0.1589500603757798,-0.0072780829778872,0.1304261228114366,0.0149971628561615,-0.0179743599146604,-0.0268285274505615,0.2165847954817116,-0.0080091189324855,0.010887889239192,-0.0641753375530242,0.0672468543052673,0.055549006909132,0.1135889697790145,-0.2058247704058885,0.1109679736256599,0.026205088943243,0.3139283657073974,-0.0079524554312229
1774470457675169800,119.88716967773438,-0.2416914719484746,0.0043624695258215,0.1433773743212223,0.0121800703927874,-0.0353722609579563,-0.0260426290333271,0.1208706512197852,-0.0196183081835508,0.154471015265584,-0.0673886239528656,0.028254235163331,0.0280035883188247,0.1390121648490428,-0.0325035087198019,0.210186180485785,0.028661323711276,0.294832170009613,-0.0143373850733041
1774470457685196500,119.89719653320311,-0.3613140228033065,0.0382825031131971,0.1561883405774831,0.0086575811728835,-0.0562634877860546,-0.0312577560544014,-0.0023860183537006,0.0127104284912347,0.3161357414275407,-0.0621816143393516,-0.0095677115023136,0.0138747207820415,0.1147393088579177,0.0567255113065242,0.2740434433683753,0.0242053214460611,0.2641517519950866,-0.0190820731222629
1774470457695223600,119.9072236328125,-0.4070294797956943,0.0675609671055804,0.168156426268816,0.0059454180300235,-0.0650303438305854,-0.0364945977926254,-0.1321460784718394,0.0807721573263406,0.3879138604372739,-0.0589492954313755,-0.0357986241579055,0.0174521058797836,0.1044072999358177,0.0153109663784503,0.2309920910187065,0.0124938050284981,0.2200588583946228,-0.0243426151573658
1774470457705249500,119.91724951171877,-0.4048129727900028,0.0677375383820384,0.1776104833126068,0.0016302980948239,-0.061188206076622,-0.0394437834620475,-0.2340828966408968,0.0946188963711261,0.3095587011247873,-0.0686890110373497,-0.0448693484067916,0.0350947491824626,0.144789579206705,-0.0278986452728509,0.1892046211250126,0.0088264634832739,0.1831858605146408,-0.0303489249199628
1774470457715276500,119.92727661132812,-0.3649146776437759,0.0857671160694211,0.1919102268218994,-0.0017646995838731,-0.0582853555679321,-0.036647193133831,-0.2836836706340312,0.0651852966159582,0.075256608775258,-0.089037574827671,-0.0248338039964437,0.0612074621021747,0.2092482420485466,-0.0486585247069597,0.1695296143181622,0.0042599416337907,0.1650111079216003,-0.0381748899817466
1774470457725303600,119.93730346679688,-0.3489192361325025,0.1213647731459699,0.1856511664271354,-0.0056628184393048,-0.0520680733025074,-0.030199110507965,-0.3042433513209223,0.0378168126970529,-0.1346224054574966,-0.1144553124904632,0.0220735166221857,0.0938785895705223,0.1997615248441696,-0.0196510414093732,0.0761009506449103,-0.0178098753094673,0.1619817316532135,-0.0501303188502788
1774470457735330600,119.94733056640624,-0.2510498135328293,0.1662403817807324,0.1422638601213693,-0.0094516975805163,-0.0357612743973732,-0.0173307154327631,-0.3091168025761842,0.0588993482142686,-0.2471282561749219,-0.1250476241111755,0.0779935643076896,0.1268792748451233,0.1253822834253311,0.0116156189918518,-0.0301464241996407,-0.048420250415802,0.1638762950897216,-0.0583312585949897
1774470457745357600,119.95735766601562,-0.0868270734511315,0.1616749187624082,0.0404044911026954,-0.0078808451071381,-0.0157160907983779,-0.0056124329566955,-0.2891945430099964,0.1470166076064109,-0.286591667035222,-0.1153555884957313,0.1267589777708053,0.1565258502960205,0.0474409656107425,0.0269330151110887,-0.1083709428697824,-0.0752454176545143,0.1538985222578048,-0.0561571605503559
1774470457755384600,119.96738452148438,0.058125587362796,0.1244115478301886,-0.0603004471838474,-0.0057961228303611,0.0049825287424027,0.0057912226766347,-0.2235281848788261,0.2299427280962467,-0.2848462846726179,-0.091668389737606,0.1689474880695343,0.1828653216361999,0.0450304704029113,0.0220925893425941,-0.1273461308442056,-0.089080274105072,0.123363509774208,-0.0545483455061912
1774470457765410600,119.97741064453125,0.1198738952673971,0.0737121010133065,-0.1551397083073854,-0.0056506637483835,0.0187197811901569,0.0187471993267536,-0.1682102022826671,0.270077170085907,-0.3034913639098405,-0.0643842965364456,0.2042988240718841,0.2067147344350814,0.1491735664445906,0.0826531487673521,-0.0972815397091209,-0.0800623744726181,0.0858945697546005,-0.0598974898457527
1774470457775437600,119.9874375,0.1452542741090059,0.0082450191807467,-0.2519534843742847,-0.0003451143857091,0.028512492775917,0.0264149755239486,-0.0560100565135478,0.2788379841685295,-0.3472971878886222,-0.0443127527832984,0.2289855331182479,0.2212403118610382,0.2062881501339376,0.2440986792206764,-0.0606214958317577,-0.0676957219839096,0.0619114786386489,-0.0686664804816246
1774470457785464600,119.99746459960936,0.1069483627207577,-0.0369342120430897,-0.2745569458484649,-0.002523556118831,0.0258323587477207,0.0319585278630256,0.0596948825061321,0.2275274836480617,-0.2944055556565523,-0.0342950075864791,0.2424952089786529,0.2214389890432357,0.2087982332587242,0.3728945704817771,-0.0199731129705905,-0.0518140867352485,0.0477074794471263,-0.0796102657914161
1774470457795491600,120.00749169921876,0.0345516734212636,-0.039500491467677,-0.2280523843050003,0.004207317251712,0.0258992053568363,0.0333271250128746,0.1653659187674522,0.1651969919413328,-0.2067372090756893,-0.0312047414481639,0.2448100298643112,0.2064883261919021,0.1625063646178692,0.3880214124649763,-0.0407746395893394,-0.0320465080440044,0.039959542453289,-0.0860636383295059
1774470457805518600,120.0175185546875,0.0964011036127805,0.0040814788936637,-0.1192757832437753,0.0128852529451251,0.0189643930643796,0.0404327437281608,0.2390086626052856,0.1264367609143257,-0.0690782124012708,-0.0276233218610286,0.2294859290122985,0.1776990294456482,0.1034101786572486,0.2847971848338842,-0.0991015947431325,-0.012217054143548,0.0509924106299877,-0.0775771662592887
1774470457815545600,120.02754565429689,0.0588167844973504,0.0487135976287536,0.0232166249364614,0.0145582500845193,0.0114939603954553,0.0452424138784408,0.2987257569432258,0.0933013840317726,0.0473790062904357,-0.0227241311222314,0.2021833658218383,0.140363335609436,0.0472281996428966,0.2027063461244106,-0.1414931680098176,0.0013261846033856,0.0782725065946579,-0.0630275160074234
1774470457825571600,120.03757153320312,-0.0394990666955709,0.1032791270229499,0.1136550207525491,0.0111582167446613,0.0252124890685081,0.0428354777395725,0.3249177444286644,0.0553062921583652,0.150481653368473,-0.016796201467514,0.1739535927772522,0.0973532870411872,0.0230489402193576,0.1739963844686746,-0.1675713198572397,0.0101154027506709,0.1235395297408104,-0.0414922721683979
1774470457835598600,120.0475986328125,-0.0288533156491816,0.1117923595526721,0.1217272680491209,0.0078806644305586,0.0444061607122421,0.040556076914072,0.3124010849438607,0.0338227746248245,0.2429793198019266,-0.0157632492482662,0.1488743871450424,0.0556373484432697,-0.0091852500397712,0.1437041220575571,-0.1685707061581313,0.0103369783610105,0.1686255037784576,-0.0179014597088098
1774470457845625600,120.05762548828125,0.0724256231330335,0.0464646679244935,0.090682141444087,0.006338451988995,0.0700079947710037,0.0360097140073776,0.2554663148008286,0.0404904158204793,0.3009855185687541,-0.0185992494225502,0.1281712502241134,0.0176633335649967,-0.0425858537297695,0.1118418338507413,-0.1719736464694142,-0.0019595944322645,0.1933397501707077,0.01001887768507
1774470457855652600,120.06765258789062,0.1795328296773135,-0.0323376506336033,0.0598410129785537,0.004179161041975,0.0976593345403671,0.0279816165566444,0.2019993668988347,0.0930371801376342,0.3218202168047428,-0.022798765450716,0.1165976226329803,-0.0117726027965545,-0.02633388017416,0.0606505757957696,-0.1551119435176253,-0.0216811001300811,0.1886049211025238,0.0243607982993125
1774470457865679600,120.0776796875,0.2428590544231235,-0.0645987928317394,-0.0008908113598823,0.0014924675924703,0.1185004189610481,0.0181276053190231,0.1909841980181634,0.1516255627065897,0.2301478952795267,-0.0263234600424766,0.114076942205429,-0.0359035059809684,-0.0164016111593693,0.0018903437912464,-0.0668399319551885,-0.0337619297206401,0.1601600348949432,0.0359202809631824
1774470457875706600,120.08770654296876,0.281308173674345,-0.0668536225538235,-0.1053852050572633,-0.0016444697976112,0.1225928962230682,0.0136319231241941,0.2065859640367329,0.2564151399582624,0.1378156485408544,-0.027375753968954,0.1157898381352424,-0.0569522529840469,-0.0273439339995384,-0.0078021981835365,0.0173474406421184,-0.0320654958486557,0.1224331781268119,0.0434162802994251
1774470457885732600,120.09773266601565,0.2271528051167726,-0.082502533916058,-0.1339385148465633,-0.0016281277639791,0.1050248593091964,0.0096387127414345,0.2269873854219913,0.3118529495418071,0.0658656800955534,-0.0189228821545839,0.1131458505988121,-0.0804266855120658,-0.0781891550958156,0.0118470896601676,0.0756505765289068,-0.027469765394926,0.0872261077165603,0.0491436310112476
1774470457895759600,120.10775952148435,0.0862730928301811,-0.1203520707057788,-0.0839747527599334,0.0016025528311729,0.0752102360129356,0.0083556016907095,0.2582537535622716,0.3108791360735893,0.0518207881301641,-0.0076327193528413,0.1033486127853393,-0.1046030968427658,-0.11850940198116,0.0859054285615682,0.0772226481512188,-0.026104362681508,0.0614150203764438,0.045794703066349
1774470457905786600,120.11778662109376,0.0239501999080181,-0.0822454812819138,0.0403588983952999,0.0085301604121923,0.0445104017853736,0.0085461111739277,0.2444339025244116,0.2836246339231729,0.0273433494776487,0.0008987176697701,0.087913729250431,-0.123584508895874,-0.145655986777693,0.1444499719887971,0.0164838095501065,-0.0278945621103048,0.0332304015755653,0.0319784805178642
1774470457915813600,120.12781372070312,-0.1111351468861103,-0.013625999833038,0.2476274378687143,0.0097357733175158,0.0097207315266132,0.0062102517113089,0.2076619227051734,0.2285305232107639,-0.001741875231266,0.0081549556925892,0.0701422393321991,-0.1375348716974258,-0.1463829858779907,0.1967787096410989,-0.0694870854631066,-0.0338254235684871,0.0088014919310808,0.0121970539912581
1774470457925840600,120.13784057617188,-0.3662565937720239,0.0303441387288272,0.4398170661538839,0.0146963950246572,-0.012282682582736,0.0094403363764286,0.1297954236924648,0.1468394974738359,-0.0323883579075336,0.0158211290836334,0.0574602708220481,-0.1470223814249038,-0.1105180379010736,0.2791360903322696,-0.1523804727271199,-0.0467136427760124,-0.0018393341451883,-0.0088214762508869
1774470457935867600,120.14786767578126,-0.4148246637165546,0.0336561493536457,0.5237520714253187,0.0169411730021238,-0.0191762745380401,0.0103791002184152,0.0224254745587706,0.0682429306209087,-0.1058726963132619,0.0252328217029571,0.0459733121097087,-0.1470336318016052,-0.1196085223294794,0.3439858713835477,-0.245818927142024,-0.0599596761167049,0.0085568474605679,-0.028946716338396
1774470457945893600,120.1578935546875,-0.2318563066326081,0.0043425318494904,0.4794149170488119,0.0135576510801911,-0.0115092638880014,0.007571474649012,-0.0551721443846821,-0.0191594585001468,-0.2050397575080394,0.03200364112854,0.0422534085810184,-0.1362238675355911,-0.1728044712703675,0.3636228842675685,-0.3073834029123187,-0.0712895467877388,0.0282398015260696,-0.0397062823176384
1774470457955920600,120.16792065429688,-0.1073952297054231,-0.0291525360577739,0.3840817349284887,0.0104683842509984,-0.0032143155112862,-0.0003655441105365,-0.113884737855196,-0.0978057097136974,-0.2837240026444196,0.0376701653003692,0.0421788915991783,-0.1088115349411964,-0.1995792270798236,0.3497784833103418,-0.3164472915947437,-0.0861622393131256,0.0510489754378795,-0.0444448441267013
1774470457965947600,120.17794775390624,-0.0896228416495025,-0.0274415902543114,0.3038648733973503,0.0054877889342606,0.0076750018633902,-0.008211082778871,-0.1468342367768287,-0.1487123056083917,-0.301567702370882,0.044777076691389,0.0431474819779396,-0.0755494460463523,-0.1816904461026191,0.2812526440948247,-0.274588510030508,-0.0910929813981056,0.065500795841217,-0.045868132263422
1774470457975974700,120.187974609375,-0.0353996685527265,-0.0165435540804406,0.2019932294189929,0.0021391303744167,0.0250385459512472,-0.0042735985480248,-0.199692697391659,-0.2206178503900766,-0.3106026572197675,0.054552886635065,0.0417139567434787,-0.0389926470816135,-0.1445311474662274,0.2075169612765312,-0.2447247021645307,-0.0970171838998794,0.0666203796863555,-0.0509707480669021
1774470457986001400,120.19800146484376,0.0495522586762905,0.0147454505833331,-0.0132540338486433,0.0010471140267327,0.0423077121376991,0.0035828808322548,-0.2562674020506441,-0.3055915510594845,-0.3333317909002304,0.0620483569800853,0.0422756187617778,-0.0002958524273708,-0.1055178915262222,0.1584954484760761,-0.2297059967309236,-0.1027258709073066,0.0509516708552837,-0.052260223776102
1774470457996028700,120.20802856445312,0.1014021267704665,0.0556633026022231,-0.2557218969970941,-0.0028954294975847,0.0591567307710647,0.0142970439046621,-0.305831205034256,-0.4104717292040586,-0.3224561766207218,0.0637172162532806,0.0425682999193668,0.0447423346340656,-0.0737947195291519,0.1253606561154127,-0.2555404029503464,-0.1059464365243911,0.0318035408854484,-0.0503840297460556
1774470458006054700,120.2180546875,0.0495019897937774,0.0556673166236374,-0.3811871825307607,0.0016112917801365,0.0628977715969085,0.0183108057826757,-0.3546703470051288,-0.4732879586011171,-0.3529126896828413,0.0522318072617054,0.0514811016619205,0.0920395404100418,-0.0453144749760627,0.0558113190710544,-0.221993522657454,-0.1027432605624198,0.0005281185731291,-0.041872464120388
1774470458016081000,120.22808081054689,0.0378320102661848,0.0594602517663501,-0.4158183509290218,0.0093938475474715,0.0580225959420204,0.0215835645794868,-0.3303822934448719,-0.4029740669250488,-0.3327998759806156,0.0298752784729003,0.0678999200463295,0.1473092883825302,-0.0152655198015272,-0.0327951851427555,-0.2239765131682157,-0.0899864584207534,-0.0350985862314701,-0.032641414552927
1774470458026108000,120.23810791015624,0.1621894806884229,0.1017607126834802,-0.3443623034805059,0.0123174171894788,0.0477106869220733,0.0214114263653755,-0.2269125666201114,-0.2801116573661565,-0.304745747885108,0.0001101910602301,0.0907567664980888,0.2036838680505752,0.0134568629443645,-0.1340922441035509,-0.2060071412354707,-0.0698313564062118,-0.0655503720045089,-0.0253749676048755
1774470458036135000,120.24813500976562,0.2305143905043601,0.1443161804081406,-0.185737675666809,0.0122172823175787,0.0274229925125837,0.0247542262077331,-0.1108909628666937,-0.1665741255134344,-0.3155202398777008,-0.0284019112586975,0.1223202794790268,0.2571775019168854,0.0353624783474951,-0.2128191593378782,-0.203460963883996,-0.0520718023180961,-0.0793460831046104,-0.0196704771369695
1774470458046162000,120.25816186523436,0.2251350355535745,0.1295389647133648,-0.028506548038125,0.0078290421515703,0.0129866395145654,0.0230039618909358,0.0109060094177722,-0.1133686050266027,-0.3418020976036787,-0.0469614788889884,0.1500046253204345,0.2912728786468506,0.0918599530518054,-0.2571177352696657,-0.2354652909100055,-0.0323818884789943,-0.0896113738417625,-0.0130819026380777
1774470458056189000,120.26818896484374,0.2123949425764381,0.0587530305121792,0.0574947421133518,0.0023144346196204,0.0098739368841052,0.016578022390604,0.1146621519684791,-0.09895721783638,-0.3211696439415216,-0.0605131201446056,0.1703695058822631,0.3042905628681183,0.1365478205621242,-0.3278729409724474,-0.2876370844349264,-0.0176823027431964,-0.1003833264112472,-0.0057166633196175
1774470458066215000,120.27821484375,0.2286678858548402,-0.0429777939231134,0.0849877291947603,-0.000970714376308,0.0172855798155069,0.0022003864869475,0.1773765284262597,-0.1087064584344625,-0.2628214998692273,-0.0638663098216056,0.1673255115747451,0.2933146059513092,0.1972141784489154,-0.4568097020089626,-0.2551864749461412,-0.0053159827366471,-0.1051104366779327,-0.0046070935204625
1774470458076241700,120.28824169921874,0.2049031255163252,-0.1423655760633293,0.0728928022533655,-0.0012530094245448,0.0196251664310693,-0.0114456508308649,0.2512356914937496,-0.1191489419937133,-0.1552373234629631,-0.057629931718111,0.1421008110046386,0.2550995349884033,0.2586661337554454,-0.5451800593793392,-0.1849707829475402,0.0169150214642286,-0.1010022461414337,-0.0065008671954274
1774470458086269000,120.29826904296876,0.1047024834901094,-0.2197909528455696,0.0680021076023578,-0.0020840368233621,0.013922719284892,-0.0225517973303794,0.3576704056039452,-0.1705629028886556,0.0174187523126602,-0.0470643751323223,0.1027384847402572,0.193315252661705,0.3426011390268802,-0.5391325959086418,-0.0941661841675639,0.0389810726046562,-0.0795410275459289,-0.0120184635743498
1774470458096296000,120.3082958984375,-0.0036116146259009,-0.2723029929092154,0.1003501334995031,-0.0020720525644719,0.0049084518104791,-0.0346249714493751,0.4557186919018626,-0.1898795977771282,0.1735755287081003,-0.0383874997496604,0.0583109371364116,0.1204897537827491,0.4365292035896331,-0.4484270735889673,-0.0105462361946701,0.051053449511528,-0.0416722074151039,-0.0222127772867679
1774470458106322700,120.31832275390624,-0.0535858981065452,-0.2893703014357015,0.1331733756929635,-0.0024956888519227,-0.0041833762079477,-0.0498703718185424,0.5218960682950914,-0.1952951930850744,0.3169938195616006,-0.0310369096696376,0.0061001973226666,0.0496230311691761,0.4604524424254894,-0.3482370990872382,0.0415668128803372,0.0520440489053726,-1.25095248222e-05,-0.0279284939169883
1774470458116350000,120.32834985351562,-0.0650770139358937,-0.2491049265427515,0.1671627390563488,-0.003803567495197,-0.0114013412967324,-0.0551255866885185,0.5245424911506473,-0.1539426074773073,0.3856313024580478,-0.0249214265495538,-0.046728927642107,-0.0131669156253337,0.445908441831544,-0.253049462917447,0.0620928835585713,0.0475864484906196,0.0328871197998523,-0.0309077724814414
1774470458126376000,120.3383759765625,-0.0686957889549434,-0.1658751834638416,0.225921217495203,-0.0110821798443794,-0.0159580539911985,-0.0504831448197364,0.4693460891075432,-0.0663952569276094,0.4117968403279781,-0.0246151629835367,-0.0919552594423294,-0.0643067955970764,0.452243417006731,-0.2037970639705658,0.0565247280374169,0.0417409725487232,0.0550719127058982,-0.0231806691735982
1774470458136403000,120.34840283203124,-0.0469562508337199,-0.0541493817747803,0.2734370019078254,-0.0134364143013954,-0.0273638386279344,-0.0390738993883132,0.3820996212005615,0.0557791703671216,0.353539881670475,-0.0316331945359706,-0.1186482906341552,-0.1009859144687652,0.4650304178655147,-0.173801738679409,0.0493406617522239,0.0463003031909465,0.0783442109823226,-0.0059542772360146
1774470458146429700,120.3584296875,0.0041185412347316,0.0402639135882258,0.2731079160839319,-0.0172209367156028,-0.0367397516965866,-0.0284161493182182,0.3003942746773362,0.131367203053832,0.2482107907146215,-0.0405220314860343,-0.1321278661489486,-0.129363477230072,0.4151262039463967,-0.1727794098943471,0.015251929667592,0.0469903983175754,0.0974843502044677,0.0139692667871713
1774470458156457000,120.36845703125,0.0041015900999307,0.1241992293869145,0.2266658983826637,-0.0215946454554796,-0.0486334301531314,-0.0201710015535354,0.206043966114521,0.1294885497003793,0.1669137327313423,-0.0454067289829254,-0.1342912763357162,-0.1470869034528732,0.2849800671201199,-0.1783335368901491,-0.0751449650943279,0.0393820144236087,0.1062085926532745,0.0402496084570884
1774470458166484000,120.37848388671875,-0.0360322673678398,0.1816951588103547,0.1653752711176872,-0.0229432452470064,-0.0578350946307182,-0.0081941643729805,0.1210711422279477,0.0751157389998436,0.1628051283687353,-0.0408535189926624,-0.1273489445447921,-0.1534880697727203,0.1734277177352458,-0.0966232219308614,-0.1530669936865568,0.0320761837065219,0.1036597564816474,0.066101998090744
1774470458176510700,120.3885107421875,-0.0728263128884136,0.1896633612105622,0.1064075338423252,-0.0228388495743274,-0.0772450119256973,0.0020454237237572,0.0030113106451928,0.0903600698828697,0.1811310586541891,-0.0283017307519912,-0.1228699758648872,-0.1425579786300659,0.1501040522277355,0.050554713717103,-0.1583311978250741,0.0259690228849649,0.0967733561992645,0.0832658037543296
1774470458186536700,120.39853662109375,-0.1674405330844223,0.1543569604318589,0.0571826074242591,-0.0162310637533664,-0.1022567898035049,0.0133846430107951,-0.1212318857476115,0.1731570110350847,0.2362391978919505,-0.0201127752661705,-0.1201226636767387,-0.1118730381131172,0.1555833604216575,0.1386269649237394,-0.1186412847325205,0.0178843922913074,0.0844943150877952,0.0871465131640434
1774470458196564000,120.40856396484376,-0.3310644304901361,0.0928604992633219,0.0425496864378452,-0.0106285717338323,-0.1409493237733841,0.0247334390878677,-0.2624211023747921,0.2494377021610736,0.2363175238251686,-0.0142810251563787,-0.1193185523152351,-0.0628063827753067,0.0939876127302646,0.165175949153304,-0.1122656122207641,0.012323978357017,0.0719460323452949,0.0828934460878372
1774470458206591000,120.41859106445312,-0.468357954853028,0.0411301932950504,0.1158610063642263,-0.0035643433220684,-0.1680493354797363,0.0313321985304355,-0.3966951327860355,0.1973281602174043,0.085469375231862,-0.0206707473844289,-0.1015648543834686,-0.0019369034562259,0.0738345400828868,0.187779995149374,-0.1159188740313053,0.0075157089158892,0.0607306696474552,0.0679390206933021
