time,seconds_elapsed,imu1_accel_x,imu1_accel_y,imu1_accel_z,imu1_gyro_x,imu1_gyro_y,imu1_gyro_z,imu2_accel_x,imu2_accel_y,imu2_accel_z,imu2_gyro_x,imu2_gyro_y,imu2_gyro_z,imu3_accel_x,imu3_accel_y,imu3_accel_z,imu3_gyro_x,imu3_gyro_y,imu3_gyro_z
1774470523341357300,185.553357421875,0.0786614487826824,0.018119447927922,-0.0010889642804861,-0.013505732640624,-0.0411114357411861,0.0958474203944206,-0.1936766519725322,-0.2677519420087337,-0.3843827637016773,-0.1711592078208923,0.2316610515117645,0.2861559689044952,0.1194669219017028,0.0373696534514427,0.1195043313026428,0.0599690899252891,-0.1149831339716911,-0.0122810704633593
1774470523351384000,185.5633840332032,0.0512685610748827,-0.0393334643376991,-0.0088104984432458,-0.0176807697862386,-0.0405710786581039,0.0944370105862617,-0.1004805549461394,-0.24176059166193,-0.4893173023819923,-0.158480167388916,0.2280077338218689,0.2717397511005401,0.2386464051641523,0.1504395677924156,0.1855517977058887,0.0665004923939704,-0.1059965565800666,-0.011554560624063
1774470523361411000,185.5734111328125,-0.0103629885822534,-0.1002086061369627,-0.0099134912490844,-0.0184125211089849,-0.0463898032903671,0.0904047191143035,0.1542214244186878,-0.0031564182043075,-0.2888099276065826,-0.1132232025265693,0.2169473618268966,0.2540395855903625,0.2489161625050008,0.2840647789061069,0.2567790048345923,0.074211873114109,-0.0921500697731971,-0.0060081700794398
1774470523371438000,185.58343798828125,-0.0559824378542602,-0.1341055054439231,0.0011146832436323,-0.0176340788602828,-0.0479466877877712,0.0830623880028724,0.1524456469178199,0.0606324556171894,-0.0674035571873188,-0.0880717262625694,0.195106953382492,0.2287376672029495,0.2169042366944253,0.3606739713340997,0.2961941926389932,0.0756734162569046,-0.0656851753592491,0.005727581679821
1774470523381465000,185.59346508789065,-0.0693289722919464,-0.1466514275558292,0.0031786300361156,-0.0209230277687311,-0.0467931069433689,0.07546266913414,0.2364893732607364,-0.2319803714036941,-0.1755032819002866,-0.1015854030847549,0.1558530330657959,0.1865497231483459,0.1623205597221851,0.4103635926544666,0.3554983222618699,0.0777893140912056,-0.0214935466647148,0.0127076972275972
1774470523391492000,185.6034921875,-0.0857793179638683,-0.1503768960860557,0.0310731836557388,-0.0293580591678619,-0.0431022308766841,0.0610978454351425,0.4446072230398654,-0.4694067332535981,-0.2771317647725344,-0.1289403140544891,0.1016379594802856,0.1408490389585495,0.0548164628148078,0.3132745067775249,0.4223471681758761,0.0644346252083778,0.0246422570198774,0.0252831429243087
1774470523401519000,185.6135190429688,-0.0545529895730316,-0.1416082822894677,0.0764320822954177,-0.0363818518817424,-0.0395143404603004,0.0456527769565582,0.544154807984829,-0.518251720443368,-0.1577612889826297,-0.1360466927289962,0.061899334192276,0.0949553176760673,0.0226490541815757,0.2371633269995451,0.5103732421532273,0.0491889491677284,0.0767243430018425,0.0333952456712722
1774470523411546000,185.6235461425781,-0.0279115778196603,-0.1079256285213865,0.1232452713966369,-0.0410210788249969,-0.0383784994482994,0.0296655539423227,0.5226711443208157,-0.4035165032386779,0.0889946267485618,-0.121304303407669,0.0167356934398412,0.0425710082054138,-0.0404419735688716,0.1548410176217556,0.5937734098955989,0.0239770710468292,0.1362268179655075,0.0469872243702411
1774470523421573000,185.63357299804687,0.0271054490685462,-0.0895574299967847,0.1429226162910461,-0.0487999282777309,-0.0300428587943315,0.0063173249363899,0.5711502208076417,-0.1761725594639778,0.2651402982056141,-0.0899572968482971,-0.042441077530384,-0.0070836273953318,-0.1047884082078933,0.0879863264888524,0.6272405029505491,-0.0196907259523868,0.1669240146875381,0.0597213990986347
1774470523431599000,185.64359912109376,0.0957878670852631,-0.0790152671890333,0.1126572418868541,-0.0503067448735237,-0.0163611359894275,-0.009025945328176,0.6261679052829742,0.0814624776780605,0.2953694322526454,-0.0590841770172119,-0.0983442440629005,-0.0460649989545345,0.0072515785634517,0.0116354927361011,0.673498396256566,-0.0526659861207008,0.161361739039421,0.0416720919311046
1774470523441626000,185.6536262207032,0.1283966628104448,-0.0578778962120413,0.0581850624650716,-0.0550337061285972,-0.0053754588589072,-0.0224933996796607,0.5788683939695358,0.196349670574069,0.21003683514297,-0.042686827480793,-0.143390268087387,-0.0774327740073204,-0.0307377411562949,-0.1568342372655868,0.7564049352630973,-0.074066050350666,0.122474804520607,0.0158898998051881
1774470523451653000,185.66365307617187,0.136775784099102,-0.0372043981534428,-0.0166033442765474,-0.053054179996252,0.0029908616561442,-0.0343021228909492,0.545116931015253,0.2624538356006145,0.092481884342432,-0.0311891306191682,-0.1673634648323059,-0.0918687433004379,-0.1606582525331527,-0.3101712800651788,0.7677198177427053,-0.0845935270190239,0.0843971893191337,-0.0326022692024707
1774470523461680000,185.67368017578124,0.1085247451920062,-0.0084821067390963,-0.0751455496162176,-0.0464426912367343,0.0108699053525924,-0.0412225909531116,0.518908138525486,0.3386182068705559,-0.0584755698442459,-0.031457845121622,-0.1808148175477981,-0.1094682440161705,-0.4531144276876002,-0.4537088133841753,0.6495671933099627,-0.0707286819815635,-0.0184067785739898,-0.036051906645298
1774470523471707100,185.68370703125,0.0524749411899596,0.0272012741258367,-0.116391167718172,-0.0423901565372943,0.0173475127667188,-0.047956395894289,0.4540881680905819,0.3521212470442056,-0.1420563548505306,-0.0282868444919586,-0.1717136949300766,-0.1061405837535858,-0.2224772875864058,-0.1787567307382822,0.3092497813060879,-0.072708211839199,-0.248164877295494,0.1057249382138252
1774470523481734100,185.69373413085933,0.0053670799911022,0.063469359543547,-0.1464712486833334,-0.0357944406569004,0.0253472328186035,-0.0462596490979194,0.3599846738956868,0.4039186542987823,-0.1623427715539932,-0.0229469388723373,-0.1884231716394424,-0.1124477460980415,0.4737479773283004,-0.0356657721430063,0.3660565411552786,-0.0927945375442504,-0.3158331215381622,0.0822194814682006
1774470523491761200,185.7037612304688,-0.0132820908993482,0.1183679842164739,-0.1563788947135209,-0.0296286903321743,0.0287496894598007,-0.0403612852096557,0.3505750405155122,0.3955746043235063,-0.0793184513866901,-0.0124266073107719,-0.2068129032850265,-0.1153922230005264,0.4281422643207013,-0.5146364525556564,0.6975298447072505,-0.1003509908914566,-0.2747866213321686,-0.0232393015176057
1774470523501788200,185.7137880859375,-0.0619710107445716,0.151527271697577,-0.1506377207130193,-0.024968184530735,0.0421026945114135,-0.0338926687836647,0.2964741786241531,0.3935784620702266,-0.0292138195246458,0.006727379746735,-0.2143677622079849,-0.1070948764681816,-0.2689690627135336,-0.3163151896476745,0.3648085869207978,-0.0979980751872062,-0.2811190187931061,-0.004012974910438
1774470523511815200,185.72381518554687,-0.0990029566742479,0.172551647286769,-0.1285106445789337,-0.0190168172121047,0.0481720380485057,-0.0270787049084901,0.2231881392695009,0.4029571157902479,-0.0652221214950084,0.0246808771044015,-0.2259018868207931,-0.0985024869441986,-0.3552196514509618,-0.0255482827544212,-0.0319715938001871,-0.0888477191329002,-0.3503172695636749,0.0620547235012054
1774470523521842200,185.73384228515624,-0.0963315455079078,0.187411618494708,-0.1074912374258041,-0.0129009196534752,0.0581627488136291,-0.0196902602910995,0.2382147357486188,0.3862397897452115,-0.0457967055350542,0.0336991399526596,-0.2354967147111892,-0.0865707248449325,0.1340378105025738,-0.317532164222002,-0.1920069651946425,-0.0692372769117355,-0.3803311586380005,0.0083247497677803
1774470523531869200,185.743869140625,-0.0605037877362221,0.1692977235247381,-0.0500642998516559,-0.0095836864784359,0.0715153142809867,-0.01367923989892,0.2171827613748609,0.360955126363039,-0.0415413861781358,0.0377132073044776,-0.2497737109661102,-0.0683894753456115,0.1395031632363796,-0.6333738911390304,-0.4640025361225008,-0.0510873012244701,-0.3831205666065216,-0.0406222864985466
1774470523541896200,185.7538962402344,-0.0698315880518406,0.1414904097971506,0.0107096100628376,-0.0120303900912404,0.0775287970900535,-0.0025339680723845,0.3039536476593464,0.3009656448245048,-0.0167547354459762,0.0396948643028736,-0.2514600157737732,-0.054036371409893,-0.1427903682135045,-0.3371241689205169,-0.7419269125774502,-0.0476058796048164,-0.3620675504207611,-0.0403790585696697
1774470523551923000,185.7639228515625,-0.0751910692583769,0.0876337684578262,0.0479185199946165,-0.0100961364805698,0.0842817723751068,0.0022935438901185,0.2788344039719552,0.2608715348452329,0.0092471362948417,0.0469527840614318,-0.2470430731773376,-0.035574272274971,-0.0976058762926608,-0.1477192029178142,-0.7596668596684932,-0.0560214705765247,-0.3179541528224945,-0.0632934272289276
1774470523561950200,185.7739501953125,-0.0965210767306387,0.0402787275648675,0.0588847351670265,-0.0087977917864918,0.0865488201379776,0.0047150338068604,0.3309494258083403,0.2372071661412715,-0.0315694427400827,0.0541912540793418,-0.2478335052728653,-0.025788489729166,0.0047534781374037,-0.088412442946434,-0.7589385453939438,-0.0770243927836418,-0.2748199105262756,-0.0771881565451622
1774470523571977200,185.78397729492187,-0.1220756430953741,-0.0205335598649457,0.0622340455949306,-0.007516810670495,0.0836499705910682,0.0084240194410085,0.3910509894192218,0.1782669013947248,-0.0661842445254325,0.0615271925926208,-0.2569178938865661,-0.0336823649704456,-0.0395710359532386,0.0123912795394659,-0.7038117014557123,-0.10013397783041,-0.2429275065660476,-0.0812691822648048
1774470523582004000,185.79400390625,-0.1502016673833131,-0.0590406381147913,0.0624888971388339,-0.0013826709473505,0.0778727605938911,0.0074754804372787,0.404566304552555,0.0599345364809036,-0.1959551182985305,0.0659994408488273,-0.262529194355011,-0.0451973415911197,-0.005391629910469,0.0737456196904182,-0.5525941350281238,-0.1064238920807838,-0.2485634833574295,-0.0973650366067886
1774470523592031200,185.80403125,-0.185346046000719,-0.087328045243211,0.0737052876800298,0.0017417497001588,0.0770876631140708,0.0054466845467686,0.4041618154048919,-0.0072281976878643,-0.3263549376249313,0.0708890110254287,-0.2669518589973449,-0.0668504312634468,0.0758650960624218,0.0298515329062938,-0.4857531801596284,-0.098910316824913,-0.318036824464798,-0.1226853132247924
1774470523602058200,185.81405834960933,-0.213138308289647,-0.0959279514093883,0.0569452915370464,0.0107156354933977,0.0766940414905548,0.0018127132207155,0.3947606575921177,0.0333615868538618,-0.36169922272861,0.0845760628581047,-0.2687627971172333,-0.0871911272406578,0.0355376887839287,-0.0677700524121522,-0.5293292870357632,-0.0909532830119133,-0.4226794242858886,-0.140810415148735
1774470523612085000,185.8240849609375,-0.2323427749752998,-0.0826612590085715,0.0491664742290973,0.0124264508485794,0.0760900378227233,-0.0022304975427687,0.3196681533373892,0.1323521224379539,-0.4213958588004112,0.097734734416008,-0.2750387489795685,-0.1097185388207435,-0.0580115325290709,-0.0824953278571367,-0.5476166388764977,-0.0929493233561515,-0.5292269587516785,-0.1430016607046127
1774470523622111000,185.8341110839844,-0.216581142219901,-0.072322199291177,0.0603933861643075,0.0118918055668473,0.0766861885786056,-0.0072195380926132,0.2765713544107973,0.1957476130276918,-0.4594342052936553,0.1051870584487915,-0.2730579078197479,-0.1355658620595932,-0.0966870078820735,-0.0191693953722715,-0.4544894423678517,-0.0955034792423248,-0.6161030530929565,-0.1397586613893509
1774470523632138200,185.8441381835937,-0.1967173348426818,-0.0626755057521164,0.0681646046876907,0.0092150624841451,0.0762686058878898,-0.0044194906949996,0.2293254729807376,0.1872925038933753,-0.4597498471140861,0.1080488488078117,-0.2711431682109833,-0.1580263823270797,-0.0934194574534893,0.024125556474924,-0.3094891430199146,-0.0851344615221023,-0.7012142539024353,-0.1475670486688614
1774470523642165200,185.85416528320312,-0.1664998912334442,-0.0421055959321558,0.0808650963068008,0.0118534686043858,0.0756520628929138,-0.0038536610081791,0.1996609870791435,0.169448804166913,-0.4375742556631565,0.1060690507292747,-0.2697117328643799,-0.1750921905040741,-0.0949112303812056,-0.0148421798229217,-0.2789417368039488,-0.0821078866720199,-0.8128224015235901,-0.1589056551456451
1774470523652192000,185.86419189453125,-0.1721457881659269,-0.0505148018318228,0.0958417161643505,0.0094118826091289,0.0691627413034439,-0.0020680115558207,0.1973544637024402,0.114688455453515,-0.3626964170724153,0.1101301088929176,-0.2635984420776367,-0.1920056641101837,-0.1410404558062553,-0.0541910243928432,-0.3030433278813958,-0.0771480202674865,-0.950596272945404,-0.1582569181919098
1774470523662219000,185.87421899414065,-0.165906163123995,-0.0594038819366134,0.1001104795247316,0.0077133728191256,0.064994528889656,0.0005367062985897,0.2024177384413778,0.0836842453807592,-0.2379752279043197,0.1123927310109138,-0.24943308532238,-0.2073984593153,0.0077028294622898,-0.0583271012842655,-0.270035961292684,-0.0623836740851402,-1.0754050016403198,-0.1851798444986343
1774470523672246300,185.88424633789063,-0.1411000770390033,-0.0583861745277419,0.1011146881312131,0.010769615881145,0.0615486577153205,0.0031290268525481,0.1864671589851379,0.1058452237844467,-0.1402910987436771,0.1150126010179519,-0.2467551231384277,-0.2154192179441452,0.1987292591869831,-0.0951321065902709,-0.2544935242459177,-0.0528178662061691,-1.1640595197677612,-0.2260465770959854
1774470523682273000,185.8942729492188,-0.1220920097082853,-0.0473814174432307,0.0815086549073457,0.0106874741613864,0.0598180294036865,0.0050920760259032,0.2343359215538948,0.109876671257615,-0.1152156941980123,0.1221093907952308,-0.2555217146873474,-0.2263467013835907,0.1720025803029537,-0.1063128412961959,-0.2937576131418347,-0.0560360625386238,-1.2002155780792236,-0.2703819572925567
1774470523692300000,185.90430004882813,-0.1205341858070343,-0.0436967193148098,0.0555757567495107,0.0098421871662139,0.0688067302107811,0.0027490276843309,0.272652573531866,0.0818739810883998,-0.1886456720679998,0.1186046972870826,-0.2676124274730682,-0.2324813306331634,-0.0015302783071994,-0.1429027425467968,-0.3596121873214841,-0.0562863983213901,-1.2313053607940674,-0.3078899085521698
1774470523702327300,185.9143273925781,-0.1256814855676144,-0.041885925299488,0.0407750779807567,0.0081946924328804,0.0750756785273552,0.0041817864403128,0.3025625586271286,0.0292132350027561,-0.2852215477257966,0.1069525703787803,-0.26864093542099,-0.2314991503953933,-0.0597884060084819,-0.225589209061861,-0.4402902366235852,-0.0543434545397758,-1.2689112424850464,-0.3407109677791595
1774470523712354300,185.92435424804688,-0.0546679942548275,-0.0406387565162964,-0.0040606735676527,0.0084945652633905,0.0885259732604026,0.0133052440360188,0.3232733382225036,-0.0345423210710287,-0.2624690331697464,0.0913761332631111,-0.2658058404922485,-0.224899411201477,-0.0510182761082425,-0.3239636585742235,-0.4880471363157033,-0.0601616576313972,-1.305655598640442,-0.3654716908931732
1774470523722381000,185.9343811035156,0.0018833295285701,-0.0233061663834378,-0.0480120434969663,0.0057755811139941,0.1024194508790969,0.0179493632167577,0.3204500974953174,-0.0991319898813962,-0.1470043326467275,0.0746283084154129,-0.259496808052063,-0.2109915912151336,-0.0318903635238297,-0.4277431820005178,-0.4656634550720453,-0.0771053805947303,-1.307825207710266,-0.3691237568855285
1774470523732408000,185.9444079589844,0.0255745862394571,-0.0067894592107273,-0.0929015710592269,0.0070333918556571,0.1175342202186584,0.0284696482121944,0.2570551914274692,-0.1784516103118658,-0.0800941119343042,0.0562740340828895,-0.248089849948883,-0.1969053000211715,-0.1336555879856459,-0.3914636618733406,-0.3312599530622362,-0.0870144739747047,-1.3283531665802002,-0.3462373614311218
1774470523742435300,185.9544353027344,0.0277028304398059,-0.0037537630429491,-0.1162087968885898,0.0086988778784871,0.1223679557442665,0.0311694163829088,0.2016308258473873,-0.1912894645750522,-0.0896066211670637,0.0403496623039245,-0.2310014069080352,-0.1858174949884414,-0.0837561233068816,-0.2022065799087286,-0.1638926313444972,-0.0815021768212318,-1.383511662483215,-0.3059276044368744
1774470523752462000,185.9644621582032,-0.0227769183449447,-0.0105182522092014,-0.1237210722148418,0.0097971651703119,0.1265866756439209,0.0294844340533018,0.1773242137171328,-0.1602577819734811,-0.1052782375514507,0.0279389675706625,-0.2145264893770218,-0.1754380166530609,0.0104980085721937,-0.0359258843839168,0.0266249720752239,-0.0487817786633968,-1.4295940399169922,-0.2627201974391937
1774470523762489000,185.97448901367187,-0.05863572884202,-0.0082017554277554,-0.1178027880817651,0.0133896619081497,0.1304175555706024,0.0244057588279247,0.1542353798788041,-0.1565922452032566,-0.1674509083479642,0.0145805533975362,-0.1920342296361923,-0.1653728634119033,0.1206792203009128,-0.0225479318946599,0.0313911635637283,-0.0113154603168368,-1.4595049619674685,-0.2433143854141235
1774470523772516400,185.98451635742188,-0.0769710114777088,0.0008091609584167,-0.0972603507906198,0.018016904592514,0.1318849623203277,0.0286396518349647,0.1184476618565618,-0.147790514588356,-0.2645382406592368,-0.0032029894646257,-0.1652666628360748,-0.1613940596580505,0.1512771876603365,-0.129489134222269,-0.1759124472230673,0.0066723288036882,-1.4666619300842283,-0.2307762205600738
1774470523782543000,185.99454321289065,-0.0617851327836513,0.0219742236599326,-0.0841045166194438,0.0150079429149627,0.1380956619977951,0.037123754620552,0.0873239901226013,-0.1217453882277011,-0.2707815189629793,-0.0145837422460317,-0.1416729241609573,-0.1593287885189056,0.0747024820238351,-0.1167202535420656,-0.4186310702621936,0.0074171056039631,-1.4609028100967407,-0.2026603072881698
1774470523792570000,186.00457006835936,-0.0235941530119627,0.0310075345410034,-0.0649275224626064,0.0113245248794555,0.1452454626560211,0.0456836819648742,0.0177064832128584,-0.088822777312994,-0.2479758129149675,-0.030045673251152,-0.1242858842015266,-0.1577672213315963,0.0259112708479166,-0.0089887776196002,-0.5355635052502155,-0.0103685492649674,-1.397973895072937,-0.1871141046285629
1774470523802597000,186.0145971679688,0.0200267428539693,0.0358526182183064,-0.0211550162315368,0.0058399802073836,0.1502459645271301,0.0518128313124179,-0.0370258084498345,-0.1065127477824687,-0.2219593281269073,-0.0494297593832016,-0.1221377775073051,-0.1643990278244018,0.0717442167401313,0.0632382542014122,-0.5607625361755489,-0.040769025683403,-1.2440247535705566,-0.1870038211345672
1774470523812624100,186.0246240234375,0.0454576828390359,0.0529899780400097,0.0213391406267881,-4.05459431931e-05,0.1539371013641357,0.0586161464452743,-0.0569007217429578,-0.1147843170434236,-0.1868932754427194,-0.0724279060959816,-0.1301586329936981,-0.1632076352834701,0.1017273036042228,0.0141968676567077,-0.5534390614196658,-0.0863639414310455,-1.0438586473464966,-0.2138002812862396
1774470523822650000,186.0346501464844,0.0694037910938262,0.0924985614825971,0.0715250210314989,-0.0008529109181836,0.1596421301364898,0.0657303184270858,-0.0089011724013835,-0.0371212316483259,-0.1650999613076448,-0.0861839279532432,-0.1503922641277313,-0.1766107976436615,0.1214613105893135,-0.1845598640590906,-0.5559723792895674,-0.1388864368200302,-0.8526521325111389,-0.2452690452337265
1774470523832677000,186.04467700195312,0.0837101104743778,0.107484259695746,0.1256669455856084,-0.0068287779577076,0.1622379124164581,0.0706366598606109,0.0781681123077869,0.0637128859758377,-0.1245236207693815,-0.0895963236689567,-0.1722259223461151,-0.1957553923130035,0.0947410614460706,-0.3656172729551792,-0.4916320090651512,-0.1817372292280197,-0.6744850277900696,-0.273602157831192
1774470523842704100,186.0547041015625,0.0531856467425823,0.0914752280505374,0.1672597696900367,-0.0027278985362499,0.1525259912014007,0.0676767751574516,0.1543045726574957,0.1567389601975679,-0.0773123722612857,-0.0893033742904663,-0.198291078209877,-0.2321309745311737,0.0566448838183656,-0.4502209712684154,-0.3231009042650461,-0.1952823102474212,-0.5233486890792847,-0.2955352365970611
1774470523852731100,186.06473120117187,0.0190039756774902,0.045988319117017,0.1706540883034467,-0.0004274601815268,0.1405281871557235,0.0564286485314369,0.3130255004525184,0.1599742888569831,-0.066463061466813,-0.0905833095312118,-0.2215087413787841,-0.2736813127994537,0.1066910634914413,-0.2750146264880895,-0.0470543043807148,-0.186729297041893,-0.4144054353237152,-0.3108041882514953
1774470523862758100,186.07475805664063,-0.035406098293513,-0.0197927331686951,0.1786503477543592,0.000715846021194,0.1304029077291488,0.0458000898361206,0.4191325169783085,0.1513765563815832,-0.0497159248054027,-0.0863179937005043,-0.2571282684803009,-0.3307315409183502,0.2359270632028579,-0.0881043999105691,0.0896001914262771,-0.1936407536268234,-0.2889479994773865,-0.3262946605682373
1774470523872785200,186.08478515625,-0.0567792873203754,-0.0699033198474906,0.1479372295826673,0.0100923031568527,0.1118164509534835,0.0387576296925544,0.4840041445352137,0.1192582475870847,0.0103881230235099,-0.0805236473679542,-0.3038215041160583,-0.3927595913410187,0.2962818709224462,-0.0391226345986127,0.0228632814541459,-0.2349831312894821,-0.1345083564519882,-0.3529028296470642
1774470523882812000,186.0948120117188,-0.0678038085512816,-0.105484555512201,0.1193698912680149,0.0134847089648246,0.0978874936699867,0.0322474986314773,0.4821545711457729,0.069074120748043,0.0376075538605451,-0.083190806210041,-0.3646981716156006,-0.4564621448516845,0.2851870609343052,-0.1081570078581571,-0.1039616019949317,-0.2773847579956054,0.0201704278588295,-0.3621345460414886
1774470523892839200,186.1048391113281,-0.0877677153021097,-0.1188086406560614,0.0996539679288864,0.0145758055150508,0.0868180617690086,0.0280700623989105,0.4775508036773651,-0.0412859501123428,0.0325187062889337,-0.0951048359274864,-0.4252474009990692,-0.5238037705421448,0.2213011564791202,-0.1196440320342779,-0.1350181267768144,-0.3081730306148529,0.1730651706457138,-0.3396375179290771
1774470523902866200,186.1148662109375,-0.0779414639450609,-0.1097110871660523,0.0873410143226385,0.0119134038686752,0.0841513723134994,0.0192226581275463,0.471152700138092,-0.0870849937349557,-0.023206103542447,-0.108643814921379,-0.4801311492919922,-0.5964220762252808,0.2498094580829143,-0.0521931285738945,-0.1269052552089095,-0.3218216896057129,0.2816389799118042,-0.3172739148139953
1774470523912893200,186.12489306640623,-0.0623334143161773,-0.090580617298372,0.1102028344720602,0.0051867915317416,0.0849873423576355,0.0162915829569101,0.4455786984205245,-0.0086556001424789,-0.0412298360109329,-0.0979968458414077,-0.5271560549736023,-0.6665952801704407,0.3373357658445834,-0.0238210205703973,-0.0103086280465126,-0.3103197813034057,0.3189996480941772,-0.2851508557796478
1774470523922920200,186.13492016601563,-0.0437600851409137,-0.0726551210399717,0.0972650269657373,-0.0001826065126806,0.0853041484951973,0.0137648349627852,0.4220387598138302,0.1656353833585977,-0.117025373968482,-0.076755478978157,-0.5618088841438293,-0.7422782778739929,0.4060709369618445,0.0433142410695552,0.1731757157355546,-0.2675248384475708,0.2970971167087555,-0.2452545315027237
1774470523932947200,186.144947265625,-0.0332487741291522,-0.0582876825893297,0.1083931547015905,-0.0068743317387998,0.086853839457035,0.0024818191304802,0.3523018643081188,0.3507546348661184,-0.2568576230287552,-0.0468017607927322,-0.576188325881958,-0.8130907416343689,0.3637146542042493,0.1004044940352439,0.2470034607514739,-0.2288064956665039,0.2429835498332977,-0.1903931349515915
1774470523942974200,186.1549741210937,-0.0275713130146265,-0.0757855097538791,0.1350339088678359,-0.0086261536926031,0.0875990241765976,-0.0083416057750582,0.284350025588274,0.4812392098665237,-0.3680558982789516,-0.02036296389997,-0.5908660292625427,-0.8586550354957581,0.452892893891409,0.1377291393011808,0.1551554903984069,-0.2184810638427734,0.1608020514249801,-0.1560562252998352
1774470523953001000,186.1650009765625,0.0213214588396251,-0.1110724386471323,0.1362111359536647,-0.0100187193602323,0.0874040871858596,-0.0163236316293478,0.250848738002777,0.5733025765359402,-0.4483551773965358,-0.0034467382356524,-0.6242563128471375,-0.8638626337051392,0.5196586646318435,0.0387134692758321,0.122019821254909,-0.2109749466180801,0.0864546000957489,-0.1237275898456573
1774470523963028200,186.1750283203125,0.0440958929665386,-0.1452490499446168,0.1379728849291801,-0.0075309099629521,0.0876884013414383,-0.0271650478243827,0.2708522461116314,0.5204197121322155,-0.5149900882989168,-0.009493445046246,-0.6554267406463623,-0.8272428512573242,0.5121346988677978,0.1352069273471832,0.1822071634531021,-0.194014698266983,-0.0111545380204916,-0.0773453265428543
1774470523973055200,186.1850551757813,0.0614108926437795,-0.190543906904757,0.108632808676362,-0.0094806104898452,0.0854396298527717,-0.0361044816672802,0.2798210038565099,0.317716873139143,-0.5308756396949291,-0.0284629575908184,-0.6592401266098022,-0.7795724868774414,0.3490180203318596,0.2788210330337285,0.1651771181970834,-0.1710143089294433,-0.102071925997734,-0.0312641113996505
1774470523983082000,186.19508203125,0.0676928955227136,-0.2194474183712154,0.0839502028405666,-0.0100092096254229,0.0841657295823097,-0.0530834086239337,0.2670633021574467,0.0866974557220935,-0.516112370327115,-0.0516146160662174,-0.6313280463218689,-0.7367834448814392,0.2008516581684351,0.2285381219953298,-0.0053989364340901,-0.173240914940834,-0.1479072421789169,0.0051417397335171
1774470523993109200,186.20510913085937,0.0563275980301201,-0.243568992790766,0.0731359633594751,-0.0137336403131484,0.0896305367350578,-0.0668860375881195,0.1388134274065494,-0.0600303980708122,-0.5052817642331123,-0.0722463950514793,-0.5721756219863892,-0.6979859471321106,0.1891588092219084,0.1097843167990446,-0.2736632118791341,-0.2199780642986297,-0.1491759717464447,0.0088368756696581
1774470524003136300,186.2151362304688,0.0588036327548325,-0.2642113102598115,0.0463759667277336,-0.0114248916506767,0.0969706401228904,-0.0840534344315528,-0.0186229404706507,-0.1067950718551874,-0.5168675726085901,-0.0915532484650611,-0.5102161169052124,-0.6650458574295044,0.1054798976033925,0.0262836112916469,-0.3526616375312209,-0.2514558434486389,-0.1946973204612732,-0.0088024102151393
1774470524013162200,186.22516235351563,0.0461183387048542,-0.2624049732238985,0.0138017308592796,-0.0166745129972696,0.1053614616394043,-0.1069757938385009,-0.1138661792851984,-0.1039846906095743,-0.4659095387876033,-0.1032229140400886,-0.4603490531444549,-0.6317071318626404,0.0451239208400249,0.0099818803101778,-0.1268947338148951,-0.2426732927560806,-0.3292599022388458,-0.0288658663630485
1774470524023189000,186.23518896484376,0.0056378597564995,-0.2380946165002882,0.0035252515166997,-0.0180465318262577,0.1127217337489128,-0.1245440989732742,-0.1039947005469352,-0.0749386288672685,-0.3885743701726198,-0.1044919118285179,-0.4310268461704254,-0.5914978981018066,0.0775181970316916,-0.0219102185130119,0.1003325978428125,-0.2072719037532806,-0.4585625827312469,-0.030410137027502
1774470524033216300,186.2452163085937,-0.053677668043226,-0.2254963614129461,-0.0235398655414581,-0.013540462590754,0.1069591864943504,-0.1381105035543441,-0.1030910297054797,-0.0388408950477838,-0.3583171790748834,-0.1032406166195869,-0.4032711684703827,-0.5365096926689148,-0.001407455645129,-0.0447971731036901,0.0957964157178997,-0.1651332378387451,-0.5503489971160889,-0.0100822281092405
1774470524043243300,186.2552431640625,-0.085128014448285,-0.2225424800434149,-0.0536409892946481,-0.0128977606073021,0.1026230081915855,-0.1496773362159729,-0.1402397338826209,-0.0893903480678796,-0.3940758901983499,-0.1132852584123611,-0.3641834259033203,-0.4680041074752807,-0.0946820247352123,0.0354161812961101,-0.1012228246808052,-0.1316635757684707,-0.6415005922317505,0.0135492477566003
1774470524053270000,186.26527001953124,-0.0762403591156005,-0.231615063488949,-0.0718769032090902,-0.016628848388791,0.0946969091892242,-0.163321778178215,-0.2097077493190765,-0.0688081632882356,-0.3845242179989814,-0.1291931122541427,-0.3205228149890899,-0.3908568620681762,-0.1030593924582004,0.1713216123014688,-0.3809130417644977,-0.1391862034797668,-0.679721474647522,0.0713971033692359
1774470524063297000,186.27529711914065,-0.0773344379626214,-0.2636256741252727,-0.0812333450973033,-0.0159144755452871,0.0961577594280242,-0.1786030381917953,-0.193672048862651,0.0971340940624475,-0.271949393698573,-0.129918023943901,-0.2968928515911102,-0.3181549608707428,-0.0052530982226133,0.3337935631930828,-0.6790200822874903,-0.1892611980438232,-0.6451414823532104,0.1659781783819198
1774470524073324300,186.28532421875,-0.1150822770766913,-0.3153416684404015,-0.0804869106441736,-0.0163246020674705,0.1019535958766937,-0.1958464831113815,-0.1315256815511733,0.2815115872919559,-0.2134276466250419,-0.116279624402523,-0.2862222194671631,-0.2461391538381576,0.0473182890791445,0.3390080829709768,-0.766054807139933,-0.2123486846685409,-0.575235903263092,0.249646708369255
1774470524083350800,186.2953508300781,-0.1400314248941838,-0.3831855532737448,-0.0988514193743467,-0.0185448043048381,0.1121183037757873,-0.2194192856550216,-0.0763817403476685,0.3661129475176334,-0.2460702715545892,-0.0967756956815719,-0.2680192589759826,-0.182510107755661,0.0101712654024362,0.0231160871714353,-0.6193228616937995,-0.2232417464256286,-0.5037236213684082,0.2512361109256744
1774470524093377800,186.3053776855469,-0.1407774209558963,-0.4216874256255105,-0.0956359644591808,-0.0218825433403253,0.1161402091383934,-0.2431427240371704,-0.0390823756534606,0.3487959020137787,-0.2855488799840212,-0.0795095488429069,-0.2449444979429245,-0.1329447776079177,-0.0042429713319987,-0.4307447019040584,-0.5329232198745012,-0.2729262113571167,-0.4654504954814911,0.2184888124465942
1774470524103404800,186.31540478515623,-0.1256125850498676,-0.4484619257066398,-0.0748299077957868,-0.0196638908237218,0.1178381592035293,-0.264631450176239,0.0131505004089325,0.3850923732757568,-0.2461310618311166,-0.0633154064416885,-0.2370213270187378,-0.0965891554951667,0.0754074884880334,-0.6387228509515523,-0.3233011030122638,-0.3200721144676208,-0.5056312680244446,0.1845072358846664
1774470524113431800,186.32543188476564,-0.1128553948074579,-0.4712614212095737,-0.0347755453050136,-0.0276882611215114,0.1197463124990463,-0.2914423048496246,0.0761783997952938,0.3886223009675741,-0.1914262426972389,-0.0504539385437965,-0.2430028766393661,-0.0719685032963752,0.0343763899195939,-0.5053974995672702,0.1831906215324998,-0.3062255382537842,-0.6486192941665649,0.1661242395639419
1774470524123458800,186.3354587402344,-0.1161835163168609,-0.5093172302942722,0.0061024085283279,-0.0275630597025156,0.1236263811588287,-0.3207015097141266,0.1406206960242241,0.3026128275096416,-0.1515612652987241,-0.04190119728446,-0.2525703012943268,-0.0736534819006919,-0.0541570490580052,-0.2142863092809915,0.6370815134853124,-0.212398886680603,-0.6867213249206543,0.2097617983818054
1774470524133485800,186.3454858398437,-0.1186642272166907,-0.5271071905395016,0.032106033834815,-0.0234737768769264,0.1244631484150886,-0.35066819190979,0.2005073017101734,0.1668546960204839,-0.1319628308594226,-0.0480471588671207,-0.2643730044364929,-0.0979106947779655,-0.0725257225066423,-0.0542898085922002,0.4592456969842314,-0.124657317996025,-0.5437199473381042,0.2476133108139038
1774470524143513000,186.35551318359376,-0.1268289751023054,-0.5130526174303144,0.0539431871116161,-0.0211941488087177,0.1215361878275871,-0.3768079876899719,0.1993020906388759,0.011094809988141,-0.1042939026892185,-0.0622402094304561,-0.2779825627803802,-0.1395524144172668,0.0987923826634883,-0.1710620845824479,-0.2763274626523256,-0.1291934996843338,-0.401953637599945,0.2130882740020752
1774470524153539800,186.3655397949219,-0.1157462939433753,-0.4918369570527225,0.0773275698304176,-0.0221970938146114,0.1154766976833343,-0.3987694680690765,0.1899965021550655,-0.1190332066595554,-0.0443979446530342,-0.0692142248153686,-0.3057504594326019,-0.1943749189376831,-0.0474929880589246,-0.3702840957224368,-0.8926759847104548,-0.2005433142185211,-0.2600013017654419,0.1706454753875732
1774470524163566800,186.3755668945313,-0.1102173013888299,-0.4317576052736491,0.1075806692749261,-0.0247444305568933,0.1041060090065002,-0.4205860793590545,0.247495993508771,-0.1021890393644571,0.0456266096651554,-0.0549205094575881,-0.3625870943069458,-0.2665122151374817,-0.2352203762382268,-0.4798346037656068,-1.13666535833776,-0.2263025939464569,-0.0692382678389549,0.1410567015409469
1774470524173593900,186.38559375,-0.1095516770869493,-0.3890592310801148,0.1288257018774747,-0.0335203446447849,0.0947162359952926,-0.4463164806365967,0.327362653362751,0.0008761983126401,0.1361345635861158,-0.0203564800322055,-0.4311558306217193,-0.3388156592845917,-0.1384813459079712,-0.3935094884872436,-0.9813599380746484,-0.1824531108140945,0.1761464625597,0.1132740601897239
1774470524183620900,186.39562084960937,-0.1104372277498245,-0.3338146425137296,0.1471931332170963,-0.0336795486509799,0.0861101374030113,-0.4633512794971466,0.2825472870152443,-0.0832335790038108,0.0240934077709913,-0.0062835374847054,-0.4706252217292785,-0.3980672657489776,-0.2571434542328119,-0.2996487170070409,-0.9536626605927944,-0.1523487865924835,0.5190336108207703,0.1071738824248313
1774470524193647900,186.40564794921875,-0.1196967851348221,-0.3065691639199853,0.1654980207145214,-0.0377882719039917,0.0829340517520904,-0.4792876243591308,0.1891523794811218,-0.2057435218632221,-0.1882961279779672,-0.0243593640625476,-0.4800792038440704,-0.4521199464797973,-0.4100543805748224,-0.3598725918233394,-1.3856895112618803,-0.2045296877622604,0.7866069674491882,0.065450944006443
1774470524203675000,186.4156748046875,-0.1180202302247285,-0.3143639825146645,0.1579816537350416,-0.0405502878129482,0.0788930654525756,-0.4961303770542145,0.1381237646419555,-0.1631020654886961,-0.1655044504553079,-0.048337135463953,-0.4981788396835327,-0.4934479594230652,-0.3144944039613008,-0.4787941548019647,-1.5057044224351643,-0.2956202626228332,0.8880894780158997,0.0308232102543115
1774470524213700900,186.4257009277344,-0.104102764031291,-0.3135952631644904,0.1626233420610427,-0.0489483028650283,0.0757057964801788,-0.509425699710846,0.1313677145104855,0.048070495685935,0.0199532392263412,-0.0529047697782516,-0.5270071625709534,-0.5175995826721191,-0.2222017585806548,-0.4595283133178949,-1.0153794043153523,-0.3452072739601135,0.8592641949653625,0.0285861566662788
1774470524223727900,186.4357277832032,-0.0911339768648147,-0.327681875379756,0.1631418129771947,-0.0546872541308403,0.0706580057740211,-0.5231362581253052,0.0714378542046993,0.2539344290584325,0.1372124219506978,-0.0413394607603549,-0.542279064655304,-0.5236337780952454,-0.0612766718048602,-0.2575456052929162,-0.2556564305454492,-0.3538223803043365,0.7132233381271362,0.0431243479251861
1774470524233755000,186.4457548828125,-0.0684207714058458,-0.3391742333181202,0.1582797598987817,-0.0599398054182529,0.0695993974804878,-0.5399887561798096,-0.0536006572842597,0.3083300361126661,0.0629354718625545,-0.0349670872092247,-0.5256088376045227,-0.5193415284156799,0.1388473296761512,-0.0334440044403076,0.5004246795907616,-0.3425209820270538,0.3693230152130127,0.0415626689791679
1774470524243782000,186.45578198242188,-0.0552821806304156,-0.3441162197649479,0.1408610075861215,-0.0687207803130149,0.0705240815877914,-0.5656422972679138,-0.2011900232773274,0.3180541422694921,-0.0878887113332748,-0.0320075154304504,-0.4799495041370392,-0.5089980363845825,0.27468970538266,0.1007540381252765,1.1470818306729196,-0.2518077492713928,0.0807604640722274,0.0759392976760864
1774470524253808600,186.46580859375,-0.0257912977300584,-0.3513677983283996,0.1136678802341222,-0.0752535164356231,0.0712183713912963,-0.5866463780403137,-0.3662310209393501,0.3191144649773836,-0.2618359959632158,-0.0442018993198871,-0.4436955153942108,-0.4704106748104095,0.202517618619278,0.0971235726684331,1.094843986174464,-0.1901776641607284,-0.3289524912834167,0.0517543330788612
1774470524263836000,186.4758359375,-0.0039792788945138,-0.3310446663437411,0.0878191532284021,-0.0817442536354065,0.0673189163208007,-0.6100650429725647,-0.4865316902514547,0.2691068637490272,-0.4552899450957774,-0.0529642328619957,-0.3800115883350372,-0.426508218050003,0.4307938017427921,-0.030541268736124,0.9619114335000516,-0.1927041858434677,-1.2243131399154663,-0.0257207825779914
1774470524273863000,186.4858627929688,-0.0225851951651275,-0.3216561853494495,0.0641898558378219,-0.0789244994521141,0.0716635957360267,-0.632080078125,-0.6620692397475242,0.3671089728176593,-0.3664356036007404,-0.0542230494320392,-0.3043196499347687,-0.3710727095603943,0.0679617025267332,-0.0647065731883049,1.7191162869691847,-0.0923877134919166,-1.479628324508667,0.0663058161735534
1774470524283889700,186.4958896484375,-0.0370848451606929,-0.2922595748701133,0.0428197355508804,-0.08100176602602,0.0634618923068046,-0.644835889339447,-0.71623688326478,0.5280979916751385,-0.1140782146006822,-0.0407767482101917,-0.2602491378784179,-0.3051256537437439,-0.3557025395970791,0.1440583423227071,1.5563985446229576,0.0201252698898315,-1.32170832157135,0.0543344393372535
1774470524293917000,186.5059169921875,-0.0604715659670531,-0.2802178028880618,0.0253308406114578,-0.0745156332850456,0.0575281083583831,-0.656051516532898,-0.6071896485686302,0.5621808785408735,0.0251496388256549,-0.0165419653058052,-0.2320563495159149,-0.2434628307819366,-0.2637175719261169,0.0236211140841245,-0.0497410592466592,-0.0156132848933339,-0.8922253251075745,0.1188979893922805
1774470524303944000,186.51594384765625,-0.0724415513545274,-0.2611173080335371,0.0228384392738342,-0.0710993707180023,0.0482063516974449,-0.6633566617965698,-0.4857353522419929,0.4333066613465547,-0.0138186819940805,0.0025238720700144,-0.2112088501453399,-0.1985137313604354,-0.6468791963350028,-0.1299853933066129,-1.6758265958189964,-0.136235699057579,-0.707150936126709,0.0148694086819887
1774470524313970700,186.525970703125,-0.0812390441857278,-0.2252174348737113,0.0211754744976758,-0.0645245611667633,0.0458156317472457,-0.6694483757019043,-0.2864227402091026,0.3753016316235065,0.0313514160752296,0.0221098903566598,-0.1926091015338897,-0.1787153482437133,-0.1607137090474367,-0.2412362755268812,-2.374781212632358,-0.2602756321430206,-0.3996053636074066,-0.0268809664994478
1774470524323997700,186.5359978027344,-0.0724158323913812,-0.1766282673422247,0.0208177471011877,-0.0562091805040836,0.0507222935557365,-0.6721678972244263,-0.1417185011982917,0.3503010458797216,0.1092681839704513,0.0318006016314029,-0.1829775124788284,-0.1717778146266937,-0.2864022819429636,-0.0982967081010341,-1.8394456709191205,-0.2993971705436706,-0.0733252540230751,-0.0640151500701904
1774470524334025000,186.54602490234376,-0.088366704108566,-0.1556279484820552,0.0145662854909896,-0.0544259250164032,0.0541319400072097,-0.6797043681144714,-0.1112087966442108,0.2721341026157141,0.1322065764874219,0.0233753100037574,-0.1821237653493881,-0.1770824342966079,-0.351632002222538,0.1097509990513324,-1.0029603599861263,-0.2982669174671173,0.2406395971775055,-0.0742677897214889
1774470524344051700,186.5560517578125,-0.1172094983637332,-0.1685865795806981,0.0081605101019144,-0.0594034567475318,0.0535242222249507,-0.6911128759384155,-0.0997966643352061,0.1596200685918331,0.147674779254198,0.0142667666077613,-0.1903918087482452,-0.1918957382440567,-0.5102087723065167,0.1519891353219747,-0.4271317721039056,-0.3179375231266022,0.2963263094425201,-0.0945369750261306
1774470524354078700,186.5660786132813,-0.1395113465428352,-0.1749348343625664,0.0295376446515321,-0.0547759495675563,0.0603317953646183,-0.7091915011405945,-0.0992377152781933,0.0814601395905017,0.1488859086096286,0.0147357489913702,-0.2018886804580688,-0.2147238254547119,-0.5512830524295568,0.1382446876078844,0.0982873557507991,-0.3365612924098968,0.2674323320388794,-0.0960006490349769
1774470524364106000,186.57610595703125,-0.1365178638152778,-0.1672950054001994,0.0403308413445949,-0.0561588443815708,0.0683598816394805,-0.7240374684333801,-0.1402408298611641,0.0048410102903842,0.1028892965883016,0.0147099178284406,-0.2053262889385223,-0.238758847117424,-0.3367431337136775,0.190666948762536,0.6176829855322837,-0.3274332880973816,0.1313621252775192,-0.1540467590093612
1774470524374133000,186.58613305664065,-0.0737251614242792,-0.1804665668634697,0.0597679477423429,-0.0579282492399215,0.0799014866352081,-0.7461297512054443,-0.1915758803009986,-0.1114478660970926,0.0367091437160968,0.012927995994687,-0.208916500210762,-0.2604596316814422,-0.4832254152476787,0.2950473606914282,0.804378984837234,-0.2731596529483795,0.0203232169151306,-0.0983544737100601
1774470524384159700,186.59615966796875,-0.0228758486747741,-0.1883604253858327,0.0518891771912574,-0.0587421879172325,0.092930793762207,-0.7557830810546875,-0.2153623410146683,-0.1446037012457847,0.0710433749943971,0.0103452615439891,-0.2180751115083694,-0.2724723517894745,-0.0952647930592298,0.5436462739408016,0.6151978907182812,-0.1726116389036178,-0.1108275204896926,-0.0707164108753204
1774470524394186800,186.60618676757807,0.0009872574716806,-0.2179337624052539,0.0074234279990196,-0.0624426491558551,0.1040659993886947,-0.7599977850914001,-0.2524946785788983,-0.1112450370013713,0.188525845080614,0.0192092414945364,-0.2264395505189895,-0.2786902189254761,0.2978957358598709,0.2930401125222444,0.2784159593641758,-0.1416577100753784,-0.2645816504955292,-0.0968878269195556
1774470524404213000,186.616212890625,-0.0088161975316703,-0.2173547204082831,-0.0129278706341981,-0.061920166015625,0.1057282537221908,-0.7600616216659546,-0.2707482742805033,-0.0748573803246021,0.3152034290134906,0.0326888300478458,-0.2329848110675811,-0.2794782519340515,-0.0239263806410133,0.3223264127612114,-0.2527384972721338,-0.1838649809360504,-0.3815020620822906,-0.0682161897420883
1774470524414240000,186.6262399902344,-0.0495871838591992,-0.2322389492746442,-0.034267595782876,-0.0648547038435936,0.0996147021651268,-0.7554415464401245,-0.2218236459832638,-0.0765665223300457,0.3713666302621364,0.0493382439017295,-0.2377364188432693,-0.2844470143318176,-0.1557539677482098,0.515192917394638,-0.3383794296786189,-0.2028360217809677,-0.3940404951572418,-0.026746243238449
1774470524424266800,186.63626684570312,-0.0873766701579093,-0.235752747815568,-0.0543430000841617,-0.0702880546450614,0.0955438837409019,-0.7586044073104858,-0.1727156239431351,-0.0757131203711032,0.3118903589427471,0.0610220618546009,-0.2340740412473678,-0.2838006913661957,0.1350328128892928,0.4911848498195409,0.02230535531044,-0.1612681448459625,-0.4287039339542389,0.0025308076292276
1774470524434293800,186.64629370117189,-0.1153146245278418,-0.2235292991236783,-0.0659703095138073,-0.0693149343132972,0.0910897478461265,-0.7658186554908752,-0.1734054328382015,-0.0642266807168722,0.2332534600794315,0.0660118386149406,-0.2200577706098556,-0.2790443301200866,0.3291097892910242,0.4137321923047304,0.2635539057970046,-0.1166327744722366,-0.4831352233886719,0.0115325581282377
1774470524444321000,186.65632104492187,-0.1308219902612268,-0.188461730335839,-0.0761444975256919,-0.0727196857333183,0.0994307920336723,-0.7738298177719116,-0.2147265273291617,-0.0791647221297025,0.1720832443237304,0.0693493112921714,-0.1886942535638809,-0.2695395052433014,0.1738784571774304,0.3567144200533628,0.138105571398139,-0.111936055123806,-0.6155214309692383,0.0017085853032767
1774470524454347800,186.66634765625,-0.1598741894833743,-0.1611413233423605,-0.0579091681331396,-0.0748986825346946,0.1094554662704467,-0.7814443111419678,-0.2492776162285357,-0.0746183108717203,0.1542985813081264,0.0707175955176353,-0.1509284973144531,-0.2501465976238251,0.0281453865755349,0.3527291498094796,0.0575832971796393,-0.1218728423118591,-0.6962721943855286,-0.0020653801038861
1774470524464374800,186.67637475585937,-0.1614062213562428,-0.166603789999336,-0.0416296489834785,-0.0866402685642242,0.1154748275876045,-0.7944875359535217,-0.269613132770732,-0.0751443805724382,0.1918149497538805,0.0686421915888786,-0.1117531359195709,-0.2226803749799728,-0.0471339454881846,0.388415380218625,0.0532478983238339,-0.1317512840032577,-0.6883977651596069,0.0034853166434913
1774470524474402000,186.68640209960927,-0.1350461838275194,-0.1719547408395446,-0.0082622169107198,-0.0948318839073181,0.1241500750184059,-0.8013800382614136,-0.3100082715231925,-0.1052758994638919,0.250250187587738,0.0631511583924293,-0.0768222361803054,-0.1913593113422393,-0.1059837554723024,0.3796609958767891,-0.0109422497749328,-0.1290817260742187,-0.6499481201171875,0.0158967114984989
1774470524484428800,186.6964287109375,-0.0887776229970157,-0.1768143279662355,0.019614216530323,-0.1008547469973564,0.1372037380933761,-0.8057168126106262,-0.2942998302597552,-0.166505736452341,0.3148673289269209,0.0611122399568557,-0.0570173673331737,-0.1664960384368896,-0.0485153168439865,0.4339437902063131,-0.1577121891438961,-0.1168287843465805,-0.6271536350250244,0.0224275514483451
1774470524494455800,186.70645581054688,-0.0356856458872556,-0.1746186628191731,0.0772936675608158,-0.1121321693062782,0.1505890488624572,-0.8127060532569885,-0.22895963534303,-0.24360709631145,0.3309346666306257,0.0599614754319191,-0.0384369604289531,-0.1375048607587814,-0.0040425533890724,0.4395540313035249,-0.2679667538031935,-0.0893668010830879,-0.5687297582626343,0.0312016010284423
1774470524504482800,186.71648291015623,-0.0503558301441371,-0.1826180823415517,0.1252455053031444,-0.1194210052490234,0.1536753177642822,-0.8158730268478394,-0.1962673260528594,-0.375287603098154,0.3250181360632181,0.0579587817192077,-0.0277773924171924,-0.1192952394485473,0.0380291402734816,0.3766337570101022,-0.3597881284102797,-0.0626971200108528,-0.479029506444931,0.0365301519632339
1774470524514509800,186.726509765625,-0.0802547093234956,-0.2068298009962774,0.1600233886957168,-0.1269010305404663,0.1488723009824752,-0.8148701190948486,-0.0982710622031241,-0.5017629424571991,0.3086842563778161,0.048682801425457,-0.0196367502212524,-0.1070088222622871,0.0617016922838985,0.2711334011405706,-0.4650906236201524,-0.0495291166007518,-0.3717603087425232,0.0506872497498989
1774470524524536800,186.7365368652344,-0.0953320130765438,-0.1559913567006587,0.182350955837965,-0.128956526517868,0.1394255608320236,-0.8112255930900574,0.0041243864536285,-0.6117734692275524,0.356201209834218,0.0369912572205066,-0.0285114683210849,-0.1083601042628288,0.0409276381939649,0.2691214767962694,-0.4978165429189801,-0.0431022942066192,-0.2943037152290344,0.080063059926033
1774470524534563800,186.7465637207032,-0.0696878687322139,-0.1409035498199053,0.1675415092408657,-0.1344407796859741,0.1338789910078048,-0.806844174861908,0.1130102931082248,-0.7135954288452864,0.4645791669666766,0.0226249881088733,-0.049261275678873,-0.1153057813644409,0.1056026472002267,0.4229968642562627,-0.3657207333296537,-0.0332185067236423,-0.2453830540180206,0.1069042608141899
1774470524544590800,186.7565908203125,-0.0282896904170513,-0.1283755469571799,0.1547965939581394,-0.1372079998254776,0.1415235251188278,-0.8154346942901611,0.1605809495132416,-0.7778162643432617,0.6291811156243086,0.008034061640501,-0.0784974545240402,-0.1242689192295074,0.2176655764557421,0.5056289702355862,-0.1304667470827698,-0.022210244089365,-0.2172126471996307,0.1199272647500038
1774470524554617900,186.76661791992188,-0.0356333311781287,-0.0759433123977854,0.1322048229217529,-0.140312448143959,0.1447848379611969,-0.8227554559707642,0.2417651947718113,-0.8299825049102306,0.814185216319561,-0.0045598656870424,-0.1132211983203888,-0.1386472135782241,0.2529578391112387,0.4540501741677522,0.0405155502617359,-0.0084816478192806,-0.2108391672372818,0.1437444388866424
1774470524564644900,186.77664477539065,-0.0734802467525005,-0.0698370451116701,0.123110831362009,-0.1485546827316284,0.1474971920251846,-0.8344553112983704,0.3365583517313003,-0.887308320197463,0.9578677110671996,-0.0154346181079745,-0.149476408958435,-0.1661337018013,0.2752964391041547,0.418016737756133,0.1495367737337946,0.0035893120802938,-0.2229996919631958,0.1787859052419662
1774470524574672000,186.786671875,-0.098556235820055,-0.0982747793970163,0.1354717157632112,-0.1544077843427658,0.1398248970508575,-0.8379256725311279,0.3714297586262226,-0.935214565232396,0.9933522814244032,-0.0243970304727554,-0.1810858994722366,-0.198472648859024,0.3441881159573793,0.4134422694474458,0.2563736389040947,0.0170659720897674,-0.2470613718032837,0.2092532664537429
1774470524584699000,186.79669897460937,-0.1089969658136367,-0.1583332071190699,0.155097622731328,-0.1607749760150909,0.1235314086079597,-0.8428164720535278,0.3063526716250926,-0.9940946242243052,0.9230185160040856,-0.0356709919869899,-0.2015597522258758,-0.230921670794487,0.4514882147252559,0.4509562998056411,0.3887698927447199,0.0356278233230114,-0.282632052898407,0.2277716100215912
1774470524594726000,186.8067258300781,-0.0917353037588298,-0.1698151715275831,0.1794710164874792,-0.1684054583311081,0.1106235980987548,-0.8405948877334595,0.1842389615416526,-0.985957494997978,0.8079431070595979,-0.0441051982343196,-0.2116542309522628,-0.2625970840454101,0.5159532342426478,0.443901120597124,0.4310749567717313,0.0508778840303421,-0.322234570980072,0.2413907498121261
1774470524604752000,186.816751953125,-0.0755301650196313,-0.162817512926273,0.2140752968788146,-0.1767209321260452,0.1000635474920272,-0.8364981412887573,-0.0049509734708815,-0.9086170656859874,0.7268634912192821,-0.0436503291130065,-0.2151826471090316,-0.2866795361042022,0.5050093770325184,0.4402355838268995,0.409646676556766,0.0507159940898418,-0.3372047245502472,0.2617198526859283
1774470524614779000,186.82677880859376,-0.0465326185941696,-0.1502004070079885,0.2625748316317796,-0.1898122280836105,0.0985860303044319,-0.8345097899436951,-0.1566612187862396,-0.8004173877298831,0.6686334205687046,-0.0370788946747779,-0.2164905369281768,-0.297959953546524,0.4782961421519517,0.3958241951704025,0.3811556183487176,0.0414950661361217,-0.3128426671028137,0.2801460027694702
1774470524624806000,186.8368059082032,-0.025720132189989,-0.1287894889197778,0.3091460286706686,-0.1995635628700256,0.0838161706924438,-0.8342787623405457,-0.2732055312395096,-0.7278308749467134,0.6094745446354151,-0.0304534826427698,-0.2143632024526596,-0.2995027005672455,0.4621161378540098,0.2905202386558055,0.377091145388782,0.0303647052496671,-0.2692782580852508,0.2941051721572876
1774470524634833000,186.8468330078125,-0.0547784688919782,-0.1234457350053358,0.302613996553421,-0.1993539631366729,0.0680305510759353,-0.8313106894493103,-0.3556663723051548,-0.7095476147592067,0.5683078369885682,-0.0300894230604171,-0.2076056003570556,-0.2912205457687378,0.4631260455489158,0.1426665957033634,0.3809884450882673,0.0237209182232618,-0.2237435281276703,0.2934484481811523
1774470524644860000,186.85685986328124,-0.0307154562592506,-0.0937847197024617,0.3100976303070783,-0.2082285434007644,0.0600468553602695,-0.8233835697174072,-0.4260662617642432,-0.6960714625924825,0.5392769728153943,-0.0272422395646572,-0.1951199024915695,-0.279514878988266,0.5135089098304509,0.0198737442493438,0.4010550815612077,0.0186828654259443,-0.1817634254693985,0.2804785072803497
1774470524654887000,186.86688696289065,0.0128171037361025,-0.0580156333154533,0.3303197496026754,-0.2152278572320938,0.0600511170923709,-0.819072961807251,-0.4495592924892902,-0.6653676967710256,0.5108750541955233,-0.0173718836158514,-0.1822974532842636,-0.2643086612224579,0.5387609130520373,-0.1047697035074234,0.4216153467699885,0.0108896568417549,-0.1536468267440796,0.264459878206253
1774470524664914000,186.87691381835936,0.0033738603472709,-0.0442936303286114,0.3221253372311592,-0.2208000570535659,0.0700609236955642,-0.8213831186294556,-0.4430991565644741,-0.6441144808620214,0.5132014513164759,0.0012830267660319,-0.1716493368148803,-0.2517542541027069,0.5671611511714756,-0.1610942327976226,0.4647214980468154,0.0005870750756002,-0.127668023109436,0.236170694231987
1774470524674941000,186.8869409179688,-0.0292041749134659,-0.0543356250618817,0.2694412102699279,-0.2293424159288406,0.0932687744498252,-0.8217442631721497,-0.4102279105108231,-0.6797416745603084,0.5054693957597017,0.0206941608339548,-0.1550802737474441,-0.236929103732109,0.6071259356826544,-0.1759925267219543,0.5712015126034617,-0.010701797902584,-0.1007277518510818,0.1933622509241104
1774470524684967700,186.8969677734375,-0.0295925897091627,-0.0589714042369043,0.2163531786829233,-0.2292887568473816,0.1097216308116912,-0.8279251456260681,-0.4555541855225339,-0.7537333779662847,0.4676572592377662,0.0338381901383399,-0.1314098387956619,-0.2236737608909607,0.6843763486236334,-0.1105541321277618,0.6524532701402902,-0.0250906310975551,-0.0838111639022827,0.1537711173295974
1774470524694995000,186.90699487304687,0.0053643035121262,-0.0649527162693673,0.1285001231849193,-0.2335008084774017,0.1237173527479171,-0.8268782496452332,-0.4660288543183356,-0.8026800719648599,0.5425923809736967,0.0355212725698947,-0.1159636676311492,-0.2129824608564376,0.7203489947587252,0.0109849198728799,0.7290317751690745,-0.0329621396958828,-0.0861701890826225,0.1083013787865638
1774470524705022000,186.91702197265624,0.0446311688870191,-0.0610297478390857,0.0448275682419538,-0.2336145043373108,0.1348384916782379,-0.8209114074707031,-0.4454243846416473,-0.8034732681691646,0.6307172391504049,0.03626349568367,-0.1163197308778762,-0.2023101150989532,0.6853946588207036,0.0645119273990392,0.7722749968290329,-0.030617756769061,-0.1115527749061584,0.0689563676714897
1774470524715048700,186.9270485839844,0.0943630219139158,-0.0328627248204778,0.0029518355429172,-0.2357950955629348,0.1464392244815826,-0.8117061853408813,-0.4520271439075469,-0.7950093912065028,0.6906313173651695,0.0366013422608375,-0.1268013566732406,-0.1934890747070312,0.6528490645248443,0.0932131212264299,0.7712740030929446,-0.0281849578022956,-0.1412725895643234,0.051398679614067
1774470524725076000,186.9370759277344,0.1194245440647006,0.0116869854613207,-0.0198515324175357,-0.2387342453002929,0.1524305492639541,-0.8101608753204346,-0.4339595722973347,-0.749047850498557,0.7096551667869091,0.0411753207445144,-0.1391195356845855,-0.1816441416740417,0.6529694029688835,0.1234381636202335,0.7650538134038448,-0.027620356529951,-0.1486862152814865,0.0368960723280906
1774470524735103000,186.94710302734376,0.1363778708226978,0.0837318839147686,-0.0081324530512094,-0.247750386595726,0.158882588148117,-0.804142415523529,-0.411677597862482,-0.6838450182259083,0.7568886271268129,0.039363756775856,-0.148922249674797,-0.1600628644227981,0.677740417740494,0.1726122366338968,0.7876289255663752,-0.0258994214236736,-0.1364223659038543,0.0312863886356353
1774470524745129700,186.9571296386719,0.1611874640390276,0.1708326962733641,0.0272118320524692,-0.2519837915897369,0.1489914804697036,-0.797433614730835,-0.383010233239457,-0.669085840511322,0.7388128722101449,0.0319074392318725,-0.1548938602209091,-0.1356829553842544,0.6328981633860618,0.2490238606631755,0.7531181686773896,-0.0171369910240173,-0.129975825548172,0.0349245779216289
1774470524755156700,186.9671567382813,0.1812777736485004,0.2604228046970441,0.032018355551362,-0.2555452287197113,0.132861241698265,-0.7926585674285889,-0.3635608518820256,-0.7088093636125326,0.5995896949589252,0.0220393165946006,-0.1504765599966049,-0.1103762313723564,0.6223920400060713,0.3132376818984747,0.7306564537614584,-0.0010163446422666,-0.1224105879664421,0.0435303151607513
1774470524765184000,186.97718408203124,0.2230681661516428,0.3501518831999972,0.0336310514450073,-0.2547596991062164,0.1215646937489509,-0.7898237705230713,-0.3494178333044052,-0.7027724215358495,0.4029179528236389,0.0178400445729494,-0.1346624493598938,-0.0851726084947586,0.6181196233838796,0.317483648905158,0.7313996733441949,0.0093724923208355,-0.1051864251494407,0.0540263131260871
1774470524775210800,186.98721069335937,0.2568283969342708,0.4425133560331538,0.0509422517299652,-0.259656697511673,0.1181949973106384,-0.7791855335235596,-0.3294317877870052,-0.6365946067512035,0.2231020684212446,0.018874280154705,-0.1059399023652076,-0.0540954917669296,0.5910814673978835,0.3231681242823601,0.6876254135474562,-0.0023914892226457,-0.0771031230688095,0.0705299228429794
1774470524785236700,186.99723681640623,0.3966021938055753,0.4723504950879141,0.0327758959203958,-0.2620465755462646,0.1190574690699577,-0.7524663209915161,-0.3415979533337056,-0.5260749614149332,0.0567477231383323,0.0243486743420362,-0.0623351745307445,-0.0155907096341252,0.550683917492628,0.3264507992148399,0.7106567450448871,-0.0112202875316143,-0.0597615130245685,0.0914753600955009
1774470524795263700,187.007263671875,0.5812117422252893,0.4490648965684696,-0.0289537072837352,-0.2627368569374084,0.1129697486758232,-0.7192798852920532,-0.3102443453013896,-0.4370855953633785,-0.1047094977527856,0.0303217768669128,-0.0171008743345737,0.0189449656754732,0.491855150296539,0.3395516883283853,0.7782125701844692,-0.0045416122302412,-0.0810183361172676,0.1088958978652954
1774470524805291000,187.017291015625,0.4714601586520671,0.4009667822232469,-0.0736643711477518,-0.2592546641826629,0.0949285775423049,-0.7049608826637268,-0.2414098785281181,-0.3724731301993131,-0.2547626965761184,0.0485005155205726,0.0206267982721328,0.0473457165062427,0.5776039269916713,0.294171162378788,0.8835539361000061,0.0251526553183794,-0.1334173083305359,0.1133407577872276
1774470524815317800,187.0273178710937,0.2908202445156872,0.361844439885579,-0.0547591796696186,-0.2489998787641525,0.0698109716176986,-0.6946278214454651,-0.1409200442969799,-0.3088105131059885,-0.3378951532930135,0.0624367408454418,0.0587954707443714,0.0711395815014839,0.5809984648007899,0.2269856318563222,0.9463634434953332,0.0502878352999687,-0.1804332733154297,0.1144795194268226
1774470524825344800,187.0373447265625,0.2846582147546112,0.3454530943918973,-0.0414653983324766,-0.2422810196876526,0.0471955686807632,-0.6794952750205994,-0.0500596602091565,-0.2146019511014223,-0.266636089721322,0.0770542994141578,0.0919022858142852,0.083242580294609,0.5144488940943032,0.216707983469963,0.9305208544582128,0.0736885070800781,-0.2150450944900512,0.1135347336530685
1774470524835371800,187.04737182617188,0.3466828553825616,0.3657362962249666,-0.0356190103918313,-0.2257965952157974,0.039906233549118,-0.670694887638092,0.0796399018933996,-0.1382405959546566,-0.0312479557007551,0.0898502096533775,0.1019719690084457,0.0899913311004638,0.4451088158864528,0.2426508184999227,0.8659262172117829,0.0984721481800079,-0.2420317232608795,0.1188898161053657
1774470524845398800,187.05739868164065,0.3820505213618278,0.4074579343408346,-0.0131125795513391,-0.2051582187414169,0.0290738604962825,-0.6558977365493774,0.2799416345614939,-0.136540806299448,0.1485527311325073,0.097636230289936,0.0856052488088607,0.0799693241715431,0.4449229379255324,0.2733458164930343,0.7816472208082675,0.1178528741002082,-0.2526913583278656,0.1169783100485801
1774470524855425800,187.06742578125,0.4416222158797085,0.4466146173395216,-0.0219721778333187,-0.1794014573097229,0.01200433075428,-0.6368327140808105,0.4198142156321555,-0.2082914527803659,0.2086024184256792,0.0894022732973098,0.070682592689991,0.0616158880293369,0.4804659604717046,0.2430272505968809,0.6252072435572743,0.1357221603393554,-0.2170864790678024,0.0904106199741363
1774470524865452800,187.07745288085937,0.4979122583784163,0.5146424439050257,-0.0317208339095115,-0.1548690497875213,-0.0074761928990483,-0.6149488091468811,0.5250023272147402,-0.2760387088388204,0.2508037298172712,0.0731242373585701,0.0651964768767356,0.0258866511285305,0.4602854152955115,0.1514683263182639,0.4358829415753483,0.1535964906215667,-0.1512812077999115,0.0513036251068115
1774470524875480000,187.0874799804688,0.4958366211481392,0.5994264306886121,-0.0420212786495685,-0.1294598430395126,-0.0271889083087444,-0.5852761268615723,0.5724761356491596,-0.226275437760353,0.3450362572193146,0.0568250529468059,0.0593986622989177,-0.0167504400014877,0.4459036925911903,0.0808358702123165,0.236700970184803,0.1635157018899917,-0.0564167574048042,0.029412442818284
1774470524885506800,187.0975068359375,0.487497685739398,0.7046563355863094,-0.0689338354945182,-0.1126267686486244,-0.0441571585834026,-0.5577484369277954,0.5957517972964793,-0.0820721340090036,0.4693780916810035,0.0515860803425312,0.0434423349797725,-0.0611240305006504,0.361380731363967,0.1053553944408893,0.1116699844151735,0.1550502479076385,0.0808237642049789,0.0222238320857286
1774470524895533800,187.10753393554688,0.4615101347848773,0.8313927370343357,-0.0801847128272056,-0.1013512164354324,-0.0586500838398933,-0.529302179813385,0.6090180330395698,0.0951104792803525,0.5672586201965808,0.0529811419546604,0.017558554187417,-0.1005660966038703,0.214940462340787,0.1102595330953598,0.1374298640936613,0.1279749572277069,0.2372016459703445,0.0134119652211666
1774470524905560800,187.1175607910156,0.5255038835287094,1.0144826016061008,-0.0496843606233596,-0.0995277985930442,-0.0707521811127662,-0.4907253682613373,0.5809959805827587,0.2036427501916885,0.584968464410305,0.0554517582058906,-0.0059017641469836,-0.1333072632551193,0.1911421650588512,0.0993079309701919,0.1600239732176065,0.0466248504817485,0.3577308058738708,0.0075282612815499
1774470524915587800,187.127587890625,0.6240425836920738,1.2321959627263248,-0.0156657711654901,-0.1082483232021331,-0.0807241201400756,-0.4451394975185394,0.4965034144937992,0.2594394562155008,0.513283284381032,0.0494974628090858,-0.0171640049666166,-0.156694084405899,0.2430909634828567,0.0761304690003395,0.2527572019726037,-0.0141367698088288,0.3980217576026916,0.0073732654564082
1774470524925614800,187.13761474609376,0.6915154067233205,1.4455341775022446,0.0369593190848827,-0.1103695109486579,-0.0877524241805076,-0.3945063948631286,0.374704323317483,0.3113707189828157,0.4452881910413503,0.0428736470639705,-0.0238024666905403,-0.1738035678863525,0.1819558190405368,-0.0624877280950546,0.6380050580710173,0.0283302199095487,0.359236478805542,0.016633303835988
1774470524935641900,187.1476418457032,0.7513239787369966,1.5935232834026216,0.1097416467010974,-0.1273876428604126,-0.0926611647009849,-0.3384575247764587,0.2728933965504169,0.3767027305930853,0.4446019623428583,0.0343293510377407,-0.0292549151927232,-0.1734303832054138,0.1013408981025218,-0.2583884858578443,0.9361766882628202,0.0907392725348472,0.2721042335033417,0.0359462797641754
1774470524945668900,187.1576689453125,0.7850742726475,1.6617219364903866,0.1667056429386138,-0.1396394968032837,-0.110955148935318,-0.2804532349109649,0.1607305871170014,0.4245528615266084,0.4705325224131345,0.0317532755434513,-0.0351519510149955,-0.1629710793495178,0.1392308491010218,-0.3954249667197466,0.964295698288083,0.1094347909092903,0.1660882532596588,0.0461166128516197
1774470524955695900,187.16769580078125,0.8360153553336859,1.6492879868529735,0.1656388904899358,-0.1463602483272552,-0.1261024177074432,-0.2156822085380554,0.0736895786542445,0.458612367516756,0.4369733671605587,0.0335201807320117,-0.0363522581756114,-0.1486149281263351,0.1918523591548204,-0.399467520108819,0.9374313644990324,0.1296697556972503,0.1180259138345718,0.0436814166605472
1774470524965723000,187.17772290039065,0.850698252941668,1.57662037165761,0.1130991404354572,-0.1448771953582763,-0.1410980373620987,-0.1570081263780594,0.0115887309849262,0.437442738237977,0.3331897520810365,0.0365623123943805,-0.032535683363676,-0.1347877979278564,0.2050994518060237,-0.2425368367314338,0.6958084277421236,0.1166941300034523,0.0830030441284179,0.0114843770861625
1774470524975749600,187.18774951171875,0.8471712478592991,1.461331027701497,0.0305880304872989,-0.1397761851549148,-0.1513176560401916,-0.1075518950819969,-0.0727542705655097,0.4179454260855912,0.1910989104390144,0.0462089963257312,-0.0217011347413063,-0.1139950901269912,0.1159978575516492,-0.0664776745140552,0.2694099383488297,0.0539316795766353,0.0515774711966514,-0.0145594738423824
1774470524985777000,187.1977768554688,0.7636692271776497,1.3271440910518169,-0.0906470701307058,-0.1295720487833023,-0.1584193408489227,-0.0722089409828186,-0.1614052715081721,0.3730120593816042,0.0825812525749206,0.057347934693098,-0.0059858197346329,-0.088442325592041,0.023423399554938,0.068272156715393,0.0192716867029666,-0.0225256718695163,0.0267745591700077,-0.0446397960186004
1774470524995803000,187.2078029785156,0.6200824478894472,1.2358270127050577,-0.2154623673230409,-0.1170980632305145,-0.1687130033969879,-0.0425581037998199,-0.2254302556404843,0.3390992683857679,0.0059136079579591,0.0679668188095092,0.0119088822975754,-0.0551702007651329,0.0496475357443094,0.111999070239067,0.005380523994565,-0.0693411156535148,0.0146510507911443,-0.078088030219078
1774470525005830000,187.2178298339844,0.5534184570230544,1.110690593799576,-0.3256219471752643,-0.1047365441918373,-0.1707779616117477,-0.0271145962178707,-0.2595745173046365,0.3027268092781305,-0.0702092622578144,0.0794354528188705,0.0288298092782497,-0.0211576353758573,0.077695087968558,0.103496614831686,0.1291188396051526,-0.085350215435028,0.0229066498577594,-0.1090937256813049
1774470525015856600,187.22785668945312,0.4862146601915359,0.966544938519597,-0.4166279137462377,-0.0938814952969551,-0.1730874627828598,-0.0122911743819713,-0.2758720835676416,0.2943997104376554,-0.127834937274456,0.0878308042883873,0.0398196093738079,0.0166797582060098,0.0668412471294403,0.1112444524794816,0.1247790568351745,-0.0984042361378669,0.0563008226454257,-0.1435526311397552
1774470525025884000,187.2378837890625,0.4951585757561028,0.8618284995693712,-0.4978068983078003,-0.0863532721996307,-0.166648730635643,0.0013093221932649,-0.2289396520009264,0.2981844896733761,-0.2106394772112369,0.0963108390569686,0.0476767346262931,0.0542407184839248,0.0441373940207064,0.1248988838225603,-0.0652414107173681,-0.1249309629201889,0.1074137315154075,-0.1835461556911468
1774470525035911000,187.24791088867187,0.5742448258221149,0.8136099006496369,-0.5243634813219309,-0.0777342170476913,-0.1589545905590057,0.0242031849920749,-0.1863712973952293,0.280537773823738,-0.3165034056961536,0.1036160588264465,0.0598706938326358,0.0888462141156196,0.0578834491699934,0.1820499270647764,-0.3146516403496265,-0.163421094417572,0.152015820145607,-0.2139253616333007
1774470525045937700,187.25793774414063,0.6217968505918979,0.8075472396098077,-0.4891694183439016,-0.0742259547114372,-0.1488468497991562,0.0474582575261592,-0.1555062035322189,0.2753302683085203,-0.4083773872733116,0.1053543016314506,0.0771695226430893,0.1188986524939537,0.1091355705667287,0.2965367224663496,-0.4940612820386886,-0.1918843239545822,0.1923841089010238,-0.236502006649971
1774470525055965000,187.26796484375,0.6554033521175384,0.8469437227137386,-0.4113759845674037,-0.070744939148426,-0.1403050273656845,0.0750928074121475,-0.175853447044827,0.2238420731335878,-0.5746703577578067,0.0996678918600082,0.0953045189380645,0.149005189538002,0.1881704557716846,0.3976578403383493,-0.4936404262781143,-0.1879207491874694,0.234477236866951,-0.2613477110862732
1774470525065992000,187.27799194335927,0.7158787174768746,0.9459976058576256,-0.3276262727349996,-0.0649954155087471,-0.1309056282043457,0.1030253991484642,-0.1872621818203479,0.1157844339966773,-0.7749807486563921,0.0812659785151481,0.116781860589981,0.1874721646308899,0.2262454810135066,0.4491068725466728,-0.4717068268895149,-0.1831418573856353,0.200964093208313,-0.2867182791233063
1774470525076018700,187.2880187988281,0.7834487172722816,1.0783603958200665,-0.235057879152894,-0.054542776197195,-0.1306749880313873,0.1284599155187606,-0.1657271532952785,0.0397404742360115,-0.8944605300396681,0.0592063702642917,0.1514601558446884,0.2185460478067398,0.2338927808962762,0.4391179779738187,-0.4343555858775973,-0.178556427359581,0.1176540330052375,-0.3027462363243103
1774470525086047000,187.298046875,0.780732444050908,1.210217793543637,-0.1641337466239929,-0.0399338230490684,-0.1367259323596954,0.1473722755908966,-0.2196738475382328,0.1101513965457677,-0.7638853541463613,0.0487326867878437,0.2110611647367477,0.2260870486497879,0.196129963408783,0.4186760784476995,-0.3085039313748479,-0.1663106083869934,0.0293209888041019,-0.303514152765274
1774470525096074000,187.30807397460936,0.6765349874734878,1.2929128817565738,-0.1451812088727951,-0.0167619250714778,-0.1477106809616089,0.1662727296352386,-0.2976922491770237,0.1699807190865278,-0.712169195434451,0.037984512746334,0.1665423214435577,0.2654450237751007,0.1618250312902033,0.3916179756522178,-0.1292421737238764,-0.1480402499437332,-0.054044209420681,-0.2979084551334381
1774470525106101000,187.3181010742188,0.3556694410450756,1.3093264025494455,-0.1978255883455276,0.0046512484550476,-0.1724979728460312,0.1647370755672454,-0.009624664370343,-0.0290489843517541,-1.2392138786643745,0.032165240496397,0.1393317431211471,0.2935661375522613,0.1754695257611572,0.3771820385426283,-0.0520683331504464,-0.1131645143032074,-0.1521618217229843,-0.2943145930767059
1774470525116128000,187.3281279296875,0.1029682070434093,1.2215332605451346,-0.3169844672113657,0.0283874720335006,-0.1907627284526825,0.1614784449338913,0.0524467380087822,-0.0189642281889915,-1.1969962006598711,0.0287454668432474,0.1686353683471679,0.2719252705574035,0.0711346334744244,0.313589564076066,-0.0662353901907801,-0.0833184644579887,-0.1749539524316787,-0.2820107936859131
1774470525126155000,187.33815502929687,0.0883668502390384,1.0415257260281592,-0.4338461750507354,0.0450645051896572,-0.1768755167722702,0.1529234498739242,0.074650459575653,0.3377478537768125,-0.4937725282251834,0.0476690903306007,0.1490347683429718,0.2306609451770782,0.0259650468617677,0.193240598642826,-0.2838265862360596,-0.0568409264087677,-0.2129728943109512,-0.2915316820144653
1774470525136182000,187.34818212890625,-0.1039580948635935,0.804372408965975,-0.5021113175034523,0.0691562592983245,-0.1384580880403518,0.1225104182958602,0.3301122443318366,0.737690005660057,0.1233481472492218,0.0750889629125595,0.0451151318848133,0.2088086903095245,0.0478838870726525,0.1111994442939758,-0.4660238128170371,-0.0368541665375232,-0.2477705478668213,-0.291368156671524
1774470525146209000,187.358208984375,-0.5643956319808959,0.4763409529635682,-0.5526262837320566,0.0957137495279312,-0.1102123111486435,0.065861165523529,0.5177297423958778,0.6203852302283048,0.0486538485318422,0.0697226896882057,-0.0761481821537017,0.1827722936868667,-0.1100245552957057,0.068026072999835,-0.4964157362103462,-0.0205672979354858,-0.2762886583805084,-0.2983969748020172
1774470525156236000,187.3682360839844,-0.8481795481190085,0.069961004851479,-0.5707359409183264,0.1252391636371612,-0.1083880439400672,-0.0020622219890356,0.7756196310818195,0.3164887926489114,-0.290142637515068,0.0728048384189605,-0.15671007335186,0.0805789977312088,-0.176172997855395,0.0148088620752096,-0.4276937899008393,-0.004885007161647,-0.2396970987319946,-0.2963671088218689
1774470525166262800,187.3782626953125,-0.737934335809946,-0.3161035196583718,-0.5072890124022961,0.153479591012001,-0.110526256263256,-0.0649619027972221,1.04983053997159,0.2574368842214345,-0.4450228181034326,0.1275631636381149,-0.2430921047925949,-0.0722209364175796,-0.322191826596111,-0.0838666162103414,-0.4361266872033477,-0.0061607593670487,-0.1063708215951919,-0.2812073826789856
1774470525176290000,187.3882900390625,-0.4891856388263404,-0.5557665545191616,-0.3816670750021934,0.175985962152481,-0.0832573547959327,-0.1153893917798996,1.045789155626297,0.1733767912656068,-0.5813789154857397,0.1699330359697342,-0.3158175349235534,-0.210502952337265,-0.3751321202754974,-0.1497363879591226,-0.5821241808950901,-0.0130189321935176,0.0616978146135807,-0.277287483215332
1774470525186316000,187.3983159179688,-0.3488262971520424,-0.5951734128866344,-0.2212871279537677,0.1896994560956955,-0.0382497198879718,-0.1511842459440231,0.6543816078543663,-0.3717226040929555,-0.9165484432071448,0.1311773806810379,-0.3640297949314117,-0.3214238584041595,-0.3738245448082685,-0.2138759749144315,-0.7824024230897426,-0.0077597051858901,0.2482059746980667,-0.2864706814289093
1774470525196343000,187.4083430175781,-0.3066965896919369,-0.4999648069940507,-0.0705231505125761,0.2026503980159759,-0.0042912187054753,-0.1694295555353164,0.3481869032699614,-0.9328484206229448,-1.0070178186833858,0.0626051723957061,-0.4137900471687317,-0.4466512203216553,-0.4842401452481746,-0.4065378968864679,-0.9456362982645632,0.0098075699061155,0.4647590816020965,-0.3092822730541229
1774470525206369800,187.41836987304688,-0.2453055707924067,-0.3221126969452947,0.0515004701346158,0.2158579528331756,0.0098635982722043,-0.1697469651699066,0.2858592245748266,-1.0145172345280646,-0.6894640271514654,0.0232279375195503,-0.5026591420173645,-0.5707792639732361,-0.6053362757869064,-0.6998778691381216,-1.113512738548219,-0.0078991446644067,0.7758617997169495,-0.4785264134407043
1774470525216397000,187.42839697265623,-0.1222761341035366,-0.0736994972600601,0.1538806481570005,0.2154800444841385,0.0141488909721374,-0.160376101732254,0.1139864081313833,-0.9007821342766285,-0.3531669567048549,0.0110373962670564,-0.6011424660682678,-0.6579616665840149,-1.4824759609304368,-0.8650906431704759,-1.193210544641316,-0.0716741308569908,0.9714014530181884,-0.3727776110172272
1774470525226424000,187.43842407226563,-0.0328770182073116,0.2671396735955961,0.2440028176307678,0.2097289264202118,0.0127727864310145,-0.1443835794925689,-0.0497731348853558,-0.8647089503765105,-0.2768587930500507,0.0120962690562009,-0.685849130153656,-0.7081899642944336,-0.7333123750977217,0.1587625749796629,-0.826634071265161,-0.1065041124820709,1.293806552886963,-0.1726466864347458
1774470525236450800,187.4484509277344,-0.0718108522355556,0.5819630720492452,0.2778384517371654,0.197645366191864,0.0135823870077729,-0.1315822899341583,0.0181774617254734,-0.7467991947889328,-0.2900596354067325,0.0230734702199697,-0.7219988703727722,-0.7429356575012207,0.5558259565562009,-0.4408820650368928,-0.1549681511327624,-0.0738175362348556,1.3964282274246216,-0.2907818555831909
1774470525246478000,187.4584780273437,-0.1328770230948925,0.7995406048953533,0.3277928614735603,0.182912066578865,0.0088236182928085,-0.1162538304924964,0.0092272260179743,-0.4585831414222717,-0.2988023293107748,0.0267334524542093,-0.7124021649360657,-0.7498313784599304,0.6392372302144765,-1.0098106642723084,-0.2312742689609527,-0.0131696229800581,1.0740779638290403,-0.2905507087707519
1774470525256505000,187.46850512695312,-0.2235825454145669,0.898317497728765,0.403695366936922,0.1639194637537002,0.0045393905602395,-0.1157606169581413,-0.1620434232812374,0.0240250187098979,-0.1426625040501356,0.0252650585025548,-0.6891419887542725,-0.7084863781929016,-0.2318381864540278,-0.00337561391294,-0.4665533896490931,-0.0228009447455406,0.7035890817642212,-0.2130093276500702
1774470525266531800,187.47853173828125,-0.3210788969181478,0.908748290850222,0.5012883106827736,0.1460993885993957,0.006133887451142,-0.115766555070877,-0.3284345934432,0.4771820434302091,-0.018646248281002,0.0269689485430717,-0.660102128982544,-0.6146208643913269,-0.7541326064169407,0.1802133592873811,-0.1310217506170272,-0.0194601472467184,0.5934160947799683,-0.2185186743736267
1774470525276558800,187.48855883789065,-0.4053077705696224,0.8656011499758809,0.6155231771498918,0.1326371133327484,0.012387522496283,-0.1279435902833938,-0.4494013985138386,0.7720522939890623,-0.1621452031552791,0.0290652364492416,-0.6185756325721741,-0.4919070303440094,-0.6429898607462644,-0.1303039577364921,0.2927881835877895,-0.0079084197059273,0.2925957441329956,-0.13241708278656
1774470525286586000,187.49858618164063,-0.4518631855174899,0.7358934776321053,0.7233353170931339,0.1246124953031539,0.0342809371650218,-0.148694097995758,-0.5912532437682152,0.879796044871211,-0.455255458304286,0.0272486954927444,-0.5340405106544495,-0.3584461808204651,0.683593673813343,-0.1167144083231687,0.1526540289714932,-0.228720337152481,0.1492712646722793,-0.0454062148928642
1774470525296612900,187.5086127929688,-0.49289311504215,0.5604590962495655,0.802788208514452,0.1299052536487579,0.0657160952687263,-0.1733235567808151,-0.7625531556945294,0.9176087659150362,-0.7461047827839851,0.0228681284934282,-0.4212639629840851,-0.2344223260879516,-0.0476743359751999,-0.2269669271558523,0.5792150154501199,-0.3789551258087158,0.114755094051361,-0.0248285010457038
1774470525306640000,187.5186398925781,-0.5333247864127159,0.3461639460749924,0.8222112863868475,0.1473759710788726,0.1113253980875015,-0.1981102079153061,-0.8908440200429409,0.9965057770192622,-0.8658136967480182,0.0204113628715276,-0.3180302679538727,-0.120590291917324,-0.5863542196802795,-0.2344856322228908,1.322529582993686,-0.311903566122055,-0.0252079702913761,-0.0150490310043096
1774470525316667100,187.5286672363281,-0.6117091718196869,0.086252616297733,0.796598121702671,0.173208087682724,0.1512267291545868,-0.2043172419071197,-0.8795943848192691,1.1244260544896123,-0.7555816361814737,0.0358170345425605,-0.2588974237442016,-0.0167119055986404,-0.5452268211305141,-0.6660872432172298,1.042542428790033,-0.175811767578125,-0.244712620973587,0.0691635832190513
1774470525326694000,187.53869384765625,-0.7103185991317034,-0.151713368854206,0.713899964749813,0.2020227611064911,0.1889396756887436,-0.1996618062257766,-0.7774176204144955,1.1814005721211434,-0.5630740279883146,0.0556320175528526,-0.237999603152275,0.0625243261456489,0.3705494686603546,-0.955785644096136,0.3715872872754931,-0.1033849343657493,-0.2473617494106292,0.0216771326959133
1774470525336721000,187.5487209472656,-0.8021025643378495,-0.3926923634180799,0.5889654250919818,0.2285941988229751,0.2118535041809082,-0.1981528550386428,-0.5900315930187702,1.0147820229440927,-0.4408516698986292,0.0777197852730751,-0.2379242479801178,0.0987494066357612,-0.6087782329343259,-1.0057727870583533,0.2380409866169094,0.0711245536804199,-0.0483338646590709,0.0206174608319997
1774470525346748000,187.5587478027344,-0.8960784866303205,-0.5709306597728282,0.4534942938506603,0.2530794739723205,0.2248649597167968,-0.1979953497648239,-0.3606102584481239,0.7241641691327094,-0.4016325891882181,0.0874395221471786,-0.2521231472492218,0.0878932923078537,-1.0941817228734492,-0.4284264880895614,-0.0456803856790065,0.1349710077047348,0.2304790914058685,0.0727027431130409
1774470525356775200,187.5687751464844,-0.9057491090342402,-0.7138724922209978,0.3217418908715247,0.2633233368396759,0.2452786266803741,-0.1979815065860748,-0.1196364332497119,0.4470756589800119,-0.3708949210971594,0.0783370733261108,-0.2817173302173614,0.0401385985314846,-0.5404780191682279,-0.0568102669805288,-1.0830544719204307,0.0490885935723781,0.4875122308731079,0.0580154098570346
1774470525366802000,187.5788020019532,-0.7842483432173728,-0.7832921384710818,0.2643547007858753,0.2497270554304123,0.272402286529541,-0.1857538968324661,0.0616085341077297,0.2557680742263793,-0.2679343128383159,0.0653158128261566,-0.3282062709331512,-0.0338610596954822,0.0165402159124612,-0.1904594434916973,-1.501650470869243,-0.0641182214021682,0.5366119146347046,-0.0035645752213895
1774470525376828000,187.58882788085936,-0.7100064644426107,-0.797617747073993,0.2332417696416378,0.2176759093999862,0.2981763482093811,-0.1675892770290374,0.1675859329044818,0.1889145521372556,-0.0860433757275342,0.0543443039059639,-0.3859700262546539,-0.1261171400547027,0.0806687700171023,-0.3917231895923614,-1.121041965009272,-0.1339151412248611,0.4174444675445556,-0.0470510646700859
1774470525386855000,187.5988549804688,-0.6734462276779115,-0.7249381491798907,0.1643798303395509,0.1810961067676544,0.2995262145996094,-0.1443626433610916,0.2491664840042591,0.1587719273298978,0.0450724829137325,0.054699569940567,-0.4525610506534576,-0.2251854091882705,-0.1776718581110239,-0.261677006009221,-0.2012558550551533,-0.139164924621582,0.283493161201477,-0.0511059500277042
1774470525396882200,187.60888208007813,-0.6579986293077469,-0.6157238142885267,0.0631149200826883,0.1422227472066879,0.300144612789154,-0.1360402703285217,0.2120948636513203,0.0702402419179678,-0.0508230092644691,0.062398362904787,-0.5063847899436951,-0.3197866082191467,-0.2255273958720266,0.0856248580545187,0.7237447746768594,-0.069530464708805,0.1673577725887298,-0.0633120089769363
1774470525406909000,187.61890893554687,-0.6137459383442998,-0.4665879495058208,-0.0517675966382026,0.1105111092329025,0.2857114374637604,-0.1189146786928176,0.1054243680238723,-0.0706125823616981,-0.3416583052188158,0.0739924386143684,-0.5395554900169373,-0.4024189114570617,-0.091133392342925,0.2710907310426235,1.1217466061472892,0.0030083116143941,0.0253048576414585,-0.0893104076385498
1774470525416936000,187.62893603515624,-0.5268915384948253,-0.2629883260698057,-0.1518587869405746,0.084040880203247,0.2564374208450317,-0.0922119617462158,-0.0562627161003649,-0.2207142965018749,-0.618941461160779,0.0837756320834159,-0.5539122223854065,-0.4577029943466186,-0.1311668581761419,0.2566208916634321,0.7771557546079159,0.0081370268017053,-0.1823210418224334,-0.1004568040370941
1774470525426963000,187.638962890625,-0.4493856894880533,-0.0125439676168374,-0.256824305281043,0.0592568665742874,0.22317636013031,-0.0734018087387085,-0.2253098075985908,-0.2140735433131456,-0.712344552001357,0.0992752313613891,-0.5554547309875488,-0.4825968742370605,-0.115117494520545,0.2011392429381608,0.2881742600515484,-0.0163002833724021,-0.3922812044620514,-0.0944603160023689
1774470525436990000,187.6489899902344,-0.3741688282012939,0.1236439883906394,-0.3704997842997312,0.043730903416872,0.180963397026062,-0.0618844367563724,-0.3890518514912575,-0.0277373172312974,-0.6465986988931894,0.1271999776363372,-0.5606858730316162,-0.475034236907959,-0.1840390550553798,0.1380640703439712,0.1324780869051814,-0.03087736107409,-0.4903518557548523,-0.0729393139481544
1774470525447017000,187.65901684570312,-0.2664898131184279,0.1465319841609336,-0.4523427857279777,0.0302984789013862,0.1588861346244812,-0.0596317313611507,-0.5215267235260457,0.2077297272443771,-0.5409469518542289,0.1611315757036209,-0.5656934380531311,-0.4309927225112915,-0.4110942450165748,0.1874415569752454,0.0251098913371562,-0.0608294680714607,-0.485605239868164,-0.038592230528593
1774470525457044000,187.6690439453125,-0.1179050794124603,0.0087899671118706,-0.4942272862553596,0.0151248518377542,0.1552823483943939,-0.0650898814201355,-0.637878143755719,0.3455430376976728,-0.5975830313116312,0.179867148399353,-0.5451549291610718,-0.3631420135498047,-0.5500983726896346,0.2421674188971519,-0.1632946654513478,-0.1077442392706871,-0.4554225504398346,-0.0113709969446063
1774470525467071000,187.67907104492187,0.0521580572605133,-0.2410637502378784,-0.4980991592526435,-0.0066836434416472,0.1752849221229553,-0.0868545249104499,-0.7572878555774688,0.3868891935646534,-0.7068804413765668,0.1895852833986282,-0.4941982626914978,-0.2787637710571289,-0.5741610930614173,0.2849047368615865,-0.28858167180866,-0.1453379392623901,-0.4541217684745788,0.0054550566710531
1774470525477098000,187.68909790039064,0.2074387814737856,-0.6314063173931092,-0.4282686671793461,-0.0277724172919988,0.2153628468513488,-0.1276996880769729,-0.8261469453353434,0.4655237543404102,-0.681607468432188,0.1966656297445297,-0.4179425537586212,-0.1755165010690689,-0.6038033671312034,0.3242915753543376,-0.2354451249048113,-0.1576553285121917,-0.461506724357605,0.0184558108448982
1774470525487125000,187.699125,0.3080706545241177,-1.0185285159960389,-0.3108300362348556,-0.0507376044988632,0.2501827478408813,-0.1823310256004333,-0.8544717801310121,0.5714484731018543,-0.50933308545053,0.2127183675765991,-0.3367920517921448,-0.067666471004486,-0.6412864178292453,0.4547621218293905,-0.1302054657980799,-0.1530279070138931,-0.4740336239337921,0.0231164954602718
1774470525497151700,187.70915185546875,0.4036886449351906,-1.3095263090357183,-0.1779687952309847,-0.0771167427301406,0.2689636349678039,-0.2293664515018463,-0.828085146856308,0.6785504189491272,-0.24834406170547,0.2395433932542801,-0.2664312720298767,0.0369261801242828,-0.6093843821339309,0.5318476995974779,-0.1181029400721192,-0.1415922939777374,-0.5022850036621094,0.0122409462928771
1774470525507179000,187.7191789550781,0.4796405424982309,-1.4966156915724276,-0.0444283397912979,-0.1146239042282104,0.2680384814739227,-0.269262284040451,-0.7169348024010658,0.7128495789140462,-0.0679699588984251,0.2665132284164428,-0.206913873553276,0.1258395463228225,-0.6415447765044867,0.4535229354232549,-0.142322312310338,-0.1233406066894531,-0.5355604290962219,-0.0033858534879982
1774470525517206000,187.7292060546875,0.4763400396481156,-1.5371446858376263,0.0560310993015766,-0.1539627760648727,0.2457997351884842,-0.2996766567230224,-0.5962251869618892,0.6622369975298643,0.0402940164655446,0.2876422107219696,-0.1576079428195953,0.1932526677846908,-0.6862105783134699,0.3610609248250723,-0.1423103296115994,-0.0996901392936706,-0.5561778545379639,-0.0232311971485614
1774470525527232800,187.7392326660156,0.4730260927945375,-1.4147555928789075,0.0332891061395406,-0.1941337585449218,0.2151709347963333,-0.3198018968105316,-0.4577589655578136,0.5908125142633914,0.0703717593431472,0.291565328836441,-0.1247378811240196,0.2350280731916427,-0.787870771498233,0.3164601510763168,-0.151225749734044,-0.0607015267014503,-0.5381848216056824,-0.0377333499491214
1774470525537260000,187.74926000976564,0.4851853171437978,-1.179344589439407,-0.1098287404626607,-0.220496654510498,0.1795269101858139,-0.3303448259830475,-0.3835070768456906,0.4745540330141782,0.0655664048880338,0.2831471264362335,-0.106079414486885,0.2555548250675201,-0.987311832216382,0.2327688914328813,-0.1480985576242208,-0.0119092194363474,-0.4844754934310913,-0.0494187697768211
1774470525547287000,187.759287109375,0.4515513430893421,-0.8890987838108092,-0.3334410964936017,-0.233101412653923,0.153437465429306,-0.3374272286891937,-0.3017103257119655,0.3039835313409567,0.1088157640278339,0.2625134885311126,-0.1020447239279747,0.2532128691673279,-1.1004781926691531,0.108116091325879,-0.2536398300260305,0.0046546040102839,-0.4422129988670349,-0.0592819154262542
1774470525557313800,187.7693137207032,0.3735620944797992,-0.5954205195154995,-0.5576823980778456,-0.2420237958431244,0.1289712786674499,-0.3388272523880005,-0.1950477941952645,0.1876034695386886,0.2221843690544366,0.250586986541748,-0.1191244721412658,0.225219652056694,-1.0555553473591803,-0.0369371072530746,-0.3120455495044589,0.0254155434668064,-0.4151566326618194,-0.0633890405297279
1774470525567341000,187.77934106445312,0.3355532663419842,-0.3771697635829448,-0.7276596100330353,-0.2491189092397689,0.1187023818492889,-0.328152447938919,-0.0544553013522177,0.1159907702237367,0.34450375777781,0.2489968091249466,-0.159106507897377,0.1810918748378753,-0.9455689321167766,-0.0997919150948524,-0.2396571896418929,0.0395590849220752,-0.3699981868267059,-0.0860068649053573
1774470525577368000,187.7893681640625,0.4165060409322381,-0.261932058482524,-0.8169687095582485,-0.253466784954071,0.1242593303322792,-0.3218972086906433,0.0481448760963976,0.01613221963346,0.328908713760972,0.2542154490947723,-0.202943354845047,0.1218520626425743,-0.8811806310974061,-0.1738204433798789,-0.1708092788651585,0.0458420142531394,-0.3346021175384521,-0.1085454672574997
1774470525587394000,187.7993940429688,0.4861386723458766,-0.3092419998584315,-0.8126023310422897,-0.252726674079895,0.1627261191606521,-0.3255521059036255,0.0521336534716188,-0.1080675760090351,0.2202490170776843,0.251845508813858,-0.2401690334081649,0.0602768510580062,-0.8783885161608457,-0.1212058745235204,-0.1368430041164159,0.0460097528994083,-0.3234267830848694,-0.1060389354825019
1774470525597421000,187.8094211425781,0.4575409388929605,-0.4028699854960665,-0.7338800919830799,-0.2469095140695572,0.2028213441371917,-0.3411318659782409,0.0694261490561068,-0.1681482429623603,0.147137603637576,0.2473401725292205,-0.2918415367603302,0.0031097829341888,-0.7215833588592707,0.1313479138314724,-0.040852819392085,0.0817203447222709,-0.3445472419261932,-0.1190223768353462
1774470525607447800,187.81944775390625,0.3893044380128383,-0.5670636090811342,-0.5539408734619617,-0.2479344606399536,0.2341718524694442,-0.3691354393959045,0.0279961142979562,-0.1651671813249587,0.1565343775361776,0.24805548787117,-0.3422266840934753,-0.042654775083065,-0.5415985476307571,0.1744949816405773,0.0223339968830347,0.1078264042735099,-0.3575561642646789,-0.139622151851654
1774470525617475000,187.82947509765623,0.3112693044349551,-0.7441939076613634,-0.3094885584980249,-0.2506660521030426,0.2413735687732696,-0.3947968482971191,-0.1030393725834786,-0.1595282986551523,0.1084101058363914,0.2544287443161011,-0.3928889632225036,-0.0711200162768364,-0.5045668939620256,0.1316390057325363,-0.0816167914569377,0.1058122590184211,-0.3410275280475616,-0.1394860595464706
1774470525627502000,187.83950219726563,0.2950584666073322,-0.8515846073221415,-0.1255453650325536,-0.2624717652797699,0.2427414357662201,-0.4246205985546112,-0.1273907006382942,-0.0301373641103506,0.2196469595313072,0.2729704678058624,-0.4463271498680115,-0.0865756720304489,-0.4269681059747934,0.2146855377316474,-0.1877735654085874,0.0826777145266532,-0.3219205737113952,-0.1389865428209304
1774470525637528800,187.84952880859376,0.3088289255455136,-0.8658843508314341,-0.0225660520732402,-0.2736418545246124,0.2394481599330902,-0.4523720741271972,-0.2070410143278539,0.0298860196977853,0.3157125475794077,0.2870543599128723,-0.4927181303501129,-0.0822533965110778,-0.2438110944509506,0.3288905935823917,-0.2584825938820839,0.0359858386218547,-0.3138520121574402,-0.1367385685443878
1774470525647556000,187.8595561523437,0.3101034755259752,-0.8073485752325504,0.0316185425788164,-0.2858495414257049,0.237465888261795,-0.4762904047966003,-0.3075871818561106,-0.1057698204606771,0.1419470492571592,0.2779854834079742,-0.5077053308486938,-0.0578186362981796,-0.0757915924347937,0.4337468063294887,-0.1825315731018781,0.0060796337202191,-0.3253641426563263,-0.1389001905918121
1774470525657583000,187.8695830078125,0.2601549110084772,-0.6893539909057319,0.0286222833722829,-0.2984161972999573,0.2360719889402389,-0.500235915184021,-0.4108955806393176,-0.2526888129115104,-0.1007891094386577,0.2499866783618927,-0.4984822273254394,-0.022735247388482,0.0359155091203749,0.4767641102790832,-0.0504097522884607,-0.0005138202104717,-0.3644423186779022,-0.1329725235700607
1774470525667609900,187.87960986328125,0.2306555525407194,-0.5453547583591193,0.0182943661034107,-0.3023204207420349,0.2403353154659271,-0.523723304271698,-0.4013551604863256,-0.1682446890741586,-0.0812877056330442,0.2367070764303207,-0.4895686209201813,0.0293423347175121,0.0871979525901377,0.599064209780097,-0.0390387557074427,0.0196758136153221,-0.430947482585907,-0.1271065771579742
1774470525677636900,187.88963696289065,0.2245554820999503,-0.431706313477829,0.0253992296725511,-0.3027843534946441,0.246130108833313,-0.5475857853889465,-0.4004898488938808,0.043924481922388,0.1053267528682947,0.233121320605278,-0.4717972576618194,0.1000437438488006,0.0884931069672107,0.4968944596379995,-0.0189709501907229,0.0435281507670879,-0.5049945116043091,-0.1243517994880676
1774470525687664000,187.8996640625,0.2358312016129493,-0.3824336023952812,0.0566360794574022,-0.2997852265834808,0.2520784735679626,-0.5664119124412537,-0.4529446971438824,0.1341734926462173,0.1001782840639352,0.2221592217683792,-0.4318836629390716,0.1877714693546295,0.1455342600941657,0.3327326559633016,-0.006536708292365,0.0576754473149776,-0.5203962326049805,-0.1215177252888679
1774470525697691000,187.9096909179688,0.2483990067631006,-0.3961529522007331,0.1143114388346672,-0.2896074056625366,0.2524401247501373,-0.5858082175254822,-0.4836905485413968,0.1074281090617179,0.0067909753143787,0.1932532489299774,-0.3741679787635803,0.2751311659812927,0.0649690235167741,0.4183844020247459,-0.0144821143388748,0.0688652545213699,-0.4693285226821899,-0.1157740876078605
1774470525707718000,187.9197177734375,0.2814987278103828,-0.4350782375963404,0.1726654281258583,-0.2703961431980133,0.263298749923706,-0.6058332324028015,-0.4839569443926215,0.0852554402202367,-0.0267810394197702,0.1677622646093368,-0.3149773478507995,0.3580487072467804,0.0539146916694939,0.3161129450738429,-0.1533002179205417,0.0474569983780384,-0.4372280240058899,-0.109119065105915
1774470525717745200,187.9297451171875,0.3448565167382359,-0.5243864603387192,0.2194651732236146,-0.2517944872379303,0.2805975675582886,-0.6213054060935974,-0.4175380143284797,0.0853366887629032,0.0366126976042985,0.1494192332029342,-0.2595762312412262,0.4310221970081329,0.0820323865205049,0.1278881287664175,-0.1764963845908641,0.0689375251531601,-0.5004493594169617,-0.1009423658251762
1774470525727772000,187.93977197265625,0.2894610849916935,-0.6367093922372907,0.2619394563376903,-0.2276839613914489,0.2995791435241699,-0.6402050852775574,-0.3174503311574458,0.0768535225778818,0.068742112314701,0.1382797658443451,-0.2195547819137573,0.4881044030189514,0.2951438068032264,0.3252197961151599,-0.1770320989027619,0.0291712749749422,-0.4483158886432647,-0.10219007730484
1774470525737799000,187.949798828125,0.0346171398729085,-0.7284503220193088,0.2484644732147455,-0.2104676961898803,0.3147767186164856,-0.6597753167152405,-0.2208829310670494,0.058410103392601,0.104662151479721,0.1295607388019561,-0.1955151259899139,0.5304130911827087,-0.1962326200656592,0.3462321890056133,-0.0352399479463696,0.0332877226173877,-0.5278493165969849,0.0240277741104364
1774470525747826000,187.9598259277344,-0.2546136434942483,-0.7721813271962106,0.1680816074669361,-0.2052335888147354,0.3251419961452484,-0.6570096015930176,-0.1088227782905101,0.0470849917799234,0.1008241807520389,0.1071126759052276,-0.1722026020288467,0.5674930810928345,0.4554878057554364,0.6010901626497507,0.2470718498125672,0.1322175115346908,-0.6212625503540039,0.0101576671004295
1774470525757853000,187.96985302734376,-0.3777040165901184,-0.6859783769927918,-0.0701280137151479,-0.2099551111459732,0.3249225616455078,-0.631119966506958,-0.0370097340978682,-0.0543640428721904,0.0033405425995588,0.0719864219427108,-0.1405671834945678,0.5942873954772949,0.4561050608709454,0.0259060101509094,0.4424190653458237,0.1836705803871154,-0.5741240978240967,-0.0158616844564676
1774470525767880000,187.9798798828125,-0.2913777322679758,-0.4046590974025428,-0.4087976585119962,-0.2171602249145507,0.3117478489875793,-0.6047492027282715,0.0459584719680249,-0.1798731675475835,-0.1409977857083082,0.0280197653919458,-0.1006242930889129,0.6135521531105042,-0.0534814148187637,-0.2688976049125194,0.0485807832956314,0.1486983448266983,-0.5391438007354736,0.0108829289674758
1774470525777907000,187.98990698242187,-0.1437853706002235,-0.0096960102902143,-0.632794629946351,-0.2303135693073272,0.3080005049705505,-0.5684372782707214,0.1684074784204363,-0.2339578089565038,-0.1622077469974756,-0.0094040818512439,-0.0568534731864929,0.6237574219703674,0.1333791273981332,-0.0729454092234373,-0.2634378782019019,0.1119707077741622,-0.6006308794021606,0.0607756562530994
1774470525787933000,187.9999328613281,-0.0456084894865751,0.4317931149784475,-0.6147708974778652,-0.2532207071781158,0.3197196424007416,-0.5238316655158997,0.2539490421056747,-0.2469458853453397,-0.0786351452976465,-0.0406035482883453,-0.0250049978494644,0.6224751472473145,0.695502576663345,0.0819534760653972,-0.0388426486134529,0.1844502836465835,-0.6795151233673096,0.0272508226335048
1774470525797960000,188.0099599609375,-0.0949523661091923,0.779106669479981,-0.4394897338956594,-0.2765611708164215,0.3372946381568908,-0.4747978150844574,0.3255681711614132,-0.3065168492108583,0.036527941930294,-0.0622529499232769,-0.0076698460616171,0.6156875491142273,0.5785556747585535,-0.0702209526956081,0.0905289967089891,0.2118872255086898,-0.609999418258667,0.0072033456526696
1774470525807987000,188.01998706054687,-0.1966398856922984,0.9122606828853488,-0.2898398551762103,-0.297920286655426,0.354230672121048,-0.4321372807025909,0.3861705239012837,-0.3809077810674905,0.0875531957685947,-0.0760151073336601,6.66371779516e-05,0.5990582704544067,0.0856587603241205,-0.1630465359091758,-0.0113435240522027,0.2349771112203598,-0.5141722559928894,0.0330514535307884
1774470525818014000,188.03001391601563,-0.1761266744956374,0.8400254677578807,-0.0988327146738767,-0.3153626620769501,0.361479789018631,-0.4035032391548157,0.4697849189162254,-0.4798948095202445,0.1577349854975938,-0.0874252542853355,-0.0088259391486644,0.5638598203659058,0.302114230337739,0.0766477708727121,-0.1127180321633815,0.2544911503791809,-0.4562580585479736,0.0278489682823419
1774470525828041000,188.040041015625,-0.0314312033131718,0.629073125205189,0.1101069728821516,-0.320054292678833,0.3680340051651001,-0.3850681781768799,0.4747361115828156,-0.5819248589307069,0.1970668789327144,-0.1047504469752311,-0.0397582873702049,0.5142736434936523,0.4858332596585154,0.1550783335089683,-0.16557517760396,0.2658524513244629,-0.4045201241970062,0.0152602763846516
1774470525838068000,188.0500678710937,0.137210376124084,0.3747076112531125,0.3001625117480754,-0.3112094104290008,0.3666504919528961,-0.3705406188964844,0.4457525936827063,-0.6780640967369079,0.249701906055212,-0.1216539591550827,-0.1018793284893035,0.4505787491798401,0.4469868116527795,0.1307996322989463,-0.2346200722575187,0.2558325827121734,-0.3494161367416382,0.0089712217450141
1774470525848095000,188.06009497070312,0.2099576324269175,0.0965300089557655,0.3999263697922229,-0.2861071228981018,0.3599691987037658,-0.3716518580913543,0.4025507269464433,-0.6726958477020263,0.3196019562333822,-0.1320730447769165,-0.1909330487251281,0.3895111382007599,0.410127738071978,0.0625946956008672,-0.238987327556312,0.2467532306909561,-0.3007037043571472,0.0165464673191308
1774470525858122000,188.0701220703125,0.1261088441342115,-0.1544810617355629,0.4410065681993961,-0.243178591132164,0.3460813462734222,-0.3903091549873352,0.3735921973571181,-0.5881196219176054,0.3948708399683237,-0.1279720366001129,-0.2992384731769562,0.3269619941711426,0.4968406836241483,0.0434849214613437,-0.1416921977132558,0.2447702437639236,-0.2465903908014297,0.0188913810998201
1774470525868149000,188.0801489257813,0.0057940732315182,-0.3375352704720571,0.4190770604640245,-0.197387084364891,0.3244145214557647,-0.4161536693572998,0.3458607253447174,-0.473109094902873,0.4673772732526063,-0.1178315207362175,-0.405644804239273,0.2750681936740875,0.5030104583002627,0.0682300711393356,0.0107107791066169,0.2620249390602112,-0.1924150586128235,0.0185443498194217
1774470525878176000,188.09017602539063,-0.042945407757163,-0.4465777924604713,0.3864426188409328,-0.1552572101354599,0.3164743185043335,-0.444382905960083,0.2607403096809983,-0.3874842368483543,0.4896779523879289,-0.1072142347693443,-0.501575231552124,0.2357526421546936,0.5807318497538566,0.0801987413525581,0.1628720561251044,0.2780081629753113,-0.1540876477956771,0.0153211252763867
1774470525888203000,188.100203125,0.0577051699936389,-0.4938048961248248,0.3475175526410341,-0.1201280578970909,0.3225306570529938,-0.4634392261505127,0.1892256639130413,-0.32337329146564,0.5605763659536839,-0.0932137295603752,-0.5874059796333313,0.2096403539180755,0.6707929366901516,0.0282990427672863,0.1827259266301989,0.2891672551631927,-0.1138773560523986,0.0167709719389677
1774470525898230000,188.1102299804688,0.1311857090070843,-0.4948479023717343,0.3154074271529912,-0.098178282380104,0.3408907651901245,-0.4738279581069946,0.1155630463309586,-0.2189151381254196,0.5581909321218729,-0.0882645770907402,-0.6529456973075867,0.1972332894802093,0.6033867491543292,0.0329845702350139,0.1325318629190325,0.2966406345367431,-0.0657710805535316,0.0277844760566949
1774470525908257000,188.1202570800781,0.1129535944849252,-0.4266848685866221,0.3058931643545627,-0.0989214554429054,0.3496281504631042,-0.4730849862098694,0.0009705985978245,-0.0684060122281313,0.4797568623542785,-0.0723268911242485,-0.6953179240226746,0.1942124664783477,0.6040668403729796,0.0078378540188074,0.1208127835527062,0.2982955873012543,-0.011697300709784,0.0329923629760742
1774470525918284000,188.13028393554688,0.055853112386167,-0.3001350940181873,0.3269926510065793,-0.1022149920463562,0.3465844094753265,-0.4586485028266907,-0.1265358373746276,0.0618278028815984,0.3521335220038891,-0.0585494376718997,-0.7147988677024841,0.205895110964775,0.6033502165362239,-0.0398053561657667,0.158092712894082,0.3056616187095642,0.0488198399543762,0.0417376495897769
1774470525928310800,188.1403107910156,-0.0303083367630839,-0.1529883206934668,0.3350415174275636,-0.115004688501358,0.3447669148445129,-0.4339016079902649,-0.2859212204277515,0.1770160245507955,0.2031301244944333,-0.0379938259720802,-0.7143493294715881,0.2329365909099578,0.5841987952120602,-0.1106271973639726,0.1300900227248668,0.3087591230869293,0.1031733602285385,0.0497783981263637
1774470525938338000,188.15033813476563,-0.1303948508903384,0.0309440408507362,0.2923404398202896,-0.1285708248615265,0.3372352421283722,-0.4028422236442566,-0.4735366726651787,0.2593792504608631,0.0580979687035083,-0.0202683694660663,-0.6920830011367798,0.2792108952999115,0.6281959039792419,-0.1649187595218419,0.0206821380227804,0.3241684436798095,0.1536735445261001,0.0529986917972564
1774470525948365000,188.1603649902344,-0.1827808716878294,0.2088759016048163,0.188770175230503,-0.1388502269983291,0.3364324867725372,-0.3712769746780395,-0.6332119785755872,0.3227437613904476,-0.0190448922097682,4.7022011131e-05,-0.656053364276886,0.338199645280838,0.5482791944384574,-0.1824690292596817,-0.0657408846721053,0.3424872159957886,0.2274103462696075,0.0531259812414646
1774470525958391800,188.1703918457032,-0.1915273649841546,0.3683953593663871,0.0706879856854677,-0.1469126790761947,0.3488627970218658,-0.3426857888698578,-0.8050994080662727,0.4073328466564416,-0.0411012411952018,0.0215654037892818,-0.6148025989532471,0.412077784538269,0.4554202934771776,-0.282443899706006,-0.1715864007174968,0.3705116510391235,0.3312754929065704,0.0606182515621185
1774470525968419000,188.18041918945312,-0.1365907829210162,0.4917370038095861,-0.0294686710685491,-0.146288201212883,0.3775050044059753,-0.3194192051887512,-0.9664040687441824,0.4642027348697185,-0.0209895965367555,0.0455839186906814,-0.5760536193847656,0.4860129952430725,0.3786469965286552,-0.3672866674721241,-0.3240148042395711,0.3908803761005401,0.4248756766319275,0.0718059092760086
1774470525978446000,188.19044604492188,-0.0939224385395646,0.5210636725915596,-0.0945703810542821,-0.1451297253370285,0.4066538214683532,-0.294892281293869,-1.0679907583013175,0.5205097285032272,0.0364613064348697,0.0692473202943801,-0.5417076945304871,0.5550172328948975,0.3541676581799984,-0.3981605291634797,-0.4611614674776792,0.3998874425888061,0.4794704914093017,0.0823813155293464
1774470525988472000,188.2004721679688,-0.0478688356339931,0.4155580194924027,-0.1633762062549591,-0.137837067246437,0.4305006265640259,-0.2766766846179962,-1.1998118426024913,0.4931885908573865,0.088647420746088,0.0902045369148254,-0.5084493160247803,0.6163058876991272,0.3487754437476396,-0.3819751180380583,-0.5631649211421609,0.4045654237270355,0.5027461647987366,0.0839530602097511
1774470525998498800,188.21049877929687,-0.0961459598079323,0.2482232118047773,-0.2110708543658256,-0.122730016708374,0.4486255645751953,-0.2748412489891052,-1.2986661845862866,0.3822714706361294,0.0334743995785713,0.1034040823578834,-0.4810608029365539,0.6709876656532288,0.3309171309739351,-0.3039367695897817,-0.5691366890281438,0.4236206114292145,0.5234759449958801,0.0810369029641151
1774470526008526000,188.22052612304688,-0.1456318752497434,0.0730625967291649,-0.183507140135765,-0.106959618628025,0.4551914930343628,-0.2925733923912048,-1.3114511396184565,0.3098918786019086,-0.0670177727401256,0.1123139485716819,-0.4637579917907715,0.7147809267044067,0.252387491877377,-0.2299544185340404,-0.528986464947462,0.4488796889781952,0.5440587401390076,0.0729479566216468
1774470526018553000,188.2305529785156,-0.1412754336059093,-0.0827579425823874,-0.09136661657691,-0.0953889787197113,0.456779807806015,-0.3210106492042541,-1.2154480954125524,0.3137608289897441,-0.0470072503685951,0.1260160207748413,-0.4479224979877472,0.7424976825714111,0.1875447250887751,-0.1729284629762172,-0.4981754393592476,0.4805215299129486,0.5579841136932373,0.0601067282259464
1774470526028579800,188.2405798339844,-0.1688438240110874,-0.2068783711120486,0.0346054494351148,-0.0885409563779831,0.4466195106506347,-0.352682501077652,-1.1112895095407962,0.3851841432124376,0.187966457632184,0.1566200107336044,-0.4390536546707153,0.7451863884925842,0.1510553616032004,-0.083581954050064,-0.4392307906985283,0.5118392109870911,0.5720500946044922,0.0441212058067321
1774470526038606800,188.25060693359376,-0.2212275067210197,-0.2409226430004462,0.1678133119195699,-0.097639113664627,0.429269790649414,-0.3846406936645508,-0.9306333749219776,0.4087754466801881,0.4121306023269891,0.1960188746452331,-0.4497262835502624,0.7355707287788391,0.0952129167415201,-0.0288677825659513,-0.3811132405117154,0.5415089726448059,0.5907710790634155,0.0298133715987205
1774470526048634000,188.2606340332032,-0.2124456498503684,-0.1830665019624866,0.2654489257633686,-0.1078329607844352,0.4274373650550842,-0.4000242054462433,-0.6136567987561226,0.3606576047211885,0.3884270706564188,0.2343668043613433,-0.4586191177368164,0.7143197655677795,0.0328004458397626,0.0230254862785339,-0.3725780518785119,0.5536810159683228,0.5990917086601257,0.0219977684319019
1774470526058660900,188.27066088867187,-0.1647863653138279,-0.0595784621853847,0.3024310412019491,-0.1186616346240043,0.432009220123291,-0.4087383449077606,-0.2581660752788186,0.3674287062913179,0.3171586547344923,0.2839486598968506,-0.4808858036994934,0.6813442707061768,-0.0300920636638998,0.1140565872907638,-0.3594154957056045,0.5565013289451599,0.5781619548797607,0.0231261514127254
1774470526068688000,188.28068798828124,-0.1650172514602541,0.0855472627736628,0.300998962572217,-0.1270181983709335,0.4379677474498749,-0.4054513871669769,0.1260121057614684,0.4290326372891664,0.4821802901089191,0.3321329653263092,-0.5049493312835693,0.645240068435669,-0.0491892705827951,0.2064098768174648,-0.2546782331630587,0.564956545829773,0.5195232629776001,0.0239267572760581
1774470526078715100,188.29071508789065,-0.1889990155503153,0.188865123504959,0.2804284682303667,-0.1279324740171432,0.4425561130046844,-0.395172655582428,0.3802323660239577,0.4422013309419155,0.6341793623030185,0.3498434722423553,-0.5327301025390625,0.628093421459198,-0.018327391590178,0.2744827115684747,-0.0433981199607253,0.5907716751098633,0.4387429654598236,0.0240963995456695
1774470526088741000,188.3007412109375,-0.164611008746922,0.2480389595453627,0.2870043394893408,-0.1224086955189704,0.4438999891281128,-0.3767921924591064,0.5853729535579681,0.2698895385593176,0.6584124708056449,0.3274755775928497,-0.559675395488739,0.6163148283958435,-0.0238505389258265,0.3437316043615341,0.1690276561453938,0.6242184042930603,0.3464683890342712,0.0333214364945888
1774470526098768000,188.31076782226563,-0.0766682291388511,0.2675075387936085,0.3072977704554796,-0.1090396270155906,0.4473509192466736,-0.3490114510059356,0.8225859649181365,0.0009440028518438,0.5706500162005425,0.2784536778926849,-0.5849173665046692,0.6095540523529053,-0.0405021062582731,0.4441360983967781,0.2926040591925382,0.6632278561592102,0.2294275164604187,0.0532783679664135
1774470526108795100,188.3207951660156,-0.0098486093193292,0.2610510013316758,0.3463344803363085,-0.088750846683979,0.4507931172847748,-0.3282161951065063,0.9920593190044164,-0.3197901722818613,0.3555547286242246,0.2255177646875381,-0.6016995310783386,0.5877147912979126,0.0077092592030763,0.5644523306041955,0.3614788579761981,0.7090595364570618,0.053481537848711,0.0820395871996879
1774470526118822100,188.330822265625,0.0049210897892713,0.2177896412268281,0.3611129472732544,-0.0623685009777545,0.4419490098953247,-0.3030344247817993,1.052475501522422,-0.5993161387145519,0.0957499462276697,0.170194998383522,-0.5976800918579102,0.5501832365989685,0.1801737579293549,0.7907149088829756,0.4527236017391085,0.7968810200691223,-0.2102595567703247,0.124515414237976
1774470526128849200,188.34084912109373,-0.0209083479940891,0.1787007992999628,0.3910802155137062,-0.0468868874013423,0.4246473908424377,-0.287559300661087,1.0123264464855193,-0.8473772918254137,-0.1624146677464246,0.1194665879011154,-0.5709712505340576,0.4890549480915069,0.3349976782858371,1.0710118596881628,0.6082867961555719,0.9345127940177916,-0.559291660785675,0.1991271376609802
1774470526138876200,188.3508762207032,-0.0317465528726577,0.1766676129719242,0.396093659761548,-0.0385192334651947,0.4069717228412628,-0.2693105340003967,0.9387859939783813,-1.10095048635602,-0.3837602478891611,0.0844136700034141,-0.5348299145698547,0.4075870811939239,0.6553437308847904,1.4101748409599064,0.7211205636531114,1.1292510032653809,-0.965235471725464,0.264933317899704
1774470526148903200,188.3609030761719,-0.0048643911659717,0.1841256556265987,0.353295551520586,-0.0474887304008007,0.3995618522167206,-0.2580795884132385,0.8799404217779636,-1.2447545616567135,-0.5878045646190643,0.066619224846363,-0.4988724291324615,0.3024550676345825,0.8290602754987776,1.3044418453782796,0.7379395965069532,1.292121410369873,-1.2111210823059082,0.3128078281879425
1774470526158930200,188.37093017578124,-0.093323011341691,0.229179342508316,0.3007037790179252,-0.0654584094882011,0.3897699415683746,-0.2504544258117676,0.8386842822819948,-1.277767773464322,-0.7670446949601173,0.0597692131996154,-0.4610708355903625,0.183241456747055,0.4167899724401533,0.8705693668425083,0.4650155125573277,1.3413158655166626,-1.1601805686950684,0.3963194787502289
1774470526168957000,188.38095703125,-0.2124006416648626,0.231659742880892,0.1686632067471742,-0.0793026983737945,0.3804211020469665,-0.2589304149150848,0.8314180906713008,-1.2440642413049936,-0.8658388311892747,0.0745654627680778,-0.4200488328933716,0.0528810620307922,-0.2795131069511175,0.6446849742263555,-0.1335974463239312,1.3661326169967651,-0.9915005564689636,0.6188586950302124
1774470526178984200,188.39098413085927,-0.20874065785259,0.2268800160573795,0.0059095163047313,-0.0895140543580055,0.3766034543514251,-0.264413058757782,0.8837743008524179,-1.177380230563879,-0.9183861800283192,0.1105780526995658,-0.380606472492218,-0.0909972861409187,0.4866507135212421,1.2896972807109357,-1.0526344914764163,1.3678237199783323,-0.9113109111785888,0.6801944375038147
1774470526189011200,188.40101123046875,-0.1889069533526897,0.2062711624665185,-0.1542448052942752,-0.0940180942416191,0.3904116749763489,-0.2692021131515503,0.937298093508184,-1.0808785891860724,-0.9688789344251156,0.1629339456558227,-0.3309366405010223,-0.241578534245491,0.9584672843955456,1.235479368311167,-1.3617339045263823,1.2799497842788696,-0.5597943663597107,0.7254827618598938
1774470526199038000,188.41103784179688,-0.0962894599318504,0.1879487027797848,-0.270539526900649,-0.0969057604670524,0.42014080286026,-0.2686359286308288,1.0035586181402203,-0.8786094654351473,-0.9863006093472242,0.2038431316614151,-0.2662039697170257,-0.3770169019699096,-0.1548309346191585,0.4944458974421024,-1.2095328800193963,1.1013046503067017,-0.1901241242885589,0.7387732863426208
1774470526209064000,188.4210639648437,0.0322486571758985,0.1478742930148262,-0.3278010447800159,-0.0959102734923362,0.4514883458614349,-0.2591289579868316,0.9429735087960958,-0.7340987031698226,-0.9919418301045894,0.2149205505847931,-0.2017469704151153,-0.4947821497917175,-0.1944773008309304,-0.0113660281449556,-1.0886324181832372,0.8805041909217834,0.1033194959163665,0.679547131061554
1774470526219091200,188.4310913085937,0.189445298013091,0.0918338870287872,-0.3806576056987047,-0.086738608777523,0.4933516383171081,-0.2481897920370102,0.8852519721895455,-0.6382429584801197,-0.8958931931912898,0.2074171751737594,-0.1511872708797454,-0.5939947962760925,-0.3047058542661369,-0.6277262406408787,-0.5977909749738872,0.69143146276474,0.2842708826065063,0.5559343695640564
1774470526229118200,188.4411181640625,0.2896829110488295,0.0554114010672317,-0.4006640364170074,-0.0670368447899818,0.5360629558563232,-0.2393231242895126,0.946744259506464,-0.4925491239100694,-0.7322463533014059,0.1829536408185959,-0.1080075725913047,-0.6730228066444397,-0.4348497991353273,-1.0105664510756731,0.2922797956742346,0.5538948774337769,0.3194854259490967,0.3834579586982727
1774470526239145000,188.45114501953125,0.1984802528619766,0.0266869884777464,-0.3504869238406419,-0.0473760589957237,0.564539909362793,-0.2390991449356079,1.0232026452869176,-0.4353840521425008,-0.627317075318098,0.1456841826438903,-0.0485657714307308,-0.7362834215164185,-0.8114661666192113,-1.1854554004698992,1.1309976879648864,0.4659881889820099,0.2610343694686889,0.2059351205825805
1774470526249172200,188.46117211914063,0.15755553727746,0.030721787818626,-0.2641103706359863,-0.027726300060749,0.5657081604003906,-0.2318814694881439,1.1028811621576546,-0.4942144267737865,-0.4866027827262878,0.1005968749523162,0.0325309485197067,-0.7889019250869751,-0.9385212055623532,-1.3426245687782763,1.709986347313225,0.3931297063827514,0.0702467709779739,0.0173004548996686
1774470526259199200,188.47119921875,0.1690206418827176,0.0765170982643263,-0.1600590445309877,-0.0065347300842404,0.5595557689666748,-0.2277003079652786,1.1145260072439909,-0.5750228244572878,-0.3511094396531581,0.0628023892641067,0.1221499368548393,-0.8417808413505554,-0.8325162611715495,-1.3129589138329028,2.102289821011573,0.3633214831352234,-0.1945476084947586,-0.1501734852790832
1774470526269226000,188.4812260742188,0.1623889487832784,0.14827934841807,-0.0310451266050338,0.0087741911411285,0.5492866039276123,-0.214113712310791,1.0748922082528471,-0.7880980043828487,-0.3834200561493635,0.0390142388641834,0.2002982646226883,-0.903448224067688,-0.9313817090712488,-1.0615063647180796,2.292756571026892,0.3744603395462036,-0.4089846312999725,-0.3007324039936065
1774470526279253000,188.4912529296875,0.1427571965962648,0.2258188165666535,0.0700730686575174,0.0117263058200478,0.5348325967788696,-0.1993259787559509,0.9370850352793932,-0.9361293419897556,-0.4727180497586727,0.0292358826845884,0.2685676515102386,-0.9818891882896424,-0.9119453333258628,-0.8378729658991098,2.0474578683666884,0.3690447807312011,-0.5042546987533569,-0.3942136168479919
1774470526289280300,188.5012802734375,0.1564659884750843,0.2745972047936171,0.1315741238027811,0.0004850480472669,0.5350127220153809,-0.195258155465126,0.7294958855494856,-0.8391191665679216,-0.3848883751362562,0.0419000089168548,0.3209069967269897,-1.0626671314239502,-1.1559310536913574,-0.6775000331133604,1.4551581842854615,0.2955228984355926,-0.3950691819190979,-0.4281002879142761
1774470526299307000,188.51130712890625,0.1168161151319742,0.2881604141892865,0.1482499487936496,-0.0209483373910188,0.5394594073295593,-0.1964187622070312,0.5520625123694539,-0.6025017830133438,-0.1603577352166176,0.0652505904436111,0.3713925182819366,-1.1469180583953855,-1.3334054895341396,-0.3203027979791164,0.860176275382936,0.1556595414876938,-0.1393210589885711,-0.4444148242473602
1774470526309334000,188.521333984375,0.092931381675601,0.2660678979119286,0.0934650501608848,-0.0446430332958698,0.5515924692153931,-0.1977656036615371,0.4472057151004672,-0.4249772244185209,-0.0227881703913211,0.0789698660373687,0.4207081198692322,-1.2312010526657104,-1.226335838521272,-0.3152256408452987,0.334337753072381,0.013884587213397,0.2317449152469635,-0.4369392096996307
1774470526319361300,188.531361328125,0.1685954022079706,0.2313004263155162,0.0015285247415304,-0.0657235458493232,0.5777596235275269,-0.2035776972770691,0.4691466210126876,-0.3379302246063947,-0.0424304439723491,0.0881990194320678,0.4838058352470398,-1.3108985424041748,-0.9615285716623068,-0.368381476971507,0.0328024916663765,-0.1238463819026947,0.5876688957214355,-0.4510203897953033
1774470526329388000,188.5413879394532,0.1483773745656013,0.210735521464236,-0.0808171655118465,-0.079949602484703,0.6047905087471008,-0.205613225698471,0.436273402197659,-0.2962164044708013,-0.2056663649737835,0.0916483476758003,0.570988118648529,-1.3818269968032837,-0.951305137681216,-0.3200391786068677,0.167087627993524,-0.2576610147953033,0.858105480670929,-0.4399324357509613
1774470526339415000,188.5514150390625,0.1319055477142333,0.2007462250325828,-0.1256014791339635,-0.08536247164011,0.6226419806480408,-0.2113584578037262,0.2440580549493431,-0.3113531833261251,-0.3940899187237024,0.0977166593074798,0.6861284375190735,-1.4604549407958984,-0.8759571973606943,-0.2683545840770006,0.629830373313278,-0.3863737285137176,0.9851657152175904,-0.4346295595169067
1774470526349442000,188.56144213867188,0.212002582257986,0.1997386188926175,-0.1777840863138437,-0.0845544338226318,0.6371405720710754,-0.204118549823761,-0.0785045046553015,-0.2761474299103021,-0.468608860874176,0.1115278154611587,0.8168976306915283,-1.5492618083953855,-0.6586462795615196,-0.3413227896541357,1.2323805255129932,-0.4957309365272522,1.0254379510879517,-0.4519189596176147
1774470526359469000,188.57146899414064,0.2451525721877813,0.2130111382460221,-0.229015091857314,-0.0715430229902267,0.6537852883338928,-0.2004710882902145,-0.3923074192211032,-0.1614127972275018,-0.3817120831876993,0.1264047771692276,0.948344886302948,-1.632872223854065,-0.4326023124694824,-0.4605792836755514,1.7726397873640058,-0.5944881439208984,1.0027941465377808,-0.5045949220657349
1774470526369496000,188.58149609375,0.2261316453754902,0.2063780203744769,-0.2055196499794721,-0.0563070811331272,0.6738151907920837,-0.1928054392337799,-0.6481888906940817,-0.105385789579153,-0.3234025175601244,0.1314192414283752,1.0872135162353516,-1.7139737606048584,-0.2103447320483625,-0.685745883411169,2.1682658296138047,-0.6825396418571472,0.8578213453292847,-0.583121657371521
1774470526379523000,188.59152319335936,0.229699566990137,0.2243445792956277,-0.1266606327980756,-0.0373520329594612,0.6828060150146484,-0.1821586489677429,-0.7814683571100235,-0.1193219604730606,-0.3725432728260755,0.1239935457706451,1.2170374393463137,-1.790934920310974,0.0344156259514391,-0.7967793234884738,2.408547434764355,-0.76578289270401,0.7431666851043701,-0.6474292874336243
1774470526389550300,188.6015502929688,0.3235305278539657,0.2403790193767286,-0.0868278041034936,-0.016839675605297,0.6936048269271851,-0.1586967706680297,-0.8265592524632811,-0.0391910236597061,-0.3910720322072505,0.1168469488620758,1.3690474033355713,-1.8779670000076287,-0.2170537281677126,-0.7488152107864617,2.7505674129024147,-0.8517789244651794,0.6380327939987183,-0.7033184766769409
1774470526399577000,188.6115771484375,0.2736450917005539,0.2472200261116027,-0.0177431619614362,-0.0053619835525751,0.6778796315193176,-0.1451210379600525,-0.90471903533414,0.0933627588301897,-0.3396826212316751,0.1284750252962112,1.4978357553482056,-1.9747462272644043,-0.4428066033586859,-0.7322247259914875,2.748606634223461,-0.9727197289466858,0.5013644099235535,-0.7219694256782532
1774470526409604000,188.62160400390624,0.2009738232433796,0.2399702376464381,0.0434293918818235,0.0057459706440567,0.6620818376541138,-0.1389137059450149,-0.9257681069731712,0.1341705700367689,-0.3091799309402704,0.1543452441692352,1.62840473651886,-2.0745553970336914,-0.2502126320563256,-0.6417009899795055,2.6704654099225995,-1.0747967958450315,0.3448824882507324,-0.7857386469841003
1774470526419630000,188.6316301269532,0.3034294045895337,0.2187854473311453,0.0803460408687591,0.0184521786868572,0.6537621021270752,-0.1131098046898841,-1.0923344875715673,-0.1102355676978826,-0.4507996479392051,0.1549420952796936,1.7659571170806885,-2.183825731277466,-0.0615985241703689,-0.5788286464810372,2.463030573971569,-1.2271658182144165,0.2629330158233642,-0.8496414422988892
1774470526429657000,188.64165698242184,0.2647451614081859,0.246249025654979,0.0881780496686697,0.0182237606495618,0.6289555430412292,-0.0997411906719207,-1.181723082073778,-0.2966886981576681,-0.4046709339708089,0.1313520818948745,1.8800525665283203,-2.292283296585083,-0.2193019454859197,-0.4107750960648059,2.1466694993555544,-1.394684910774231,0.226018413901329,-0.9193953275680542
1774470526439684000,188.65168408203124,0.1135281795024871,0.2247833725716918,0.1020417398482561,0.0184357482939958,0.5989302396774292,-0.0927751660346984,-1.171232083197683,-0.3492103280335664,-0.0734048434287309,0.0993628427386283,1.965319037437439,-2.3907456398010254,-0.3078190178506076,-0.3707441144496202,2.060630215281248,-1.566622614860535,0.2871629893779754,-0.9590052962303162
1774470526449711000,188.6617111816406,0.2076186680853366,0.184987332223542,0.0481178419589996,0.0240041464567184,0.58646160364151,-0.0792534127831459,-1.1794658046662807,-0.4731768994420766,0.2809521998435259,0.0691708549857139,2.01414442062378,-2.4686830043792725,-0.7700427077323198,-0.1824479864716529,2.134411198545992,-1.7450281381607056,0.3994677066802978,-0.9716675281524658
1774470526459738000,188.6717380371093,0.3526210132598876,0.1829545477543026,0.0259229612857103,0.0267304237931966,0.5757684707641602,-0.0653940588235855,-1.2504559881687165,-0.6271300283133984,0.470811339354515,0.0529332533478736,2.07338285446167,-2.5650291442871094,-0.8024512316450476,0.1343430039942264,2.165838017944992,-1.9321091175079343,0.451535701751709,-1.0040161609649658
1774470526469765000,188.68176513671875,0.3107943803995847,0.1831984760453924,0.0177636202275753,0.0254206284880638,0.5634458065032959,-0.056228931993246,-1.2366729620099066,-0.7184288403511047,0.5403448943078517,0.0643962994217872,2.0928399562835693,-2.6677961349487305,-0.5755877648636698,0.3607259937822819,2.290142735266685,-2.100210428237915,0.4519102275371551,-1.0347625017166138
1774470526479792000,188.69179223632813,0.3084340810090303,0.1417701765866018,0.0446820222914218,0.0289929918944835,0.5345348119735718,-0.0411477163434028,-1.1864391508102416,-0.7364829679578542,0.4835924949944019,0.093653567135334,2.106298446655273,-2.776092052459717,-0.6657777388766407,0.488877741920948,2.578860308414697,-2.2543179988861084,0.4969913959503174,-1.0769855976104736
1774470526489819100,188.7018190917969,0.4018289885431528,0.1137653492592275,0.0871732565402984,0.0347360968589782,0.4980655014514923,-0.02222516015172,-1.2464865000158547,-0.7089414655596017,0.3231564338445663,0.1280863732099533,2.094886064529419,-2.8798179626464844,-0.9007768735796212,0.4969032274663448,2.824016095472872,-2.4074389934539795,0.5417886972427368,-1.1095657348632812
1774470526499846000,188.71184594726563,0.448330627477169,0.08416938028289,0.1301356154322624,0.0457743667066097,0.4623895287513733,-0.0065974644385278,-1.0887427466899156,-0.392110143083334,0.257312965580821,0.1677334904670715,2.087289571762085,-2.9611756801605225,-0.8473316991180181,0.5997808336168527,2.964463261561096,-2.56221890449524,0.5728928446769714,-1.145984411239624
1774470526509873200,188.721873046875,0.4269114073514938,0.0703618772699497,0.2023486187279224,0.0573646277189254,0.4094408452510834,0.0057909432798624,-1.1977017185807228,-0.0570154341638088,0.0084013331204652,0.2055133581161499,2.11933970451355,-3.0375635623931885,-0.6675315968066453,0.7099947740048169,3.146018975368142,-2.7374181747436523,0.597756564617157,-1.1881318092346191
1774470526519900200,188.7319001464844,0.3699754681646823,0.0788984358763322,0.2584323249995708,0.0653700977563858,0.3388029038906097,0.0283401943743228,-1.489589884588867,0.1590320395708084,-0.3359861048012971,0.2373241782188415,2.130258083343506,-3.0656328201293945,-0.839631207743287,0.6985352223575115,3.315846257458627,-2.9509482383728027,0.6743938326835632,-1.175215721130371
1774470526529927000,188.74192700195312,0.3824398129403591,0.0796131600169464,0.2397124269604682,0.0701520442962646,0.2625291049480438,0.0480579584836959,-1.7145348043978212,0.3276841404020786,-0.7567214538663626,0.2412017434835434,2.154242753982544,-3.0447185039520264,-0.9969497213944792,0.8850707704037427,3.5788767239034174,-3.145754814147949,0.912649631500244,-1.1249351501464844
1774470526539954200,188.7519541015625,0.3636427580118179,0.0688220822157338,0.1743131953328847,0.0721299722790718,0.1833730340003967,0.0681645572185516,-1.9360976805530488,0.5068260710656642,-1.1258382593750953,0.2466002255678177,2.1717002391815186,-3.000951766967773,-0.9387062067404388,1.0338292532414195,3.739440795347096,-3.332060098648072,0.9835980534553528,-1.0883371829986572
1774470526549981200,188.76198120117184,0.2851952442407607,0.0790075222739949,0.1447960089474916,0.0670942962169647,0.0984908938407898,0.0755363553762435,-1.9959110748723148,0.6909972280681133,-1.3031143961668017,0.2837220430374145,2.193800926208496,-2.9463796615600586,-0.2034396288350224,0.951844797515869,3.645125850358605,-3.5192549228668213,0.9682930111885072,-1.0945875644683838
1774470526560008000,188.77200805664063,0.2695873407423496,0.0936112902311608,0.1043804119288921,0.0654396787285804,0.0149933416396379,0.0848401114344596,-2.102126008751988,0.7984194919109344,-1.4211463168293237,0.3219188451766968,2.243335485458374,-2.864690065383911,-0.2053510154142975,0.6325614057123661,3.768216223454475,-3.715686321258545,0.9422124028205872,-1.0988088846206665
1774470526570035000,188.78203491210937,0.2754477572083473,0.1086392749497666,0.0669435384601354,0.0623411387205123,-0.0689152777194976,0.0939427390694618,-2.0221713052883743,0.9812935948401688,-1.4599328513413667,0.340472549200058,2.283013343811035,-2.773620367050171,-0.4161553277984261,0.3469125724852085,4.013542983165383,-3.891835927963257,0.9169453978538512,-1.1262863874435425
1774470526580062200,188.7920622558593,0.2337678393423557,0.113802283736132,0.0466612134099006,0.0566430389881134,-0.1461733132600784,0.1016278192400932,-1.8030740885943173,1.148996432122588,-1.3913830467283723,0.3570435047149658,2.3128151893615723,-2.688636302947998,-0.4295078535854816,-0.0963064110666513,4.31323729287982,-4.029088020324707,0.9138217568397522,-1.2001001834869385
1774470526590089000,188.8020888671875,0.1931342156589031,0.0879114528880454,0.0791840113520622,0.0513675883412361,-0.2192512154579162,0.1034794598817825,-1.7229156792521476,1.2344687299638986,-1.3400731307297944,0.3694479763507843,2.346683979034424,-2.604254961013794,-0.6474737281620502,-0.6459247451543808,4.427406692895293,-4.16713809967041,0.9545071721076964,-1.2110649347305298
1774470526600116000,188.81211596679688,0.2145125192523002,0.027713589295838,0.1289852763533592,0.0374464467167854,-0.2940458059310913,0.1074358522891998,-1.759038547512889,1.3013362805783748,-1.3568161757379769,0.3724433481693268,2.405519485473633,-2.516545295715332,-0.8161132617726922,-0.7468471255838871,4.1916105625957245,-4.313197612762451,0.9467267394065856,-1.2376161813735962
1774470526610143200,188.8221433105469,0.2427572014838457,-0.0557946784635074,0.1602174499630927,0.0278398152440786,-0.363748162984848,0.1097824648022651,-1.7893863395035263,1.3183815234035252,-1.3682079228460788,0.3625715374946594,2.472193717956543,-2.424515724182129,-0.5384761778265238,-0.9809417126625776,3.8360231007456775,-4.450664520263672,0.8946025371551514,-1.2526010274887085
1774470526620170200,188.83217016601563,0.1946416976124048,-0.1270246255385689,0.1999368814110755,0.0133868400007486,-0.430394560098648,0.1135234087705612,-1.858884823143482,1.342034201669693,-1.337804016754031,0.3515914380550384,2.537060499191284,-2.322633981704712,-0.5913052662163972,-1.1726888578772543,3.686385496985912,-4.579563617706299,0.8376737833023071,-1.2452027797698977
1774470526630197000,188.8421970214844,0.1669698468327522,-0.1445475506117567,0.2520978612810373,-0.0007812306284904,-0.4953688979148865,0.1282883584499359,-1.901884006914496,1.191889817431569,-1.3369991301119326,0.3411757946014404,2.593705654144287,-2.2070975303649902,-0.5984115910902619,-1.1946867546737194,3.466121866860985,-4.708859920501709,0.7791698575019836,-1.2611069679260254
1774470526640224000,188.8522241210937,0.2606920866250992,-0.0871611185779329,0.2957932106226682,-0.0063600204885005,-0.5587266087532043,0.1551055908203125,-1.7509733144789934,0.874327842593193,-1.3470651815742254,0.3218728005886078,2.61662220954895,-2.068921089172364,-0.7716007508292794,-1.3804597939148544,3.415401733449101,-4.81777811050415,0.8406897187232971,-1.2702850103378296
1774470526650250200,188.86225024414065,0.3007201456308365,0.0092756134706549,0.3296101400285959,-0.0132250627502799,-0.6167857050895691,0.1881020367145538,-1.3712129498809575,0.5648696792334318,-1.3476023571908473,0.2924131751060486,2.6286447048187256,-1.9268362522125244,-1.3457163973137736,-1.3957336431533098,3.4307477711409327,-4.872226238250732,0.8970001339912415,-1.2353273630142212
1774470526660277200,188.87227734375,0.2714355989575386,0.119422434306005,0.365231488507986,-0.0233021974563598,-0.679928719997406,0.2197214812040329,-1.166358485811949,0.2008066499829292,-1.2970564113020897,0.2557874023914337,2.637129545211792,-1.8182973861694336,-1.1847107195824385,-1.588287720836699,2.896152818661928,-4.921515941619873,0.8459862470626831,-1.1931614875793457
1774470526670304000,188.88230395507813,0.2682236511737108,0.2403728636305779,0.4132289189577102,-0.0346705429255962,-0.7434524297714233,0.2557367086410522,-1.027122449079156,-0.1819663404345512,-1.2635837652891873,0.2081186771392822,2.619951009750366,-1.7254310846328735,-1.2827201351746915,-2.03247408811599,2.481385438090563,-4.994661808013916,0.8504296541213989,-1.17734694480896
1774470526680331000,188.8923310546875,0.2307780098766088,0.3482505430907011,0.4750046993911266,-0.0487442836165428,-0.8117331862449646,0.2904121279716491,-0.7507669293761253,-0.4761556229919195,-1.0572545524924992,0.1507419794797897,2.5771446228027344,-1.6165896654129028,-1.794168897604942,-2.315615614697337,2.2914234227269885,-5.0670599937438965,0.9341450333595276,-1.14274263381958
1774470526690358300,188.90235815429688,0.2146656639873981,0.4198383636927232,0.538050645890832,-0.0646442845463752,-0.8755674362182617,0.3335870206356048,-0.4408861566901206,-0.5915075107902288,-0.7065180378049611,0.0896647796034812,2.537729024887085,-1.4949675798416138,-2.114205738124251,-2.265596323031187,2.2341472918003795,-5.10634708404541,1.048900842666626,-1.0984854698181152
1774470526700385000,188.9123850097656,0.2830541405588388,0.4378162477254867,0.5604775817543268,-0.0701940432190895,-0.9482623934745787,0.3908377885818481,-0.4245481853514909,-0.6597223843604326,-0.3155237470090389,0.035835787653923,2.532484292984009,-1.3661623001098633,-2.023714735338092,-2.115494170499593,2.109000570696592,-5.153294563293457,1.1084991693496704,-1.0676006078720093
1774470526710412000,188.922412109375,0.2838847461640835,0.419241493778117,0.574522473719716,-0.0744992196559906,-1.0176243782043457,0.4459664225578308,-0.4575099592328071,-0.7364543263852595,-0.0042108956933021,0.0052738832309842,2.544783592224121,-1.261565923690796,-1.8553607406705617,-2.094303644563257,1.758859099292755,-5.229262351989746,1.1294559240341189,-1.0302722454071045
1774470526720439300,188.9324392089844,0.2612725168615579,0.421921891968511,0.5830126541674137,-0.0685811415314674,-1.0883326530456543,0.5067616105079651,-0.2922217818766832,-0.7842924746200441,0.1636959397286176,-0.0034048990346491,2.5212998390197754,-1.1844539642333984,-1.841613370347023,-1.9731050765633584,1.5006857174903154,-5.305592060089111,1.126201868057251,-0.9649741649627686
1774470526730466000,188.9424660644532,0.2983043166607618,0.4442174930699169,0.5743149684488773,-0.0571115389466285,-1.1548949480056765,0.5706411600112915,0.0552519316226243,-0.5555266813486814,0.3607522972673177,0.0036167912185192,2.4394209384918213,-1.103851079940796,-1.6028747568547723,-1.7513780958876013,1.3708207356929778,-5.337389945983887,1.0868960618972778,-0.9068825244903564
1774470526740493000,188.9524931640625,0.3482569728314876,0.4767336055429652,0.5776438206106423,-0.0442047975957393,-1.214932203292847,0.6290445923805237,0.2507791798979044,-0.1849348348513245,0.5652388048067689,0.0110190156847238,2.329277515411377,-1.0119231939315796,-1.237153439003229,-1.6363465260848402,1.329085288247466,-5.335450172424316,1.031969428062439,-0.8456868529319763
1774470526750520000,188.96252001953124,0.3794751179158687,0.5230789579367264,0.584675618943572,-0.0332718230783939,-1.2706098556518557,0.6924332976341248,0.3460901501864195,0.1403977739885449,0.6188476453974843,0.0058703264221549,2.2448537349700928,-0.9261081218719482,-1.1318287319615483,-1.5702635499767958,1.258390288299322,-5.309485912322998,0.9807626605033876,-0.7725925445556641
1774470526760547000,188.9725471191406,0.3322369814008474,0.5854993929492309,0.6215700560986995,-0.0300312899053096,-1.3229024410247805,0.7517855763435364,0.2742646849036216,0.3059060238361358,0.3943149596512317,-0.0313702151179313,2.2273759841918945,-0.8750066757202148,-1.1473613782666623,-1.5804966285690665,1.1291408080518246,-5.254983901977539,0.9043595194816588,-0.6833556294441223
1774470526770574000,188.98257397460927,0.2419187048330903,0.6169390352971852,0.705934684959054,-0.0380766503512859,-1.3713650703430176,0.8099971413612366,-0.1441822609633207,0.0487514636874198,-0.1807850216954946,-0.1123345717787742,2.2693393230438232,-0.8839003443717957,-0.9036632426708936,-1.7768293480083346,1.1050409705400466,-5.177516460418701,0.8206753134727478,-0.6151183843612671
1774470526780601000,188.99260107421875,0.2412058803886175,0.5960167318429798,0.7971610162824392,-0.0519149675965309,-1.4160363674163818,0.869662344455719,-0.177764797091484,-0.3240530904233455,-0.8065855549708009,-0.2192672789096832,2.217164993286133,-0.8826473951339722,-0.7275619948774575,-2.1863028599552807,1.148985326206684,-5.092756271362305,0.75954270362854,-0.5585102438926697
1774470526790628000,189.00262817382813,0.208729551936686,0.555015699619241,0.8614315361410378,-0.0657748430967331,-1.436503529548645,0.9291185736656188,0.6382447120457887,-0.1328644558742642,-1.0527128174096343,-0.2910208106040954,2.034925699234009,-0.8558019399642944,-0.7125830369323491,-2.574644736546278,1.0885820031702518,-4.982537269592285,0.7026845812797546,-0.5057283043861389
1774470526800655000,189.01265502929687,0.1189016892343759,0.4849638564128428,0.8619266261816024,-0.0817780420184135,-1.43716561794281,0.9881387948989868,1.335640701240301,0.2235188325285911,-1.0742205926015973,-0.3147686123847961,1.801611304283142,-0.816412627696991,-0.4698082997918129,-2.8060116522267458,1.0545435399681329,-4.865476608276367,0.6571860909461975,-0.434823215007782
1774470526810682000,189.02268212890624,0.0097273210272192,0.4160376927681267,0.8247276531219482,-0.0994966328144073,-1.4208004474639893,1.0502007007598877,1.5966332321166992,0.4917810621470213,-1.0600161261603236,-0.3005255162715912,1.5749659538269043,-0.7908063530921936,0.0261719676107168,-2.910910242810845,0.8592723122805357,-4.7652130126953125,0.6292752623558044,-0.4273764491081238
1774470526820708900,189.032708984375,-0.0691761198177933,0.3779320166597142,0.7294844873726367,-0.1067870333790779,-1.381919264793396,1.1152745485305786,1.694255401957035,0.7004226435393095,-1.091705395887792,-0.2880526185035705,1.3872239589691162,-0.7816215753555298,0.4004011476971209,-3.104066085779667,0.6490285563886166,-4.671289920806885,0.6141356825828552,-0.4472603797912597
1774470526830736100,189.0427360839844,-0.1991898624360561,0.3190868463180959,0.651293578711152,-0.1088559329509735,-1.342706561088562,1.1754438877105713,1.764832913005352,0.7654179705411195,-1.287564944857359,-0.3078500032424927,1.2250720262527466,-0.8005332350730896,0.3886836757659911,-2.99625482261926,0.5772422540724277,-4.536952972412109,0.6366618275642395,-0.433900237083435
1774470526840763100,189.05276318359373,-0.3770060974538326,0.2556728336909786,0.5638707313239574,-0.0931320935487747,-1.2958333492279053,1.2275086641311646,1.844740562456846,0.7514376682445406,-1.377168935675919,-0.3330966234207153,1.0527182817459106,-0.8347896337509155,0.1888368107259273,-2.763549059550464,0.4072843313395977,-4.358651161193848,0.6191118359565735,-0.4226667582988739
1774470526850790100,189.0627900390625,-0.4849152680307626,0.1284645404148846,0.383504811823368,-0.0430628582835197,-1.212844967842102,1.2432929277420044,1.7691157048910855,0.6186670281335711,-1.3607225355267525,-0.3585301041603088,0.9433438181877136,-0.9118423461914062,0.0915928265482187,-2.690155614298582,0.2827174559503793,-4.195012092590332,0.5722224116325378,-0.4166886210441589
1774470526860817200,189.0728171386719,-0.5289364883258938,-0.028679128126055,0.176716749343276,0.0002534555969759,-1.12631356716156,1.252600073814392,1.6907091076523064,0.4381634537279605,-1.52749598300457,-0.3622663915157318,0.8989167809486389,-1.0236622095108032,0.1779011368222534,-2.79749078437984,-0.1455547183603048,-4.0778632164001465,0.5271478295326233,-0.4048386216163635
1774470526870844200,189.08284423828124,-0.4792410217866301,-0.130621718448773,0.1959071875035762,0.0332271382212638,-1.0444494485855105,1.260154366493225,1.9330097975403069,0.462739676579833,-1.5487097436860202,-0.3221554458141327,0.8571967482566833,-1.128291368484497,0.412412341877818,-2.776615754133463,-0.5455056380718946,-3.982745885848999,0.5362747311592102,-0.3975317180156708
1774470526880870100,189.0928701171875,-0.4135784630477428,-0.1866645081881433,0.2705816124767065,0.0678309202194213,-0.9533064961433412,1.2554956674575806,2.053943869385124,0.5418284108638763,-1.5242922185271977,-0.2622062861919403,0.824614942073822,-1.2161962985992432,0.3782828393913805,-2.760958750796318,-0.8487000648617744,-3.887213468551636,0.5708609223365784,-0.3707872033119201
1774470526890897200,189.1028972167969,-0.2869321510359645,-0.2423894641499966,0.2851408837050199,0.103350892663002,-0.8597124218940735,1.2324671745300293,2.014959766474366,0.44827275981009,-1.649899835141003,-0.1988963037729263,0.7988062500953674,-1.2856699228286743,0.0369610726505517,-2.7537287995427846,-1.1167518665999174,-3.765539407730103,0.6222965121269226,-0.3020894527435303
1774470526900924200,189.11292407226563,-0.1197010229185223,-0.2744939636148512,0.2630547241032123,0.1234806627035141,-0.7754747867584229,1.1891839504241943,2.158682593232393,0.4668655243381857,-1.6444965147927402,-0.1361734420061111,0.7743564248085022,-1.3305206298828125,-0.5908604450583458,-2.765042805239558,-1.1563058783531188,-3.63750433921814,0.7731233239173889,-0.2093744128942489
1774470526910951200,189.122951171875,0.0498439350992441,-0.2906924534175545,0.1018032549172639,0.1281095594167709,-0.6965404152870178,1.141130805015564,2.0102438438683747,0.4541898748993873,-1.5471302194096148,-0.0741526708006858,0.7587982416152954,-1.3541401624679563,-1.1041408068299292,-2.959749969303608,-1.0106512067496776,-3.5236406326293945,0.946164608001709,-0.1455873250961303
1774470526920978200,189.1329782714844,0.1903504301592707,-0.3295219502884894,-0.0927314751893281,0.1338848918676376,-0.6237421035766602,1.0940144062042236,1.5333879636526109,0.2285720242649316,-1.3591700453877449,-0.0103226955980062,0.7739171385765076,-1.364912748336792,-0.8567156135350465,-3.298919964838028,-0.901217603084445,-3.3966524600982666,0.9328799843788148,-0.091203436255455
1774470526931005000,189.1430048828125,0.2901005519390106,-0.4954235103026032,-0.353148252004385,0.149940937757492,-0.5590718984603882,1.0451161861419678,1.203529401820898,-0.0030120412975549,-1.2494735530026255,0.0475722961127758,0.8014267683029175,-1.367851734161377,-0.479243067613244,-3.522883034002781,-0.5435574266135692,-3.275107145309448,0.7744193077087402,-0.0793328881263732
1774470526941032200,189.1530322265625,0.3744268946155905,-0.7077320897698401,-0.6535445725083351,0.1836975663900375,-0.5004668831825256,0.9969412684440612,0.7899836719989776,-0.2484185882464051,-1.119625522340089,0.0944508165121078,0.8002130389213562,-1.3504042625427246,-0.4147054212510586,-3.605411679607629,-0.1525607977300882,-3.185887336730957,0.6573925614356995,-0.0833364203572273
1774470526951059200,189.16305908203125,0.4112009202614426,-0.8876578642874956,-0.8832254347980022,0.2209621965885162,-0.4530653357505798,0.945580005645752,0.4583984325051307,-0.3099691816218197,-0.7950741270057856,0.1461299955844879,0.7728032469749451,-1.3054653406143188,-0.6414554907858372,-3.4871208157479763,0.0494721791774034,-3.127943754196167,0.6214423775672913,-0.0507937297224998
1774470526961086000,189.1730859375,0.5410223551779985,-0.9749786395397037,-1.022870052331686,0.2533318400382995,-0.4076070487499237,0.8847635388374329,0.6083756434828043,0.0332641178287565,-0.2846002009570598,0.209330067038536,0.6445462107658386,-1.2311524152755735,-0.8787433209478854,-3.271654941293597,0.2356821485310792,-3.0640242099761963,0.5639417767524719,0.0125293172895908
1774470526971113200,189.18311328125,0.7283692196071148,-1.0151861467655747,-1.087030097553134,0.2824726402759552,-0.3547158539295196,0.8078330755233765,0.6851683757841587,0.2664129484899342,0.2890318997941911,0.2782177925109863,0.4823448359966278,-1.1376149654388428,-0.8772482600845396,-3.052038961422443,0.3997223716527223,-2.9635009765625,0.4282685816287994,0.0856575518846511
1774470526981140200,189.1931401367188,0.9587845336511732,-1.0277108434263615,-1.109136130899191,0.2899390757083893,-0.3047850430011749,0.7185782790184021,0.6985825686305761,0.4637945924602448,0.5692800430215895,0.3082414865493774,0.3596809208393097,-1.0573757886886597,-0.7532137380063534,-2.782978274902701,0.3831605284303426,-2.8556199073791504,0.2937493920326233,0.1680922359228134
1774470526991167000,189.2031669921875,1.1318366230070591,-0.9823396698269992,-1.0919973645716905,0.2959223389625549,-0.2506876289844513,0.6228958368301392,0.8617202899545431,0.6078396369099617,0.5558868929632008,0.3056483864784241,0.2812723815441131,-0.9957627654075624,-0.8191274950273334,-2.6202368594199417,0.1187263326674699,-2.7802774906158447,0.2194107621908188,0.2024122923612594
1774470527001194000,189.21319409179688,1.2271668825179338,-1.0094183770190923,-1.0616495725810526,0.2728641629219055,-0.1686590760946273,0.5236893892288208,0.6688724900215863,0.5506396399594843,0.6290994286902248,0.293174535036087,0.2496970891952514,-0.9352869987487792,-1.1339023233652117,-2.690351429131627,-0.1144450020864605,-2.7446630001068115,0.1535766124725341,0.2830046117305755
1774470527011221200,189.22322119140625,1.1610773305386304,-1.1273770863149315,-0.975703812009096,0.2430380433797836,-0.121883139014244,0.4540538489818573,0.4785387187361717,0.398892935091257,0.485904863590002,0.2822867333889007,0.2494038939476013,-0.8681319355964661,-1.31260995426476,-2.486696988502145,-0.1248401393726468,-2.6892690658569336,0.062816709280014,0.4606213867664337
1774470527021248000,189.233248046875,0.9040250617206096,-1.2796005418494345,-1.0007429761976003,0.221147134900093,-0.1221968531608581,0.4061582386493683,0.1522650296539068,0.2975222263723611,0.3148489164873957,0.2938344180583954,0.2493389993906021,-0.8110566735267639,-0.806489985641837,-2.0760545789062976,0.0861722628042101,-2.628668785095215,0.0621799491345882,0.5367196202278137
1774470527031275000,189.24327490234376,0.6413108216181397,-1.411526255568862,-0.9801286427140236,0.1894718259572982,-0.1256960332393646,0.3581375479698181,0.1691869383603334,0.2179952468015253,0.2958902412563562,0.3167357444763183,0.2518178522586822,-0.7404679656028748,-0.4959060331225395,-2.001518685621023,0.259709505328536,-2.5402371883392334,0.1135628819465637,0.5692130327224731
1774470527041302300,189.2533022460937,0.4974123460322618,-1.395581959722936,-0.7809037089645862,0.1461661607027053,-0.0992457792162895,0.3333461880683899,0.0344300928682088,0.2517804658949375,0.0794736419484019,0.340385228395462,0.2714235782623291,-0.6621002554893494,-0.9661242288894952,-1.7921809386581182,0.2191360873997211,-2.491082668304444,0.1292267888784408,0.6810844540596008
1774470527051329000,189.2633291015625,0.4263192866772413,-1.2666118809387088,-0.6241711785078048,0.104895070195198,-0.0486794896423816,0.3356749415397644,0.0667430474519729,0.3013422230519354,-0.2113772899664938,0.3647917509078979,0.2825638353824615,-0.57284015417099,-1.299463472443819,-1.5973650535225867,0.1934507342621683,-2.5024125576019287,0.1722390055656433,0.804725706577301
1774470527061356000,189.27335595703124,0.4062792459502816,-0.9377481753632426,-0.4671791203320026,0.0702153891324997,-0.007965350523591,0.3625060319900512,0.0686889208227396,0.3488186983674764,-0.3681228260353207,0.3997982442378998,0.2806669175624847,-0.4818258881568908,-1.1001577285431323,-1.617866574281454,0.7232426703736186,-2.4726450443267822,0.2473462671041488,0.8440808653831482
1774470527071383000,189.28338305664064,0.338692441150546,-0.5851332995831966,-0.3082821053177118,0.040346685796976,0.0319558829069137,0.3840659856796264,0.1824316198587417,0.345647082594037,-0.5541800890453159,0.43172287940979,0.2873940765857696,-0.4016327559947967,-0.9262631970137356,-1.7959604571968315,1.1111752355113624,-2.4142396450042725,0.1904207319021225,0.8703830242156982
1774470527081410000,189.29341015625,0.3251902777597308,-0.4695239298924803,-0.1938701287180185,0.0224616918712854,0.0936173796653747,0.3897768557071686,0.3070166154265403,0.2728475115820765,-0.7591052802629769,0.4646951556205749,0.3084859251976013,-0.3304844796657562,-0.8887650948770344,-2.114284064057469,0.929289559097588,-2.36055850982666,0.0144110936671495,0.8597157597541809
1774470527091437300,189.30343725585936,0.359058352831006,-0.3969717577703296,-0.0468728103339672,0.0090673165395855,0.1594794392585754,0.385656476020813,0.3617097441226243,0.2563022541683167,-0.8576195766374468,0.4944858253002167,0.3262912929058075,-0.2824634313583374,-0.638095074442029,-2.4243799407988784,0.915685981158912,-2.314423084259033,-0.1716705858707428,0.7722077965736389
1774470527101464300,189.3134643554688,0.4096487223833799,-0.2674775820467621,0.1957008512765169,0.0011132535291835,0.2168750911951065,0.3835147619247436,0.5036573779016733,0.2172595529381185,-0.9469862515687942,0.5131869912147522,0.321688562631607,-0.2506998777389526,-0.5281902000032365,-2.6781267383307217,0.8849960977323352,-2.3140268325805664,-0.3214470446109772,0.68180251121521
1774470527111491300,189.3234912109375,0.5106862536251545,-0.1195506546624004,0.4624912547767162,-0.0067595560103654,0.2634735703468323,0.3776839971542358,0.4481365662097931,0.2788650913711637,-0.8641011937417089,0.5416836142539978,0.3090465366840362,-0.2092323005199432,-0.3356657868057489,-2.639754629838466,0.7232870940372348,-2.353632688522339,-0.4246081411838531,0.5922003984451294
1774470527121517000,189.33351708984367,0.5984279577031731,0.0455398081645369,0.6809943049699068,-0.0174923613667488,0.3048212826251983,0.3898628950119018,0.2081938376247882,0.4169580955486744,-0.6004080256044865,0.5934034585952759,0.2802392840385437,-0.1376344859600067,-0.016749474748969,-2.505401688972116,0.7274371994540095,-2.377887487411499,-0.5179516077041626,0.4638674855232239
1774470527131544300,189.34354443359376,0.6971659798309207,0.1730254936099052,0.7801993600875139,-0.0190718546509742,0.3277834057807922,0.424721211194992,-0.0931441476434469,0.5168864234395325,-0.3612995558865368,0.6597217321395874,0.2549198269844055,-0.0445889644324779,-0.1125413604222238,-2.2770646425068377,0.7718617398530244,-2.3426852226257324,-0.6099758148193359,0.3740637004375458
1774470527141571300,189.3535712890625,0.6617644115820527,0.2362222467571496,0.7273918990075587,-0.0027378890663385,0.3273868560791015,0.4805413484573364,-0.4466992268830537,0.695375370087102,-0.2255928623236715,0.7211668491363525,0.2452408224344253,0.0493947155773639,-0.4389810537211597,-1.95023741119504,0.571016219164431,-2.262298583984375,-0.6728828549385071,0.3016417026519775
1774470527151598300,189.36359838867187,0.4717077036723494,0.2568732589893043,0.4808680384665727,0.0344788804650306,0.2976094782352447,0.5459488034248352,-0.7517009953558444,0.987247023351863,-0.1712669595047831,0.7712159156799316,0.2557850778102875,0.1495197117328643,-0.3704790337726473,-1.85463768709302,0.0924257702410221,-2.178459882736206,-0.6722331643104553,0.1960051208734512
1774470527161625000,189.373625,0.2658206816852093,0.1922902391154319,0.0538315434306859,0.0886230766773223,0.2526180148124695,0.609390377998352,-0.9980436541110276,1.224811259302497,-0.211064424625039,0.8151743412017822,0.2973612844944,0.2479061782360077,-0.545441340664029,-2.0392787996947765,-0.4807549334809183,-2.109314680099488,-0.6565852165222168,0.090807594358921
1774470527171652400,189.38365234375,0.2304118069127202,-0.0436183385826647,-0.6120984633982182,0.1872964203357696,0.2159309238195419,0.6682901382446289,-1.171930148464441,1.4031984260760246,-0.435248589194566,0.8370612263679504,0.3833049535751343,0.3313888013362884,-0.9153744309917092,-2.0218857663452625,-0.9354021236937492,-2.06412672996521,-0.6629330515861511,0.0525682307779789
1774470527181679400,189.3936794433594,0.184719438534975,-0.3364790759500116,-1.2646814973980187,0.2883692383766174,0.1923078894615173,0.7040766477584839,-1.242991059115529,1.5238053117930888,-0.6819701642647386,0.8602999448776245,0.4715651571750641,0.407986968755722,-0.9853519303202628,-1.814120967787504,-1.053036715601757,-1.9951249361038208,-0.6401233077049255,0.0159923788160085
1774470527191706000,189.4037060546875,0.0438037781521677,-0.5057446325045079,-1.6598171257823704,0.3791955411434173,0.126864954829216,0.7370084524154663,-1.3152175064146518,1.5771522865772247,-0.6887262143962085,0.8946225047111511,0.5374272465705872,0.4728261530399322,-0.8827955189481377,-1.7670237010478973,-0.912758841665834,-1.8762391805648804,-0.6077250838279724,-0.0581563636660575
1774470527201733400,189.4137333984375,0.1288148882225155,-0.5704850348971784,-1.7502847476929426,0.435968279838562,0.003467924427241,0.7840068936347961,-1.1934797169715166,1.5379165469929574,-0.6500010546825826,0.9395607113838196,0.5879913568496704,0.5027316212654114,-1.0634756189644337,-1.6157576193034648,-0.8847422691017389,-1.7264139652252195,-0.6098737120628357,-0.0999823734164238
1774470527211760400,189.42376049804687,0.4900216512590646,-0.3794770176120102,-1.355156133571267,0.4477783441543579,-0.1221993640065193,0.8258165717124939,-0.9981529597043992,1.4320400512874123,-0.5592243668228387,1.0078744888305664,0.6272319555282593,0.4834130406379699,-1.255910161921382,-1.2096908470600842,-0.8734516442805528,-1.5109935998916626,-0.6809225678443909,-0.137299507856369
1774470527221787100,189.433787109375,1.116748651729524,0.0062448126737028,-0.4339285926371812,0.4434738755226135,-0.2071669995784759,0.8568381071090698,-0.8871832325130701,1.2621985945411025,-0.4385192814283072,1.095751166343689,0.6695266962051392,0.4171708524227142,-1.0844956106394528,-1.0254565616935492,-0.7793396014530212,-1.2774770259857178,-0.6991990804672241,-0.1999325156211853
1774470527231814100,189.4438142089844,1.5586723347738385,0.2409519056275486,0.4665706330448388,0.4409307837486267,-0.2854715287685394,0.8497353196144104,-0.859810656940937,1.109126486288011,-0.503378268699348,1.1881587505340576,0.7128533720970154,0.3330437242984772,-1.2804704565517604,-1.1318319468319415,-1.0604414389003067,-1.1081911325454712,-0.6850119829177856,-0.2632638812065124
1774470527241841400,189.45384130859367,1.7830273258656262,0.1734489797189831,1.128065872296691,0.4215046167373657,-0.3509810268878937,0.8229231238365173,-0.8181067736774682,0.932264190994203,-0.705305301014334,1.2694506645202637,0.7547886371612549,0.2533848583698272,-1.511776874216646,-1.1738175696462392,-1.4534972653359173,-0.985352337360382,-0.7378427386283875,-0.3018917143344879
1774470527251868200,189.4638681640625,2.0654466756522654,-0.083382997411862,1.544907721054554,0.3979867994785309,-0.3828837871551513,0.780725359916687,-0.749202748799324,0.7054607838369905,-0.97601572750248,1.3285361528396606,0.7943472266197205,0.1870708167552948,-1.6185884588152168,-1.2246364872574806,-1.4108663303554057,-0.8845194578170776,-0.78529292345047,-0.3364230096340179
1774470527261895200,189.47389526367184,1.8190081553071733,-0.5915892707895487,1.6830910338640213,0.3775036334991455,-0.4087036550045013,0.7255709767341614,-0.761772892037034,0.5113746742807328,-1.2342888433523476,1.3826980590820312,0.8346173763275146,0.1472095251083374,-1.7343109334915876,-1.1057196004539729,-1.466557676308602,-0.7616188526153564,-0.8157289028167725,-0.3546901643276214
1774470527271922400,189.48392236328124,1.292137951861322,-1.1921325401462617,1.6383914759159086,0.3621687889099121,-0.4499861299991607,0.6910515427589417,-0.624862667903304,0.379278718560934,-1.3939743783958256,1.4444119930267334,0.8577501177787781,0.1451687514781952,-1.7910894901596008,-0.8716922333925962,-1.4899388441570105,-0.5869105458259583,-0.8399344682693481,-0.399088978767395
1774470527281949200,189.49394921875,1.1535022191092372,-1.7683334684722125,1.5058242494225502,0.3548352420330047,-0.4500732123851776,0.6575229167938232,-0.3878770355582237,0.1282892569132149,-1.3046560726508498,1.488136649131775,0.883912980556488,0.1929852068424224,-1.542222865884751,-0.8656506151407957,-1.4199457088679075,-0.4070435464382171,-0.896493673324585,-0.4693924486637115
1774470527291976200,189.5039760742188,0.9673436876818536,-2.2363754892438648,1.2621359045684335,0.3438073992729187,-0.4039791822433471,0.6542764902114868,-0.2526835522145033,-0.3696371761210262,-1.0864454295329748,1.4948228597640991,0.9525343775749208,0.2775318026542663,-1.503331701954454,-0.8163339187860489,-1.681858569459617,-0.2516508996486664,-0.9465732574462892,-0.5143198370933533
1774470527302003200,189.5140031738281,0.5033928817465901,-2.371950373120606,1.0096475826650857,0.3268750011920929,-0.3688528835773468,0.7086997628211975,-0.1738286266863346,-0.9667441143535076,-1.0092060494426638,1.459732174873352,1.072869062423706,0.3772624433040619,-1.547807534149289,-0.44131636480093,-1.918106535179913,-0.103588193655014,-0.9295461177825928,-0.5425253510475159
1774470527312030200,189.5240302734375,0.0508329461365938,-2.1000597238719463,0.5963385842084884,0.299392819404602,-0.3360865712165832,0.7411491870880127,-0.0850888514816761,-1.5485225505508482,-1.1540911249130963,1.3992608785629272,1.211851716041565,0.4853055477142334,-1.5668061029992997,0.0263373873054981,-2.0276853925347327,0.0439753234386444,-0.8957769274711609,-0.5489311814308167
1774470527322057200,189.53405712890623,-0.5349672929227351,-1.628258204436302,0.1344289287120103,0.2537513077259063,-0.2820315957069397,0.7634392976760864,-0.0477338110774755,-2.125101518408954,-1.4181260922253132,1.316553831100464,1.348842740058899,0.6610216498374939,-1.6137806201420724,0.3815302968800068,-2.165093775448948,0.1819513142108917,-0.9093239307403564,-0.514849066734314
1774470527332084200,189.54408422851563,-1.007164533677697,-1.123738949008286,-0.0778290896117687,0.1845262199640274,-0.2154680341482162,0.7791509032249451,-0.1472609377562999,-2.5873925744384527,-1.7433438425138592,1.2154186964035034,1.4963136911392212,0.9164592623710632,-1.521164880286902,0.6965262206226587,-2.05418323109895,0.2993397712707519,-0.9128398299217224,-0.4926543235778808
1774470527342111200,189.554111328125,-1.3155758183330295,-0.686498601474613,-0.0117418757200241,0.1012076213955879,-0.164225086569786,0.7549776434898376,0.0234177004665136,-2.888016273957491,-2.154323375109583,1.1073201894760132,1.6153404712677002,1.2126036882400513,-1.326917150428146,0.9067670539051292,-1.922360685493052,0.3993670344352722,-0.9426381587982178,-0.4351774454116821
1774470527352138200,189.5641381835937,-1.5173146345995363,-0.3394473511710763,0.0825660550057888,0.0233873724937438,-0.1406817883253097,0.7511277794837952,0.2506242815971374,-3.0323645391374825,-2.637825123080611,0.9973285794258118,1.7224496603012085,1.5225987434387207,-1.6452276055462658,1.100847610503435,-1.7992296881258487,0.5065920352935791,-0.958297610282898,-0.348842978477478
1774470527362165200,189.57416528320311,-1.5320193056479094,-0.0223114197250455,0.0265858091086149,-0.0504112169146537,-0.1240122690796852,0.7664494514465332,0.5461556264132261,-3.0308322150036693,-3.094156978444755,0.8961960673332214,1.808287143707276,1.81807804107666,-1.9813221391581,1.2500643585026263,-1.6582956153035162,0.6000564694404602,-0.9263581037521362,-0.2487549930810928
1774470527372191200,189.58419116210936,-1.519557445090264,0.2945464254319667,-0.2041454390168189,-0.1193124204874038,-0.0975260362029075,0.7956849336624146,1.1814075863838196,-2.8461902256190776,-3.102939419837296,0.8313957452774048,1.8431484699249268,2.0739405155181885,-2.027719148673862,1.4060492854624986,-1.6100925792790948,0.6825921535491943,-0.9215237498283386,-0.1742772310972213
1774470527382218200,189.5942182617188,-1.4635836289338766,0.6036298371952027,-0.5322726470112801,-0.1581458300352096,-0.0636207982897758,0.8301236033439636,1.5490239242017267,-2.7149522019028662,-2.716568989449739,0.8031657934188843,1.8597415685653689,2.3006393909454346,-1.903526513424516,1.446353238800168,-1.5003922875016926,0.7500137686729431,-0.977383553981781,-0.0798093155026435
1774470527392245200,189.6042453613281,-1.4460644849866628,0.8836878646779804,-0.8195020274281501,-0.1692704856395721,-0.0429793931543827,0.856302797794342,1.4559388132691382,-2.562502755592764,-2.4003883859671653,0.8016624450683594,1.9259154796600344,2.5140388011932373,-1.6545312943339348,1.2104302672505378,-1.3932222448542713,0.8573740720748901,-0.9982314705848694,-0.0329971760511398
1774470527402272300,189.61427221679688,-1.2825513544790446,1.0498681685682385,-0.9124526983261108,-0.1441219896078109,-0.0404304824769496,0.8679586052894592,1.4647440510153769,-2.136705739223957,-2.6961092620059848,0.769509494304657,2.089564800262451,2.654080867767334,-1.5033487992197274,1.263595455726981,-1.1554258806481956,1.048142671585083,-1.0115056037902832,-0.0138194877654314
1774470527412299300,189.62429931640625,-1.0563216555565595,1.1069785144738853,-0.8567764038115739,-0.0990553945302963,-0.0457875654101371,0.8625720739364624,1.976840171438456,-1.3319587978571652,-3.2860558070898054,0.718090832233429,2.168394088745117,2.6641271114349365,-1.733981847667694,1.2631073799490928,-1.0589115259192885,1.258359432220459,-0.9821613430976868,-0.0571566522121429
1774470527422326300,189.634326171875,-0.7868066493980586,1.032911626939848,-0.7090870115101336,-0.0439878776669502,-0.0401219576597213,0.8524789214134216,1.9951491505891084,-0.4885650227099656,-3.3730285726219416,0.7177608013153076,2.172443151473999,2.605630159378052,-1.257147010239959,0.6728156746894121,-1.2078729109179227,1.433349847793579,-0.9602600336074828,-0.1925011575222015
1774470527432353300,189.6443532714844,-0.5034666776351631,0.8441523384295403,-0.5396300240367651,0.0174379386007785,-0.0257576294243335,0.8330599069595337,1.5645453184604643,0.546937132179737,-2.7035402887895703,0.8305083513259888,2.072418451309204,2.514802932739258,-1.059684994509816,0.0564326658397912,-1.1670255714185536,1.6610263586044312,-0.9574311971664428,-0.3742415308952331
1774470527442380300,189.6543803710937,-0.2462818684786558,0.5949520982861518,-0.336432095003128,0.0827002972364425,0.0090450923889875,0.7932395339012146,2.012256352734566,1.4545049810737372,-1.543650706730783,0.9949643015861512,1.90150797367096,2.4229118824005127,-1.2055455639488994,-0.4257932169765234,-1.2120333185330032,1.937792420387268,-0.9034034013748168,-0.574421763420105
1774470527452407300,189.6644072265625,-0.1558791284978389,0.3132773563217371,-0.1316799222648143,0.1231750026345253,0.0518994964659214,0.7728846669197083,7.022553534722328,2.1192112913265824,-1.0656595388747752,0.9425942897796632,1.6618671417236328,2.3194329738616943,-1.62262984316051,-1.0379401956915857,-1.3731748976036906,2.253047466278076,-0.7889753580093384,-0.7422283291816711
1774470527462434300,189.67443432617188,-0.263555074840784,0.0847331699118018,-0.0127530985891818,0.140833094716072,0.0820669904351234,0.7647740244865417,8.4307976998806,1.5189023421823975,-2.050840350411832,1.0272642374038696,1.305516004562378,1.955946922302246,-1.529482188385725,-1.6994874573916197,-1.4605441151075065,2.560493469238281,-0.6333492994308472,-0.9259246587753296
1774470527472461300,189.68446142578125,-0.5161743296474218,-0.0765813545729964,0.0247696995973587,0.1365994065999984,0.0998767092823982,0.7747724056243896,4.841505380424857,-1.6923013452798128,-1.3881008101873098,1.1752811670303345,1.0639609098434448,1.5266826152801514,-1.0314776486139745,-2.4380431399703024,-1.4146522786349058,2.8876044750213623,-0.4134568870067596,-1.1089903116226196
1774470527482488000,189.69448803710927,-0.749126176431775,-0.1296175829075276,-0.0147603467583656,0.1190459802746772,0.1133869215846061,0.7799232602119446,5.225906264305115,-2.788658658626676,-0.479125578713417,1.316669464111328,0.6989606022834778,1.0394383668899536,-0.5121072263389825,-3.2485306708157062,-1.1713609702743588,3.251420736312866,-0.1485219001770019,-1.3205044269561768
1774470527492515300,189.70451538085936,-0.8861404454618692,-0.0584578149918466,-0.1619230848371982,0.0934380888938903,0.1363753229379654,0.7909582853317261,7.557291695064306,-0.742458827497065,0.4554023194290697,1.425019383430481,-0.0793172940611839,0.7553080916404724,0.1027588751416653,-4.128267678976059,-1.1834542897805571,3.5977022647857666,0.1302673369646072,-1.566409468650818
1774470527502542300,189.71454223632813,-0.9031091159194709,0.1691489444375038,-0.3854454244971275,0.0563658215105533,0.1566430479288101,0.8034213781356812,6.416921052467822,-2.3515640031740066,1.6292996763132512,1.2448605298995972,-0.8218478560447693,0.7530414462089539,0.828769621989131,-5.057314369228482,-1.394370391976088,3.90424394607544,0.4927307367324829,-1.864063501358032
1774470527512569000,189.72456909179687,-0.871621798504889,0.3677708707924932,-0.6461416027754545,0.0312581248581409,0.2064390182495117,0.806835949420929,5.255820925575494,-5.944703353446721,2.2327771724909544,0.7282488346099854,-1.1668890714645386,0.7141745090484619,0.2784528207758441,-6.074779932168126,-0.7284794019833206,4.1689934730529785,0.7293131947517395,-2.026154041290283
1774470527522596400,189.73459643554688,-0.7502110490590334,0.5624659060273319,-0.8571481597334146,0.0318639948964118,0.2656562626361847,0.7854712605476379,6.286677300485969,-7.134789920848608,2.623703951008617,0.215116262435913,-1.4713422060012815,0.517228364944458,0.7255243515700102,-6.618353725394607,0.3788111010491847,4.322558879852295,0.8475309014320374,-2.1444239616394043
1774470527532623400,189.7446232910156,-0.7797150837019086,0.8170507618185132,-1.049313822621107,0.046115580946207,0.2869690954685211,0.7755756378173828,8.056039089092613,-5.152510773226618,2.68789263780266,-0.0569948852062225,-2.019979476928711,0.3125767409801483,2.190451357936859,-7.194740239420533,1.2250278246626256,4.382521152496338,0.7252249717712402,-2.224679708480835
1774470527542650000,189.7546501464844,-1.006009372293204,1.0091370758596807,-1.1301947010189295,0.0771874785423278,0.261122316122055,0.7797392010688782,8.577024033892155,-2.17009275278002,2.390221358348429,-0.0478089153766632,-2.64583683013916,0.1938941031694412,2.9034382994949817,-6.999345677614212,2.50660638858676,4.429540634155273,0.1650903224945068,-2.1975064277648926
1774470527552677000,189.76467700195312,-1.2212833774372935,1.1103738560006022,-1.0392179605424403,0.1085879653692245,0.2116446495056152,0.7978967428207397,8.16081756042838,0.5623129804879426,1.899120825811476,0.1956466138362884,-3.0982143878936768,0.1636256873607635,4.441169260787964,-5.649534412202239,4.258765405718982,4.4672441482543945,-0.83040452003479,-2.0422940254211426
1774470527562704400,189.7747043457032,-1.293614746415615,1.0553586557433008,-0.6957891385197639,0.125974953174591,0.1821818351745605,0.8113283514976501,7.3383134285748,2.445300563752652,1.2197363671910018,0.5381761789321899,-3.291336297988892,0.2521820068359375,4.338312112903595,-3.727658003094792,6.211822842770815,4.56272554397583,-1.7308235168457031,-1.807879090309143
1774470527572731100,189.7847312011719,-1.21778326036185,0.938025238738954,-0.2023936269134283,0.1338556557893753,0.1717325448989868,0.8280101418495178,6.3126592984825365,3.204342569521069,0.312383841548115,0.8311721086502075,-3.337777614593506,0.4781579077243805,2.659358324974775,-2.8388141438931225,6.575418839031458,4.691620826721191,-0.9693533778190612,-2.485800743103028
1774470527582758100,189.79475805664063,-1.086994441717863,0.745186352764815,0.2545364866048097,0.1354330331087112,0.1950586438179016,0.8168903589248657,5.194875166225433,2.9979408760100603,-0.8843917020983993,0.9533717036247252,-3.286219358444214,0.8010347485542297,-3.9073429545938967,-5.118513226556778,1.5724439627557991,4.8943867683410645,-4.579575061798096,-1.053703546524048
1774470527592785400,189.8047854003906,-0.9076566962212324,0.5037815888032317,0.6524129381299019,0.1391755193471908,0.2219891548156738,0.7898080348968506,3.892798880934715,1.9611703086197367,-2.1610294486194848,0.8705071806907654,-3.14194393157959,1.2029625177383425,9.423681779271364,-10.339790077495577,-4.90703612947762,4.403639316558838,-2.777995586395264,-0.59554123878479
1774470527602812400,189.8148125,-0.7941844846896827,0.2720521964859217,0.9802496387451888,0.1331136375665664,0.2342663258314132,0.7596714496612549,2.74441268966496,0.7179507014453411,-3.187378575238585,0.6392872333526611,-2.942570924758911,1.6522181034088137,-1.1052572436392307,-10.39097665937543,2.00372584027648,4.687338829040527,-2.790048599243164,0.2591952383518219
1774470527612839200,189.8248391113281,-0.804738027407974,0.0986680986966937,1.050681019321084,0.1318287253379821,0.2228807359933853,0.7330268025398254,1.9300515322566032,-0.1695797370702028,-3.665224927796423,0.3788522183895111,-2.7406527996063232,2.1153578758239746,4.373293409913778,-2.639581026837229,-1.0655968489021062,3.953205108642578,-1.9366984367370603,0.3167456090450287
1774470527622866200,189.8348662109375,-0.8583024443350732,0.0392618969388306,0.938627588546276,0.1363489031791687,0.2143634110689163,0.6981353759765625,1.123295004633069,-0.6963952877193689,-3.5202719747215507,0.2181621193885803,-2.5256075859069824,2.568286180496216,3.6891198903858657,-6.00970160305798,0.99516722189188,3.17733097076416,-0.1734314709901809,0.4440252482891083
1774470527632892400,189.8448923339844,-0.9556528114967048,0.0489868068132549,0.7598018842250108,0.1515077650547027,0.1999537348747253,0.6678035855293274,0.2955757684797048,-1.2299521293222904,-3.026742315341532,0.2319868505001068,-2.3263614177703857,2.956735610961914,3.513765661567449,-7.0899880715698,2.83204888754189,2.83887243270874,-0.2863877117633819,-0.2220619022846222
1774470527642919400,189.8549194335937,-1.037693235193193,0.1450990835472941,0.5500777682930231,0.1588522344827652,0.2020672112703323,0.6524414420127869,-0.0533802925318479,-1.914320294639468,-2.561993637026846,0.3803243637084961,-2.147786855697632,3.232463359832764,3.3632653034985065,-8.437878013530373,-0.2647013222664594,3.147575616836548,-0.9451475143432616,-0.9070415496826172
1774470527652946200,189.8649462890625,-1.053375957493484,0.2772499112594873,0.3323866190046072,0.1649223119020462,0.2093465328216552,0.6391276121139526,0.1199661035954952,-2.74389071161747,-2.333902528146654,0.5655903220176697,-2.016695976257324,3.3704159259796143,2.065806741136313,-9.011462914139033,0.8779203141272067,3.5410001277923584,-1.309893012046814,-1.3880494832992554
1774470527662973200,189.87497314453125,-1.0819576165944338,0.4333488199878483,0.261224001544714,0.1781273335218429,0.2143895030021667,0.6186122298240662,1.0818728609204291,-3.3904362190186976,-2.313881776642054,0.6890474557876587,-1.998289465904236,3.3489811420440674,1.3140554768979549,-9.358814462563394,-1.3442811038136482,3.58142638206482,-1.310088276863098,-1.5283267498016355
1774470527673000400,189.8850004882813,-1.16009913315624,0.5539485453117639,0.3073497929036617,0.1897686719894409,0.1928989589214325,0.5851418972015381,2.1432231582939623,-3.576784720060229,-2.41661325232014,0.7364892959594727,-2.126795768737793,3.2005391120910645,0.4672808271408081,-9.20222104831636,-3.774701493820548,3.3301801681518555,-1.087674856185913,-1.508787751197815
1774470527683027200,189.89502709960936,-1.2736714440613983,0.6856576206058264,0.4790232873827219,0.189588651061058,0.1502505540847778,0.567960262298584,2.680353182208538,-3.561242283013463,-2.1028853026866914,0.7760201096534729,-2.333474636077881,2.9973788261413574,1.325568220037222,-8.83345086428821,-4.732999412998557,3.0547096729278564,-0.6393000483512878,-1.5000065565109253
1774470527693054200,189.9050541992188,-1.322265086838603,0.8182777463302016,0.5625350988060236,0.1839578598737716,0.1044906303286552,0.5649896264076233,2.825385337999463,-3.524686284032464,-1.4878528316631912,0.8300727009773254,-2.5428357124328613,2.76761245727539,1.1664180339794603,-8.637518542343377,-4.713230298167467,2.8631999492645264,-0.0691265687346458,-1.3924472332000732
1774470527703081500,189.91508154296875,-1.3371227564916013,0.8032127906020731,0.5291986463934183,0.1929225921630859,0.0590725541114807,0.5596001744270325,2.679898424178362,-3.5213095010757445,-0.9610907647669314,0.8888286352157593,-2.7198486328125,2.5270466804504395,0.7042506773948669,-8.258467202797531,-4.190371960711479,2.69158148765564,0.5090659260749817,-1.2390717267990112
1774470527713108200,189.92510815429688,-1.3730717294901609,0.7298568278163671,0.5026239432007074,0.1882838606834411,0.0289789289236068,0.558786153793335,2.2762311142921448,-3.627639878028631,-0.7445482009917497,0.9568631052970886,-2.880650758743286,2.291524171829224,1.1353425853013992,-8.139338719069958,-2.933690229895711,2.5762863159179688,0.9364818930625916,-1.1223373413085938
1774470527723135200,189.93513525390625,-1.347953654846549,0.6344420318271965,0.5238023403078317,0.1770357340574264,-0.0058325799182057,0.5521008372306824,1.832363311442733,-3.755318163436651,-0.8833052220359444,0.9831794500350952,-3.0226142406463623,2.054224729537964,1.4100760567605497,-7.772558247554302,-1.4788222607284784,2.54121470451355,1.052233338356018,-1.0592081546783447
1774470527733162200,189.94516235351563,-1.3774442454859614,0.3501838492408394,0.5049556010186672,0.1673678606748581,-0.0459407083690166,0.5362034440040588,1.3280004156202077,-3.6136435013800856,-1.2446949404239651,0.9420179128646852,-3.117295980453491,1.8216089010238647,1.5053449414730071,-7.192579846516251,-0.3760258542448282,2.5694947242736816,0.9111666679382324,-0.975644588470459
1774470527743189200,189.9551892089844,-1.3596572443827986,0.0830414904978126,0.4406114314019679,0.2019223868846893,-0.0912743657827377,0.5023437142372131,0.8350877190947532,-3.1870009740978475,-1.4372665537640452,0.864190399646759,-3.184551239013672,1.6184498071670532,1.4314625436604025,-6.570300765365362,0.5118558819264173,2.6134352684021,0.7105273008346558,-0.8801838755607605
1774470527753216300,189.9652163085937,-1.3021725852720438,0.0354055137716233,0.5539847126036882,0.2303613722324371,-0.1199135035276413,0.4548373520374298,0.3118137865751981,-2.7122978880018,-1.45655080768764,0.7641226649284363,-3.2411036491394043,1.4763022661209106,1.1606008721332997,-5.950541558080912,1.351819682624936,2.6767823696136475,0.487710565328598,-0.7642743587493896
1774470527763243300,189.9752431640625,-1.3009674472659825,-0.0013785218115895,0.6881430076807737,0.2532746791839599,-0.1755703687667846,0.3949575126171112,-0.201573542702198,-2.5525895566046235,-1.705588989137113,0.6449126601219177,-3.2563223838806152,1.382418870925903,0.8992565321445465,-5.217321975833177,1.9067945753097533,2.770024538040161,0.3340030312538147,-0.6491789221763611
1774470527773270300,189.98527026367188,-1.4021836960755287,-0.0365467196960002,0.8258534422814846,0.2744956016540527,-0.2461474686861038,0.3173292279243469,-0.7414835527241229,-2.7237089243322608,-2.113672361899912,0.5207012295722961,-3.207602977752685,1.331871509552002,0.5018167184710502,-4.541717839469015,2.358441779989004,2.897788047790528,0.2760766148567199,-0.5199472904205322
1774470527783297300,189.99529736328125,-1.4373258827358484,0.0309331175979226,1.0786229192137715,0.2553592026233673,-0.3326562643051147,0.2385478913784027,-1.4097761970311402,-2.957062922176718,-2.4353844421550632,0.390241414308548,-3.086916208267212,1.3441245555877686,0.4349896459974348,-3.9382381513342257,2.779627210909128,3.013495683670044,0.3363508582115173,-0.4096237123012543
1774470527793324300,190.00532421875,-1.483340030413866,0.0248982213478535,1.351703947290778,0.227246806025505,-0.4423530995845794,0.1312226057052612,-2.0319979950368405,-2.9090654917269942,-2.421296003308892,0.2830025553703308,-2.928499221801758,1.3896063566207886,0.3686928810082376,-3.664711133055389,3.105723205336928,3.091273069381714,0.3568651080131531,-0.3173978328704834
1774470527803351000,190.0153510742188,-1.5532371579825877,0.1915608288623392,1.5564339081972836,0.1909266114234924,-0.5286461710929871,0.0089803179726004,-2.4330466468572616,-2.506841950908304,-2.0537766961246726,0.2247078716754913,-2.7751805782318115,1.4359625577926636,0.3542540212891996,-3.769440504552424,3.350859995433688,3.114701747894287,0.3950124979019165,-0.2118498235940933
1774470527813378300,190.0253784179688,-1.400017019560933,0.1106686253529042,1.579645272436738,0.1514486968517303,-0.5690218210220337,-0.0813730061054229,-2.6780337993502616,-1.8067863871157168,-1.5656448041349649,0.2016669958829879,-2.6370346546173096,1.4713762998580933,0.0754793116152286,-4.069499848186969,3.4433939022243023,3.146978616714477,0.3648708462715149,-0.1121131107211113
1774470527823405300,190.0354052734375,-1.2674250970177352,-0.316806114969775,1.3203811727881432,0.1345983445644378,-0.6277019381523132,-0.1699646711349487,-2.7963854534864425,-0.9950146616786718,-1.175969779244065,0.1948391497135162,-2.5298187732696533,1.5045040845870972,0.230114723662287,-4.196407733744382,4.110030596017837,3.164616346359253,0.2192350924015045,-0.1152367293834686
1774470527833432300,190.04543237304688,-1.3443155906051396,-0.6258227451071143,0.9998884051948784,0.1219887435436248,-0.6416552662849426,-0.2273835688829422,-2.930005988425016,-0.4069920703947544,-1.0342401721298693,0.201690673828125,-2.4454216957092285,1.5458015203475952,0.0792705205917358,-4.504559490680695,4.513591522920131,3.156568765640259,0.0796713158488273,-0.0853852406144142
1774470527843459300,190.0554592285156,-0.945084217339754,-0.8466433515276759,0.6465490145325661,0.088178850710392,-0.5996787548065186,-0.2524657547473907,-3.211218300509453,-0.3286982858806848,-1.4114660498142242,0.1982375830411911,-2.321919202804565,1.5872602462768557,-0.1806535042703151,-4.098266508466005,4.96102900094986,3.215110540390014,-0.1013924777507782,-0.0473531670868396
1774470527853486300,190.065486328125,-0.7421766495548189,-0.7604501920659095,0.2285194172948598,0.0551547072827816,-0.5155838131904602,-0.2495101988315582,-3.4134280952885745,-0.592238163152337,-2.110454276636242,0.1748640835285186,-2.151226758956909,1.6412800550460815,0.248346838184446,-3.42324630946964,5.558998985752463,3.282177686691284,-0.3501154482364654,-0.0670532211661338
1774470527863513300,190.0755134277344,-0.7552215706974268,-0.2083846840217709,-0.153092712649703,0.0319103673100471,-0.4212700426578522,-0.2220998853445053,-3.4184318949252366,-0.8378034077942371,-2.583961430945992,0.1296052187681198,-1.9549485445022583,1.7250139713287354,0.739415222017467,-2.9156168130666016,5.686557444173097,3.3256447315216064,-0.5448082685470581,-0.1056578680872917
1774470527873540000,190.0855400390625,-0.732495944148302,0.4793845949757844,-0.2520347329169511,0.006448567379266,-0.3296127021312713,-0.1932783275842666,-3.237745657429099,-0.8456693188637494,-2.6099147873699664,0.0731478035449981,-1.7245092391967771,1.817462682723999,0.6880361863054335,-2.0460618839636444,5.515801064538955,3.344988346099853,-0.7642372846603394,-0.128666266798973
1774470527883567400,190.0955673828125,-0.8574402745477855,1.0371611010778694,-0.0491214660435914,-0.0207271259278059,-0.2614046037197113,-0.1746926605701446,-3.0433856993675232,-0.5962380464434623,-2.257753792837262,0.0107391308993101,-1.4693726301193235,1.898844838142395,0.6296458105266094,-1.1437563395120205,5.167798943251371,3.335659503936768,-0.97810697555542,-0.1606564223766327
1774470527893594400,190.10559448242188,-1.06946930642128,1.4667624051004646,0.2879500959068536,-0.0478271059691906,-0.2115284204483032,-0.145939752459526,-2.9117466936349867,-0.1989572227239608,-1.6259692167162894,-0.0258199460804462,-1.2658714056015017,1.9655412435531616,0.6064239248931408,-0.6045814388316124,4.818564649820328,3.3382701873779297,-1.0722860097885132,-0.2107907384634018
1774470527903621000,190.11562109375,-1.2007459085822103,1.7262407320216298,0.5302811809331178,-0.0596400871872901,-0.1533039808273315,-0.1169746816158294,-2.7550211774408817,0.2972001548111438,-0.936316973516345,-0.0174465104937553,-1.1477442979812622,2.0129544734954834,0.5443639937561005,-0.3103071083392947,4.729325108399987,3.4010138511657715,-1.0441040992736816,-0.2616408765316009
1774470527913647000,190.1256472167969,-1.33899936401844,1.8357447705745693,0.642399493637681,-0.0504678972065448,-0.1001891046762466,-0.0880104079842567,-2.6172680727422235,0.6318611484885215,-0.5642150147169828,0.0194553155452013,-1.0804694890975952,2.04897403717041,0.5272749848544598,-0.1782492196075618,4.694824288383126,3.4948883056640625,-0.9821287989616394,-0.2876321673393249
1774470527923674400,190.13567431640624,-1.495878024947643,1.810806436412036,0.6479284861922264,-0.0284539405256509,-0.0524793714284896,-0.051382627338171,-2.5636732606768606,0.4875941318511962,-0.8567489312827586,0.0499285720288753,-1.0006331205368042,2.040881395339966,0.4981681328356265,-0.0254214415043592,4.358673348408937,3.5434675216674805,-0.8953012228012085,-0.2872201800346374
1774470527933701400,190.1457014160156,-1.6077312569752336,1.6252280429601669,0.5189367800980806,8.21794383227e-05,-0.0107865333557128,0.0060360189527273,-2.4166584066361185,-0.0137122990101575,-1.5898030938357113,0.0682852119207382,-0.8910102248191833,1.997751355171204,0.3421709309160709,0.2120762320160865,4.001595355740189,3.5362956523895264,-0.8092959523200989,-0.2796980440616607
1774470527943728000,190.1557280273437,-1.6614437040708958,1.3517685369595884,0.2399789689421653,0.047410812228918,0.0375519692897796,0.0456705130636692,-2.081137581259012,-0.4816372692734003,-2.178459891369939,0.0680841356515884,-0.7653757929801941,1.925840973854065,0.4200584361841902,0.6267300692103803,3.756491298869252,3.501631021499634,-0.7692241668701172,-0.2616783082485199
1774470527953755400,190.16575537109367,-1.6505103682547806,1.056635105419904,-0.0610422054618597,0.0909491032361984,0.0915604531764984,0.0926785245537757,-1.796010141557455,-0.6644815615862607,-2.276207733416557,0.0602395310997962,-0.626346230506897,1.825552225112915,0.4527986032040789,1.1361245294593274,3.660672379058599,3.4577698707580566,-0.7547541856765747,-0.2352730631828308
1774470527963782400,190.17578247070315,-1.6241159900650382,0.7733552663464098,-0.2568231362372636,0.1430250704288482,0.1391213089227676,0.1294820755720138,-1.5841571969032286,-0.5985311258167028,-2.003015061658621,0.0534429550170898,-0.5293867588043213,1.6959314346313477,0.1982382607996463,1.5378201008811592,3.7274715406119823,3.42362117767334,-0.7628512382507324,-0.2049282044172287
1774470527973809200,190.18580908203128,-1.646257679246366,0.579624692229554,-0.3509931197971105,0.2019581794738769,0.1599917560815811,0.1405951231718063,-1.396816762214899,-0.3231190244436264,-1.471202433374524,0.0657033547759056,-0.5169559121131897,1.5671980381011963,0.0224748666584491,1.697215128545463,3.777901751166582,3.411320686340332,-0.7316209077835083,-0.1603154689073562
1774470527983836200,190.19583618164063,-1.7738748821169137,0.5090420666147023,-0.3895318170279264,0.2629855573177337,0.1503034383058548,0.134731650352478,-1.2713327719807623,-0.0393792397081851,-0.8654051159471273,0.0908186733722686,-0.5674266815185547,1.4632537364959717,-0.2813981535127386,1.6620377244412898,4.026371485078335,3.4365346431732178,-0.650427520275116,-0.1250970214605331
1774470527993863400,190.2058635253906,-1.8979341002449392,0.5341731468703598,-0.410444841197133,0.3225891292095184,0.1187432333827018,0.1201588660478591,-1.3454957403004169,-0.0040244332104921,-0.6331681394338607,0.098005473613739,-0.6202102899551392,1.359843134880066,-0.388961908185482,1.4865306431487202,4.167196836829185,3.466859817504883,-0.6234982013702393,-0.1435366421937942
1774470528003890200,190.2158901367188,-1.9099647297784683,0.5660575738437473,-0.3800152161419391,0.3745444715023041,0.0916871130466461,0.1164464205503463,-1.54812259144783,-0.3161158676832914,-0.8322989651590585,0.0679747909307479,-0.6483227014541626,1.2450261116027832,-0.0710977172638289,1.231513387289643,3.931603535625338,3.436049699783325,-0.5976820588111877,-0.2015730440616607
1774470528013917200,190.2259172363281,-1.8720178609609603,0.5084075681034476,-0.3365560136437416,0.4160236120223999,0.0676009207963943,0.1218858361244201,-1.6455553761959074,-0.6916980698138475,-1.0928887604534625,0.0090337116271257,-0.6491677165031433,1.134460210800171,0.2967068366025574,1.164700489471853,3.7020512681514015,3.3570542335510254,-0.5147318840026855,-0.2288023382425308
1774470528023944400,190.2359443359375,-1.8061171095520256,0.3988044530902058,-0.2661573662936687,0.452627956867218,0.0634796768426895,0.1139059364795684,-1.6680384261608123,-0.9599947862237692,-1.1000117442011832,-0.0522821098566055,-0.633976936340332,1.0503915548324585,0.3659013505935669,1.4326499998793003,3.5943349897980688,3.236480236053467,-0.4084906280040741,-0.2160817384719848
1774470528033971200,190.24597119140623,-1.7564472158454358,0.3209542476251721,-0.2141360871553421,0.4691508114337921,0.0667834058403968,0.1023318246006965,-1.6260431587353348,-1.1017921978771683,-0.9247393484473228,-0.0864749625325203,-0.6088066101074219,0.9641520977020264,0.120930564713478,1.707000901761651,3.4506162546932697,3.084507703781128,-0.3350103795528412,-0.1898020952939987
1774470528043998200,190.25599829101563,-1.7123391940496862,0.2462411711420863,-0.1635246748149394,0.4716731011867523,0.0819810032844543,0.0968105569481849,-1.1702983094789088,-1.058221351698041,-0.7010059963852167,-0.0888720005750656,-0.5828907489776611,0.8846814036369324,-0.148329443770647,1.8607140843972565,3.3225445860534903,2.927929639816284,-0.2953630983829498,-0.1536299735307693
1774470528054025200,190.2660251464844,-1.681611462830752,0.2182122505530714,-0.093929160541296,0.4522846937179565,0.0857649222016334,0.1006371080875396,-1.0138719223618506,-0.8921756339728831,-0.4767296234875917,-0.0754944086074829,-0.5462736487388611,0.8254740238189697,-0.3351864788562059,1.8646140144452448,3.52460152835846,2.8221218585968018,-0.2635948657989502,-0.0942829325795173
1774470528064052200,190.2760522460937,-1.6978769534550606,0.2263757197970524,0.0774392135113477,0.4229347705841064,0.0746222510933876,0.0961222499608993,-0.9595618016339836,-0.7060656178623438,-0.4121487225055694,-0.0620779506862163,-0.499091625213623,0.7775933742523193,-0.5239502243459224,1.8675433458954087,4.047610087940097,2.7892003059387207,-0.288002997636795,-0.0322536528110504
1774470528074079200,190.28607934570311,-1.7728329718485474,0.1882961279779672,0.3590361409991979,0.376883715391159,0.05623010545969,0.0797937139868736,-1.0484794176235794,-0.5195844303518533,-0.5361573794901371,-0.0599447563290596,-0.4474377334117889,0.741381049156189,-0.3332476197481155,1.870031655579805,4.281673695358633,2.7690236568450928,-0.4044634103775024,-0.0185711830854415
1774470528084106500,190.2961064453125,-1.730238423355669,0.1133089472612366,0.6552069527626038,0.3204888701438904,0.0409630052745342,0.0595297217369079,-1.2655471743166449,-0.2542997552394866,-0.7022247245252132,-0.0695258229970932,-0.4090047478675842,0.7205027341842651,-0.0566974451226647,1.792300181123614,4.082744529685378,2.725970506668091,-0.5547218918800354,-0.0213802866637706
1774470528094133500,190.30613354492183,-1.6437348827704783,-0.0700424543235451,0.8903624470710754,0.2665947675704956,0.0440506674349308,0.0346036441624164,-1.4003322229899464,0.1151250933051109,-0.7201619477540254,-0.0747552067041397,-0.3748297393321991,0.7338366508483887,-0.1321346802949905,1.7910767768085,3.819710848370194,2.668647289276123,-0.6682913899421692,-0.0041802744381129
1774470528104160300,190.31616015625,-1.5912433557718992,-0.2890347493384033,1.096578847143054,0.2128058224916458,0.0574309229850769,0.0101805943995714,-1.4155647173047066,0.521050995773077,-0.5923614972710609,-0.0687947422266006,-0.3536981642246246,0.7756287455558777,-0.3646311845272779,1.7750106081485748,3.4964860254645345,2.6090900897979736,-0.7232648730278015,0.0352659337222576
1774470528114187300,190.32618725585937,-1.498450505784154,-0.469560900902003,1.1963964812010526,0.1646559238433838,0.058218814432621,-0.0178780443966388,-1.287639909789711,0.8476841658174991,-0.5242962613046169,-0.0456233769655227,-0.3290559351444244,0.8288943767547607,-0.3462321890056133,1.6342571525901557,3.0158108792215583,2.5237858295440674,-0.729106605052948,0.0974778831005096
1774470528124214500,190.3362145996093,-1.4324139991663396,-0.6553788021981716,1.106381279233098,0.1375934183597564,0.0469685569405555,-0.0467070303857326,-1.1258011422351002,0.972237012681365,-0.5972533609658479,-0.0102046374231576,-0.2767545580863952,0.881176233291626,-0.135145516016148,1.419674490711093,2.573452896413207,2.412936210632324,-0.6696709394454956,0.1566035151481628
1774470528134241300,190.3462412109375,-1.4260200603455304,-0.8015116127073765,0.8349602933228015,0.1339591145515442,0.0350070334970951,-0.0764113217592239,-1.041939786721766,0.9581740005373954,-0.7183031681448221,0.0190677624195814,-0.1893994212150573,0.9269589185714722,-0.0324707754939794,1.2038467972069975,2.438175826439261,2.321588516235352,-0.5876372456550598,0.1919423788785934
1774470528144268300,190.35626831054688,-1.3332237032264471,-0.8587180393986403,0.4850158057957887,0.154240682721138,0.0212363582104444,-0.1040187180042266,-0.987634780560434,0.8764286142647266,-0.7886363490432501,0.0295238923281431,-0.0804624482989311,0.9637914299964904,-0.026343269057013,1.046222286346555,2.5739719518512487,2.2612667083740234,-0.52358478307724,0.2196448445320129
1774470528154295600,190.3662956542969,-1.0866261929273604,-0.8307441369324922,0.0810305160015821,0.1772717535495758,-0.0209535360336303,-0.1082005277276039,-0.984336908058822,0.7631704838752746,-0.7633452559202909,0.0133433258160948,0.0229635462164878,0.9782276153564452,-0.0280886148869991,0.9998621017098426,2.7419232109367844,2.2125487327575684,-0.5220587253570557,0.2398001849651336
1774470528164322300,190.376322265625,-0.8396408523544668,-0.6745761084906756,-0.3338186976343393,0.2039819359779358,-0.0551517195999622,-0.0985194072127342,-0.9842843010887504,0.6885597717881202,-0.5988192951083183,-0.0098828086629509,0.0907381698489189,0.960717499256134,0.067241096634604,0.9807938286244868,2.8910791686594486,2.162092447280884,-0.5485681295394897,0.2131573855876922
1774470528174349300,190.3863493652344,-0.6056479720845818,-0.422305192197673,-0.6136842712849379,0.2269098609685897,-0.0849730372428894,-0.0649832710623741,-0.8973091974690556,0.6112661042273044,-0.4564940601885318,-0.0213943235576152,0.1270029693841934,0.9148759841918944,0.0541845946520566,0.8114514074414968,3.032921003976464,2.097578763961792,-0.5513436794281006,0.1428641527891159
1774470528184376300,190.3963762207032,-0.2739560573458671,-0.1000473876932635,-0.8477151454776525,0.2367286682128906,-0.0900735259056091,-0.0054600238800048,-0.7424863000258803,0.4463064281731844,-0.4174333849102258,-0.0055985539220273,0.1556664109230041,0.8364554643630981,-0.2062462106883525,0.5758586907595395,2.9651421837359666,2.022047758102417,-0.5438351631164551,0.1096308380365371
1774470528194402600,190.40640258789065,0.1791103664815425,0.2565943507163785,-0.9901444252938032,0.2444241344928741,-0.0792075619101524,0.0961227938532829,-0.5422166795291006,0.2060726076871156,-0.3909083660781383,0.0389401502907276,0.1644196808338165,0.7131447196006775,-0.4631383205085992,0.5312514872699976,2.7299311598479745,1.9398047924041748,-0.5255432724952698,0.1083651483058929
1774470528204429300,190.41642919921875,0.50350028764382,0.5073122106147929,-1.1292115352004766,0.2726989090442657,-0.0520470440387725,0.1920399963855743,-0.3198565155163407,-0.1152145251542329,-0.429050172945857,0.0808160081505775,0.1509348303079605,0.5732919573783875,-0.4960667766422033,0.5541787738710642,2.556184366226196,1.856356739997864,-0.5135521292686462,0.0985444784164428
1774470528214456300,190.42645629882813,0.715117816106975,0.6928941477306186,-1.2420464717417954,0.3198431730270386,-0.0223372969776392,0.2633363306522369,-0.1554348918616771,-0.4157809415280818,-0.4824018239051103,0.1041034907102584,0.130015954375267,0.4189828336238861,-0.4593091176092624,0.5850146416395903,2.3946628479272127,1.773675799369812,-0.5183732509613037,0.0825010761618614
1774470528224483300,190.4364833984375,0.8990107406899333,0.8599705236777663,-1.1983090368241072,0.3679076433181762,0.0115357134491205,0.3256071805953979,-0.0917535700678825,-0.3918687355428933,-0.3750345051199197,0.1362723261117935,0.085128329694271,0.2163359820842743,-0.5449994421154261,0.6113543670326471,2.220931251874566,1.6638067960739136,-0.5351476669311523,0.0706050023436546
1774470528234510300,190.44651025390624,1.1968244973547757,1.0378203687041998,-0.9392559495776892,0.3961093723773956,0.0550610944628715,0.4025440216064453,-0.2069257173851132,-0.0085328505456447,-0.1926864718914032,0.2081712782382965,-0.0062404661439359,-0.0092225819826126,-0.6486556314229965,0.6003805530756712,1.929128572192788,1.5259318351745603,-0.5656970739364624,0.0717427209019661
1774470528244537300,190.4565373535156,1.5312281552702187,1.251835167567432,-0.6025912148624658,0.3851882815361023,0.0977853909134864,0.4976207613945007,-0.4706958962813019,0.2890501661032438,-0.1080161380827426,0.291936457157135,-0.095423549413681,-0.2080056816339492,-0.7352921507380903,0.5545879391938447,1.7405138797849415,1.3634628057479858,-0.5843549370765686,0.0762429311871528
1774470528254564400,190.466564453125,1.8240725990898905,1.4153672950364649,-0.2639531342476606,0.3477919995784759,0.1394644379615783,0.601591169834137,-0.716863490730524,0.1940934160798788,-0.2723544673681259,0.3315541744232178,-0.1674775034189224,-0.3450972437858581,-0.8497796037267893,0.5594622672319411,1.67790866279006,1.21916663646698,-0.5824770927429199,0.0950776264071464
1774470528264591400,190.47659130859373,1.9824065733939409,1.3158005669996142,-0.0440752885699272,0.2925207614898681,0.1846585422754287,0.6808313727378845,-0.8301885488763451,-0.2601379598736762,-0.4211386691689491,0.2988178730010986,-0.2160828560590744,-0.4332756102085113,-0.7371177587300538,0.7125608251005411,1.6888333769083022,1.0978630781173706,-0.6054348349571228,0.0925106108188629
1774470528274618400,190.4866184082032,1.932144997404516,0.8928294947717338,0.0526724365234375,0.2515761256217956,0.2125549912452697,0.7124388217926025,-0.7592334366872906,-0.7766413753449917,-0.4166331744432449,0.2105846852064132,-0.2483084350824356,-0.500954270362854,-0.5038870950043202,0.8531342479169368,1.704938124012947,1.0089365243911743,-0.6510756015777588,0.0728716179728508
1774470528284645400,190.4966452636719,1.682268173173815,0.2593030068868771,0.0536994414836168,0.2271503955125808,0.2130769789218902,0.7009931206703186,-0.730057464955002,-1.1505062521636484,-0.3507967204421758,0.1041306853294372,-0.2583669126033783,-0.5653761625289917,-0.3438094188380986,0.9935644628703594,1.685090683248639,0.9412459135055542,-0.6821554899215698,0.0633966252207756
1774470528294672100,190.50667211914063,1.4902680761113762,-0.3623848303725943,0.0414133758842945,0.2228721976280212,0.2087300568819046,0.6878591775894165,-0.7539037660971284,-1.2637526921153068,-0.2882446949392557,0.0241602212190628,-0.2530059814453125,-0.6341200470924377,-0.3084533702313899,1.2274299173682928,1.5712112060904502,0.8812066912651062,-0.6896735429763794,0.04686776176095
1774470528304699400,190.5166994628906,1.388606860013306,-0.8399432693671435,0.0673503656953573,0.2137450128793716,0.1850809156894683,0.6705561280250549,-0.8050342338755726,-1.056218195182085,-0.2088514247506857,-0.0025806745979934,-0.2419835478067398,-0.6961212754249573,-0.468832732757926,0.9659119013130664,1.3626000198364256,0.8101119995117188,-0.7247229218482971,0.06454449146986
1774470528314726400,190.52672631835927,1.2080249596744774,-1.174935833086446,0.0969739350646734,0.1994352489709854,0.1461064368486404,0.6630221605300903,-0.8717021702647209,-0.6708546037495136,-0.127032973241806,0.0181283317506313,-0.2228311598300933,-0.7303772568702698,-0.5811375079452992,0.6424643755674362,1.2619547027826308,0.7407340407371521,-0.715133547782898,0.1009647250175476
1774470528324753400,190.53675341796875,0.9981396618314088,-1.3398793617233633,0.0114168815493583,0.1781028062105178,0.0807205215096473,0.6682195663452148,-1.0366928259789945,-0.3686000881582498,-0.1470066707342863,0.0504041798412799,-0.1863783299922943,-0.7169029116630554,-0.9556827682435513,1.281430972146988,1.2773211987406017,0.6799143552780151,-0.5939461588859558,0.1467961370944976
1774470528334780400,190.54678051757813,0.8722910760685801,-1.2864856251880523,-0.1238894145190715,0.141266644001007,0.0252465400844812,0.6857606768608093,-1.2122022453591226,-0.2744265974670648,-0.2401969956070184,0.0609388463199138,-0.1306703239679336,-0.6563279628753662,-1.32059218519032,1.8557459405958647,1.3384282861322163,0.7033950090408325,-0.587011456489563,0.2442143112421035
1774470528344807400,190.5568073730469,0.9390694870948793,-1.116324142707139,-0.3711544488161802,0.1057991832494735,-0.0058796876110136,0.7081682085990906,-1.3170455986246463,-0.3326338717639446,-0.3721726859480142,0.0410652607679367,-0.0628362074494361,-0.5632161498069763,-0.7911240742057561,2.360736028406024,1.0550444752275945,0.7169920206069946,-0.742489218711853,0.2449498772621154
1774470528354834400,190.56683447265624,1.0343442170262336,-0.895527282488346,-0.6277735869139432,0.0731660351157188,-0.0140002276748418,0.729602575302124,-1.3492530470073223,-0.4611930316597223,-0.4948445413708686,0.0025367748457938,0.0135725475847721,-0.4516296982765198,-0.4420739051699638,1.5430354974418878,0.8176984851375222,0.5139549970626831,-0.8122849464416504,0.3175090849399566
1774470528364861200,190.5768610839844,1.0898968851611015,-0.7209130583822727,-0.8496247784912586,0.0562075600028038,0.0140540450811386,0.7441067099571228,-1.2610652065970005,-0.4298731797665357,-0.5372749853432178,-0.0233088657259941,0.0916957408189773,-0.3487736880779266,-0.9011796822268516,1.2253250540435314,1.3300696231096982,0.3164129257202148,-0.6799101829528809,0.5411903858184814
1774470528374888400,190.5868884277344,1.1213619907438754,-0.672456266792491,-1.049147818404436,0.0659969225525856,0.0409629121422767,0.7345852255821228,-1.305099724765122,-0.2604401576906442,-0.5675356835722923,-0.0266436748206615,0.1860456764698028,-0.2545758187770843,-0.6198363641738891,1.3710510373175144,2.1078379566580057,0.1894003301858902,-0.5200371146202087,0.6532862186431885
1774470528384915500,190.59691552734373,1.0600663950428366,-0.6963184961561113,-1.1591694510906934,0.0921126753091812,0.0428124777972698,0.7128152251243591,-1.4682760245338082,-0.0533358688682317,-0.5889478894352913,-0.0166439656168222,0.2929709553718567,-0.159594252705574,-0.0021662381231784,1.259653440102935,2.6361361470803617,0.2210022062063217,-0.5105506777763367,0.6593731045722961
1774470528394942200,190.60694213867188,1.138574991351366,-0.68349211313501,-1.0557681133270262,0.1113740280270576,0.051680140197277,0.6774986386299133,-1.5816390766024588,0.0356926601499319,-0.6774737296283244,0.0011243789922446,0.402517706155777,-0.0603811293840408,0.1073795937448739,1.1513123078495264,2.6008859700009226,0.3182559609413147,-0.6315144300460815,0.6197717785835266
1774470528404969500,190.6169694824219,1.3343161746382712,-0.6584130553275347,-0.7860790657758713,0.110513299703598,0.0733047351241111,0.6154717803001404,-1.6390347422555087,0.0373170464813709,-0.7493851196289062,0.0144993783906102,0.5038290023803711,0.0303564239293336,-0.035829949728772,0.8622849380999803,2.074811593107879,0.3274867236614227,-0.7688584327697754,0.5650768280029297
1774470528414996500,190.62699658203124,1.5041326430737971,-0.6761593590941279,-0.4138701394706964,0.0858233347535133,0.0983513370156288,0.547543466091156,-1.6123963261768222,-0.0005903671085834,-0.7538169645965099,0.0364813767373561,0.5949386358261108,0.1107410192489624,-0.0890401463907211,0.4837982466995715,1.4947300239562988,0.2571727633476257,-0.8335859179496765,0.501341700553894
1774470528425023200,190.63702319335937,1.5395710362017154,-0.7855218702845275,-0.0524655157744884,0.0423493683338165,0.1047399938106536,0.4680395424365997,-1.5342632851824165,-0.014705401700735,-0.6829992150515317,0.0659173429012298,0.6701438426971436,0.1768102496862411,-0.1193874269247055,0.1869447133690118,1.2857879983127116,0.2148407250642776,-0.7897894382476807,0.4677352607250213
1774470528435050200,190.6470502929688,1.5602145957797764,-0.9933440250527114,0.235020469751954,0.0066282982006669,0.1042918339371681,0.383189707994461,-1.420951671040058,0.0408873061835765,-0.5864134025216102,0.1053584963083267,0.7338391542434692,0.22744120657444,-0.264635344358161,0.2695733122169971,1.2704764474123715,0.2182431668043136,-0.6561275124549866,0.4602817296981811
1774470528445077500,190.6570773925781,1.484188463936746,-1.2514487985983491,0.3973918828785419,-0.023012151941657,0.0869450718164444,0.3022400140762329,-1.3133460134543478,0.1766460221946239,-0.4804115268707275,0.1497401893138885,0.7751145958900452,0.2621867954730987,-0.337806963552907,0.3568120352089405,1.1149258202165364,0.2160338163375854,-0.4827427268028259,0.4396736621856689
1774470528455104300,190.66710424804688,1.3223131637640295,-1.429234053955972,0.4452653946876526,-0.0462756752967834,0.0607370845973491,0.2336232662200927,-1.2185676887378096,0.3637169922918081,-0.2903518963515758,0.1851706206798553,0.8002793788909912,0.2987038195133209,-0.2694833689112216,0.2997352262467145,0.9108487702608108,0.2364836931228637,-0.3291614055633545,0.4223998486995697
1774470528465131300,190.67713134765623,1.1874912902116774,-1.506697232864797,0.3100269031584263,-0.0427014492452144,0.0272987019270658,0.1640955805778503,-1.1683338775381444,0.5810843164533377,-0.0889443578660488,0.2036612629890442,0.8104526996612549,0.3417377769947052,-0.1364917064607143,0.2784019308388233,0.7653343839108944,0.2471754848957061,-0.1965564787387848,0.4029729068279266
1774470528475158500,190.68715844726563,1.1090440687015652,-1.4696383989281951,0.0552034163057804,-0.0329417064785957,0.0099568981677293,0.1054774224758148,-1.0746190903998911,0.7183949380815029,0.1151554884433746,0.2124859243631363,0.8108311295509338,0.3943802118301391,-0.0236093505810946,0.2809375867962837,0.6181921040982008,0.2200521677732467,-0.0846072062849998,0.3728171586990356
1774470528485185300,190.6971853027344,1.1828222754873334,-1.3339436880640685,-0.141872814977169,-0.0126335062086582,0.0162478163838386,0.0496338605880737,-0.9228140794731676,0.7716483893632888,0.3411228831678629,0.2139678597450256,0.8019173741340637,0.4425220489501953,0.0179909992426633,0.3456277933716773,0.4848956865474581,0.2884629070758819,-0.1464905440807342,0.3510096073150635
1774470528495211300,190.70721118164064,1.263700815797597,-1.1031554490543902,-0.2516764209985733,0.0078753130510449,0.0340989716351032,0.0062838122248649,-0.6992951008141041,0.788927440944314,0.5450625704795122,0.2202832698822021,0.7905661463737488,0.469294011592865,0.3828858031421899,0.5079582899659871,0.3851107857152819,0.2988441884517669,-0.1064439266920089,0.2962228655815124
1774470528505238300,190.71723828125,1.2761442639157174,-0.8208860291324556,-0.2867237689822912,0.0250199455767869,0.0393760241568088,-0.0175805073231458,-0.5105284327149391,0.7644371428102255,0.6884434519320726,0.2304782718420028,0.7838184833526611,0.4700618982315063,-0.3191670719474553,0.2333879001140594,0.5099982713609934,0.3602252602577209,0.0072035402990877,0.2944835424423218
1774470528515265500,190.727265625,1.1877153082258998,-0.5739753612309694,-0.2648375158667564,0.0369927249848842,0.0297284983098506,-0.0370429530739784,-0.3303612506568432,0.6733779847472906,0.7035498356491326,0.2410052120685577,0.779129147529602,0.4436856806278229,-0.4897346510112285,0.1180219837903976,0.6880638049647212,0.436925858259201,0.131288930773735,0.3146154284477234
1774470528525292300,190.73729223632813,1.074972580012679,-0.4391648858554661,-0.2055751795589923,0.0379123166203498,0.0162877906113863,-0.0494495555758476,-0.1590342315278947,0.5877507886052131,0.6479939526438713,0.2441998571157455,0.7724993824958801,0.400208055973053,-0.3706044137179851,0.3663163611352443,0.6300622823730111,0.5190966129302979,0.2265981286764145,0.3456793427467346
1774470528535319300,190.7473193359375,1.0212079643383625,-0.3758748284015804,-0.1169680908232927,0.0357927307486534,0.0155493794009089,-0.0593334063887596,0.0239385094702243,0.4808849896013736,0.5293161352932453,0.2369603216648101,0.7564695477485657,0.3474620282649994,-0.1951672558564692,0.6660369743347168,0.5226528780117631,0.587289571762085,0.2381878346204757,0.3747227489948272
1774470528545346300,190.75734619140624,0.9972564492560922,-0.3818259918909519,-0.0311345584541559,0.0323830880224704,0.0215923581272363,-0.0730833113193512,0.1285011460982263,0.3302800021141767,0.3729419167548418,0.2109521329402923,0.7340657114982605,0.2989690899848938,-0.1361298874109983,0.7944517573237418,0.4999535549476742,0.6344118118286133,0.2238943874835968,0.4094309508800506
1774470528555373300,190.7673732910156,0.934987186217308,-0.4232444823417812,0.0460258381158113,0.0245235245674848,0.0286418460309505,-0.0800696611404419,0.1833950580634176,0.1421317581743001,0.2192734500437974,0.1782474517822265,0.7148800492286682,0.247395634651184,-0.2821942723264917,0.8375526479035615,0.5892468723818659,0.6686955094337463,0.2092915773391723,0.4653704464435577
1774470528565400300,190.777400390625,0.8740624696552753,-0.493018933378905,0.0836070884913206,0.0161428228020668,0.0295230858027935,-0.0832313671708107,0.2471894848428666,0.003992869028449,0.0974105729162693,0.1434666067361831,0.6957269906997681,0.2019623219966888,-0.4214402459314093,0.8282651795983315,0.6682455902948975,0.6906207799911499,0.1905642300844192,0.5240769386291504
1774470528575427300,190.78742724609376,0.8202551838830113,-0.5377041705407202,0.0803740979194641,0.0127368969842791,0.023219870403409,-0.0871688053011894,0.2668377497732639,-0.0485661702483892,0.0217862998723983,0.1206968501210212,0.6668873429298401,0.1565125584602356,-0.4445271070083603,0.7675251719534397,0.7476379837006331,0.7010245323181152,0.1900114119052887,0.5839414596557617
1774470528585454300,190.7974543457032,0.8192471758842468,-0.7129266627382487,0.0773930362820625,0.0162986069917678,0.0162024404853582,-0.0945974290370941,0.3258300369679928,-0.0879775586605072,-0.0929366423726081,0.1175778955221176,0.6273573637008667,0.1170182600617408,-0.2050344602784141,0.6311024390757084,0.7764221796363592,0.7114620208740234,0.1144303679466247,0.5932129621505737
1774470528595481300,190.8074814453125,0.7475184489741921,-0.847411047964543,-0.0375339041024446,0.0369233414530754,-0.0017654402181506,-0.1171579360961914,0.37783144236207,-0.0932324104487895,-0.2265297047823667,0.1280553042888641,0.5904453992843628,0.0915126353502273,0.0730962158709764,0.3724631933271884,0.727236708445847,0.7144508361816406,-0.0042048031464219,0.5956389307975769
1774470528605508400,190.81750830078124,0.7053432949371635,-0.7944047763768584,-0.1272042381554841,0.0571942552924156,-0.0152418334037065,-0.1191262826323509,0.4172108282007277,-0.0650356590121984,-0.3610007190704346,0.1406674832105636,0.5642383694648743,0.0776394382119178,0.0361930200206581,0.3918576296269893,0.6636340048462153,0.6970649361610413,-0.1223428919911384,0.6070085167884827
1774470528615535400,190.82753540039064,0.8654777427919208,-0.7121329550772905,-0.1080038631230592,0.0684498026967048,-0.0073006832972168,-0.1283226013183593,0.5137069166205823,0.0202303026020526,-0.3942699514657258,0.1485925316810608,0.5378888249397278,0.0761653780937194,-0.0116302137727849,0.6355985814511775,0.5314931870713829,0.6639443635940552,-0.2305979579687118,0.6147640347480774
1774470528625562400,190.83756225585927,0.9641717796474696,-0.6015606662383303,-0.0705137981623411,0.0743111595511436,0.0228833183646202,-0.1349381506443023,0.5772960300862788,0.119237204799056,-0.3714309276700019,0.1555592566728592,0.505125880241394,0.0890690311789512,-0.0313829802572727,0.8778174382746219,0.4572138988956808,0.6255386471748352,-0.3317365646362304,0.6243529915809631
1774470528635589400,190.8475893554688,0.9796471428073942,-0.5428942499971017,-0.0331143340945243,0.0614985041320323,0.0502004139125347,-0.1456154733896255,0.63004109345451,0.2011848356455564,-0.3246884657174348,0.1667416095733642,0.4789952039718628,0.1154045015573501,-0.0389379256814718,0.9918933147877456,0.3992228976979851,0.5888951420783997,-0.4392872154712677,0.6357561349868774
1774470528645616400,190.85761645507813,0.88897844536677,-0.5010408021951094,-0.0243394914865493,0.0357441380620002,0.0664478242397308,-0.159703329205513,0.6719919372163713,0.2339800207883119,-0.2898731729239225,0.1795390397310257,0.4673174321651459,0.1492408663034439,0.0237888695831759,0.9332681073397396,0.4322682582095265,0.5773718953132629,-0.573938250541687,0.6334743499755859
1774470528655643400,190.86764331054687,0.7028840652167797,-0.4065911614436656,-0.0581909076839685,0.0105959633365273,0.0733027085661888,-0.1701451689004898,0.7247406538464128,0.2466419339627027,-0.2515092477381229,0.1979974061250686,0.4774909615516662,0.1783859580755233,0.1139572185695171,0.8914145864725113,0.4249085430964827,0.5880712270736694,-0.6990042328834534,0.6430637836456299
1774470528665670400,190.87767041015624,0.6043987026758492,-0.2870467538589611,-0.1432984638661146,-0.0189699195325374,0.0695351362228393,-0.1722533255815506,0.7786636749528348,0.238931505715847,-0.1664233188658952,0.2223573178052902,0.4877372086048126,0.206008568406105,0.1082780038893222,0.9100269324839114,0.2283732868224382,0.5968290567398071,-0.7497917413711548,0.6595935225486755
1774470528675697400,190.8876975097656,0.4935527479946613,-0.1393816831480246,-0.2537193250030279,-0.0534583330154418,0.0632920488715171,-0.1705090701580047,0.8358869066484272,0.1677326478987932,-0.1088105033308267,0.24428790807724,0.4718575775623321,0.2292688935995102,0.031098902618885,0.7880290307998656,-0.0767070998445153,0.583934485912323,-0.71555495262146,0.6653376221656799
1774470528685724200,190.8977241210937,0.4121156970188021,-0.008816800319869,-0.3605360241681337,-0.0928235799074173,0.0640641003847122,-0.1584081947803497,0.9340168798804284,-0.0013929156631231,-0.0385930577665567,0.261225014925003,0.4234517812728882,0.234672799706459,0.0414753169382922,0.5088531929790974,-0.3391238183051347,0.5740741491317749,-0.6716993451118469,0.6527400612831116
1774470528695751400,190.90775146484376,0.3031394817322492,0.0643708932268433,-0.4750485385328531,-0.1303202807903289,0.0804643258452415,-0.159936711192131,1.039754697767645,-0.1829232027679681,0.0509334839016199,0.2683388292789459,0.3586722612380981,0.217171311378479,0.0420504864777438,0.1993319012552499,-0.4099365994140505,0.5729389786720276,-0.6137922406196594,0.6634361147880554
1774470528705778400,190.9177783203125,0.0840887345284223,0.0973984166875947,-0.5562023886531591,-0.1499278098344802,0.1148758232593536,-0.1561675369739532,1.1430385466314852,-0.3672656246840953,0.1704769781708717,0.2554075121879577,0.2722586095333099,0.1697165071964264,-0.0145370776628144,0.0266962837457656,-0.4673971469968557,0.5692963004112244,-0.5491974949836731,0.6747944951057434
1774470528715805200,190.9278051757813,-0.0104357615575194,0.0966546673818957,-0.5701338833719491,-0.1594081223011016,0.1374229937791824,-0.1454925686120987,1.2243335587881503,-0.5036719909489155,0.3112123135507106,0.2351627051830291,0.1656293720006942,0.1001344919204711,0.0007680617630481,-0.1943763246744871,-0.5242652816444635,0.5699796080589294,-0.5154303908348083,0.6784469485282898
1774470528725832400,190.93783251953124,-0.0921481223434209,0.1039854577945545,-0.4693400977581739,-0.1612656712532043,0.1457573473453521,-0.1040207743644714,1.2592926439665255,-0.5627034411102533,0.46966450740695,0.2112382054328918,0.0428721830248832,0.0228495523333549,0.0062672437012195,-0.3246194921344518,-0.5463529025509953,0.5728166699409485,-0.4712712168693542,0.6934360265731812
1774470528735859500,190.947859375,-0.0485679238140583,0.1238205688002519,-0.3429121046721935,-0.1731662005186081,0.15381920337677,-0.0483017042279243,1.19992158658728,-0.5450228229910135,0.6068272449970245,0.1849482804536819,-0.0934209451079368,-0.0489836260676384,-0.0600222147643566,-0.3838222072094678,-0.6043558864474297,0.5829637050628662,-0.4203616082668304,0.7048856019973755
1774470528745886200,190.9578862304688,-0.01330211077407,0.1366394078357145,-0.1434106920689344,-0.1828742325305938,0.1478910148143768,0.0149904480203986,1.1270037960231305,-0.4990566061079501,0.6633136868506669,0.1567562669515609,-0.2313578873872757,-0.1148930788040161,-0.0791477344622835,-0.4817828152239322,-0.6335197293505073,0.5939172506332397,-0.347474604845047,0.7150107026100159
1774470528755913200,190.9679133300781,-0.0394812387779355,0.1766835777260363,-0.0115402156680822,-0.1816515475511551,0.1383556127548217,0.0632245019078254,1.011336120273918,-0.4577431834667921,0.5875345155060291,0.1255948990583419,-0.3466972708702087,-0.1647458523511886,-0.1434942786991596,-0.4361328246831893,-0.8353083761081099,0.571704089641571,-0.2389377951622009,0.738762617111206
1774470528765940500,190.9779404296875,-0.1031568614833056,0.3447911233518272,0.0228366857081651,-0.1687128543853759,0.1487379521131515,0.1091243550181388,0.8589242294952273,-0.4008873237788677,0.4210831395894289,0.0949288234114646,-0.4307741522789001,-0.1958015114068985,-0.1185222614627331,-0.4140203615963458,-1.148162319386005,0.4976354837417602,-0.1444411277770996,0.7478804588317871
1774470528775967200,190.98796728515623,-0.095173023122549,0.5049466870598495,0.0593137742340564,-0.1483192592859268,0.1605040282011032,0.150563359260559,0.6989853042125701,-0.3007715835571289,0.2521680039077997,0.0666449889540672,-0.4897772967815399,-0.2064490914344787,0.1229039836782962,-0.7489309461206197,-1.2408254055142405,0.4343097507953644,-0.1536654531955719,0.7113711833953857
1774470528785994200,190.997994140625,-0.0898211407005786,0.669187401189655,0.1233095688045024,-0.1332867741584777,0.1754278391599655,0.1919310390949249,0.4936543086729943,-0.1814163053363561,0.1013134255737066,0.042362418025732,-0.5127921104431152,-0.1903514713048935,0.2202186219394206,-0.958471522179246,-0.9808107797592878,0.4129948914051056,-0.1862662732601165,0.7003909945487976
1774470528796020200,191.00802026367188,-0.0876014188244938,0.8694964769139886,0.1709627158612012,-0.1314517855644226,0.174478679895401,0.2439754158258438,0.2877916904747486,-0.0820925922751426,-0.073026073244214,0.0295930933207273,-0.5116086006164551,-0.1527212709188461,0.1493604673188179,-0.7203630232840776,-0.8439426412016153,0.4300956130027771,-0.194319263100624,0.6951876282691956
1774470528806047500,191.01804760742183,-0.1169604920387268,1.037321406206116,0.1686474246561527,-0.1392654925584793,0.1688908338546753,0.2880384922027588,0.0908661197088658,0.0034440029740333,-0.2612520585954189,0.0261652693152427,-0.4858378767967224,-0.1027823984622955,0.1149941604018211,-0.5645464386284351,-0.8168842461451887,0.4369876086711883,-0.1527664959430694,0.6765170097351074
1774470528816074500,191.02807446289063,-0.1584115695849061,1.029437594153732,0.1944289316445589,-0.1576395779848098,0.164390742778778,0.3258002996444702,-0.0675555328786373,0.0789805977344512,-0.417528077456355,0.028838550671935,-0.4346340894699096,-0.0422918945550918,0.1084860936820507,-0.5915268000125885,-0.9121168905004858,0.4308648109436035,-0.1043086051940918,0.6564388275146484
1774470528826101200,191.03810131835937,-0.1965704737178981,0.7746718288376927,0.3054331456273794,-0.1688126027584076,0.1485883444547653,0.3539336621761322,-0.1625894397914409,0.1387187348604202,-0.5130617505848407,0.0321502052247524,-0.3725771903991699,0.0144672514870762,0.2299183243073523,-0.7177794365316629,-0.9909507732406256,0.4125126898288727,-0.0584441795945167,0.6229966878890991
1774470528836128300,191.04812817382813,-0.1989500623308122,0.3296820727536454,0.4361830935657024,-0.1674144566059112,0.142346441745758,0.3628533184528351,-0.210748344413191,0.1846826136559247,-0.5754805050969124,0.037734854966402,-0.3142933845520019,0.068286009132862,0.412156905812025,-0.7233890931069851,-1.0690282846555113,0.385920375585556,-0.0363466963171958,0.568434476852417
1774470528846155500,191.0581555175781,-0.2419055530905723,-0.2018449435221031,0.6173159057855606,-0.1393719017505645,0.1283078491687774,0.3345780074596405,-0.1890485537804663,0.2156400619775056,-0.4939905548900365,0.0474216826260089,-0.265798270702362,0.1083385050296783,0.4947579590659588,-0.6226110895842314,-1.0886509767532349,0.3587292432785034,-0.0118083320558071,0.5096262693405151
1774470528856182300,191.06818237304688,-0.3550830194592476,-0.5900837981300429,0.8184855438619851,-0.0900173187255859,0.1127065047621727,0.2899134159088135,-0.1636196596220135,0.2138788975238799,-0.3708931675314903,0.0497681945562362,-0.2358264923095703,0.1311255693435669,0.4563900152921676,-0.5449217007040977,-1.034125313578546,0.3379158079624176,0.0099378386512398,0.4427936673164367
1774470528866209300,191.0782092285156,-0.3306108415037393,-0.8954359509430825,0.9715689041614533,-0.0405986346304416,0.0962604135274887,0.2294351756572723,-0.1302864220798015,0.1327636258482933,-0.2533715344786644,0.0427018329501152,-0.2268637269735336,0.1420474052429199,0.4662089601255953,-0.4732680848568678,-0.9200842161178588,0.3232460618019104,0.0218546856194734,0.3747395277023315
1774470528876236500,191.08823657226563,-0.2564775376699865,-1.064486330376938,1.0878624567240476,0.0023483179975301,0.079415425658226,0.1710000932216644,-0.0956044002771377,0.029396190354228,-0.1104787288039922,0.0339165963232517,-0.2272738665342331,0.1429518014192581,0.4732628241598606,-0.4219441403329372,-0.7158399929016828,0.3235197365283966,0.0199851933866739,0.3089480102062225
1774470528886263300,191.09826318359376,-0.1597542163655161,-1.0836477616384623,1.1174345881670713,0.0396861024200916,0.0564781576395034,0.1282787322998047,-0.0869628286600112,-0.0846364315390586,0.0392021295756101,0.0230939518660306,-0.2332455664873123,0.1328233480453491,0.5265560229301453,-0.3616495383679866,-0.5405079759150743,0.3337153792381286,-0.0022636535577476,0.2443514615297317
1774470528896290300,191.1082902832032,-0.1199731178581714,-0.9484044478036464,1.0275666857153176,0.063352420926094,0.0357729792594909,0.0850346311926841,0.0001331248603761,-0.182742585504055,0.1649701974481344,0.0178435295820236,-0.2541508674621582,0.1058527082204818,0.5152256506204604,-0.3470335685163736,-0.4291200233116746,0.3338435292243957,-0.0309305824339389,0.1891271471977234
1774470528906317300,191.1183173828125,-0.1998255299910903,-0.710019762315601,0.8693097221702337,0.0750815197825431,0.0151862129569053,0.0544263869524002,0.0798994661450386,-0.2552835055798292,0.2491372579097747,0.0109668336808681,-0.2865979075431824,0.0675691366195678,0.4472691357254981,-0.3712900578945875,-0.3528139054834842,0.323257178068161,-0.0504704602062702,0.1498859971761703
1774470528916344300,191.12834423828124,-0.2653270529493689,-0.4221687063364311,0.6483896739631891,0.0772998556494712,-0.0106352027505636,0.0360626988112926,0.1815257570601999,-0.2725596345514059,0.2651543267309665,0.0011863745748996,-0.3183579742908478,0.0259636342525482,0.427399775390327,-0.3867383869171142,-0.2706792276322841,0.3086565732955932,-0.0761990174651146,0.1217034831643104
1774470528926371300,191.13837133789065,-0.3054913055554032,-0.1355526720449328,0.4170797491669654,0.0730238854885101,-0.0271742325276136,0.0325587764382362,0.2381682662583887,-0.2232242334961891,0.2770715590178966,-0.0085099982097744,-0.3345411121845245,-0.0089415460824966,0.4084659423395991,-0.3561854277431964,-0.1813069997429847,0.295526921749115,-0.1155411005020141,0.11286311596632
1774470528936398300,191.1483984375,-0.3416220648616552,0.1089132695855572,0.1388052441000938,0.0631585717201232,-0.0404569879174232,0.0311601608991622,0.2101483326934277,-0.1378133104532957,0.2979699701398611,-0.0145788099616765,-0.3401185572147369,-0.0411540791392326,0.3449462408483028,-0.2601695240557193,-0.0981007471375167,0.2957141101360321,-0.1423952877521515,0.1173042356967926
1774470528946425300,191.1584252929688,-0.4148401535466313,0.2899751719936728,-0.1484527778893709,0.0509453155100345,-0.0579835213720798,0.0332230441272258,0.1464345699347555,-0.101051559767127,0.2102221285820007,-0.0221336651593446,-0.3351576328277588,-0.0550792142748832,0.270431390351057,-0.2315063241511583,0.0064513680964708,0.2982276082038879,-0.1578477472066879,0.1340627074241638
1774470528956452400,191.16845239257813,-0.4488540668293833,0.3902899419188499,-0.4122457531392574,0.0450481176376342,-0.0789241045713424,0.033264797180891,0.0870855782568454,-0.0829547620624303,0.0884258869498968,-0.0327447652816772,-0.3069432973861694,-0.0489182583987712,0.2195066742777824,-0.1782218932092189,0.0694818247660994,0.2919970750808716,-0.1722411513328552,0.159009963274002
1774470528966479400,191.17847924804687,-0.3913846052877605,0.3954507952807471,-0.5867863274872303,0.046693418174982,-0.0982969999313354,0.0275943949818611,0.0630640666782856,-0.0001022913306951,-0.0014905308187007,-0.0447824224829673,-0.2740195095539093,-0.0371400006115436,0.1902348409555852,-0.0728793582499027,0.0898918678492307,0.2857485115528106,-0.1775805205106735,0.1827083677053451
1774470528976506000,191.18850610351564,-0.2087986716501414,0.3825529179260134,-0.6169926651805638,0.0520877093076705,-0.1078376471996307,0.0287390053272247,0.0506485294803977,0.0592272649943828,-0.0097024788469076,-0.051991332322359,-0.2399313300848007,-0.0214457251131534,0.1509679755806922,0.0211889185011386,0.0948059433758258,0.2789694666862488,-0.1779656708240509,0.2027327865362167
1774470528986533400,191.1985334472656,0.0454319638758897,0.3464403153309598,-0.5175678298324347,0.0547945462167263,-0.1031880378723144,0.0446702986955642,0.0078510057613253,0.1416898596256971,0.0731295336186885,-0.0498797707259655,-0.2187597900629043,-0.002478108741343,0.1865443158745765,0.0099865564852952,0.0736501964919269,0.269385814666748,-0.1695125252008438,0.2190012484788894
1774470528996560400,191.2085603027344,0.2395966916263103,0.2906248680740594,-0.3244078952103853,0.060174461454153,-0.0993616580963134,0.0715558156371116,0.0477504699513316,0.1768909368664026,0.0754798961371183,-0.0410971976816654,-0.2076413482427597,0.01892651617527,0.1623461325548589,0.0083183310121297,0.0726870505481958,0.262300580739975,-0.1573792695999145,0.2302290648221969
1774470529006587400,191.21858740234376,0.3919154972940683,0.2014669405225664,-0.1432464414179325,0.0664528682827949,-0.0878112614154815,0.0964057743549346,0.076107088124752,0.0843581991195678,0.0356184258699417,-0.0376431308686733,-0.2018479108810424,0.0406989827752113,0.0804664523780345,0.0873182179689407,0.0730402479000389,0.2636718451976776,-0.1317921578884124,0.2408425658941269
1774470529016614400,191.2286145019532,0.4998816587552428,0.137007291300036,-0.0056330374509096,0.0696360692381858,-0.0761923715472221,0.1287787407636642,0.1485360722586512,-0.0566489389389753,-0.0063455696344375,-0.0433414950966835,-0.1946384757757187,0.0538403540849685,0.032850130200386,0.1202431669712066,0.0530656736247241,0.2567525506019592,-0.1006961241364479,0.2427983433008194
1774470529026641400,191.23864135742187,0.5449690469771623,0.101025913869217,0.1158750348895788,0.0736515820026397,-0.0549307540059089,0.1588642001152038,0.2459188803851604,-0.1752846707135439,0.0430476990878581,-0.0475417636334896,-0.1826218664646148,0.0554221980273723,0.0385096172668039,0.1085293483018875,0.0243060276083648,0.238825187087059,-0.0793972313404083,0.2341302931308746
1774470529036668400,191.24866845703124,0.4823667525917291,0.0764147293018177,0.1777817482262849,0.0839747041463851,-0.0295916087925434,0.1764231920242309,0.2476712770104408,-0.2548088738054037,0.1105628999561071,-0.0517274551093578,-0.1722701489925384,0.0471549481153488,0.0656361091233789,0.1285293492794036,0.0277199277050793,0.2214873135089874,-0.0640835016965866,0.220839649438858
1774470529046695200,191.25869506835937,0.3445703932732343,0.0645989480953663,0.1943774937182665,0.0936755314469337,-0.0194686651229858,0.1881943643093109,0.256906430606544,-0.3458551723867654,0.149025024819374,-0.0493083260953426,-0.1551953554153442,0.0309441015124321,0.0738802058555185,0.0936234555929899,0.0854649913176894,0.214457631111145,-0.0557837598025798,0.1981402039527893
1774470529056722400,191.26872241210933,0.1843739860981702,0.0415619175095111,0.1979997758686542,0.1029299050569534,-0.0226251166313886,0.2016084045171737,0.2371957679644226,-0.4140998565733432,0.1212099661767482,-0.0414248369634151,-0.1321416944265365,0.0080821951851248,0.1349918232917785,0.056414545661211,0.128998720356822,0.2152225822210312,-0.0539253801107406,0.1701595783233642
1774470529066749400,191.2787495117188,0.0601882189810276,-0.0273464182175695,0.1903992377370595,0.1124381870031356,-0.0283610336482524,0.2041799575090408,0.239120744677633,-0.3813479260504245,0.1571200684696435,-0.0256340261548757,-0.1141124218702316,-0.0207825973629951,0.1482310979627072,0.107291915461421,0.1278510116264224,0.2136545181274414,-0.0402351357042789,0.1563825160264969
1774470529076776200,191.2887761230469,-0.0294032046169042,-0.0895995338391512,0.1920259621560573,0.1247238963842392,-0.0383137501776218,0.205500841140747,0.2450409285068512,-0.303867211484909,0.2103957315832376,-0.0057772323489189,-0.1124559342861175,-0.0469731874763965,0.0023718436978757,0.2663461668640375,0.1300463297136128,0.2092000395059585,-0.0064994231797754,0.1503141522407531
1774470529086803000,191.2988029785156,-0.0662595017187297,-0.1470722102511674,0.1752057602584362,0.1273782700300216,-0.0492340438067913,0.2004464268684387,0.227087777056545,-0.1861918491750955,0.2144236719250679,0.0113065410405397,-0.1221091523766517,-0.0679278597235679,-0.0359305605590343,0.3481804004639386,0.106907592318952,0.1965385675430297,0.0340405441820621,0.1442839652299881
1774470529096830000,191.3088298339844,-0.0961848305135965,-0.1875016531320288,0.1499474003612995,0.117601566016674,-0.0491867810487747,0.1933127641677856,0.194536775933206,-0.0679728815078735,0.2160083107680082,0.0231517478823661,-0.1391134262084961,-0.0821328908205032,0.0476828115426003,0.2554711371064186,0.070914049526304,0.1810545176267624,0.058123406022787,0.1315726339817047
1774470529106856000,191.31885595703125,-0.1002601171284914,-0.2381570324783213,0.1460854642361402,0.0956115797162056,-0.0554047301411628,0.1807927042245865,0.2033890676915645,0.0222153389394283,0.2544160750955343,0.0282413456588983,-0.1593273133039474,-0.0957565829157829,0.1542750543020665,0.1133364563226699,0.0525664919309318,0.1631780415773391,0.0655243322253227,0.1182954534888267
1774470529116882700,191.3288825683593,-0.0694587361514568,-0.2493953060577623,0.1336614514708519,0.0714341551065445,-0.062711700797081,0.1557170748710632,0.1901692283734679,0.066050973534584,0.2458288640141487,0.029750557616353,-0.1714217960834503,-0.0985118895769119,0.195679077836126,0.0263742121845483,0.0756857939727604,0.1374289244413375,0.0583211965858936,0.1120825111865997
1774470529126910000,191.3389099121094,-0.028919658883661,-0.2319270337812602,0.1397556766927242,0.0381837859749794,-0.0707195624709129,0.1388177126646042,0.2280813181385397,0.0849935744136571,0.2251817973047494,0.0286863166838884,-0.1933434903621673,-0.1022402718663215,0.1450843243695795,0.05141805254817,0.0795851394988596,0.1097211316227912,0.0484712272882461,0.111769326031208
1774470529136937000,191.3489370117188,0.0043152328506112,-0.1784948649317026,0.1393973647743463,0.0133954780176281,-0.0689029023051261,0.1246561110019683,0.3020259675323963,0.0425222139090299,0.2228045467793941,0.0230468064546585,-0.2144306600093841,-0.1094976514577865,0.1569606401242315,0.1022054059773683,0.08102978534922,0.0900021567940712,0.0321930907666683,0.1025876328349113
1774470529146963700,191.3589636230469,0.0205929984346032,-0.1238084399710409,0.1130646536439657,-0.0031249092426151,-0.068300224840641,0.1179009974002838,0.2712076354205608,-0.0494698410898447,0.220934076732397,0.0122595746070146,-0.2188216298818588,-0.1126696541905403,0.2343583525814115,0.0511614474385976,0.0785651488013565,0.0853562727570533,0.0067239520139992,0.0863242447376251
1774470529156991000,191.36899096679687,0.0059334817022085,-0.0783838374176993,0.0508919828474521,-0.0120876217260956,-0.0603369139134883,0.1075945347547531,0.2178910557746887,-0.0931400559902191,0.1833978345423936,0.0073604229837656,-0.2070616483688354,-0.1181389838457107,0.3288368175685405,-0.0497556722939014,0.0433330919004976,0.0955633819103241,-0.0170773956924676,0.0747837647795677
1774470529167018000,191.37901806640625,-0.0627186142414808,-0.0545571725578047,-0.0044026188731193,-0.010705973021686,-0.0545844882726669,0.0933519452810287,0.1537768955215811,-0.146166128256917,0.1683504875361919,0.0071565797552466,-0.1926550567150116,-0.1275467574596405,0.3636988721132278,-0.0856529151052236,-0.0247014566667377,0.1051915064454078,-0.0242056120187044,0.0660632476210594
1774470529177045000,191.389044921875,-0.1644194316975772,-0.0364962316177785,-0.0596083732664585,-0.0020593423396348,-0.053411491215229,0.0842271596193313,0.068419456231594,-0.1214513737171888,0.1742091504365205,0.0122306998819112,-0.1697516143321991,-0.1262364685535431,0.2834497157476842,0.0399900650829076,-0.0906381561718881,0.1183833330869674,-0.0090715698897838,0.0725612789392471
1774470529187071700,191.3990717773437,-0.2360474747121334,-0.0271811446532607,-0.1100643027842044,0.0093919839709997,-0.0453871190547943,0.0735694542527198,-0.0330291400291025,-0.0482820926100015,0.1686164449959993,0.0205457340925931,-0.1465900540351867,-0.1110211536288261,0.2153692822121083,0.1780383533358573,-0.1350524674378335,0.1347900032997131,0.0098901372402906,0.0860499218106269
1774470529197099000,191.40909912109376,-0.2499041506290435,0.0049073717911727,-0.1341284844607114,0.0292923655360937,-0.0320633016526699,0.0699487701058387,-0.0660778615415096,0.0179974289834499,0.148241765487194,0.0296124648302793,-0.1232524961233139,-0.0874274149537086,0.1956159494720399,0.2156324631929397,-0.1388154732331633,0.1486212313175201,0.0266463048756122,0.1076593846082687
1774470529207126000,191.4191259765625,-0.2686900996416807,0.0578351895814761,-0.1533352892339229,0.0462524406611919,-0.0185022167861461,0.0684267729520797,-0.0693384707726538,0.0703822807371616,0.0885427913278341,0.0311693083494901,-0.0992591753602027,-0.0523969531059265,0.2161515186309814,0.2465115855813026,-0.1405865745589137,0.1542503535747528,0.0259245876222848,0.1230623126029968
1774470529217152800,191.4291528320313,-0.2801195484116673,0.1239504057249985,-0.1341752462118864,0.0647049099206924,-0.007837139070034,0.0730854496359825,-0.0501645453557372,0.0920779797166585,-0.0091068510413169,0.0251028910279274,-0.0697825103998184,-0.0085687758401036,0.3020541707135736,0.2357581363767385,-0.1005959249541163,0.1580752730369568,0.0123376324772834,0.1338161379098892
1774470529227180000,191.43917993164064,-0.2631462017789483,0.1378078488268889,-0.0622936668276786,0.0783123299479484,-0.0031686178408563,0.0731930360198021,-0.031867256642878,0.084001640766859,-0.0763549254059791,0.0181448794901371,-0.0472609512507915,0.0328105874359607,0.3599183306612074,0.1828174043059349,-0.063331777703762,0.1565564721822738,-0.0129205863922834,0.1402878761291504
1774470529237207000,191.44920703125,-0.2353410800084471,0.1294180052148178,0.0123503630071878,0.09261354804039,-0.0004302733577787,0.0699216052889823,-0.0087751348689198,0.0871919612407684,-0.0655669894099235,0.0145125929266214,-0.0246405936777591,0.0651496201753616,0.3157647161580622,0.1637929703623056,-0.051107525294274,0.1508516371250152,-0.0510393641889095,0.1435453742742538
1774470529247233800,191.45923388671875,-0.2487514734625816,0.1061059022809378,0.1035457146704196,0.1005926430225372,0.0074729234911501,0.0580777302384376,0.0137827338978648,0.0673129562944173,-0.0255412684917449,0.0171396769583225,-0.0082378191873431,0.0798565298318862,0.2988229337073862,0.1293143621772527,0.0011300269432365,0.1413225829601287,-0.0923266187310218,0.1422444283962249
1774470529257260800,191.4692607421875,-0.2577767837002873,0.0749060783045366,0.167865334367752,0.1039240211248397,0.0192665942013263,0.0411503016948699,0.0513926258459687,-0.0022913258075714,0.0008808744877576,0.0206382721662521,-0.0038049875292927,0.0777696818113327,0.3487234212994575,0.0690577541351318,0.0322575711347162,0.1257495731115341,-0.1376570612192154,0.1327671855688095
1774470529267288000,191.4792880859375,-0.2774981138668954,0.078416972502321,0.2205857016861438,0.1076623052358627,0.0250065065920352,0.0296888537704944,0.1200435527458786,-0.0433837991744279,0.0639215602904558,0.0298313610255718,-0.0094384718686342,0.0628760755062103,0.3857819629751146,0.0817512314915657,0.0230634802013635,0.1135483011603355,-0.1738321036100387,0.1160870045423507
1774470529277314800,191.48931469726563,-0.2672700037106871,0.1074954386768862,0.2678004573255777,0.1068397462368011,0.0300816725939512,0.0240215174853801,0.2006795164719224,-0.1029576856493949,0.0913765534490346,0.0356016345322132,-0.0257788281887769,0.040730033069849,0.3288353562638163,0.1225087738156318,0.0168145028091967,0.1082916557788848,-0.1949768215417862,0.1020243093371391
1774470529287341800,191.499341796875,-0.2477136548474431,0.1319309196175076,0.3176923232197761,0.1058234795928001,0.0348252952098846,0.0220539756119251,0.2434669571883976,-0.15298632966578,0.0926028803735971,0.0419733338057994,-0.0433561727404594,0.0102860247716307,0.2618703366242349,0.1359749891102314,0.0120985802032053,0.1057672500610351,-0.2143092453479766,0.097919575870037
1774470529297369000,191.509369140625,-0.2586076815664768,0.145471624920424,0.3477279805213212,0.1067972034215927,0.0296826791018247,0.0192265957593917,0.23925211597234,-0.1706418133437633,0.1081780506461858,0.0445520691573619,-0.0567755736410617,-0.0203528441488742,0.1942937609575688,0.1920721393853426,0.0246280991695821,0.1177640035748481,-0.2245465666055679,0.0955712646245956
1774470529307395800,191.5193957519531,-0.2324742924004793,0.1575899875363335,0.3232294990807771,0.1067607179284095,0.0226356890052557,0.0180188529193401,0.1766051056623458,-0.1133089837938547,0.1396937173724174,0.0495790541172027,-0.0560865737497806,-0.0536380819976329,0.132554220881313,0.2413198621571063,0.0520690638028085,0.123290330171585,-0.2212756723165512,0.0915413722395896
1774470529317422800,191.5294228515625,-0.202937670662254,0.1924918078358285,0.2832341733008623,0.104017436504364,0.0121645303443074,0.0174363516271114,0.0725359516397118,-0.0563122543305158,0.1183785421431064,0.0564918220043182,-0.0416794046759605,-0.0837560296058654,0.1089173247061669,0.2346650804430246,0.0546811459973454,0.1149261742830276,-0.2205136716365814,0.083531953394413
1774470529327449900,191.5394499511719,-0.1754037670485675,0.2364100792131386,0.2440150925904512,0.1007641181349754,0.0039201825857162,0.0190912410616874,-0.0112134679317474,-0.0136883336126804,0.0401221670299768,0.0661607086658477,-0.0245905853807926,-0.1052552238106727,0.127530985891819,0.2044061357796192,0.0418462143436074,0.100033514201641,-0.2191344201564788,0.0632834061980247
1774470529337476900,191.54947680664063,-0.1248871933847665,0.2810920832382514,0.1965215200096368,0.0956970378756523,0.0014821304939687,0.0205935649573802,-0.0778954328462481,0.0331143340945243,0.0283300224274396,0.0781169682741165,-0.0128923850134015,-0.1166096106171608,0.1438379775702953,0.1094388643622398,0.0305699103087186,0.0825253799557685,-0.2198653221130371,0.0375927612185478
1774470529347503900,191.55950390625,-0.0538448413036763,0.3327291488319635,0.1432785901218652,0.090881772339344,-0.0012422832660377,0.0240628644824028,-0.1582479034557938,0.0907879399061203,0.0746913761079311,0.0894460380077362,-0.0123330503702163,-0.1196133941411972,0.1441289233408868,-0.0093336455345153,-0.0346627325803041,0.0567952468991279,-0.2241564691066742,0.0194600950926542
1774470529357531000,191.5695307617188,-0.0054039048701524,0.375431066689454,0.1040069024413824,0.086544245481491,-0.0032807979732751,0.0320897363126277,-0.1539548824369907,0.0957797568440437,0.1194365267634391,0.0996640473604202,-0.0268360916525125,-0.1126652061939239,0.1248209962807595,-0.0868143601000309,-0.0832607592716813,0.0365568213164806,-0.2421140223741531,0.0013121836818754
1774470529367558000,191.5795578613281,-0.0238490776211023,0.3795889535538852,0.0515869793742895,0.0824251323938369,-0.0054613947868347,0.0379537492990493,-0.1184776186034083,0.0318482596814632,0.1384481012254953,0.1065484285354614,-0.0508905798196792,-0.1038867086172103,0.1210521452665328,-0.0470347228974103,-0.0438239441573619,0.0292613580822944,-0.2559821605682373,-0.0181760303676128
1774470529377585000,191.5895849609375,-0.015035656568408,0.3652404024668038,-0.0212742586970329,0.0793041661381721,0.0007719621062278,0.0416214689612388,-0.1077881745457649,-0.0517886394262313,0.1472486627966165,0.102431982755661,-0.0701548233628273,-0.0992352366447448,0.1083423012971878,-0.0672854837656021,-0.0082395666874945,0.0290747135877609,-0.2543659508228302,-0.0344912484288215
1774470529387612000,191.59961181640625,-0.0124378951601684,0.3097531277183443,-0.0972679495751857,0.0733906105160713,0.0088900756090879,0.0386704206466674,-0.084761665353924,-0.1620195309489965,0.1333569155663251,0.0927495062351226,-0.0808345600962638,-0.0928055718541145,0.0328035145796835,-0.0587993949711322,-0.0253380010046064,0.0276890695095062,-0.2426690906286239,-0.0405320972204208
1774470529397639000,191.60963891601563,-0.0522843139886856,0.24964023899585,-0.1260299336791038,0.0701571553945541,0.0131318867206573,0.0302300304174423,-0.0725201695486903,-0.2438730537712574,0.1013438207119703,0.0829269737005233,-0.0810825005173683,-0.0935307517647743,-0.0082965575717389,0.013344050219655,-0.0773784232348203,0.0203638635575771,-0.2208072990179062,-0.051502376794815
1774470529407666000,191.619666015625,-0.1115221003770828,0.1686617271761409,-0.1478945594847202,0.059832613915205,0.0204499885439872,0.0150231122970581,-0.0849780845835804,-0.3053156567275524,0.0931909093946218,0.0791368186473846,-0.0806821435689926,-0.0986238047480583,0.0159505794562399,0.0461526793658733,-0.1273762337215244,0.010229735635221,-0.2064464688301086,-0.0617915019392967
1774470529417692000,191.62969189453125,-0.1627326476544141,0.086248798639141,-0.1517173326432704,0.0509078167378902,0.0323840975761413,-0.0100478436797857,-0.0979728829741477,-0.2975163811534643,0.0829798965036869,0.0809432417154312,-0.0774645134806633,-0.1010744497179985,0.0352538303412497,0.0857967074900865,-0.1607712844535708,0.0030384163837879,-0.2039333134889602,-0.0628506764769554
1774470529427719000,191.63971899414065,-0.1667427600786089,-0.0017069226488936,-0.0976864672482013,0.0404711551964283,0.0354464650154113,-0.03675402328372,-0.1276721479281783,-0.2559416772276163,0.0876058027386665,0.0861309021711349,-0.0744822472333908,-0.1026868149638176,0.0107259766757488,0.1573129606932401,-0.1424047298967838,-1.64957018569e-05,-0.1933874636888504,-0.0560209974646568
1774470529437746000,191.6497458496094,-0.1480991421461105,-0.0250776056359056,-0.0427379024863243,0.0345358215272426,0.0424406789243221,-0.0539670437574386,-0.1598246512532234,-0.2228741048842668,0.0404091672778129,0.0906526818871498,-0.0771733745932579,-0.095852605998516,0.0014776713371276,0.2449351300448179,-0.1039464044257998,0.0034042941406369,-0.17499440908432,-0.0436796806752681
1774470529447773000,191.6597729492188,-0.1562074836693704,-0.0063254036292433,0.0017611644536256,0.0294702239334583,0.0460918731987476,-0.0743173211812973,-0.1867437839694321,-0.1805523819833993,-0.0056891515523195,0.0865287631750106,-0.0787509232759475,-0.0835045874118805,-0.033721067816019,0.3360667688220739,-0.0467762180916965,0.0070091485977172,-0.1620674282312393,-0.0190979037433862
1774470529457800000,191.6698000488281,-0.167369367544353,0.0259561055034864,0.0634445904284715,0.0202157329767942,0.0560983903706073,-0.0932821631431579,-0.1803527677580714,-0.1598433559536933,-0.0508873066723346,0.0798061415553093,-0.0818708166480064,-0.068131223320961,-0.0903308437883853,0.3799672853469848,0.0268397838696837,0.0219484865665435,-0.1413629949092865,0.0147845381870865
1774470529467827000,191.67982690429687,-0.1801208586983382,0.0246764592227991,0.1431400584340095,0.0158681217581033,0.0520059131085872,-0.1071111634373664,-0.1727585132367909,-0.1773240675866603,-0.0936912601321935,0.0681682676076889,-0.0773987844586372,-0.0571357086300849,-0.1853952919699251,0.44152153198421,0.0084925185352563,0.026050554588437,-0.1091427356004715,0.0491824597120285
1774470529477853700,191.6898537597656,-0.194407158204168,0.0523847512890119,0.2016997994303703,0.0114070698618888,0.0459272414445877,-0.1161799877882003,-0.1586266736403107,-0.2049590934872627,-0.1152338143765926,0.0574666187167167,-0.0641753897070884,-0.0493773892521858,-0.0465408019006252,0.3980085534721613,-0.0533431753918528,0.0160052962601184,-0.0913658738136291,0.0562103986740112
1774470529487881000,191.699880859375,-0.2409842004619538,0.0733784029463771,0.2608054838716984,0.0066245654597878,0.0404914617538452,-0.1294372081756591,-0.1453257319100201,-0.19192776247859,-0.0990039795875549,0.0564284063875675,-0.0466962717473506,-0.0475444681942462,0.1743535273432731,0.0697445673555135,-0.0323678996413946,0.0137085858732461,-0.1240314096212387,0.0312464572489261
1774470529497908000,191.7099079589844,-0.2716121245682239,0.0767775712648406,0.2936158665835857,-0.00321850576438,0.0323674008250236,-0.1456778943538665,-0.150192607294023,-0.1685474714130163,-0.0456651881098747,0.0574699714779853,-0.0304563120007514,-0.0438171103596687,0.2060753841660916,-0.1237526363968849,0.0693394936859607,0.0077123371884226,-0.1769347488880157,0.0145129337906837
1774470529507934700,191.71993481445315,-0.3207408971354365,0.0802451743101701,0.3053752779603004,-0.0198518112301826,0.0325831174850463,-0.1562554389238357,-0.128594961861521,-0.1754103429198265,-0.0343137730121612,0.0616191327571868,-0.0243616048246622,-0.0444953925907611,0.1851249505959451,-0.0065250178545713,0.1263913143374025,0.0129055008292198,-0.2315077185630798,0.0007252164650708
1774470529517962000,191.7299619140625,-0.3512823120020329,0.0556292131029535,0.2684820098489522,-0.0293024331331253,0.034760944545269,-0.1704075038433075,-0.1106955864250659,-0.2092202580630779,-0.0206318691402673,0.0609685182571411,-0.023042008280754,-0.0436011031270027,0.216192289032787,0.0967430489182472,0.1879512600630521,0.0237712375819683,-0.2616430521011352,-0.0175557136535644
1774470529527989000,191.73998901367187,-0.4030551693372428,0.0081938278496265,0.2087614083796739,-0.0321426950395107,0.0248380061239004,-0.187947615981102,-0.113593645954132,-0.2421428689777851,-0.0476595767974853,0.0564085207879543,-0.0168400965631008,-0.0384016670286655,0.1775390255115926,0.1012672483444213,0.1817873306058347,0.0351764895021915,-0.260534405708313,-0.0241683423519134
1774470529538015700,191.750015625,-0.4354515644207596,-0.0397508494995534,0.1665279482841491,-0.0323316678404808,0.0120897926390171,-0.205795556306839,-0.1583050404705107,-0.2419330256193876,-0.0629728812634944,0.0497692599892616,-0.0109209539368748,-0.0291152261197567,0.0929448256790637,0.085986092582345,0.1066442652076482,0.0433697216212749,-0.2517559826374054,-0.0316154062747955
1774470529548042800,191.7600427246093,-0.4313162181816994,-0.0412990744553972,0.1185685117572546,-0.0317793264985084,-0.0052881324663758,-0.225351944565773,-0.1559688526079058,-0.1966512838691473,-0.062149289920926,0.0458795689046382,-0.0025317864492535,-0.0173412449657917,0.0888658858023583,0.03470774076581,0.0736148329176008,0.0519602783024311,-0.2164928168058395,-0.0287306699901819
1774470529558070000,191.7700700683594,-0.4213134412139654,-0.0405533706546295,0.112761871305108,-0.0291012078523635,-0.024680882692337,-0.2375764548778534,-0.13156681727916,-0.1590554204463958,-0.0764233144670724,0.0395558960735797,0.009538191370666,-0.0090670697391033,0.1166132860362529,0.0399713603824377,0.0041455753721296,0.0528250969946384,-0.1519570499658584,-0.0193836968392133
1774470529568096800,191.7800966796875,-0.3977992946356535,-0.0027373434088658,0.1064975502133369,-0.0215173233300447,-0.0442356765270233,-0.2406800985336303,-0.1424947462677955,-0.1550637204617261,-0.0935620807945728,0.0301749520003795,0.0301099382340908,-0.0047637084499001,0.0977821827076375,0.0834708948910236,-0.0777887576013803,0.0424627363681793,-0.0693223550915718,-0.0121891666203737
1774470529578123800,191.7901237792969,-0.3712408119253814,0.0153336257348302,0.1136830778032541,-0.0202708728611469,-0.0564070865511894,-0.2458082437515258,-0.155123633955419,-0.1760685145676136,-0.1057932013362646,0.024481114000082,0.0505731329321861,0.002949072048068,0.1312485451102256,0.0131429746896028,-0.1389500593982637,0.0094181364402174,-0.0073988935910165,-0.0272674951702356
1774470529588151000,191.80015112304687,-0.3402688966870307,0.0687576112779323,0.1384293965250253,-0.0111290402710437,-0.0645006969571113,-0.2457496523857116,-0.18623013535887,-0.1356260295420885,-0.0282189632683992,0.0230286698788404,0.0634464845061302,0.01398357283324,0.2048446733273565,-0.2086491801768541,-0.0576454026304185,-0.0176180079579353,-0.0024161192122846,-0.0572741329669952
1774470529598177800,191.810177734375,-0.3168602563098073,0.1222619777140207,0.1610603305280208,-0.0130421640351414,-0.0670591741800308,-0.2523774206638336,-0.1890264880791306,-0.0972036521673202,0.0203226570606231,0.0206307582557201,0.0688329935073852,0.0263393074274063,0.1820319530166685,-0.3111509387522935,0.1963885412797331,-0.006650754250586,-0.0204846002161502,-0.0599329210817813
1774470529608204800,191.8202048339844,-0.2956213611871004,0.1785919138316996,0.1881944211691618,-0.0086972173303365,-0.0662168115377426,-0.25088632106781,-0.1531084947407245,-0.0744885470122098,0.0490209282785654,0.0192465037107467,0.0665320232510566,0.0376422330737113,0.0209035256884992,0.0190057292431592,0.3908905381605029,0.0163768008351326,-0.0201772712171077,-0.0303143057972192
1774470529618231800,191.83023168945311,-0.2429623686671257,0.2247122070316225,0.2162970645815134,-0.0121452119201421,-0.0611125938594341,-0.2519547939300537,-0.1198277180381119,-0.056502223944664,0.0823766699135303,0.0135012660175561,0.0706402137875557,0.0475957989692688,0.0808674343943595,0.2246633263885974,0.4226696781285107,0.0335504636168479,-0.0342432893812656,-0.0342549830675125
1774470529628258800,191.8402587890625,-0.1767053511664271,0.2670021100221201,0.2426771219849586,-0.0083928173407912,-0.0602942071855068,-0.2405982613563537,-0.0916094854220748,-0.0266144506812095,0.0891775821000337,0.0105373505502939,0.0741177201271057,0.0572418496012687,0.1212171265698969,0.0629594372600317,0.4062276618935168,0.0415015965700149,-0.039411686360836,-0.0293521080166101
1774470529638285800,191.85028588867183,-0.122646428720653,0.3065297817576676,0.2279202823579311,-0.0090957712382078,-0.0616313144564628,-0.2288531064987182,-0.0680420012213289,-0.0116986211001873,0.0748223090112209,0.0054616322740912,0.0819857642054557,0.0616200864315032,0.0900270385362207,-0.0186456637591123,0.2824519368819892,0.0264450814574956,-0.0579985789954662,-0.035303309559822
1774470529648312800,191.86031274414063,-0.1023749173253774,0.3271758255537599,0.2077987008273601,-0.0044805132783949,-0.0625279992818832,-0.2128592282533645,-0.0584437134012579,0.004804185411334,0.0649462271630764,0.0070092789828777,0.089891143143177,0.0667095705866813,0.1315608259297907,-0.1315010585665702,0.1714103134982287,0.0077765891328454,-0.0731714069843292,-0.0361390113830566
1774470529658340000,191.8703400878906,-0.0688198537260293,0.3353239145655184,0.1715560055792331,0.0014525504084303,-0.0642069205641746,-0.1959267109632492,-0.0596928366795182,0.0083978259891271,0.0978413655489683,0.0100098624825477,0.1005355268716812,0.0700286701321601,0.1896281072340905,-0.0946972223043441,0.15500059209764,-0.0103804124519228,-0.0800412148237228,-0.0431400127708911
1774470529668366800,191.8803669433593,-0.0210170690655708,0.326168365544267,0.1127034191161394,0.0045841615647077,-0.0615381635725498,-0.1753135770559311,-0.0929825273409485,-0.0103869539797306,0.0507657261192798,0.0121071022003889,0.1106510162353515,0.0737770646810531,0.2412627251423895,-0.0474152466475963,0.2234502973370254,-0.0082669276744127,-0.0650881081819534,-0.0506959334015846
1774470529678393900,191.8903937988281,-0.0233661164097487,0.3371025050779804,0.0591992079436778,0.0055782459676265,-0.0622797906398773,-0.1635811626911163,-0.0943336496889591,0.0164040223121643,0.0278232419490814,0.0124469213187694,0.1210703626275062,0.081751637160778,0.1125672255158424,7.42342799901e-05,0.2265004786878824,-0.0061061861924827,-0.0327192544937133,-0.0498912408947944
1774470529688420900,191.9004208984375,-0.0436887734703719,0.3446722462125122,0.0276543151229619,0.0058381706476211,-0.0592927932739257,-0.1477966010570526,-0.0832324099600315,0.0579068300455808,0.0148299048632383,0.011819452047348,0.1273290663957595,0.0902881696820259,0.0497780302561819,0.0325531930804252,0.1614779714182019,-0.0078819822520017,0.006824692711234,-0.0455790534615516
1774470529698448000,191.91044775390623,-0.0380170114442706,0.3606627923529595,0.0219271696478128,0.003423941321671,-0.0553957298398017,-0.1340521723031997,-0.0898562120139598,0.0522433974564075,-0.0290127439945936,0.0063631674274802,0.1268212050199508,0.1040785461664199,0.090661683177948,0.0446592259377241,0.1371023857049643,-0.0063441931270062,0.0356656834483146,-0.0450874529778957
1774470529708475000,191.92047485351563,-0.0293970671370625,0.3555783652281388,0.0171820209473371,0.0017115287482738,-0.0542982406914234,-0.1207616701722145,-0.0784390382036566,-0.0164706578075885,-0.1425654734164476,-0.0037232211325317,0.1351850628852844,0.1128104627132415,0.1040088021375238,0.0545037436038255,0.1200162263475358,-0.0050874473527073,0.0632973089814186,-0.0418756827712059
1774470529718502000,191.930501953125,-0.0357031815439462,0.3433757401285693,0.0058387891560792,0.0064832158386707,-0.0494896098971366,-0.1140533462166786,-0.0537234068810939,-0.0719055447816848,-0.2305027000665664,-0.0125864874571561,0.1468731462955474,0.1211035400629043,0.0701249449752271,0.0872854847431182,0.1068318967342376,-0.0141611034050583,0.090787261724472,-0.0427020601928234
1774470529728528000,191.94052783203125,-0.0477536848217248,0.3129625912841409,0.0025578677892684,0.0056978496722877,-0.0458749011158943,-0.1031090840697288,-0.0063560910284519,-0.0941144539803266,-0.1999292826265096,-0.0157215166836977,0.1516147404909134,0.125137910246849,0.1407059631548821,0.0155810154914855,0.0793332105644047,-0.0232366230338811,0.0972941592335701,-0.0579220280051231
1774470529738555000,191.95055493164065,-0.0763242380067706,0.2778697419245727,0.0140314479619264,0.0070321834646165,-0.0434588529169559,-0.100600354373455,0.020951310352981,-0.1260515609890222,-0.1240314533382654,-0.01422322075814,0.1455946713685989,0.1225828751921653,0.1937023709356784,0.0120481651902198,0.1019276119492948,-0.0284409429877996,0.1013955250382423,-0.069004863500595
1774470529748582000,191.96058178710936,-0.0998451065868139,0.247925726695545,0.0476928945451974,0.0105981566011905,-0.0492506958544254,-0.0945837423205375,0.0506182804726064,-0.1694873826116323,-0.0594710106223821,-0.0111498916521668,0.1340377777814865,0.1172165647149086,0.2061350053988397,0.0728162298858165,0.1327842302449047,-0.029650816693902,0.0905468761920929,-0.081150472164154
1774470529758609000,191.9706088867188,-0.10085019197613,0.2224756436185911,0.0829722977191209,0.0089432327076792,-0.0534058846533298,-0.0838556140661239,0.0749932816639542,-0.1964940474808216,-0.0490513234168291,-0.0063412878662347,0.1247148513793945,0.1051625683903694,0.1630346993409097,0.2131897462159395,0.141466280002892,-0.0133049087598919,0.1013547927141189,-0.0714568421244621
1774470529768636000,191.9806359863281,-0.086578067126125,0.2079944060625508,0.1051817914396524,0.0166139360517263,-0.0567806437611579,-0.0731142833828926,0.1121253269672393,-0.210143218126893,-0.0613186843156814,-0.0036755197215825,0.1194369494915008,0.0927642732858657,0.0584543809257447,0.3711047644555568,0.0900007350511848,-0.017219491302967,0.1533032208681106,-0.048733152449131
1774470529778663000,191.99066284179688,-0.0739496178299188,0.2223208549156785,0.0936398222059011,0.0176145136356353,-0.0599856749176979,-0.0595095865428447,0.1609048477053642,-0.1976367877751588,-0.0632148733258247,-0.0010152882896363,0.1125548034906387,0.0787168890237808,0.07258592826128,0.2341764201432466,-0.0531989446155726,-0.0326439850032329,0.2082125395536422,-0.0469866544008255
1774470529788690000,192.00068994140625,-0.0621772008411586,0.2109481595679186,0.1089385136246681,0.0176320895552635,-0.0635375306010246,-0.0422235392034053,0.1796899199351668,-0.161457220891118,-0.0646978053599596,0.0004831745754927,0.1010868027806282,0.0657330229878425,0.0492309177674353,0.2084521963000297,-0.1667692096941173,-0.0742004811763763,0.2471796423196792,-0.0482697635889053
1774470529798716700,192.0107165527344,-0.0622866525650024,0.1879362268907018,0.1128735149860382,0.0208118017762899,-0.062468834221363,-0.0325448997318744,0.1907727472245693,-0.1123088668406009,-0.0504489152550697,0.0030541901942342,0.0820726305246353,0.0519988350570201,0.0897298091553151,0.0575812513530254,-0.1450683961480856,-0.0792930051684379,0.2559103965759277,-0.0554219149053096
1774470529808744000,192.0207438964844,-0.0588885345593094,0.1756061577528715,0.1022737950384616,0.0224022418260574,-0.0596421509981155,-0.0244515500962734,0.1979673349037766,-0.0796276634663343,-0.0246703308761119,0.0027301253285259,0.06282240152359,0.0408092550933361,0.119312754253298,0.0976981576859951,0.0062548226110637,-0.0884675979614257,0.258762389421463,-0.0522000230848789
1774470529818771000,192.0307709960937,-0.046725803078711,0.1512679723074194,0.0688350512951612,0.023153867572546,-0.0539845488965511,-0.0188790652900934,0.189861185337603,-0.0430634811788797,0.0148141227722167,0.0006770945619791,0.0412827543914318,0.0311236046254634,0.1393570327639579,0.1521709216296672,0.0515668133690953,-0.0754183381795883,0.2486833781003952,-0.0490007624030113
1774470529828797700,192.0407976074219,-0.023913082768023,0.1335898840719833,0.039139001211524,0.0251440480351448,-0.0442941039800643,-0.0195403285324573,0.1859387511968612,-0.0565185905575752,0.013754384586215,-0.0070985411293804,0.0253395177423954,0.0186102259904146,0.0944238121904432,0.1502156959086656,0.1383604229420423,-0.0521316528320312,0.2458790689706802,-0.0243516117334365
1774470529838825000,192.05082495117188,-0.0277636207163333,0.1359165095217991,0.0106996731907129,0.0246166978031396,-0.0396438650786876,-0.0206978432834148,0.1876268504142761,-0.0873240631878376,0.0277285494029521,-0.0113830342888832,0.0155409500002861,0.0062382463365793,0.1194480710707604,0.1666927834570407,0.0517005227513611,-0.0535668693482875,0.2093080282211303,-0.0351001322269439
1774470529848852000,192.06085205078125,-0.0354296252995729,0.1390079818642698,-0.0089659812659025,0.0251951366662979,-0.0389184206724166,-0.0174192264676094,0.2013056855462491,-0.0953600701272487,0.0248719909280538,-0.0154004655778408,0.0114841060712933,-0.0055182306095957,0.2077287043310701,-0.102989249831438,0.0870486072473227,-0.0405948795378208,0.182322472333908,-0.0321562737226486
1774470529858879000,192.07087890625,-0.0359241308182477,0.1467389414425008,-0.0144143097996711,0.0228011906147003,-0.039445761591196,-0.0143012423068284,0.1885537560008466,-0.0642062224507331,0.0383545728355646,-0.0155687779188156,0.0101152407005429,-0.0156478304415941,0.1194761281214654,-0.117016021618247,0.0574162700496613,-0.0344103127717971,0.1771847605705261,-0.0209879167377948
1774470529868905700,192.08090576171875,-0.0521244472518563,0.1579905859601683,-0.0263818109691143,0.0153627162799239,-0.0407552383840084,0.0018202038481831,0.1403539348468184,-0.0398182156473398,0.0454267031788825,-0.0111631089821457,0.0074411169625818,-0.0220362357795238,0.1078933884859085,-0.0853320125877857,-0.0659080579325556,-0.0405741967260837,0.1611794233322143,-0.0325271300971508
1774470529878933000,192.0909331054688,-0.0574044334813952,0.1730617157007567,-0.0517816251635551,0.0107410037890076,-0.0446191653609275,0.0120383994653821,0.0935021673008799,-0.003414776879549,0.0205576348602771,-0.0041595282964408,-0.0047183441929519,-0.0243574474006891,0.2334311547338962,-0.2346469602644443,-0.0435610554374754,-0.0393346510827541,0.1293715089559555,-0.0485828816890716
1774470529888960000,192.1009599609375,-0.0722799310520291,0.19366686123088,-0.0814139623612165,0.005345971789211,-0.0504211261868476,0.0238122344017028,0.0343792394638061,0.0329810631036758,-0.0275941093683242,-0.0039334273897111,-0.0181781817227602,-0.0216194372624158,0.153836809015274,-0.2211860056668519,0.0211485864907503,-0.0370677672326564,0.1065114587545394,-0.0436158180236816
1774470529898986800,192.11098681640624,-0.0686997344776988,0.200936559972912,-0.0886608647495508,0.0047570178285241,-0.0547099933028221,0.0317337810993194,-0.008345803540945,0.0343809930294752,-0.0557072741746902,-0.0047419629991054,-0.0280028507113456,-0.0175384078174829,0.0712402127407491,-0.0425076008617877,0.007677256629616,-0.027466969564557,0.0812726467847824,-0.0364085547626018
1774470529909014000,192.1210139160156,-0.0784340697675943,0.1948563267437741,-0.047475452402234,0.0045058820396661,-0.057821899652481,0.0415973290801048,-0.0265174200475215,0.0202606977403163,-0.0561497572451829,-0.006422447040677,-0.0336215868592262,-0.0113135026767849,0.0865456261612474,-0.0078296707123517,-0.0004543196387588,-0.0129130613058805,0.0604845434427261,-0.0260456632822752
1774470529919041000,192.131041015625,-0.083257544401288,0.1868112049161456,-0.0029606033712625,0.0047280001454055,-0.05795319378376,0.0483812429010868,-0.0261997324004769,-0.0093704704135656,-0.0487584779500961,-0.0058565256185829,-0.0365137793123722,-0.0061773299239575,0.1314578039467334,-0.0285667537927627,-0.0187998314075171,-0.0032464563846588,0.048911303281784,-0.0203794743865728
1774470529929067800,192.14106787109367,-0.0927574864134192,0.1550583136342465,0.0659153644561767,0.0079413698986172,-0.0574501231312751,0.0490848496556282,-0.0104302085995674,-0.0101695118367671,-0.027118893072009,-0.0037543771322816,-0.0260510109364986,-0.0039806184358894,0.1643232778467238,-0.1232791736662387,-0.059571840648353,-0.0025066304951906,0.0453610457479953,-0.0239036362618207
1774470529939094800,192.1510947265625,-0.099309684535861,0.0984719094043131,0.1273842708975076,0.0142043260857462,-0.0595955625176429,0.0510601177811622,-0.0685886753186583,-0.0082347443819046,-0.0254302093327045,-0.0031530354171991,-0.0131192347034811,0.0001901581417769,0.1958757694520056,-0.1705716707170009,-0.1413444071888923,-0.013943095691502,0.0435705408453941,-0.0330088138580322
1774470529949122000,192.1611220703125,-0.0734209177806973,0.0449856083478778,0.1816390081763267,0.0138818174600601,-0.060210220515728,0.0502076372504234,-0.1210442542210221,-0.0198415955454111,-0.078425301939249,-0.0023962219711393,0.0020400057546794,0.0100220814347267,0.2486870299242436,-0.068115504848957,-0.2147076034329831,-0.0272844657301902,0.0460403561592102,-0.0521382987499237
1774470529959148800,192.17114868164063,-0.0536975417874753,0.0044269119225151,0.2119552359849214,0.0151698477566242,-0.06110754981637,0.047655988484621,-0.1630887676157057,0.0185778592199087,-0.0944914705991745,0.0010286029428243,0.0141403442248702,0.0255371257662773,0.2238359356537461,-0.032516368201375,-0.2192297570325434,-0.0370082445442676,0.0613618977367877,-0.0631292834877967
1774470529969175800,192.18117578125,-0.0696089582771062,-0.0096430699600023,0.2213900038063526,0.0168337915092706,-0.0643179938197135,0.0462461113929748,-0.1730637797936797,0.0637970571279525,-0.0867272663384676,0.0014436645433306,0.0223839487880468,0.0391704998910427,0.1022154889799654,0.0422574254930019,-0.2034454740539193,-0.0440818667411804,0.0963425189256668,-0.0493274517357349
1774470529979203000,192.191203125,-0.0734893068417906,-0.0110694689092633,0.2130506300061941,0.0170192047953605,-0.077396921813488,0.0485047213733196,-0.1132530158229172,0.0837690010547637,-0.029562194570899,0.0038245301693677,0.026092667132616,0.0500774756073951,0.0258652397491037,0.1439589736014604,-0.2086344209991395,-0.0515588633716106,0.1275941431522369,-0.0388466343283653
1774470529989229800,192.2012297363281,-0.0990143548510968,0.0059913128366693,0.1539022754669189,0.0107051162049174,-0.0873124003410339,0.0447536557912826,-0.0546013587594032,0.0699666856735944,-0.0138432319134473,0.0042653097771108,0.0265023093670606,0.0547915212810039,0.0488837117649614,0.1380664084315299,-0.2069324393868446,-0.063482366502285,0.1399935483932495,-0.0377701818943023
1774470529999256800,192.2112568359375,-0.1165536648035049,0.0387000937710283,0.0997229415118694,0.0090641276910901,-0.0925000309944152,0.0446240082383155,0.028085107755661,0.0213935011625289,-0.0088701196759939,0.001712935976684,0.0267033781856298,0.0525701791048049,0.1726619209945201,0.0105938747286796,-0.168217801067233,-0.0625115260481834,0.1056996062397956,-0.0643468052148819
1774470530009283800,192.2212839355469,-0.1377605573527514,0.0629919649898773,0.0500239678412675,0.0051511451601982,-0.1024064570665359,0.0423946753144264,0.0880792654693126,-0.0363373877942562,-0.0142705174148082,-0.0026843473315238,0.0264835655689239,0.0451398193836212,0.1604253936253488,-0.1328226625591516,-0.0493725181952118,-0.0567037016153335,0.0827633962035179,-0.0565075278282165
1774470530019310800,192.23131079101563,-0.1486795723825693,0.0819652213021181,0.0152361475765705,0.0038786903023719,-0.1037045270204544,0.0373302474617958,0.0951332756340503,-0.0598486117631196,0.0107622170329093,-0.007249005138874,0.0237466339021921,0.0349380485713481,0.1019641445674002,-0.0417395390987396,-0.0201239196181297,-0.0498274713754653,0.0516040213406086,-0.0515747293829917
1774470530029337900,192.241337890625,-0.1501950915120542,0.1046838518548756,0.0042687633603811,-0.0012750591849908,-0.1072001904249191,0.0368103981018066,0.0821311707198619,-0.0763520027965307,0.0019523031115531,-0.0095927575603127,0.0155536271631717,0.0233140625059604,0.1441384218215942,0.0150163673460483,-0.0180982590094208,-0.0416422449052333,0.0145229641348123,-0.0472239218652248
1774470530039363800,192.25136376953125,-0.1314618955999612,0.1168042968300171,0.0236889186233282,-0.0009817071259021,-0.1068359762430191,0.040212295949459,0.0864785522744059,-0.0484779074430465,-0.0041921909928321,-0.0122804194688797,0.0069894352927803,0.0127309272065758,0.1423921626761555,0.0664905339956283,-0.025781799249351,-0.0269047990441322,-0.0049918186850845,-0.0396412909030914
1774470530049390800,192.26139086914063,-0.1376058051824569,0.1176095670646056,0.0467301869928836,-0.0012373705394566,-0.1092639863491058,0.0440850667655468,0.0915957491576671,-0.033191490983963,-0.0289583834588527,-0.0172859970480203,-0.0001311618252657,-0.000184976379387,0.0866902953289449,0.1267676003038883,-0.0948765243940055,-0.0219598431140184,0.0044062100350856,-0.0232695061713457
1774470530059417900,192.27141796875,-0.1696326363012194,0.1179554761591367,0.0659323155909776,-0.0010249983752146,-0.1119102463126182,0.0476358383893966,0.0664534168556332,-0.0224830499649047,-0.0858288561940193,-0.019591761752963,-0.0019836565479636,-0.0143862823024392,0.1007563762128353,0.1129927574515342,-0.1748721443898975,-0.0132811712101101,0.0103965150192379,-0.0215210076421499
1774470530069444900,192.2814448242188,-0.1648787197723984,0.1096571376222651,0.0760001206189393,0.0008938090759329,-0.1085554659366607,0.0507022030651569,0.0406242713332176,-0.00216331551373,-0.1372463242202997,-0.0200802870094776,0.0011717596789821,-0.028791481629014,0.1431938344478607,0.0481546668380498,-0.1739624821990728,-0.004604591988027,0.0193412750959396,-0.0184266809374094
1774470530079471900,192.2914719238281,-0.1334244278445839,0.1056141367086209,0.0858282716721296,0.0046082488261163,-0.1068834215402603,0.0488854199647903,0.0030007892511785,0.0334457580059766,-0.1216717384696006,-0.0157244186848402,0.0005712169222533,-0.0388534367084503,0.1101426287174224,0.0466010076552629,-0.1335525842688977,0.0029763616621494,0.0228505786508321,-0.0141279827803373
1774470530089499100,192.3014990234375,-0.0881960237167775,0.102737457894301,0.0955798503577709,0.0084032537415623,-0.0998505502939224,0.0548213422298431,-0.0292439224019646,0.0658744479238987,-0.0602402414292097,-0.0101763382554054,0.0001466573448851,-0.0491568595170974,0.0802981100738048,0.0804646988123655,-0.0896609817028045,0.005099699832499,0.0233150348067283,-0.001609792932868
1774470530099526100,192.3115261230469,-0.0683422993421554,0.1095875338516198,0.106109427678585,0.0066858632490038,-0.0955386385321617,0.0587724968791008,-0.0284589095041155,0.0756926621049642,-0.0031786300361156,-0.0026539741083979,-0.0089941099286079,-0.0577655285596847,0.1086520978987216,0.0969885481119155,-0.0605693272531032,0.0054526622407138,0.0232107192277908,0.0098176095634698
1774470530109553200,192.32155322265623,-0.0744984838843345,0.0888736946494784,0.1126093110918998,0.0059638801030814,-0.0906964763998985,0.0614769384264946,-0.0093123104855418,0.0617541531234979,0.0014361702829599,0.0036781532689929,-0.0223457626998424,-0.064117357134819,0.1480513574816286,0.1242915655791759,-0.00918970701918,0.0054276287555694,0.0240679942071437,0.0172132067382335
1774470530119580000,192.3315798339844,-0.066570467364043,0.0500998323893407,0.0743780723750591,0.0105659244582057,-0.0819974988698959,0.0586021430790424,0.0187266200408339,0.0483469745397567,-0.0073608841568231,0.0066278702579438,-0.0266038905829191,-0.0719041749835014,0.1320375035308301,0.1456003110677003,0.0006843290023505,0.0054620089940726,0.0312307327985763,0.0276191513985395
1774470530129607200,192.3416071777344,-0.0509933973953127,-0.0014057865611393,0.0269084651917219,0.0109134670346975,-0.065682977437973,0.054267045110464,0.0309396204039454,0.023245266509056,-0.0201893860697746,0.007104983087629,-0.0294127147644758,-0.0824882686138153,0.0873277164496481,0.1503647489905357,-0.0002454991936683,-0.0008528786711394,0.0507599599659442,0.037814799696207
1774470530139634200,192.3516342773437,-0.0426242129787802,-0.0353659991785651,-0.0296685775548219,0.0158738438040018,-0.0531198605895042,0.0515432246029377,0.0465384638130664,-0.0162485394895076,-0.0408756157457828,0.0067505170591175,-0.0282217487692832,-0.0936565026640892,0.1160674887217581,0.0962134720861911,-0.0474520715266466,-0.0106110395863652,0.0533433444797992,0.0232326593250036
1774470530149661200,192.3616611328125,-0.0633994361124932,-0.0410606854225276,-0.0527115994900465,0.0127110732719302,-0.050900649279356,0.0459266155958175,0.0504056606352329,-0.0330810163468122,-0.0348071094870567,0.0073066838085651,-0.0316793918609619,-0.1021968275308609,0.1244270285271108,-0.0309182853549718,-0.0359288069933652,-0.0254911854863166,0.0343946889042854,0.0032219325657933
1774470530159688200,192.3716882324219,-0.0947393078804016,-0.0372409536044346,-0.0691553692907094,0.0155957723036408,-0.0558345541357994,0.0409000068902969,0.0707578360512852,-0.0396492888212203,-0.0564829347223043,0.0079823276028037,-0.0313222594559192,-0.1117450520396232,0.059539253553003,-0.074033204460144,0.0094267306454479,-0.0354024395346641,0.0136359650641679,0.0011905627325177
1774470530169715200,192.38171508789063,-0.1129207151286303,-0.0197562188168987,-0.0666530310809612,0.0127997193485498,-0.0601187795400619,0.0397631004452705,0.0379096055470406,-0.0622965894371271,-0.1071434469014406,0.0066414400935173,-0.0307247564196586,-0.1155547052621841,-0.008575228382647,-0.023694763842225,0.0761839527532458,-0.0381401665508747,-0.0003730617463588,-0.0073278243653476
1774470530179742200,192.3917421875,-0.120307756640017,0.0021613176361774,-0.0487163923740386,0.0146042499691247,-0.0608477778732776,0.0357191488146781,0.001415419755876,-0.0616062690854072,-0.1304039109796285,0.0045639080926775,-0.0357655882835388,-0.1182684674859047,-0.0013118132509291,0.0317395386099815,0.1079211532756686,-0.0363356173038482,-0.0099876020103693,-0.0012428564950823
1774470530189769000,192.4017690429688,-0.0823535812988877,0.0303527764097205,-0.0335369434207677,0.0113381491973996,-0.0529717430472373,0.0335747711360454,-0.0385173621818423,-0.0211404031842947,-0.0693868399590253,0.0042689554393291,-0.0435003079473972,-0.116694152355194,-0.0192880533158779,0.0875999575197696,0.0919429551601409,-0.0284662451595067,-0.0137967206537723,0.0083096362650394
1774470530199796200,192.4117961425781,-0.0551455486387014,0.055103463062644,-0.0236065010368824,0.0106434570625424,-0.0443187020719051,0.0303397607058286,-0.0560077184259891,0.0099327804714441,-0.0480856932550668,0.0045192930847406,-0.0463962294161319,-0.111355036497116,-0.0659714785575866,0.1071387707263231,0.0223192377053201,-0.031629629433155,-0.0067303930409252,0.0200603902339935
1774470530209823200,192.4218232421875,-0.031424335180968,0.0767786581102293,0.0221796831041574,0.0089928302913904,-0.0347957722842693,0.0303826387971639,-0.0888897050693631,-0.0045557636082172,-0.0673889441400766,0.0028796666301786,-0.0456251502037048,-0.1084767654538154,-0.0943605376958847,0.1156049857765436,-0.0741864953257143,-0.037921879440546,0.004141429439187,0.0301013067364692
1774470530219850000,192.43185009765625,-0.0525794975429773,0.0869968587937764,0.0741869337171316,0.008361873216927,-0.0361238457262516,0.0285915955901145,-0.1094891332447528,-0.0054617725372314,-0.0958861398279666,0.003533739130944,-0.0331458412110805,-0.1012803688645362,-0.0967231751739978,0.1141921963691711,-0.1316667705222964,-0.0540549308061599,0.0015925555489957,0.030789777636528
1774470530229877200,192.44187719726563,-0.0627646453402936,0.0756126100055407,0.1046031147688627,0.0091115524992346,-0.031556524336338,0.0243856646120548,-0.1553333311833441,0.0030319150418043,-0.0921042832016944,0.0098878610879182,-0.0235494002699852,-0.0943322777748107,-0.0437514634430408,0.0642225890636444,-0.1224338088832795,-0.0500759035348892,0.0128838261589407,0.0363070480525493
1774470530239904300,192.451904296875,-0.0662871203780174,0.0671713284671772,0.1290180095791816,0.0080351224169135,-0.0321724191308021,0.0213431864976882,-0.153831256057322,0.0288315422087907,-0.0488572621494531,0.0132999029010534,-0.0160081274807453,-0.0845502242445945,-0.0572457357883453,0.0920078370898962,-0.1091366665452718,-0.0607117898762226,0.0184091292321681,0.0274309981614351
1774470530249931000,192.4619309082032,-0.0792410022363066,0.0507235400785226,0.1329927584290504,0.0093885408714413,-0.037698745727539,0.0152693139389157,-0.1414241944268345,0.0564484479308128,-0.0354699573099613,0.0176419913768768,-0.0166412647813558,-0.0795278400182724,-0.0282486277543008,0.0486643699258565,-0.082263564927876,-0.0680767595767974,0.0054922658018767,0.0140265095978975
1774470530259958000,192.4719580078125,-0.0917512319803237,0.0290415020149084,0.1172445696771144,0.0104950200766325,-0.0377453006803989,0.0105173327028751,-0.1320038935221731,0.0474912344932556,-0.0435620783507823,0.0186649113893508,-0.0203276127576828,-0.0726957693696022,-0.1001436511419713,0.039297406643629,0.0140551210984587,-0.0642121732234954,-0.0054747709073126,0.0253433920443058
1774470530269985300,192.4819853515625,-0.1009516065239906,-0.0040095473102584,0.105980832862854,0.011758423410356,-0.0351593717932701,0.0071561569347977,-0.1104018641754984,0.0007370821028947,-0.0471487046658992,0.010263618081808,-0.0245495289564132,-0.0668321847915649,-0.099338472238928,0.111773444789648,0.0041432372845709,-0.0545603483915329,-0.0053815599530935,0.0301208347082138
1774470530280012000,192.4920119628906,-0.1044102225452661,-0.0185654438379744,0.1087695867985486,0.0126529689878225,-0.0368272997438907,0.0046189222484827,-0.0987120109036564,-0.0369721785664558,-0.0391062679857015,0.0003673112951219,-0.0267213359475135,-0.0580549389123916,-0.028143706075102,0.121868722346425,-0.0187203364305198,-0.0639888346195221,-0.0248969215899705,0.0077094109728932
1774470530290039000,192.5020390625,-0.0956298269793391,7.5085946649e-06,0.1186257949024438,0.0102545265108346,-0.0384228006005287,-0.0005880901589989,-0.1077364443585276,-0.050388709500432,-0.0218681329369545,-0.0035279113799333,-0.0276162102818489,-0.0544409528374671,0.0107844288647174,-0.0617553221672773,-0.0021117314569652,-0.06600883603096,-0.0460272431373596,0.0008387218695133
1774470530300066300,192.51206640625,-0.1039136711999774,-9.14639760041e-05,0.1060959836751222,0.0096062310039997,-0.0416318960487842,-0.0009351898916065,-0.06888385887295,-0.0540548307925462,0.0106651863992214,-0.002923906315118,-0.0293469987809658,-0.0514638051390647,-0.0376001012064516,-0.1338987673580646,0.0316252645805478,-0.07502081990242,-0.0769802257418632,-0.0065536424517631
1774470530310093000,192.52209301757813,-0.073039224986732,0.0134092723594163,0.0917792890310287,0.008405677974224,-0.0398481115698814,-0.0062833498232066,-0.0485951040819287,-0.0271627322137355,-0.0053390229403972,0.0027317604981362,-0.0292878821492195,-0.0509033799171447,0.007109247483313,-0.1343283909469843,0.0572442744836211,-0.0661165341734886,-0.0974247828125953,-0.0059714755043387
1774470530320120000,192.5321201171875,-0.0361266676530241,0.0192155292190727,0.0684112729251384,0.0082259234040975,-0.0392568968236446,-0.0141795873641967,-0.0610801993846893,-0.0169026194840669,-0.019946224963665,0.0064724362455308,-0.0291283596307039,-0.0521342903375625,0.0259646084703505,-0.0270247850477695,0.0666232204645872,-0.047099482268095,-0.1019938364624977,-0.0038171079941093
1774470530330147000,192.54214697265624,-0.0246000421188771,0.0238914600246818,0.0498497803181409,0.006311111152172,-0.0429158136248588,-0.0188419818878173,-0.0558297315105795,-0.0150385791778564,-0.0353857861578464,0.010230659507215,-0.029059650376439,-0.0527771450579166,0.0646424219109118,0.0726958183765411,-0.0386345588207244,-0.0463524647057056,-0.0980225279927253,-0.0016205324791371
1774470530340174000,192.5521740722656,-0.0344825537078082,0.0315246857163263,0.0493348165333271,0.0035902869421988,-0.0491245463490486,-0.0208524670451879,-0.0656277796864509,-0.0005471124887466,-0.0476075543493032,0.0090375626459717,-0.0317766070365905,-0.0516756623983383,0.0891010097324848,0.1052414126724004,-0.0996729648903012,-0.0536235496401786,-0.1010061427950859,-0.003204540349543
1774470530350201000,192.562201171875,-0.0232088800214231,0.0335621532105491,0.0540133297383785,0.0035098595544695,-0.0579105764627456,-0.0271700173616409,-0.0917712518550455,0.0115852238535881,-0.0876613323181867,0.0043268022127449,-0.0334289819002151,-0.0467462725937366,0.0589887800633907,0.0630991379916667,-0.0391990608356893,-0.0385412722826004,-0.0823791921138763,0.0153832584619522
1774470530360227000,192.57222705078124,-0.0105941669896244,0.0317509322202531,0.0421685781657695,0.0020462793763726,-0.0604424625635147,-0.0363719016313552,-0.0977305986508727,-0.0110252518832683,-0.1358838036954403,-0.0005156232509762,-0.0313029810786247,-0.0435566045343875,-0.029619039324671,0.1730383530914783,-0.0195617556907236,-0.0165606569498777,-0.0538400784134864,0.0421536229550838
1774470530370254000,192.5822541503906,-0.002456160980463,0.0231913603477529,0.0289700738966465,-0.0011828033020719,-0.0692849606275558,-0.0410960838198661,-0.1074082353174686,-0.0491308183938264,-0.1967687727689742,-0.0067780623212456,-0.0250510554760694,-0.0410265773534774,-0.0142810388088226,0.2479816581338643,-0.1106705981142818,-0.0170528087764978,-0.0251860655844211,0.0533066764473915
1774470530380281000,192.5922810058593,0.0137178519681096,0.0195255655659129,0.0197539172619581,-0.0014649252407252,-0.0697240978479385,-0.0501429811120033,-0.1184416705071926,-0.0625584552437066,-0.2301017180502414,-0.0089906165376305,-0.0111975586041808,-0.038418810814619,0.0863994956888258,0.162865334123373,-0.1476866158224642,-0.0353325232863426,0.0053168842568993,0.0494538843631744
1774470530390308000,192.60230810546875,0.0312995397575199,0.0091366274083615,0.0183913967370986,-0.0017256487626582,-0.0714849755167961,-0.0585436522960662,-0.152796067790687,-0.0665162529587745,-0.215406253221631,-0.0068584606051445,0.0013941356446594,-0.0341061204671859,0.107999625339359,0.0012093757897615,-0.0607854542218148,-0.0425542145967483,0.0172078981995582,0.0336163341999053
1774470530400335000,192.61233520507807,0.0590519084274768,-0.0124403245792724,0.0235784439861774,-0.0028058961033821,-0.0689623430371284,-0.0585814267396926,-0.1222165128707885,-0.0726607470631599,-0.1530792686462402,-0.0014754130970686,0.004572085570544,-0.0325540304183959,0.0574000495672225,-0.0458043043196201,0.0208890587717294,-0.0276279244571924,0.0212105307728052,0.0345941595733165
1774470530410362400,192.6223623046875,0.0800371210500597,-0.0270509035864262,0.0360123936235904,-0.0022010919637978,-0.0645361691713333,-0.0581007227301597,-0.0711316377997398,-0.0750847593396902,-0.0986614497601985,0.0048188902437686,0.0019594109617173,-0.0292473565787076,0.0048771045170724,0.0998778398126363,0.0064567749239504,-0.0310729909688234,0.0176022127270698,0.0362842045724391
1774470530420389000,192.63238916015624,0.0863262843221426,-0.0280115835784352,0.0401619145184755,-0.0020173829980194,-0.0592763610184192,-0.0576679855585098,-0.0649143707200884,-0.0834539437562227,-0.0821446147233247,0.0112357772886753,0.0027551632374525,-0.0300202071666717,0.0399732600785791,0.1496691679418086,-0.0436295906290411,-0.0322306528687477,0.0105687454342842,0.0233356449753046
1774470530430416100,192.642416015625,0.0939285760194063,-0.0163092704005306,0.0415904860168695,-0.000969695392996,-0.06054163351655,-0.0578168556094169,-0.0542448004066944,-0.0752951872199773,-0.0752332278996706,0.0078929662704467,0.0046469154767692,-0.0321054570376873,0.0218282393179833,0.0883779561549425,-0.0021017945848405,-0.0357556119561195,0.0086890868842601,0.0192495565861463
1774470530440443100,192.6524431152344,0.0844794874116778,0.0107974915589787,0.0512719220757484,-0.0014844210818409,-0.0628391951322555,-0.0593259744346141,-0.054976621812582,-0.0689461104542017,-0.0814098707079887,0.0066455421037971,0.0052091088145971,-0.0331198535859584,0.0132509651087224,0.0202712191343307,0.0236792740121483,-0.0424092039465904,-0.0030444746371358,0.0116814412176609
1774470530450470100,192.6624702148437,0.0639602848656475,0.0283944043169845,0.0455640658229589,0.0023350846022367,-0.0654847845435142,-0.0600141324102878,-0.0203730720736086,-0.0327297186911106,-0.0409644630730152,7.91028141975e-05,0.0020135892555117,-0.0385451056063175,0.0177963534533977,0.0190168351590633,0.0627583617299795,-0.0334511287510395,-0.0126904444769024,0.0133120939135551
1774470530460497200,192.6724970703125,0.0623470044501125,0.0675751965603325,0.0544137272328138,0.0043933233246207,-0.066494233906269,-0.0592146329581737,0.0035083003818988,-0.0168447518169879,-0.0197205995142459,-0.0020306534133851,-0.0044139502570033,-0.0430341325700283,0.0150885557994246,0.0410842900604009,0.0253906079746782,-0.0341929979622364,-0.022109966725111,0.0069655589759349
1774470530470524200,192.68252416992183,0.0639788434356451,0.093884462883044,0.0479769721835851,0.0041376599110662,-0.0635258704423904,-0.0559448041021823,0.0172609314024448,0.0280488673985004,-0.0171738376408815,-0.0049039311707019,-0.0117419669404625,-0.0501703284680843,0.017434972795099,0.010048515805602,0.0045252223394811,-0.0420959293842315,-0.0317543372511863,-0.0025834715925157
1774470530480551200,192.69255126953124,0.0667563453249633,0.1126297054259572,0.044452305188775,0.0001135028433054,-0.0587711296975612,-0.0484057404100894,0.0132537415876984,0.0501940637111663,-0.0532446834534406,-0.0070166168734431,-0.0130543727427721,-0.0534177869558334,-0.0053346390262246,-0.0510778608083725,0.0440451856926083,-0.042241558432579,-0.03313809633255,-0.0002646674402058
1774470530490578200,192.702578125,0.0564478634089231,0.1194504913567099,0.0274152456700801,-0.0011062248377129,-0.0573242343962192,-0.0444903597235679,-0.0244295078575611,0.0572048192560672,-0.0877712224334478,-0.0072855902835726,-0.0105571737512946,-0.0552852153778076,-0.0459714775800704,-0.0366711497932672,0.0539047547973692,-0.038061998784542,-0.0341714024543762,0.0054190508089959
1774470530500605200,192.7126052246093,0.0401907022215425,0.1232271512180566,0.0183282683730125,-0.0076989154331386,-0.0618498772382736,-0.0417450591921806,-0.073891457901895,0.0632131197601556,-0.0911696327000856,-0.0074198134243488,-0.0046521462500095,-0.0528926290571689,-0.0426711208604276,0.0112462011575698,0.0448106171071529,-0.0363044291734695,-0.0411815717816352,0.0092445109039545
1774470530510632000,192.7226318359375,0.0170166012525558,0.1190296355961356,0.0215431387662887,-0.0076464512385427,-0.0622802451252937,-0.0314138606190681,-0.1027387822017073,0.0632172114133834,-0.0944616599828004,-0.0042573385871946,-0.001294434769079,-0.0519809946417808,-0.0395347225308418,-0.0347615167796611,0.0394347692877054,-0.0324455089867115,-0.0456024184823036,0.0082253189757466
1774470530520659200,192.7326591796875,0.0249970786124467,0.126149578003399,0.0298386734247207,-0.0081200720742344,-0.0639455839991569,-0.0281416680663824,-0.1168248829603195,0.0471048655241727,-0.1077104331344366,-0.0018192147836089,-0.0046774484217166,-0.046602476388216,-0.035832360881567,-0.1086485907673835,0.0652402416735887,-0.0257298219949007,-0.0445498749613761,0.0083520878106355
1774470530530686200,192.7426862792969,0.017401362786442,0.1124097242660354,0.0410030415177345,-0.0086654871702194,-0.0660686567425727,-0.0253136567771434,-0.1280326518036425,0.0260696762800216,-0.0843546919882297,-0.0034310014452785,-0.0062283659353852,-0.0398313514888286,-0.0374397960782051,-0.0992483097374439,0.0814488875441253,-0.0202722065150737,-0.0411263778805732,0.0116354990750551
1774470530540713000,192.752712890625,0.0103629885822534,0.0823484301997348,0.0359171165555715,-0.009457447566092,-0.067638374865055,-0.02085542678833,-0.1209438625864684,-0.0086275430917739,-0.0458849683403968,-0.0044512585736811,-0.0107991499826312,-0.0329963453114032,-0.0364344184279441,-0.036078444597125,0.0824948894657194,-0.0170275252312421,-0.0419027619063854,0.0116277476772665
1774470530550740200,192.762740234375,-0.0108241763532161,0.0430172765501309,0.048892917984724,-0.0094300163909792,-0.0629051402211189,-0.0195976160466671,-0.0842738818369805,-0.0302893398016691,-0.0824362911462783,-0.0078740650787949,-0.0097730867564678,-0.0259963814169168,-0.0191651575885713,0.0096913729310035,0.069041533652693,-0.0173865184187889,-0.0412976928055286,0.0082777570933103
1774470530560767200,192.7727673339844,-0.0127383394114673,0.0142477575937286,0.0643862551927566,-0.0083151012659072,-0.0628392472863197,-0.0193662215024232,-0.0408802919209003,-0.0269242472827434,-0.1140799681663513,-0.0071707246825098,-0.0017156931571662,-0.0233713034540414,-0.0203412156306207,0.0074631754875183,0.0226388250485062,-0.0170924048870801,-0.0349354967474937,0.0042291204445064
1774470530570794000,192.7827939453125,-0.0154278707563877,-0.0082912192429183,0.0616518617928028,-0.006445828359574,-0.066338375210762,-0.0178700573742389,-0.0042296003937721,-0.0409668011605739,-0.1602659652799367,-0.0095540285110473,0.0042751948349177,-0.0229414291679859,0.0023076924204826,-0.0180097039431333,-0.0098996088542044,-0.017245003953576,-0.0254306737333536,-0.0019251783378422
1774470530580821000,192.79282104492188,-0.036370267150551,-0.0337169830126571,0.0707610509216785,-0.0075725256465375,-0.0672271326184272,-0.0184344463050365,-0.0086966628052294,-0.0390174206584692,-0.1553787777602672,-0.0079795680940151,0.0132460528984665,-0.0214058514684438,0.0074551383115351,0.001704465830326,-0.0425182683862745,-0.0187131278216838,-0.0205946564674377,-0.0080374795943498
1774470530590848300,192.80284814453125,-0.0648975657157599,-0.0347883111717528,0.08060556858778,-0.0076223271898925,-0.0667674690485,-0.0234406553208827,-0.017567367003113,-0.0041939445585012,-0.0999333693921565,-0.0051317671313881,0.0137015059590339,-0.0217497441917657,0.0283354292549192,0.0205301623314619,-0.0643691579274833,-0.0274469647556543,-0.0185477510094642,-0.0107786711305379
1774470530600875300,192.81287524414063,-0.0681200348936021,-0.0268491887355572,0.0934627120733261,-0.0060037588700652,-0.0684780478477478,-0.0257457047700881,-0.0231004512108862,0.0050584524333477,-0.0811842452585697,-0.0039695636369287,0.0076382863335311,-0.0190889816731214,0.0247312672831118,0.0229097509443759,-0.0573557720340788,-0.0346855968236923,-0.0121685098856687,-0.0111388284713029
1774470530610902000,192.82290209960937,-0.0395737393669784,-0.010199986890133,0.0796989751368761,-0.0097265914082527,-0.0680077299475669,-0.0257137455046176,-0.0219664787448942,-0.0161316351115703,-0.1042564932882785,-0.0052933571860194,0.0049194074235856,-0.0171257518231868,-0.0233434661865234,0.0581874005526304,-0.0038232115499675,-0.0370576754212379,-0.0057100779376924,-0.0030196495354175
1774470530620929300,192.8329291992188,-0.0588987636923789,0.0127602155998465,0.0928910496652126,-0.0116876978427171,-0.0718809142708778,-0.0261886566877365,-0.0129063894547522,-0.0065302785515785,-0.0921615663468837,-0.0051474161446094,-0.0029534292407333,-0.0132410004734992,-0.0229321089066565,0.0927332287549972,0.0096571784004569,-0.0316559113562107,-0.0034951791167259,0.0054135667160153
1774470530630956300,192.8429562988281,-0.0618714958928525,0.0190528380542062,0.0733534055024385,-0.0102445306256413,-0.0724668055772781,-0.0299623534083366,-0.0029192484475672,0.0011316343784332,-0.0905149681836366,-0.0068841152824461,-0.0059162466786801,-0.015590127557516,-0.0019008651852607,0.12366846524477,0.0022236673988401,-0.0307397805154323,-0.0074563650414347,0.0113332411274313
1774470530640983000,192.85298315429688,-0.0641945320129394,0.0256726329365861,0.0698398444235324,-0.0130132175981998,-0.0739751756191253,-0.02810038626194,-0.0233832136750221,0.0075794953435659,-0.1033563295781612,-0.012407511472702,-0.0030203256756067,-0.0152577646076679,0.0037305648304522,0.0851835440278053,0.0084881346210837,-0.023793026804924,-0.0089301681146025,0.0151592483744025
1774470530651010000,192.8630100097656,-0.0710052349410951,0.02829246232945,0.0595855769127607,-0.0121383694931864,-0.0730462670326232,-0.0239019133150577,-0.0465045615434646,-0.0003559738308191,-0.1272428166002035,-0.0095831053331494,-0.0005561575526371,-0.014458137564361,-0.0051493455871939,0.0301765270769596,-0.013025193528831,-0.0201492886990308,-0.0106748044490814,0.0161667205393314
1774470530661036300,192.8730363769532,-0.0731609516702592,0.0221380656022694,0.0563052400678396,-0.0154553167521953,-0.0661168843507766,-0.0220529660582542,-0.0417503527536988,0.0151174896329641,-0.1020516767203807,-0.009174576960504,0.0030436371453106,-0.0148629369214177,-0.0116672030486166,0.020298691663146,-0.0608184797085821,-0.0200013034045696,-0.0187356621026992,0.0116998795419931
